solid OpenSCAD_Model
  facet normal 0 0 -1
    outer loop
      vertex -20.901264 90.583372 0
      vertex -18.135672 91.745908 0
      vertex -20.594424 89.884372 0
    endloop
  endfacet
  facet normal 0 0 -1
    outer loop
      vertex -20.594424 89.884372 0
      vertex -17.866716 91.133212 0
      vertex -20.265792 89.195356 0
    endloop
  endfacet
  facet normal 0 0 -1
    outer loop
      vertex -20.265792 89.195356 0
      vertex -17.578644 90.529264 0
      vertex -19.915668 88.517008 0
    endloop
  endfacet
  facet normal -0.9950548707714464 -0.09932675447239564 2.3593471847833072e-8
    outer loop
      vertex -22.6389408 97.207024 0
      vertex -22.6422324 97.24 3.24
      vertex -22.71476436 97.966624 0
    endloop
  endfacet
  facet normal -0.9976840932142746 -0.06801801340241129 0
    outer loop
      vertex -22.71476436 97.966624 0
      vertex -22.766687400000002 98.728228 3.24
      vertex -22.766687400000002 98.728228 0
    endloop
  endfacet
  facet normal 0 0 -1
    outer loop
      vertex -24.324360000000002 101.83732 0
      vertex -24.410508 102.158836 0
      vertex -23.207386800000002 102.414568 0
    endloop
  endfacet
  facet normal 0 0 -1
    outer loop
      vertex -24.324360000000002 101.83732 0
      vertex -23.1545592 102.21742 0
      vertex -24.205068 101.52658 0
    endloop
  endfacet
  facet normal 0 0 -1
    outer loop
      vertex -24.053964 101.23 0
      vertex -22.988748 101.845 0
      vertex -23.8726728 100.9508428 0
    endloop
  endfacet
  facet normal 0 0 -1
    outer loop
      vertex -23.8726728 100.9508428 0
      vertex -22.877582880000002 101.67382 0
      vertex -23.663200800000002 100.6921636 0
    endloop
  endfacet
  facet normal 0 0 -1
    outer loop
      vertex -24.205068 101.52658 0
      vertex -23.081412 102.02686 0
      vertex -24.053964 101.23 0
    endloop
  endfacet
  facet normal 0 0 -1
    outer loop
      vertex -24.324360000000002 101.83732 0
      vertex -23.207386800000002 102.414568 0
      vertex -23.1545592 102.21742 0
    endloop
  endfacet
  facet normal 0 0 -1
    outer loop
      vertex -24.205068 101.52658 0
      vertex -23.1545592 102.21742 0
      vertex -23.081412 102.02686 0
    endloop
  endfacet
  facet normal 0 0 -1
    outer loop
      vertex -23.427834 100.4567992 0
      vertex -23.663200800000002 100.6921636 0
      vertex -22.749133320000002 101.515192 0
    endloop
  endfacet
  facet normal 0 0 -1
    outer loop
      vertex -24.053964 101.23 0
      vertex -23.081412 102.02686 0
      vertex -22.988748 101.845 0
    endloop
  endfacet
  facet normal 0 0 -1
    outer loop
      vertex -23.8726728 100.9508428 0
      vertex -22.988748 101.845 0
      vertex -22.877582880000002 101.67382 0
    endloop
  endfacet
  facet normal 0 0 -1
    outer loop
      vertex -24.462576000000002 102.4876 0
      vertex -24.48 102.82 0
      vertex -23.25 102.82 0
    endloop
  endfacet
  facet normal 0 0 -1
    outer loop
      vertex -24.410508 102.158836 0
      vertex -24.462576000000002 102.4876 0
      vertex -23.2393164 102.616168 0
    endloop
  endfacet
  facet normal 0 0 -1
    outer loop
      vertex -24.48 102.82 0
      vertex -24.462576000000002 103.1524 0
      vertex -23.25 102.82 0
    endloop
  endfacet
  facet normal 0 0 -1
    outer loop
      vertex -24.462576000000002 103.1524 0
      vertex -24.410508 103.481164 0
      vertex -23.2393164 103.023832 0
    endloop
  endfacet
  facet normal 0 0 -1
    outer loop
      vertex -24.410508 103.481164 0
      vertex -24.324360000000002 103.802668 0
      vertex -23.207386800000002 103.225432 0
    endloop
  endfacet
  facet normal 0 0 -1
    outer loop
      vertex -24.324360000000002 103.802668 0
      vertex -24.205068 104.11342 0
      vertex -23.1545592 103.42258 0
    endloop
  endfacet
  facet normal 0 0 -1
    outer loop
      vertex -24.462576000000002 102.4876 0
      vertex -23.25 102.82 0
      vertex -23.2393164 102.616168 0
    endloop
  endfacet
  facet normal 0 0 -1
    outer loop
      vertex -24.462576000000002 103.1524 0
      vertex -23.2393164 103.023832 0
      vertex -23.25 102.82 0
    endloop
  endfacet
  facet normal 0 0 -1
    outer loop
      vertex -24.410508 102.158836 0
      vertex -23.2393164 102.616168 0
      vertex -23.207386800000002 102.414568 0
    endloop
  endfacet
  facet normal 0 0 -1
    outer loop
      vertex -24.205068 104.11342 0
      vertex -24.053964 104.41 0
      vertex -23.081412 103.61314 0
    endloop
  endfacet
  facet normal 0 0 -1
    outer loop
      vertex -24.410508 103.481164 0
      vertex -23.207386800000002 103.225432 0
      vertex -23.2393164 103.023832 0
    endloop
  endfacet
  facet normal 0 0 -1
    outer loop
      vertex -24.324360000000002 103.802668 0
      vertex -23.1545592 103.42258 0
      vertex -23.207386800000002 103.225432 0
    endloop
  endfacet
  facet normal 0 0 -1
    outer loop
      vertex -24.205068 104.11342 0
      vertex -23.081412 103.61314 0
      vertex -23.1545592 103.42258 0
    endloop
  endfacet
  facet normal 0 0 -1
    outer loop
      vertex -24.053964 104.41 0
      vertex -22.988748 103.795 0
      vertex -23.081412 103.61314 0
    endloop
  endfacet
  facet normal 0 0 -1
    outer loop
      vertex -23.8726728 104.689156 0
      vertex -22.877582880000002 103.96618 0
      vertex -22.988748 103.795 0
    endloop
  endfacet
  facet normal 0 0 -1
    outer loop
      vertex -24.053964 104.41 0
      vertex -23.8726728 104.689156 0
      vertex -22.988748 103.795 0
    endloop
  endfacet
  facet normal 0 0 -1
    outer loop
      vertex -23.8726728 104.689156 0
      vertex -23.663200800000002 104.94784 0
      vertex -22.877582880000002 103.96618 0
    endloop
  endfacet
  facet normal 0 0 -1
    outer loop
      vertex -23.663200800000002 104.94784 0
      vertex -23.427834 105.183196 0
      vertex -22.749133320000002 104.124808 0
    endloop
  endfacet
  facet normal 0 0 -1
    outer loop
      vertex -22.8 100 0
      vertex -22.8 100.02018136 0
      vertex -22.797322068 100 0
    endloop
  endfacet
  facet normal 0 0 -1
    outer loop
      vertex -22.889999760000002 100.06603816 0
      vertex -22.275001200000002 101.1312496 0
      vertex -22.8 100.02018136 0
    endloop
  endfacet
  facet normal 0 0 -1
    outer loop
      vertex -23.427834 100.4567992 0
      vertex -22.6048044 101.370868 0
      vertex -23.1691572 100.2473248 0
    endloop
  endfacet
  facet normal 0 0 -1
    outer loop
      vertex -23.663200800000002 100.6921636 0
      vertex -22.877582880000002 101.67382 0
      vertex -22.749133320000002 101.515192 0
    endloop
  endfacet
  facet normal 0 0 -1
    outer loop
      vertex -23.1691572 100.2473248 0
      vertex -22.4461824 101.24242 0
      vertex -22.889999760000002 100.06603816 0
    endloop
  endfacet
  facet normal 0 0 -1
    outer loop
      vertex -23.427834 100.4567992 0
      vertex -22.749133320000002 101.515192 0
      vertex -22.6048044 101.370868 0
    endloop
  endfacet
  facet normal 0 0 -1
    outer loop
      vertex -23.1691572 100.2473248 0
      vertex -22.6048044 101.370868 0
      vertex -22.4461824 101.24242 0
    endloop
  endfacet
  facet normal 0 0 -1
    outer loop
      vertex -22.889999760000002 100.06603816 0
      vertex -22.4461824 101.24242 0
      vertex -22.275001200000002 101.1312496 0
    endloop
  endfacet
  facet normal 0 0 -1
    outer loop
      vertex -22.794667056 99.4910968 0
      vertex -22.797322068 100 0
      vertex -21.503832 100.8806812 0
    endloop
  endfacet
  facet normal 0 0 -1
    outer loop
      vertex -22.797322068 100 0
      vertex -22.8 100.02018136 0
      vertex -21.705428400000002 100.9126108 0
    endloop
  endfacet
  facet normal 0 0 -1
    outer loop
      vertex -22.794667056 99.4910968 0
      vertex -19.79532 99.5539156 0
      vertex -22.766687400000002 98.728228 0
    endloop
  endfacet
  facet normal 0 0 -1
    outer loop
      vertex -22.794667056 99.4910968 0
      vertex -21.503832 100.8806812 0
      vertex -21.3 100.8699988 0
    endloop
  endfacet
  facet normal 0 0 -1
    outer loop
      vertex -22.8 100.02018136 0
      vertex -22.275001200000002 101.1312496 0
      vertex -22.093137600000002 101.0385856 0
    endloop
  endfacet
  facet normal 0 0 -1
    outer loop
      vertex -22.8 100.02018136 0
      vertex -22.093137600000002 101.0385856 0
      vertex -21.9025836 100.9654396 0
    endloop
  endfacet
  facet normal 0 0 -1
    outer loop
      vertex -22.8 100.02018136 0
      vertex -21.9025836 100.9654396 0
      vertex -21.705428400000002 100.9126108 0
    endloop
  endfacet
  facet normal 0 0 -1
    outer loop
      vertex -22.797322068 100 0
      vertex -21.705428400000002 100.9126108 0
      vertex -21.503832 100.8806812 0
    endloop
  endfacet
  facet normal 0 0 -1
    outer loop
      vertex -23.663200800000002 104.94784 0
      vertex -22.749133320000002 104.124808 0
      vertex -22.877582880000002 103.96618 0
    endloop
  endfacet
  facet normal 0 0 -1
    outer loop
      vertex -23.427834 105.183196 0
      vertex -23.1691572 105.392668 0
      vertex -22.6048044 104.269132 0
    endloop
  endfacet
  facet normal 0 0 -1
    outer loop
      vertex -23.427834 105.183196 0
      vertex -22.6048044 104.269132 0
      vertex -22.749133320000002 104.124808 0
    endloop
  endfacet
  facet normal 0 0 -1
    outer loop
      vertex -23.1691572 105.392668 0
      vertex -22.889999760000002 105.573964 0
      vertex -22.4461824 104.39758 0
    endloop
  endfacet
  facet normal 0 0 -1
    outer loop
      vertex -23.1691572 105.392668 0
      vertex -22.4461824 104.39758 0
      vertex -22.6048044 104.269132 0
    endloop
  endfacet
  facet normal 0 0 -1
    outer loop
      vertex -22.889999760000002 105.573964 0
      vertex -22.275000000000002 104.508748 0
      vertex -22.4461824 104.39758 0
    endloop
  endfacet
  facet normal 0 0 -1
    outer loop
      vertex -22.889999760000002 105.573964 0
      vertex -22.5934224 105.72508 0
      vertex -22.275000000000002 104.508748 0
    endloop
  endfacet
  facet normal 0 0 -1
    outer loop
      vertex -22.5934224 105.72508 0
      vertex -22.093137600000002 104.601412 0
      vertex -22.275000000000002 104.508748 0
    endloop
  endfacet
  facet normal 0 0 -1
    outer loop
      vertex -22.5934224 105.72508 0
      vertex -22.282674 105.84436 0
      vertex -22.093137600000002 104.601412 0
    endloop
  endfacet
  facet normal 0 0 -1
    outer loop
      vertex -22.282674 105.84436 0
      vertex -21.9025836 104.674564 0
      vertex -22.093137600000002 104.601412 0
    endloop
  endfacet
  facet normal 0 0 -1
    outer loop
      vertex -22.282674 105.84436 0
      vertex -22.0859628 105.897064 0
      vertex -21.9025836 104.674564 0
    endloop
  endfacet
  facet normal 0 0 -1
    outer loop
      vertex -21.9025836 104.674564 0
      vertex -22.0859628 105.897064 0
      vertex -21.705428400000002 104.727388 0
    endloop
  endfacet
  facet normal 0 0 -1
    outer loop
      vertex -22.0859628 105.897064 0
      vertex -21.9708204 105.941272 0
      vertex -21.705428400000002 104.727388 0
    endloop
  endfacet
  facet normal 0 0 -1
    outer loop
      vertex -21.9708204 105.941272 0
      vertex -21.8494944 105.97378 0
      vertex -21.705428400000002 104.727388 0
    endloop
  endfacet
  facet normal -0.9659272927829227 -0.25881357201092386 0
    outer loop
      vertex -24.324360000000002 101.83732 0
      vertex -24.410508 102.158836 3.24
      vertex -24.410508 102.158836 0
    endloop
  endfacet
  facet normal -0.9335702844108251 -0.3583943694662227 0
    outer loop
      vertex -24.324360000000002 101.83732 0
      vertex -24.205068 101.52658 0
      vertex -24.324360000000002 101.83732 3.24
    endloop
  endfacet
  facet normal -0.8910199620378332 -0.4539641255100434 0
    outer loop
      vertex -24.205068 101.52658 0
      vertex -24.053964 101.23 0
      vertex -24.205068 101.52658 3.24
    endloop
  endfacet
  facet normal -0.8386645372823954 -0.544648321309178 0
    outer loop
      vertex -24.053964 101.23 0
      vertex -23.8726728 100.9508428 0
      vertex -24.053964 101.23 3.24
    endloop
  endfacet
  facet normal -0.7771493201421134 -0.6293162433964746 0
    outer loop
      vertex -23.8726728 100.9508428 0
      vertex -23.663200800000002 100.6921636 0
      vertex -23.8726728 100.9508428 3.24
    endloop
  endfacet
  facet normal -0.6293241244895983 -0.7771429381622151 0
    outer loop
      vertex -23.427834 100.4567992 0
      vertex -23.1691572 100.2473248 0
      vertex -23.1691572 100.2473248 3.24
    endloop
  endfacet
  facet normal -0.7071031760280074 -0.707110386326707 0
    outer loop
      vertex -23.427834 100.4567992 0
      vertex -23.427834 100.4567992 3.24
      vertex -23.663200800000002 100.6921636 0
    endloop
  endfacet
  facet normal 0.9659234345518327 0.2588279710224364 0
    outer loop
      vertex -23.1545592 102.21742 0
      vertex -23.207386800000002 102.414568 0
      vertex -23.1545592 102.21742 3.24
    endloop
  endfacet
  facet normal -0.987689780511564 -0.1564253734948992 0
    outer loop
      vertex -24.410508 102.158836 0
      vertex -24.462576000000002 102.4876 3.24
      vertex -24.462576000000002 102.4876 0
    endloop
  endfacet
  facet normal -0.9986289609269594 -0.05234690437782808 0
    outer loop
      vertex -24.462576000000002 102.4876 0
      vertex -24.48 102.82 3.24
      vertex -24.48 102.82 0
    endloop
  endfacet
  facet normal -0.9986289609269594 0.052346904377825854 0
    outer loop
      vertex -24.48 102.82 0
      vertex -24.462576000000002 103.1524 3.24
      vertex -24.462576000000002 103.1524 0
    endloop
  endfacet
  facet normal -0.987689780511564 0.1564253734948992 0
    outer loop
      vertex -24.462576000000002 103.1524 0
      vertex -24.410508 103.481164 3.24
      vertex -24.410508 103.481164 0
    endloop
  endfacet
  facet normal -0.9659248777677014 0.25882258500650823 0
    outer loop
      vertex -24.410508 103.481164 0
      vertex -24.324360000000002 103.802668 3.24
      vertex -24.324360000000002 103.802668 0
    endloop
  endfacet
  facet normal -0.933574914949705 0.358382307287415 0
    outer loop
      vertex -24.324360000000002 103.802668 0
      vertex -24.205068 104.11342 3.24
      vertex -24.205068 104.11342 0
    endloop
  endfacet
  facet normal -0.8910199620378332 0.4539641255100434 0
    outer loop
      vertex -24.205068 104.11342 0
      vertex -24.053964 104.41 3.24
      vertex -24.053964 104.41 0
    endloop
  endfacet
  facet normal -0.8386634678459013 0.5446499680535077 0
    outer loop
      vertex -24.053964 104.41 0
      vertex -23.8726728 104.689156 3.24
      vertex -23.8726728 104.689156 0
    endloop
  endfacet
  facet normal 0.9876888728716682 0.1564311043414751 0
    outer loop
      vertex -23.207386800000002 102.414568 0
      vertex -23.2393164 102.616168 0
      vertex -23.207386800000002 102.414568 3.24
    endloop
  endfacet
  facet normal 0.9986292229790905 0.052341904934553894 0
    outer loop
      vertex -23.2393164 102.616168 0
      vertex -23.25 102.82 0
      vertex -23.2393164 102.616168 3.24
    endloop
  endfacet
  facet normal 0.9986292229790841 -0.05234190493454991 -1.155358146422666e-7
    outer loop
      vertex -23.25 102.82 0
      vertex -23.2393164 103.023832 0
      vertex -23.2468548 102.88 3.24
    endloop
  endfacet
  facet normal 0.9876888728716682 -0.1564311043414751 0
    outer loop
      vertex -23.2393164 103.023832 0
      vertex -23.207386800000002 103.225432 0
      vertex -23.2393164 103.023832 3.24
    endloop
  endfacet
  facet normal 0.9659234345518327 -0.2588279710224364 0
    outer loop
      vertex -23.207386800000002 103.225432 0
      vertex -23.1545592 103.42258 0
      vertex -23.207386800000002 103.225432 3.24
    endloop
  endfacet
  facet normal 0.9335835907476784 -0.3583597062822094 0
    outer loop
      vertex -23.1545592 103.42258 0
      vertex -23.081412 103.61314 0
      vertex -23.1545592 103.42258 3.24
    endloop
  endfacet
  facet normal -0.7771550311765907 0.6293091907138434 0
    outer loop
      vertex -23.8726728 104.689156 0
      vertex -23.663200800000002 104.94784 3.24
      vertex -23.663200800000002 104.94784 0
    endloop
  endfacet
  facet normal -0.7070905575389033 0.7071230044619699 0
    outer loop
      vertex -23.663200800000002 104.94784 0
      vertex -23.663200800000002 104.94784 3.24
      vertex -23.427834 105.183196 0
    endloop
  endfacet
  facet normal -0.629319769776342 0.7771464645512371 -0.0000020407440579765306
    outer loop
      vertex -23.427834 105.183196 0
      vertex -23.400000000000002 105.205744 3.24
      vertex -23.1691572 105.392668 0
    endloop
  endfacet
  facet normal -0.9993280806455174 -0.036652247316447485 0
    outer loop
      vertex -22.794667056 99.4910968 0
      vertex -22.766687400000002 98.728228 0
      vertex -22.794667056 99.4910968 3.24
    endloop
  endfacet
  facet normal -0.5446383562080742 -0.838671008767423 0
    outer loop
      vertex -23.1691572 100.2473248 0
      vertex -22.889999760000002 100.06603816 0
      vertex -22.889999760000002 100.06603816 3.24
    endloop
  endfacet
  facet normal -0.9999863910771505 -0.0052170547721937625 0
    outer loop
      vertex -22.794667056 99.4910968 0
      vertex -22.797322068 100 3.24
      vertex -22.797322068 100 0
    endloop
  endfacet
  facet normal 0 -1 0
    outer loop
      vertex -22.8 100 0
      vertex -22.797322068 100 0
      vertex -22.797322068 100 3.24
    endloop
  endfacet
  facet normal -0.45398760607044386 -0.8910079985804996 0
    outer loop
      vertex -22.889999760000002 100.06603816 0
      vertex -22.8 100.02018136 0
      vertex -22.8 100.02018136 3.24
    endloop
  endfacet
  facet normal -1 0 0
    outer loop
      vertex -22.8 100 0
      vertex -22.8 100.02018136 3.24
      vertex -22.8 100.02018136 0
    endloop
  endfacet
  facet normal 0.9335835907476784 0.3583597062822094 0
    outer loop
      vertex -23.1545592 102.21742 0
      vertex -23.081412 102.02686 3.24
      vertex -23.081412 102.02686 0
    endloop
  endfacet
  facet normal 0.891003151549126 0.4539971188559735 0
    outer loop
      vertex -22.988748 101.845 0
      vertex -23.081412 102.02686 0
      vertex -22.988748 101.845 3.24
    endloop
  endfacet
  facet normal 0.8386716237891566 0.5446374091548059 0
    outer loop
      vertex -22.988748 101.845 0
      vertex -22.877582880000002 101.67382 3.24
      vertex -22.877582880000002 101.67382 0
    endloop
  endfacet
  facet normal 0.7771576102114423 0.6293060057638413 0
    outer loop
      vertex -22.877582880000002 101.67382 0
      vertex -22.749133320000002 101.515192 3.24
      vertex -22.749133320000002 101.515192 0
    endloop
  endfacet
  facet normal 0.6293157663619311 0.777149706432612 0
    outer loop
      vertex -22.6048044 101.370868 0
      vertex -22.6048044 101.370868 3.24
      vertex -22.4461824 101.24242 0
    endloop
  endfacet
  facet normal 0.707094728666809 0.7071188335008562 0
    outer loop
      vertex -22.6048044 101.370868 0
      vertex -22.749133320000002 101.515192 0
      vertex -22.749133320000002 101.515192 3.24
    endloop
  endfacet
  facet normal 0.544652918497463 0.8386615517431306 0
    outer loop
      vertex -22.4461824 101.24242 0
      vertex -22.4461824 101.24242 3.24
      vertex -22.275001200000002 101.1312496 0
    endloop
  endfacet
  facet normal 0.45398998423424775 0.8910067868512492 0
    outer loop
      vertex -22.275001200000002 101.1312496 0
      vertex -22.275001200000002 101.1312496 3.24
      vertex -22.093137600000002 101.0385856 0
    endloop
  endfacet
  facet normal 0.3583644167540096 0.9335817826010523 0
    outer loop
      vertex -22.093137600000002 101.0385856 0
      vertex -22.093137600000002 101.0385856 3.24
      vertex -21.9025836 100.9654396 0
    endloop
  endfacet
  facet normal 0.25882463729598404 0.9659243278479956 0
    outer loop
      vertex -21.9025836 100.9654396 0
      vertex -21.9025836 100.9654396 3.24
      vertex -21.705428400000002 100.9126108 0
    endloop
  endfacet
  facet normal 0.891003151549126 -0.4539971188559735 0
    outer loop
      vertex -23.081412 103.61314 0
      vertex -22.988748 103.795 0
      vertex -23.081412 103.61314 3.24
    endloop
  endfacet
  facet normal 0.8386716237891566 -0.5446374091548059 0
    outer loop
      vertex -22.988748 103.795 0
      vertex -22.877582880000002 103.96618 0
      vertex -22.988748 103.795 3.24
    endloop
  endfacet
  facet normal 0.7771576102114423 -0.6293060057638413 0
    outer loop
      vertex -22.877582880000002 103.96618 0
      vertex -22.749133320000002 104.124808 0
      vertex -22.877582880000002 103.96618 3.24
    endloop
  endfacet
  facet normal -0.5446581346263277 0.8386581642036097 0
    outer loop
      vertex -23.1691572 105.392668 0
      vertex -23.1691572 105.392668 3.24
      vertex -22.889999760000002 105.573964 0
    endloop
  endfacet
  facet normal -0.45399595521511277 0.8910037444636904 0
    outer loop
      vertex -22.889999760000002 105.573964 0
      vertex -22.889999760000002 105.573964 3.24
      vertex -22.5934224 105.72508 0
    endloop
  endfacet
  facet normal 0.707094728666809 -0.7071188335008562 0
    outer loop
      vertex -22.749133320000002 104.124808 0
      vertex -22.6048044 104.269132 0
      vertex -22.6048044 104.269132 3.24
    endloop
  endfacet
  facet normal 0.6293157663619311 -0.777149706432612 0
    outer loop
      vertex -22.6048044 104.269132 0
      vertex -22.4461824 104.39758 0
      vertex -22.4461824 104.39758 3.24
    endloop
  endfacet
  facet normal -0.3583545044032604 0.9335855874925949 0
    outer loop
      vertex -22.5934224 105.72508 0
      vertex -22.5934224 105.72508 3.24
      vertex -22.282674 105.84436 0
    endloop
  endfacet
  facet normal 0.5446419627882592 -0.8386686666199903 0
    outer loop
      vertex -22.4461824 104.39758 0
      vertex -22.275000000000002 104.508748 0
      vertex -22.275000000000002 104.508748 3.24
    endloop
  endfacet
  facet normal 0.453992362419808 -0.8910055751029181 0
    outer loop
      vertex -22.275000000000002 104.508748 0
      vertex -22.093137600000002 104.601412 0
      vertex -22.093137600000002 104.601412 3.24
    endloop
  endfacet
  facet normal -0.2587979373767192 0.9659314818399676 0
    outer loop
      vertex -22.282674 105.84436 0
      vertex -22.282674 105.84436 3.24
      vertex -22.0859628 105.897064 0
    endloop
  endfacet
  facet normal 0.35839003700756994 -0.9335719476150259 0
    outer loop
      vertex -22.093137600000002 104.601412 0
      vertex -21.9025836 104.674564 0
      vertex -21.9025836 104.674564 3.24
    endloop
  endfacet
  facet normal 0.25880269579774495 -0.9659302069237817 0
    outer loop
      vertex -21.9025836 104.674564 0
      vertex -21.705428400000002 104.727388 0
      vertex -21.705428400000002 104.727388 3.24
    endloop
  endfacet
  facet normal -0.35843136221829525 0.9335560821816423 0
    outer loop
      vertex -22.0859628 105.897064 0
      vertex -22.0859628 105.897064 3.24
      vertex -21.9708204 105.941272 0
    endloop
  endfacet
  facet normal -0.25881010371601126 0.9659282220820072 0
    outer loop
      vertex -21.9708204 105.941272 0
      vertex -21.9708204 105.941272 3.24
      vertex -21.8494944 105.97378 0
    endloop
  endfacet
  facet normal -0.1563947750454592 0.9876946260552804 0
    outer loop
      vertex -21.8494944 105.97378 0
      vertex -21.8494944 105.97378 3.24
      vertex -21.725434800000002 105.993424 0
    endloop
  endfacet
  facet normal 0 0 -1
    outer loop
      vertex -22.0985532 94.20364000000001 0
      vertex -22.2689664 94.947748 0
      vertex -19.334532 95.571484 0
    endloop
  endfacet
  facet normal 0 0 -1
    outer loop
      vertex -21.448332 92.00854 0
      vertex -18.615204000000002 92.995132 0
      vertex -21.186 91.291648 0
    endloop
  endfacet
  facet normal 0 0 -1
    outer loop
      vertex -21.448332 92.00854 0
      vertex -21.688032 92.733292 0
      vertex -18.825300000000002 93.630436 0
    endloop
  endfacet
  facet normal 0 0 -1
    outer loop
      vertex -21.9048384 93.465244 0
      vertex -19.015344 94.272004 0
      vertex -21.688032 92.733292 0
    endloop
  endfacet
  facet normal 0 0 -1
    outer loop
      vertex -21.9048384 93.465244 0
      vertex -22.0985532 94.20364000000001 0
      vertex -19.185156 94.919236 0
    endloop
  endfacet
  facet normal 0 0 -1
    outer loop
      vertex -22.539312000000002 96.450172 0
      vertex -19.571496 96.888436 0
      vertex -22.41594 95.696836 0
    endloop
  endfacet
  facet normal 0 0 -1
    outer loop
      vertex -22.41594 95.696836 0
      vertex -19.463352 96.228088 0
      vertex -22.2689664 94.947748 0
    endloop
  endfacet
  facet normal 0 0 -1
    outer loop
      vertex -22.539312000000002 96.450172 0
      vertex -22.6389408 97.207024 0
      vertex -19.658820000000002 97.551832 0
    endloop
  endfacet
  facet normal 0 0 -1
    outer loop
      vertex -22.6389408 97.207024 0
      vertex -22.71476436 97.966624 0
      vertex -19.725276 98.217664 0
    endloop
  endfacet
  facet normal 0 0 -1
    outer loop
      vertex -22.71476436 97.966624 0
      vertex -22.766687400000002 98.728228 0
      vertex -19.770792 98.8852396 0
    endloop
  endfacet
  facet normal 0 0 -1
    outer loop
      vertex -22.41594 95.696836 0
      vertex -19.571496 96.888436 0
      vertex -19.463352 96.228088 0
    endloop
  endfacet
  facet normal 0 0 -1
    outer loop
      vertex -22.539312000000002 96.450172 0
      vertex -19.658820000000002 97.551832 0
      vertex -19.571496 96.888436 0
    endloop
  endfacet
  facet normal 0 0 -1
    outer loop
      vertex -22.6389408 97.207024 0
      vertex -19.725276 98.217664 0
      vertex -19.658820000000002 97.551832 0
    endloop
  endfacet
  facet normal 0 0 -1
    outer loop
      vertex -22.71476436 97.966624 0
      vertex -19.770792 98.8852396 0
      vertex -19.725276 98.217664 0
    endloop
  endfacet
  facet normal 0 0 -1
    outer loop
      vertex -20.901264 90.583372 0
      vertex -21.186 91.291648 0
      vertex -18.385248 92.366752 0
    endloop
  endfacet
  facet normal 0 0 -1
    outer loop
      vertex -22.0985532 94.20364000000001 0
      vertex -19.334532 95.571484 0
      vertex -19.185156 94.919236 0
    endloop
  endfacet
  facet normal 0 0 -1
    outer loop
      vertex -21.688032 92.733292 0
      vertex -19.015344 94.272004 0
      vertex -18.825300000000002 93.630436 0
    endloop
  endfacet
  facet normal 0 0 -1
    outer loop
      vertex -21.9048384 93.465244 0
      vertex -19.185156 94.919236 0
      vertex -19.015344 94.272004 0
    endloop
  endfacet
  facet normal 0 0 -1
    outer loop
      vertex -21.448332 92.00854 0
      vertex -18.825300000000002 93.630436 0
      vertex -18.615204000000002 92.995132 0
    endloop
  endfacet
  facet normal 0 0 -1
    outer loop
      vertex -21.186 91.291648 0
      vertex -18.615204000000002 92.995132 0
      vertex -18.385248 92.366752 0
    endloop
  endfacet
  facet normal 0 0 -1
    outer loop
      vertex -20.901264 90.583372 0
      vertex -18.385248 92.366752 0
      vertex -18.135672 91.745908 0
    endloop
  endfacet
  facet normal 0 0 -1
    outer loop
      vertex -22.2689664 94.947748 0
      vertex -19.463352 96.228088 0
      vertex -19.334532 95.571484 0
    endloop
  endfacet
  facet normal 0.9976837452380451 0.06802311730424787 0
    outer loop
      vertex -19.725276 98.217664 0
      vertex -19.770792 98.8852396 0
      vertex -19.725276 98.217664 3.24
    endloop
  endfacet
  facet normal 0.9914475185798324 0.13050600713972785 -0.0000015291093651017031
    outer loop
      vertex -19.571496 96.888436 0
      vertex -19.658820000000002 97.551832 0
      vertex -19.617768 97.24 3.24
    endloop
  endfacet
  facet normal 0.995055993665323 0.09931550468439784 0
    outer loop
      vertex -19.725276 98.217664 0
      vertex -19.658820000000002 97.551832 3.24
      vertex -19.658820000000002 97.551832 0
    endloop
  endfacet
  facet normal 0 0 -1
    outer loop
      vertex -22.794667056 99.4910968 0
      vertex -21.3 100.8699988 0
      vertex -19.79532 99.5539156 0
    endloop
  endfacet
  facet normal 0 0 -1
    outer loop
      vertex -22.766687400000002 98.728228 0
      vertex -19.79532 99.5539156 0
      vertex -19.770792 98.8852396 0
    endloop
  endfacet
  facet normal 0 0 -1
    outer loop
      vertex -21.3 100.8699988 0
      vertex -21.096168000000002 100.8806812 0
      vertex -19.79532 99.5539156 0
    endloop
  endfacet
  facet normal 0 0 -1
    outer loop
      vertex -21.096168000000002 100.8806812 0
      vertex -20.894568 100.9126108 0
      vertex -19.8 100.00000228882 0
    endloop
  endfacet
  facet normal 0 0 -1
    outer loop
      vertex -20.894568 100.9126108 0
      vertex -20.69742 100.9654396 0
      vertex -19.8 100.02018148 0
    endloop
  endfacet
  facet normal 0 0 -1
    outer loop
      vertex -21.8494944 105.97378 0
      vertex -21.503832 104.75932 0
      vertex -21.705428400000002 104.727388 0
    endloop
  endfacet
  facet normal 0 0 -1
    outer loop
      vertex -21.8494944 105.97378 0
      vertex -21.725434800000002 105.993424 0
      vertex -21.503832 104.75932 0
    endloop
  endfacet
  facet normal 0 0 -1
    outer loop
      vertex -21.503832 104.75932 0
      vertex -21.725434800000002 105.993424 0
      vertex -21.6 106 0
    endloop
  endfacet
  facet normal 0 0 -1
    outer loop
      vertex -21.503832 104.75932 0
      vertex -21.6 106 0
      vertex -21.3 104.77 0
    endloop
  endfacet
  facet normal 0 0 -1
    outer loop
      vertex -21.6 106 0
      vertex -21 106 0
      vertex -21.3 104.77 0
    endloop
  endfacet
  facet normal 0 0 -1
    outer loop
      vertex -21.3 104.77 0
      vertex -21 106 0
      vertex -21.096168000000002 104.75932 0
    endloop
  endfacet
  facet normal 0 0 -1
    outer loop
      vertex -21.096168000000002 104.75932 0
      vertex -20.750508 105.97378 0
      vertex -20.894568 104.727388 0
    endloop
  endfacet
  facet normal 0 0 -1
    outer loop
      vertex -21.096168000000002 104.75932 0
      vertex -21 106 0
      vertex -20.874564 105.993424 0
    endloop
  endfacet
  facet normal 0 0 -1
    outer loop
      vertex -21.096168000000002 104.75932 0
      vertex -20.874564 105.993424 0
      vertex -20.750508 105.97378 0
    endloop
  endfacet
  facet normal 0 0 -1
    outer loop
      vertex -20.894568 104.727388 0
      vertex -20.750508 105.97378 0
      vertex -20.629176 105.941272 0
    endloop
  endfacet
  facet normal 0 0 -1
    outer loop
      vertex -20.69742 104.674564 0
      vertex -20.317332 105.84436 0
      vertex -20.50686 104.601412 0
    endloop
  endfacet
  facet normal 0 0 -1
    outer loop
      vertex -20.894568 104.727388 0
      vertex -20.514036 105.897064 0
      vertex -20.69742 104.674564 0
    endloop
  endfacet
  facet normal 0 0 -1
    outer loop
      vertex -20.894568 104.727388 0
      vertex -20.629176 105.941272 0
      vertex -20.514036 105.897064 0
    endloop
  endfacet
  facet normal 0 0 -1
    outer loop
      vertex -20.69742 104.674564 0
      vertex -20.514036 105.897064 0
      vertex -20.317332 105.84436 0
    endloop
  endfacet
  facet normal 0 0 -1
    outer loop
      vertex -21.096168000000002 100.8806812 0
      vertex -19.8 100.00000228882 0
      vertex -19.79532 99.5539156 0
    endloop
  endfacet
  facet normal 0 0 -1
    outer loop
      vertex -20.894568 100.9126108 0
      vertex -19.8 100.02018148 0
      vertex -19.8 100.00000228882 0
    endloop
  endfacet
  facet normal 0 0 -1
    outer loop
      vertex -19.79532 99.5539156 0
      vertex -19.8 100.00000228882 0
      vertex -19.797648000000002 100.00000228882 0
    endloop
  endfacet
  facet normal 0 0 -1
    outer loop
      vertex -20.69742 100.9654396 0
      vertex -20.50686 101.0385856 0
      vertex -19.8 100.02018148 0
    endloop
  endfacet
  facet normal 0 0 -1
    outer loop
      vertex -20.50686 101.0385856 0
      vertex -20.325 101.1312496 0
      vertex -19.8 100.02018148 0
    endloop
  endfacet
  facet normal 0 0 -1
    outer loop
      vertex -19.8 100.02018148 0
      vertex -20.325 101.1312496 0
      vertex -20.15382 101.24242 0
    endloop
  endfacet
  facet normal 0 0 -1
    outer loop
      vertex -19.8 100.02018148 0
      vertex -20.15382 101.24242 0
      vertex -19.995192 101.370868 0
    endloop
  endfacet
  facet normal 0 0 -1
    outer loop
      vertex -19.8 100.02018148 0
      vertex -19.850868000000002 101.515192 0
      vertex -19.71 100.06603816 0
    endloop
  endfacet
  facet normal 0 0 -1
    outer loop
      vertex -19.8 100.02018148 0
      vertex -19.995192 101.370868 0
      vertex -19.850868000000002 101.515192 0
    endloop
  endfacet
  facet normal 0 0 -1
    outer loop
      vertex -19.850868000000002 101.515192 0
      vertex -19.430844 100.2473248 0
      vertex -19.71 100.06603816 0
    endloop
  endfacet
  facet normal 0 0 -1
    outer loop
      vertex -19.850868000000002 101.515192 0
      vertex -19.17216 100.4567992 0
      vertex -19.430844 100.2473248 0
    endloop
  endfacet
  facet normal 0 0 -1
    outer loop
      vertex -19.850868000000002 101.515192 0
      vertex -19.72242 101.67382 0
      vertex -18.936804000000002 100.6921636 0
    endloop
  endfacet
  facet normal 0 0 -1
    outer loop
      vertex -19.850868000000002 101.515192 0
      vertex -18.936804000000002 100.6921636 0
      vertex -19.17216 100.4567992 0
    endloop
  endfacet
  facet normal 0 0 -1
    outer loop
      vertex -19.72242 101.67382 0
      vertex -18.727332 100.9508428 0
      vertex -18.936804000000002 100.6921636 0
    endloop
  endfacet
  facet normal 0 0 -1
    outer loop
      vertex -19.72242 101.67382 0
      vertex -19.611252 101.845 0
      vertex -18.727332 100.9508428 0
    endloop
  endfacet
  facet normal 0 0 -1
    outer loop
      vertex -19.611252 101.845 0
      vertex -19.518588 102.02686 0
      vertex -18.546036 101.23 0
    endloop
  endfacet
  facet normal 0 0 -1
    outer loop
      vertex -19.518588 102.02686 0
      vertex -19.445436 102.21742 0
      vertex -18.394932 101.52658 0
    endloop
  endfacet
  facet normal 0 0 -1
    outer loop
      vertex -20.50686 104.601412 0
      vertex -20.00658 105.72508 0
      vertex -20.325 104.508748 0
    endloop
  endfacet
  facet normal 0 0 -1
    outer loop
      vertex -20.50686 104.601412 0
      vertex -20.317332 105.84436 0
      vertex -20.00658 105.72508 0
    endloop
  endfacet
  facet normal 0 0 -1
    outer loop
      vertex -20.325 104.508748 0
      vertex -19.71 105.573964 0
      vertex -20.15382 104.39758 0
    endloop
  endfacet
  facet normal 0 0 -1
    outer loop
      vertex -20.15382 104.39758 0
      vertex -19.430844 105.392668 0
      vertex -19.995192 104.269132 0
    endloop
  endfacet
  facet normal 0 0 -1
    outer loop
      vertex -20.325 104.508748 0
      vertex -20.00658 105.72508 0
      vertex -19.71 105.573964 0
    endloop
  endfacet
  facet normal 0 0 -1
    outer loop
      vertex -20.15382 104.39758 0
      vertex -19.71 105.573964 0
      vertex -19.430844 105.392668 0
    endloop
  endfacet
  facet normal 0 0 -1
    outer loop
      vertex -19.72242 103.96618 0
      vertex -18.727332 104.689156 0
      vertex -19.611252 103.795 0
    endloop
  endfacet
  facet normal 0 0 -1
    outer loop
      vertex -19.611252 103.795 0
      vertex -18.546036 104.41 0
      vertex -19.518588 103.61314 0
    endloop
  endfacet
  facet normal 0 0 -1
    outer loop
      vertex -19.518588 103.61314 0
      vertex -18.394932 104.11342 0
      vertex -19.445436 103.42258 0
    endloop
  endfacet
  facet normal 0 0 -1
    outer loop
      vertex -19.850868000000002 104.124808 0
      vertex -19.995192 104.269132 0
      vertex -19.17216 105.183196 0
    endloop
  endfacet
  facet normal 0 0 -1
    outer loop
      vertex -19.850868000000002 104.124808 0
      vertex -18.936804000000002 104.94784 0
      vertex -19.72242 103.96618 0
    endloop
  endfacet
  facet normal 0 0 -1
    outer loop
      vertex -19.995192 104.269132 0
      vertex -19.430844 105.392668 0
      vertex -19.17216 105.183196 0
    endloop
  endfacet
  facet normal 0 0 -1
    outer loop
      vertex -19.850868000000002 104.124808 0
      vertex -19.17216 105.183196 0
      vertex -18.936804000000002 104.94784 0
    endloop
  endfacet
  facet normal 0 0 -1
    outer loop
      vertex -19.72242 103.96618 0
      vertex -18.936804000000002 104.94784 0
      vertex -18.727332 104.689156 0
    endloop
  endfacet
  facet normal 0.15643382944419154 0.987688441263451 0
    outer loop
      vertex -21.705428400000002 100.9126108 0
      vertex -21.705428400000002 100.9126108 3.24
      vertex -21.503832 100.8806812 0
    endloop
  endfacet
  facet normal 0.052336041907536504 0.9986295302650792 0
    outer loop
      vertex -21.503832 100.8806812 0
      vertex -21.503832 100.8806812 3.24
      vertex -21.3 100.8699988 0
    endloop
  endfacet
  facet normal -0.052336041907536504 0.9986295302650792 0
    outer loop
      vertex -21.3 100.8699988 0
      vertex -21.3 100.8699988 3.24
      vertex -21.096168000000002 100.8806812 0
    endloop
  endfacet
  facet normal -0.15643110434147248 0.9876888728716687 0
    outer loop
      vertex -21.096168000000002 100.8806812 0
      vertex -21.096168000000002 100.8806812 3.24
      vertex -20.894568 100.9126108 0
    endloop
  endfacet
  facet normal -0.2588334565195037 0.965921964646299 0
    outer loop
      vertex -20.894568 100.9126108 0
      vertex -20.894568 100.9126108 3.24
      vertex -20.69742 100.9654396 0
    endloop
  endfacet
  facet normal -0.3583545822659373 0.9335855576051966 0
    outer loop
      vertex -20.69742 100.9654396 0
      vertex -20.69742 100.9654396 3.24
      vertex -20.50686 101.0385856 0
    endloop
  endfacet
  facet normal -0.4539971188559735 0.891003151549126 0
    outer loop
      vertex -20.50686 101.0385856 0
      vertex -20.50686 101.0385856 3.24
      vertex -20.325 101.1312496 0
    endloop
  endfacet
  facet normal 0.15644530007191035 -0.9876866244337877 0
    outer loop
      vertex -21.705428400000002 104.727388 0
      vertex -21.503832 104.75932 0
      vertex -21.503832 104.75932 3.24
    endloop
  endfacet
  facet normal -0.05235374623683192 0.9986286022616063 0
    outer loop
      vertex -21.725434800000002 105.993424 0
      vertex -21.725434800000002 105.993424 3.24
      vertex -21.6 106 0
    endloop
  endfacet
  facet normal 0.052324315837339375 -0.9986301447343527 0
    outer loop
      vertex -21.503832 104.75932 0
      vertex -21.3 104.77 0
      vertex -21.3 104.77 3.24
    endloop
  endfacet
  facet normal -0.052324315837339375 -0.9986301447343527 0
    outer loop
      vertex -21.3 104.77 0
      vertex -21.096168000000002 104.75932 0
      vertex -21.096168000000002 104.75932 3.24
    endloop
  endfacet
  facet normal 0 1 0
    outer loop
      vertex -21.6 106 0
      vertex -21.6 106 3.24
      vertex -21 106 0
    endloop
  endfacet
  facet normal -0.15644257477939705 -0.9876870561045096 0
    outer loop
      vertex -21.096168000000002 104.75932 0
      vertex -20.894568 104.727388 0
      vertex -20.894568 104.727388 3.24
    endloop
  endfacet
  facet normal -0.2588115143809799 -0.9659278441083597 0
    outer loop
      vertex -20.894568 104.727388 0
      vertex -20.69742 104.674564 0
      vertex -20.69742 104.674564 3.24
    endloop
  endfacet
  facet normal 0.05235324676059422 0.9986286284468439 0
    outer loop
      vertex -21 106 0
      vertex -21 106 3.24
      vertex -20.874564 105.993424 0
    endloop
  endfacet
  facet normal 0.1563992024773178 0.9876939249911679 0
    outer loop
      vertex -20.874564 105.993424 0
      vertex -20.874564 105.993424 3.24
      vertex -20.750508 105.97378 0
    endloop
  endfacet
  facet normal -0.3583802020236202 -0.933575723119185 0
    outer loop
      vertex -20.69742 104.674564 0
      vertex -20.50686 104.601412 0
      vertex -20.50686 104.601412 3.24
    endloop
  endfacet
  facet normal 0.2587981624880552 0.9659314215268112 0
    outer loop
      vertex -20.750508 105.97378 0
      vertex -20.750508 105.97378 3.24
      vertex -20.629176 105.941272 0
    endloop
  endfacet
  facet normal 0.35843787355420187 0.9335535821804457 0
    outer loop
      vertex -20.629176 105.941272 0
      vertex -20.629176 105.941272 3.24
      vertex -20.514036 105.897064 0
    endloop
  endfacet
  facet normal 0.25880677572600025 0.9659291137750801 0
    outer loop
      vertex -20.514036 105.897064 0
      vertex -20.514036 105.897064 3.24
      vertex -20.317332 105.84436 0
    endloop
  endfacet
  facet normal 0.9993279140584482 0.03665678905183685 0
    outer loop
      vertex -19.770792 98.8852396 0
      vertex -19.79532 99.5539156 0
      vertex -19.770792 98.8852396 3.24
    endloop
  endfacet
  facet normal 0.9999863827767661 0.005218645517678198 0
    outer loop
      vertex -19.79532 99.5539156 0
      vertex -19.797648000000002 100.00000228882 0
      vertex -19.79532 99.5539156 3.24
    endloop
  endfacet
  facet normal 1 0 0
    outer loop
      vertex -19.8 100.00000228882 0
      vertex -19.8 100.02018148 0
      vertex -19.8 100.00000228882 3.24
    endloop
  endfacet
  facet normal 0 1 0
    outer loop
      vertex -19.8 100.00000228882 0
      vertex -19.8 100.00000228882 3.24
      vertex -19.797648000000002 100.00000228882 0
    endloop
  endfacet
  facet normal 0.4539857017949515 -0.8910089688469726 0
    outer loop
      vertex -19.8 100.02018148 0
      vertex -19.71 100.06603816 0
      vertex -19.71 100.06603816 3.24
    endloop
  endfacet
  facet normal -0.5446556039666339 0.838659807709742 0
    outer loop
      vertex -20.325 101.1312496 0
      vertex -20.325 101.1312496 3.24
      vertex -20.15382 101.24242 0
    endloop
  endfacet
  facet normal -0.6293013896640157 0.7771613480912046 0
    outer loop
      vertex -20.15382 101.24242 0
      vertex -20.15382 101.24242 3.24
      vertex -19.995192 101.370868 0
    endloop
  endfacet
  facet normal -0.7071067811865475 0.7071067811865475 0
    outer loop
      vertex -19.995192 101.370868 0
      vertex -19.995192 101.370868 3.24
      vertex -19.850868000000002 101.515192 0
    endloop
  endfacet
  facet normal -0.7771613480912271 0.6293013896639883 0
    outer loop
      vertex -19.850868000000002 101.515192 0
      vertex -19.72242 101.67382 3.24
      vertex -19.72242 101.67382 0
    endloop
  endfacet
  facet normal 0.544640332294853 -0.8386697254806279 0
    outer loop
      vertex -19.71 100.06603816 0
      vertex -19.430844 100.2473248 0
      vertex -19.430844 100.2473248 3.24
    endloop
  endfacet
  facet normal 0.6293135454486087 -0.7771515048656226 0
    outer loop
      vertex -19.430844 100.2473248 0
      vertex -19.17216 100.4567992 0
      vertex -19.17216 100.4567992 3.24
    endloop
  endfacet
  facet normal -0.8386651786625738 0.5446473336929808 0
    outer loop
      vertex -19.72242 101.67382 0
      vertex -19.611252 101.845 3.24
      vertex -19.611252 101.845 0
    endloop
  endfacet
  facet normal -0.891003151549126 0.4539971188559735 0
    outer loop
      vertex -19.611252 101.845 0
      vertex -19.518588 102.02686 3.24
      vertex -19.518588 102.02686 0
    endloop
  endfacet
  facet normal -0.9335757231191989 0.35838020202358406 0
    outer loop
      vertex -19.518588 102.02686 0
      vertex -19.445436 102.21742 3.24
      vertex -19.445436 102.21742 0
    endloop
  endfacet
  facet normal -0.7771613480912271 -0.6293013896639883 0
    outer loop
      vertex -19.850868000000002 104.124808 0
      vertex -19.72242 103.96618 0
      vertex -19.850868000000002 104.124808 3.24
    endloop
  endfacet
  facet normal -0.4539971188559735 -0.891003151549126 0
    outer loop
      vertex -20.50686 104.601412 0
      vertex -20.325 104.508748 0
      vertex -20.325 104.508748 3.24
    endloop
  endfacet
  facet normal -0.5446473336929404 -0.8386651786626002 0
    outer loop
      vertex -20.325 104.508748 0
      vertex -20.15382 104.39758 0
      vertex -20.15382 104.39758 3.24
    endloop
  endfacet
  facet normal 0.3583508860523542 0.9335869763795404 0
    outer loop
      vertex -20.317332 105.84436 0
      vertex -20.317332 105.84436 3.24
      vertex -20.00658 105.72508 0
    endloop
  endfacet
  facet normal -0.6293013896640157 -0.7771613480912046 0
    outer loop
      vertex -20.15382 104.39758 0
      vertex -19.995192 104.269132 0
      vertex -19.995192 104.269132 3.24
    endloop
  endfacet
  facet normal -0.7071067811865475 -0.7071067811865475 0
    outer loop
      vertex -19.850868000000002 104.124808 0
      vertex -19.850868000000002 104.124808 3.24
      vertex -19.995192 104.269132 0
    endloop
  endfacet
  facet normal 0.45399274692005054 0.8910053791891421 0
    outer loop
      vertex -20.00658 105.72508 0
      vertex -20.00658 105.72508 3.24
      vertex -19.71 105.573964 0
    endloop
  endfacet
  facet normal -0.9659278441078745 0.25881151438084987 0.000001002330085562475
    outer loop
      vertex -19.445436 102.21742 0
      vertex -19.396512 102.4 3.24
      vertex -19.392612 102.414568 0
    endloop
  endfacet
  facet normal -0.8386651786625738 -0.5446473336929808 0
    outer loop
      vertex -19.72242 103.96618 0
      vertex -19.611252 103.795 0
      vertex -19.72242 103.96618 3.24
    endloop
  endfacet
  facet normal -0.891003151549126 -0.4539971188559735 0
    outer loop
      vertex -19.611252 103.795 0
      vertex -19.518588 103.61314 0
      vertex -19.611252 103.795 3.24
    endloop
  endfacet
  facet normal -0.9335757231191989 -0.35838020202358406 0
    outer loop
      vertex -19.518588 103.61314 0
      vertex -19.445436 103.42258 0
      vertex -19.518588 103.61314 3.24
    endloop
  endfacet
  facet normal -0.9659278441083597 -0.2588115143809799 0
    outer loop
      vertex -19.392612 103.225432 0
      vertex -19.445436 103.42258 3.24
      vertex -19.445436 103.42258 0
    endloop
  endfacet
  facet normal -0.9876870561045092 0.1564425747793997 0
    outer loop
      vertex -19.392612 102.414568 0
      vertex -19.360680000000002 102.616168 3.24
      vertex -19.360680000000002 102.616168 0
    endloop
  endfacet
  facet normal -0.9986301447343509 0.05232431583737591 0
    outer loop
      vertex -19.360680000000002 102.616168 0
      vertex -19.35 102.82 3.24
      vertex -19.35 102.82 0
    endloop
  endfacet
  facet normal -0.9986301447343484 -0.05232431583737214 -7.229160533040912e-8
    outer loop
      vertex -19.35 102.82 0
      vertex -19.353144 102.88 3.24
      vertex -19.360680000000002 103.023832 0
    endloop
  endfacet
  facet normal -0.9876870561045092 -0.1564425747793997 0
    outer loop
      vertex -19.392612 103.225432 0
      vertex -19.360680000000002 103.023832 0
      vertex -19.392612 103.225432 3.24
    endloop
  endfacet
  facet normal 0.5446601107243367 0.8386568808432643 0
    outer loop
      vertex -19.71 105.573964 0
      vertex -19.71 105.573964 3.24
      vertex -19.430844 105.392668 0
    endloop
  endfacet
  facet normal 0.6293091907137868 0.7771550311764838 -4.869578158142575e-7
    outer loop
      vertex -19.430844 105.392668 0
      vertex -19.291704000000003 105.28 3.24
      vertex -19.17216 105.183196 0
    endloop
  endfacet
  facet normal 0.7071067811865424 0.7071067811865529 0
    outer loop
      vertex -19.17216 105.183196 0
      vertex -19.17216 105.183196 3.24
      vertex -18.936804000000002 104.94784 0
    endloop
  endfacet
  facet normal -0.9950548603736666 -0.09932685863724217 0
    outer loop
      vertex -22.71476436 97.966624 0
      vertex -22.6422324 97.24 3.24
      vertex -22.71476436 97.966624 3.24
    endloop
  endfacet
  facet normal -0.9976840932142746 -0.06801801340241129 0
    outer loop
      vertex -22.71476436 97.966624 0
      vertex -22.71476436 97.966624 3.24
      vertex -22.766687400000002 98.728228 3.24
    endloop
  endfacet
  facet normal -0.987689780511564 -0.1564253734948992 0
    outer loop
      vertex -24.410508 102.158836 0
      vertex -24.410508 102.158836 3.24
      vertex -24.462576000000002 102.4876 3.24
    endloop
  endfacet
  facet normal -0.9659272927829227 -0.25881357201092386 0
    outer loop
      vertex -24.324360000000002 101.83732 0
      vertex -24.324360000000002 101.83732 3.24
      vertex -24.410508 102.158836 3.24
    endloop
  endfacet
  facet normal -0.9335702844108251 -0.3583943694662227 0
    outer loop
      vertex -24.205068 101.52658 0
      vertex -24.205068 101.52658 3.24
      vertex -24.324360000000002 101.83732 3.24
    endloop
  endfacet
  facet normal -0.8910199620378332 -0.4539641255100434 0
    outer loop
      vertex -24.053964 101.23 0
      vertex -24.053964 101.23 3.24
      vertex -24.205068 101.52658 3.24
    endloop
  endfacet
  facet normal -0.8386645372823954 -0.544648321309178 0
    outer loop
      vertex -23.8726728 100.9508428 0
      vertex -23.8726728 100.9508428 3.24
      vertex -24.053964 101.23 3.24
    endloop
  endfacet
  facet normal -0.6293215920239286 -0.7771449889257911 0
    outer loop
      vertex -23.427834 100.4567992 0
      vertex -23.400000000000002 100.4342596 3.24
      vertex -23.427834 100.4567992 3.24
    endloop
  endfacet
  facet normal -0.6293244298417111 -0.7771426908904205 4.0365622899426605e-8
    outer loop
      vertex -23.427834 100.4567992 0
      vertex -23.1691572 100.2473248 3.24
      vertex -23.400000000000002 100.4342596 3.24
    endloop
  endfacet
  facet normal -0.7771493201421134 -0.6293162433964746 0
    outer loop
      vertex -23.663200800000002 100.6921636 0
      vertex -23.663200800000002 100.6921636 3.24
      vertex -23.8726728 100.9508428 3.24
    endloop
  endfacet
  facet normal -0.7071031760280074 -0.707110386326707 0
    outer loop
      vertex -23.663200800000002 100.6921636 0
      vertex -23.427834 100.4567992 3.24
      vertex -23.663200800000002 100.6921636 3.24
    endloop
  endfacet
  facet normal 0.9335835907476784 0.3583597062822094 0
    outer loop
      vertex -23.1545592 102.21742 0
      vertex -23.1545592 102.21742 3.24
      vertex -23.081412 102.02686 3.24
    endloop
  endfacet
  facet normal -0.9986289609269594 -0.05234690437782808 0
    outer loop
      vertex -24.462576000000002 102.4876 0
      vertex -24.462576000000002 102.4876 3.24
      vertex -24.48 102.82 3.24
    endloop
  endfacet
  facet normal -0.9986289609269594 0.052346904377825854 0
    outer loop
      vertex -24.48 102.82 0
      vertex -24.48 102.82 3.24
      vertex -24.462576000000002 103.1524 3.24
    endloop
  endfacet
  facet normal -0.987689780511564 0.1564253734948992 0
    outer loop
      vertex -24.462576000000002 103.1524 0
      vertex -24.462576000000002 103.1524 3.24
      vertex -24.410508 103.481164 3.24
    endloop
  endfacet
  facet normal -0.9659248777677014 0.25882258500650823 0
    outer loop
      vertex -24.410508 103.481164 0
      vertex -24.410508 103.481164 3.24
      vertex -24.324360000000002 103.802668 3.24
    endloop
  endfacet
  facet normal -0.933574914949705 0.358382307287415 0
    outer loop
      vertex -24.324360000000002 103.802668 0
      vertex -24.324360000000002 103.802668 3.24
      vertex -24.205068 104.11342 3.24
    endloop
  endfacet
  facet normal -0.8910199620378332 0.4539641255100434 0
    outer loop
      vertex -24.205068 104.11342 0
      vertex -24.205068 104.11342 3.24
      vertex -24.053964 104.41 3.24
    endloop
  endfacet
  facet normal -0.8386634678459013 0.5446499680535077 0
    outer loop
      vertex -24.053964 104.41 0
      vertex -24.053964 104.41 3.24
      vertex -23.8726728 104.689156 3.24
    endloop
  endfacet
  facet normal -0.7771550311765907 0.6293091907138434 0
    outer loop
      vertex -23.8726728 104.689156 0
      vertex -23.8726728 104.689156 3.24
      vertex -23.663200800000002 104.94784 3.24
    endloop
  endfacet
  facet normal 0.9876888728716682 0.1564311043414751 0
    outer loop
      vertex -23.2393164 102.616168 0
      vertex -23.2393164 102.616168 3.24
      vertex -23.207386800000002 102.414568 3.24
    endloop
  endfacet
  facet normal 0.9986292229790905 0.052341904934553894 0
    outer loop
      vertex -23.25 102.82 0
      vertex -23.25 102.82 3.24
      vertex -23.2393164 102.616168 3.24
    endloop
  endfacet
  facet normal 0.9659249845172403 0.25882218661704115 -3.7724225537793253e-7
    outer loop
      vertex -23.207386800000002 102.414568 0
      vertex -23.203482 102.4 3.24
      vertex -23.1545592 102.21742 3.24
    endloop
  endfacet
  facet normal 0.9659040063981073 0.2589004643180182 0
    outer loop
      vertex -23.207386800000002 102.414568 0
      vertex -23.207386800000002 102.414568 3.24
      vertex -23.203482 102.4 3.24
    endloop
  endfacet
  facet normal 0.9986288968497629 -0.05234812677284158 0
    outer loop
      vertex -23.25 102.82 0
      vertex -23.2468548 102.88 3.24
      vertex -23.25 102.82 3.24
    endloop
  endfacet
  facet normal 0.9986293590136356 -0.052339309472089694 0
    outer loop
      vertex -23.2393164 103.023832 0
      vertex -23.2393164 103.023832 3.24
      vertex -23.2468548 102.88 3.24
    endloop
  endfacet
  facet normal 0.9876888728716682 -0.1564311043414751 0
    outer loop
      vertex -23.207386800000002 103.225432 0
      vertex -23.207386800000002 103.225432 3.24
      vertex -23.2393164 103.023832 3.24
    endloop
  endfacet
  facet normal 0.9659234345518327 -0.2588279710224364 0
    outer loop
      vertex -23.1545592 103.42258 0
      vertex -23.1545592 103.42258 3.24
      vertex -23.207386800000002 103.225432 3.24
    endloop
  endfacet
  facet normal -0.7070905575389033 0.7071230044619699 0
    outer loop
      vertex -23.427834 105.183196 0
      vertex -23.663200800000002 104.94784 3.24
      vertex -23.427834 105.183196 3.24
    endloop
  endfacet
  facet normal -0.629463208461767 0.7770302884656545 0
    outer loop
      vertex -23.427834 105.183196 0
      vertex -23.427834 105.183196 3.24
      vertex -23.400000000000002 105.205744 3.24
    endloop
  endfacet
  facet normal -0.6293024702314375 0.7771604731074598 0
    outer loop
      vertex -23.1691572 105.392668 0
      vertex -23.400000000000002 105.205744 3.24
      vertex -23.1691572 105.392668 3.24
    endloop
  endfacet
  facet normal -0.5446383562080742 -0.838671008767423 0
    outer loop
      vertex -23.1691572 100.2473248 0
      vertex -22.889999760000002 100.06603816 3.24
      vertex -23.1691572 100.2473248 3.24
    endloop
  endfacet
  facet normal -0.9999863910771505 -0.0052170547721937625 0
    outer loop
      vertex -22.794667056 99.4910968 0
      vertex -22.794667056 99.4910968 3.24
      vertex -22.797322068 100 3.24
    endloop
  endfacet
  facet normal -0.45398760607044386 -0.8910079985804996 0
    outer loop
      vertex -22.889999760000002 100.06603816 0
      vertex -22.8 100.02018136 3.24
      vertex -22.889999760000002 100.06603816 3.24
    endloop
  endfacet
  facet normal -0.9993280806455174 -0.036652247316447485 0
    outer loop
      vertex -22.766687400000002 98.728228 0
      vertex -22.766687400000002 98.728228 3.24
      vertex -22.794667056 99.4910968 3.24
    endloop
  endfacet
  facet normal 0.8386716237891566 0.5446374091548059 0
    outer loop
      vertex -22.988748 101.845 0
      vertex -22.988748 101.845 3.24
      vertex -22.877582880000002 101.67382 3.24
    endloop
  endfacet
  facet normal 0.891003151549126 0.4539971188559735 0
    outer loop
      vertex -23.081412 102.02686 0
      vertex -23.081412 102.02686 3.24
      vertex -22.988748 101.845 3.24
    endloop
  endfacet
  facet normal 0.7771576102114423 0.6293060057638413 0
    outer loop
      vertex -22.877582880000002 101.67382 0
      vertex -22.877582880000002 101.67382 3.24
      vertex -22.749133320000002 101.515192 3.24
    endloop
  endfacet
  facet normal 0.6293157663619311 0.777149706432612 0
    outer loop
      vertex -22.4461824 101.24242 0
      vertex -22.6048044 101.370868 3.24
      vertex -22.4461824 101.24242 3.24
    endloop
  endfacet
  facet normal 0.707094728666809 0.7071188335008562 0
    outer loop
      vertex -22.6048044 101.370868 0
      vertex -22.749133320000002 101.515192 3.24
      vertex -22.6048044 101.370868 3.24
    endloop
  endfacet
  facet normal 0.544652918497463 0.8386615517431306 0
    outer loop
      vertex -22.275001200000002 101.1312496 0
      vertex -22.4461824 101.24242 3.24
      vertex -22.275001200000002 101.1312496 3.24
    endloop
  endfacet
  facet normal 0.45398998423424775 0.8910067868512492 0
    outer loop
      vertex -22.093137600000002 101.0385856 0
      vertex -22.275001200000002 101.1312496 3.24
      vertex -22.093137600000002 101.0385856 3.24
    endloop
  endfacet
  facet normal 0.3583644167540096 0.9335817826010523 0
    outer loop
      vertex -21.9025836 100.9654396 0
      vertex -22.093137600000002 101.0385856 3.24
      vertex -21.9025836 100.9654396 3.24
    endloop
  endfacet
  facet normal 0.25882463729598404 0.9659243278479956 0
    outer loop
      vertex -21.705428400000002 100.9126108 0
      vertex -21.9025836 100.9654396 3.24
      vertex -21.705428400000002 100.9126108 3.24
    endloop
  endfacet
  facet normal 0.9335835907476784 -0.3583597062822094 0
    outer loop
      vertex -23.081412 103.61314 0
      vertex -23.081412 103.61314 3.24
      vertex -23.1545592 103.42258 3.24
    endloop
  endfacet
  facet normal 0.891003151549126 -0.4539971188559735 0
    outer loop
      vertex -22.988748 103.795 0
      vertex -22.988748 103.795 3.24
      vertex -23.081412 103.61314 3.24
    endloop
  endfacet
  facet normal 0.8386716237891566 -0.5446374091548059 0
    outer loop
      vertex -22.877582880000002 103.96618 0
      vertex -22.877582880000002 103.96618 3.24
      vertex -22.988748 103.795 3.24
    endloop
  endfacet
  facet normal 0.7771576102114423 -0.6293060057638413 0
    outer loop
      vertex -22.749133320000002 104.124808 0
      vertex -22.749133320000002 104.124808 3.24
      vertex -22.877582880000002 103.96618 3.24
    endloop
  endfacet
  facet normal -0.5446581346263277 0.8386581642036097 0
    outer loop
      vertex -22.889999760000002 105.573964 0
      vertex -23.1691572 105.392668 3.24
      vertex -22.889999760000002 105.573964 3.24
    endloop
  endfacet
  facet normal 0.707094728666809 -0.7071188335008562 0
    outer loop
      vertex -22.749133320000002 104.124808 0
      vertex -22.6048044 104.269132 3.24
      vertex -22.749133320000002 104.124808 3.24
    endloop
  endfacet
  facet normal 0.6293157663619311 -0.777149706432612 0
    outer loop
      vertex -22.6048044 104.269132 0
      vertex -22.4461824 104.39758 3.24
      vertex -22.6048044 104.269132 3.24
    endloop
  endfacet
  facet normal -0.45399595521511277 0.8910037444636904 0
    outer loop
      vertex -22.5934224 105.72508 0
      vertex -22.889999760000002 105.573964 3.24
      vertex -22.5934224 105.72508 3.24
    endloop
  endfacet
  facet normal 0.5446419627882592 -0.8386686666199903 0
    outer loop
      vertex -22.4461824 104.39758 0
      vertex -22.275000000000002 104.508748 3.24
      vertex -22.4461824 104.39758 3.24
    endloop
  endfacet
  facet normal 0.453992362419808 -0.8910055751029181 0
    outer loop
      vertex -22.275000000000002 104.508748 0
      vertex -22.093137600000002 104.601412 3.24
      vertex -22.275000000000002 104.508748 3.24
    endloop
  endfacet
  facet normal -0.3583545044032604 0.9335855874925949 0
    outer loop
      vertex -22.282674 105.84436 0
      vertex -22.5934224 105.72508 3.24
      vertex -22.282674 105.84436 3.24
    endloop
  endfacet
  facet normal -0.2587979373767192 0.9659314818399676 0
    outer loop
      vertex -22.0859628 105.897064 0
      vertex -22.282674 105.84436 3.24
      vertex -22.0859628 105.897064 3.24
    endloop
  endfacet
  facet normal 0.35839003700756994 -0.9335719476150259 0
    outer loop
      vertex -22.093137600000002 104.601412 0
      vertex -21.9025836 104.674564 3.24
      vertex -22.093137600000002 104.601412 3.24
    endloop
  endfacet
  facet normal 0.25880269579774495 -0.9659302069237817 0
    outer loop
      vertex -21.9025836 104.674564 0
      vertex -21.705428400000002 104.727388 3.24
      vertex -21.9025836 104.674564 3.24
    endloop
  endfacet
  facet normal -0.35843136221829525 0.9335560821816423 0
    outer loop
      vertex -21.9708204 105.941272 0
      vertex -22.0859628 105.897064 3.24
      vertex -21.9708204 105.941272 3.24
    endloop
  endfacet
  facet normal -0.25881010371601126 0.9659282220820072 0
    outer loop
      vertex -21.8494944 105.97378 0
      vertex -21.9708204 105.941272 3.24
      vertex -21.8494944 105.97378 3.24
    endloop
  endfacet
  facet normal -0.1563947750454592 0.9876946260552804 0
    outer loop
      vertex -21.725434800000002 105.993424 0
      vertex -21.8494944 105.97378 3.24
      vertex -21.725434800000002 105.993424 3.24
    endloop
  endfacet
  facet normal 0.9914454627462792 0.1305216242613315 0
    outer loop
      vertex -19.658820000000002 97.551832 0
      vertex -19.658820000000002 97.551832 3.24
      vertex -19.617768 97.24 3.24
    endloop
  endfacet
  facet normal 0.995055993665323 0.09931550468439784 0
    outer loop
      vertex -19.725276 98.217664 0
      vertex -19.725276 98.217664 3.24
      vertex -19.658820000000002 97.551832 3.24
    endloop
  endfacet
  facet normal 0.15643382944419154 0.987688441263451 0
    outer loop
      vertex -21.503832 100.8806812 0
      vertex -21.705428400000002 100.9126108 3.24
      vertex -21.503832 100.8806812 3.24
    endloop
  endfacet
  facet normal 0.052336041907536504 0.9986295302650792 0
    outer loop
      vertex -21.3 100.8699988 0
      vertex -21.503832 100.8806812 3.24
      vertex -21.3 100.8699988 3.24
    endloop
  endfacet
  facet normal -0.052336041907536504 0.9986295302650792 0
    outer loop
      vertex -21.096168000000002 100.8806812 0
      vertex -21.3 100.8699988 3.24
      vertex -21.096168000000002 100.8806812 3.24
    endloop
  endfacet
  facet normal -0.15643110434147248 0.9876888728716687 0
    outer loop
      vertex -20.894568 100.9126108 0
      vertex -21.096168000000002 100.8806812 3.24
      vertex -20.894568 100.9126108 3.24
    endloop
  endfacet
  facet normal -0.2588334565195037 0.965921964646299 0
    outer loop
      vertex -20.69742 100.9654396 0
      vertex -20.894568 100.9126108 3.24
      vertex -20.69742 100.9654396 3.24
    endloop
  endfacet
  facet normal -0.3583545822659373 0.9335855576051966 0
    outer loop
      vertex -20.50686 101.0385856 0
      vertex -20.69742 100.9654396 3.24
      vertex -20.50686 101.0385856 3.24
    endloop
  endfacet
  facet normal 0.15644530007191035 -0.9876866244337877 0
    outer loop
      vertex -21.705428400000002 104.727388 0
      vertex -21.503832 104.75932 3.24
      vertex -21.705428400000002 104.727388 3.24
    endloop
  endfacet
  facet normal 0.052324315837339375 -0.9986301447343527 0
    outer loop
      vertex -21.503832 104.75932 0
      vertex -21.3 104.77 3.24
      vertex -21.503832 104.75932 3.24
    endloop
  endfacet
  facet normal -0.05235374623683192 0.9986286022616063 0
    outer loop
      vertex -21.6 106 0
      vertex -21.725434800000002 105.993424 3.24
      vertex -21.6 106 3.24
    endloop
  endfacet
  facet normal -0.052324315837339375 -0.9986301447343527 0
    outer loop
      vertex -21.3 104.77 0
      vertex -21.096168000000002 104.75932 3.24
      vertex -21.3 104.77 3.24
    endloop
  endfacet
  facet normal 0 1 0
    outer loop
      vertex -21 106 0
      vertex -21.6 106 3.24
      vertex -21 106 3.24
    endloop
  endfacet
  facet normal -0.15644257477939705 -0.9876870561045096 0
    outer loop
      vertex -21.096168000000002 104.75932 0
      vertex -20.894568 104.727388 3.24
      vertex -21.096168000000002 104.75932 3.24
    endloop
  endfacet
  facet normal -0.2588115143809799 -0.9659278441083597 0
    outer loop
      vertex -20.894568 104.727388 0
      vertex -20.69742 104.674564 3.24
      vertex -20.894568 104.727388 3.24
    endloop
  endfacet
  facet normal 0.05235324676059422 0.9986286284468439 0
    outer loop
      vertex -20.874564 105.993424 0
      vertex -21 106 3.24
      vertex -20.874564 105.993424 3.24
    endloop
  endfacet
  facet normal 0.1563992024773178 0.9876939249911679 0
    outer loop
      vertex -20.750508 105.97378 0
      vertex -20.874564 105.993424 3.24
      vertex -20.750508 105.97378 3.24
    endloop
  endfacet
  facet normal -0.3583802020236202 -0.933575723119185 0
    outer loop
      vertex -20.69742 104.674564 0
      vertex -20.50686 104.601412 3.24
      vertex -20.69742 104.674564 3.24
    endloop
  endfacet
  facet normal -0.4539971188559735 -0.891003151549126 0
    outer loop
      vertex -20.50686 104.601412 0
      vertex -20.325 104.508748 3.24
      vertex -20.50686 104.601412 3.24
    endloop
  endfacet
  facet normal 0.2587981624880552 0.9659314215268112 0
    outer loop
      vertex -20.629176 105.941272 0
      vertex -20.750508 105.97378 3.24
      vertex -20.629176 105.941272 3.24
    endloop
  endfacet
  facet normal 0.35843787355420187 0.9335535821804457 0
    outer loop
      vertex -20.514036 105.897064 0
      vertex -20.629176 105.941272 3.24
      vertex -20.514036 105.897064 3.24
    endloop
  endfacet
  facet normal 0.9976837452380451 0.06802311730424787 0
    outer loop
      vertex -19.770792 98.8852396 0
      vertex -19.770792 98.8852396 3.24
      vertex -19.725276 98.217664 3.24
    endloop
  endfacet
  facet normal 0.9993279140584482 0.03665678905183685 0
    outer loop
      vertex -19.79532 99.5539156 0
      vertex -19.79532 99.5539156 3.24
      vertex -19.770792 98.8852396 3.24
    endloop
  endfacet
  facet normal 0.9999863826370309 0.005218672293362186 3.6866054058271625e-9
    outer loop
      vertex -19.797648000000002 100.00000228882 0
      vertex -19.797648000000002 100 3.24
      vertex -19.79532 99.5539156 3.24
    endloop
  endfacet
  facet normal 1 0 0
    outer loop
      vertex -19.797648000000002 100.00000228882 0
      vertex -19.797648000000002 100.00000228882 3.24
      vertex -19.797648000000002 100 3.24
    endloop
  endfacet
  facet normal 0 1 0
    outer loop
      vertex -19.797648000000002 100.00000228882 0
      vertex -19.8 100.00000228882 3.24
      vertex -19.797648000000002 100.00000228882 3.24
    endloop
  endfacet
  facet normal 1 0 0
    outer loop
      vertex -19.8 100.02018148 0
      vertex -19.8 100.02018148 3.24
      vertex -19.8 100.00000228882 3.24
    endloop
  endfacet
  facet normal 0.4539857017949515 -0.8910089688469726 0
    outer loop
      vertex -19.8 100.02018148 0
      vertex -19.71 100.06603816 3.24
      vertex -19.8 100.02018148 3.24
    endloop
  endfacet
  facet normal -0.4539971188559735 0.891003151549126 0
    outer loop
      vertex -20.325 101.1312496 0
      vertex -20.50686 101.0385856 3.24
      vertex -20.325 101.1312496 3.24
    endloop
  endfacet
  facet normal -0.5446556039666339 0.838659807709742 0
    outer loop
      vertex -20.15382 101.24242 0
      vertex -20.325 101.1312496 3.24
      vertex -20.15382 101.24242 3.24
    endloop
  endfacet
  facet normal -0.6293013896640157 0.7771613480912046 0
    outer loop
      vertex -19.995192 101.370868 0
      vertex -20.15382 101.24242 3.24
      vertex -19.995192 101.370868 3.24
    endloop
  endfacet
  facet normal -0.7071067811865475 0.7071067811865475 0
    outer loop
      vertex -19.850868000000002 101.515192 0
      vertex -19.995192 101.370868 3.24
      vertex -19.850868000000002 101.515192 3.24
    endloop
  endfacet
  facet normal -0.7771613480912271 0.6293013896639883 0
    outer loop
      vertex -19.850868000000002 101.515192 0
      vertex -19.850868000000002 101.515192 3.24
      vertex -19.72242 101.67382 3.24
    endloop
  endfacet
  facet normal 0.544640332294853 -0.8386697254806279 0
    outer loop
      vertex -19.71 100.06603816 0
      vertex -19.430844 100.2473248 3.24
      vertex -19.71 100.06603816 3.24
    endloop
  endfacet
  facet normal 0.6293135454486087 -0.7771515048656226 0
    outer loop
      vertex -19.430844 100.2473248 0
      vertex -19.17216 100.4567992 3.24
      vertex -19.430844 100.2473248 3.24
    endloop
  endfacet
  facet normal 0.7071799314244698 -0.7070336233804457 0
    outer loop
      vertex -19.17216 100.4567992 0
      vertex -19.148964 100.48 3.24
      vertex -19.17216 100.4567992 3.24
    endloop
  endfacet
  facet normal -0.8386651786625738 0.5446473336929808 0
    outer loop
      vertex -19.72242 101.67382 0
      vertex -19.72242 101.67382 3.24
      vertex -19.611252 101.845 3.24
    endloop
  endfacet
  facet normal -0.891003151549126 0.4539971188559735 0
    outer loop
      vertex -19.611252 101.845 0
      vertex -19.611252 101.845 3.24
      vertex -19.518588 102.02686 3.24
    endloop
  endfacet
  facet normal -0.9335757231191989 0.35838020202358406 0
    outer loop
      vertex -19.518588 102.02686 0
      vertex -19.518588 102.02686 3.24
      vertex -19.445436 102.21742 3.24
    endloop
  endfacet
  facet normal -0.9659233973577092 0.25882810982762466 0
    outer loop
      vertex -19.445436 102.21742 0
      vertex -19.445436 102.21742 3.24
      vertex -19.396512 102.4 3.24
    endloop
  endfacet
  facet normal 0.7071127803189893 -0.7071007820025544 9.616576551073774e-7
    outer loop
      vertex -19.17216 100.4567992 0
      vertex -18.936804000000002 100.6921636 3.24
      vertex -19.148964 100.48 3.24
    endloop
  endfacet
  facet normal -0.7771613480912271 -0.6293013896639883 0
    outer loop
      vertex -19.72242 103.96618 0
      vertex -19.72242 103.96618 3.24
      vertex -19.850868000000002 104.124808 3.24
    endloop
  endfacet
  facet normal -0.5446473336929404 -0.8386651786626002 0
    outer loop
      vertex -20.325 104.508748 0
      vertex -20.15382 104.39758 3.24
      vertex -20.325 104.508748 3.24
    endloop
  endfacet
  facet normal -0.6293013896640157 -0.7771613480912046 0
    outer loop
      vertex -20.15382 104.39758 0
      vertex -19.995192 104.269132 3.24
      vertex -20.15382 104.39758 3.24
    endloop
  endfacet
  facet normal 0.25880677572600025 0.9659291137750801 0
    outer loop
      vertex -20.317332 105.84436 0
      vertex -20.514036 105.897064 3.24
      vertex -20.317332 105.84436 3.24
    endloop
  endfacet
  facet normal 0.3583508860523542 0.9335869763795404 0
    outer loop
      vertex -20.00658 105.72508 0
      vertex -20.317332 105.84436 3.24
      vertex -20.00658 105.72508 3.24
    endloop
  endfacet
  facet normal -0.7071067811865475 -0.7071067811865475 0
    outer loop
      vertex -19.995192 104.269132 0
      vertex -19.850868000000002 104.124808 3.24
      vertex -19.995192 104.269132 3.24
    endloop
  endfacet
  facet normal 0.45399274692005054 0.8910053791891421 0
    outer loop
      vertex -19.71 105.573964 0
      vertex -20.00658 105.72508 3.24
      vertex -19.71 105.573964 3.24
    endloop
  endfacet
  facet normal -0.9659835542954383 0.25860350506277413 0
    outer loop
      vertex -19.392612 102.414568 0
      vertex -19.396512 102.4 3.24
      vertex -19.392612 102.414568 3.24
    endloop
  endfacet
  facet normal -0.8386651786625738 -0.5446473336929808 0
    outer loop
      vertex -19.611252 103.795 0
      vertex -19.611252 103.795 3.24
      vertex -19.72242 103.96618 3.24
    endloop
  endfacet
  facet normal -0.891003151549126 -0.4539971188559735 0
    outer loop
      vertex -19.518588 103.61314 0
      vertex -19.518588 103.61314 3.24
      vertex -19.611252 103.795 3.24
    endloop
  endfacet
  facet normal -0.9335757231191989 -0.35838020202358406 0
    outer loop
      vertex -19.445436 103.42258 0
      vertex -19.445436 103.42258 3.24
      vertex -19.518588 103.61314 3.24
    endloop
  endfacet
  facet normal -0.9659278441083597 -0.2588115143809799 0
    outer loop
      vertex -19.392612 103.225432 0
      vertex -19.392612 103.225432 3.24
      vertex -19.445436 103.42258 3.24
    endloop
  endfacet
  facet normal -0.9876870561045092 0.1564425747793997 0
    outer loop
      vertex -19.392612 102.414568 0
      vertex -19.392612 102.414568 3.24
      vertex -19.360680000000002 102.616168 3.24
    endloop
  endfacet
  facet normal -0.9986301447343509 0.05232431583737591 0
    outer loop
      vertex -19.360680000000002 102.616168 0
      vertex -19.360680000000002 102.616168 3.24
      vertex -19.35 102.82 3.24
    endloop
  endfacet
  facet normal -0.9986299407457376 -0.05232820889505679 0
    outer loop
      vertex -19.35 102.82 0
      vertex -19.35 102.82 3.24
      vertex -19.353144 102.88 3.24
    endloop
  endfacet
  facet normal -0.9986302298244223 -0.05232269183462953 0
    outer loop
      vertex -19.360680000000002 103.023832 0
      vertex -19.353144 102.88 3.24
      vertex -19.360680000000002 103.023832 3.24
    endloop
  endfacet
  facet normal -0.9876870561045092 -0.1564425747793997 0
    outer loop
      vertex -19.360680000000002 103.023832 0
      vertex -19.360680000000002 103.023832 3.24
      vertex -19.392612 103.225432 3.24
    endloop
  endfacet
  facet normal 0.5446601107243367 0.8386568808432643 0
    outer loop
      vertex -19.430844 105.392668 0
      vertex -19.71 105.573964 3.24
      vertex -19.430844 105.392668 3.24
    endloop
  endfacet
  facet normal 0.6293023420740451 0.7771605768823594 0
    outer loop
      vertex -19.430844 105.392668 0
      vertex -19.430844 105.392668 3.24
      vertex -19.291704000000003 105.28 3.24
    endloop
  endfacet
  facet normal 0.6293171618179946 0.7771485764262482 0
    outer loop
      vertex -19.17216 105.183196 0
      vertex -19.291704000000003 105.28 3.24
      vertex -19.17216 105.183196 3.24
    endloop
  endfacet
  facet normal 0 0 -1
    outer loop
      vertex -19.152396 87.19504 0
      vertex -16.602696 88.775848 0
      vertex -18.739992 86.55256 0
    endloop
  endfacet
  facet normal 0 0 -1
    outer loop
      vertex -18.739992 86.55256 0
      vertex -16.241220000000002 88.212784 0
      vertex -18.307608000000002 85.92352 0
    endloop
  endfacet
  facet normal 0 0 -1
    outer loop
      vertex -19.915668 88.517008 0
      vertex -17.271744 89.934676 0
      vertex -19.544412 87.85 0
    endloop
  endfacet
  facet normal 0 0 -1
    outer loop
      vertex -19.152396 87.19504 0
      vertex -19.544412 87.85 0
      vertex -16.94634 89.35 0
    endloop
  endfacet
  facet normal 0 0 -1
    outer loop
      vertex -20.594424 89.884372 0
      vertex -18.135672 91.745908 0
      vertex -17.866716 91.133212 0
    endloop
  endfacet
  facet normal 0 0 -1
    outer loop
      vertex -20.265792 89.195356 0
      vertex -17.866716 91.133212 0
      vertex -17.578644 90.529264 0
    endloop
  endfacet
  facet normal 0 0 -1
    outer loop
      vertex -19.544412 87.85 0
      vertex -17.271744 89.934676 0
      vertex -16.94634 89.35 0
    endloop
  endfacet
  facet normal 0 0 -1
    outer loop
      vertex -19.915668 88.517008 0
      vertex -17.578644 90.529264 0
      vertex -17.271744 89.934676 0
    endloop
  endfacet
  facet normal 0 0 -1
    outer loop
      vertex -17.855676000000003 85.30828 0
      vertex -18.307608000000002 85.92352 0
      vertex -15.862224000000001 87.66136 0
    endloop
  endfacet
  facet normal 0 0 -1
    outer loop
      vertex -17.855676000000003 85.30828 0
      vertex -15.466092000000002 87.12208 0
      vertex -17.384652000000003 84.70756 0
    endloop
  endfacet
  facet normal 0 0 -1
    outer loop
      vertex -17.384652000000003 84.70756 0
      vertex -15.053208000000001 86.59552 0
      vertex -16.89498 84.12184 0
    endloop
  endfacet
  facet normal 0 0 -1
    outer loop
      vertex -18.307608000000002 85.92352 0
      vertex -16.241220000000002 88.212784 0
      vertex -15.862224000000001 87.66136 0
    endloop
  endfacet
  facet normal 0 0 -1
    outer loop
      vertex -17.855676000000003 85.30828 0
      vertex -15.862224000000001 87.66136 0
      vertex -15.466092000000002 87.12208 0
    endloop
  endfacet
  facet normal 0 0 -1
    outer loop
      vertex -19.152396 87.19504 0
      vertex -16.94634 89.35 0
      vertex -16.602696 88.775848 0
    endloop
  endfacet
  facet normal 0 0 -1
    outer loop
      vertex -18.739992 86.55256 0
      vertex -16.602696 88.775848 0
      vertex -16.241220000000002 88.212784 0
    endloop
  endfacet
  facet normal 0 0 -1
    outer loop
      vertex -15.861684 82.99816 0
      vertex -13.718268000000002 85.0972 0
      vertex -15.319068000000001 82.46128 0
    endloop
  endfacet
  facet normal 0 0 -1
    outer loop
      vertex -15.319068000000001 82.46128 0
      vertex -13.242648 84.62656 0
      vertex -14.759868 81.94156 0
    endloop
  endfacet
  facet normal 0 0 -1
    outer loop
      vertex -14.759868 81.94156 0
      vertex -12.752472000000001 84.17104 0
      vertex -14.184612000000001 81.43972 0
    endloop
  endfacet
  facet normal 0 0 -1
    outer loop
      vertex -16.387164000000002 83.55196000000001 0
      vertex -16.89498 84.12184 0
      vertex -14.623992000000001 86.08216 0
    endloop
  endfacet
  facet normal 0 0 -1
    outer loop
      vertex -17.384652000000003 84.70756 0
      vertex -15.466092000000002 87.12208 0
      vertex -15.053208000000001 86.59552 0
    endloop
  endfacet
  facet normal 0 0 -1
    outer loop
      vertex -16.387164000000002 83.55196000000001 0
      vertex -14.178852000000001 85.5826 0
      vertex -15.861684 82.99816 0
    endloop
  endfacet
  facet normal 0 0 -1
    outer loop
      vertex -16.89498 84.12184 0
      vertex -15.053208000000001 86.59552 0
      vertex -14.623992000000001 86.08216 0
    endloop
  endfacet
  facet normal 0 0 -1
    outer loop
      vertex -16.387164000000002 83.55196000000001 0
      vertex -14.623992000000001 86.08216 0
      vertex -14.178852000000001 85.5826 0
    endloop
  endfacet
  facet normal 0 0 -1
    outer loop
      vertex -15.861684 82.99816 0
      vertex -14.178852000000001 85.5826 0
      vertex -13.718268000000002 85.0972 0
    endloop
  endfacet
  facet normal 0 0 -1
    outer loop
      vertex -15.319068000000001 82.46128 0
      vertex -13.718268000000002 85.0972 0
      vertex -13.242648 84.62656 0
    endloop
  endfacet
  facet normal 0 0 -1
    outer loop
      vertex -19.611252 101.845 0
      vertex -18.546036 101.23 0
      vertex -18.727332 100.9508428 0
    endloop
  endfacet
  facet normal 0 0 -1
    outer loop
      vertex -19.445436 102.21742 0
      vertex -19.392612 102.414568 0
      vertex -18.275640000000003 101.83732 0
    endloop
  endfacet
  facet normal 0 0 -1
    outer loop
      vertex -19.518588 102.02686 0
      vertex -18.394932 101.52658 0
      vertex -18.546036 101.23 0
    endloop
  endfacet
  facet normal 0 0 -1
    outer loop
      vertex -19.445436 102.21742 0
      vertex -18.275640000000003 101.83732 0
      vertex -18.394932 101.52658 0
    endloop
  endfacet
  facet normal 0 0 -1
    outer loop
      vertex -19.392612 102.414568 0
      vertex -18.189492 102.158836 0
      vertex -18.275640000000003 101.83732 0
    endloop
  endfacet
  facet normal 0 0 -1
    outer loop
      vertex -19.392612 102.414568 0
      vertex -19.360680000000002 102.616168 0
      vertex -18.189492 102.158836 0
    endloop
  endfacet
  facet normal 0 0 -1
    outer loop
      vertex -19.360680000000002 102.616168 0
      vertex -19.35 102.82 0
      vertex -18.137424000000003 102.4876 0
    endloop
  endfacet
  facet normal 0 0 -1
    outer loop
      vertex -19.35 102.82 0
      vertex -19.360680000000002 103.023832 0
      vertex -18.137424000000003 103.1524 0
    endloop
  endfacet
  facet normal 0 0 -1
    outer loop
      vertex -19.392612 103.225432 0
      vertex -18.189492 103.481164 0
      vertex -19.360680000000002 103.023832 0
    endloop
  endfacet
  facet normal 0 0 -1
    outer loop
      vertex -19.392612 103.225432 0
      vertex -19.445436 103.42258 0
      vertex -18.275640000000003 103.802668 0
    endloop
  endfacet
  facet normal 0 0 -1
    outer loop
      vertex -19.518588 103.61314 0
      vertex -18.546036 104.41 0
      vertex -18.394932 104.11342 0
    endloop
  endfacet
  facet normal 0 0 -1
    outer loop
      vertex -19.445436 103.42258 0
      vertex -18.394932 104.11342 0
      vertex -18.275640000000003 103.802668 0
    endloop
  endfacet
  facet normal 0 0 -1
    outer loop
      vertex -19.360680000000002 102.616168 0
      vertex -18.137424000000003 102.4876 0
      vertex -18.189492 102.158836 0
    endloop
  endfacet
  facet normal 0 0 -1
    outer loop
      vertex -19.35 102.82 0
      vertex -18.12 102.82 0
      vertex -18.137424000000003 102.4876 0
    endloop
  endfacet
  facet normal 0 0 -1
    outer loop
      vertex -19.35 102.82 0
      vertex -18.137424000000003 103.1524 0
      vertex -18.12 102.82 0
    endloop
  endfacet
  facet normal 0 0 -1
    outer loop
      vertex -19.360680000000002 103.023832 0
      vertex -18.189492 103.481164 0
      vertex -18.137424000000003 103.1524 0
    endloop
  endfacet
  facet normal 0 0 -1
    outer loop
      vertex -19.392612 103.225432 0
      vertex -18.275640000000003 103.802668 0
      vertex -18.189492 103.481164 0
    endloop
  endfacet
  facet normal 0 0 -1
    outer loop
      vertex -19.611252 103.795 0
      vertex -18.727332 104.689156 0
      vertex -18.546036 104.41 0
    endloop
  endfacet
  facet normal 0.7071193993861425 -0.7070941627617788 0
    outer loop
      vertex -19.17216 100.4567992 0
      vertex -18.936804000000002 100.6921636 0
      vertex -18.936804000000002 100.6921636 3.24
    endloop
  endfacet
  facet normal 0.7771493201421081 -0.6293162433964811 0
    outer loop
      vertex -18.936804000000002 100.6921636 0
      vertex -18.727332 100.9508428 0
      vertex -18.936804000000002 100.6921636 3.24
    endloop
  endfacet
  facet normal 0.8386579503111947 -0.544658463975201 0
    outer loop
      vertex -18.727332 100.9508428 0
      vertex -18.546036 101.23 0
      vertex -18.727332 100.9508428 3.24
    endloop
  endfacet
  facet normal 0.8910199620378332 -0.4539641255100434 0
    outer loop
      vertex -18.546036 101.23 0
      vertex -18.394932 101.52658 0
      vertex -18.546036 101.23 3.24
    endloop
  endfacet
  facet normal 0.9335702844108286 -0.3583943694662134 0
    outer loop
      vertex -18.394932 101.52658 0
      vertex -18.275640000000003 101.83732 0
      vertex -18.394932 101.52658 3.24
    endloop
  endfacet
  facet normal 0.9659272927829201 -0.2588135720109339 0
    outer loop
      vertex -18.275640000000003 101.83732 0
      vertex -18.189492 102.158836 0
      vertex -18.275640000000003 101.83732 3.24
    endloop
  endfacet
  facet normal 0.7771550311765854 0.6293091907138497 0
    outer loop
      vertex -18.936804000000002 104.94784 0
      vertex -18.727332 104.689156 3.24
      vertex -18.727332 104.689156 0
    endloop
  endfacet
  facet normal 0.8386568808432692 0.5446601107243292 0
    outer loop
      vertex -18.727332 104.689156 0
      vertex -18.546036 104.41 3.24
      vertex -18.546036 104.41 0
    endloop
  endfacet
  facet normal 0.8910199620378332 0.4539641255100434 0
    outer loop
      vertex -18.394932 104.11342 0
      vertex -18.546036 104.41 0
      vertex -18.394932 104.11342 3.24
    endloop
  endfacet
  facet normal 0.9876897805114405 -0.15642537349486899 -5.031120048698773e-7
    outer loop
      vertex -18.189492 102.158836 0
      vertex -18.137424000000003 102.4876 0
      vertex -18.151296000000002 102.4 3.24
    endloop
  endfacet
  facet normal 0.9986289609269587 -0.052346904377838725 0
    outer loop
      vertex -18.137424000000003 102.4876 0
      vertex -18.12 102.82 0
      vertex -18.137424000000003 102.4876 3.24
    endloop
  endfacet
  facet normal 0.9986289609268988 0.05234690437783335 -3.471634311799106e-7
    outer loop
      vertex -18.12 102.82 0
      vertex -18.137424000000003 103.1524 0
      vertex -18.123144 102.88 3.24
    endloop
  endfacet
  facet normal 0.9659248777676986 0.25882258500651817 0
    outer loop
      vertex -18.275640000000003 103.802668 0
      vertex -18.189492 103.481164 3.24
      vertex -18.189492 103.481164 0
    endloop
  endfacet
  facet normal 0.9335749149497085 0.35838230728740567 0
    outer loop
      vertex -18.394932 104.11342 0
      vertex -18.275640000000003 103.802668 3.24
      vertex -18.275640000000003 103.802668 0
    endloop
  endfacet
  facet normal 0.9876897805115656 0.15642537349488878 0
    outer loop
      vertex -18.137424000000003 103.1524 0
      vertex -18.189492 103.481164 0
      vertex -18.137424000000003 103.1524 3.24
    endloop
  endfacet
  facet normal 0.7771493201421081 -0.6293162433964811 0
    outer loop
      vertex -18.727332 100.9508428 0
      vertex -18.727332 100.9508428 3.24
      vertex -18.936804000000002 100.6921636 3.24
    endloop
  endfacet
  facet normal 0.8386579503111947 -0.544658463975201 0
    outer loop
      vertex -18.546036 101.23 0
      vertex -18.546036 101.23 3.24
      vertex -18.727332 100.9508428 3.24
    endloop
  endfacet
  facet normal 0.8910199620378332 -0.4539641255100434 0
    outer loop
      vertex -18.394932 101.52658 0
      vertex -18.394932 101.52658 3.24
      vertex -18.546036 101.23 3.24
    endloop
  endfacet
  facet normal 0.9335702844108286 -0.3583943694662134 0
    outer loop
      vertex -18.275640000000003 101.83732 0
      vertex -18.275640000000003 101.83732 3.24
      vertex -18.394932 101.52658 3.24
    endloop
  endfacet
  facet normal 0.9659272927829201 -0.2588135720109339 0
    outer loop
      vertex -18.189492 102.158836 0
      vertex -18.189492 102.158836 3.24
      vertex -18.275640000000003 101.83732 3.24
    endloop
  endfacet
  facet normal 0.9876887361913935 -0.15643196732333117 0
    outer loop
      vertex -18.189492 102.158836 0
      vertex -18.151296000000002 102.4 3.24
      vertex -18.189492 102.158836 3.24
    endloop
  endfacet
  facet normal 0.7071067811865416 0.7071067811865535 -8.476183510751332e-17
    outer loop
      vertex -18.936804000000002 104.94784 0
      vertex -19.17216 105.183196 3.24
      vertex -18.96 104.971036 3.24
    endloop
  endfacet
  facet normal 0.7071067811865475 0.7071067811865475 0
    outer loop
      vertex -18.936804000000002 104.94784 0
      vertex -18.96 104.971036 3.24
      vertex -18.936804000000002 104.94784 3.24
    endloop
  endfacet
  facet normal 0.7771550311765854 0.6293091907138497 0
    outer loop
      vertex -18.936804000000002 104.94784 0
      vertex -18.936804000000002 104.94784 3.24
      vertex -18.727332 104.689156 3.24
    endloop
  endfacet
  facet normal 0.8386568808432692 0.5446601107243292 0
    outer loop
      vertex -18.727332 104.689156 0
      vertex -18.727332 104.689156 3.24
      vertex -18.546036 104.41 3.24
    endloop
  endfacet
  facet normal 0.8910199620378332 0.4539641255100434 0
    outer loop
      vertex -18.546036 104.41 0
      vertex -18.546036 104.41 3.24
      vertex -18.394932 104.11342 3.24
    endloop
  endfacet
  facet normal 0.987692655323299 -0.15640722048681333 0
    outer loop
      vertex -18.137424000000003 102.4876 0
      vertex -18.137424000000003 102.4876 3.24
      vertex -18.151296000000002 102.4 3.24
    endloop
  endfacet
  facet normal 0.9986289609269587 -0.052346904377838725 0
    outer loop
      vertex -18.12 102.82 0
      vertex -18.12 102.82 3.24
      vertex -18.137424000000003 102.4876 3.24
    endloop
  endfacet
  facet normal 0.9986299407457376 0.05232820889505679 0
    outer loop
      vertex -18.12 102.82 0
      vertex -18.123144 102.88 3.24
      vertex -18.12 102.82 3.24
    endloop
  endfacet
  facet normal 0.9986287450610665 0.0523510223181892 0
    outer loop
      vertex -18.137424000000003 103.1524 0
      vertex -18.137424000000003 103.1524 3.24
      vertex -18.123144 102.88 3.24
    endloop
  endfacet
  facet normal 0.9335749149497085 0.35838230728740567 0
    outer loop
      vertex -18.394932 104.11342 0
      vertex -18.394932 104.11342 3.24
      vertex -18.275640000000003 103.802668 3.24
    endloop
  endfacet
  facet normal 0.9659248777676986 0.25882258500651817 0
    outer loop
      vertex -18.275640000000003 103.802668 0
      vertex -18.275640000000003 103.802668 3.24
      vertex -18.189492 103.481164 3.24
    endloop
  endfacet
  facet normal 0.9876897805115656 0.15642537349488878 0
    outer loop
      vertex -18.189492 103.481164 0
      vertex -18.189492 103.481164 3.24
      vertex -18.137424000000003 103.1524 3.24
    endloop
  endfacet
  facet normal -0.9278313242952664 -0.3730000451159387 0
    outer loop
      vertex -20.901264 90.583372 0
      vertex -21.186 91.291648 12
      vertex -21.186 91.291648 0
    endloop
  endfacet
  facet normal -0.9156623752179064 -0.40194827355059254 0
    outer loop
      vertex -20.901264 90.583372 0
      vertex -20.594424 89.884372 0
      vertex -20.901264 90.583372 12
    endloop
  endfacet
  facet normal -0.9025912772735619 -0.43049853215740463 0
    outer loop
      vertex -20.594424 89.884372 0
      vertex -20.265792 89.195356 0
      vertex -20.594424 89.884372 12
    endloop
  endfacet
  facet normal -0.8886159036546698 -0.45865212936603134 0
    outer loop
      vertex -20.265792 89.195356 0
      vertex -19.915668 88.517008 0
      vertex -20.265792 89.195356 12
    endloop
  endfacet
  facet normal -0.8737699352234432 -0.48633949078768 0
    outer loop
      vertex -19.915668 88.517008 0
      vertex -19.544412 87.85 0
      vertex -19.915668 88.517008 12
    endloop
  endfacet
  facet normal -0.8580472827177558 -0.5135706968087992 0
    outer loop
      vertex -19.152396 87.19504 0
      vertex -19.544412 87.85 12
      vertex -19.544412 87.85 0
    endloop
  endfacet
  facet normal -0.9747641253541773 -0.22323731749531772 0
    outer loop
      vertex -22.0985532 94.20364000000001 0
      vertex -22.2689664 94.947748 12
      vertex -22.2689664 94.947748 0
    endloop
  endfacet
  facet normal -0.9672676769772746 -0.2537582335117163 0
    outer loop
      vertex -21.9048384 93.465244 0
      vertex -22.0985532 94.20364000000001 12
      vertex -22.0985532 94.20364000000001 0
    endloop
  endfacet
  facet normal -0.9588224673654939 -0.28400611978467405 0
    outer loop
      vertex -21.9048384 93.465244 0
      vertex -21.688032 92.733292 0
      vertex -21.9048384 93.465244 12
    endloop
  endfacet
  facet normal -0.9868539407829676 -0.16161466381837744 0
    outer loop
      vertex -22.539312000000002 96.450172 0
      vertex -22.41594 95.696836 0
      vertex -22.539312000000002 96.450172 12
    endloop
  endfacet
  facet normal -0.9950550998831352 -0.09932445920599729 0
    outer loop
      vertex -22.6389408 97.207024 0
      vertex -22.6422324 97.24 8.76
      vertex -22.6422324 97.24 3.24
    endloop
  endfacet
  facet normal -0.9914470067215707 -0.13050989565101062 0
    outer loop
      vertex -22.539312000000002 96.450172 0
      vertex -22.6389408 97.207024 12
      vertex -22.6389408 97.207024 0
    endloop
  endfacet
  facet normal -0.9812905906950828 -0.19253253390867536 0
    outer loop
      vertex -22.41594 95.696836 0
      vertex -22.2689664 94.947748 0
      vertex -22.41594 95.696836 12
    endloop
  endfacet
  facet normal 0 0 1
    outer loop
      vertex -24.324360000000002 101.83732 3.24
      vertex -24 102.4 3.24
      vertex -24.410508 102.158836 3.24
    endloop
  endfacet
  facet normal 0 0 1
    outer loop
      vertex -24.324360000000002 101.83732 3.24
      vertex -24.205068 101.52658 3.24
      vertex -24 102.4 3.24
    endloop
  endfacet
  facet normal 0 0 1
    outer loop
      vertex -24.205068 101.52658 3.24
      vertex -24.053964 101.23 3.24
      vertex -23.400000000000002 102.4 3.24
    endloop
  endfacet
  facet normal 0 0 1
    outer loop
      vertex -24.205068 101.52658 3.24
      vertex -23.400000000000002 102.4 3.24
      vertex -24 102.4 3.24
    endloop
  endfacet
  facet normal 0 0 1
    outer loop
      vertex -23.400000000000002 100.4342596 3.24
      vertex -23.1691572 100.2473248 3.24
      vertex -22.8 100.48 3.24
    endloop
  endfacet
  facet normal 0 0 1
    outer loop
      vertex -23.8726728 100.9508428 3.24
      vertex -23.663200800000002 100.6921636 3.24
      vertex -23.400000000000002 102.4 3.24
    endloop
  endfacet
  facet normal 0 0 1
    outer loop
      vertex -23.427834 100.4567992 3.24
      vertex -23.400000000000002 102.4 3.24
      vertex -23.663200800000002 100.6921636 3.24
    endloop
  endfacet
  facet normal 0 0 1
    outer loop
      vertex -24.053964 101.23 3.24
      vertex -23.8726728 100.9508428 3.24
      vertex -23.400000000000002 102.4 3.24
    endloop
  endfacet
  facet normal 0 0 1
    outer loop
      vertex -23.427834 100.4567992 3.24
      vertex -23.400000000000002 100.4342596 3.24
      vertex -23.400000000000002 102.4 3.24
    endloop
  endfacet
  facet normal 0 0 1
    outer loop
      vertex -23.400000000000002 100.4342596 3.24
      vertex -23.081412 102.02686 3.24
      vertex -23.400000000000002 102.4 3.24
    endloop
  endfacet
  facet normal 0 0 1
    outer loop
      vertex -23.400000000000002 100.4342596 3.24
      vertex -22.988748 101.845 3.24
      vertex -23.081412 102.02686 3.24
    endloop
  endfacet
  facet normal 0 0 1
    outer loop
      vertex -23.1545592 102.21742 3.24
      vertex -23.400000000000002 102.4 3.24
      vertex -23.081412 102.02686 3.24
    endloop
  endfacet
  facet normal 0 0 1
    outer loop
      vertex -24.462576000000002 102.4876 3.24
      vertex -24 102.88 3.24
      vertex -24.48 102.82 3.24
    endloop
  endfacet
  facet normal 0 0 1
    outer loop
      vertex -24.48 102.82 3.24
      vertex -24 102.88 3.24
      vertex -24.462576000000002 103.1524 3.24
    endloop
  endfacet
  facet normal 0 0 1
    outer loop
      vertex -24.410508 102.158836 3.24
      vertex -24 102.4 3.24
      vertex -24.462576000000002 102.4876 3.24
    endloop
  endfacet
  facet normal 0 0 1
    outer loop
      vertex -24.462576000000002 102.4876 3.24
      vertex -24 102.4 3.24
      vertex -24 102.88 3.24
    endloop
  endfacet
  facet normal 0 0 1
    outer loop
      vertex -24.462576000000002 103.1524 3.24
      vertex -24 102.88 3.24
      vertex -24.410508 103.481164 3.24
    endloop
  endfacet
  facet normal 0 0 1
    outer loop
      vertex -24.410508 103.481164 3.24
      vertex -24 102.88 3.24
      vertex -24.324360000000002 103.802668 3.24
    endloop
  endfacet
  facet normal 0 0 1
    outer loop
      vertex -24.324360000000002 103.802668 3.24
      vertex -24 102.88 3.24
      vertex -23.400000000000002 102.88 3.24
    endloop
  endfacet
  facet normal 0 0 1
    outer loop
      vertex -24.324360000000002 103.802668 3.24
      vertex -23.400000000000002 102.88 3.24
      vertex -24.205068 104.11342 3.24
    endloop
  endfacet
  facet normal 0 0 1
    outer loop
      vertex -24.205068 104.11342 3.24
      vertex -23.400000000000002 102.88 3.24
      vertex -24.053964 104.41 3.24
    endloop
  endfacet
  facet normal 0 0 1
    outer loop
      vertex -24.053964 104.41 3.24
      vertex -23.400000000000002 102.88 3.24
      vertex -23.8726728 104.689156 3.24
    endloop
  endfacet
  facet normal 0 0 1
    outer loop
      vertex -23.400000000000002 102.88 3.24
      vertex -23.2468548 102.88 3.24
      vertex -23.2393164 103.023832 3.24
    endloop
  endfacet
  facet normal 0 0 1
    outer loop
      vertex -23.1545592 102.21742 3.24
      vertex -23.203482 102.4 3.24
      vertex -23.400000000000002 102.4 3.24
    endloop
  endfacet
  facet normal 0 0 -1
    outer loop
      vertex -23.207386800000002 102.414568 3.24
      vertex -23.2393164 102.616168 3.24
      vertex -23.203482 102.4 3.24
    endloop
  endfacet
  facet normal 0 0 -1
    outer loop
      vertex -23.2393164 102.616168 3.24
      vertex -23.2468548 102.88 3.24
      vertex -23.203482 102.4 3.24
    endloop
  endfacet
  facet normal 0 0 -1
    outer loop
      vertex -23.2393164 102.616168 3.24
      vertex -23.25 102.82 3.24
      vertex -23.2468548 102.88 3.24
    endloop
  endfacet
  facet normal 0 0 1
    outer loop
      vertex -23.400000000000002 102.88 3.24
      vertex -23.2393164 103.023832 3.24
      vertex -23.207386800000002 103.225432 3.24
    endloop
  endfacet
  facet normal 0 0 1
    outer loop
      vertex -23.400000000000002 102.88 3.24
      vertex -23.207386800000002 103.225432 3.24
      vertex -23.1545592 103.42258 3.24
    endloop
  endfacet
  facet normal 0 0 1
    outer loop
      vertex -23.400000000000002 102.88 3.24
      vertex -23.1545592 103.42258 3.24
      vertex -23.400000000000002 105.205744 3.24
    endloop
  endfacet
  facet normal 0 0 1
    outer loop
      vertex -23.1545592 103.42258 3.24
      vertex -23.081412 103.61314 3.24
      vertex -23.400000000000002 105.205744 3.24
    endloop
  endfacet
  facet normal 0 0 1
    outer loop
      vertex -23.8726728 104.689156 3.24
      vertex -23.400000000000002 102.88 3.24
      vertex -23.663200800000002 104.94784 3.24
    endloop
  endfacet
  facet normal 0 0 1
    outer loop
      vertex -23.400000000000002 102.88 3.24
      vertex -23.427834 105.183196 3.24
      vertex -23.663200800000002 104.94784 3.24
    endloop
  endfacet
  facet normal 0 0 1
    outer loop
      vertex -23.400000000000002 102.88 3.24
      vertex -23.400000000000002 105.205744 3.24
      vertex -23.427834 105.183196 3.24
    endloop
  endfacet
  facet normal 0 0 1
    outer loop
      vertex -23.400000000000002 105.205744 3.24
      vertex -23.081412 103.61314 3.24
      vertex -22.988748 103.795 3.24
    endloop
  endfacet
  facet normal 0 0 1
    outer loop
      vertex -23.400000000000002 105.205744 3.24
      vertex -22.8 105.28 3.24
      vertex -23.1691572 105.392668 3.24
    endloop
  endfacet
  facet normal 0 0 1
    outer loop
      vertex -23.1691572 100.2473248 3.24
      vertex -22.889999760000002 100.06603816 3.24
      vertex -22.8 100.48 3.24
    endloop
  endfacet
  facet normal 0 0 1
    outer loop
      vertex -22.889999760000002 100.06603816 3.24
      vertex -22.8 100.02018136 3.24
      vertex -22.8 100.48 3.24
    endloop
  endfacet
  facet normal 0 0 1
    outer loop
      vertex -23.400000000000002 100.4342596 3.24
      vertex -22.8 100.48 3.24
      vertex -22.749133320000002 101.515192 3.24
    endloop
  endfacet
  facet normal 0 0 1
    outer loop
      vertex -23.400000000000002 100.4342596 3.24
      vertex -22.877582880000002 101.67382 3.24
      vertex -22.988748 101.845 3.24
    endloop
  endfacet
  facet normal 0 0 1
    outer loop
      vertex -23.400000000000002 100.4342596 3.24
      vertex -22.749133320000002 101.515192 3.24
      vertex -22.877582880000002 101.67382 3.24
    endloop
  endfacet
  facet normal 0 0 1
    outer loop
      vertex -22.8 100.48 3.24
      vertex -22.6048044 101.370868 3.24
      vertex -22.749133320000002 101.515192 3.24
    endloop
  endfacet
  facet normal 0 0 1
    outer loop
      vertex -22.8 100.48 3.24
      vertex -22.4461824 101.24242 3.24
      vertex -22.6048044 101.370868 3.24
    endloop
  endfacet
  facet normal 0 0 1
    outer loop
      vertex -22.8 100.48 3.24
      vertex -22.275001200000002 101.1312496 3.24
      vertex -22.4461824 101.24242 3.24
    endloop
  endfacet
  facet normal 0 0 1
    outer loop
      vertex -22.794667056 99.4910968 3.24
      vertex -22.766687400000002 98.728228 3.24
      vertex -19.79532 99.5539156 3.24
    endloop
  endfacet
  facet normal 0 0 1
    outer loop
      vertex -22.794667056 99.4910968 3.24
      vertex -19.79532 99.5539156 3.24
      vertex -22.797322068 100 3.24
    endloop
  endfacet
  facet normal 0 0 1
    outer loop
      vertex -22.8 100.48 3.24
      vertex -22.093137600000002 101.0385856 3.24
      vertex -22.275001200000002 101.1312496 3.24
    endloop
  endfacet
  facet normal 0 0 1
    outer loop
      vertex -22.8 100.48 3.24
      vertex -21.9025836 100.9654396 3.24
      vertex -22.093137600000002 101.0385856 3.24
    endloop
  endfacet
  facet normal 0 0 1
    outer loop
      vertex -22.8 100.48 3.24
      vertex -21.705428400000002 100.9126108 3.24
      vertex -21.9025836 100.9654396 3.24
    endloop
  endfacet
  facet normal 0 0 1
    outer loop
      vertex -22.8 100.48 3.24
      vertex -21.503832 100.8806812 3.24
      vertex -21.705428400000002 100.9126108 3.24
    endloop
  endfacet
  facet normal 0 0 1
    outer loop
      vertex -22.8 100.48 3.24
      vertex -21.3 100.8699988 3.24
      vertex -21.503832 100.8806812 3.24
    endloop
  endfacet
  facet normal 0 0 1
    outer loop
      vertex -23.400000000000002 105.205744 3.24
      vertex -22.988748 103.795 3.24
      vertex -22.877582880000002 103.96618 3.24
    endloop
  endfacet
  facet normal 0 0 1
    outer loop
      vertex -23.400000000000002 105.205744 3.24
      vertex -22.877582880000002 103.96618 3.24
      vertex -22.8 104.8 3.24
    endloop
  endfacet
  facet normal 0 0 1
    outer loop
      vertex -22.877582880000002 103.96618 3.24
      vertex -22.749133320000002 104.124808 3.24
      vertex -22.8 104.8 3.24
    endloop
  endfacet
  facet normal 0 0 1
    outer loop
      vertex -23.400000000000002 105.205744 3.24
      vertex -22.8 104.8 3.24
      vertex -22.8 105.28 3.24
    endloop
  endfacet
  facet normal 0 0 1
    outer loop
      vertex -23.1691572 105.392668 3.24
      vertex -22.8 105.28 3.24
      vertex -22.889999760000002 105.573964 3.24
    endloop
  endfacet
  facet normal 0 0 1
    outer loop
      vertex -22.749133320000002 104.124808 3.24
      vertex -22.6048044 104.269132 3.24
      vertex -22.8 104.8 3.24
    endloop
  endfacet
  facet normal 0 0 1
    outer loop
      vertex -22.8 104.8 3.24
      vertex -22.6048044 104.269132 3.24
      vertex -22.4461824 104.39758 3.24
    endloop
  endfacet
  facet normal 0 0 1
    outer loop
      vertex -22.8 104.8 3.24
      vertex -22.4461824 104.39758 3.24
      vertex -22.275000000000002 104.508748 3.24
    endloop
  endfacet
  facet normal 0 0 1
    outer loop
      vertex -22.8 105.28 3.24
      vertex -22.5934224 105.72508 3.24
      vertex -22.889999760000002 105.573964 3.24
    endloop
  endfacet
  facet normal 0 0 1
    outer loop
      vertex -22.8 105.28 3.24
      vertex -22.282674 105.84436 3.24
      vertex -22.5934224 105.72508 3.24
    endloop
  endfacet
  facet normal 0 0 -1
    outer loop
      vertex -23.203482 102.4 3.24
      vertex -23.2468548 102.88 3.24
      vertex -19.353144 102.88 3.24
    endloop
  endfacet
  facet normal 0 0 1
    outer loop
      vertex -22.8 104.8 3.24
      vertex -22.275000000000002 104.508748 3.24
      vertex -22.093137600000002 104.601412 3.24
    endloop
  endfacet
  facet normal 0 0 1
    outer loop
      vertex -22.8 104.8 3.24
      vertex -22.093137600000002 104.601412 3.24
      vertex -21.9025836 104.674564 3.24
    endloop
  endfacet
  facet normal 0 0 1
    outer loop
      vertex -22.8 104.8 3.24
      vertex -21.9025836 104.674564 3.24
      vertex -21.705428400000002 104.727388 3.24
    endloop
  endfacet
  facet normal 0 0 1
    outer loop
      vertex -22.8 105.28 3.24
      vertex -22.0859628 105.897064 3.24
      vertex -22.282674 105.84436 3.24
    endloop
  endfacet
  facet normal 0 0 1
    outer loop
      vertex -22.8 105.28 3.24
      vertex -21.6 106 3.24
      vertex -22.0859628 105.897064 3.24
    endloop
  endfacet
  facet normal 0 0 1
    outer loop
      vertex -22.8 104.8 3.24
      vertex -21.705428400000002 104.727388 3.24
      vertex -21.503832 104.75932 3.24
    endloop
  endfacet
  facet normal 0 0 1
    outer loop
      vertex -22.8 104.8 3.24
      vertex -21.503832 104.75932 3.24
      vertex -21.3 104.77 3.24
    endloop
  endfacet
  facet normal 0 0 1
    outer loop
      vertex -22.0859628 105.897064 3.24
      vertex -21.8494944 105.97378 3.24
      vertex -21.9708204 105.941272 3.24
    endloop
  endfacet
  facet normal 0 0 1
    outer loop
      vertex -22.0859628 105.897064 3.24
      vertex -21.725434800000002 105.993424 3.24
      vertex -21.8494944 105.97378 3.24
    endloop
  endfacet
  facet normal 0 0 1
    outer loop
      vertex -22.8 105.28 3.24
      vertex -21 106 3.24
      vertex -21.6 106 3.24
    endloop
  endfacet
  facet normal 0 0 1
    outer loop
      vertex -22.0859628 105.897064 3.24
      vertex -21.6 106 3.24
      vertex -21.725434800000002 105.993424 3.24
    endloop
  endfacet
  facet normal -1 0 0
    outer loop
      vertex -22.8 100 0
      vertex -22.8 100.02018136 8.76
      vertex -22.8 100.02018136 3.24
    endloop
  endfacet
  facet normal 0 0 1
    outer loop
      vertex -22.6422324 97.24 3.24
      vertex -19.725276 98.217664 3.24
      vertex -22.71476436 97.966624 3.24
    endloop
  endfacet
  facet normal 0 0 1
    outer loop
      vertex -22.71476436 97.966624 3.24
      vertex -19.770792 98.8852396 3.24
      vertex -22.766687400000002 98.728228 3.24
    endloop
  endfacet
  facet normal 0 0 1
    outer loop
      vertex -22.6422324 97.24 3.24
      vertex -19.658820000000002 97.551832 3.24
      vertex -19.725276 98.217664 3.24
    endloop
  endfacet
  facet normal 0 0 1
    outer loop
      vertex -22.6422324 97.24 3.24
      vertex -19.617768 97.24 3.24
      vertex -19.658820000000002 97.551832 3.24
    endloop
  endfacet
  facet normal 0 0 1
    outer loop
      vertex -22.71476436 97.966624 3.24
      vertex -19.725276 98.217664 3.24
      vertex -19.770792 98.8852396 3.24
    endloop
  endfacet
  facet normal -0.9494211065510154 -0.314005672616667 0
    outer loop
      vertex -21.448332 92.00854 0
      vertex -21.688032 92.733292 12
      vertex -21.688032 92.733292 0
    endloop
  endfacet
  facet normal -0.9390998398040727 -0.34364442506748877 0
    outer loop
      vertex -21.448332 92.00854 0
      vertex -21.186 91.291648 0
      vertex -21.448332 92.00854 12
    endloop
  endfacet
  facet normal 0.9672626672255531 0.2537773287583205 0
    outer loop
      vertex -19.185156 94.919236 0
      vertex -19.015344 94.272004 12
      vertex -19.015344 94.272004 0
    endloop
  endfacet
  facet normal 0.98685384114222 0.16161527224506433 0
    outer loop
      vertex -19.463352 96.228088 0
      vertex -19.571496 96.888436 0
      vertex -19.463352 96.228088 12
    endloop
  endfacet
  facet normal 0.9747640345667091 0.2232377139177688 0
    outer loop
      vertex -19.185156 94.919236 0
      vertex -19.334532 95.571484 0
      vertex -19.185156 94.919236 12
    endloop
  endfacet
  facet normal 0.9812928286656462 0.19252112717666853 0
    outer loop
      vertex -19.463352 96.228088 0
      vertex -19.334532 95.571484 12
      vertex -19.334532 95.571484 0
    endloop
  endfacet
  facet normal 0 0 1
    outer loop
      vertex -22.8 100.48 3.24
      vertex -19.200000000000003 100.48 3.24
      vertex -21.3 100.8699988 3.24
    endloop
  endfacet
  facet normal 0 0 1
    outer loop
      vertex -22.766687400000002 98.728228 3.24
      vertex -19.770792 98.8852396 3.24
      vertex -19.79532 99.5539156 3.24
    endloop
  endfacet
  facet normal 0 0 1
    outer loop
      vertex -22.797322068 100 3.24
      vertex -19.79532 99.5539156 3.24
      vertex -19.797648000000002 100 3.24
    endloop
  endfacet
  facet normal 0 0 1
    outer loop
      vertex -21.3 100.8699988 3.24
      vertex -19.200000000000003 100.48 3.24
      vertex -21.096168000000002 100.8806812 3.24
    endloop
  endfacet
  facet normal 0 0 1
    outer loop
      vertex -22.8 105.28 3.24
      vertex -20.514036 105.897064 3.24
      vertex -21 106 3.24
    endloop
  endfacet
  facet normal 0 0 1
    outer loop
      vertex -22.8 104.8 3.24
      vertex -21.3 104.77 3.24
      vertex -19.200000000000003 104.8 3.24
    endloop
  endfacet
  facet normal 0 0 1
    outer loop
      vertex -22.8 105.28 3.24
      vertex -20.317332 105.84436 3.24
      vertex -20.514036 105.897064 3.24
    endloop
  endfacet
  facet normal 0 0 -1
    outer loop
      vertex -23.203482 102.4 3.24
      vertex -19.353144 102.88 3.24
      vertex -19.396512 102.4 3.24
    endloop
  endfacet
  facet normal 0 0 1
    outer loop
      vertex -22.8 105.28 3.24
      vertex -20.00658 105.72508 3.24
      vertex -20.317332 105.84436 3.24
    endloop
  endfacet
  facet normal 0 0 1
    outer loop
      vertex -22.8 105.28 3.24
      vertex -19.71 105.573964 3.24
      vertex -20.00658 105.72508 3.24
    endloop
  endfacet
  facet normal 0 0 1
    outer loop
      vertex -21 106 3.24
      vertex -20.750508 105.97378 3.24
      vertex -20.874564 105.993424 3.24
    endloop
  endfacet
  facet normal 0 0 1
    outer loop
      vertex -21 106 3.24
      vertex -20.629176 105.941272 3.24
      vertex -20.750508 105.97378 3.24
    endloop
  endfacet
  facet normal 0 0 1
    outer loop
      vertex -21.3 104.77 3.24
      vertex -21.096168000000002 104.75932 3.24
      vertex -19.200000000000003 104.8 3.24
    endloop
  endfacet
  facet normal 0 0 1
    outer loop
      vertex -22.8 105.28 3.24
      vertex -19.291704000000003 105.28 3.24
      vertex -19.71 105.573964 3.24
    endloop
  endfacet
  facet normal 0 0 1
    outer loop
      vertex -21 106 3.24
      vertex -20.514036 105.897064 3.24
      vertex -20.629176 105.941272 3.24
    endloop
  endfacet
  facet normal 0 0 -1
    outer loop
      vertex -19.8 100.00000228882 3.24
      vertex -19.8 100.02018148 3.24
      vertex -19.797648000000002 100.00000228882 3.24
    endloop
  endfacet
  facet normal 0 0 -1
    outer loop
      vertex -19.797648000000002 100 3.24
      vertex -19.797648000000002 100.00000228882 3.24
      vertex -19.71 100.06603816 3.24
    endloop
  endfacet
  facet normal 0 0 -1
    outer loop
      vertex -19.797648000000002 100.00000228882 3.24
      vertex -19.8 100.02018148 3.24
      vertex -19.71 100.06603816 3.24
    endloop
  endfacet
  facet normal 0 0 1
    outer loop
      vertex -21.096168000000002 100.8806812 3.24
      vertex -19.200000000000003 100.48 3.24
      vertex -20.894568 100.9126108 3.24
    endloop
  endfacet
  facet normal 0 0 1
    outer loop
      vertex -20.894568 100.9126108 3.24
      vertex -19.200000000000003 100.48 3.24
      vertex -20.69742 100.9654396 3.24
    endloop
  endfacet
  facet normal 0 0 1
    outer loop
      vertex -20.69742 100.9654396 3.24
      vertex -19.200000000000003 100.48 3.24
      vertex -20.50686 101.0385856 3.24
    endloop
  endfacet
  facet normal 0 0 1
    outer loop
      vertex -20.50686 101.0385856 3.24
      vertex -19.200000000000003 100.48 3.24
      vertex -20.325 101.1312496 3.24
    endloop
  endfacet
  facet normal 0 0 1
    outer loop
      vertex -20.325 101.1312496 3.24
      vertex -19.200000000000003 100.48 3.24
      vertex -20.15382 101.24242 3.24
    endloop
  endfacet
  facet normal 0 0 1
    outer loop
      vertex -20.15382 101.24242 3.24
      vertex -19.200000000000003 100.48 3.24
      vertex -19.995192 101.370868 3.24
    endloop
  endfacet
  facet normal 0 0 -1
    outer loop
      vertex -19.797648000000002 100 3.24
      vertex -19.71 100.06603816 3.24
      vertex -18.96 100 3.24
    endloop
  endfacet
  facet normal 0 0 -1
    outer loop
      vertex -19.71 100.06603816 3.24
      vertex -19.430844 100.2473248 3.24
      vertex -18.96 100 3.24
    endloop
  endfacet
  facet normal 0 0 -1
    outer loop
      vertex -19.430844 100.2473248 3.24
      vertex -19.17216 100.4567992 3.24
      vertex -18.96 100 3.24
    endloop
  endfacet
  facet normal 0 0 1
    outer loop
      vertex -19.995192 101.370868 3.24
      vertex -19.200000000000003 100.48 3.24
      vertex -19.850868000000002 101.515192 3.24
    endloop
  endfacet
  facet normal 0 0 1
    outer loop
      vertex -19.850868000000002 101.515192 3.24
      vertex -19.200000000000003 100.48 3.24
      vertex -19.72242 101.67382 3.24
    endloop
  endfacet
  facet normal 0 0 1
    outer loop
      vertex -19.72242 101.67382 3.24
      vertex -19.200000000000003 100.48 3.24
      vertex -19.611252 101.845 3.24
    endloop
  endfacet
  facet normal 0 0 1
    outer loop
      vertex -19.611252 101.845 3.24
      vertex -19.200000000000003 100.48 3.24
      vertex -19.518588 102.02686 3.24
    endloop
  endfacet
  facet normal 0 0 1
    outer loop
      vertex -19.518588 102.02686 3.24
      vertex -19.200000000000003 102.4 3.24
      vertex -19.445436 102.21742 3.24
    endloop
  endfacet
  facet normal 0 0 -1
    outer loop
      vertex -19.17216 100.4567992 3.24
      vertex -19.148964 100.48 3.24
      vertex -18.96 100.48 3.24
    endloop
  endfacet
  facet normal 0 0 1
    outer loop
      vertex -19.200000000000003 100.48 3.24
      vertex -19.148964 100.48 3.24
      vertex -18.936804000000002 100.6921636 3.24
    endloop
  endfacet
  facet normal 0 0 1
    outer loop
      vertex -19.200000000000003 100.48 3.24
      vertex -18.936804000000002 100.6921636 3.24
      vertex -19.200000000000003 102.4 3.24
    endloop
  endfacet
  facet normal 0 0 1
    outer loop
      vertex -19.518588 102.02686 3.24
      vertex -19.200000000000003 100.48 3.24
      vertex -19.200000000000003 102.4 3.24
    endloop
  endfacet
  facet normal 0 0 1
    outer loop
      vertex -21.096168000000002 104.75932 3.24
      vertex -20.894568 104.727388 3.24
      vertex -19.200000000000003 104.8 3.24
    endloop
  endfacet
  facet normal 0 0 1
    outer loop
      vertex -20.894568 104.727388 3.24
      vertex -20.69742 104.674564 3.24
      vertex -19.200000000000003 104.8 3.24
    endloop
  endfacet
  facet normal 0 0 1
    outer loop
      vertex -20.69742 104.674564 3.24
      vertex -20.50686 104.601412 3.24
      vertex -19.200000000000003 104.8 3.24
    endloop
  endfacet
  facet normal 0 0 1
    outer loop
      vertex -20.50686 104.601412 3.24
      vertex -20.325 104.508748 3.24
      vertex -19.200000000000003 104.8 3.24
    endloop
  endfacet
  facet normal 0 0 1
    outer loop
      vertex -20.325 104.508748 3.24
      vertex -20.15382 104.39758 3.24
      vertex -19.200000000000003 104.8 3.24
    endloop
  endfacet
  facet normal 0 0 1
    outer loop
      vertex -20.15382 104.39758 3.24
      vertex -19.995192 104.269132 3.24
      vertex -19.200000000000003 104.8 3.24
    endloop
  endfacet
  facet normal 0 0 1
    outer loop
      vertex -19.611252 103.795 3.24
      vertex -19.518588 103.61314 3.24
      vertex -19.200000000000003 104.8 3.24
    endloop
  endfacet
  facet normal 0 0 1
    outer loop
      vertex -19.518588 103.61314 3.24
      vertex -19.445436 103.42258 3.24
      vertex -19.200000000000003 104.8 3.24
    endloop
  endfacet
  facet normal 0 0 1
    outer loop
      vertex -19.445436 102.21742 3.24
      vertex -19.200000000000003 102.4 3.24
      vertex -19.396512 102.4 3.24
    endloop
  endfacet
  facet normal 0 0 -1
    outer loop
      vertex -19.396512 102.4 3.24
      vertex -19.360680000000002 102.616168 3.24
      vertex -19.392612 102.414568 3.24
    endloop
  endfacet
  facet normal 0 0 -1
    outer loop
      vertex -19.396512 102.4 3.24
      vertex -19.353144 102.88 3.24
      vertex -19.360680000000002 102.616168 3.24
    endloop
  endfacet
  facet normal 0 0 -1
    outer loop
      vertex -19.360680000000002 102.616168 3.24
      vertex -19.353144 102.88 3.24
      vertex -19.35 102.82 3.24
    endloop
  endfacet
  facet normal 0 0 1
    outer loop
      vertex -19.353144 102.88 3.24
      vertex -19.200000000000003 102.88 3.24
      vertex -19.360680000000002 103.023832 3.24
    endloop
  endfacet
  facet normal 0 0 1
    outer loop
      vertex -19.392612 103.225432 3.24
      vertex -19.200000000000003 102.88 3.24
      vertex -19.445436 103.42258 3.24
    endloop
  endfacet
  facet normal 0 0 1
    outer loop
      vertex -19.392612 103.225432 3.24
      vertex -19.360680000000002 103.023832 3.24
      vertex -19.200000000000003 102.88 3.24
    endloop
  endfacet
  facet normal 0 0 1
    outer loop
      vertex -19.445436 103.42258 3.24
      vertex -19.200000000000003 102.88 3.24
      vertex -19.200000000000003 104.8 3.24
    endloop
  endfacet
  facet normal 0 0 1
    outer loop
      vertex -19.850868000000002 104.124808 3.24
      vertex -19.200000000000003 104.8 3.24
      vertex -19.995192 104.269132 3.24
    endloop
  endfacet
  facet normal 0 0 1
    outer loop
      vertex -19.850868000000002 104.124808 3.24
      vertex -19.72242 103.96618 3.24
      vertex -19.200000000000003 104.8 3.24
    endloop
  endfacet
  facet normal 0 0 1
    outer loop
      vertex -19.72242 103.96618 3.24
      vertex -19.611252 103.795 3.24
      vertex -19.200000000000003 104.8 3.24
    endloop
  endfacet
  facet normal 0 0 1
    outer loop
      vertex -19.71 105.573964 3.24
      vertex -19.291704000000003 105.28 3.24
      vertex -19.430844 105.392668 3.24
    endloop
  endfacet
  facet normal 0 0 -1
    outer loop
      vertex -19.291704000000003 105.28 3.24
      vertex -18.96 105.28 3.24
      vertex -19.17216 105.183196 3.24
    endloop
  endfacet
  facet normal -1 0 0
    outer loop
      vertex -24 102.4 3.24
      vertex -24 102.88 8.76
      vertex -24 102.88 3.24
    endloop
  endfacet
  facet normal 0 -1 0
    outer loop
      vertex -24 102.4 3.24
      vertex -23.400000000000002 102.4 3.24
      vertex -24 102.4 8.76
    endloop
  endfacet
  facet normal 0 1 0
    outer loop
      vertex -24 102.88 3.24
      vertex -24 102.88 8.76
      vertex -23.400000000000002 102.88 3.24
    endloop
  endfacet
  facet normal 0 1 0
    outer loop
      vertex -23.400000000000002 102.88 3.24
      vertex -23.400000000000002 102.88 8.76
      vertex -23.2468548 102.88 3.24
    endloop
  endfacet
  facet normal 0 -1 0
    outer loop
      vertex -23.400000000000002 102.4 3.24
      vertex -23.203482 102.4 3.24
      vertex -23.203482 102.4 8.76
    endloop
  endfacet
  facet normal 0 -1 0
    outer loop
      vertex -22.8 100 0
      vertex -22.797322068 100 3.24
      vertex -22.8 100 12
    endloop
  endfacet
  facet normal -1 0 0
    outer loop
      vertex -22.8 100.02018136 3.24
      vertex -22.8 100.48 8.76
      vertex -22.8 100.48 3.24
    endloop
  endfacet
  facet normal 0 -1 0
    outer loop
      vertex -22.797322068 100 3.24
      vertex -19.797648000000002 100 3.24
      vertex -22.797322068 100 8.76
    endloop
  endfacet
  facet normal -1 0 0
    outer loop
      vertex -22.8 104.8 3.24
      vertex -22.8 105.28 8.76
      vertex -22.8 105.28 3.24
    endloop
  endfacet
  facet normal 0 1 0
    outer loop
      vertex -23.2468548 102.88 3.24
      vertex -23.2468548 102.88 8.76
      vertex -19.353144 102.88 3.24
    endloop
  endfacet
  facet normal 0 1 0
    outer loop
      vertex -22.6422324 97.24 3.24
      vertex -22.6422324 97.24 8.76
      vertex -19.617768 97.24 3.24
    endloop
  endfacet
  facet normal 0.9914493418768416 0.1304921549058708 0
    outer loop
      vertex -19.571496 96.888436 0
      vertex -19.617768 97.24 3.24
      vertex -19.571496 96.888436 12
    endloop
  endfacet
  facet normal 0 1 0
    outer loop
      vertex -22.8 100.48 3.24
      vertex -22.8 100.48 8.76
      vertex -19.200000000000003 100.48 3.24
    endloop
  endfacet
  facet normal 0 -1 0
    outer loop
      vertex -22.8 104.8 3.24
      vertex -19.200000000000003 104.8 3.24
      vertex -22.8 104.8 8.76
    endloop
  endfacet
  facet normal 0 1 0
    outer loop
      vertex -22.8 105.28 3.24
      vertex -22.8 105.28 8.76
      vertex -19.291704000000003 105.28 3.24
    endloop
  endfacet
  facet normal 0 -1 0
    outer loop
      vertex -23.203482 102.4 3.24
      vertex -19.396512 102.4 3.24
      vertex -19.396512 102.4 8.76
    endloop
  endfacet
  facet normal 0 -1 0
    outer loop
      vertex -19.797648000000002 100 3.24
      vertex -18.96 100 3.24
      vertex -18.96 100 8.76
    endloop
  endfacet
  facet normal 0 1 0
    outer loop
      vertex -19.200000000000003 100.48 3.24
      vertex -19.200000000000003 100.48 8.76
      vertex -19.148964 100.48 3.24
    endloop
  endfacet
  facet normal 0 -1 0
    outer loop
      vertex -19.396512 102.4 3.24
      vertex -19.200000000000003 102.4 3.24
      vertex -19.200000000000003 102.4 8.76
    endloop
  endfacet
  facet normal 0 1 0
    outer loop
      vertex -19.353144 102.88 3.24
      vertex -19.353144 102.88 8.76
      vertex -19.200000000000003 102.88 3.24
    endloop
  endfacet
  facet normal 0 1 0
    outer loop
      vertex -19.291704000000003 105.28 3.24
      vertex -18.96 105.28 8.76
      vertex -18.96 105.28 3.24
    endloop
  endfacet
  facet normal -0.8415470025910072 -0.5401838968629954 0
    outer loop
      vertex -19.152396 87.19504 0
      vertex -18.739992 86.55256 0
      vertex -19.152396 87.19504 12
    endloop
  endfacet
  facet normal -0.8240914607620303 -0.5664567629564526 0
    outer loop
      vertex -18.739992 86.55256 0
      vertex -18.307608000000002 85.92352 0
      vertex -18.739992 86.55256 12
    endloop
  endfacet
  facet normal -0.8059324759127804 -0.592007469774745 0
    outer loop
      vertex -17.855676000000003 85.30828 0
      vertex -18.307608000000002 85.92352 12
      vertex -18.307608000000002 85.92352 0
    endloop
  endfacet
  facet normal -0.7869354334957198 -0.617035350291135 0
    outer loop
      vertex -17.855676000000003 85.30828 0
      vertex -17.384652000000003 84.70756 0
      vertex -17.855676000000003 85.30828 12
    endloop
  endfacet
  facet normal -0.7672076510633898 -0.6413987996167405 0
    outer loop
      vertex -17.384652000000003 84.70756 0
      vertex -16.89498 84.12184 0
      vertex -17.384652000000003 84.70756 12
    endloop
  endfacet
  facet normal -0.7465916936013194 -0.6652825287391168 0
    outer loop
      vertex -16.387164000000002 83.55196000000001 0
      vertex -16.89498 84.12184 12
      vertex -16.89498 84.12184 0
    endloop
  endfacet
  facet normal 0.888610989894681 0.45866164940879367 0
    outer loop
      vertex -17.578644 90.529264 0
      vertex -17.271744 89.934676 12
      vertex -17.271744 89.934676 0
    endloop
  endfacet
  facet normal 0.9025832048248286 0.430515456596092 0
    outer loop
      vertex -17.866716 91.133212 0
      vertex -17.578644 90.529264 12
      vertex -17.578644 90.529264 0
    endloop
  endfacet
  facet normal 0.8737865034923996 0.4863097226197794 0
    outer loop
      vertex -17.271744 89.934676 0
      vertex -16.94634 89.35 12
      vertex -16.94634 89.35 0
    endloop
  endfacet
  facet normal 0.8580509992233957 0.5135644874129561 0
    outer loop
      vertex -16.94634 89.35 0
      vertex -16.602696 88.775848 12
      vertex -16.602696 88.775848 0
    endloop
  endfacet
  facet normal 0.8415139505005208 0.540235384913842 0
    outer loop
      vertex -16.602696 88.775848 0
      vertex -16.241220000000002 88.212784 12
      vertex -16.241220000000002 88.212784 0
    endloop
  endfacet
  facet normal -0.7254113737444785 -0.6883155808509267 0
    outer loop
      vertex -16.387164000000002 83.55196000000001 0
      vertex -15.861684 82.99816 0
      vertex -16.387164000000002 83.55196000000001 12
    endloop
  endfacet
  facet normal -0.7033395760471504 -0.7108540221211487 0
    outer loop
      vertex -15.861684 82.99816 0
      vertex -15.319068000000001 82.46128 0
      vertex -15.319068000000001 82.46128 12
    endloop
  endfacet
  facet normal -0.6573843257509142 -0.753555471254118 0
    outer loop
      vertex -14.759868 81.94156 0
      vertex -14.184612000000001 81.43972 0
      vertex -14.184612000000001 81.43972 12
    endloop
  endfacet
  facet normal -0.6807766029513566 -0.7324911036142425 0
    outer loop
      vertex -15.319068000000001 82.46128 0
      vertex -14.759868 81.94156 0
      vertex -14.759868 81.94156 12
    endloop
  endfacet
  facet normal -0.6333713256498327 -0.7738480237388823 0
    outer loop
      vertex -14.184612000000001 81.43972 0
      vertex -13.593900000000001 80.95624000000001 0
      vertex -13.593900000000001 80.95624000000001 12
    endloop
  endfacet
  facet normal 0.8059343734427954 0.5920048865536237 0
    outer loop
      vertex -15.466092000000002 87.12208 0
      vertex -15.862224000000001 87.66136 0
      vertex -15.466092000000002 87.12208 12
    endloop
  endfacet
  facet normal 0.7869290564051322 0.6170434832208571 0
    outer loop
      vertex -15.466092000000002 87.12208 0
      vertex -15.053208000000001 86.59552 12
      vertex -15.053208000000001 86.59552 0
    endloop
  endfacet
  facet normal 0.824117269541836 0.5664192140481369 0
    outer loop
      vertex -16.241220000000002 88.212784 0
      vertex -15.862224000000001 87.66136 12
      vertex -15.862224000000001 87.66136 0
    endloop
  endfacet
  facet normal 0.7671795546494646 0.641432405579769 0
    outer loop
      vertex -15.053208000000001 86.59552 0
      vertex -14.623992000000001 86.08216 12
      vertex -14.623992000000001 86.08216 0
    endloop
  endfacet
  facet normal 0.746602345769355 0.6652705744970961 0
    outer loop
      vertex -14.623992000000001 86.08216 0
      vertex -14.178852000000001 85.5826 12
      vertex -14.178852000000001 85.5826 0
    endloop
  endfacet
  facet normal 0.7254067558732467 0.6883204475630897 0
    outer loop
      vertex -14.178852000000001 85.5826 0
      vertex -13.718268000000002 85.0972 12
      vertex -13.718268000000002 85.0972 0
    endloop
  endfacet
  facet normal 0.939093492520571 0.343661770212394 0
    outer loop
      vertex -18.615204000000002 92.995132 0
      vertex -18.385248 92.366752 12
      vertex -18.385248 92.366752 0
    endloop
  endfacet
  facet normal 0.9588185544305353 0.28401932976425837 0
    outer loop
      vertex -18.825300000000002 93.630436 0
      vertex -19.015344 94.272004 0
      vertex -18.825300000000002 93.630436 12
    endloop
  endfacet
  facet normal 0.9494302488715161 0.3139780287341313 0
    outer loop
      vertex -18.615204000000002 92.995132 0
      vertex -18.825300000000002 93.630436 0
      vertex -18.615204000000002 92.995132 12
    endloop
  endfacet
  facet normal 0.927837126808948 0.37298561113656425 0
    outer loop
      vertex -18.385248 92.366752 0
      vertex -18.135672 91.745908 12
      vertex -18.135672 91.745908 0
    endloop
  endfacet
  facet normal 0.915661900434471 0.4019493551341172 0
    outer loop
      vertex -17.866716 91.133212 0
      vertex -18.135672 91.745908 0
      vertex -17.866716 91.133212 12
    endloop
  endfacet
  facet normal 0 0 -1
    outer loop
      vertex -19.17216 100.4567992 3.24
      vertex -18.96 100.48 3.24
      vertex -18.96 100 3.24
    endloop
  endfacet
  facet normal 0 0 1
    outer loop
      vertex -19.200000000000003 102.4 3.24
      vertex -18.936804000000002 100.6921636 3.24
      vertex -18.727332 100.9508428 3.24
    endloop
  endfacet
  facet normal 0 0 1
    outer loop
      vertex -19.200000000000003 102.4 3.24
      vertex -18.727332 100.9508428 3.24
      vertex -18.546036 101.23 3.24
    endloop
  endfacet
  facet normal 0 0 1
    outer loop
      vertex -19.200000000000003 102.4 3.24
      vertex -18.546036 101.23 3.24
      vertex -18.394932 101.52658 3.24
    endloop
  endfacet
  facet normal 0 0 1
    outer loop
      vertex -19.200000000000003 102.4 3.24
      vertex -18.394932 101.52658 3.24
      vertex -18.275640000000003 101.83732 3.24
    endloop
  endfacet
  facet normal 0 0 1
    outer loop
      vertex -19.200000000000003 102.4 3.24
      vertex -18.275640000000003 101.83732 3.24
      vertex -18.189492 102.158836 3.24
    endloop
  endfacet
  facet normal 0 0 1
    outer loop
      vertex -19.200000000000003 102.88 3.24
      vertex -18.546036 104.41 3.24
      vertex -19.200000000000003 104.8 3.24
    endloop
  endfacet
  facet normal 0 0 1
    outer loop
      vertex -19.200000000000003 102.88 3.24
      vertex -18.394932 104.11342 3.24
      vertex -18.546036 104.41 3.24
    endloop
  endfacet
  facet normal 0 0 1
    outer loop
      vertex -19.200000000000003 102.4 3.24
      vertex -18.189492 102.158836 3.24
      vertex -18.151296000000002 102.4 3.24
    endloop
  endfacet
  facet normal 0 0 1
    outer loop
      vertex -19.200000000000003 102.88 3.24
      vertex -18.123144 102.88 3.24
      vertex -18.137424000000003 103.1524 3.24
    endloop
  endfacet
  facet normal 0 0 1
    outer loop
      vertex -19.200000000000003 102.88 3.24
      vertex -18.137424000000003 103.1524 3.24
      vertex -18.189492 103.481164 3.24
    endloop
  endfacet
  facet normal 0 0 1
    outer loop
      vertex -19.200000000000003 102.88 3.24
      vertex -18.275640000000003 103.802668 3.24
      vertex -18.394932 104.11342 3.24
    endloop
  endfacet
  facet normal 0 0 1
    outer loop
      vertex -19.200000000000003 102.88 3.24
      vertex -18.189492 103.481164 3.24
      vertex -18.275640000000003 103.802668 3.24
    endloop
  endfacet
  facet normal 0 0 1
    outer loop
      vertex -19.200000000000003 104.8 3.24
      vertex -18.546036 104.41 3.24
      vertex -18.96 104.8 3.24
    endloop
  endfacet
  facet normal 0 0 1
    outer loop
      vertex -18.96 104.8 3.24
      vertex -18.936804000000002 104.94784 3.24
      vertex -18.96 104.971036 3.24
    endloop
  endfacet
  facet normal 0 0 1
    outer loop
      vertex -18.96 104.8 3.24
      vertex -18.727332 104.689156 3.24
      vertex -18.936804000000002 104.94784 3.24
    endloop
  endfacet
  facet normal 0 0 1
    outer loop
      vertex -18.96 104.8 3.24
      vertex -18.546036 104.41 3.24
      vertex -18.727332 104.689156 3.24
    endloop
  endfacet
  facet normal 0 0 -1
    outer loop
      vertex -19.17216 105.183196 3.24
      vertex -18.96 105.28 3.24
      vertex -18.96 104.971036 3.24
    endloop
  endfacet
  facet normal 0 0 -1
    outer loop
      vertex -18.151296000000002 102.4 3.24
      vertex -18.137424000000003 102.4876 3.24
      vertex -17.880000000000003 102.4 3.24
    endloop
  endfacet
  facet normal 0 0 -1
    outer loop
      vertex -18.137424000000003 102.4876 3.24
      vertex -18.12 102.82 3.24
      vertex -17.880000000000003 102.88 3.24
    endloop
  endfacet
  facet normal 0 0 -1
    outer loop
      vertex -18.123144 102.88 3.24
      vertex -17.880000000000003 102.88 3.24
      vertex -18.12 102.82 3.24
    endloop
  endfacet
  facet normal 0 0 -1
    outer loop
      vertex -18.137424000000003 102.4876 3.24
      vertex -17.880000000000003 102.88 3.24
      vertex -17.880000000000003 102.4 3.24
    endloop
  endfacet
  facet normal 1 0 0
    outer loop
      vertex -18.96 100 3.24
      vertex -18.96 100.48 3.24
      vertex -18.96 100 8.76
    endloop
  endfacet
  facet normal 0 1 0
    outer loop
      vertex -19.148964 100.48 3.24
      vertex -18.96 100.48 8.76
      vertex -18.96 100.48 3.24
    endloop
  endfacet
  facet normal 0 1 0
    outer loop
      vertex -19.200000000000003 102.88 3.24
      vertex -19.200000000000003 102.88 8.76
      vertex -18.123144 102.88 3.24
    endloop
  endfacet
  facet normal 0 -1 0
    outer loop
      vertex -19.200000000000003 102.4 3.24
      vertex -18.151296000000002 102.4 3.24
      vertex -18.151296000000002 102.4 8.76
    endloop
  endfacet
  facet normal 0 -1 0
    outer loop
      vertex -19.200000000000003 104.8 3.24
      vertex -18.96 104.8 3.24
      vertex -18.96 104.8 8.76
    endloop
  endfacet
  facet normal 1 0 0
    outer loop
      vertex -18.96 104.8 3.24
      vertex -18.96 104.971036 3.24
      vertex -18.96 104.8 8.76
    endloop
  endfacet
  facet normal 1 0 0
    outer loop
      vertex -18.96 104.971036 3.24
      vertex -18.96 105.28 3.24
      vertex -18.96 104.971036 8.76
    endloop
  endfacet
  facet normal 0 -1 0
    outer loop
      vertex -18.151296000000002 102.4 3.24
      vertex -17.880000000000003 102.4 3.24
      vertex -17.880000000000003 102.4 8.76
    endloop
  endfacet
  facet normal 1 0 0
    outer loop
      vertex -17.880000000000003 102.4 3.24
      vertex -17.880000000000003 102.88 3.24
      vertex -17.880000000000003 102.4 8.76
    endloop
  endfacet
  facet normal 0 1 0
    outer loop
      vertex -18.123144 102.88 3.24
      vertex -17.880000000000003 102.88 8.76
      vertex -17.880000000000003 102.88 3.24
    endloop
  endfacet
  facet normal 0 0 -1
    outer loop
      vertex -6.557400000000001 75.88276 0
      vertex -4.480920000000001 78.04804 0
      vertex -6.081720000000001 75.412 0
    endloop
  endfacet
  facet normal 0 0 -1
    outer loop
      vertex -6.081720000000001 75.412 0
      vertex -3.9382800000000024 77.51104000000001 0
      vertex -5.621160000000003 74.92672 0
    endloop
  endfacet
  facet normal 0 0 -1
    outer loop
      vertex -5.621160000000003 74.92672 0
      vertex -3.4128000000000043 76.95736 0
      vertex -5.17596 74.42704 0
    endloop
  endfacet
  facet normal 0 0 -1
    outer loop
      vertex -5.17596 74.42704 0
      vertex -2.9050800000000017 76.38736 0
      vertex -4.746840000000002 73.91380000000001 0
    endloop
  endfacet
  facet normal 0 0 -1
    outer loop
      vertex -5.621160000000003 74.92672 0
      vertex -3.9382800000000024 77.51104000000001 0
      vertex -3.4128000000000043 76.95736 0
    endloop
  endfacet
  facet normal 0 0 -1
    outer loop
      vertex -3.4561199999999985 69.20164 0
      vertex -3.519000000000002 69.5986 0
      vertex -1.6393200000000014 69.79612 0
    endloop
  endfacet
  facet normal 0 0 -1
    outer loop
      vertex -3.352080000000001 68.81332 0
      vertex -3.4561199999999985 69.20164 0
      vertex -1.607400000000002 69.59452 0
    endloop
  endfacet
  facet normal 0 0 -1
    outer loop
      vertex -3.519000000000002 69.5986 0
      vertex -3.539999999999999 70 0
      vertex -1.6500000000000021 70 0
    endloop
  endfacet
  facet normal 0 0 -1
    outer loop
      vertex -3.539999999999999 70 0
      vertex -3.519000000000002 70.4014 0
      vertex -1.6500000000000021 70 0
    endloop
  endfacet
  facet normal 0 0 -1
    outer loop
      vertex -3.519000000000002 70.4014 0
      vertex -3.4561199999999985 70.79836 0
      vertex -1.6500000000000021 70 0
    endloop
  endfacet
  facet normal 0 0 -1
    outer loop
      vertex -3.4561199999999985 70.79836 0
      vertex -3.352080000000001 71.18668 0
      vertex -1.6500000000000021 70 0
    endloop
  endfacet
  facet normal 0 0 -1
    outer loop
      vertex -4.746840000000002 73.91380000000001 0
      vertex -2.4153599999999997 75.80176 0
      vertex -4.333919999999999 73.38724 0
    endloop
  endfacet
  facet normal 0 0 -1
    outer loop
      vertex -5.17596 74.42704 0
      vertex -3.4128000000000043 76.95736 0
      vertex -2.9050800000000017 76.38736 0
    endloop
  endfacet
  facet normal 0 0 -1
    outer loop
      vertex -3.558720000000001 72.29644 0
      vertex -3.9377999999999993 72.84796 0
      vertex -1.9443600000000032 75.20104 0
    endloop
  endfacet
  facet normal 0 0 -1
    outer loop
      vertex -4.333919999999999 73.38724 0
      vertex -1.9443600000000032 75.20104 0
      vertex -3.9377999999999993 72.84796 0
    endloop
  endfacet
  facet normal 0 0 -1
    outer loop
      vertex -3.558720000000001 72.29644 0
      vertex -1.9443600000000032 75.20104 0
      vertex -3.197280000000003 71.7334 0
    endloop
  endfacet
  facet normal 0 0 -1
    outer loop
      vertex -3.197280000000003 71.7334 0
      vertex -1.9443600000000032 75.20104 0
      vertex -3.15588 71.66416000000001 0
    endloop
  endfacet
  facet normal 0 0 -1
    outer loop
      vertex -4.746840000000002 73.91380000000001 0
      vertex -2.9050800000000017 76.38736 0
      vertex -2.4153599999999997 75.80176 0
    endloop
  endfacet
  facet normal 0 0 -1
    outer loop
      vertex -4.333919999999999 73.38724 0
      vertex -2.4153599999999997 75.80176 0
      vertex -1.9443600000000032 75.20104 0
    endloop
  endfacet
  facet normal -0.6574120843735854 -0.7535312543747456 0
    outer loop
      vertex -7.04748 76.33816 0
      vertex -7.04748 76.33816 12
      vertex -7.551720000000003 76.77808 0
    endloop
  endfacet
  facet normal -0.6807124952641814 -0.7325506800155276 0
    outer loop
      vertex -7.04748 76.33816 0
      vertex -6.557400000000001 75.88276 0
      vertex -6.557400000000001 75.88276 12
    endloop
  endfacet
  facet normal -0.7034214331992824 -0.7107730209538536 0
    outer loop
      vertex -6.557400000000001 75.88276 0
      vertex -6.081720000000001 75.412 0
      vertex -6.081720000000001 75.412 12
    endloop
  endfacet
  facet normal -0.7253396849508427 -0.6883911253316768 0
    outer loop
      vertex -6.081720000000001 75.412 0
      vertex -5.621160000000003 74.92672 0
      vertex -6.081720000000001 75.412 12
    endloop
  endfacet
  facet normal -0.7466371732278991 -0.6652314871939333 0
    outer loop
      vertex -5.621160000000003 74.92672 0
      vertex -5.17596 74.42704 0
      vertex -5.621160000000003 74.92672 12
    endloop
  endfacet
  facet normal -0.9659320635765792 -0.25879576610657923 0
    outer loop
      vertex -3.352080000000001 68.81332 0
      vertex -3.4561199999999985 69.20164 12
      vertex -3.4561199999999985 69.20164 0
    endloop
  endfacet
  facet normal -0.9335147741063858 -0.3585389330673916 0
    outer loop
      vertex -3.352080000000001 68.81332 0
      vertex -3.2079600000000035 68.43808 0
      vertex -3.352080000000001 68.81332 12
    endloop
  endfacet
  facet normal -0.8910577268238649 -0.4538899948968766 0
    outer loop
      vertex -3.2079600000000035 68.43808 0
      vertex -3.0255600000000022 68.08 0
      vertex -3.2079600000000035 68.43808 12
    endloop
  endfacet
  facet normal -0.8386959242060521 -0.5445999878077085 0
    outer loop
      vertex -3.0255600000000022 68.08 0
      vertex -2.80668 67.74292 0
      vertex -3.0255600000000022 68.08 12
    endloop
  endfacet
  facet normal -0.7671763688994846 -0.6414362158486232 0
    outer loop
      vertex -5.17596 74.42704 0
      vertex -4.746840000000002 73.91380000000001 0
      vertex -5.17596 74.42704 12
    endloop
  endfacet
  facet normal -0.7869029324532554 -0.6170767982159652 0
    outer loop
      vertex -4.746840000000002 73.91380000000001 0
      vertex -4.333919999999999 73.38724 0
      vertex -4.746840000000002 73.91380000000001 12
    endloop
  endfacet
  facet normal -0.8059429298593545 -0.5919932379763468 0
    outer loop
      vertex -4.333919999999999 73.38724 0
      vertex -3.9377999999999993 72.84796 0
      vertex -4.333919999999999 73.38724 12
    endloop
  endfacet
  facet normal -0.9876853754273103 -0.15645318522488788 0
    outer loop
      vertex -3.4561199999999985 69.20164 0
      vertex -3.519000000000002 69.5986 12
      vertex -3.519000000000002 69.5986 0
    endloop
  endfacet
  facet normal -0.9986342743773721 -0.052245440363533395 0
    outer loop
      vertex -3.519000000000002 69.5986 0
      vertex -3.539999999999999 70 12
      vertex -3.539999999999999 70 0
    endloop
  endfacet
  facet normal -0.9986342743773721 0.052245440363533395 0
    outer loop
      vertex -3.539999999999999 70 0
      vertex -3.519000000000002 70.4014 12
      vertex -3.519000000000002 70.4014 0
    endloop
  endfacet
  facet normal -0.9876853754273103 0.15645318522488788 0
    outer loop
      vertex -3.519000000000002 70.4014 0
      vertex -3.4561199999999985 70.79836 12
      vertex -3.4561199999999985 70.79836 0
    endloop
  endfacet
  facet normal -0.8241047011113819 -0.5664375001764274 0
    outer loop
      vertex -3.558720000000001 72.29644 0
      vertex -3.9377999999999993 72.84796 12
      vertex -3.9377999999999993 72.84796 0
    endloop
  endfacet
  facet normal -0.8415279422936277 -0.5402135895542178 0
    outer loop
      vertex -3.558720000000001 72.29644 0
      vertex -3.197280000000003 71.7334 0
      vertex -3.558720000000001 72.29644 12
    endloop
  endfacet
  facet normal -0.9659320635765792 0.25879576610657923 0
    outer loop
      vertex -3.4561199999999985 70.79836 0
      vertex -3.352080000000001 71.18668 12
      vertex -3.352080000000001 71.18668 0
    endloop
  endfacet
  facet normal -0.9335147741063858 0.3585389330673916 0
    outer loop
      vertex -3.352080000000001 71.18668 0
      vertex -3.2079600000000035 71.56192 12
      vertex -3.2079600000000035 71.56192 0
    endloop
  endfacet
  facet normal -0.8910554588142893 0.4538944473302756 0
    outer loop
      vertex -3.2079600000000035 71.56192 0
      vertex -3.15588 71.66416000000001 12
      vertex -3.15588 71.66416000000001 0
    endloop
  endfacet
  facet normal -0.8582794138390201 -0.5131826651204696 0
    outer loop
      vertex -3.197280000000003 71.7334 0
      vertex -3.15588 71.66416000000001 0
      vertex -3.197280000000003 71.7334 12
    endloop
  endfacet
  facet normal 0 0 -1
    outer loop
      vertex -14.184612000000001 81.43972 0
      vertex -12.248244000000001 83.73112 0
      vertex -13.593900000000001 80.95624000000001 0
    endloop
  endfacet
  facet normal 0 0 -1
    outer loop
      vertex -14.759868 81.94156 0
      vertex -13.242648 84.62656 0
      vertex -12.752472000000001 84.17104 0
    endloop
  endfacet
  facet normal 0 0 -1
    outer loop
      vertex -14.184612000000001 81.43972 0
      vertex -12.752472000000001 84.17104 0
      vertex -12.248244000000001 83.73112 0
    endloop
  endfacet
  facet normal 0 0 -1
    outer loop
      vertex -13.593900000000001 80.95624000000001 0
      vertex -11.730444000000002 83.30727999999999 0
      vertex -12.98826 80.4916 0
    endloop
  endfacet
  facet normal 0 0 -1
    outer loop
      vertex -13.593900000000001 80.95624000000001 0
      vertex -12.248244000000001 83.73112 0
      vertex -11.730444000000002 83.30727999999999 0
    endloop
  endfacet
  facet normal 0 0 -1
    outer loop
      vertex -12.368340000000002 80.04604 0
      vertex -12.98826 80.4916 0
      vertex -11.199588000000002 82.9 0
    endloop
  endfacet
  facet normal 0 0 -1
    outer loop
      vertex -12.368340000000002 80.04604 0
      vertex -10.656240000000002 82.50952000000001 0
      vertex -11.734728000000002 79.62028000000001 0
    endloop
  endfacet
  facet normal 0 0 -1
    outer loop
      vertex -12.98826 80.4916 0
      vertex -11.730444000000002 83.30727999999999 0
      vertex -11.199588000000002 82.9 0
    endloop
  endfacet
  facet normal 0 0 -1
    outer loop
      vertex -12.368340000000002 80.04604 0
      vertex -11.199588000000002 82.9 0
      vertex -10.656240000000002 82.50952000000001 0
    endloop
  endfacet
  facet normal 0 0 -1
    outer loop
      vertex -11.734728000000002 79.62028000000001 0
      vertex -10.10076 82.13632 0
      vertex -11.08806 79.21468 0
    endloop
  endfacet
  facet normal 0 0 -1
    outer loop
      vertex -10.651200000000001 78.95356000000001 0
      vertex -10.648680000000002 78.95788 0
      vertex -10.266 78.72844 0
    endloop
  endfacet
  facet normal 0 0 -1
    outer loop
      vertex -11.08806 79.21468 0
      vertex -9.534 81.78076 0
      vertex -10.648680000000002 78.95788 0
    endloop
  endfacet
  facet normal 0 0 -1
    outer loop
      vertex -10.648680000000002 78.95788 0
      vertex -9.15132 81.55132 0
      vertex -10.266 78.72844 0
    endloop
  endfacet
  facet normal 0 0 -1
    outer loop
      vertex -10.266 78.72844 0
      vertex -8.712000000000002 81.29464 0
      vertex -9.699240000000001 78.37288 0
    endloop
  endfacet
  facet normal 0 0 -1
    outer loop
      vertex -11.734728000000002 79.62028000000001 0
      vertex -10.656240000000002 82.50952000000001 0
      vertex -10.10076 82.13632 0
    endloop
  endfacet
  facet normal 0 0 -1
    outer loop
      vertex -11.08806 79.21468 0
      vertex -10.10076 82.13632 0
      vertex -9.534 81.78076 0
    endloop
  endfacet
  facet normal 0 0 -1
    outer loop
      vertex -10.648680000000002 78.95788 0
      vertex -9.534 81.78076 0
      vertex -9.15132 81.55132 0
    endloop
  endfacet
  facet normal 0 0 -1
    outer loop
      vertex -9.699240000000001 78.37288 0
      vertex -8.065320000000002 80.88892 0
      vertex -9.14376 77.99968 0
    endloop
  endfacet
  facet normal 0 0 -1
    outer loop
      vertex -9.699240000000001 78.37288 0
      vertex -8.712000000000002 81.29464 0
      vertex -8.065320000000002 80.88892 0
    endloop
  endfacet
  facet normal 0 0 -1
    outer loop
      vertex -9.14376 77.99968 0
      vertex -7.43172 80.46316 0
      vertex -8.6004 77.6092 0
    endloop
  endfacet
  facet normal 0 0 -1
    outer loop
      vertex -9.14376 77.99968 0
      vertex -8.065320000000002 80.88892 0
      vertex -7.43172 80.46316 0
    endloop
  endfacet
  facet normal 0 0 -1
    outer loop
      vertex -10.266 78.72844 0
      vertex -9.15132 81.55132 0
      vertex -8.712000000000002 81.29464 0
    endloop
  endfacet
  facet normal 0 0 -1
    outer loop
      vertex -9.534 81.78076 0
      vertex -9.148800000000001 81.55564 0
      vertex -9.15132 81.55132 0
    endloop
  endfacet
  facet normal 0 0 -1
    outer loop
      vertex -8.6004 77.6092 0
      vertex -6.811800000000002 80.01772 0
      vertex -8.069520000000002 77.20192 0
    endloop
  endfacet
  facet normal 0 0 -1
    outer loop
      vertex -8.6004 77.6092 0
      vertex -7.43172 80.46316 0
      vertex -6.811800000000002 80.01772 0
    endloop
  endfacet
  facet normal 0 0 -1
    outer loop
      vertex -8.069520000000002 77.20192 0
      vertex -6.206160000000001 79.55296 0
      vertex -7.551720000000003 76.77808 0
    endloop
  endfacet
  facet normal 0 0 -1
    outer loop
      vertex -8.069520000000002 77.20192 0
      vertex -6.811800000000002 80.01772 0
      vertex -6.206160000000001 79.55296 0
    endloop
  endfacet
  facet normal 0 0 -1
    outer loop
      vertex -7.04748 76.33816 0
      vertex -7.551720000000003 76.77808 0
      vertex -5.615400000000001 79.06948 0
    endloop
  endfacet
  facet normal 0 0 -1
    outer loop
      vertex -7.04748 76.33816 0
      vertex -5.040120000000002 78.56764 0
      vertex -6.557400000000001 75.88276 0
    endloop
  endfacet
  facet normal 0 0 -1
    outer loop
      vertex -7.551720000000003 76.77808 0
      vertex -6.206160000000001 79.55296 0
      vertex -5.615400000000001 79.06948 0
    endloop
  endfacet
  facet normal 0 0 -1
    outer loop
      vertex -7.04748 76.33816 0
      vertex -5.615400000000001 79.06948 0
      vertex -5.040120000000002 78.56764 0
    endloop
  endfacet
  facet normal 0 0 -1
    outer loop
      vertex -6.557400000000001 75.88276 0
      vertex -5.040120000000002 78.56764 0
      vertex -4.480920000000001 78.04804 0
    endloop
  endfacet
  facet normal 0 0 -1
    outer loop
      vertex -6.081720000000001 75.412 0
      vertex -4.480920000000001 78.04804 0
      vertex -3.9382800000000024 77.51104000000001 0
    endloop
  endfacet
  facet normal -0.6086922333330674 -0.7934064312066058 0
    outer loop
      vertex -13.593900000000001 80.95624000000001 0
      vertex -12.98826 80.4916 0
      vertex -12.98826 80.4916 12
    endloop
  endfacet
  facet normal -0.5836295704336153 -0.8120200271640311 0
    outer loop
      vertex -12.368340000000002 80.04604 0
      vertex -12.368340000000002 80.04604 12
      vertex -12.98826 80.4916 0
    endloop
  endfacet
  facet normal -0.5577364502620319 -0.8300181034466104 0
    outer loop
      vertex -12.368340000000002 80.04604 0
      vertex -11.734728000000002 79.62028000000001 0
      vertex -11.734728000000002 79.62028000000001 12
    endloop
  endfacet
  facet normal -0.5313477459270669 -0.8471538071083817 0
    outer loop
      vertex -11.734728000000002 79.62028000000001 0
      vertex -11.08806 79.21468 0
      vertex -11.08806 79.21468 12
    endloop
  endfacet
  facet normal 0.6334037917867721 0.7738214500452538 0
    outer loop
      vertex -12.248244000000001 83.73112 0
      vertex -12.248244000000001 83.73112 12
      vertex -11.730444000000002 83.30727999999999 0
    endloop
  endfacet
  facet normal 0.6087048585082224 0.7933967451587413 0
    outer loop
      vertex -11.730444000000002 83.30727999999999 0
      vertex -11.730444000000002 83.30727999999999 12
      vertex -11.199588000000002 82.9 0
    endloop
  endfacet
  facet normal 0.5835854195774587 0.8120517582374916 0
    outer loop
      vertex -11.199588000000002 82.9 0
      vertex -11.199588000000002 82.9 12
      vertex -10.656240000000002 82.50952000000001 0
    endloop
  endfacet
  facet normal 0.7033756617847494 0.7108183160336161 0
    outer loop
      vertex -13.718268000000002 85.0972 0
      vertex -13.718268000000002 85.0972 12
      vertex -13.242648 84.62656 0
    endloop
  endfacet
  facet normal 0.680737189601273 0.7325277323717924 0
    outer loop
      vertex -13.242648 84.62656 0
      vertex -13.242648 84.62656 12
      vertex -12.752472000000001 84.17104 0
    endloop
  endfacet
  facet normal 0.6574209679493525 0.7535235038806264 0
    outer loop
      vertex -12.248244000000001 83.73112 0
      vertex -12.752472000000001 84.17104 0
      vertex -12.752472000000001 84.17104 12
    endloop
  endfacet
  facet normal -0.5045965519023013 -0.8633552685935888 0
    outer loop
      vertex -11.08806 79.21468 0
      vertex -10.648680000000002 78.95788 0
      vertex -10.648680000000002 78.95788 12
    endloop
  endfacet
  facet normal -0.8637789008981759 0.5038710255245279 0
    outer loop
      vertex -10.651200000000001 78.95356000000001 0
      vertex -10.648680000000002 78.95788 12
      vertex -10.648680000000002 78.95788 0
    endloop
  endfacet
  facet normal -0.5045732267523123 -0.8633689007861932 0
    outer loop
      vertex -10.651200000000001 78.95356000000001 0
      vertex -10.266 78.72844 0
      vertex -10.266 78.72844 12
    endloop
  endfacet
  facet normal -0.5314330325571565 -0.8471003080551349 0
    outer loop
      vertex -10.266 78.72844 0
      vertex -9.699240000000001 78.37288 0
      vertex -9.699240000000001 78.37288 12
    endloop
  endfacet
  facet normal 0.557676061904741 0.8300586786356852 0
    outer loop
      vertex -10.656240000000002 82.50952000000001 0
      vertex -10.656240000000002 82.50952000000001 12
      vertex -10.10076 82.13632 0
    endloop
  endfacet
  facet normal 0.5314330325571412 0.8471003080551445 0
    outer loop
      vertex -9.534 81.78076 0
      vertex -10.10076 82.13632 0
      vertex -10.10076 82.13632 12
    endloop
  endfacet
  facet normal -0.5576760619047275 -0.830058678635694 0
    outer loop
      vertex -9.699240000000001 78.37288 0
      vertex -9.14376 77.99968 0
      vertex -9.14376 77.99968 12
    endloop
  endfacet
  facet normal -0.5835769205283925 -0.8120578660579543 0
    outer loop
      vertex -9.14376 77.99968 0
      vertex -8.6004 77.6092 0
      vertex -8.6004 77.6092 12
    endloop
  endfacet
  facet normal -0.6086875358958962 -0.7934100350039581 0
    outer loop
      vertex -8.6004 77.6092 0
      vertex -8.069520000000002 77.20192 0
      vertex -8.069520000000002 77.20192 12
    endloop
  endfacet
  facet normal 0.5045732267523141 0.8633689007861922 0
    outer loop
      vertex -9.534 81.78076 0
      vertex -9.534 81.78076 12
      vertex -9.148800000000001 81.55564 0
    endloop
  endfacet
  facet normal 0.8637789008981759 -0.5038710255245279 0
    outer loop
      vertex -9.15132 81.55132 0
      vertex -9.148800000000001 81.55564 0
      vertex -9.15132 81.55132 12
    endloop
  endfacet
  facet normal 0.5044721245268459 0.8634279793795026 0
    outer loop
      vertex -9.15132 81.55132 0
      vertex -9.15132 81.55132 12
      vertex -8.712000000000002 81.29464 0
    endloop
  endfacet
  facet normal 0.5314534754471352 0.8470874827520245 0
    outer loop
      vertex -8.712000000000002 81.29464 0
      vertex -8.712000000000002 81.29464 12
      vertex -8.065320000000002 80.88892 0
    endloop
  endfacet
  facet normal -0.6334037917867594 -0.7738214500452643 0
    outer loop
      vertex -8.069520000000002 77.20192 0
      vertex -7.551720000000003 76.77808 0
      vertex -7.551720000000003 76.77808 12
    endloop
  endfacet
  facet normal 0.5577437274969946 0.8300132134115444 0
    outer loop
      vertex -8.065320000000002 80.88892 0
      vertex -8.065320000000002 80.88892 12
      vertex -7.43172 80.46316 0
    endloop
  endfacet
  facet normal 0.5835259117757495 0.8120945205370372 0
    outer loop
      vertex -7.43172 80.46316 0
      vertex -7.43172 80.46316 12
      vertex -6.811800000000002 80.01772 0
    endloop
  endfacet
  facet normal 0.6087911777991192 0.7933305123553244 0
    outer loop
      vertex -6.811800000000002 80.01772 0
      vertex -6.811800000000002 80.01772 12
      vertex -6.206160000000001 79.55296 0
    endloop
  endfacet
  facet normal 0.6333405064653509 0.7738732472893818 0
    outer loop
      vertex -6.206160000000001 79.55296 0
      vertex -6.206160000000001 79.55296 12
      vertex -5.615400000000001 79.06948 0
    endloop
  endfacet
  facet normal 0.657368751989739 0.7535690571589662 0
    outer loop
      vertex -5.615400000000001 79.06948 0
      vertex -5.615400000000001 79.06948 12
      vertex -5.040120000000002 78.56764 0
    endloop
  endfacet
  facet normal 0.6806922518304305 0.732569490422593 0
    outer loop
      vertex -5.040120000000002 78.56764 0
      vertex -5.040120000000002 78.56764 12
      vertex -4.480920000000001 78.04804 0
    endloop
  endfacet
  facet normal 0.7034032833400727 0.710790982628793 0
    outer loop
      vertex -4.480920000000001 78.04804 0
      vertex -4.480920000000001 78.04804 12
      vertex -3.9382800000000024 77.51104000000001 0
    endloop
  endfacet
  facet normal 0.7253368898907401 0.6883940704012698 0
    outer loop
      vertex -3.9382800000000024 77.51104000000001 0
      vertex -3.4128000000000043 76.95736 12
      vertex -3.4128000000000043 76.95736 0
    endloop
  endfacet
  facet normal 0.7467237242323033 0.6651343320477746 0
    outer loop
      vertex -2.9050800000000017 76.38736 0
      vertex -3.4128000000000043 76.95736 0
      vertex -2.9050800000000017 76.38736 12
    endloop
  endfacet
  facet normal -0.9278313242952664 -0.3730000451159387 0
    outer loop
      vertex -20.901264 90.583372 0
      vertex -20.901264 90.583372 12
      vertex -21.186 91.291648 12
    endloop
  endfacet
  facet normal -0.9156623752179064 -0.40194827355059254 0
    outer loop
      vertex -20.594424 89.884372 0
      vertex -20.594424 89.884372 12
      vertex -20.901264 90.583372 12
    endloop
  endfacet
  facet normal -0.8580472827177558 -0.5135706968087992 0
    outer loop
      vertex -19.152396 87.19504 0
      vertex -19.152396 87.19504 12
      vertex -19.544412 87.85 12
    endloop
  endfacet
  facet normal -0.8886159036546698 -0.45865212936603134 0
    outer loop
      vertex -19.915668 88.517008 0
      vertex -19.915668 88.517008 12
      vertex -20.265792 89.195356 12
    endloop
  endfacet
  facet normal -0.9025912772735619 -0.43049853215740463 0
    outer loop
      vertex -20.265792 89.195356 0
      vertex -20.265792 89.195356 12
      vertex -20.594424 89.884372 12
    endloop
  endfacet
  facet normal -0.8737699352234432 -0.48633949078768 0
    outer loop
      vertex -19.544412 87.85 0
      vertex -19.544412 87.85 12
      vertex -19.915668 88.517008 12
    endloop
  endfacet
  facet normal -0.9950550998831352 -0.09932445920599728 0
    outer loop
      vertex -22.6389408 97.207024 0
      vertex -22.6389408 97.207024 12
      vertex -22.6422324 97.24 8.76
    endloop
  endfacet
  facet normal -1 0 0
    outer loop
      vertex -24 102.4 3.24
      vertex -24 102.4 8.76
      vertex -24 102.88 8.76
    endloop
  endfacet
  facet normal 0 -1 0
    outer loop
      vertex -23.400000000000002 102.4 3.24
      vertex -23.400000000000002 102.4 8.76
      vertex -24 102.4 8.76
    endloop
  endfacet
  facet normal 0 1 0
    outer loop
      vertex -23.400000000000002 102.88 3.24
      vertex -24 102.88 8.76
      vertex -23.400000000000002 102.88 8.76
    endloop
  endfacet
  facet normal 0 -1 0
    outer loop
      vertex -23.400000000000002 102.4 3.24
      vertex -23.203482 102.4 8.76
      vertex -23.400000000000002 102.4 8.76
    endloop
  endfacet
  facet normal 0 1 0
    outer loop
      vertex -23.2468548 102.88 3.24
      vertex -23.400000000000002 102.88 8.76
      vertex -23.2468548 102.88 8.76
    endloop
  endfacet
  facet normal -1 0 0
    outer loop
      vertex -22.8 100 0
      vertex -22.8 100 12
      vertex -22.8 100.02018136 8.76
    endloop
  endfacet
  facet normal -1 0 0
    outer loop
      vertex -22.8 100.02018136 3.24
      vertex -22.8 100.02018136 8.76
      vertex -22.8 100.48 8.76
    endloop
  endfacet
  facet normal -1 0 0
    outer loop
      vertex -22.8 104.8 3.24
      vertex -22.8 104.8 8.76
      vertex -22.8 105.28 8.76
    endloop
  endfacet
  facet normal 0 -1 0
    outer loop
      vertex -23.203482 102.4 3.24
      vertex -19.396512 102.4 8.76
      vertex -23.203482 102.4 8.76
    endloop
  endfacet
  facet normal 0 1 0
    outer loop
      vertex -19.617768 97.24 3.24
      vertex -22.6422324 97.24 8.76
      vertex -19.617768 97.24 8.76
    endloop
  endfacet
  facet normal 0 -1 0
    outer loop
      vertex -19.797648000000002 100 3.24
      vertex -19.797648000000002 100 8.76
      vertex -22.797322068 100 8.76
    endloop
  endfacet
  facet normal 0 1 0
    outer loop
      vertex -19.353144 102.88 3.24
      vertex -23.2468548 102.88 8.76
      vertex -19.353144 102.88 8.76
    endloop
  endfacet
  facet normal 0 1 0
    outer loop
      vertex -19.291704000000003 105.28 3.24
      vertex -22.8 105.28 8.76
      vertex -19.291704000000003 105.28 8.76
    endloop
  endfacet
  facet normal 0 1 0
    outer loop
      vertex -19.200000000000003 100.48 3.24
      vertex -22.8 100.48 8.76
      vertex -19.200000000000003 100.48 8.76
    endloop
  endfacet
  facet normal 0 -1 0
    outer loop
      vertex -19.797648000000002 100 3.24
      vertex -18.96 100 8.76
      vertex -19.797648000000002 100 8.76
    endloop
  endfacet
  facet normal 0 1 0
    outer loop
      vertex -19.148964 100.48 3.24
      vertex -19.200000000000003 100.48 8.76
      vertex -19.148964 100.48 8.76
    endloop
  endfacet
  facet normal 0 1 0
    outer loop
      vertex -19.148964 100.48 3.24
      vertex -19.148964 100.48 8.76
      vertex -18.96 100.48 8.76
    endloop
  endfacet
  facet normal 0 -1 0
    outer loop
      vertex -19.200000000000003 104.8 3.24
      vertex -19.200000000000003 104.8 8.76
      vertex -22.8 104.8 8.76
    endloop
  endfacet
  facet normal 0 -1 0
    outer loop
      vertex -19.396512 102.4 3.24
      vertex -19.200000000000003 102.4 8.76
      vertex -19.396512 102.4 8.76
    endloop
  endfacet
  facet normal 0 1 0
    outer loop
      vertex -19.200000000000003 102.88 3.24
      vertex -19.353144 102.88 8.76
      vertex -19.200000000000003 102.88 8.76
    endloop
  endfacet
  facet normal 0 -1 0
    outer loop
      vertex -19.200000000000003 104.8 3.24
      vertex -18.96 104.8 8.76
      vertex -19.200000000000003 104.8 8.76
    endloop
  endfacet
  facet normal 0 1 0
    outer loop
      vertex -19.291704000000003 105.28 3.24
      vertex -19.291704000000003 105.28 8.76
      vertex -18.96 105.28 8.76
    endloop
  endfacet
  facet normal -0.9747641253541773 -0.22323731749531772 0
    outer loop
      vertex -22.0985532 94.20364000000001 0
      vertex -22.0985532 94.20364000000001 12
      vertex -22.2689664 94.947748 12
    endloop
  endfacet
  facet normal -0.9672676769772746 -0.2537582335117163 0
    outer loop
      vertex -21.9048384 93.465244 0
      vertex -21.9048384 93.465244 12
      vertex -22.0985532 94.20364000000001 12
    endloop
  endfacet
  facet normal -0.9868539407829676 -0.16161466381837744 0
    outer loop
      vertex -22.41594 95.696836 0
      vertex -22.41594 95.696836 12
      vertex -22.539312000000002 96.450172 12
    endloop
  endfacet
  facet normal -0.9914470067215707 -0.13050989565101062 0
    outer loop
      vertex -22.539312000000002 96.450172 0
      vertex -22.539312000000002 96.450172 12
      vertex -22.6389408 97.207024 12
    endloop
  endfacet
  facet normal -0.9812905906950828 -0.19253253390867536 0
    outer loop
      vertex -22.2689664 94.947748 0
      vertex -22.2689664 94.947748 12
      vertex -22.41594 95.696836 12
    endloop
  endfacet
  facet normal 0 -1 0
    outer loop
      vertex -22.797322068 100 3.24
      vertex -22.797322068 100 8.76
      vertex -22.8 100 12
    endloop
  endfacet
  facet normal 0 0 -1
    outer loop
      vertex -24.324360000000002 101.83732 8.76
      vertex -24.410508 102.158836 8.76
      vertex -24 102.4 8.76
    endloop
  endfacet
  facet normal 0 0 -1
    outer loop
      vertex -24.324360000000002 101.83732 8.76
      vertex -24 102.4 8.76
      vertex -24.205068 101.52658 8.76
    endloop
  endfacet
  facet normal 0 0 -1
    outer loop
      vertex -24.205068 101.52658 8.76
      vertex -23.400000000000002 102.4 8.76
      vertex -24.053964 101.23 8.76
    endloop
  endfacet
  facet normal 0 0 -1
    outer loop
      vertex -24.205068 101.52658 8.76
      vertex -24 102.4 8.76
      vertex -23.400000000000002 102.4 8.76
    endloop
  endfacet
  facet normal 0 0 -1
    outer loop
      vertex -23.400000000000002 100.4342596 8.76
      vertex -22.8 100.48 8.76
      vertex -23.1691572 100.2473248 8.76
    endloop
  endfacet
  facet normal 0 0 -1
    outer loop
      vertex -23.8726728 100.9508428 8.76
      vertex -23.400000000000002 102.4 8.76
      vertex -23.663200800000002 100.6921636 8.76
    endloop
  endfacet
  facet normal 0 0 -1
    outer loop
      vertex -23.427834 100.4567992 8.76
      vertex -23.663200800000002 100.6921636 8.76
      vertex -23.400000000000002 102.4 8.76
    endloop
  endfacet
  facet normal 0 0 -1
    outer loop
      vertex -24.053964 101.23 8.76
      vertex -23.400000000000002 102.4 8.76
      vertex -23.8726728 100.9508428 8.76
    endloop
  endfacet
  facet normal 0 0 -1
    outer loop
      vertex -23.427834 100.4567992 8.76
      vertex -23.400000000000002 102.4 8.76
      vertex -23.400000000000002 100.4342596 8.76
    endloop
  endfacet
  facet normal 0 0 -1
    outer loop
      vertex -23.400000000000002 100.4342596 8.76
      vertex -23.400000000000002 102.4 8.76
      vertex -23.081412 102.02686 8.76
    endloop
  endfacet
  facet normal 0 0 -1
    outer loop
      vertex -23.400000000000002 100.4342596 8.76
      vertex -23.081412 102.02686 8.76
      vertex -22.988748 101.845 8.76
    endloop
  endfacet
  facet normal 0 0 -1
    outer loop
      vertex -23.1545592 102.21742 8.76
      vertex -23.081412 102.02686 8.76
      vertex -23.400000000000002 102.4 8.76
    endloop
  endfacet
  facet normal 0 0 -1
    outer loop
      vertex -24.462576000000002 102.4876 8.76
      vertex -24.48 102.82 8.76
      vertex -24 102.88 8.76
    endloop
  endfacet
  facet normal 0 0 -1
    outer loop
      vertex -24.48 102.82 8.76
      vertex -24.462576000000002 103.1524 8.76
      vertex -24 102.88 8.76
    endloop
  endfacet
  facet normal 0 0 -1
    outer loop
      vertex -24.410508 102.158836 8.76
      vertex -24.462576000000002 102.4876 8.76
      vertex -24 102.4 8.76
    endloop
  endfacet
  facet normal 0 0 -1
    outer loop
      vertex -24.462576000000002 102.4876 8.76
      vertex -24 102.88 8.76
      vertex -24 102.4 8.76
    endloop
  endfacet
  facet normal 0 0 -1
    outer loop
      vertex -24.462576000000002 103.1524 8.76
      vertex -24.410508 103.481164 8.76
      vertex -24 102.88 8.76
    endloop
  endfacet
  facet normal 0 0 -1
    outer loop
      vertex -24.410508 103.481164 8.76
      vertex -24.324360000000002 103.802668 8.76
      vertex -24 102.88 8.76
    endloop
  endfacet
  facet normal 0 0 -1
    outer loop
      vertex -24.324360000000002 103.802668 8.76
      vertex -23.400000000000002 102.88 8.76
      vertex -24 102.88 8.76
    endloop
  endfacet
  facet normal 0 0 -1
    outer loop
      vertex -24.324360000000002 103.802668 8.76
      vertex -24.205068 104.11342 8.76
      vertex -23.400000000000002 102.88 8.76
    endloop
  endfacet
  facet normal 0 0 -1
    outer loop
      vertex -24.205068 104.11342 8.76
      vertex -24.053964 104.41 8.76
      vertex -23.400000000000002 102.88 8.76
    endloop
  endfacet
  facet normal 0 0 -1
    outer loop
      vertex -24.053964 104.41 8.76
      vertex -23.8726728 104.689156 8.76
      vertex -23.400000000000002 102.88 8.76
    endloop
  endfacet
  facet normal 0 0 -1
    outer loop
      vertex -23.400000000000002 102.88 8.76
      vertex -23.2393164 103.023832 8.76
      vertex -23.2468548 102.88 8.76
    endloop
  endfacet
  facet normal 0 0 -1
    outer loop
      vertex -23.1545592 102.21742 8.76
      vertex -23.400000000000002 102.4 8.76
      vertex -23.203482 102.4 8.76
    endloop
  endfacet
  facet normal 0 0 1
    outer loop
      vertex -23.207386800000002 102.414568 8.76
      vertex -23.203482 102.4 8.76
      vertex -23.2393164 102.616168 8.76
    endloop
  endfacet
  facet normal 0 0 1
    outer loop
      vertex -23.2393164 102.616168 8.76
      vertex -23.203482 102.4 8.76
      vertex -23.2468548 102.88 8.76
    endloop
  endfacet
  facet normal 0 0 1
    outer loop
      vertex -23.2393164 102.616168 8.76
      vertex -23.2468548 102.88 8.76
      vertex -23.25 102.82 8.76
    endloop
  endfacet
  facet normal 0 0 -1
    outer loop
      vertex -23.400000000000002 102.88 8.76
      vertex -23.207386800000002 103.225432 8.76
      vertex -23.2393164 103.023832 8.76
    endloop
  endfacet
  facet normal 0 0 -1
    outer loop
      vertex -23.400000000000002 102.88 8.76
      vertex -23.1545592 103.42258 8.76
      vertex -23.207386800000002 103.225432 8.76
    endloop
  endfacet
  facet normal 0 0 -1
    outer loop
      vertex -23.400000000000002 102.88 8.76
      vertex -23.400000000000002 105.205744 8.76
      vertex -23.1545592 103.42258 8.76
    endloop
  endfacet
  facet normal 0 0 -1
    outer loop
      vertex -23.1545592 103.42258 8.76
      vertex -23.400000000000002 105.205744 8.76
      vertex -23.081412 103.61314 8.76
    endloop
  endfacet
  facet normal 0 0 -1
    outer loop
      vertex -23.8726728 104.689156 8.76
      vertex -23.663200800000002 104.94784 8.76
      vertex -23.400000000000002 102.88 8.76
    endloop
  endfacet
  facet normal 0 0 -1
    outer loop
      vertex -23.400000000000002 102.88 8.76
      vertex -23.663200800000002 104.94784 8.76
      vertex -23.427834 105.183196 8.76
    endloop
  endfacet
  facet normal 0 0 -1
    outer loop
      vertex -23.400000000000002 102.88 8.76
      vertex -23.427834 105.183196 8.76
      vertex -23.400000000000002 105.205744 8.76
    endloop
  endfacet
  facet normal 0 0 -1
    outer loop
      vertex -23.400000000000002 105.205744 8.76
      vertex -22.988748 103.795 8.76
      vertex -23.081412 103.61314 8.76
    endloop
  endfacet
  facet normal 0 0 -1
    outer loop
      vertex -23.400000000000002 105.205744 8.76
      vertex -23.1691572 105.392668 8.76
      vertex -22.8 105.28 8.76
    endloop
  endfacet
  facet normal 0 0 -1
    outer loop
      vertex -23.1691572 100.2473248 8.76
      vertex -22.8 100.48 8.76
      vertex -22.889999760000002 100.06603816 8.76
    endloop
  endfacet
  facet normal 0 0 -1
    outer loop
      vertex -22.889999760000002 100.06603816 8.76
      vertex -22.8 100.48 8.76
      vertex -22.8 100.02018136 8.76
    endloop
  endfacet
  facet normal 0 0 -1
    outer loop
      vertex -23.400000000000002 100.4342596 8.76
      vertex -22.877582880000002 101.67382 8.76
      vertex -22.8 100.48 8.76
    endloop
  endfacet
  facet normal 0 0 -1
    outer loop
      vertex -23.400000000000002 100.4342596 8.76
      vertex -22.988748 101.845 8.76
      vertex -22.877582880000002 101.67382 8.76
    endloop
  endfacet
  facet normal 0 0 -1
    outer loop
      vertex -22.8 100.48 8.76
      vertex -22.877582880000002 101.67382 8.76
      vertex -22.749133320000002 101.515192 8.76
    endloop
  endfacet
  facet normal 0 0 -1
    outer loop
      vertex -22.8 100.48 8.76
      vertex -22.749133320000002 101.515192 8.76
      vertex -22.6048044 101.370868 8.76
    endloop
  endfacet
  facet normal 0 0 -1
    outer loop
      vertex -22.8 100.48 8.76
      vertex -22.6048044 101.370868 8.76
      vertex -22.4461824 101.24242 8.76
    endloop
  endfacet
  facet normal 0 0 -1
    outer loop
      vertex -22.8 100.48 8.76
      vertex -22.4461824 101.24242 8.76
      vertex -22.275001200000002 101.1312496 8.76
    endloop
  endfacet
  facet normal 0 0 -1
    outer loop
      vertex -22.794667056 99.4910968 8.76
      vertex -19.79532 99.5539156 8.76
      vertex -22.766687400000002 98.728228 8.76
    endloop
  endfacet
  facet normal 0 0 -1
    outer loop
      vertex -22.794667056 99.4910968 8.76
      vertex -22.797322068 100 8.76
      vertex -19.79532 99.5539156 8.76
    endloop
  endfacet
  facet normal 0 0 -1
    outer loop
      vertex -22.8 100.48 8.76
      vertex -22.275001200000002 101.1312496 8.76
      vertex -22.093137600000002 101.0385856 8.76
    endloop
  endfacet
  facet normal 0 0 -1
    outer loop
      vertex -22.8 100.48 8.76
      vertex -22.093137600000002 101.0385856 8.76
      vertex -21.9025836 100.9654396 8.76
    endloop
  endfacet
  facet normal 0 0 -1
    outer loop
      vertex -22.8 100.48 8.76
      vertex -21.9025836 100.9654396 8.76
      vertex -21.705428400000002 100.9126108 8.76
    endloop
  endfacet
  facet normal 0 0 -1
    outer loop
      vertex -22.8 100.48 8.76
      vertex -21.705428400000002 100.9126108 8.76
      vertex -21.503832 100.8806812 8.76
    endloop
  endfacet
  facet normal 0 0 -1
    outer loop
      vertex -22.8 100.48 8.76
      vertex -21.503832 100.8806812 8.76
      vertex -21.3 100.8699988 8.76
    endloop
  endfacet
  facet normal 0 0 -1
    outer loop
      vertex -23.400000000000002 105.205744 8.76
      vertex -22.877582880000002 103.96618 8.76
      vertex -22.988748 103.795 8.76
    endloop
  endfacet
  facet normal 0 0 -1
    outer loop
      vertex -23.400000000000002 105.205744 8.76
      vertex -22.8 104.8 8.76
      vertex -22.877582880000002 103.96618 8.76
    endloop
  endfacet
  facet normal 0 0 -1
    outer loop
      vertex -22.877582880000002 103.96618 8.76
      vertex -22.8 104.8 8.76
      vertex -22.749133320000002 104.124808 8.76
    endloop
  endfacet
  facet normal 0 0 -1
    outer loop
      vertex -23.400000000000002 105.205744 8.76
      vertex -22.8 105.28 8.76
      vertex -22.8 104.8 8.76
    endloop
  endfacet
  facet normal 0 0 -1
    outer loop
      vertex -23.1691572 105.392668 8.76
      vertex -22.889999760000002 105.573964 8.76
      vertex -22.8 105.28 8.76
    endloop
  endfacet
  facet normal 0 0 -1
    outer loop
      vertex -22.749133320000002 104.124808 8.76
      vertex -22.8 104.8 8.76
      vertex -22.6048044 104.269132 8.76
    endloop
  endfacet
  facet normal 0 0 -1
    outer loop
      vertex -22.8 104.8 8.76
      vertex -22.4461824 104.39758 8.76
      vertex -22.6048044 104.269132 8.76
    endloop
  endfacet
  facet normal 0 0 -1
    outer loop
      vertex -22.8 104.8 8.76
      vertex -22.275000000000002 104.508748 8.76
      vertex -22.4461824 104.39758 8.76
    endloop
  endfacet
  facet normal 0 0 -1
    outer loop
      vertex -22.8 105.28 8.76
      vertex -22.889999760000002 105.573964 8.76
      vertex -22.5934224 105.72508 8.76
    endloop
  endfacet
  facet normal 0 0 -1
    outer loop
      vertex -22.8 105.28 8.76
      vertex -22.5934224 105.72508 8.76
      vertex -22.282674 105.84436 8.76
    endloop
  endfacet
  facet normal 0 0 1
    outer loop
      vertex -23.203482 102.4 8.76
      vertex -19.353144 102.88 8.76
      vertex -23.2468548 102.88 8.76
    endloop
  endfacet
  facet normal 0 0 -1
    outer loop
      vertex -22.8 104.8 8.76
      vertex -22.093137600000002 104.601412 8.76
      vertex -22.275000000000002 104.508748 8.76
    endloop
  endfacet
  facet normal 0 0 -1
    outer loop
      vertex -22.8 104.8 8.76
      vertex -21.9025836 104.674564 8.76
      vertex -22.093137600000002 104.601412 8.76
    endloop
  endfacet
  facet normal 0 0 -1
    outer loop
      vertex -22.8 104.8 8.76
      vertex -21.705428400000002 104.727388 8.76
      vertex -21.9025836 104.674564 8.76
    endloop
  endfacet
  facet normal 0 0 -1
    outer loop
      vertex -22.8 105.28 8.76
      vertex -22.282674 105.84436 8.76
      vertex -22.0859628 105.897064 8.76
    endloop
  endfacet
  facet normal 0 0 -1
    outer loop
      vertex -22.8 105.28 8.76
      vertex -22.0859628 105.897064 8.76
      vertex -21.6 106 8.76
    endloop
  endfacet
  facet normal 0 0 -1
    outer loop
      vertex -22.8 104.8 8.76
      vertex -21.503832 104.75932 8.76
      vertex -21.705428400000002 104.727388 8.76
    endloop
  endfacet
  facet normal 0 0 -1
    outer loop
      vertex -22.8 104.8 8.76
      vertex -21.3 104.77 8.76
      vertex -21.503832 104.75932 8.76
    endloop
  endfacet
  facet normal 0 0 -1
    outer loop
      vertex -22.0859628 105.897064 8.76
      vertex -21.9708204 105.941272 8.76
      vertex -21.8494944 105.97378 8.76
    endloop
  endfacet
  facet normal 0 0 -1
    outer loop
      vertex -22.0859628 105.897064 8.76
      vertex -21.8494944 105.97378 8.76
      vertex -21.725434800000002 105.993424 8.76
    endloop
  endfacet
  facet normal 0 0 -1
    outer loop
      vertex -22.8 105.28 8.76
      vertex -21.6 106 8.76
      vertex -21 106 8.76
    endloop
  endfacet
  facet normal 0 0 -1
    outer loop
      vertex -22.0859628 105.897064 8.76
      vertex -21.725434800000002 105.993424 8.76
      vertex -21.6 106 8.76
    endloop
  endfacet
  facet normal -0.9588224673654939 -0.28400611978467405 0
    outer loop
      vertex -21.688032 92.733292 0
      vertex -21.688032 92.733292 12
      vertex -21.9048384 93.465244 12
    endloop
  endfacet
  facet normal -0.9494211065510154 -0.314005672616667 0
    outer loop
      vertex -21.448332 92.00854 0
      vertex -21.448332 92.00854 12
      vertex -21.688032 92.733292 12
    endloop
  endfacet
  facet normal -0.9390998398040727 -0.34364442506748877 0
    outer loop
      vertex -21.186 91.291648 0
      vertex -21.186 91.291648 12
      vertex -21.448332 92.00854 12
    endloop
  endfacet
  facet normal 0.9672626672255531 0.2537773287583205 0
    outer loop
      vertex -19.185156 94.919236 0
      vertex -19.185156 94.919236 12
      vertex -19.015344 94.272004 12
    endloop
  endfacet
  facet normal 0.9812928286656462 0.19252112717666853 0
    outer loop
      vertex -19.463352 96.228088 0
      vertex -19.463352 96.228088 12
      vertex -19.334532 95.571484 12
    endloop
  endfacet
  facet normal 0.98685384114222 0.16161527224506433 0
    outer loop
      vertex -19.571496 96.888436 0
      vertex -19.571496 96.888436 12
      vertex -19.463352 96.228088 12
    endloop
  endfacet
  facet normal 0.9747640345667091 0.2232377139177688 0
    outer loop
      vertex -19.334532 95.571484 0
      vertex -19.334532 95.571484 12
      vertex -19.185156 94.919236 12
    endloop
  endfacet
  facet normal 0.9914493418768415 0.13049215490587077 0
    outer loop
      vertex -19.617768 97.24 3.24
      vertex -19.617768 97.24 8.76
      vertex -19.571496 96.888436 12
    endloop
  endfacet
  facet normal 0 0 -1
    outer loop
      vertex -22.6422324 97.24 8.76
      vertex -22.71476436 97.966624 8.76
      vertex -19.725276 98.217664 8.76
    endloop
  endfacet
  facet normal 0 0 -1
    outer loop
      vertex -22.71476436 97.966624 8.76
      vertex -22.766687400000002 98.728228 8.76
      vertex -19.770792 98.8852396 8.76
    endloop
  endfacet
  facet normal 0 0 -1
    outer loop
      vertex -22.6422324 97.24 8.76
      vertex -19.725276 98.217664 8.76
      vertex -19.658820000000002 97.551832 8.76
    endloop
  endfacet
  facet normal 0 0 -1
    outer loop
      vertex -22.6422324 97.24 8.76
      vertex -19.658820000000002 97.551832 8.76
      vertex -19.617768 97.24 8.76
    endloop
  endfacet
  facet normal 0 0 -1
    outer loop
      vertex -22.71476436 97.966624 8.76
      vertex -19.770792 98.8852396 8.76
      vertex -19.725276 98.217664 8.76
    endloop
  endfacet
  facet normal 0 0 -1
    outer loop
      vertex -22.8 100.48 8.76
      vertex -21.3 100.8699988 8.76
      vertex -19.200000000000003 100.48 8.76
    endloop
  endfacet
  facet normal 0 0 -1
    outer loop
      vertex -22.766687400000002 98.728228 8.76
      vertex -19.79532 99.5539156 8.76
      vertex -19.770792 98.8852396 8.76
    endloop
  endfacet
  facet normal 0 0 -1
    outer loop
      vertex -22.797322068 100 8.76
      vertex -19.797648000000002 100 8.76
      vertex -19.79532 99.5539156 8.76
    endloop
  endfacet
  facet normal 0 0 -1
    outer loop
      vertex -21.3 100.8699988 8.76
      vertex -21.096168000000002 100.8806812 8.76
      vertex -19.200000000000003 100.48 8.76
    endloop
  endfacet
  facet normal 0 0 -1
    outer loop
      vertex -22.8 105.28 8.76
      vertex -21 106 8.76
      vertex -20.514036 105.897064 8.76
    endloop
  endfacet
  facet normal 0 0 -1
    outer loop
      vertex -22.8 104.8 8.76
      vertex -19.200000000000003 104.8 8.76
      vertex -21.3 104.77 8.76
    endloop
  endfacet
  facet normal 0 0 -1
    outer loop
      vertex -22.8 105.28 8.76
      vertex -20.514036 105.897064 8.76
      vertex -20.317332 105.84436 8.76
    endloop
  endfacet
  facet normal 0 0 1
    outer loop
      vertex -23.203482 102.4 8.76
      vertex -19.396512 102.4 8.76
      vertex -19.353144 102.88 8.76
    endloop
  endfacet
  facet normal 0 0 -1
    outer loop
      vertex -22.8 105.28 8.76
      vertex -20.317332 105.84436 8.76
      vertex -20.00658 105.72508 8.76
    endloop
  endfacet
  facet normal 0 0 -1
    outer loop
      vertex -22.8 105.28 8.76
      vertex -20.00658 105.72508 8.76
      vertex -19.71 105.573964 8.76
    endloop
  endfacet
  facet normal 0 0 -1
    outer loop
      vertex -21 106 8.76
      vertex -20.874564 105.993424 8.76
      vertex -20.750508 105.97378 8.76
    endloop
  endfacet
  facet normal 0 0 -1
    outer loop
      vertex -21 106 8.76
      vertex -20.750508 105.97378 8.76
      vertex -20.629176 105.941272 8.76
    endloop
  endfacet
  facet normal 0 0 -1
    outer loop
      vertex -21.3 104.77 8.76
      vertex -19.200000000000003 104.8 8.76
      vertex -21.096168000000002 104.75932 8.76
    endloop
  endfacet
  facet normal 0 0 -1
    outer loop
      vertex -22.8 105.28 8.76
      vertex -19.71 105.573964 8.76
      vertex -19.291704000000003 105.28 8.76
    endloop
  endfacet
  facet normal 0 0 -1
    outer loop
      vertex -21 106 8.76
      vertex -20.629176 105.941272 8.76
      vertex -20.514036 105.897064 8.76
    endloop
  endfacet
  facet normal 0 0 1
    outer loop
      vertex -19.8 100.00000228882 8.76
      vertex -19.797648000000002 100.00000228882 8.76
      vertex -19.8 100.02018148 8.76
    endloop
  endfacet
  facet normal 0 0 1
    outer loop
      vertex -19.797648000000002 100 8.76
      vertex -19.71 100.06603816 8.76
      vertex -19.797648000000002 100.00000228882 8.76
    endloop
  endfacet
  facet normal 0 0 1
    outer loop
      vertex -19.797648000000002 100.00000228882 8.76
      vertex -19.71 100.06603816 8.76
      vertex -19.8 100.02018148 8.76
    endloop
  endfacet
  facet normal 0 0 -1
    outer loop
      vertex -21.096168000000002 100.8806812 8.76
      vertex -20.894568 100.9126108 8.76
      vertex -19.200000000000003 100.48 8.76
    endloop
  endfacet
  facet normal 0 0 -1
    outer loop
      vertex -20.894568 100.9126108 8.76
      vertex -20.69742 100.9654396 8.76
      vertex -19.200000000000003 100.48 8.76
    endloop
  endfacet
  facet normal 0 0 -1
    outer loop
      vertex -20.69742 100.9654396 8.76
      vertex -20.50686 101.0385856 8.76
      vertex -19.200000000000003 100.48 8.76
    endloop
  endfacet
  facet normal 0 0 -1
    outer loop
      vertex -20.50686 101.0385856 8.76
      vertex -20.325 101.1312496 8.76
      vertex -19.200000000000003 100.48 8.76
    endloop
  endfacet
  facet normal 0 0 -1
    outer loop
      vertex -20.325 101.1312496 8.76
      vertex -20.15382 101.24242 8.76
      vertex -19.200000000000003 100.48 8.76
    endloop
  endfacet
  facet normal 0 0 -1
    outer loop
      vertex -20.15382 101.24242 8.76
      vertex -19.995192 101.370868 8.76
      vertex -19.200000000000003 100.48 8.76
    endloop
  endfacet
  facet normal 0 0 1
    outer loop
      vertex -19.797648000000002 100 8.76
      vertex -18.96 100 8.76
      vertex -19.71 100.06603816 8.76
    endloop
  endfacet
  facet normal 0 0 1
    outer loop
      vertex -19.71 100.06603816 8.76
      vertex -18.96 100 8.76
      vertex -19.430844 100.2473248 8.76
    endloop
  endfacet
  facet normal 0 0 1
    outer loop
      vertex -19.430844 100.2473248 8.76
      vertex -18.96 100 8.76
      vertex -19.17216 100.4567992 8.76
    endloop
  endfacet
  facet normal 0 0 -1
    outer loop
      vertex -19.995192 101.370868 8.76
      vertex -19.850868000000002 101.515192 8.76
      vertex -19.200000000000003 100.48 8.76
    endloop
  endfacet
  facet normal 0 0 -1
    outer loop
      vertex -19.850868000000002 101.515192 8.76
      vertex -19.72242 101.67382 8.76
      vertex -19.200000000000003 100.48 8.76
    endloop
  endfacet
  facet normal 0 0 -1
    outer loop
      vertex -19.72242 101.67382 8.76
      vertex -19.611252 101.845 8.76
      vertex -19.200000000000003 100.48 8.76
    endloop
  endfacet
  facet normal 0 0 -1
    outer loop
      vertex -19.611252 101.845 8.76
      vertex -19.518588 102.02686 8.76
      vertex -19.200000000000003 100.48 8.76
    endloop
  endfacet
  facet normal 0 0 -1
    outer loop
      vertex -19.518588 102.02686 8.76
      vertex -19.445436 102.21742 8.76
      vertex -19.200000000000003 102.4 8.76
    endloop
  endfacet
  facet normal 0 0 1
    outer loop
      vertex -19.17216 100.4567992 8.76
      vertex -18.96 100.48 8.76
      vertex -19.148964 100.48 8.76
    endloop
  endfacet
  facet normal 0 0 -1
    outer loop
      vertex -19.200000000000003 100.48 8.76
      vertex -18.936804000000002 100.6921636 8.76
      vertex -19.148964 100.48 8.76
    endloop
  endfacet
  facet normal 0 0 -1
    outer loop
      vertex -19.200000000000003 100.48 8.76
      vertex -19.200000000000003 102.4 8.76
      vertex -18.936804000000002 100.6921636 8.76
    endloop
  endfacet
  facet normal 0 0 -1
    outer loop
      vertex -19.518588 102.02686 8.76
      vertex -19.200000000000003 102.4 8.76
      vertex -19.200000000000003 100.48 8.76
    endloop
  endfacet
  facet normal 0 0 -1
    outer loop
      vertex -21.096168000000002 104.75932 8.76
      vertex -19.200000000000003 104.8 8.76
      vertex -20.894568 104.727388 8.76
    endloop
  endfacet
  facet normal 0 0 -1
    outer loop
      vertex -20.894568 104.727388 8.76
      vertex -19.200000000000003 104.8 8.76
      vertex -20.69742 104.674564 8.76
    endloop
  endfacet
  facet normal 0 0 -1
    outer loop
      vertex -20.69742 104.674564 8.76
      vertex -19.200000000000003 104.8 8.76
      vertex -20.50686 104.601412 8.76
    endloop
  endfacet
  facet normal 0 0 -1
    outer loop
      vertex -20.50686 104.601412 8.76
      vertex -19.200000000000003 104.8 8.76
      vertex -20.325 104.508748 8.76
    endloop
  endfacet
  facet normal 0 0 -1
    outer loop
      vertex -20.325 104.508748 8.76
      vertex -19.200000000000003 104.8 8.76
      vertex -20.15382 104.39758 8.76
    endloop
  endfacet
  facet normal 0 0 -1
    outer loop
      vertex -20.15382 104.39758 8.76
      vertex -19.200000000000003 104.8 8.76
      vertex -19.995192 104.269132 8.76
    endloop
  endfacet
  facet normal 0 0 -1
    outer loop
      vertex -19.611252 103.795 8.76
      vertex -19.200000000000003 104.8 8.76
      vertex -19.518588 103.61314 8.76
    endloop
  endfacet
  facet normal 0 0 -1
    outer loop
      vertex -19.518588 103.61314 8.76
      vertex -19.200000000000003 104.8 8.76
      vertex -19.445436 103.42258 8.76
    endloop
  endfacet
  facet normal 0 0 -1
    outer loop
      vertex -19.445436 102.21742 8.76
      vertex -19.396512 102.4 8.76
      vertex -19.200000000000003 102.4 8.76
    endloop
  endfacet
  facet normal 0 0 1
    outer loop
      vertex -19.396512 102.4 8.76
      vertex -19.392612 102.414568 8.76
      vertex -19.360680000000002 102.616168 8.76
    endloop
  endfacet
  facet normal 0 0 1
    outer loop
      vertex -19.396512 102.4 8.76
      vertex -19.360680000000002 102.616168 8.76
      vertex -19.353144 102.88 8.76
    endloop
  endfacet
  facet normal 0 0 1
    outer loop
      vertex -19.360680000000002 102.616168 8.76
      vertex -19.35 102.82 8.76
      vertex -19.353144 102.88 8.76
    endloop
  endfacet
  facet normal 0 0 -1
    outer loop
      vertex -19.353144 102.88 8.76
      vertex -19.360680000000002 103.023832 8.76
      vertex -19.200000000000003 102.88 8.76
    endloop
  endfacet
  facet normal 0 0 -1
    outer loop
      vertex -19.392612 103.225432 8.76
      vertex -19.445436 103.42258 8.76
      vertex -19.200000000000003 102.88 8.76
    endloop
  endfacet
  facet normal 0 0 -1
    outer loop
      vertex -19.392612 103.225432 8.76
      vertex -19.200000000000003 102.88 8.76
      vertex -19.360680000000002 103.023832 8.76
    endloop
  endfacet
  facet normal 0 0 -1
    outer loop
      vertex -19.445436 103.42258 8.76
      vertex -19.200000000000003 104.8 8.76
      vertex -19.200000000000003 102.88 8.76
    endloop
  endfacet
  facet normal 0 0 -1
    outer loop
      vertex -19.850868000000002 104.124808 8.76
      vertex -19.995192 104.269132 8.76
      vertex -19.200000000000003 104.8 8.76
    endloop
  endfacet
  facet normal 0 0 -1
    outer loop
      vertex -19.850868000000002 104.124808 8.76
      vertex -19.200000000000003 104.8 8.76
      vertex -19.72242 103.96618 8.76
    endloop
  endfacet
  facet normal 0 0 -1
    outer loop
      vertex -19.72242 103.96618 8.76
      vertex -19.200000000000003 104.8 8.76
      vertex -19.611252 103.795 8.76
    endloop
  endfacet
  facet normal 0 0 -1
    outer loop
      vertex -19.71 105.573964 8.76
      vertex -19.430844 105.392668 8.76
      vertex -19.291704000000003 105.28 8.76
    endloop
  endfacet
  facet normal 0 0 1
    outer loop
      vertex -19.291704000000003 105.28 8.76
      vertex -19.17216 105.183196 8.76
      vertex -18.96 105.28 8.76
    endloop
  endfacet
  facet normal -0.7465916936013194 -0.6652825287391168 0
    outer loop
      vertex -16.387164000000002 83.55196000000001 0
      vertex -16.387164000000002 83.55196000000001 12
      vertex -16.89498 84.12184 12
    endloop
  endfacet
  facet normal -0.8415470025910072 -0.5401838968629954 0
    outer loop
      vertex -18.739992 86.55256 0
      vertex -18.739992 86.55256 12
      vertex -19.152396 87.19504 12
    endloop
  endfacet
  facet normal -0.8240914607620303 -0.5664567629564526 0
    outer loop
      vertex -18.307608000000002 85.92352 0
      vertex -18.307608000000002 85.92352 12
      vertex -18.739992 86.55256 12
    endloop
  endfacet
  facet normal -0.8059324759127804 -0.592007469774745 0
    outer loop
      vertex -17.855676000000003 85.30828 0
      vertex -17.855676000000003 85.30828 12
      vertex -18.307608000000002 85.92352 12
    endloop
  endfacet
  facet normal 0.9025832048248286 0.430515456596092 0
    outer loop
      vertex -17.866716 91.133212 0
      vertex -17.866716 91.133212 12
      vertex -17.578644 90.529264 12
    endloop
  endfacet
  facet normal -0.7869354334957198 -0.617035350291135 0
    outer loop
      vertex -17.384652000000003 84.70756 0
      vertex -17.384652000000003 84.70756 12
      vertex -17.855676000000003 85.30828 12
    endloop
  endfacet
  facet normal -0.7672076510633898 -0.6413987996167405 0
    outer loop
      vertex -16.89498 84.12184 0
      vertex -16.89498 84.12184 12
      vertex -17.384652000000003 84.70756 12
    endloop
  endfacet
  facet normal 0.888610989894681 0.45866164940879367 0
    outer loop
      vertex -17.578644 90.529264 0
      vertex -17.578644 90.529264 12
      vertex -17.271744 89.934676 12
    endloop
  endfacet
  facet normal 0.8737865034923996 0.4863097226197794 0
    outer loop
      vertex -17.271744 89.934676 0
      vertex -17.271744 89.934676 12
      vertex -16.94634 89.35 12
    endloop
  endfacet
  facet normal 0.8580509992233957 0.5135644874129561 0
    outer loop
      vertex -16.94634 89.35 0
      vertex -16.94634 89.35 12
      vertex -16.602696 88.775848 12
    endloop
  endfacet
  facet normal 0.8415139505005208 0.540235384913842 0
    outer loop
      vertex -16.602696 88.775848 0
      vertex -16.602696 88.775848 12
      vertex -16.241220000000002 88.212784 12
    endloop
  endfacet
  facet normal -0.7254113737444785 -0.6883155808509267 0
    outer loop
      vertex -15.861684 82.99816 0
      vertex -15.861684 82.99816 12
      vertex -16.387164000000002 83.55196000000001 12
    endloop
  endfacet
  facet normal -0.7033395760471504 -0.7108540221211487 0
    outer loop
      vertex -15.861684 82.99816 0
      vertex -15.319068000000001 82.46128 12
      vertex -15.861684 82.99816 12
    endloop
  endfacet
  facet normal -0.6807766029513566 -0.7324911036142425 0
    outer loop
      vertex -15.319068000000001 82.46128 0
      vertex -14.759868 81.94156 12
      vertex -15.319068000000001 82.46128 12
    endloop
  endfacet
  facet normal -0.6573843257509142 -0.753555471254118 0
    outer loop
      vertex -14.759868 81.94156 0
      vertex -14.184612000000001 81.43972 12
      vertex -14.759868 81.94156 12
    endloop
  endfacet
  facet normal -0.6333713256498327 -0.7738480237388823 0
    outer loop
      vertex -14.184612000000001 81.43972 0
      vertex -13.593900000000001 80.95624000000001 12
      vertex -14.184612000000001 81.43972 12
    endloop
  endfacet
  facet normal 0.8059343734427954 0.5920048865536237 0
    outer loop
      vertex -15.862224000000001 87.66136 0
      vertex -15.862224000000001 87.66136 12
      vertex -15.466092000000002 87.12208 12
    endloop
  endfacet
  facet normal 0.7869290564051322 0.6170434832208571 0
    outer loop
      vertex -15.466092000000002 87.12208 0
      vertex -15.466092000000002 87.12208 12
      vertex -15.053208000000001 86.59552 12
    endloop
  endfacet
  facet normal 0.824117269541836 0.5664192140481369 0
    outer loop
      vertex -16.241220000000002 88.212784 0
      vertex -16.241220000000002 88.212784 12
      vertex -15.862224000000001 87.66136 12
    endloop
  endfacet
  facet normal 0.7671795546494646 0.641432405579769 0
    outer loop
      vertex -15.053208000000001 86.59552 0
      vertex -15.053208000000001 86.59552 12
      vertex -14.623992000000001 86.08216 12
    endloop
  endfacet
  facet normal 0.746602345769355 0.6652705744970961 0
    outer loop
      vertex -14.623992000000001 86.08216 0
      vertex -14.623992000000001 86.08216 12
      vertex -14.178852000000001 85.5826 12
    endloop
  endfacet
  facet normal 0.7254067558732467 0.6883204475630897 0
    outer loop
      vertex -14.178852000000001 85.5826 0
      vertex -14.178852000000001 85.5826 12
      vertex -13.718268000000002 85.0972 12
    endloop
  endfacet
  facet normal 1 0 0
    outer loop
      vertex -18.96 100.48 3.24
      vertex -18.96 100.48 8.76
      vertex -18.96 100 8.76
    endloop
  endfacet
  facet normal 0 -1 0
    outer loop
      vertex -19.200000000000003 102.4 3.24
      vertex -18.151296000000002 102.4 8.76
      vertex -19.200000000000003 102.4 8.76
    endloop
  endfacet
  facet normal 0 1 0
    outer loop
      vertex -18.123144 102.88 3.24
      vertex -19.200000000000003 102.88 8.76
      vertex -18.123144 102.88 8.76
    endloop
  endfacet
  facet normal 1 0 0
    outer loop
      vertex -18.96 104.971036 3.24
      vertex -18.96 104.971036 8.76
      vertex -18.96 104.8 8.76
    endloop
  endfacet
  facet normal 1 0 0
    outer loop
      vertex -18.96 105.28 3.24
      vertex -18.96 105.28 8.76
      vertex -18.96 104.971036 8.76
    endloop
  endfacet
  facet normal 0 -1 0
    outer loop
      vertex -18.151296000000002 102.4 3.24
      vertex -17.880000000000003 102.4 8.76
      vertex -18.151296000000002 102.4 8.76
    endloop
  endfacet
  facet normal 0 1 0
    outer loop
      vertex -18.123144 102.88 3.24
      vertex -18.123144 102.88 8.76
      vertex -17.880000000000003 102.88 8.76
    endloop
  endfacet
  facet normal 1 0 0
    outer loop
      vertex -17.880000000000003 102.88 3.24
      vertex -17.880000000000003 102.88 8.76
      vertex -17.880000000000003 102.4 8.76
    endloop
  endfacet
  facet normal 0.939093492520571 0.343661770212394 0
    outer loop
      vertex -18.615204000000002 92.995132 0
      vertex -18.615204000000002 92.995132 12
      vertex -18.385248 92.366752 12
    endloop
  endfacet
  facet normal 0.9494302488715161 0.3139780287341313 0
    outer loop
      vertex -18.825300000000002 93.630436 0
      vertex -18.825300000000002 93.630436 12
      vertex -18.615204000000002 92.995132 12
    endloop
  endfacet
  facet normal 0.9588185544305353 0.28401932976425837 0
    outer loop
      vertex -19.015344 94.272004 0
      vertex -19.015344 94.272004 12
      vertex -18.825300000000002 93.630436 12
    endloop
  endfacet
  facet normal 0.927837126808948 0.37298561113656425 0
    outer loop
      vertex -18.385248 92.366752 0
      vertex -18.385248 92.366752 12
      vertex -18.135672 91.745908 12
    endloop
  endfacet
  facet normal 0.915661900434471 0.4019493551341172 0
    outer loop
      vertex -18.135672 91.745908 0
      vertex -18.135672 91.745908 12
      vertex -17.866716 91.133212 12
    endloop
  endfacet
  facet normal 0 0 1
    outer loop
      vertex -19.17216 100.4567992 8.76
      vertex -18.96 100 8.76
      vertex -18.96 100.48 8.76
    endloop
  endfacet
  facet normal 0 0 -1
    outer loop
      vertex -19.200000000000003 102.4 8.76
      vertex -18.727332 100.9508428 8.76
      vertex -18.936804000000002 100.6921636 8.76
    endloop
  endfacet
  facet normal 0 0 -1
    outer loop
      vertex -19.200000000000003 102.4 8.76
      vertex -18.546036 101.23 8.76
      vertex -18.727332 100.9508428 8.76
    endloop
  endfacet
  facet normal 0 0 -1
    outer loop
      vertex -19.200000000000003 102.4 8.76
      vertex -18.394932 101.52658 8.76
      vertex -18.546036 101.23 8.76
    endloop
  endfacet
  facet normal 0 0 -1
    outer loop
      vertex -19.200000000000003 102.4 8.76
      vertex -18.275640000000003 101.83732 8.76
      vertex -18.394932 101.52658 8.76
    endloop
  endfacet
  facet normal 0 0 -1
    outer loop
      vertex -19.200000000000003 102.4 8.76
      vertex -18.189492 102.158836 8.76
      vertex -18.275640000000003 101.83732 8.76
    endloop
  endfacet
  facet normal 0 0 -1
    outer loop
      vertex -19.200000000000003 102.88 8.76
      vertex -19.200000000000003 104.8 8.76
      vertex -18.546036 104.41 8.76
    endloop
  endfacet
  facet normal 0 0 -1
    outer loop
      vertex -19.200000000000003 102.88 8.76
      vertex -18.546036 104.41 8.76
      vertex -18.394932 104.11342 8.76
    endloop
  endfacet
  facet normal 0 0 -1
    outer loop
      vertex -19.200000000000003 102.4 8.76
      vertex -18.151296000000002 102.4 8.76
      vertex -18.189492 102.158836 8.76
    endloop
  endfacet
  facet normal 0 0 -1
    outer loop
      vertex -19.200000000000003 102.88 8.76
      vertex -18.137424000000003 103.1524 8.76
      vertex -18.123144 102.88 8.76
    endloop
  endfacet
  facet normal 0 0 -1
    outer loop
      vertex -19.200000000000003 102.88 8.76
      vertex -18.189492 103.481164 8.76
      vertex -18.137424000000003 103.1524 8.76
    endloop
  endfacet
  facet normal 0 0 -1
    outer loop
      vertex -19.200000000000003 102.88 8.76
      vertex -18.394932 104.11342 8.76
      vertex -18.275640000000003 103.802668 8.76
    endloop
  endfacet
  facet normal 0 0 -1
    outer loop
      vertex -19.200000000000003 102.88 8.76
      vertex -18.275640000000003 103.802668 8.76
      vertex -18.189492 103.481164 8.76
    endloop
  endfacet
  facet normal 0 0 -1
    outer loop
      vertex -19.200000000000003 104.8 8.76
      vertex -18.96 104.8 8.76
      vertex -18.546036 104.41 8.76
    endloop
  endfacet
  facet normal 0 0 -1
    outer loop
      vertex -18.96 104.8 8.76
      vertex -18.96 104.971036 8.76
      vertex -18.936804000000002 104.94784 8.76
    endloop
  endfacet
  facet normal 0 0 -1
    outer loop
      vertex -18.96 104.8 8.76
      vertex -18.936804000000002 104.94784 8.76
      vertex -18.727332 104.689156 8.76
    endloop
  endfacet
  facet normal 0 0 -1
    outer loop
      vertex -18.96 104.8 8.76
      vertex -18.727332 104.689156 8.76
      vertex -18.546036 104.41 8.76
    endloop
  endfacet
  facet normal 0 0 1
    outer loop
      vertex -19.17216 105.183196 8.76
      vertex -18.96 104.971036 8.76
      vertex -18.96 105.28 8.76
    endloop
  endfacet
  facet normal 0 0 1
    outer loop
      vertex -18.151296000000002 102.4 8.76
      vertex -17.880000000000003 102.4 8.76
      vertex -18.137424000000003 102.4876 8.76
    endloop
  endfacet
  facet normal 0 0 1
    outer loop
      vertex -18.137424000000003 102.4876 8.76
      vertex -17.880000000000003 102.88 8.76
      vertex -18.12 102.82 8.76
    endloop
  endfacet
  facet normal 0 0 1
    outer loop
      vertex -18.123144 102.88 8.76
      vertex -18.12 102.82 8.76
      vertex -17.880000000000003 102.88 8.76
    endloop
  endfacet
  facet normal 0 0 1
    outer loop
      vertex -18.137424000000003 102.4876 8.76
      vertex -17.880000000000003 102.4 8.76
      vertex -17.880000000000003 102.88 8.76
    endloop
  endfacet
  facet normal 0 0 1
    outer loop
      vertex -20.901264 90.583372 12
      vertex -20.594424 89.884372 12
      vertex -18.135672 91.745908 12
    endloop
  endfacet
  facet normal 0 0 1
    outer loop
      vertex -20.594424 89.884372 12
      vertex -20.265792 89.195356 12
      vertex -17.866716 91.133212 12
    endloop
  endfacet
  facet normal 0 0 1
    outer loop
      vertex -20.265792 89.195356 12
      vertex -19.915668 88.517008 12
      vertex -17.578644 90.529264 12
    endloop
  endfacet
  facet normal -0.9950548603736666 -0.09932685863724217 0
    outer loop
      vertex -22.6422324 97.24 8.76
      vertex -22.71476436 97.966624 12
      vertex -22.71476436 97.966624 8.76
    endloop
  endfacet
  facet normal -0.9976840932142746 -0.06801801340241129 0
    outer loop
      vertex -22.71476436 97.966624 8.76
      vertex -22.766687400000002 98.728228 12
      vertex -22.766687400000002 98.728228 8.76
    endloop
  endfacet
  facet normal -0.9659272927829227 -0.25881357201092386 0
    outer loop
      vertex -24.324360000000002 101.83732 8.76
      vertex -24.410508 102.158836 12
      vertex -24.410508 102.158836 8.76
    endloop
  endfacet
  facet normal -0.9335702844108251 -0.3583943694662227 0
    outer loop
      vertex -24.324360000000002 101.83732 8.76
      vertex -24.205068 101.52658 8.76
      vertex -24.324360000000002 101.83732 12
    endloop
  endfacet
  facet normal -0.8910199620378332 -0.4539641255100434 0
    outer loop
      vertex -24.205068 101.52658 8.76
      vertex -24.053964 101.23 8.76
      vertex -24.205068 101.52658 12
    endloop
  endfacet
  facet normal -0.8386645372823954 -0.544648321309178 0
    outer loop
      vertex -24.053964 101.23 8.76
      vertex -23.8726728 100.9508428 8.76
      vertex -24.053964 101.23 12
    endloop
  endfacet
  facet normal -0.7771493201421134 -0.6293162433964746 0
    outer loop
      vertex -23.8726728 100.9508428 8.76
      vertex -23.663200800000002 100.6921636 8.76
      vertex -23.8726728 100.9508428 12
    endloop
  endfacet
  facet normal -0.6293215920239286 -0.7771449889257911 0
    outer loop
      vertex -23.427834 100.4567992 8.76
      vertex -23.400000000000002 100.4342596 8.76
      vertex -23.427834 100.4567992 12
    endloop
  endfacet
  facet normal -0.6293244298417116 -0.7771426908904212 0
    outer loop
      vertex -23.400000000000002 100.4342596 8.76
      vertex -23.1691572 100.2473248 8.76
      vertex -23.1691572 100.2473248 12
    endloop
  endfacet
  facet normal -0.7071031760280074 -0.707110386326707 0
    outer loop
      vertex -23.427834 100.4567992 8.76
      vertex -23.427834 100.4567992 12
      vertex -23.663200800000002 100.6921636 8.76
    endloop
  endfacet
  facet normal 0.9659249845173091 0.2588221866170596 0
    outer loop
      vertex -23.1545592 102.21742 8.76
      vertex -23.203482 102.4 8.76
      vertex -23.1545592 102.21742 12
    endloop
  endfacet
  facet normal -0.987689780511564 -0.1564253734948992 0
    outer loop
      vertex -24.410508 102.158836 8.76
      vertex -24.462576000000002 102.4876 12
      vertex -24.462576000000002 102.4876 8.76
    endloop
  endfacet
  facet normal -0.9986289609269594 -0.05234690437782808 0
    outer loop
      vertex -24.462576000000002 102.4876 8.76
      vertex -24.48 102.82 12
      vertex -24.48 102.82 8.76
    endloop
  endfacet
  facet normal -0.9986289609269594 0.052346904377825854 0
    outer loop
      vertex -24.48 102.82 8.76
      vertex -24.462576000000002 103.1524 12
      vertex -24.462576000000002 103.1524 8.76
    endloop
  endfacet
  facet normal -0.987689780511564 0.1564253734948992 0
    outer loop
      vertex -24.462576000000002 103.1524 8.76
      vertex -24.410508 103.481164 12
      vertex -24.410508 103.481164 8.76
    endloop
  endfacet
  facet normal -0.9659248777677014 0.25882258500650823 0
    outer loop
      vertex -24.410508 103.481164 8.76
      vertex -24.324360000000002 103.802668 12
      vertex -24.324360000000002 103.802668 8.76
    endloop
  endfacet
  facet normal -0.933574914949705 0.358382307287415 0
    outer loop
      vertex -24.324360000000002 103.802668 8.76
      vertex -24.205068 104.11342 12
      vertex -24.205068 104.11342 8.76
    endloop
  endfacet
  facet normal -0.8910199620378332 0.4539641255100434 0
    outer loop
      vertex -24.205068 104.11342 8.76
      vertex -24.053964 104.41 12
      vertex -24.053964 104.41 8.76
    endloop
  endfacet
  facet normal -0.8386634678459013 0.5446499680535077 0
    outer loop
      vertex -24.053964 104.41 8.76
      vertex -23.8726728 104.689156 12
      vertex -23.8726728 104.689156 8.76
    endloop
  endfacet
  facet normal 0.9876888728716682 0.1564311043414751 0
    outer loop
      vertex -23.207386800000002 102.414568 8.76
      vertex -23.2393164 102.616168 8.76
      vertex -23.207386800000002 102.414568 12
    endloop
  endfacet
  facet normal 0.9986292229790905 0.052341904934553894 0
    outer loop
      vertex -23.2393164 102.616168 8.76
      vertex -23.25 102.82 8.76
      vertex -23.2393164 102.616168 12
    endloop
  endfacet
  facet normal 0.9659040063981073 0.2589004643180182 0
    outer loop
      vertex -23.207386800000002 102.414568 8.76
      vertex -23.207386800000002 102.414568 12
      vertex -23.203482 102.4 8.76
    endloop
  endfacet
  facet normal 0.9986288968497629 -0.05234812677284158 0
    outer loop
      vertex -23.25 102.82 8.76
      vertex -23.2468548 102.88 8.76
      vertex -23.25 102.82 12
    endloop
  endfacet
  facet normal 0.9986293590136356 -0.052339309472089694 0
    outer loop
      vertex -23.2468548 102.88 8.76
      vertex -23.2393164 103.023832 8.76
      vertex -23.2393164 103.023832 12
    endloop
  endfacet
  facet normal 0.9876888728716682 -0.1564311043414751 0
    outer loop
      vertex -23.2393164 103.023832 8.76
      vertex -23.207386800000002 103.225432 8.76
      vertex -23.2393164 103.023832 12
    endloop
  endfacet
  facet normal 0.9659234345518327 -0.2588279710224364 0
    outer loop
      vertex -23.207386800000002 103.225432 8.76
      vertex -23.1545592 103.42258 8.76
      vertex -23.207386800000002 103.225432 12
    endloop
  endfacet
  facet normal 0.9335835907476784 -0.3583597062822094 0
    outer loop
      vertex -23.1545592 103.42258 8.76
      vertex -23.081412 103.61314 8.76
      vertex -23.1545592 103.42258 12
    endloop
  endfacet
  facet normal -0.7771550311765907 0.6293091907138434 0
    outer loop
      vertex -23.8726728 104.689156 8.76
      vertex -23.663200800000002 104.94784 12
      vertex -23.663200800000002 104.94784 8.76
    endloop
  endfacet
  facet normal -0.7070905575389033 0.7071230044619699 0
    outer loop
      vertex -23.663200800000002 104.94784 8.76
      vertex -23.663200800000002 104.94784 12
      vertex -23.427834 105.183196 8.76
    endloop
  endfacet
  facet normal -0.629463208461767 0.7770302884656545 0
    outer loop
      vertex -23.427834 105.183196 8.76
      vertex -23.427834 105.183196 12
      vertex -23.400000000000002 105.205744 8.76
    endloop
  endfacet
  facet normal -0.6293024702297919 0.7771604731054277 0.0000022868491377783645
    outer loop
      vertex -23.400000000000002 105.205744 8.76
      vertex -23.427834 105.183196 12
      vertex -23.1691572 105.392668 8.76
    endloop
  endfacet
  facet normal -0.9993280806455174 -0.036652247316447485 0
    outer loop
      vertex -22.794667056 99.4910968 8.76
      vertex -22.766687400000002 98.728228 8.76
      vertex -22.794667056 99.4910968 12
    endloop
  endfacet
  facet normal -0.5446383562080742 -0.838671008767423 0
    outer loop
      vertex -23.1691572 100.2473248 8.76
      vertex -22.889999760000002 100.06603816 8.76
      vertex -22.889999760000002 100.06603816 12
    endloop
  endfacet
  facet normal -0.9999863910771505 -0.0052170547721937625 0
    outer loop
      vertex -22.794667056 99.4910968 8.76
      vertex -22.797322068 100 12
      vertex -22.797322068 100 8.76
    endloop
  endfacet
  facet normal -0.45398760607044386 -0.8910079985804996 0
    outer loop
      vertex -22.889999760000002 100.06603816 8.76
      vertex -22.8 100.02018136 8.76
      vertex -22.8 100.02018136 12
    endloop
  endfacet
  facet normal 0.9335835907476784 0.3583597062822094 0
    outer loop
      vertex -23.1545592 102.21742 8.76
      vertex -23.081412 102.02686 12
      vertex -23.081412 102.02686 8.76
    endloop
  endfacet
  facet normal 0.891003151549126 0.4539971188559735 0
    outer loop
      vertex -22.988748 101.845 8.76
      vertex -23.081412 102.02686 8.76
      vertex -22.988748 101.845 12
    endloop
  endfacet
  facet normal 0.8386716237891566 0.5446374091548059 0
    outer loop
      vertex -22.988748 101.845 8.76
      vertex -22.877582880000002 101.67382 12
      vertex -22.877582880000002 101.67382 8.76
    endloop
  endfacet
  facet normal 0.7771576102114423 0.6293060057638413 0
    outer loop
      vertex -22.877582880000002 101.67382 8.76
      vertex -22.749133320000002 101.515192 12
      vertex -22.749133320000002 101.515192 8.76
    endloop
  endfacet
  facet normal 0.6293157663619311 0.777149706432612 0
    outer loop
      vertex -22.6048044 101.370868 8.76
      vertex -22.6048044 101.370868 12
      vertex -22.4461824 101.24242 8.76
    endloop
  endfacet
  facet normal 0.707094728666809 0.7071188335008562 0
    outer loop
      vertex -22.6048044 101.370868 8.76
      vertex -22.749133320000002 101.515192 8.76
      vertex -22.749133320000002 101.515192 12
    endloop
  endfacet
  facet normal 0.544652918497463 0.8386615517431306 0
    outer loop
      vertex -22.4461824 101.24242 8.76
      vertex -22.4461824 101.24242 12
      vertex -22.275001200000002 101.1312496 8.76
    endloop
  endfacet
  facet normal 0.45398998423424775 0.8910067868512492 0
    outer loop
      vertex -22.275001200000002 101.1312496 8.76
      vertex -22.275001200000002 101.1312496 12
      vertex -22.093137600000002 101.0385856 8.76
    endloop
  endfacet
  facet normal 0.3583644167540096 0.9335817826010523 0
    outer loop
      vertex -22.093137600000002 101.0385856 8.76
      vertex -22.093137600000002 101.0385856 12
      vertex -21.9025836 100.9654396 8.76
    endloop
  endfacet
  facet normal 0.25882463729598404 0.9659243278479956 0
    outer loop
      vertex -21.9025836 100.9654396 8.76
      vertex -21.9025836 100.9654396 12
      vertex -21.705428400000002 100.9126108 8.76
    endloop
  endfacet
  facet normal 0.891003151549126 -0.4539971188559735 0
    outer loop
      vertex -23.081412 103.61314 8.76
      vertex -22.988748 103.795 8.76
      vertex -23.081412 103.61314 12
    endloop
  endfacet
  facet normal 0.8386716237891566 -0.5446374091548059 0
    outer loop
      vertex -22.988748 103.795 8.76
      vertex -22.877582880000002 103.96618 8.76
      vertex -22.988748 103.795 12
    endloop
  endfacet
  facet normal 0.7771576102114423 -0.6293060057638413 0
    outer loop
      vertex -22.877582880000002 103.96618 8.76
      vertex -22.749133320000002 104.124808 8.76
      vertex -22.877582880000002 103.96618 12
    endloop
  endfacet
  facet normal -0.5446581346263277 0.8386581642036097 0
    outer loop
      vertex -23.1691572 105.392668 8.76
      vertex -23.1691572 105.392668 12
      vertex -22.889999760000002 105.573964 8.76
    endloop
  endfacet
  facet normal -0.45399595521511277 0.8910037444636904 0
    outer loop
      vertex -22.889999760000002 105.573964 8.76
      vertex -22.889999760000002 105.573964 12
      vertex -22.5934224 105.72508 8.76
    endloop
  endfacet
  facet normal 0.707094728666809 -0.7071188335008562 0
    outer loop
      vertex -22.749133320000002 104.124808 8.76
      vertex -22.6048044 104.269132 8.76
      vertex -22.6048044 104.269132 12
    endloop
  endfacet
  facet normal 0.6293157663619311 -0.777149706432612 0
    outer loop
      vertex -22.6048044 104.269132 8.76
      vertex -22.4461824 104.39758 8.76
      vertex -22.4461824 104.39758 12
    endloop
  endfacet
  facet normal -0.3583545044032604 0.9335855874925949 0
    outer loop
      vertex -22.5934224 105.72508 8.76
      vertex -22.5934224 105.72508 12
      vertex -22.282674 105.84436 8.76
    endloop
  endfacet
  facet normal 0.5446419627882592 -0.8386686666199903 0
    outer loop
      vertex -22.4461824 104.39758 8.76
      vertex -22.275000000000002 104.508748 8.76
      vertex -22.275000000000002 104.508748 12
    endloop
  endfacet
  facet normal 0.453992362419808 -0.8910055751029181 0
    outer loop
      vertex -22.275000000000002 104.508748 8.76
      vertex -22.093137600000002 104.601412 8.76
      vertex -22.093137600000002 104.601412 12
    endloop
  endfacet
  facet normal -0.2587979373767192 0.9659314818399676 0
    outer loop
      vertex -22.282674 105.84436 8.76
      vertex -22.282674 105.84436 12
      vertex -22.0859628 105.897064 8.76
    endloop
  endfacet
  facet normal 0.35839003700756994 -0.9335719476150259 0
    outer loop
      vertex -22.093137600000002 104.601412 8.76
      vertex -21.9025836 104.674564 8.76
      vertex -21.9025836 104.674564 12
    endloop
  endfacet
  facet normal 0.25880269579774495 -0.9659302069237817 0
    outer loop
      vertex -21.9025836 104.674564 8.76
      vertex -21.705428400000002 104.727388 8.76
      vertex -21.705428400000002 104.727388 12
    endloop
  endfacet
  facet normal -0.35843136221829525 0.9335560821816423 0
    outer loop
      vertex -22.0859628 105.897064 8.76
      vertex -22.0859628 105.897064 12
      vertex -21.9708204 105.941272 8.76
    endloop
  endfacet
  facet normal -0.25881010371601126 0.9659282220820072 0
    outer loop
      vertex -21.9708204 105.941272 8.76
      vertex -21.9708204 105.941272 12
      vertex -21.8494944 105.97378 8.76
    endloop
  endfacet
  facet normal -0.1563947750454592 0.9876946260552804 0
    outer loop
      vertex -21.8494944 105.97378 8.76
      vertex -21.8494944 105.97378 12
      vertex -21.725434800000002 105.993424 8.76
    endloop
  endfacet
  facet normal 0.9976837452380451 0.06802311730424787 0
    outer loop
      vertex -19.725276 98.217664 8.76
      vertex -19.770792 98.8852396 8.76
      vertex -19.725276 98.217664 12
    endloop
  endfacet
  facet normal 0.9914454627462792 0.1305216242613315 0
    outer loop
      vertex -19.617768 97.24 8.76
      vertex -19.658820000000002 97.551832 8.76
      vertex -19.658820000000002 97.551832 12
    endloop
  endfacet
  facet normal 0.995055993665323 0.09931550468439784 0
    outer loop
      vertex -19.725276 98.217664 8.76
      vertex -19.658820000000002 97.551832 12
      vertex -19.658820000000002 97.551832 8.76
    endloop
  endfacet
  facet normal 0.15643382944419154 0.987688441263451 0
    outer loop
      vertex -21.705428400000002 100.9126108 8.76
      vertex -21.705428400000002 100.9126108 12
      vertex -21.503832 100.8806812 8.76
    endloop
  endfacet
  facet normal 0.052336041907536504 0.9986295302650792 0
    outer loop
      vertex -21.503832 100.8806812 8.76
      vertex -21.503832 100.8806812 12
      vertex -21.3 100.8699988 8.76
    endloop
  endfacet
  facet normal -0.052336041907536504 0.9986295302650792 0
    outer loop
      vertex -21.3 100.8699988 8.76
      vertex -21.3 100.8699988 12
      vertex -21.096168000000002 100.8806812 8.76
    endloop
  endfacet
  facet normal -0.15643110434147248 0.9876888728716687 0
    outer loop
      vertex -21.096168000000002 100.8806812 8.76
      vertex -21.096168000000002 100.8806812 12
      vertex -20.894568 100.9126108 8.76
    endloop
  endfacet
  facet normal -0.2588334565195037 0.965921964646299 0
    outer loop
      vertex -20.894568 100.9126108 8.76
      vertex -20.894568 100.9126108 12
      vertex -20.69742 100.9654396 8.76
    endloop
  endfacet
  facet normal -0.3583545822659373 0.9335855576051966 0
    outer loop
      vertex -20.69742 100.9654396 8.76
      vertex -20.69742 100.9654396 12
      vertex -20.50686 101.0385856 8.76
    endloop
  endfacet
  facet normal -0.4539971188559735 0.891003151549126 0
    outer loop
      vertex -20.50686 101.0385856 8.76
      vertex -20.50686 101.0385856 12
      vertex -20.325 101.1312496 8.76
    endloop
  endfacet
  facet normal 0.15644530007191035 -0.9876866244337877 0
    outer loop
      vertex -21.705428400000002 104.727388 8.76
      vertex -21.503832 104.75932 8.76
      vertex -21.503832 104.75932 12
    endloop
  endfacet
  facet normal -0.05235374623683192 0.9986286022616063 0
    outer loop
      vertex -21.725434800000002 105.993424 8.76
      vertex -21.725434800000002 105.993424 12
      vertex -21.6 106 8.76
    endloop
  endfacet
  facet normal 0.052324315837339375 -0.9986301447343527 0
    outer loop
      vertex -21.503832 104.75932 8.76
      vertex -21.3 104.77 8.76
      vertex -21.3 104.77 12
    endloop
  endfacet
  facet normal -0.052324315837339375 -0.9986301447343527 0
    outer loop
      vertex -21.3 104.77 8.76
      vertex -21.096168000000002 104.75932 8.76
      vertex -21.096168000000002 104.75932 12
    endloop
  endfacet
  facet normal 0 1 0
    outer loop
      vertex -21.6 106 8.76
      vertex -21.6 106 12
      vertex -21 106 8.76
    endloop
  endfacet
  facet normal -0.15644257477939705 -0.9876870561045096 0
    outer loop
      vertex -21.096168000000002 104.75932 8.76
      vertex -20.894568 104.727388 8.76
      vertex -20.894568 104.727388 12
    endloop
  endfacet
  facet normal -0.2588115143809799 -0.9659278441083597 0
    outer loop
      vertex -20.894568 104.727388 8.76
      vertex -20.69742 104.674564 8.76
      vertex -20.69742 104.674564 12
    endloop
  endfacet
  facet normal 0.05235324676059422 0.9986286284468439 0
    outer loop
      vertex -21 106 8.76
      vertex -21 106 12
      vertex -20.874564 105.993424 8.76
    endloop
  endfacet
  facet normal 0.1563992024773178 0.9876939249911679 0
    outer loop
      vertex -20.874564 105.993424 8.76
      vertex -20.874564 105.993424 12
      vertex -20.750508 105.97378 8.76
    endloop
  endfacet
  facet normal -0.3583802020236202 -0.933575723119185 0
    outer loop
      vertex -20.69742 104.674564 8.76
      vertex -20.50686 104.601412 8.76
      vertex -20.50686 104.601412 12
    endloop
  endfacet
  facet normal 0.2587981624880552 0.9659314215268112 0
    outer loop
      vertex -20.750508 105.97378 8.76
      vertex -20.750508 105.97378 12
      vertex -20.629176 105.941272 8.76
    endloop
  endfacet
  facet normal 0.35843787355420187 0.9335535821804457 0
    outer loop
      vertex -20.629176 105.941272 8.76
      vertex -20.629176 105.941272 12
      vertex -20.514036 105.897064 8.76
    endloop
  endfacet
  facet normal 0.25880677572600025 0.9659291137750801 0
    outer loop
      vertex -20.514036 105.897064 8.76
      vertex -20.514036 105.897064 12
      vertex -20.317332 105.84436 8.76
    endloop
  endfacet
  facet normal 0.9993279140584482 0.03665678905183685 0
    outer loop
      vertex -19.770792 98.8852396 8.76
      vertex -19.79532 99.5539156 8.76
      vertex -19.770792 98.8852396 12
    endloop
  endfacet
  facet normal 0.9999863826370309 0.005218672293362186 0
    outer loop
      vertex -19.79532 99.5539156 8.76
      vertex -19.797648000000002 100 8.76
      vertex -19.79532 99.5539156 12
    endloop
  endfacet
  facet normal 1 0 0
    outer loop
      vertex -19.8 100.00000228882 8.76
      vertex -19.8 100.02018148 8.76
      vertex -19.8 100.00000228882 12
    endloop
  endfacet
  facet normal 1 0 0
    outer loop
      vertex -19.797648000000002 100 8.76
      vertex -19.797648000000002 100.00000228882 8.76
      vertex -19.797648000000002 100.00000228882 12
    endloop
  endfacet
  facet normal 0 1 0
    outer loop
      vertex -19.8 100.00000228882 8.76
      vertex -19.8 100.00000228882 12
      vertex -19.797648000000002 100.00000228882 8.76
    endloop
  endfacet
  facet normal 0.4539857017949515 -0.8910089688469726 0
    outer loop
      vertex -19.8 100.02018148 8.76
      vertex -19.71 100.06603816 8.76
      vertex -19.71 100.06603816 12
    endloop
  endfacet
  facet normal -0.5446556039666339 0.838659807709742 0
    outer loop
      vertex -20.325 101.1312496 8.76
      vertex -20.325 101.1312496 12
      vertex -20.15382 101.24242 8.76
    endloop
  endfacet
  facet normal -0.6293013896640157 0.7771613480912046 0
    outer loop
      vertex -20.15382 101.24242 8.76
      vertex -20.15382 101.24242 12
      vertex -19.995192 101.370868 8.76
    endloop
  endfacet
  facet normal -0.7071067811865475 0.7071067811865475 0
    outer loop
      vertex -19.995192 101.370868 8.76
      vertex -19.995192 101.370868 12
      vertex -19.850868000000002 101.515192 8.76
    endloop
  endfacet
  facet normal -0.7771613480912271 0.6293013896639883 0
    outer loop
      vertex -19.850868000000002 101.515192 8.76
      vertex -19.72242 101.67382 12
      vertex -19.72242 101.67382 8.76
    endloop
  endfacet
  facet normal 0.544640332294853 -0.8386697254806279 0
    outer loop
      vertex -19.71 100.06603816 8.76
      vertex -19.430844 100.2473248 8.76
      vertex -19.430844 100.2473248 12
    endloop
  endfacet
  facet normal 0.6293135454486087 -0.7771515048656226 0
    outer loop
      vertex -19.430844 100.2473248 8.76
      vertex -19.17216 100.4567992 8.76
      vertex -19.17216 100.4567992 12
    endloop
  endfacet
  facet normal 0.7071799314244698 -0.7070336233804457 0
    outer loop
      vertex -19.17216 100.4567992 8.76
      vertex -19.148964 100.48 8.76
      vertex -19.17216 100.4567992 12
    endloop
  endfacet
  facet normal -0.8386651786625738 0.5446473336929808 0
    outer loop
      vertex -19.72242 101.67382 8.76
      vertex -19.611252 101.845 12
      vertex -19.611252 101.845 8.76
    endloop
  endfacet
  facet normal -0.891003151549126 0.4539971188559735 0
    outer loop
      vertex -19.611252 101.845 8.76
      vertex -19.518588 102.02686 12
      vertex -19.518588 102.02686 8.76
    endloop
  endfacet
  facet normal -0.9335757231191989 0.35838020202358406 0
    outer loop
      vertex -19.518588 102.02686 8.76
      vertex -19.445436 102.21742 12
      vertex -19.445436 102.21742 8.76
    endloop
  endfacet
  facet normal -0.7771613480912271 -0.6293013896639883 0
    outer loop
      vertex -19.850868000000002 104.124808 8.76
      vertex -19.72242 103.96618 8.76
      vertex -19.850868000000002 104.124808 12
    endloop
  endfacet
  facet normal -0.4539971188559735 -0.891003151549126 0
    outer loop
      vertex -20.50686 104.601412 8.76
      vertex -20.325 104.508748 8.76
      vertex -20.325 104.508748 12
    endloop
  endfacet
  facet normal -0.5446473336929404 -0.8386651786626002 0
    outer loop
      vertex -20.325 104.508748 8.76
      vertex -20.15382 104.39758 8.76
      vertex -20.15382 104.39758 12
    endloop
  endfacet
  facet normal 0.3583508860523542 0.9335869763795404 0
    outer loop
      vertex -20.317332 105.84436 8.76
      vertex -20.317332 105.84436 12
      vertex -20.00658 105.72508 8.76
    endloop
  endfacet
  facet normal -0.6293013896640157 -0.7771613480912046 0
    outer loop
      vertex -20.15382 104.39758 8.76
      vertex -19.995192 104.269132 8.76
      vertex -19.995192 104.269132 12
    endloop
  endfacet
  facet normal -0.7071067811865475 -0.7071067811865475 0
    outer loop
      vertex -19.850868000000002 104.124808 8.76
      vertex -19.850868000000002 104.124808 12
      vertex -19.995192 104.269132 8.76
    endloop
  endfacet
  facet normal 0.45399274692005054 0.8910053791891421 0
    outer loop
      vertex -20.00658 105.72508 8.76
      vertex -20.00658 105.72508 12
      vertex -19.71 105.573964 8.76
    endloop
  endfacet
  facet normal -0.9659233973571435 0.25882810982747306 -0.0000010823007010739702
    outer loop
      vertex -19.445436 102.21742 8.76
      vertex -19.392612 102.414568 12
      vertex -19.396512 102.4 8.76
    endloop
  endfacet
  facet normal -0.9659835542954383 0.25860350506277413 0
    outer loop
      vertex -19.396512 102.4 8.76
      vertex -19.392612 102.414568 12
      vertex -19.392612 102.414568 8.76
    endloop
  endfacet
  facet normal -0.8386651786625738 -0.5446473336929808 0
    outer loop
      vertex -19.72242 103.96618 8.76
      vertex -19.611252 103.795 8.76
      vertex -19.72242 103.96618 12
    endloop
  endfacet
  facet normal -0.891003151549126 -0.4539971188559735 0
    outer loop
      vertex -19.611252 103.795 8.76
      vertex -19.518588 103.61314 8.76
      vertex -19.611252 103.795 12
    endloop
  endfacet
  facet normal -0.9335757231191989 -0.35838020202358406 0
    outer loop
      vertex -19.518588 103.61314 8.76
      vertex -19.445436 103.42258 8.76
      vertex -19.518588 103.61314 12
    endloop
  endfacet
  facet normal -0.9659278441083597 -0.2588115143809799 0
    outer loop
      vertex -19.392612 103.225432 8.76
      vertex -19.445436 103.42258 12
      vertex -19.445436 103.42258 8.76
    endloop
  endfacet
  facet normal -0.9876870561045092 0.1564425747793997 0
    outer loop
      vertex -19.392612 102.414568 8.76
      vertex -19.360680000000002 102.616168 12
      vertex -19.360680000000002 102.616168 8.76
    endloop
  endfacet
  facet normal -0.9986301447343509 0.05232431583737591 0
    outer loop
      vertex -19.360680000000002 102.616168 8.76
      vertex -19.35 102.82 12
      vertex -19.35 102.82 8.76
    endloop
  endfacet
  facet normal -0.9986299407457376 -0.05232820889505679 0
    outer loop
      vertex -19.35 102.82 8.76
      vertex -19.35 102.82 12
      vertex -19.353144 102.88 8.76
    endloop
  endfacet
  facet normal -0.9986302298244223 -0.05232269183462953 0
    outer loop
      vertex -19.353144 102.88 8.76
      vertex -19.360680000000002 103.023832 12
      vertex -19.360680000000002 103.023832 8.76
    endloop
  endfacet
  facet normal -0.9876870561045092 -0.1564425747793997 0
    outer loop
      vertex -19.392612 103.225432 8.76
      vertex -19.360680000000002 103.023832 8.76
      vertex -19.392612 103.225432 12
    endloop
  endfacet
  facet normal 0.5446601107243367 0.8386568808432643 0
    outer loop
      vertex -19.71 105.573964 8.76
      vertex -19.71 105.573964 12
      vertex -19.430844 105.392668 8.76
    endloop
  endfacet
  facet normal 0.6293023420740451 0.7771605768823594 0
    outer loop
      vertex -19.430844 105.392668 8.76
      vertex -19.430844 105.392668 12
      vertex -19.291704000000003 105.28 8.76
    endloop
  endfacet
  facet normal 0.6293171618179946 0.7771485764262482 0
    outer loop
      vertex -19.291704000000003 105.28 8.76
      vertex -19.17216 105.183196 12
      vertex -19.17216 105.183196 8.76
    endloop
  endfacet
  facet normal 0.7071067811865416 0.7071067811865535 0
    outer loop
      vertex -19.17216 105.183196 8.76
      vertex -19.17216 105.183196 12
      vertex -18.96 104.971036 8.76
    endloop
  endfacet
  facet normal -0.9950548707714464 -0.09932675447239565 -2.3593471848008414e-8
    outer loop
      vertex -22.6422324 97.24 8.76
      vertex -22.6389408 97.207024 12
      vertex -22.71476436 97.966624 12
    endloop
  endfacet
  facet normal -0.9976840932142746 -0.06801801340241129 0
    outer loop
      vertex -22.71476436 97.966624 8.76
      vertex -22.71476436 97.966624 12
      vertex -22.766687400000002 98.728228 12
    endloop
  endfacet
  facet normal -0.987689780511564 -0.1564253734948992 0
    outer loop
      vertex -24.410508 102.158836 8.76
      vertex -24.410508 102.158836 12
      vertex -24.462576000000002 102.4876 12
    endloop
  endfacet
  facet normal -0.9659272927829227 -0.25881357201092386 0
    outer loop
      vertex -24.324360000000002 101.83732 8.76
      vertex -24.324360000000002 101.83732 12
      vertex -24.410508 102.158836 12
    endloop
  endfacet
  facet normal -0.9335702844108251 -0.3583943694662227 0
    outer loop
      vertex -24.205068 101.52658 8.76
      vertex -24.205068 101.52658 12
      vertex -24.324360000000002 101.83732 12
    endloop
  endfacet
  facet normal -0.8910199620378332 -0.4539641255100434 0
    outer loop
      vertex -24.053964 101.23 8.76
      vertex -24.053964 101.23 12
      vertex -24.205068 101.52658 12
    endloop
  endfacet
  facet normal -0.8386645372823954 -0.544648321309178 0
    outer loop
      vertex -23.8726728 100.9508428 8.76
      vertex -23.8726728 100.9508428 12
      vertex -24.053964 101.23 12
    endloop
  endfacet
  facet normal -0.6293241244895978 -0.7771429381622146 -3.602223461358547e-8
    outer loop
      vertex -23.400000000000002 100.4342596 8.76
      vertex -23.1691572 100.2473248 12
      vertex -23.427834 100.4567992 12
    endloop
  endfacet
  facet normal -0.7771493201421134 -0.6293162433964746 0
    outer loop
      vertex -23.663200800000002 100.6921636 8.76
      vertex -23.663200800000002 100.6921636 12
      vertex -23.8726728 100.9508428 12
    endloop
  endfacet
  facet normal -0.7071031760280074 -0.707110386326707 0
    outer loop
      vertex -23.663200800000002 100.6921636 8.76
      vertex -23.427834 100.4567992 12
      vertex -23.663200800000002 100.6921636 12
    endloop
  endfacet
  facet normal 0.9335835907476784 0.3583597062822094 0
    outer loop
      vertex -23.1545592 102.21742 8.76
      vertex -23.1545592 102.21742 12
      vertex -23.081412 102.02686 12
    endloop
  endfacet
  facet normal -0.9986289609269594 -0.05234690437782808 0
    outer loop
      vertex -24.462576000000002 102.4876 8.76
      vertex -24.462576000000002 102.4876 12
      vertex -24.48 102.82 12
    endloop
  endfacet
  facet normal -0.9986289609269594 0.052346904377825854 0
    outer loop
      vertex -24.48 102.82 8.76
      vertex -24.48 102.82 12
      vertex -24.462576000000002 103.1524 12
    endloop
  endfacet
  facet normal -0.987689780511564 0.1564253734948992 0
    outer loop
      vertex -24.462576000000002 103.1524 8.76
      vertex -24.462576000000002 103.1524 12
      vertex -24.410508 103.481164 12
    endloop
  endfacet
  facet normal -0.9659248777677014 0.25882258500650823 0
    outer loop
      vertex -24.410508 103.481164 8.76
      vertex -24.410508 103.481164 12
      vertex -24.324360000000002 103.802668 12
    endloop
  endfacet
  facet normal -0.933574914949705 0.358382307287415 0
    outer loop
      vertex -24.324360000000002 103.802668 8.76
      vertex -24.324360000000002 103.802668 12
      vertex -24.205068 104.11342 12
    endloop
  endfacet
  facet normal -0.8910199620378332 0.4539641255100434 0
    outer loop
      vertex -24.205068 104.11342 8.76
      vertex -24.205068 104.11342 12
      vertex -24.053964 104.41 12
    endloop
  endfacet
  facet normal -0.8386634678459013 0.5446499680535077 0
    outer loop
      vertex -24.053964 104.41 8.76
      vertex -24.053964 104.41 12
      vertex -23.8726728 104.689156 12
    endloop
  endfacet
  facet normal -0.7771550311765907 0.6293091907138434 0
    outer loop
      vertex -23.8726728 104.689156 8.76
      vertex -23.8726728 104.689156 12
      vertex -23.663200800000002 104.94784 12
    endloop
  endfacet
  facet normal 0.9876888728716682 0.1564311043414751 0
    outer loop
      vertex -23.2393164 102.616168 8.76
      vertex -23.2393164 102.616168 12
      vertex -23.207386800000002 102.414568 12
    endloop
  endfacet
  facet normal 0.9986292229790905 0.052341904934553894 0
    outer loop
      vertex -23.25 102.82 8.76
      vertex -23.25 102.82 12
      vertex -23.2393164 102.616168 12
    endloop
  endfacet
  facet normal 0.9659234345517738 0.25882797102242056 3.493658594764609e-7
    outer loop
      vertex -23.203482 102.4 8.76
      vertex -23.207386800000002 102.414568 12
      vertex -23.1545592 102.21742 12
    endloop
  endfacet
  facet normal 0.9986292229790841 -0.05234190493454991 1.1553581464234857e-7
    outer loop
      vertex -23.2468548 102.88 8.76
      vertex -23.2393164 103.023832 12
      vertex -23.25 102.82 12
    endloop
  endfacet
  facet normal 0.9876888728716682 -0.1564311043414751 0
    outer loop
      vertex -23.207386800000002 103.225432 8.76
      vertex -23.207386800000002 103.225432 12
      vertex -23.2393164 103.023832 12
    endloop
  endfacet
  facet normal 0.9659234345518327 -0.2588279710224364 0
    outer loop
      vertex -23.1545592 103.42258 8.76
      vertex -23.1545592 103.42258 12
      vertex -23.207386800000002 103.225432 12
    endloop
  endfacet
  facet normal -0.7070905575389033 0.7071230044619699 0
    outer loop
      vertex -23.427834 105.183196 8.76
      vertex -23.663200800000002 104.94784 12
      vertex -23.427834 105.183196 12
    endloop
  endfacet
  facet normal -0.6293197697776525 0.7771464645528555 0
    outer loop
      vertex -23.1691572 105.392668 8.76
      vertex -23.427834 105.183196 12
      vertex -23.1691572 105.392668 12
    endloop
  endfacet
  facet normal -0.5446383562080742 -0.838671008767423 0
    outer loop
      vertex -23.1691572 100.2473248 8.76
      vertex -22.889999760000002 100.06603816 12
      vertex -23.1691572 100.2473248 12
    endloop
  endfacet
  facet normal -0.9999863910771505 -0.0052170547721937625 0
    outer loop
      vertex -22.794667056 99.4910968 8.76
      vertex -22.794667056 99.4910968 12
      vertex -22.797322068 100 12
    endloop
  endfacet
  facet normal 0 -1 0
    outer loop
      vertex -22.797322068 100 8.76
      vertex -22.797322068 100 12
      vertex -22.8 100 12
    endloop
  endfacet
  facet normal -0.45398760607044386 -0.8910079985804996 0
    outer loop
      vertex -22.889999760000002 100.06603816 8.76
      vertex -22.8 100.02018136 12
      vertex -22.889999760000002 100.06603816 12
    endloop
  endfacet
  facet normal -1 0 0
    outer loop
      vertex -22.8 100.02018136 8.76
      vertex -22.8 100 12
      vertex -22.8 100.02018136 12
    endloop
  endfacet
  facet normal -0.9993280806455174 -0.036652247316447485 0
    outer loop
      vertex -22.766687400000002 98.728228 8.76
      vertex -22.766687400000002 98.728228 12
      vertex -22.794667056 99.4910968 12
    endloop
  endfacet
  facet normal 0.8386716237891566 0.5446374091548059 0
    outer loop
      vertex -22.988748 101.845 8.76
      vertex -22.988748 101.845 12
      vertex -22.877582880000002 101.67382 12
    endloop
  endfacet
  facet normal 0.891003151549126 0.4539971188559735 0
    outer loop
      vertex -23.081412 102.02686 8.76
      vertex -23.081412 102.02686 12
      vertex -22.988748 101.845 12
    endloop
  endfacet
  facet normal 0.7771576102114423 0.6293060057638413 0
    outer loop
      vertex -22.877582880000002 101.67382 8.76
      vertex -22.877582880000002 101.67382 12
      vertex -22.749133320000002 101.515192 12
    endloop
  endfacet
  facet normal 0.6293157663619311 0.777149706432612 0
    outer loop
      vertex -22.4461824 101.24242 8.76
      vertex -22.6048044 101.370868 12
      vertex -22.4461824 101.24242 12
    endloop
  endfacet
  facet normal 0.707094728666809 0.7071188335008562 0
    outer loop
      vertex -22.6048044 101.370868 8.76
      vertex -22.749133320000002 101.515192 12
      vertex -22.6048044 101.370868 12
    endloop
  endfacet
  facet normal 0.544652918497463 0.8386615517431306 0
    outer loop
      vertex -22.275001200000002 101.1312496 8.76
      vertex -22.4461824 101.24242 12
      vertex -22.275001200000002 101.1312496 12
    endloop
  endfacet
  facet normal 0.45398998423424775 0.8910067868512492 0
    outer loop
      vertex -22.093137600000002 101.0385856 8.76
      vertex -22.275001200000002 101.1312496 12
      vertex -22.093137600000002 101.0385856 12
    endloop
  endfacet
  facet normal 0.3583644167540096 0.9335817826010523 0
    outer loop
      vertex -21.9025836 100.9654396 8.76
      vertex -22.093137600000002 101.0385856 12
      vertex -21.9025836 100.9654396 12
    endloop
  endfacet
  facet normal 0.25882463729598404 0.9659243278479956 0
    outer loop
      vertex -21.705428400000002 100.9126108 8.76
      vertex -21.9025836 100.9654396 12
      vertex -21.705428400000002 100.9126108 12
    endloop
  endfacet
  facet normal 0.9335835907476784 -0.3583597062822094 0
    outer loop
      vertex -23.081412 103.61314 8.76
      vertex -23.081412 103.61314 12
      vertex -23.1545592 103.42258 12
    endloop
  endfacet
  facet normal 0.891003151549126 -0.4539971188559735 0
    outer loop
      vertex -22.988748 103.795 8.76
      vertex -22.988748 103.795 12
      vertex -23.081412 103.61314 12
    endloop
  endfacet
  facet normal 0.8386716237891566 -0.5446374091548059 0
    outer loop
      vertex -22.877582880000002 103.96618 8.76
      vertex -22.877582880000002 103.96618 12
      vertex -22.988748 103.795 12
    endloop
  endfacet
  facet normal 0.7771576102114423 -0.6293060057638413 0
    outer loop
      vertex -22.749133320000002 104.124808 8.76
      vertex -22.749133320000002 104.124808 12
      vertex -22.877582880000002 103.96618 12
    endloop
  endfacet
  facet normal -0.5446581346263277 0.8386581642036097 0
    outer loop
      vertex -22.889999760000002 105.573964 8.76
      vertex -23.1691572 105.392668 12
      vertex -22.889999760000002 105.573964 12
    endloop
  endfacet
  facet normal 0.707094728666809 -0.7071188335008562 0
    outer loop
      vertex -22.749133320000002 104.124808 8.76
      vertex -22.6048044 104.269132 12
      vertex -22.749133320000002 104.124808 12
    endloop
  endfacet
  facet normal 0.6293157663619311 -0.777149706432612 0
    outer loop
      vertex -22.6048044 104.269132 8.76
      vertex -22.4461824 104.39758 12
      vertex -22.6048044 104.269132 12
    endloop
  endfacet
  facet normal -0.45399595521511277 0.8910037444636904 0
    outer loop
      vertex -22.5934224 105.72508 8.76
      vertex -22.889999760000002 105.573964 12
      vertex -22.5934224 105.72508 12
    endloop
  endfacet
  facet normal 0.5446419627882592 -0.8386686666199903 0
    outer loop
      vertex -22.4461824 104.39758 8.76
      vertex -22.275000000000002 104.508748 12
      vertex -22.4461824 104.39758 12
    endloop
  endfacet
  facet normal 0.453992362419808 -0.8910055751029181 0
    outer loop
      vertex -22.275000000000002 104.508748 8.76
      vertex -22.093137600000002 104.601412 12
      vertex -22.275000000000002 104.508748 12
    endloop
  endfacet
  facet normal -0.3583545044032604 0.9335855874925949 0
    outer loop
      vertex -22.282674 105.84436 8.76
      vertex -22.5934224 105.72508 12
      vertex -22.282674 105.84436 12
    endloop
  endfacet
  facet normal -0.2587979373767192 0.9659314818399676 0
    outer loop
      vertex -22.0859628 105.897064 8.76
      vertex -22.282674 105.84436 12
      vertex -22.0859628 105.897064 12
    endloop
  endfacet
  facet normal 0.35839003700756994 -0.9335719476150259 0
    outer loop
      vertex -22.093137600000002 104.601412 8.76
      vertex -21.9025836 104.674564 12
      vertex -22.093137600000002 104.601412 12
    endloop
  endfacet
  facet normal 0.25880269579774495 -0.9659302069237817 0
    outer loop
      vertex -21.9025836 104.674564 8.76
      vertex -21.705428400000002 104.727388 12
      vertex -21.9025836 104.674564 12
    endloop
  endfacet
  facet normal -0.35843136221829525 0.9335560821816423 0
    outer loop
      vertex -21.9708204 105.941272 8.76
      vertex -22.0859628 105.897064 12
      vertex -21.9708204 105.941272 12
    endloop
  endfacet
  facet normal -0.25881010371601126 0.9659282220820072 0
    outer loop
      vertex -21.8494944 105.97378 8.76
      vertex -21.9708204 105.941272 12
      vertex -21.8494944 105.97378 12
    endloop
  endfacet
  facet normal -0.1563947750454592 0.9876946260552804 0
    outer loop
      vertex -21.725434800000002 105.993424 8.76
      vertex -21.8494944 105.97378 12
      vertex -21.725434800000002 105.993424 12
    endloop
  endfacet
  facet normal 0 0 1
    outer loop
      vertex -24.324360000000002 101.83732 12
      vertex -23.207386800000002 102.414568 12
      vertex -24.410508 102.158836 12
    endloop
  endfacet
  facet normal 0 0 1
    outer loop
      vertex -24.324360000000002 101.83732 12
      vertex -24.205068 101.52658 12
      vertex -23.1545592 102.21742 12
    endloop
  endfacet
  facet normal 0 0 1
    outer loop
      vertex -24.053964 101.23 12
      vertex -23.8726728 100.9508428 12
      vertex -22.988748 101.845 12
    endloop
  endfacet
  facet normal 0 0 1
    outer loop
      vertex -23.8726728 100.9508428 12
      vertex -23.663200800000002 100.6921636 12
      vertex -22.877582880000002 101.67382 12
    endloop
  endfacet
  facet normal 0 0 1
    outer loop
      vertex -24.205068 101.52658 12
      vertex -24.053964 101.23 12
      vertex -23.081412 102.02686 12
    endloop
  endfacet
  facet normal 0 0 1
    outer loop
      vertex -24.324360000000002 101.83732 12
      vertex -23.1545592 102.21742 12
      vertex -23.207386800000002 102.414568 12
    endloop
  endfacet
  facet normal 0 0 1
    outer loop
      vertex -24.205068 101.52658 12
      vertex -23.081412 102.02686 12
      vertex -23.1545592 102.21742 12
    endloop
  endfacet
  facet normal 0 0 1
    outer loop
      vertex -23.427834 100.4567992 12
      vertex -22.749133320000002 101.515192 12
      vertex -23.663200800000002 100.6921636 12
    endloop
  endfacet
  facet normal 0 0 1
    outer loop
      vertex -24.053964 101.23 12
      vertex -22.988748 101.845 12
      vertex -23.081412 102.02686 12
    endloop
  endfacet
  facet normal 0 0 1
    outer loop
      vertex -23.8726728 100.9508428 12
      vertex -22.877582880000002 101.67382 12
      vertex -22.988748 101.845 12
    endloop
  endfacet
  facet normal 0 0 1
    outer loop
      vertex -24.462576000000002 102.4876 12
      vertex -23.25 102.82 12
      vertex -24.48 102.82 12
    endloop
  endfacet
  facet normal 0 0 1
    outer loop
      vertex -24.410508 102.158836 12
      vertex -23.2393164 102.616168 12
      vertex -24.462576000000002 102.4876 12
    endloop
  endfacet
  facet normal 0 0 1
    outer loop
      vertex -24.48 102.82 12
      vertex -23.25 102.82 12
      vertex -24.462576000000002 103.1524 12
    endloop
  endfacet
  facet normal 0 0 1
    outer loop
      vertex -24.462576000000002 103.1524 12
      vertex -23.2393164 103.023832 12
      vertex -24.410508 103.481164 12
    endloop
  endfacet
  facet normal 0 0 1
    outer loop
      vertex -24.410508 103.481164 12
      vertex -23.207386800000002 103.225432 12
      vertex -24.324360000000002 103.802668 12
    endloop
  endfacet
  facet normal 0 0 1
    outer loop
      vertex -24.324360000000002 103.802668 12
      vertex -23.1545592 103.42258 12
      vertex -24.205068 104.11342 12
    endloop
  endfacet
  facet normal 0 0 1
    outer loop
      vertex -24.462576000000002 102.4876 12
      vertex -23.2393164 102.616168 12
      vertex -23.25 102.82 12
    endloop
  endfacet
  facet normal 0 0 1
    outer loop
      vertex -24.462576000000002 103.1524 12
      vertex -23.25 102.82 12
      vertex -23.2393164 103.023832 12
    endloop
  endfacet
  facet normal 0 0 1
    outer loop
      vertex -24.410508 102.158836 12
      vertex -23.207386800000002 102.414568 12
      vertex -23.2393164 102.616168 12
    endloop
  endfacet
  facet normal 0 0 1
    outer loop
      vertex -24.205068 104.11342 12
      vertex -23.081412 103.61314 12
      vertex -24.053964 104.41 12
    endloop
  endfacet
  facet normal 0 0 1
    outer loop
      vertex -24.410508 103.481164 12
      vertex -23.2393164 103.023832 12
      vertex -23.207386800000002 103.225432 12
    endloop
  endfacet
  facet normal 0 0 1
    outer loop
      vertex -24.324360000000002 103.802668 12
      vertex -23.207386800000002 103.225432 12
      vertex -23.1545592 103.42258 12
    endloop
  endfacet
  facet normal 0 0 1
    outer loop
      vertex -24.205068 104.11342 12
      vertex -23.1545592 103.42258 12
      vertex -23.081412 103.61314 12
    endloop
  endfacet
  facet normal 0 0 1
    outer loop
      vertex -24.053964 104.41 12
      vertex -23.081412 103.61314 12
      vertex -22.988748 103.795 12
    endloop
  endfacet
  facet normal 0 0 1
    outer loop
      vertex -23.8726728 104.689156 12
      vertex -22.988748 103.795 12
      vertex -22.877582880000002 103.96618 12
    endloop
  endfacet
  facet normal 0 0 1
    outer loop
      vertex -24.053964 104.41 12
      vertex -22.988748 103.795 12
      vertex -23.8726728 104.689156 12
    endloop
  endfacet
  facet normal 0 0 1
    outer loop
      vertex -23.8726728 104.689156 12
      vertex -22.877582880000002 103.96618 12
      vertex -23.663200800000002 104.94784 12
    endloop
  endfacet
  facet normal 0 0 1
    outer loop
      vertex -23.663200800000002 104.94784 12
      vertex -22.749133320000002 104.124808 12
      vertex -23.427834 105.183196 12
    endloop
  endfacet
  facet normal 0 0 1
    outer loop
      vertex -22.8 100 12
      vertex -22.797322068 100 12
      vertex -22.8 100.02018136 12
    endloop
  endfacet
  facet normal 0 0 1
    outer loop
      vertex -22.889999760000002 100.06603816 12
      vertex -22.8 100.02018136 12
      vertex -22.275001200000002 101.1312496 12
    endloop
  endfacet
  facet normal 0 0 1
    outer loop
      vertex -23.427834 100.4567992 12
      vertex -23.1691572 100.2473248 12
      vertex -22.6048044 101.370868 12
    endloop
  endfacet
  facet normal 0 0 1
    outer loop
      vertex -23.663200800000002 100.6921636 12
      vertex -22.749133320000002 101.515192 12
      vertex -22.877582880000002 101.67382 12
    endloop
  endfacet
  facet normal 0 0 1
    outer loop
      vertex -23.1691572 100.2473248 12
      vertex -22.889999760000002 100.06603816 12
      vertex -22.4461824 101.24242 12
    endloop
  endfacet
  facet normal 0 0 1
    outer loop
      vertex -23.427834 100.4567992 12
      vertex -22.6048044 101.370868 12
      vertex -22.749133320000002 101.515192 12
    endloop
  endfacet
  facet normal 0 0 1
    outer loop
      vertex -23.1691572 100.2473248 12
      vertex -22.4461824 101.24242 12
      vertex -22.6048044 101.370868 12
    endloop
  endfacet
  facet normal 0 0 1
    outer loop
      vertex -22.889999760000002 100.06603816 12
      vertex -22.275001200000002 101.1312496 12
      vertex -22.4461824 101.24242 12
    endloop
  endfacet
  facet normal 0 0 1
    outer loop
      vertex -22.794667056 99.4910968 12
      vertex -21.503832 100.8806812 12
      vertex -22.797322068 100 12
    endloop
  endfacet
  facet normal 0 0 1
    outer loop
      vertex -22.797322068 100 12
      vertex -21.705428400000002 100.9126108 12
      vertex -22.8 100.02018136 12
    endloop
  endfacet
  facet normal 0 0 1
    outer loop
      vertex -22.794667056 99.4910968 12
      vertex -22.766687400000002 98.728228 12
      vertex -19.79532 99.5539156 12
    endloop
  endfacet
  facet normal 0 0 1
    outer loop
      vertex -22.794667056 99.4910968 12
      vertex -21.3 100.8699988 12
      vertex -21.503832 100.8806812 12
    endloop
  endfacet
  facet normal 0 0 1
    outer loop
      vertex -22.8 100.02018136 12
      vertex -22.093137600000002 101.0385856 12
      vertex -22.275001200000002 101.1312496 12
    endloop
  endfacet
  facet normal 0 0 1
    outer loop
      vertex -22.8 100.02018136 12
      vertex -21.9025836 100.9654396 12
      vertex -22.093137600000002 101.0385856 12
    endloop
  endfacet
  facet normal 0 0 1
    outer loop
      vertex -22.8 100.02018136 12
      vertex -21.705428400000002 100.9126108 12
      vertex -21.9025836 100.9654396 12
    endloop
  endfacet
  facet normal 0 0 1
    outer loop
      vertex -22.797322068 100 12
      vertex -21.503832 100.8806812 12
      vertex -21.705428400000002 100.9126108 12
    endloop
  endfacet
  facet normal 0 0 1
    outer loop
      vertex -23.663200800000002 104.94784 12
      vertex -22.877582880000002 103.96618 12
      vertex -22.749133320000002 104.124808 12
    endloop
  endfacet
  facet normal 0 0 1
    outer loop
      vertex -23.427834 105.183196 12
      vertex -22.6048044 104.269132 12
      vertex -23.1691572 105.392668 12
    endloop
  endfacet
  facet normal 0 0 1
    outer loop
      vertex -23.427834 105.183196 12
      vertex -22.749133320000002 104.124808 12
      vertex -22.6048044 104.269132 12
    endloop
  endfacet
  facet normal 0 0 1
    outer loop
      vertex -23.1691572 105.392668 12
      vertex -22.4461824 104.39758 12
      vertex -22.889999760000002 105.573964 12
    endloop
  endfacet
  facet normal 0 0 1
    outer loop
      vertex -23.1691572 105.392668 12
      vertex -22.6048044 104.269132 12
      vertex -22.4461824 104.39758 12
    endloop
  endfacet
  facet normal 0 0 1
    outer loop
      vertex -22.889999760000002 105.573964 12
      vertex -22.4461824 104.39758 12
      vertex -22.275000000000002 104.508748 12
    endloop
  endfacet
  facet normal 0 0 1
    outer loop
      vertex -22.889999760000002 105.573964 12
      vertex -22.275000000000002 104.508748 12
      vertex -22.5934224 105.72508 12
    endloop
  endfacet
  facet normal 0 0 1
    outer loop
      vertex -22.5934224 105.72508 12
      vertex -22.275000000000002 104.508748 12
      vertex -22.093137600000002 104.601412 12
    endloop
  endfacet
  facet normal 0 0 1
    outer loop
      vertex -22.5934224 105.72508 12
      vertex -22.093137600000002 104.601412 12
      vertex -22.282674 105.84436 12
    endloop
  endfacet
  facet normal 0 0 1
    outer loop
      vertex -22.282674 105.84436 12
      vertex -22.093137600000002 104.601412 12
      vertex -21.9025836 104.674564 12
    endloop
  endfacet
  facet normal 0 0 1
    outer loop
      vertex -22.282674 105.84436 12
      vertex -21.9025836 104.674564 12
      vertex -22.0859628 105.897064 12
    endloop
  endfacet
  facet normal 0 0 1
    outer loop
      vertex -21.9025836 104.674564 12
      vertex -21.705428400000002 104.727388 12
      vertex -22.0859628 105.897064 12
    endloop
  endfacet
  facet normal 0 0 1
    outer loop
      vertex -22.0859628 105.897064 12
      vertex -21.705428400000002 104.727388 12
      vertex -21.9708204 105.941272 12
    endloop
  endfacet
  facet normal 0 0 1
    outer loop
      vertex -21.9708204 105.941272 12
      vertex -21.705428400000002 104.727388 12
      vertex -21.8494944 105.97378 12
    endloop
  endfacet
  facet normal 0.9914475185798324 0.13050600713972785 0.0000015291093651025034
    outer loop
      vertex -19.617768 97.24 8.76
      vertex -19.658820000000002 97.551832 12
      vertex -19.571496 96.888436 12
    endloop
  endfacet
  facet normal 0.995055993665323 0.09931550468439784 0
    outer loop
      vertex -19.725276 98.217664 8.76
      vertex -19.725276 98.217664 12
      vertex -19.658820000000002 97.551832 12
    endloop
  endfacet
  facet normal 0 0 1
    outer loop
      vertex -22.0985532 94.20364000000001 12
      vertex -19.334532 95.571484 12
      vertex -22.2689664 94.947748 12
    endloop
  endfacet
  facet normal 0 0 1
    outer loop
      vertex -21.448332 92.00854 12
      vertex -21.186 91.291648 12
      vertex -18.615204000000002 92.995132 12
    endloop
  endfacet
  facet normal 0 0 1
    outer loop
      vertex -21.448332 92.00854 12
      vertex -18.825300000000002 93.630436 12
      vertex -21.688032 92.733292 12
    endloop
  endfacet
  facet normal 0 0 1
    outer loop
      vertex -21.9048384 93.465244 12
      vertex -21.688032 92.733292 12
      vertex -19.015344 94.272004 12
    endloop
  endfacet
  facet normal 0 0 1
    outer loop
      vertex -21.9048384 93.465244 12
      vertex -19.185156 94.919236 12
      vertex -22.0985532 94.20364000000001 12
    endloop
  endfacet
  facet normal 0 0 1
    outer loop
      vertex -22.539312000000002 96.450172 12
      vertex -22.41594 95.696836 12
      vertex -19.571496 96.888436 12
    endloop
  endfacet
  facet normal 0 0 1
    outer loop
      vertex -22.41594 95.696836 12
      vertex -22.2689664 94.947748 12
      vertex -19.463352 96.228088 12
    endloop
  endfacet
  facet normal 0 0 1
    outer loop
      vertex -22.539312000000002 96.450172 12
      vertex -19.658820000000002 97.551832 12
      vertex -22.6389408 97.207024 12
    endloop
  endfacet
  facet normal 0 0 1
    outer loop
      vertex -22.6389408 97.207024 12
      vertex -19.725276 98.217664 12
      vertex -22.71476436 97.966624 12
    endloop
  endfacet
  facet normal 0 0 1
    outer loop
      vertex -22.71476436 97.966624 12
      vertex -19.770792 98.8852396 12
      vertex -22.766687400000002 98.728228 12
    endloop
  endfacet
  facet normal 0 0 1
    outer loop
      vertex -22.41594 95.696836 12
      vertex -19.463352 96.228088 12
      vertex -19.571496 96.888436 12
    endloop
  endfacet
  facet normal 0 0 1
    outer loop
      vertex -22.539312000000002 96.450172 12
      vertex -19.571496 96.888436 12
      vertex -19.658820000000002 97.551832 12
    endloop
  endfacet
  facet normal 0 0 1
    outer loop
      vertex -22.6389408 97.207024 12
      vertex -19.658820000000002 97.551832 12
      vertex -19.725276 98.217664 12
    endloop
  endfacet
  facet normal 0 0 1
    outer loop
      vertex -22.71476436 97.966624 12
      vertex -19.725276 98.217664 12
      vertex -19.770792 98.8852396 12
    endloop
  endfacet
  facet normal 0 0 1
    outer loop
      vertex -20.901264 90.583372 12
      vertex -18.385248 92.366752 12
      vertex -21.186 91.291648 12
    endloop
  endfacet
  facet normal 0 0 1
    outer loop
      vertex -22.0985532 94.20364000000001 12
      vertex -19.185156 94.919236 12
      vertex -19.334532 95.571484 12
    endloop
  endfacet
  facet normal 0 0 1
    outer loop
      vertex -21.688032 92.733292 12
      vertex -18.825300000000002 93.630436 12
      vertex -19.015344 94.272004 12
    endloop
  endfacet
  facet normal 0 0 1
    outer loop
      vertex -21.9048384 93.465244 12
      vertex -19.015344 94.272004 12
      vertex -19.185156 94.919236 12
    endloop
  endfacet
  facet normal 0 0 1
    outer loop
      vertex -21.448332 92.00854 12
      vertex -18.615204000000002 92.995132 12
      vertex -18.825300000000002 93.630436 12
    endloop
  endfacet
  facet normal 0 0 1
    outer loop
      vertex -21.186 91.291648 12
      vertex -18.385248 92.366752 12
      vertex -18.615204000000002 92.995132 12
    endloop
  endfacet
  facet normal 0 0 1
    outer loop
      vertex -20.901264 90.583372 12
      vertex -18.135672 91.745908 12
      vertex -18.385248 92.366752 12
    endloop
  endfacet
  facet normal 0 0 1
    outer loop
      vertex -22.2689664 94.947748 12
      vertex -19.334532 95.571484 12
      vertex -19.463352 96.228088 12
    endloop
  endfacet
  facet normal 0.15643382944419154 0.987688441263451 0
    outer loop
      vertex -21.503832 100.8806812 8.76
      vertex -21.705428400000002 100.9126108 12
      vertex -21.503832 100.8806812 12
    endloop
  endfacet
  facet normal 0.052336041907536504 0.9986295302650792 0
    outer loop
      vertex -21.3 100.8699988 8.76
      vertex -21.503832 100.8806812 12
      vertex -21.3 100.8699988 12
    endloop
  endfacet
  facet normal -0.052336041907536504 0.9986295302650792 0
    outer loop
      vertex -21.096168000000002 100.8806812 8.76
      vertex -21.3 100.8699988 12
      vertex -21.096168000000002 100.8806812 12
    endloop
  endfacet
  facet normal -0.15643110434147248 0.9876888728716687 0
    outer loop
      vertex -20.894568 100.9126108 8.76
      vertex -21.096168000000002 100.8806812 12
      vertex -20.894568 100.9126108 12
    endloop
  endfacet
  facet normal -0.2588334565195037 0.965921964646299 0
    outer loop
      vertex -20.69742 100.9654396 8.76
      vertex -20.894568 100.9126108 12
      vertex -20.69742 100.9654396 12
    endloop
  endfacet
  facet normal -0.3583545822659373 0.9335855576051966 0
    outer loop
      vertex -20.50686 101.0385856 8.76
      vertex -20.69742 100.9654396 12
      vertex -20.50686 101.0385856 12
    endloop
  endfacet
  facet normal 0.15644530007191035 -0.9876866244337877 0
    outer loop
      vertex -21.705428400000002 104.727388 8.76
      vertex -21.503832 104.75932 12
      vertex -21.705428400000002 104.727388 12
    endloop
  endfacet
  facet normal 0.052324315837339375 -0.9986301447343527 0
    outer loop
      vertex -21.503832 104.75932 8.76
      vertex -21.3 104.77 12
      vertex -21.503832 104.75932 12
    endloop
  endfacet
  facet normal -0.05235374623683192 0.9986286022616063 0
    outer loop
      vertex -21.6 106 8.76
      vertex -21.725434800000002 105.993424 12
      vertex -21.6 106 12
    endloop
  endfacet
  facet normal -0.052324315837339375 -0.9986301447343527 0
    outer loop
      vertex -21.3 104.77 8.76
      vertex -21.096168000000002 104.75932 12
      vertex -21.3 104.77 12
    endloop
  endfacet
  facet normal 0 1 0
    outer loop
      vertex -21 106 8.76
      vertex -21.6 106 12
      vertex -21 106 12
    endloop
  endfacet
  facet normal -0.15644257477939705 -0.9876870561045096 0
    outer loop
      vertex -21.096168000000002 104.75932 8.76
      vertex -20.894568 104.727388 12
      vertex -21.096168000000002 104.75932 12
    endloop
  endfacet
  facet normal -0.2588115143809799 -0.9659278441083597 0
    outer loop
      vertex -20.894568 104.727388 8.76
      vertex -20.69742 104.674564 12
      vertex -20.894568 104.727388 12
    endloop
  endfacet
  facet normal 0.05235324676059422 0.9986286284468439 0
    outer loop
      vertex -20.874564 105.993424 8.76
      vertex -21 106 12
      vertex -20.874564 105.993424 12
    endloop
  endfacet
  facet normal 0.1563992024773178 0.9876939249911679 0
    outer loop
      vertex -20.750508 105.97378 8.76
      vertex -20.874564 105.993424 12
      vertex -20.750508 105.97378 12
    endloop
  endfacet
  facet normal -0.3583802020236202 -0.933575723119185 0
    outer loop
      vertex -20.69742 104.674564 8.76
      vertex -20.50686 104.601412 12
      vertex -20.69742 104.674564 12
    endloop
  endfacet
  facet normal -0.4539971188559735 -0.891003151549126 0
    outer loop
      vertex -20.50686 104.601412 8.76
      vertex -20.325 104.508748 12
      vertex -20.50686 104.601412 12
    endloop
  endfacet
  facet normal 0.2587981624880552 0.9659314215268112 0
    outer loop
      vertex -20.629176 105.941272 8.76
      vertex -20.750508 105.97378 12
      vertex -20.629176 105.941272 12
    endloop
  endfacet
  facet normal 0.35843787355420187 0.9335535821804457 0
    outer loop
      vertex -20.514036 105.897064 8.76
      vertex -20.629176 105.941272 12
      vertex -20.514036 105.897064 12
    endloop
  endfacet
  facet normal 0.9976837452380451 0.06802311730424787 0
    outer loop
      vertex -19.770792 98.8852396 8.76
      vertex -19.770792 98.8852396 12
      vertex -19.725276 98.217664 12
    endloop
  endfacet
  facet normal 0.9993279140584482 0.03665678905183685 0
    outer loop
      vertex -19.79532 99.5539156 8.76
      vertex -19.79532 99.5539156 12
      vertex -19.770792 98.8852396 12
    endloop
  endfacet
  facet normal 0.9999863827767661 0.005218645517678198 -3.6865864907898144e-9
    outer loop
      vertex -19.797648000000002 100 8.76
      vertex -19.797648000000002 100.00000228882 12
      vertex -19.79532 99.5539156 12
    endloop
  endfacet
  facet normal 0 1 0
    outer loop
      vertex -19.797648000000002 100.00000228882 8.76
      vertex -19.8 100.00000228882 12
      vertex -19.797648000000002 100.00000228882 12
    endloop
  endfacet
  facet normal 1 0 0
    outer loop
      vertex -19.8 100.02018148 8.76
      vertex -19.8 100.02018148 12
      vertex -19.8 100.00000228882 12
    endloop
  endfacet
  facet normal 0.4539857017949515 -0.8910089688469726 0
    outer loop
      vertex -19.8 100.02018148 8.76
      vertex -19.71 100.06603816 12
      vertex -19.8 100.02018148 12
    endloop
  endfacet
  facet normal -0.4539971188559735 0.891003151549126 0
    outer loop
      vertex -20.325 101.1312496 8.76
      vertex -20.50686 101.0385856 12
      vertex -20.325 101.1312496 12
    endloop
  endfacet
  facet normal -0.5446556039666339 0.838659807709742 0
    outer loop
      vertex -20.15382 101.24242 8.76
      vertex -20.325 101.1312496 12
      vertex -20.15382 101.24242 12
    endloop
  endfacet
  facet normal -0.6293013896640157 0.7771613480912046 0
    outer loop
      vertex -19.995192 101.370868 8.76
      vertex -20.15382 101.24242 12
      vertex -19.995192 101.370868 12
    endloop
  endfacet
  facet normal -0.7071067811865475 0.7071067811865475 0
    outer loop
      vertex -19.850868000000002 101.515192 8.76
      vertex -19.995192 101.370868 12
      vertex -19.850868000000002 101.515192 12
    endloop
  endfacet
  facet normal -0.7771613480912271 0.6293013896639883 0
    outer loop
      vertex -19.850868000000002 101.515192 8.76
      vertex -19.850868000000002 101.515192 12
      vertex -19.72242 101.67382 12
    endloop
  endfacet
  facet normal 0.544640332294853 -0.8386697254806279 0
    outer loop
      vertex -19.71 100.06603816 8.76
      vertex -19.430844 100.2473248 12
      vertex -19.71 100.06603816 12
    endloop
  endfacet
  facet normal 0.6293135454486087 -0.7771515048656226 0
    outer loop
      vertex -19.430844 100.2473248 8.76
      vertex -19.17216 100.4567992 12
      vertex -19.430844 100.2473248 12
    endloop
  endfacet
  facet normal -0.8386651786625738 0.5446473336929808 0
    outer loop
      vertex -19.72242 101.67382 8.76
      vertex -19.72242 101.67382 12
      vertex -19.611252 101.845 12
    endloop
  endfacet
  facet normal -0.891003151549126 0.4539971188559735 0
    outer loop
      vertex -19.611252 101.845 8.76
      vertex -19.611252 101.845 12
      vertex -19.518588 102.02686 12
    endloop
  endfacet
  facet normal -0.9335757231191989 0.35838020202358406 0
    outer loop
      vertex -19.518588 102.02686 8.76
      vertex -19.518588 102.02686 12
      vertex -19.445436 102.21742 12
    endloop
  endfacet
  facet normal -0.9659278441083597 0.2588115143809799 0
    outer loop
      vertex -19.445436 102.21742 8.76
      vertex -19.445436 102.21742 12
      vertex -19.392612 102.414568 12
    endloop
  endfacet
  facet normal 0.7071193993858769 -0.707094162761513 -8.668713702071763e-7
    outer loop
      vertex -19.148964 100.48 8.76
      vertex -18.936804000000002 100.6921636 12
      vertex -19.17216 100.4567992 12
    endloop
  endfacet
  facet normal -0.7771613480912271 -0.6293013896639883 0
    outer loop
      vertex -19.72242 103.96618 8.76
      vertex -19.72242 103.96618 12
      vertex -19.850868000000002 104.124808 12
    endloop
  endfacet
  facet normal -0.5446473336929404 -0.8386651786626002 0
    outer loop
      vertex -20.325 104.508748 8.76
      vertex -20.15382 104.39758 12
      vertex -20.325 104.508748 12
    endloop
  endfacet
  facet normal -0.6293013896640157 -0.7771613480912046 0
    outer loop
      vertex -20.15382 104.39758 8.76
      vertex -19.995192 104.269132 12
      vertex -20.15382 104.39758 12
    endloop
  endfacet
  facet normal 0.25880677572600025 0.9659291137750801 0
    outer loop
      vertex -20.317332 105.84436 8.76
      vertex -20.514036 105.897064 12
      vertex -20.317332 105.84436 12
    endloop
  endfacet
  facet normal 0.3583508860523542 0.9335869763795404 0
    outer loop
      vertex -20.00658 105.72508 8.76
      vertex -20.317332 105.84436 12
      vertex -20.00658 105.72508 12
    endloop
  endfacet
  facet normal -0.7071067811865475 -0.7071067811865475 0
    outer loop
      vertex -19.995192 104.269132 8.76
      vertex -19.850868000000002 104.124808 12
      vertex -19.995192 104.269132 12
    endloop
  endfacet
  facet normal 0.45399274692005054 0.8910053791891421 0
    outer loop
      vertex -19.71 105.573964 8.76
      vertex -20.00658 105.72508 12
      vertex -19.71 105.573964 12
    endloop
  endfacet
  facet normal -0.8386651786625738 -0.5446473336929808 0
    outer loop
      vertex -19.611252 103.795 8.76
      vertex -19.611252 103.795 12
      vertex -19.72242 103.96618 12
    endloop
  endfacet
  facet normal -0.891003151549126 -0.4539971188559735 0
    outer loop
      vertex -19.518588 103.61314 8.76
      vertex -19.518588 103.61314 12
      vertex -19.611252 103.795 12
    endloop
  endfacet
  facet normal -0.9335757231191989 -0.35838020202358406 0
    outer loop
      vertex -19.445436 103.42258 8.76
      vertex -19.445436 103.42258 12
      vertex -19.518588 103.61314 12
    endloop
  endfacet
  facet normal -0.9659278441083597 -0.2588115143809799 0
    outer loop
      vertex -19.392612 103.225432 8.76
      vertex -19.392612 103.225432 12
      vertex -19.445436 103.42258 12
    endloop
  endfacet
  facet normal -0.9876870561045092 0.1564425747793997 0
    outer loop
      vertex -19.392612 102.414568 8.76
      vertex -19.392612 102.414568 12
      vertex -19.360680000000002 102.616168 12
    endloop
  endfacet
  facet normal -0.9986301447343509 0.05232431583737591 0
    outer loop
      vertex -19.360680000000002 102.616168 8.76
      vertex -19.360680000000002 102.616168 12
      vertex -19.35 102.82 12
    endloop
  endfacet
  facet normal -0.9986301447343484 -0.05232431583737214 7.229160533057306e-8
    outer loop
      vertex -19.353144 102.88 8.76
      vertex -19.35 102.82 12
      vertex -19.360680000000002 103.023832 12
    endloop
  endfacet
  facet normal -0.9876870561045092 -0.1564425747793997 0
    outer loop
      vertex -19.360680000000002 103.023832 8.76
      vertex -19.360680000000002 103.023832 12
      vertex -19.392612 103.225432 12
    endloop
  endfacet
  facet normal 0.5446601107243367 0.8386568808432643 0
    outer loop
      vertex -19.430844 105.392668 8.76
      vertex -19.71 105.573964 12
      vertex -19.430844 105.392668 12
    endloop
  endfacet
  facet normal 0.6293091907137867 0.7771550311764838 4.869578158110404e-7
    outer loop
      vertex -19.291704000000003 105.28 8.76
      vertex -19.430844 105.392668 12
      vertex -19.17216 105.183196 12
    endloop
  endfacet
  facet normal 0 0 1
    outer loop
      vertex -22.794667056 99.4910968 12
      vertex -19.79532 99.5539156 12
      vertex -21.3 100.8699988 12
    endloop
  endfacet
  facet normal 0 0 1
    outer loop
      vertex -22.766687400000002 98.728228 12
      vertex -19.770792 98.8852396 12
      vertex -19.79532 99.5539156 12
    endloop
  endfacet
  facet normal 0 0 1
    outer loop
      vertex -21.3 100.8699988 12
      vertex -19.79532 99.5539156 12
      vertex -21.096168000000002 100.8806812 12
    endloop
  endfacet
  facet normal 0 0 1
    outer loop
      vertex -21.096168000000002 100.8806812 12
      vertex -19.8 100.00000228882 12
      vertex -20.894568 100.9126108 12
    endloop
  endfacet
  facet normal 0 0 1
    outer loop
      vertex -20.894568 100.9126108 12
      vertex -19.8 100.02018148 12
      vertex -20.69742 100.9654396 12
    endloop
  endfacet
  facet normal 0 0 1
    outer loop
      vertex -21.8494944 105.97378 12
      vertex -21.705428400000002 104.727388 12
      vertex -21.503832 104.75932 12
    endloop
  endfacet
  facet normal 0 0 1
    outer loop
      vertex -21.8494944 105.97378 12
      vertex -21.503832 104.75932 12
      vertex -21.725434800000002 105.993424 12
    endloop
  endfacet
  facet normal 0 0 1
    outer loop
      vertex -21.503832 104.75932 12
      vertex -21.6 106 12
      vertex -21.725434800000002 105.993424 12
    endloop
  endfacet
  facet normal 0 0 1
    outer loop
      vertex -21.503832 104.75932 12
      vertex -21.3 104.77 12
      vertex -21.6 106 12
    endloop
  endfacet
  facet normal 0 0 1
    outer loop
      vertex -21.6 106 12
      vertex -21.3 104.77 12
      vertex -21 106 12
    endloop
  endfacet
  facet normal 0 0 1
    outer loop
      vertex -21.3 104.77 12
      vertex -21.096168000000002 104.75932 12
      vertex -21 106 12
    endloop
  endfacet
  facet normal 0 0 1
    outer loop
      vertex -21.096168000000002 104.75932 12
      vertex -20.894568 104.727388 12
      vertex -20.750508 105.97378 12
    endloop
  endfacet
  facet normal 0 0 1
    outer loop
      vertex -21.096168000000002 104.75932 12
      vertex -20.874564 105.993424 12
      vertex -21 106 12
    endloop
  endfacet
  facet normal 0 0 1
    outer loop
      vertex -21.096168000000002 104.75932 12
      vertex -20.750508 105.97378 12
      vertex -20.874564 105.993424 12
    endloop
  endfacet
  facet normal 0 0 1
    outer loop
      vertex -20.894568 104.727388 12
      vertex -20.629176 105.941272 12
      vertex -20.750508 105.97378 12
    endloop
  endfacet
  facet normal 0 0 1
    outer loop
      vertex -20.69742 104.674564 12
      vertex -20.50686 104.601412 12
      vertex -20.317332 105.84436 12
    endloop
  endfacet
  facet normal 0 0 1
    outer loop
      vertex -20.894568 104.727388 12
      vertex -20.69742 104.674564 12
      vertex -20.514036 105.897064 12
    endloop
  endfacet
  facet normal 0 0 1
    outer loop
      vertex -20.894568 104.727388 12
      vertex -20.514036 105.897064 12
      vertex -20.629176 105.941272 12
    endloop
  endfacet
  facet normal 0 0 1
    outer loop
      vertex -20.69742 104.674564 12
      vertex -20.317332 105.84436 12
      vertex -20.514036 105.897064 12
    endloop
  endfacet
  facet normal 0 0 1
    outer loop
      vertex -21.096168000000002 100.8806812 12
      vertex -19.79532 99.5539156 12
      vertex -19.8 100.00000228882 12
    endloop
  endfacet
  facet normal 0 0 1
    outer loop
      vertex -20.894568 100.9126108 12
      vertex -19.8 100.00000228882 12
      vertex -19.8 100.02018148 12
    endloop
  endfacet
  facet normal 0 0 1
    outer loop
      vertex -19.8 100.02018148 12
      vertex -19.71 100.06603816 12
      vertex -20.325 101.1312496 12
    endloop
  endfacet
  facet normal 0 0 1
    outer loop
      vertex -19.79532 99.5539156 12
      vertex -19.797648000000002 100.00000228882 12
      vertex -19.8 100.00000228882 12
    endloop
  endfacet
  facet normal 0 0 1
    outer loop
      vertex -20.69742 100.9654396 12
      vertex -19.8 100.02018148 12
      vertex -20.50686 101.0385856 12
    endloop
  endfacet
  facet normal 0 0 1
    outer loop
      vertex -20.50686 101.0385856 12
      vertex -19.8 100.02018148 12
      vertex -20.325 101.1312496 12
    endloop
  endfacet
  facet normal 0 0 1
    outer loop
      vertex -20.325 101.1312496 12
      vertex -19.71 100.06603816 12
      vertex -20.15382 101.24242 12
    endloop
  endfacet
  facet normal 0 0 1
    outer loop
      vertex -20.15382 101.24242 12
      vertex -19.71 100.06603816 12
      vertex -19.430844 100.2473248 12
    endloop
  endfacet
  facet normal 0 0 1
    outer loop
      vertex -20.15382 101.24242 12
      vertex -19.430844 100.2473248 12
      vertex -19.995192 101.370868 12
    endloop
  endfacet
  facet normal 0 0 1
    outer loop
      vertex -19.995192 101.370868 12
      vertex -19.17216 100.4567992 12
      vertex -19.850868000000002 101.515192 12
    endloop
  endfacet
  facet normal 0 0 1
    outer loop
      vertex -19.995192 101.370868 12
      vertex -19.430844 100.2473248 12
      vertex -19.17216 100.4567992 12
    endloop
  endfacet
  facet normal 0 0 1
    outer loop
      vertex -19.850868000000002 101.515192 12
      vertex -18.936804000000002 100.6921636 12
      vertex -19.72242 101.67382 12
    endloop
  endfacet
  facet normal 0 0 1
    outer loop
      vertex -19.850868000000002 101.515192 12
      vertex -19.17216 100.4567992 12
      vertex -18.936804000000002 100.6921636 12
    endloop
  endfacet
  facet normal 0 0 1
    outer loop
      vertex -19.72242 101.67382 12
      vertex -18.936804000000002 100.6921636 12
      vertex -18.727332 100.9508428 12
    endloop
  endfacet
  facet normal 0 0 1
    outer loop
      vertex -19.72242 101.67382 12
      vertex -18.727332 100.9508428 12
      vertex -19.611252 101.845 12
    endloop
  endfacet
  facet normal 0 0 1
    outer loop
      vertex -19.611252 101.845 12
      vertex -18.546036 101.23 12
      vertex -19.518588 102.02686 12
    endloop
  endfacet
  facet normal 0 0 1
    outer loop
      vertex -19.518588 102.02686 12
      vertex -18.394932 101.52658 12
      vertex -19.445436 102.21742 12
    endloop
  endfacet
  facet normal 0 0 1
    outer loop
      vertex -20.50686 104.601412 12
      vertex -20.325 104.508748 12
      vertex -20.00658 105.72508 12
    endloop
  endfacet
  facet normal 0 0 1
    outer loop
      vertex -20.50686 104.601412 12
      vertex -20.00658 105.72508 12
      vertex -20.317332 105.84436 12
    endloop
  endfacet
  facet normal 0 0 1
    outer loop
      vertex -20.325 104.508748 12
      vertex -20.15382 104.39758 12
      vertex -19.71 105.573964 12
    endloop
  endfacet
  facet normal 0 0 1
    outer loop
      vertex -20.15382 104.39758 12
      vertex -19.995192 104.269132 12
      vertex -19.430844 105.392668 12
    endloop
  endfacet
  facet normal 0 0 1
    outer loop
      vertex -20.325 104.508748 12
      vertex -19.71 105.573964 12
      vertex -20.00658 105.72508 12
    endloop
  endfacet
  facet normal 0 0 1
    outer loop
      vertex -20.15382 104.39758 12
      vertex -19.430844 105.392668 12
      vertex -19.71 105.573964 12
    endloop
  endfacet
  facet normal 0 0 1
    outer loop
      vertex -19.72242 103.96618 12
      vertex -19.611252 103.795 12
      vertex -18.727332 104.689156 12
    endloop
  endfacet
  facet normal 0 0 1
    outer loop
      vertex -19.611252 103.795 12
      vertex -19.518588 103.61314 12
      vertex -18.546036 104.41 12
    endloop
  endfacet
  facet normal 0 0 1
    outer loop
      vertex -19.518588 103.61314 12
      vertex -19.445436 103.42258 12
      vertex -18.394932 104.11342 12
    endloop
  endfacet
  facet normal 0 0 1
    outer loop
      vertex -19.850868000000002 104.124808 12
      vertex -19.17216 105.183196 12
      vertex -19.995192 104.269132 12
    endloop
  endfacet
  facet normal 0 0 1
    outer loop
      vertex -19.850868000000002 104.124808 12
      vertex -19.72242 103.96618 12
      vertex -18.936804000000002 104.94784 12
    endloop
  endfacet
  facet normal 0 0 1
    outer loop
      vertex -19.995192 104.269132 12
      vertex -19.17216 105.183196 12
      vertex -19.430844 105.392668 12
    endloop
  endfacet
  facet normal 0 0 1
    outer loop
      vertex -19.850868000000002 104.124808 12
      vertex -18.936804000000002 104.94784 12
      vertex -19.17216 105.183196 12
    endloop
  endfacet
  facet normal 0 0 1
    outer loop
      vertex -19.72242 103.96618 12
      vertex -18.727332 104.689156 12
      vertex -18.936804000000002 104.94784 12
    endloop
  endfacet
  facet normal 0 0 1
    outer loop
      vertex -19.152396 87.19504 12
      vertex -18.739992 86.55256 12
      vertex -16.602696 88.775848 12
    endloop
  endfacet
  facet normal 0 0 1
    outer loop
      vertex -18.739992 86.55256 12
      vertex -18.307608000000002 85.92352 12
      vertex -16.241220000000002 88.212784 12
    endloop
  endfacet
  facet normal 0 0 1
    outer loop
      vertex -19.915668 88.517008 12
      vertex -19.544412 87.85 12
      vertex -17.271744 89.934676 12
    endloop
  endfacet
  facet normal 0 0 1
    outer loop
      vertex -19.152396 87.19504 12
      vertex -16.94634 89.35 12
      vertex -19.544412 87.85 12
    endloop
  endfacet
  facet normal 0 0 1
    outer loop
      vertex -20.594424 89.884372 12
      vertex -17.866716 91.133212 12
      vertex -18.135672 91.745908 12
    endloop
  endfacet
  facet normal 0 0 1
    outer loop
      vertex -20.265792 89.195356 12
      vertex -17.578644 90.529264 12
      vertex -17.866716 91.133212 12
    endloop
  endfacet
  facet normal 0 0 1
    outer loop
      vertex -19.544412 87.85 12
      vertex -16.94634 89.35 12
      vertex -17.271744 89.934676 12
    endloop
  endfacet
  facet normal 0 0 1
    outer loop
      vertex -19.915668 88.517008 12
      vertex -17.271744 89.934676 12
      vertex -17.578644 90.529264 12
    endloop
  endfacet
  facet normal 0 0 1
    outer loop
      vertex -17.855676000000003 85.30828 12
      vertex -15.862224000000001 87.66136 12
      vertex -18.307608000000002 85.92352 12
    endloop
  endfacet
  facet normal 0 0 1
    outer loop
      vertex -17.855676000000003 85.30828 12
      vertex -17.384652000000003 84.70756 12
      vertex -15.466092000000002 87.12208 12
    endloop
  endfacet
  facet normal 0 0 1
    outer loop
      vertex -17.384652000000003 84.70756 12
      vertex -16.89498 84.12184 12
      vertex -15.053208000000001 86.59552 12
    endloop
  endfacet
  facet normal 0 0 1
    outer loop
      vertex -18.307608000000002 85.92352 12
      vertex -15.862224000000001 87.66136 12
      vertex -16.241220000000002 88.212784 12
    endloop
  endfacet
  facet normal 0 0 1
    outer loop
      vertex -17.855676000000003 85.30828 12
      vertex -15.466092000000002 87.12208 12
      vertex -15.862224000000001 87.66136 12
    endloop
  endfacet
  facet normal 0 0 1
    outer loop
      vertex -19.152396 87.19504 12
      vertex -16.602696 88.775848 12
      vertex -16.94634 89.35 12
    endloop
  endfacet
  facet normal 0 0 1
    outer loop
      vertex -18.739992 86.55256 12
      vertex -16.241220000000002 88.212784 12
      vertex -16.602696 88.775848 12
    endloop
  endfacet
  facet normal 0 0 1
    outer loop
      vertex -15.861684 82.99816 12
      vertex -15.319068000000001 82.46128 12
      vertex -13.718268000000002 85.0972 12
    endloop
  endfacet
  facet normal 0 0 1
    outer loop
      vertex -15.319068000000001 82.46128 12
      vertex -14.759868 81.94156 12
      vertex -13.242648 84.62656 12
    endloop
  endfacet
  facet normal 0 0 1
    outer loop
      vertex -14.759868 81.94156 12
      vertex -14.184612000000001 81.43972 12
      vertex -12.752472000000001 84.17104 12
    endloop
  endfacet
  facet normal 0 0 1
    outer loop
      vertex -16.387164000000002 83.55196000000001 12
      vertex -14.623992000000001 86.08216 12
      vertex -16.89498 84.12184 12
    endloop
  endfacet
  facet normal 0 0 1
    outer loop
      vertex -17.384652000000003 84.70756 12
      vertex -15.053208000000001 86.59552 12
      vertex -15.466092000000002 87.12208 12
    endloop
  endfacet
  facet normal 0 0 1
    outer loop
      vertex -16.387164000000002 83.55196000000001 12
      vertex -15.861684 82.99816 12
      vertex -14.178852000000001 85.5826 12
    endloop
  endfacet
  facet normal 0 0 1
    outer loop
      vertex -16.89498 84.12184 12
      vertex -14.623992000000001 86.08216 12
      vertex -15.053208000000001 86.59552 12
    endloop
  endfacet
  facet normal 0 0 1
    outer loop
      vertex -16.387164000000002 83.55196000000001 12
      vertex -14.178852000000001 85.5826 12
      vertex -14.623992000000001 86.08216 12
    endloop
  endfacet
  facet normal 0 0 1
    outer loop
      vertex -15.861684 82.99816 12
      vertex -13.718268000000002 85.0972 12
      vertex -14.178852000000001 85.5826 12
    endloop
  endfacet
  facet normal 0 0 1
    outer loop
      vertex -15.319068000000001 82.46128 12
      vertex -13.242648 84.62656 12
      vertex -13.718268000000002 85.0972 12
    endloop
  endfacet
  facet normal 0.7071127803193162 -0.7071007820028814 0
    outer loop
      vertex -19.148964 100.48 8.76
      vertex -18.936804000000002 100.6921636 8.76
      vertex -18.936804000000002 100.6921636 12
    endloop
  endfacet
  facet normal 0.7771493201421081 -0.6293162433964811 0
    outer loop
      vertex -18.936804000000002 100.6921636 8.76
      vertex -18.727332 100.9508428 8.76
      vertex -18.936804000000002 100.6921636 12
    endloop
  endfacet
  facet normal 0.8386579503111947 -0.544658463975201 0
    outer loop
      vertex -18.727332 100.9508428 8.76
      vertex -18.546036 101.23 8.76
      vertex -18.727332 100.9508428 12
    endloop
  endfacet
  facet normal 0.8910199620378332 -0.4539641255100434 0
    outer loop
      vertex -18.546036 101.23 8.76
      vertex -18.394932 101.52658 8.76
      vertex -18.546036 101.23 12
    endloop
  endfacet
  facet normal 0.9335702844108286 -0.3583943694662134 0
    outer loop
      vertex -18.394932 101.52658 8.76
      vertex -18.275640000000003 101.83732 8.76
      vertex -18.394932 101.52658 12
    endloop
  endfacet
  facet normal 0.9659272927829201 -0.2588135720109339 0
    outer loop
      vertex -18.275640000000003 101.83732 8.76
      vertex -18.189492 102.158836 8.76
      vertex -18.275640000000003 101.83732 12
    endloop
  endfacet
  facet normal 0.9876887361913935 -0.15643196732333117 0
    outer loop
      vertex -18.189492 102.158836 8.76
      vertex -18.151296000000002 102.4 8.76
      vertex -18.189492 102.158836 12
    endloop
  endfacet
  facet normal 0.7071067811865475 0.7071067811865475 0
    outer loop
      vertex -18.936804000000002 104.94784 8.76
      vertex -18.96 104.971036 8.76
      vertex -18.936804000000002 104.94784 12
    endloop
  endfacet
  facet normal 0.7771550311765854 0.6293091907138497 0
    outer loop
      vertex -18.936804000000002 104.94784 8.76
      vertex -18.727332 104.689156 12
      vertex -18.727332 104.689156 8.76
    endloop
  endfacet
  facet normal 0.8386568808432692 0.5446601107243292 0
    outer loop
      vertex -18.727332 104.689156 8.76
      vertex -18.546036 104.41 12
      vertex -18.546036 104.41 8.76
    endloop
  endfacet
  facet normal 0.8910199620378332 0.4539641255100434 0
    outer loop
      vertex -18.394932 104.11342 8.76
      vertex -18.546036 104.41 8.76
      vertex -18.394932 104.11342 12
    endloop
  endfacet
  facet normal 0.987692655323299 -0.15640722048681333 0
    outer loop
      vertex -18.151296000000002 102.4 8.76
      vertex -18.137424000000003 102.4876 8.76
      vertex -18.137424000000003 102.4876 12
    endloop
  endfacet
  facet normal 0.9986289609269587 -0.052346904377838725 0
    outer loop
      vertex -18.137424000000003 102.4876 8.76
      vertex -18.12 102.82 8.76
      vertex -18.137424000000003 102.4876 12
    endloop
  endfacet
  facet normal 0.9986299407457376 0.05232820889505679 0
    outer loop
      vertex -18.123144 102.88 8.76
      vertex -18.12 102.82 12
      vertex -18.12 102.82 8.76
    endloop
  endfacet
  facet normal 0.9986287450610665 0.0523510223181892 0
    outer loop
      vertex -18.123144 102.88 8.76
      vertex -18.137424000000003 103.1524 8.76
      vertex -18.137424000000003 103.1524 12
    endloop
  endfacet
  facet normal 0.9659248777676986 0.25882258500651817 0
    outer loop
      vertex -18.275640000000003 103.802668 8.76
      vertex -18.189492 103.481164 12
      vertex -18.189492 103.481164 8.76
    endloop
  endfacet
  facet normal 0.9335749149497085 0.35838230728740567 0
    outer loop
      vertex -18.394932 104.11342 8.76
      vertex -18.275640000000003 103.802668 12
      vertex -18.275640000000003 103.802668 8.76
    endloop
  endfacet
  facet normal 0.9876897805115656 0.15642537349488878 0
    outer loop
      vertex -18.137424000000003 103.1524 8.76
      vertex -18.189492 103.481164 8.76
      vertex -18.137424000000003 103.1524 12
    endloop
  endfacet
  facet normal 0.7771493201421081 -0.6293162433964811 0
    outer loop
      vertex -18.727332 100.9508428 8.76
      vertex -18.727332 100.9508428 12
      vertex -18.936804000000002 100.6921636 12
    endloop
  endfacet
  facet normal 0.8386579503111947 -0.544658463975201 0
    outer loop
      vertex -18.546036 101.23 8.76
      vertex -18.546036 101.23 12
      vertex -18.727332 100.9508428 12
    endloop
  endfacet
  facet normal 0.8910199620378332 -0.4539641255100434 0
    outer loop
      vertex -18.394932 101.52658 8.76
      vertex -18.394932 101.52658 12
      vertex -18.546036 101.23 12
    endloop
  endfacet
  facet normal 0.9335702844108286 -0.3583943694662134 0
    outer loop
      vertex -18.275640000000003 101.83732 8.76
      vertex -18.275640000000003 101.83732 12
      vertex -18.394932 101.52658 12
    endloop
  endfacet
  facet normal 0.9659272927829201 -0.2588135720109339 0
    outer loop
      vertex -18.189492 102.158836 8.76
      vertex -18.189492 102.158836 12
      vertex -18.275640000000003 101.83732 12
    endloop
  endfacet
  facet normal 0.7071067811865422 0.7071067811865529 7.640795618726577e-17
    outer loop
      vertex -18.96 104.971036 8.76
      vertex -19.17216 105.183196 12
      vertex -18.936804000000002 104.94784 12
    endloop
  endfacet
  facet normal 0.7771550311765854 0.6293091907138497 0
    outer loop
      vertex -18.936804000000002 104.94784 8.76
      vertex -18.936804000000002 104.94784 12
      vertex -18.727332 104.689156 12
    endloop
  endfacet
  facet normal 0.8386568808432692 0.5446601107243292 0
    outer loop
      vertex -18.727332 104.689156 8.76
      vertex -18.727332 104.689156 12
      vertex -18.546036 104.41 12
    endloop
  endfacet
  facet normal 0.8910199620378332 0.4539641255100434 0
    outer loop
      vertex -18.546036 104.41 8.76
      vertex -18.546036 104.41 12
      vertex -18.394932 104.11342 12
    endloop
  endfacet
  facet normal 0.9876897805114405 -0.15642537349486899 5.031120048694752e-7
    outer loop
      vertex -18.151296000000002 102.4 8.76
      vertex -18.137424000000003 102.4876 12
      vertex -18.189492 102.158836 12
    endloop
  endfacet
  facet normal 0.9986289609269587 -0.052346904377838725 0
    outer loop
      vertex -18.12 102.82 8.76
      vertex -18.12 102.82 12
      vertex -18.137424000000003 102.4876 12
    endloop
  endfacet
  facet normal 0.9986289609268988 0.052346904377833334 3.4716343117991054e-7
    outer loop
      vertex -18.123144 102.88 8.76
      vertex -18.137424000000003 103.1524 12
      vertex -18.12 102.82 12
    endloop
  endfacet
  facet normal 0.9335749149497085 0.35838230728740567 0
    outer loop
      vertex -18.394932 104.11342 8.76
      vertex -18.394932 104.11342 12
      vertex -18.275640000000003 103.802668 12
    endloop
  endfacet
  facet normal 0.9659248777676986 0.25882258500651817 0
    outer loop
      vertex -18.275640000000003 103.802668 8.76
      vertex -18.275640000000003 103.802668 12
      vertex -18.189492 103.481164 12
    endloop
  endfacet
  facet normal 0.9876897805115656 0.15642537349488878 0
    outer loop
      vertex -18.189492 103.481164 8.76
      vertex -18.189492 103.481164 12
      vertex -18.137424000000003 103.1524 12
    endloop
  endfacet
  facet normal 0 0 1
    outer loop
      vertex -19.611252 101.845 12
      vertex -18.727332 100.9508428 12
      vertex -18.546036 101.23 12
    endloop
  endfacet
  facet normal 0 0 1
    outer loop
      vertex -19.445436 102.21742 12
      vertex -18.275640000000003 101.83732 12
      vertex -19.392612 102.414568 12
    endloop
  endfacet
  facet normal 0 0 1
    outer loop
      vertex -19.518588 102.02686 12
      vertex -18.546036 101.23 12
      vertex -18.394932 101.52658 12
    endloop
  endfacet
  facet normal 0 0 1
    outer loop
      vertex -19.445436 102.21742 12
      vertex -18.394932 101.52658 12
      vertex -18.275640000000003 101.83732 12
    endloop
  endfacet
  facet normal 0 0 1
    outer loop
      vertex -19.392612 102.414568 12
      vertex -18.275640000000003 101.83732 12
      vertex -18.189492 102.158836 12
    endloop
  endfacet
  facet normal 0 0 1
    outer loop
      vertex -19.392612 102.414568 12
      vertex -18.189492 102.158836 12
      vertex -19.360680000000002 102.616168 12
    endloop
  endfacet
  facet normal 0 0 1
    outer loop
      vertex -19.360680000000002 102.616168 12
      vertex -18.137424000000003 102.4876 12
      vertex -19.35 102.82 12
    endloop
  endfacet
  facet normal 0 0 1
    outer loop
      vertex -19.35 102.82 12
      vertex -18.137424000000003 103.1524 12
      vertex -19.360680000000002 103.023832 12
    endloop
  endfacet
  facet normal 0 0 1
    outer loop
      vertex -19.392612 103.225432 12
      vertex -19.360680000000002 103.023832 12
      vertex -18.189492 103.481164 12
    endloop
  endfacet
  facet normal 0 0 1
    outer loop
      vertex -19.392612 103.225432 12
      vertex -18.275640000000003 103.802668 12
      vertex -19.445436 103.42258 12
    endloop
  endfacet
  facet normal 0 0 1
    outer loop
      vertex -19.518588 103.61314 12
      vertex -18.394932 104.11342 12
      vertex -18.546036 104.41 12
    endloop
  endfacet
  facet normal 0 0 1
    outer loop
      vertex -19.445436 103.42258 12
      vertex -18.275640000000003 103.802668 12
      vertex -18.394932 104.11342 12
    endloop
  endfacet
  facet normal 0 0 1
    outer loop
      vertex -19.360680000000002 102.616168 12
      vertex -18.189492 102.158836 12
      vertex -18.137424000000003 102.4876 12
    endloop
  endfacet
  facet normal 0 0 1
    outer loop
      vertex -19.35 102.82 12
      vertex -18.137424000000003 102.4876 12
      vertex -18.12 102.82 12
    endloop
  endfacet
  facet normal 0 0 1
    outer loop
      vertex -19.35 102.82 12
      vertex -18.12 102.82 12
      vertex -18.137424000000003 103.1524 12
    endloop
  endfacet
  facet normal 0 0 1
    outer loop
      vertex -19.360680000000002 103.023832 12
      vertex -18.137424000000003 103.1524 12
      vertex -18.189492 103.481164 12
    endloop
  endfacet
  facet normal 0 0 1
    outer loop
      vertex -19.392612 103.225432 12
      vertex -18.189492 103.481164 12
      vertex -18.275640000000003 103.802668 12
    endloop
  endfacet
  facet normal 0 0 1
    outer loop
      vertex -19.611252 103.795 12
      vertex -18.546036 104.41 12
      vertex -18.727332 104.689156 12
    endloop
  endfacet
  facet normal -0.6807124952641814 -0.7325506800155276 0
    outer loop
      vertex -7.04748 76.33816 0
      vertex -6.557400000000001 75.88276 12
      vertex -7.04748 76.33816 12
    endloop
  endfacet
  facet normal -0.7034214331992824 -0.7107730209538536 0
    outer loop
      vertex -6.557400000000001 75.88276 0
      vertex -6.081720000000001 75.412 12
      vertex -6.557400000000001 75.88276 12
    endloop
  endfacet
  facet normal -0.7253396849508427 -0.6883911253316768 0
    outer loop
      vertex -5.621160000000003 74.92672 0
      vertex -5.621160000000003 74.92672 12
      vertex -6.081720000000001 75.412 12
    endloop
  endfacet
  facet normal -0.8910577268238649 -0.4538899948968766 0
    outer loop
      vertex -3.0255600000000022 68.08 0
      vertex -3.0255600000000022 68.08 12
      vertex -3.2079600000000035 68.43808 12
    endloop
  endfacet
  facet normal -0.9335147741063858 -0.3585389330673916 0
    outer loop
      vertex -3.2079600000000035 68.43808 0
      vertex -3.2079600000000035 68.43808 12
      vertex -3.352080000000001 68.81332 12
    endloop
  endfacet
  facet normal -0.9659320635765792 -0.25879576610657923 0
    outer loop
      vertex -3.352080000000001 68.81332 0
      vertex -3.352080000000001 68.81332 12
      vertex -3.4561199999999985 69.20164 12
    endloop
  endfacet
  facet normal -0.8386959242060521 -0.5445999878077085 0
    outer loop
      vertex -2.80668 67.74292 0
      vertex -2.80668 67.74292 12
      vertex -3.0255600000000022 68.08 12
    endloop
  endfacet
  facet normal -0.7466371732278991 -0.6652314871939333 0
    outer loop
      vertex -5.17596 74.42704 0
      vertex -5.17596 74.42704 12
      vertex -5.621160000000003 74.92672 12
    endloop
  endfacet
  facet normal -0.7671763688994846 -0.6414362158486232 0
    outer loop
      vertex -4.746840000000002 73.91380000000001 0
      vertex -4.746840000000002 73.91380000000001 12
      vertex -5.17596 74.42704 12
    endloop
  endfacet
  facet normal -0.7869029324532554 -0.6170767982159652 0
    outer loop
      vertex -4.333919999999999 73.38724 0
      vertex -4.333919999999999 73.38724 12
      vertex -4.746840000000002 73.91380000000001 12
    endloop
  endfacet
  facet normal -0.9876853754273103 -0.15645318522488788 0
    outer loop
      vertex -3.4561199999999985 69.20164 0
      vertex -3.4561199999999985 69.20164 12
      vertex -3.519000000000002 69.5986 12
    endloop
  endfacet
  facet normal -0.9986342743773721 -0.052245440363533395 0
    outer loop
      vertex -3.519000000000002 69.5986 0
      vertex -3.519000000000002 69.5986 12
      vertex -3.539999999999999 70 12
    endloop
  endfacet
  facet normal -0.9986342743773721 0.052245440363533395 0
    outer loop
      vertex -3.539999999999999 70 0
      vertex -3.539999999999999 70 12
      vertex -3.519000000000002 70.4014 12
    endloop
  endfacet
  facet normal -0.9876853754273103 0.15645318522488788 0
    outer loop
      vertex -3.519000000000002 70.4014 0
      vertex -3.519000000000002 70.4014 12
      vertex -3.4561199999999985 70.79836 12
    endloop
  endfacet
  facet normal -0.9659320635765792 0.25879576610657923 0
    outer loop
      vertex -3.4561199999999985 70.79836 0
      vertex -3.4561199999999985 70.79836 12
      vertex -3.352080000000001 71.18668 12
    endloop
  endfacet
  facet normal -0.8241047011113819 -0.5664375001764274 0
    outer loop
      vertex -3.558720000000001 72.29644 0
      vertex -3.558720000000001 72.29644 12
      vertex -3.9377999999999993 72.84796 12
    endloop
  endfacet
  facet normal -0.9335147741063858 0.3585389330673916 0
    outer loop
      vertex -3.352080000000001 71.18668 0
      vertex -3.352080000000001 71.18668 12
      vertex -3.2079600000000035 71.56192 12
    endloop
  endfacet
  facet normal -0.8910554588142893 0.4538944473302756 0
    outer loop
      vertex -3.2079600000000035 71.56192 0
      vertex -3.2079600000000035 71.56192 12
      vertex -3.15588 71.66416000000001 12
    endloop
  endfacet
  facet normal -0.8582794138390201 -0.5131826651204696 0
    outer loop
      vertex -3.15588 71.66416000000001 0
      vertex -3.15588 71.66416000000001 12
      vertex -3.197280000000003 71.7334 12
    endloop
  endfacet
  facet normal -0.8415279422936277 -0.5402135895542178 0
    outer loop
      vertex -3.197280000000003 71.7334 0
      vertex -3.197280000000003 71.7334 12
      vertex -3.558720000000001 72.29644 12
    endloop
  endfacet
  facet normal -0.8059429298593545 -0.5919932379763468 0
    outer loop
      vertex -3.9377999999999993 72.84796 0
      vertex -3.9377999999999993 72.84796 12
      vertex -4.333919999999999 73.38724 12
    endloop
  endfacet
  facet normal 0.7671120322664954 0.6415131564917178 0
    outer loop
      vertex -2.9050800000000017 76.38736 0
      vertex -2.9050800000000017 76.38736 12
      vertex -2.4153599999999997 75.80176 12
    endloop
  endfacet
  facet normal 0 0 1
    outer loop
      vertex -6.557400000000001 75.88276 12
      vertex -6.081720000000001 75.412 12
      vertex -4.480920000000001 78.04804 12
    endloop
  endfacet
  facet normal 0 0 1
    outer loop
      vertex -6.081720000000001 75.412 12
      vertex -5.621160000000003 74.92672 12
      vertex -3.9382800000000024 77.51104000000001 12
    endloop
  endfacet
  facet normal 0 0 1
    outer loop
      vertex -5.621160000000003 74.92672 12
      vertex -5.17596 74.42704 12
      vertex -3.4128000000000043 76.95736 12
    endloop
  endfacet
  facet normal 0 0 1
    outer loop
      vertex -5.17596 74.42704 12
      vertex -4.746840000000002 73.91380000000001 12
      vertex -2.9050800000000017 76.38736 12
    endloop
  endfacet
  facet normal 0 0 1
    outer loop
      vertex -5.621160000000003 74.92672 12
      vertex -3.4128000000000043 76.95736 12
      vertex -3.9382800000000024 77.51104000000001 12
    endloop
  endfacet
  facet normal 0 0 1
    outer loop
      vertex -3.4561199999999985 69.20164 12
      vertex -1.6393200000000014 69.79612 12
      vertex -3.519000000000002 69.5986 12
    endloop
  endfacet
  facet normal 0 0 1
    outer loop
      vertex -3.352080000000001 68.81332 12
      vertex -1.607400000000002 69.59452 12
      vertex -3.4561199999999985 69.20164 12
    endloop
  endfacet
  facet normal 0 0 1
    outer loop
      vertex -3.519000000000002 69.5986 12
      vertex -1.6500000000000021 70 12
      vertex -3.539999999999999 70 12
    endloop
  endfacet
  facet normal 0 0 1
    outer loop
      vertex -3.539999999999999 70 12
      vertex -1.6500000000000021 70 12
      vertex -3.519000000000002 70.4014 12
    endloop
  endfacet
  facet normal 0 0 1
    outer loop
      vertex -3.519000000000002 70.4014 12
      vertex -1.6393200000000014 70.20388 12
      vertex -3.4561199999999985 70.79836 12
    endloop
  endfacet
  facet normal 0 0 1
    outer loop
      vertex -3.4561199999999985 70.79836 12
      vertex -1.607400000000002 70.40548000000001 12
      vertex -3.352080000000001 71.18668 12
    endloop
  endfacet
  facet normal 0 0 1
    outer loop
      vertex -4.746840000000002 73.91380000000001 12
      vertex -4.333919999999999 73.38724 12
      vertex -2.4153599999999997 75.80176 12
    endloop
  endfacet
  facet normal 0 0 1
    outer loop
      vertex -5.17596 74.42704 12
      vertex -2.9050800000000017 76.38736 12
      vertex -3.4128000000000043 76.95736 12
    endloop
  endfacet
  facet normal 0 0 1
    outer loop
      vertex -4.333919999999999 73.38724 12
      vertex -3.9377999999999993 72.84796 12
      vertex -1.9443600000000032 75.20104 12
    endloop
  endfacet
  facet normal 0 0 1
    outer loop
      vertex -3.558720000000001 72.29644 12
      vertex -1.492440000000002 74.5858 12
      vertex -3.9377999999999993 72.84796 12
    endloop
  endfacet
  facet normal 0 0 1
    outer loop
      vertex -4.746840000000002 73.91380000000001 12
      vertex -2.4153599999999997 75.80176 12
      vertex -2.9050800000000017 76.38736 12
    endloop
  endfacet
  facet normal 0 0 1
    outer loop
      vertex -4.333919999999999 73.38724 12
      vertex -1.9443600000000032 75.20104 12
      vertex -2.4153599999999997 75.80176 12
    endloop
  endfacet
  facet normal -0.6086922333330674 -0.7934064312066058 0
    outer loop
      vertex -13.593900000000001 80.95624000000001 0
      vertex -12.98826 80.4916 12
      vertex -13.593900000000001 80.95624000000001 12
    endloop
  endfacet
  facet normal -0.5836295704336153 -0.8120200271640311 0
    outer loop
      vertex -12.98826 80.4916 0
      vertex -12.368340000000002 80.04604 12
      vertex -12.98826 80.4916 12
    endloop
  endfacet
  facet normal -0.5577364502620319 -0.8300181034466104 0
    outer loop
      vertex -12.368340000000002 80.04604 0
      vertex -11.734728000000002 79.62028000000001 12
      vertex -12.368340000000002 80.04604 12
    endloop
  endfacet
  facet normal -0.5313477459270669 -0.8471538071083817 0
    outer loop
      vertex -11.734728000000002 79.62028000000001 0
      vertex -11.08806 79.21468 12
      vertex -11.734728000000002 79.62028000000001 12
    endloop
  endfacet
  facet normal -0.5045965519023013 -0.8633552685935888 0
    outer loop
      vertex -11.08806 79.21468 0
      vertex -10.648680000000002 78.95788 12
      vertex -11.08806 79.21468 12
    endloop
  endfacet
  facet normal 0.6334037917867721 0.7738214500452538 0
    outer loop
      vertex -11.730444000000002 83.30727999999999 0
      vertex -12.248244000000001 83.73112 12
      vertex -11.730444000000002 83.30727999999999 12
    endloop
  endfacet
  facet normal 0.6087048585082224 0.7933967451587413 0
    outer loop
      vertex -11.199588000000002 82.9 0
      vertex -11.730444000000002 83.30727999999999 12
      vertex -11.199588000000002 82.9 12
    endloop
  endfacet
  facet normal 0.7033756617847494 0.7108183160336161 0
    outer loop
      vertex -13.242648 84.62656 0
      vertex -13.718268000000002 85.0972 12
      vertex -13.242648 84.62656 12
    endloop
  endfacet
  facet normal 0.680737189601273 0.7325277323717924 0
    outer loop
      vertex -12.752472000000001 84.17104 0
      vertex -13.242648 84.62656 12
      vertex -12.752472000000001 84.17104 12
    endloop
  endfacet
  facet normal 0.6574209679493525 0.7535235038806264 0
    outer loop
      vertex -12.248244000000001 83.73112 0
      vertex -12.752472000000001 84.17104 12
      vertex -12.248244000000001 83.73112 12
    endloop
  endfacet
  facet normal -0.8637789008981759 0.5038710255245279 0
    outer loop
      vertex -10.651200000000001 78.95356000000001 0
      vertex -10.651200000000001 78.95356000000001 12
      vertex -10.648680000000002 78.95788 12
    endloop
  endfacet
  facet normal -0.5045732267523123 -0.8633689007861932 0
    outer loop
      vertex -10.651200000000001 78.95356000000001 0
      vertex -10.266 78.72844 12
      vertex -10.651200000000001 78.95356000000001 12
    endloop
  endfacet
  facet normal -0.5314330325571565 -0.8471003080551349 0
    outer loop
      vertex -10.266 78.72844 0
      vertex -9.699240000000001 78.37288 12
      vertex -10.266 78.72844 12
    endloop
  endfacet
  facet normal 0.5835854195774587 0.8120517582374916 0
    outer loop
      vertex -10.656240000000002 82.50952000000001 0
      vertex -11.199588000000002 82.9 12
      vertex -10.656240000000002 82.50952000000001 12
    endloop
  endfacet
  facet normal 0.557676061904741 0.8300586786356852 0
    outer loop
      vertex -10.10076 82.13632 0
      vertex -10.656240000000002 82.50952000000001 12
      vertex -10.10076 82.13632 12
    endloop
  endfacet
  facet normal 0.5314330325571412 0.8471003080551445 0
    outer loop
      vertex -9.534 81.78076 0
      vertex -10.10076 82.13632 12
      vertex -9.534 81.78076 12
    endloop
  endfacet
  facet normal -0.5576760619047275 -0.830058678635694 0
    outer loop
      vertex -9.699240000000001 78.37288 0
      vertex -9.14376 77.99968 12
      vertex -9.699240000000001 78.37288 12
    endloop
  endfacet
  facet normal -0.5835769205283925 -0.8120578660579543 0
    outer loop
      vertex -9.14376 77.99968 0
      vertex -8.6004 77.6092 12
      vertex -9.14376 77.99968 12
    endloop
  endfacet
  facet normal -0.6086875358958962 -0.7934100350039581 0
    outer loop
      vertex -8.6004 77.6092 0
      vertex -8.069520000000002 77.20192 12
      vertex -8.6004 77.6092 12
    endloop
  endfacet
  facet normal 0.5045732267523141 0.8633689007861922 0
    outer loop
      vertex -9.148800000000001 81.55564 0
      vertex -9.534 81.78076 12
      vertex -9.148800000000001 81.55564 12
    endloop
  endfacet
  facet normal 0.8637789008981759 -0.5038710255245279 0
    outer loop
      vertex -9.148800000000001 81.55564 0
      vertex -9.148800000000001 81.55564 12
      vertex -9.15132 81.55132 12
    endloop
  endfacet
  facet normal 0.5044721245268459 0.8634279793795026 0
    outer loop
      vertex -8.712000000000002 81.29464 0
      vertex -9.15132 81.55132 12
      vertex -8.712000000000002 81.29464 12
    endloop
  endfacet
  facet normal 0.5314534754471352 0.8470874827520245 0
    outer loop
      vertex -8.065320000000002 80.88892 0
      vertex -8.712000000000002 81.29464 12
      vertex -8.065320000000002 80.88892 12
    endloop
  endfacet
  facet normal -0.6334037917867594 -0.7738214500452643 0
    outer loop
      vertex -8.069520000000002 77.20192 0
      vertex -7.551720000000003 76.77808 12
      vertex -8.069520000000002 77.20192 12
    endloop
  endfacet
  facet normal -0.6574120843735854 -0.7535312543747456 0
    outer loop
      vertex -7.551720000000003 76.77808 0
      vertex -7.04748 76.33816 12
      vertex -7.551720000000003 76.77808 12
    endloop
  endfacet
  facet normal 0.5835259117757495 0.8120945205370372 0
    outer loop
      vertex -6.811800000000002 80.01772 0
      vertex -7.43172 80.46316 12
      vertex -6.811800000000002 80.01772 12
    endloop
  endfacet
  facet normal 0.5577437274969946 0.8300132134115444 0
    outer loop
      vertex -7.43172 80.46316 0
      vertex -8.065320000000002 80.88892 12
      vertex -7.43172 80.46316 12
    endloop
  endfacet
  facet normal 0.6087911777991192 0.7933305123553244 0
    outer loop
      vertex -6.206160000000001 79.55296 0
      vertex -6.811800000000002 80.01772 12
      vertex -6.206160000000001 79.55296 12
    endloop
  endfacet
  facet normal 0.6333405064653509 0.7738732472893818 0
    outer loop
      vertex -5.615400000000001 79.06948 0
      vertex -6.206160000000001 79.55296 12
      vertex -5.615400000000001 79.06948 12
    endloop
  endfacet
  facet normal 0.657368751989739 0.7535690571589662 0
    outer loop
      vertex -5.040120000000002 78.56764 0
      vertex -5.615400000000001 79.06948 12
      vertex -5.040120000000002 78.56764 12
    endloop
  endfacet
  facet normal 0.6806922518304305 0.732569490422593 0
    outer loop
      vertex -4.480920000000001 78.04804 0
      vertex -5.040120000000002 78.56764 12
      vertex -4.480920000000001 78.04804 12
    endloop
  endfacet
  facet normal 0.7034032833400727 0.710790982628793 0
    outer loop
      vertex -3.9382800000000024 77.51104000000001 0
      vertex -4.480920000000001 78.04804 12
      vertex -3.9382800000000024 77.51104000000001 12
    endloop
  endfacet
  facet normal 0.7253368898907401 0.6883940704012698 0
    outer loop
      vertex -3.9382800000000024 77.51104000000001 0
      vertex -3.9382800000000024 77.51104000000001 12
      vertex -3.4128000000000043 76.95736 12
    endloop
  endfacet
  facet normal 0.7467237242323033 0.6651343320477746 0
    outer loop
      vertex -3.4128000000000043 76.95736 0
      vertex -3.4128000000000043 76.95736 12
      vertex -2.9050800000000017 76.38736 12
    endloop
  endfacet
  facet normal 0 0 1
    outer loop
      vertex -14.184612000000001 81.43972 12
      vertex -13.593900000000001 80.95624000000001 12
      vertex -12.248244000000001 83.73112 12
    endloop
  endfacet
  facet normal 0 0 1
    outer loop
      vertex -14.759868 81.94156 12
      vertex -12.752472000000001 84.17104 12
      vertex -13.242648 84.62656 12
    endloop
  endfacet
  facet normal 0 0 1
    outer loop
      vertex -14.184612000000001 81.43972 12
      vertex -12.248244000000001 83.73112 12
      vertex -12.752472000000001 84.17104 12
    endloop
  endfacet
  facet normal 0 0 1
    outer loop
      vertex -13.593900000000001 80.95624000000001 12
      vertex -12.98826 80.4916 12
      vertex -11.730444000000002 83.30727999999999 12
    endloop
  endfacet
  facet normal 0 0 1
    outer loop
      vertex -13.593900000000001 80.95624000000001 12
      vertex -11.730444000000002 83.30727999999999 12
      vertex -12.248244000000001 83.73112 12
    endloop
  endfacet
  facet normal 0 0 1
    outer loop
      vertex -12.368340000000002 80.04604 12
      vertex -11.199588000000002 82.9 12
      vertex -12.98826 80.4916 12
    endloop
  endfacet
  facet normal 0 0 1
    outer loop
      vertex -12.368340000000002 80.04604 12
      vertex -11.734728000000002 79.62028000000001 12
      vertex -10.656240000000002 82.50952000000001 12
    endloop
  endfacet
  facet normal 0 0 1
    outer loop
      vertex -12.98826 80.4916 12
      vertex -11.199588000000002 82.9 12
      vertex -11.730444000000002 83.30727999999999 12
    endloop
  endfacet
  facet normal 0 0 1
    outer loop
      vertex -12.368340000000002 80.04604 12
      vertex -10.656240000000002 82.50952000000001 12
      vertex -11.199588000000002 82.9 12
    endloop
  endfacet
  facet normal 0 0 1
    outer loop
      vertex -11.734728000000002 79.62028000000001 12
      vertex -11.08806 79.21468 12
      vertex -10.10076 82.13632 12
    endloop
  endfacet
  facet normal 0 0 1
    outer loop
      vertex -10.651200000000001 78.95356000000001 12
      vertex -10.266 78.72844 12
      vertex -10.648680000000002 78.95788 12
    endloop
  endfacet
  facet normal 0 0 1
    outer loop
      vertex -11.08806 79.21468 12
      vertex -10.648680000000002 78.95788 12
      vertex -9.534 81.78076 12
    endloop
  endfacet
  facet normal 0 0 1
    outer loop
      vertex -10.648680000000002 78.95788 12
      vertex -10.266 78.72844 12
      vertex -9.15132 81.55132 12
    endloop
  endfacet
  facet normal 0 0 1
    outer loop
      vertex -10.266 78.72844 12
      vertex -9.699240000000001 78.37288 12
      vertex -8.712000000000002 81.29464 12
    endloop
  endfacet
  facet normal 0 0 1
    outer loop
      vertex -11.734728000000002 79.62028000000001 12
      vertex -10.10076 82.13632 12
      vertex -10.656240000000002 82.50952000000001 12
    endloop
  endfacet
  facet normal 0 0 1
    outer loop
      vertex -11.08806 79.21468 12
      vertex -9.534 81.78076 12
      vertex -10.10076 82.13632 12
    endloop
  endfacet
  facet normal 0 0 1
    outer loop
      vertex -10.648680000000002 78.95788 12
      vertex -9.15132 81.55132 12
      vertex -9.534 81.78076 12
    endloop
  endfacet
  facet normal 0 0 1
    outer loop
      vertex -9.699240000000001 78.37288 12
      vertex -9.14376 77.99968 12
      vertex -8.065320000000002 80.88892 12
    endloop
  endfacet
  facet normal 0 0 1
    outer loop
      vertex -9.699240000000001 78.37288 12
      vertex -8.065320000000002 80.88892 12
      vertex -8.712000000000002 81.29464 12
    endloop
  endfacet
  facet normal 0 0 1
    outer loop
      vertex -9.14376 77.99968 12
      vertex -8.6004 77.6092 12
      vertex -7.43172 80.46316 12
    endloop
  endfacet
  facet normal 0 0 1
    outer loop
      vertex -9.14376 77.99968 12
      vertex -7.43172 80.46316 12
      vertex -8.065320000000002 80.88892 12
    endloop
  endfacet
  facet normal 0 0 1
    outer loop
      vertex -10.266 78.72844 12
      vertex -8.712000000000002 81.29464 12
      vertex -9.15132 81.55132 12
    endloop
  endfacet
  facet normal 0 0 1
    outer loop
      vertex -9.534 81.78076 12
      vertex -9.15132 81.55132 12
      vertex -9.148800000000001 81.55564 12
    endloop
  endfacet
  facet normal 0 0 1
    outer loop
      vertex -8.6004 77.6092 12
      vertex -8.069520000000002 77.20192 12
      vertex -6.811800000000002 80.01772 12
    endloop
  endfacet
  facet normal 0 0 1
    outer loop
      vertex -8.6004 77.6092 12
      vertex -6.811800000000002 80.01772 12
      vertex -7.43172 80.46316 12
    endloop
  endfacet
  facet normal 0 0 1
    outer loop
      vertex -8.069520000000002 77.20192 12
      vertex -7.551720000000003 76.77808 12
      vertex -6.206160000000001 79.55296 12
    endloop
  endfacet
  facet normal 0 0 1
    outer loop
      vertex -8.069520000000002 77.20192 12
      vertex -6.206160000000001 79.55296 12
      vertex -6.811800000000002 80.01772 12
    endloop
  endfacet
  facet normal 0 0 1
    outer loop
      vertex -7.04748 76.33816 12
      vertex -5.615400000000001 79.06948 12
      vertex -7.551720000000003 76.77808 12
    endloop
  endfacet
  facet normal 0 0 1
    outer loop
      vertex -7.04748 76.33816 12
      vertex -6.557400000000001 75.88276 12
      vertex -5.040120000000002 78.56764 12
    endloop
  endfacet
  facet normal 0 0 1
    outer loop
      vertex -7.551720000000003 76.77808 12
      vertex -5.615400000000001 79.06948 12
      vertex -6.206160000000001 79.55296 12
    endloop
  endfacet
  facet normal 0 0 1
    outer loop
      vertex -7.04748 76.33816 12
      vertex -5.040120000000002 78.56764 12
      vertex -5.615400000000001 79.06948 12
    endloop
  endfacet
  facet normal 0 0 1
    outer loop
      vertex -6.557400000000001 75.88276 12
      vertex -4.480920000000001 78.04804 12
      vertex -5.040120000000002 78.56764 12
    endloop
  endfacet
  facet normal 0 0 1
    outer loop
      vertex -6.081720000000001 75.412 12
      vertex -3.9382800000000024 77.51104000000001 12
      vertex -4.480920000000001 78.04804 12
    endloop
  endfacet
  facet normal 0 0 -1
    outer loop
      vertex -0.002400000000001512 60.5092 0
      vertex -0.004680000000004014 60.955360000000006 0
      vertex 0 60.5092 0
    endloop
  endfacet
  facet normal 0 0 -1
    outer loop
      vertex 0 60.5092 0
      vertex -0.004680000000004014 60.955360000000006 0
      vertex 2.8880935628389723 61 0
    endloop
  endfacet
  facet normal 0 0 -1
    outer loop
      vertex -0.029160000000000963 61.624 0
      vertex 2.966639999999998 61.78096 0
      vertex -0.004680000000004014 60.955360000000006 0
    endloop
  endfacet
  facet normal 0 0 -1
    outer loop
      vertex -0.004680000000004014 60.955360000000006 0
      vertex 2.9947199999999974 61.018119999999996 0
      vertex 2.8880935628389723 61 0
    endloop
  endfacet
  facet normal 0 0 -1
    outer loop
      vertex -0.004680000000004014 60.955360000000006 0
      vertex 2.966639999999998 61.78096 0
      vertex 2.9947199999999974 61.018119999999996 0
    endloop
  endfacet
  facet normal 0 0 -1
    outer loop
      vertex -3.2079600000000035 68.43808 0
      vertex -1.4814000000000007 69.20692 0
      vertex -3.0255600000000022 68.08 0
    endloop
  endfacet
  facet normal 0 0 -1
    outer loop
      vertex -3.352080000000001 68.81332 0
      vertex -1.5546000000000006 69.39736 0
      vertex -3.2079600000000035 68.43808 0
    endloop
  endfacet
  facet normal 0 0 -1
    outer loop
      vertex -3.0255600000000022 68.08 0
      vertex -1.3887600000000013 69.025 0
      vertex -2.80668 67.74292 0
    endloop
  endfacet
  facet normal 0 0 -1
    outer loop
      vertex -2.80668 67.74292 0
      vertex -1.277639999999998 68.85376 0
      vertex -2.553720000000002 67.43056 0
    endloop
  endfacet
  facet normal 0 0 -1
    outer loop
      vertex -3.2079600000000035 68.43808 0
      vertex -1.5546000000000006 69.39736 0
      vertex -1.4814000000000007 69.20692 0
    endloop
  endfacet
  facet normal 0 0 -1
    outer loop
      vertex -2.269440000000003 67.14628 0
      vertex -2.553720000000002 67.43056 0
      vertex -1.14912 68.69524 0
    endloop
  endfacet
  facet normal 0 0 -1
    outer loop
      vertex -2.269440000000003 67.14628 0
      vertex -1.004760000000001 68.55088 0
      vertex -1.9570800000000013 66.89332 0
    endloop
  endfacet
  facet normal 0 0 -1
    outer loop
      vertex -3.0255600000000022 68.08 0
      vertex -1.4814000000000007 69.20692 0
      vertex -1.3887600000000013 69.025 0
    endloop
  endfacet
  facet normal 0 0 -1
    outer loop
      vertex -2.80668 67.74292 0
      vertex -1.3887600000000013 69.025 0
      vertex -1.277639999999998 68.85376 0
    endloop
  endfacet
  facet normal 0 0 -1
    outer loop
      vertex -1.9570800000000013 66.89332 0
      vertex -0.8462400000000017 68.42236 0
      vertex -1.6200000000000045 66.67444 0
    endloop
  endfacet
  facet normal 0 0 -1
    outer loop
      vertex -2.269440000000003 67.14628 0
      vertex -1.14912 68.69524 0
      vertex -1.004760000000001 68.55088 0
    endloop
  endfacet
  facet normal 0 0 -1
    outer loop
      vertex -2.553720000000002 67.43056 0
      vertex -1.277639999999998 68.85376 0
      vertex -1.14912 68.69524 0
    endloop
  endfacet
  facet normal 0 0 -1
    outer loop
      vertex -1.6200000000000045 66.67444 0
      vertex -0.6750000000000007 68.31124 0
      vertex -1.2619200000000035 66.49204 0
    endloop
  endfacet
  facet normal 0 0 -1
    outer loop
      vertex -1.2619200000000035 66.49204 0
      vertex -0.4930800000000026 68.21860000000001 0
      vertex -0.8866800000000019 66.34792 0
    endloop
  endfacet
  facet normal 0 0 -1
    outer loop
      vertex -1.9570800000000013 66.89332 0
      vertex -1.004760000000001 68.55088 0
      vertex -0.8462400000000017 68.42236 0
    endloop
  endfacet
  facet normal 0 0 -1
    outer loop
      vertex -1.6200000000000045 66.67444 0
      vertex -0.8462400000000017 68.42236 0
      vertex -0.6750000000000007 68.31124 0
    endloop
  endfacet
  facet normal 0 0 -1
    outer loop
      vertex -1.2619200000000035 66.49204 0
      vertex -0.6750000000000007 68.31124 0
      vertex -0.4930800000000026 68.21860000000001 0
    endloop
  endfacet
  facet normal 0 0 -1
    outer loop
      vertex -0.8866800000000019 66.34792 0
      vertex -0.30264000000000024 68.1454 0
      vertex -0.8114400000000046 66.32776000000001 0
    endloop
  endfacet
  facet normal 0 0 -1
    outer loop
      vertex -0.8114400000000046 66.32776000000001 0
      vertex 0.5038799999999952 68.06068 0
      vertex -0.7846800000000016 66.23728 0
    endloop
  endfacet
  facet normal 0 0 -1
    outer loop
      vertex -0.8866800000000019 66.34792 0
      vertex -0.4930800000000026 68.21860000000001 0
      vertex -0.30264000000000024 68.1454 0
    endloop
  endfacet
  facet normal 0 0 -1
    outer loop
      vertex -0.8114400000000046 66.32776000000001 0
      vertex -0.30264000000000024 68.1454 0
      vertex -0.10548000000000357 68.0926 0
    endloop
  endfacet
  facet normal 0 0 -1
    outer loop
      vertex -0.8114400000000046 66.32776000000001 0
      vertex -0.10548000000000357 68.0926 0
      vertex 0.0961199999999991 68.06068 0
    endloop
  endfacet
  facet normal 0 0 -1
    outer loop
      vertex -0.8114400000000046 66.32776000000001 0
      vertex 0.0961199999999991 68.06068 0
      vertex 0.29999999999999716 68.05 0
    endloop
  endfacet
  facet normal 0 0 -1
    outer loop
      vertex -3.352080000000001 71.18668 0
      vertex -3.2079600000000035 71.56192 0
      vertex -1.6500000000000021 70 0
    endloop
  endfacet
  facet normal 0 0 -1
    outer loop
      vertex -3.4561199999999985 69.20164 0
      vertex -1.6393200000000014 69.79612 0
      vertex -1.607400000000002 69.59452 0
    endloop
  endfacet
  facet normal 0 0 -1
    outer loop
      vertex -3.519000000000002 69.5986 0
      vertex -1.6500000000000021 70 0
      vertex -1.6393200000000014 69.79612 0
    endloop
  endfacet
  facet normal 0 0 -1
    outer loop
      vertex -3.352080000000001 68.81332 0
      vertex -1.607400000000002 69.59452 0
      vertex -1.5546000000000006 69.39736 0
    endloop
  endfacet
  facet normal 0 0 -1
    outer loop
      vertex -3.2079600000000035 71.56192 0
      vertex -3.15588 71.66416000000001 0
      vertex -1.6500000000000021 70 0
    endloop
  endfacet
  facet normal 0 0 -1
    outer loop
      vertex -3.15588 71.66416000000001 0
      vertex -1.9443600000000032 75.20104 0
      vertex -1.6500000000000021 70 0
    endloop
  endfacet
  facet normal 0 0 -1
    outer loop
      vertex -1.6500000000000021 70 0
      vertex -1.9443600000000032 75.20104 0
      vertex -1.6393200000000014 70.20388 0
    endloop
  endfacet
  facet normal 0 0 -1
    outer loop
      vertex -1.6393200000000014 70.20388 0
      vertex -1.9443600000000032 75.20104 0
      vertex -1.607400000000002 70.40548000000001 0
    endloop
  endfacet
  facet normal 0 0 -1
    outer loop
      vertex -1.607400000000002 70.40548000000001 0
      vertex -1.9443600000000032 75.20104 0
      vertex -1.5546000000000006 70.60264000000001 0
    endloop
  endfacet
  facet normal 0 0 -1
    outer loop
      vertex -1.5546000000000006 70.60264000000001 0
      vertex -1.9443600000000032 75.20104 0
      vertex -1.4814000000000007 70.79308 0
    endloop
  endfacet
  facet normal 0 0 -1
    outer loop
      vertex -1.4814000000000007 70.79308 0
      vertex -1.9443600000000032 75.20104 0
      vertex -1.3887600000000013 70.975 0
    endloop
  endfacet
  facet normal 0 0 -1
    outer loop
      vertex -1.3887600000000013 70.975 0
      vertex -1.492440000000002 74.5858 0
      vertex -1.277639999999998 71.14624 0
    endloop
  endfacet
  facet normal 0 0 -1
    outer loop
      vertex -1.3887600000000013 70.975 0
      vertex -1.9443600000000032 75.20104 0
      vertex -1.492440000000002 74.5858 0
    endloop
  endfacet
  facet normal 0 0 -1
    outer loop
      vertex -1.277639999999998 71.14624 0
      vertex -1.0599600000000002 73.95664 0
      vertex -1.14912 71.30476 0
    endloop
  endfacet
  facet normal 0 0 -1
    outer loop
      vertex -1.14912 71.30476 0
      vertex -0.8677199999999985 73.65711999999999 0
      vertex -1.004760000000001 71.44912 0
    endloop
  endfacet
  facet normal 0 0 -1
    outer loop
      vertex -1.004760000000001 71.44912 0
      vertex -0.8677199999999985 73.65711999999999 0
      vertex -0.8462400000000017 71.57764 0
    endloop
  endfacet
  facet normal 0 0 -1
    outer loop
      vertex -0.8462400000000017 71.57764 0
      vertex -0.8677199999999985 73.65711999999999 0
      vertex -0.6750000000000007 71.68876 0
    endloop
  endfacet
  facet normal 0 0 -1
    outer loop
      vertex -0.6750000000000007 71.68876 0
      vertex -0.8677199999999985 73.65711999999999 0
      vertex -0.4930800000000026 71.7814 0
    endloop
  endfacet
  facet normal 0 0 -1
    outer loop
      vertex -0.4930800000000026 71.7814 0
      vertex -0.8677199999999985 73.65711999999999 0
      vertex -0.30264000000000024 71.8546 0
    endloop
  endfacet
  facet normal 0 0 -1
    outer loop
      vertex -0.30264000000000024 71.8546 0
      vertex -0.8677199999999985 73.65711999999999 0
      vertex -0.10548000000000357 71.9074 0
    endloop
  endfacet
  facet normal 0 0 -1
    outer loop
      vertex -0.10548000000000357 71.9074 0
      vertex -0.10139999999999816 73.819 0
      vertex 0.0961199999999991 71.93932 0
    endloop
  endfacet
  facet normal 0 0 -1
    outer loop
      vertex -1.492440000000002 74.5858 0
      vertex -1.0599600000000002 73.95664 0
      vertex -1.277639999999998 71.14624 0
    endloop
  endfacet
  facet normal 0 0 -1
    outer loop
      vertex -1.14912 71.30476 0
      vertex -1.0599600000000002 73.95664 0
      vertex -0.8677199999999985 73.65711999999999 0
    endloop
  endfacet
  facet normal 0 0 -1
    outer loop
      vertex -0.10548000000000357 71.9074 0
      vertex -0.8677199999999985 73.65711999999999 0
      vertex -0.49835999999999814 73.75612 0
    endloop
  endfacet
  facet normal 0 0 -1
    outer loop
      vertex -0.10548000000000357 71.9074 0
      vertex -0.49835999999999814 73.75612 0
      vertex -0.10139999999999816 73.819 0
    endloop
  endfacet
  facet normal 0 0 -1
    outer loop
      vertex -0.46547999999999945 64.93780000000001 0
      vertex 2.469000000000001 65.56156 0
      vertex -0.3366000000000007 64.28116 0
    endloop
  endfacet
  facet normal 0 0 -1
    outer loop
      vertex -0.029160000000000963 61.624 0
      vertex -0.07476000000000127 62.291560000000004 0
      vertex 2.914799999999996 62.5426 0
    endloop
  endfacet
  facet normal 0 0 -1
    outer loop
      vertex -0.1412399999999998 62.95744 0
      vertex -0.22848000000000113 63.6208 0
      vertex 2.7393600000000013 64.05904000000001 0
    endloop
  endfacet
  facet normal 0 0 -1
    outer loop
      vertex -0.07476000000000127 62.291560000000004 0
      vertex -0.1412399999999998 62.95744 0
      vertex 2.83896 63.302200000000006 0
    endloop
  endfacet
  facet normal 0 0 -1
    outer loop
      vertex -0.22848000000000113 63.6208 0
      vertex -0.3366000000000007 64.28116 0
      vertex 2.615879999999997 64.8124 0
    endloop
  endfacet
  facet normal 0 0 -1
    outer loop
      vertex -0.7846800000000016 66.23728 0
      vertex 2.20392 66.66628 0
      vertex -0.6148799999999994 65.59 0
    endloop
  endfacet
  facet normal 0 0 -1
    outer loop
      vertex -0.46547999999999945 64.93780000000001 0
      vertex -0.6148799999999994 65.59 0
      vertex 2.2986000000000004 66.30556 0
    endloop
  endfacet
  facet normal 0 0 -1
    outer loop
      vertex -0.7846800000000016 66.23728 0
      vertex 0.5038799999999952 68.06068 0
      vertex 2.20392 66.66628 0
    endloop
  endfacet
  facet normal 0 0 -1
    outer loop
      vertex -0.8114400000000046 66.32776000000001 0
      vertex 0.29999999999999716 68.05 0
      vertex 0.5038799999999952 68.06068 0
    endloop
  endfacet
  facet normal 0 0 -1
    outer loop
      vertex -0.6148799999999994 65.59 0
      vertex 2.20392 66.66628 0
      vertex 2.2986000000000004 66.30556 0
    endloop
  endfacet
  facet normal 0 0 -1
    outer loop
      vertex 0.5038799999999952 68.06068 0
      vertex 0.7054800000000014 68.0926 0
      vertex 2.20392 66.66628 0
    endloop
  endfacet
  facet normal 0 0 -1
    outer loop
      vertex 0.7054800000000014 68.0926 0
      vertex 0.9026399999999981 68.1454 0
      vertex 2.20392 66.66628 0
    endloop
  endfacet
  facet normal 0 0 -1
    outer loop
      vertex -0.029160000000000963 61.624 0
      vertex 2.914799999999996 62.5426 0
      vertex 2.966639999999998 61.78096 0
    endloop
  endfacet
  facet normal 0 0 -1
    outer loop
      vertex -0.1412399999999998 62.95744 0
      vertex 2.7393600000000013 64.05904000000001 0
      vertex 2.83896 63.302200000000006 0
    endloop
  endfacet
  facet normal 0 0 -1
    outer loop
      vertex -0.07476000000000127 62.291560000000004 0
      vertex 2.83896 63.302200000000006 0
      vertex 2.914799999999996 62.5426 0
    endloop
  endfacet
  facet normal 0 0 -1
    outer loop
      vertex -0.3366000000000007 64.28116 0
      vertex 2.469000000000001 65.56156 0
      vertex 2.615879999999997 64.8124 0
    endloop
  endfacet
  facet normal 0 0 -1
    outer loop
      vertex -0.22848000000000113 63.6208 0
      vertex 2.615879999999997 64.8124 0
      vertex 2.7393600000000013 64.05904000000001 0
    endloop
  endfacet
  facet normal 0 0 -1
    outer loop
      vertex -0.46547999999999945 64.93780000000001 0
      vertex 2.2986000000000004 66.30556 0
      vertex 2.469000000000001 65.56156 0
    endloop
  endfacet
  facet normal 0 0 -1
    outer loop
      vertex 0.9026399999999981 68.1454 0
      vertex 1.0930800000000005 68.21860000000001 0
      vertex 2.20392 66.66628 0
    endloop
  endfacet
  facet normal 0 0 -1
    outer loop
      vertex 1.0930800000000005 68.21860000000001 0
      vertex 1.2749999999999986 68.31124 0
      vertex 2.20392 66.66628 0
    endloop
  endfacet
  facet normal 0 0 -1
    outer loop
      vertex 1.2749999999999986 68.31124 0
      vertex 1.4462399999999995 68.42236 0
      vertex 2.20392 66.66628 0
    endloop
  endfacet
  facet normal 0 0 -1
    outer loop
      vertex 1.4462399999999995 68.42236 0
      vertex 1.6047599999999989 68.55088 0
      vertex 2.20392 66.66628 0
    endloop
  endfacet
  facet normal 0 0 -1
    outer loop
      vertex 1.6047599999999989 68.55088 0
      vertex 1.7491199999999978 68.69524 0
      vertex 2.20392 66.66628 0
    endloop
  endfacet
  facet normal 0 0 -1
    outer loop
      vertex 1.7491199999999978 68.69524 0
      vertex 1.877639999999996 68.85376 0
      vertex 2.20392 66.66628 0
    endloop
  endfacet
  facet normal 0 0 -1
    outer loop
      vertex 1.877639999999996 68.85376 0
      vertex 1.9887599999999992 69.025 0
      vertex 2.20392 66.66628 0
    endloop
  endfacet
  facet normal 0 0 -1
    outer loop
      vertex 2.20392 66.66628 0
      vertex 2.1545999999999985 69.39736 0
      vertex 2.219999999999999 66.67444 0
    endloop
  endfacet
  facet normal 0 0 -1
    outer loop
      vertex 2.219999999999999 66.67444 0
      vertex 2.1545999999999985 69.39736 0
      vertex 2.557079999999999 66.89332 0
    endloop
  endfacet
  facet normal 0 0 -1
    outer loop
      vertex 1.9887599999999992 69.025 0
      vertex 2.0813999999999986 69.20692 0
      vertex 2.20392 66.66628 0
    endloop
  endfacet
  facet normal 0 0 -1
    outer loop
      vertex 2.20392 66.66628 0
      vertex 2.0813999999999986 69.20692 0
      vertex 2.1545999999999985 69.39736 0
    endloop
  endfacet
  facet normal 0 0 -1
    outer loop
      vertex 2.557079999999999 66.89332 0
      vertex 2.1545999999999985 69.39736 0
      vertex 2.869440000000001 67.14628 0
    endloop
  endfacet
  facet normal 0 0 -1
    outer loop
      vertex 0.0961199999999991 71.93932 0
      vertex 0.29999999999999716 73.84 0
      vertex 0.29999999999999716 71.95 0
    endloop
  endfacet
  facet normal 0 0 -1
    outer loop
      vertex 0.29999999999999716 71.95 0
      vertex 0.701399999999996 73.819 0
      vertex 0.5038799999999952 71.93932 0
    endloop
  endfacet
  facet normal 0 0 -1
    outer loop
      vertex 0.5038799999999952 71.93932 0
      vertex 0.701399999999996 73.819 0
      vertex 0.7054800000000014 71.9074 0
    endloop
  endfacet
  facet normal 0 0 -1
    outer loop
      vertex 0.9026399999999981 71.8546 0
      vertex 0.7054800000000014 71.9074 0
      vertex 1.098359999999996 73.75612 0
    endloop
  endfacet
  facet normal 0 0 -1
    outer loop
      vertex 0.9026399999999981 71.8546 0
      vertex 1.4866799999999998 73.65208 0
      vertex 1.0930800000000005 71.7814 0
    endloop
  endfacet
  facet normal 0 0 -1
    outer loop
      vertex -0.10139999999999816 73.819 0
      vertex 0.29999999999999716 73.84 0
      vertex 0.0961199999999991 71.93932 0
    endloop
  endfacet
  facet normal 0 0 -1
    outer loop
      vertex 0.29999999999999716 71.95 0
      vertex 0.29999999999999716 73.84 0
      vertex 0.701399999999996 73.819 0
    endloop
  endfacet
  facet normal 0 0 -1
    outer loop
      vertex 0.7054800000000014 71.9074 0
      vertex 0.701399999999996 73.819 0
      vertex 1.098359999999996 73.75612 0
    endloop
  endfacet
  facet normal 0 0 -1
    outer loop
      vertex 0.9026399999999981 71.8546 0
      vertex 1.098359999999996 73.75612 0
      vertex 1.4866799999999998 73.65208 0
    endloop
  endfacet
  facet normal 0 0 -1
    outer loop
      vertex 1.0930800000000005 71.7814 0
      vertex 1.8619199999999978 73.50796 0
      vertex 1.2749999999999986 71.68876 0
    endloop
  endfacet
  facet normal 0 0 -1
    outer loop
      vertex 1.2749999999999986 71.68876 0
      vertex 2.219999999999999 73.32556 0
      vertex 1.4462399999999995 71.57764 0
    endloop
  endfacet
  facet normal 0 0 -1
    outer loop
      vertex 1.4462399999999995 71.57764 0
      vertex 2.557079999999999 73.10668 0
      vertex 1.6047599999999989 71.44912 0
    endloop
  endfacet
  facet normal 0 0 -1
    outer loop
      vertex 1.6047599999999989 71.44912 0
      vertex 2.869440000000001 72.85372 0
      vertex 1.7491199999999978 71.30476 0
    endloop
  endfacet
  facet normal 0 0 -1
    outer loop
      vertex 1.7491199999999978 71.30476 0
      vertex 3.15372 72.56944 0
      vertex 1.877639999999996 71.14624 0
    endloop
  endfacet
  facet normal 0 0 -1
    outer loop
      vertex 1.4462399999999995 71.57764 0
      vertex 2.219999999999999 73.32556 0
      vertex 2.557079999999999 73.10668 0
    endloop
  endfacet
  facet normal 0 0 -1
    outer loop
      vertex 1.6047599999999989 71.44912 0
      vertex 2.557079999999999 73.10668 0
      vertex 2.869440000000001 72.85372 0
    endloop
  endfacet
  facet normal 0 0 -1
    outer loop
      vertex 1.877639999999996 71.14624 0
      vertex 3.406679999999998 72.25708 0
      vertex 1.9887599999999992 70.975 0
    endloop
  endfacet
  facet normal 0 0 -1
    outer loop
      vertex 1.9887599999999992 70.975 0
      vertex 3.62556 71.92 0
      vertex 2.0813999999999986 70.79308 0
    endloop
  endfacet
  facet normal 0 0 -1
    outer loop
      vertex 2.0813999999999986 70.79308 0
      vertex 3.8079600000000013 71.56192 0
      vertex 2.1545999999999985 70.60264000000001 0
    endloop
  endfacet
  facet normal 0 0 -1
    outer loop
      vertex 1.7491199999999978 71.30476 0
      vertex 2.869440000000001 72.85372 0
      vertex 3.15372 72.56944 0
    endloop
  endfacet
  facet normal 0 0 -1
    outer loop
      vertex 1.0930800000000005 71.7814 0
      vertex 1.4866799999999998 73.65208 0
      vertex 1.8619199999999978 73.50796 0
    endloop
  endfacet
  facet normal 0 0 -1
    outer loop
      vertex 1.2749999999999986 71.68876 0
      vertex 1.8619199999999978 73.50796 0
      vertex 2.219999999999999 73.32556 0
    endloop
  endfacet
  facet normal 0 0 -1
    outer loop
      vertex 2.8880935628389723 61 0
      vertex 2.9947199999999974 61.018119999999996 0
      vertex 2.9948139966988894 61 0
    endloop
  endfacet
  facet normal 0 0 -1
    outer loop
      vertex 2.1545999999999985 69.39736 0
      vertex 3.15372 67.43056 0
      vertex 2.869440000000001 67.14628 0
    endloop
  endfacet
  facet normal 0 0 -1
    outer loop
      vertex 2.1545999999999985 69.39736 0
      vertex 3.406679999999998 67.74292 0
      vertex 3.15372 67.43056 0
    endloop
  endfacet
  facet normal 0 0 -1
    outer loop
      vertex 2.1545999999999985 69.39736 0
      vertex 3.62556 68.08 0
      vertex 3.406679999999998 67.74292 0
    endloop
  endfacet
  facet normal 0 0 -1
    outer loop
      vertex 2.1545999999999985 69.39736 0
      vertex 3.8079600000000013 68.43808 0
      vertex 3.62556 68.08 0
    endloop
  endfacet
  facet normal 0 0 -1
    outer loop
      vertex 2.1545999999999985 69.39736 0
      vertex 3.952079999999995 68.81332 0
      vertex 3.8079600000000013 68.43808 0
    endloop
  endfacet
  facet normal 0 0 -1
    outer loop
      vertex 2.1545999999999985 69.39736 0
      vertex 2.2074 69.59452 0
      vertex 3.952079999999995 68.81332 0
    endloop
  endfacet
  facet normal 0 0 -1
    outer loop
      vertex 2.2074 69.59452 0
      vertex 2.2393199999999993 69.79612 0
      vertex 4.056119999999996 69.20164 0
    endloop
  endfacet
  facet normal 0 0 -1
    outer loop
      vertex 2.2393199999999993 69.79612 0
      vertex 2.25 70 0
      vertex 4.119 69.5986 0
    endloop
  endfacet
  facet normal 0 0 -1
    outer loop
      vertex 2.2393199999999993 70.20388 0
      vertex 2.2074 70.40548000000001 0
      vertex 4.056119999999996 70.79836 0
    endloop
  endfacet
  facet normal 0 0 -1
    outer loop
      vertex 2.1545999999999985 70.60264000000001 0
      vertex 3.952079999999995 71.18668 0
      vertex 2.2074 70.40548000000001 0
    endloop
  endfacet
  facet normal 0 0 -1
    outer loop
      vertex 2.25 70 0
      vertex 2.2393199999999993 70.20388 0
      vertex 4.119 70.4014 0
    endloop
  endfacet
  facet normal 0 0 -1
    outer loop
      vertex 1.9887599999999992 70.975 0
      vertex 3.406679999999998 72.25708 0
      vertex 3.62556 71.92 0
    endloop
  endfacet
  facet normal 0 0 -1
    outer loop
      vertex 1.877639999999996 71.14624 0
      vertex 3.15372 72.56944 0
      vertex 3.406679999999998 72.25708 0
    endloop
  endfacet
  facet normal 0 0 -1
    outer loop
      vertex 2.0813999999999986 70.79308 0
      vertex 3.62556 71.92 0
      vertex 3.8079600000000013 71.56192 0
    endloop
  endfacet
  facet normal 0 0 -1
    outer loop
      vertex 2.1545999999999985 70.60264000000001 0
      vertex 3.8079600000000013 71.56192 0
      vertex 3.952079999999995 71.18668 0
    endloop
  endfacet
  facet normal 0 0 -1
    outer loop
      vertex 2.2074 69.59452 0
      vertex 4.056119999999996 69.20164 0
      vertex 3.952079999999995 68.81332 0
    endloop
  endfacet
  facet normal 0 0 -1
    outer loop
      vertex 2.2393199999999993 69.79612 0
      vertex 4.119 69.5986 0
      vertex 4.056119999999996 69.20164 0
    endloop
  endfacet
  facet normal 0 0 -1
    outer loop
      vertex 2.25 70 0
      vertex 4.139999999999997 70 0
      vertex 4.119 69.5986 0
    endloop
  endfacet
  facet normal 0 0 -1
    outer loop
      vertex 2.25 70 0
      vertex 4.119 70.4014 0
      vertex 4.139999999999997 70 0
    endloop
  endfacet
  facet normal 0 0 -1
    outer loop
      vertex 2.2393199999999993 70.20388 0
      vertex 4.056119999999996 70.79836 0
      vertex 4.119 70.4014 0
    endloop
  endfacet
  facet normal 0 0 -1
    outer loop
      vertex 2.2074 70.40548000000001 0
      vertex 3.952079999999995 71.18668 0
      vertex 4.056119999999996 70.79836 0
    endloop
  endfacet
  facet normal 0 -1 0
    outer loop
      vertex -0.002400000000001512 60.5092 0
      vertex 0 60.5092 0
      vertex 0 60.5092 12
    endloop
  endfacet
  facet normal -0.9999869428038195 -0.005110207615194503 0
    outer loop
      vertex -0.002400000000001512 60.5092 0
      vertex -0.004680000000004014 60.955360000000006 12
      vertex -0.004680000000004014 60.955360000000006 0
    endloop
  endfacet
  facet normal -0.9993304673017007 -0.03658711689330988 0
    outer loop
      vertex -0.029160000000000963 61.624 0
      vertex -0.004680000000004014 60.955360000000006 0
      vertex -0.029160000000000963 61.624 12
    endloop
  endfacet
  facet normal -0.6293442209764589 -0.7771266637579322 0
    outer loop
      vertex -2.269440000000003 67.14628 0
      vertex -1.9570800000000013 66.89332 0
      vertex -1.9570800000000013 66.89332 12
    endloop
  endfacet
  facet normal -0.7771266637579329 -0.6293442209764578 0
    outer loop
      vertex -2.80668 67.74292 0
      vertex -2.553720000000002 67.43056 0
      vertex -2.80668 67.74292 12
    endloop
  endfacet
  facet normal -0.7071067811865431 -0.707106781186552 0
    outer loop
      vertex -2.269440000000003 67.14628 0
      vertex -2.553720000000002 67.43056 12
      vertex -2.553720000000002 67.43056 0
    endloop
  endfacet
  facet normal -0.5445999878077062 -0.8386959242060534 0
    outer loop
      vertex -1.9570800000000013 66.89332 0
      vertex -1.6200000000000045 66.67444 0
      vertex -1.6200000000000045 66.67444 12
    endloop
  endfacet
  facet normal -0.4538899948968766 -0.8910577268238649 0
    outer loop
      vertex -1.6200000000000045 66.67444 0
      vertex -1.2619200000000035 66.49204 0
      vertex -1.2619200000000035 66.49204 12
    endloop
  endfacet
  facet normal 0.8911112583158827 0.45378488879940043 0
    outer loop
      vertex -1.3887600000000013 69.025 0
      vertex -1.4814000000000007 69.20692 0
      vertex -1.3887600000000013 69.025 12
    endloop
  endfacet
  facet normal -0.9976751095707502 -0.0681496569543208 0
    outer loop
      vertex -0.029160000000000963 61.624 0
      vertex -0.07476000000000127 62.291560000000004 12
      vertex -0.07476000000000127 62.291560000000004 0
    endloop
  endfacet
  facet normal -0.991462839843182 -0.13038955943668584 0
    outer loop
      vertex -0.1412399999999998 62.95744 0
      vertex -0.22848000000000113 63.6208 12
      vertex -0.22848000000000113 63.6208 0
    endloop
  endfacet
  facet normal -0.9950531564936149 -0.0993439265989287 0
    outer loop
      vertex -0.07476000000000127 62.291560000000004 0
      vertex -0.1412399999999998 62.95744 12
      vertex -0.1412399999999998 62.95744 0
    endloop
  endfacet
  facet normal -0.9747526528431977 -0.22328740621707327 0
    outer loop
      vertex -0.46547999999999945 64.93780000000001 0
      vertex -0.6148799999999994 65.59 12
      vertex -0.6148799999999994 65.59 0
    endloop
  endfacet
  facet normal -0.9812778805014913 -0.19259730330017827 0
    outer loop
      vertex -0.46547999999999945 64.93780000000001 0
      vertex -0.3366000000000007 64.28116 0
      vertex -0.46547999999999945 64.93780000000001 12
    endloop
  endfacet
  facet normal -0.9868600291554819 -0.16157748251300913 0
    outer loop
      vertex -0.22848000000000113 63.6208 0
      vertex -0.3366000000000007 64.28116 12
      vertex -0.3366000000000007 64.28116 0
    endloop
  endfacet
  facet normal -0.258813089188839 -0.9659274221516491 0
    outer loop
      vertex -0.8866800000000019 66.34792 0
      vertex -0.8114400000000046 66.32776000000001 0
      vertex -0.8114400000000046 66.32776000000001 12
    endloop
  endfacet
  facet normal -0.9589391275876323 -0.28361197009553546 0
    outer loop
      vertex -0.8114400000000046 66.32776000000001 0
      vertex -0.7846800000000016 66.23728 0
      vertex -0.8114400000000046 66.32776000000001 12
    endloop
  endfacet
  facet normal -0.9672716880469431 -0.2537429437498058 0
    outer loop
      vertex -0.7846800000000016 66.23728 0
      vertex -0.6148799999999994 65.59 0
      vertex -0.7846800000000016 66.23728 12
    endloop
  endfacet
  facet normal -0.35853893306740225 -0.9335147741063817 0
    outer loop
      vertex -1.2619200000000035 66.49204 0
      vertex -0.8866800000000019 66.34792 0
      vertex -0.8866800000000019 66.34792 12
    endloop
  endfacet
  facet normal 0.8388597212245763 0.5443476537168377 0
    outer loop
      vertex -1.3887600000000013 69.025 0
      vertex -1.277639999999998 68.85376 12
      vertex -1.277639999999998 68.85376 0
    endloop
  endfacet
  facet normal 0.70710678118653 0.7071067811865649 0
    outer loop
      vertex -1.14912 68.69524 0
      vertex -1.004760000000001 68.55088 12
      vertex -1.004760000000001 68.55088 0
    endloop
  endfacet
  facet normal 0.7767790721696288 0.6297731917438932 0
    outer loop
      vertex -1.277639999999998 68.85376 0
      vertex -1.14912 68.69524 12
      vertex -1.14912 68.69524 0
    endloop
  endfacet
  facet normal 0.6297731917439162 0.7767790721696102 0
    outer loop
      vertex -1.004760000000001 68.55088 0
      vertex -1.004760000000001 68.55088 12
      vertex -0.8462400000000017 68.42236 0
    endloop
  endfacet
  facet normal 0.5443476537168492 0.8388597212245686 0
    outer loop
      vertex -0.8462400000000017 68.42236 0
      vertex -0.8462400000000017 68.42236 12
      vertex -0.6750000000000007 68.31124 0
    endloop
  endfacet
  facet normal 0.3587820049702636 0.9334213801437794 0
    outer loop
      vertex -0.4930800000000026 68.21860000000001 0
      vertex -0.4930800000000026 68.21860000000001 12
      vertex -0.30264000000000024 68.1454 0
    endloop
  endfacet
  facet normal 0.4537848887993449 0.891111258315911 0
    outer loop
      vertex -0.6750000000000007 68.31124 0
      vertex -0.6750000000000007 68.31124 12
      vertex -0.4930800000000026 68.21860000000001 0
    endloop
  endfacet
  facet normal 0.25868710569855113 0.965961169688154 0
    outer loop
      vertex -0.30264000000000024 68.1454 0
      vertex -0.30264000000000024 68.1454 12
      vertex -0.10548000000000357 68.0926 0
    endloop
  endfacet
  facet normal 0.15638522195687016 0.9876961386749978 0
    outer loop
      vertex -0.10548000000000357 68.0926 0
      vertex -0.10548000000000357 68.0926 12
      vertex 0.0961199999999991 68.06068 0
    endloop
  endfacet
  facet normal 0.965961169688141 0.2586871056985999 0
    outer loop
      vertex -1.5546000000000006 69.39736 0
      vertex -1.607400000000002 69.59452 0
      vertex -1.5546000000000006 69.39736 12
    endloop
  endfacet
  facet normal 0.9986307883516289 0.05231203070235524 0
    outer loop
      vertex -1.6393200000000014 69.79612 0
      vertex -1.6500000000000021 70 0
      vertex -1.6393200000000014 69.79612 12
    endloop
  endfacet
  facet normal 0.9876961386749973 0.15638522195687282 0
    outer loop
      vertex -1.6393200000000014 69.79612 0
      vertex -1.607400000000002 69.59452 12
      vertex -1.607400000000002 69.59452 0
    endloop
  endfacet
  facet normal 0.933421380143807 0.3587820049701912 0
    outer loop
      vertex -1.5546000000000006 69.39736 0
      vertex -1.4814000000000007 69.20692 12
      vertex -1.4814000000000007 69.20692 0
    endloop
  endfacet
  facet normal 0.9986307883516289 -0.05231203070235524 0
    outer loop
      vertex -1.6500000000000021 70 0
      vertex -1.6393200000000014 70.20388 0
      vertex -1.6500000000000021 70 12
    endloop
  endfacet
  facet normal 0.9876961386749991 -0.15638522195686208 0
    outer loop
      vertex -1.6393200000000014 70.20388 0
      vertex -1.607400000000002 70.40548000000001 0
      vertex -1.6393200000000014 70.20388 12
    endloop
  endfacet
  facet normal 0.965961169688141 -0.2586871056985999 0
    outer loop
      vertex -1.607400000000002 70.40548000000001 0
      vertex -1.5546000000000006 70.60264000000001 0
      vertex -1.607400000000002 70.40548000000001 12
    endloop
  endfacet
  facet normal 0.9334213801437982 -0.35878200497021456 0
    outer loop
      vertex -1.5546000000000006 70.60264000000001 0
      vertex -1.4814000000000007 70.79308 0
      vertex -1.5546000000000006 70.60264000000001 12
    endloop
  endfacet
  facet normal 0.8911112583158827 -0.45378488879940043 0
    outer loop
      vertex -1.4814000000000007 70.79308 0
      vertex -1.3887600000000013 70.975 0
      vertex -1.4814000000000007 70.79308 12
    endloop
  endfacet
  facet normal 0.7671120322664954 0.6415131564917178 0
    outer loop
      vertex -2.9050800000000017 76.38736 0
      vertex -2.4153599999999997 75.80176 12
      vertex -2.4153599999999997 75.80176 0
    endloop
  endfacet
  facet normal 0.7869506996262308 0.6170158801504108 0
    outer loop
      vertex -2.4153599999999997 75.80176 0
      vertex -1.9443600000000032 75.20104 12
      vertex -1.9443600000000032 75.20104 0
    endloop
  endfacet
  facet normal 0.8059399759164938 0.5919972594697726 0
    outer loop
      vertex -1.492440000000002 74.5858 0
      vertex -1.9443600000000032 75.20104 0
      vertex -1.492440000000002 74.5858 12
    endloop
  endfacet
  facet normal 0.8388597212245763 -0.5443476537168377 0
    outer loop
      vertex -1.3887600000000013 70.975 0
      vertex -1.277639999999998 71.14624 0
      vertex -1.3887600000000013 70.975 12
    endloop
  endfacet
  facet normal 0.7767790721696288 -0.6297731917438932 0
    outer loop
      vertex -1.277639999999998 71.14624 0
      vertex -1.14912 71.30476 0
      vertex -1.277639999999998 71.14624 12
    endloop
  endfacet
  facet normal 0.70710678118653 -0.7071067811865649 0
    outer loop
      vertex -1.14912 71.30476 0
      vertex -1.004760000000001 71.44912 0
      vertex -1.14912 71.30476 12
    endloop
  endfacet
  facet normal 0.6297731917439162 -0.7767790721696102 0
    outer loop
      vertex -1.004760000000001 71.44912 0
      vertex -0.8462400000000017 71.57764 0
      vertex -0.8462400000000017 71.57764 12
    endloop
  endfacet
  facet normal 0.5443476537168492 -0.8388597212245686 0
    outer loop
      vertex -0.8462400000000017 71.57764 0
      vertex -0.6750000000000007 71.68876 0
      vertex -0.6750000000000007 71.68876 12
    endloop
  endfacet
  facet normal 0.4537848887994001 -0.8911112583158828 0
    outer loop
      vertex -0.6750000000000007 71.68876 0
      vertex -0.4930800000000026 71.7814 0
      vertex -0.4930800000000026 71.7814 12
    endloop
  endfacet
  facet normal 0.3587820049702029 -0.9334213801438027 0
    outer loop
      vertex -0.4930800000000026 71.7814 0
      vertex -0.30264000000000024 71.8546 0
      vertex -0.30264000000000024 71.8546 12
    endloop
  endfacet
  facet normal 0.25868710569855113 -0.965961169688154 0
    outer loop
      vertex -0.30264000000000024 71.8546 0
      vertex -0.10548000000000357 71.9074 0
      vertex -0.10548000000000357 71.9074 12
    endloop
  endfacet
  facet normal 0.8240831968188559 0.5664687853013747 0
    outer loop
      vertex -1.492440000000002 74.5858 0
      vertex -1.0599600000000002 73.95664 12
      vertex -1.0599600000000002 73.95664 0
    endloop
  endfacet
  facet normal -0.25889293994080415 0.9659060231972918 0
    outer loop
      vertex -0.8677199999999985 73.65711999999999 0
      vertex -0.8677199999999985 73.65711999999999 12
      vertex -0.49835999999999814 73.75612 0
    endloop
  endfacet
  facet normal 0.8415726292912675 0.5401439712037731 0
    outer loop
      vertex -1.0599600000000002 73.95664 0
      vertex -0.8677199999999985 73.65711999999999 12
      vertex -0.8677199999999985 73.65711999999999 0
    endloop
  endfacet
  facet normal -0.15645318522489926 0.9876853754273086 0
    outer loop
      vertex -0.49835999999999814 73.75612 0
      vertex -0.49835999999999814 73.75612 12
      vertex -0.10139999999999816 73.819 0
    endloop
  endfacet
  facet normal 0.05231203070238995 0.9986307883516271 0
    outer loop
      vertex 0.0961199999999991 68.06068 0
      vertex 0.0961199999999991 68.06068 12
      vertex 0.29999999999999716 68.05 0
    endloop
  endfacet
  facet normal -0.05231203070238995 0.9986307883516271 0
    outer loop
      vertex 0.29999999999999716 68.05 0
      vertex 0.29999999999999716 68.05 12
      vertex 0.5038799999999952 68.06068 0
    endloop
  endfacet
  facet normal -0.15638522195686747 0.9876961386749983 0
    outer loop
      vertex 0.5038799999999952 68.06068 0
      vertex 0.5038799999999952 68.06068 12
      vertex 0.7054800000000014 68.0926 0
    endloop
  endfacet
  facet normal -0.25868710569855113 0.965961169688154 0
    outer loop
      vertex 0.7054800000000014 68.0926 0
      vertex 0.7054800000000014 68.0926 12
      vertex 0.9026399999999981 68.1454 0
    endloop
  endfacet
  facet normal -0.3587820049702636 0.9334213801437794 0
    outer loop
      vertex 0.9026399999999981 68.1454 0
      vertex 0.9026399999999981 68.1454 12
      vertex 1.0930800000000005 68.21860000000001 0
    endloop
  endfacet
  facet normal -0.4537848887993449 0.891111258315911 0
    outer loop
      vertex 1.0930800000000005 68.21860000000001 0
      vertex 1.0930800000000005 68.21860000000001 12
      vertex 1.2749999999999986 68.31124 0
    endloop
  endfacet
  facet normal -0.5443476537168492 0.8388597212245686 0
    outer loop
      vertex 1.2749999999999986 68.31124 0
      vertex 1.2749999999999986 68.31124 12
      vertex 1.4462399999999995 68.42236 0
    endloop
  endfacet
  facet normal 0.9813172412625127 0.19239665277995782 0
    outer loop
      vertex 2.615879999999997 64.8124 0
      vertex 2.469000000000001 65.56156 0
      vertex 2.615879999999997 64.8124 12
    endloop
  endfacet
  facet normal -0.6297731917439162 0.7767790721696102 0
    outer loop
      vertex 1.4462399999999995 68.42236 0
      vertex 1.4462399999999995 68.42236 12
      vertex 1.6047599999999989 68.55088 0
    endloop
  endfacet
  facet normal -0.70710678118653 0.7071067811865649 0
    outer loop
      vertex 1.6047599999999989 68.55088 0
      vertex 1.7491199999999978 68.69524 12
      vertex 1.7491199999999978 68.69524 0
    endloop
  endfacet
  facet normal -0.7767790721696288 0.6297731917438932 0
    outer loop
      vertex 1.7491199999999978 68.69524 0
      vertex 1.877639999999996 68.85376 12
      vertex 1.877639999999996 68.85376 0
    endloop
  endfacet
  facet normal -0.8388597212245763 0.5443476537168377 0
    outer loop
      vertex 1.877639999999996 68.85376 0
      vertex 1.9887599999999992 69.025 12
      vertex 1.9887599999999992 69.025 0
    endloop
  endfacet
  facet normal 0.9672368915687566 0.25387555137982376 0
    outer loop
      vertex 2.2986000000000004 66.30556 0
      vertex 2.20392 66.66628 0
      vertex 2.2986000000000004 66.30556 12
    endloop
  endfacet
  facet normal 0.4525295501953396 -0.8917494077374 0
    outer loop
      vertex 2.20392 66.66628 0
      vertex 2.219999999999999 66.67444 0
      vertex 2.219999999999999 66.67444 12
    endloop
  endfacet
  facet normal 0.9747608370028338 0.22325167557161785 0
    outer loop
      vertex 2.2986000000000004 66.30556 0
      vertex 2.469000000000001 65.56156 12
      vertex 2.469000000000001 65.56156 0
    endloop
  endfacet
  facet normal 0.5445999878077022 -0.8386959242060561 0
    outer loop
      vertex 2.219999999999999 66.67444 0
      vertex 2.557079999999999 66.89332 0
      vertex 2.557079999999999 66.89332 12
    endloop
  endfacet
  facet normal 0.15638522195687016 -0.9876961386749978 0
    outer loop
      vertex -0.10548000000000357 71.9074 0
      vertex 0.0961199999999991 71.93932 0
      vertex 0.0961199999999991 71.93932 12
    endloop
  endfacet
  facet normal 0.05231203070238995 -0.9986307883516271 0
    outer loop
      vertex 0.0961199999999991 71.93932 0
      vertex 0.29999999999999716 71.95 0
      vertex 0.29999999999999716 71.95 12
    endloop
  endfacet
  facet normal -0.05231203070238995 -0.9986307883516271 0
    outer loop
      vertex 0.29999999999999716 71.95 0
      vertex 0.5038799999999952 71.93932 0
      vertex 0.5038799999999952 71.93932 12
    endloop
  endfacet
  facet normal -0.15638522195686747 -0.9876961386749983 0
    outer loop
      vertex 0.5038799999999952 71.93932 0
      vertex 0.7054800000000014 71.9074 0
      vertex 0.7054800000000014 71.9074 12
    endloop
  endfacet
  facet normal -0.25868710569855113 -0.965961169688154 0
    outer loop
      vertex 0.9026399999999981 71.8546 0
      vertex 0.9026399999999981 71.8546 12
      vertex 0.7054800000000014 71.9074 0
    endloop
  endfacet
  facet normal -0.3587820049702029 -0.9334213801438027 0
    outer loop
      vertex 0.9026399999999981 71.8546 0
      vertex 1.0930800000000005 71.7814 0
      vertex 1.0930800000000005 71.7814 12
    endloop
  endfacet
  facet normal -0.4537848887994001 -0.8911112583158828 0
    outer loop
      vertex 1.0930800000000005 71.7814 0
      vertex 1.2749999999999986 71.68876 0
      vertex 1.2749999999999986 71.68876 12
    endloop
  endfacet
  facet normal -0.052245440363542214 0.9986342743773716 0
    outer loop
      vertex -0.10139999999999816 73.819 0
      vertex -0.10139999999999816 73.819 12
      vertex 0.29999999999999716 73.84 0
    endloop
  endfacet
  facet normal 0.05224544036354175 0.9986342743773716 0
    outer loop
      vertex 0.29999999999999716 73.84 0
      vertex 0.29999999999999716 73.84 12
      vertex 0.701399999999996 73.819 0
    endloop
  endfacet
  facet normal 0.15645318522489926 0.9876853754273086 0
    outer loop
      vertex 0.701399999999996 73.819 0
      vertex 0.701399999999996 73.819 12
      vertex 1.098359999999996 73.75612 0
    endloop
  endfacet
  facet normal 0.2587957661065726 0.965932063576581 0
    outer loop
      vertex 1.098359999999996 73.75612 0
      vertex 1.098359999999996 73.75612 12
      vertex 1.4866799999999998 73.65208 0
    endloop
  endfacet
  facet normal -0.5443476537168492 -0.8388597212245686 0
    outer loop
      vertex 1.2749999999999986 71.68876 0
      vertex 1.4462399999999995 71.57764 0
      vertex 1.4462399999999995 71.57764 12
    endloop
  endfacet
  facet normal -0.70710678118653 -0.7071067811865649 0
    outer loop
      vertex 1.6047599999999989 71.44912 0
      vertex 1.7491199999999978 71.30476 0
      vertex 1.6047599999999989 71.44912 12
    endloop
  endfacet
  facet normal -0.6297731917439162 -0.7767790721696102 0
    outer loop
      vertex 1.4462399999999995 71.57764 0
      vertex 1.6047599999999989 71.44912 0
      vertex 1.6047599999999989 71.44912 12
    endloop
  endfacet
  facet normal -0.7767790721696288 -0.6297731917438932 0
    outer loop
      vertex 1.7491199999999978 71.30476 0
      vertex 1.877639999999996 71.14624 0
      vertex 1.7491199999999978 71.30476 12
    endloop
  endfacet
  facet normal -0.8388597212245763 -0.5443476537168377 0
    outer loop
      vertex 1.877639999999996 71.14624 0
      vertex 1.9887599999999992 70.975 0
      vertex 1.877639999999996 71.14624 12
    endloop
  endfacet
  facet normal -0.8911112583158827 0.45378488879940043 0
    outer loop
      vertex 1.9887599999999992 69.025 0
      vertex 2.0813999999999986 69.20692 12
      vertex 2.0813999999999986 69.20692 0
    endloop
  endfacet
  facet normal -0.933421380143807 0.3587820049701912 0
    outer loop
      vertex 2.0813999999999986 69.20692 0
      vertex 2.1545999999999985 69.39736 12
      vertex 2.1545999999999985 69.39736 0
    endloop
  endfacet
  facet normal -0.965961169688141 0.2586871056985999 0
    outer loop
      vertex 2.1545999999999985 69.39736 0
      vertex 2.2074 69.59452 12
      vertex 2.2074 69.59452 0
    endloop
  endfacet
  facet normal -0.9876961386749973 0.15638522195687282 0
    outer loop
      vertex 2.2074 69.59452 0
      vertex 2.2393199999999993 69.79612 12
      vertex 2.2393199999999993 69.79612 0
    endloop
  endfacet
  facet normal -0.9986307883516289 0.05231203070235524 0
    outer loop
      vertex 2.2393199999999993 69.79612 0
      vertex 2.25 70 12
      vertex 2.25 70 0
    endloop
  endfacet
  facet normal -0.8911112583158827 -0.45378488879940043 0
    outer loop
      vertex 1.9887599999999992 70.975 0
      vertex 2.0813999999999986 70.79308 0
      vertex 1.9887599999999992 70.975 12
    endloop
  endfacet
  facet normal -0.9334213801437982 -0.35878200497021456 0
    outer loop
      vertex 2.0813999999999986 70.79308 0
      vertex 2.1545999999999985 70.60264000000001 0
      vertex 2.0813999999999986 70.79308 12
    endloop
  endfacet
  facet normal -0.965961169688141 -0.2586871056985999 0
    outer loop
      vertex 2.1545999999999985 70.60264000000001 0
      vertex 2.2074 70.40548000000001 0
      vertex 2.1545999999999985 70.60264000000001 12
    endloop
  endfacet
  facet normal -0.9986307883516289 -0.05231203070235524 0
    outer loop
      vertex 2.25 70 0
      vertex 2.2393199999999993 70.20388 12
      vertex 2.2393199999999993 70.20388 0
    endloop
  endfacet
  facet normal -0.9876961386749991 -0.15638522195686208 0
    outer loop
      vertex 2.2393199999999993 70.20388 0
      vertex 2.2074 70.40548000000001 12
      vertex 2.2074 70.40548000000001 0
    endloop
  endfacet
  facet normal 0.3585389330674052 0.9335147741063805 0
    outer loop
      vertex 1.4866799999999998 73.65208 0
      vertex 1.4866799999999998 73.65208 12
      vertex 1.8619199999999978 73.50796 0
    endloop
  endfacet
  facet normal 0.4538899948968766 0.8910577268238649 0
    outer loop
      vertex 1.8619199999999978 73.50796 0
      vertex 1.8619199999999978 73.50796 12
      vertex 2.219999999999999 73.32556 0
    endloop
  endfacet
  facet normal 0.5445999878077022 0.8386959242060561 0
    outer loop
      vertex 2.219999999999999 73.32556 0
      vertex 2.219999999999999 73.32556 12
      vertex 2.557079999999999 73.10668 0
    endloop
  endfacet
  facet normal 0.6293442209764589 0.7771266637579322 0
    outer loop
      vertex 2.557079999999999 73.10668 0
      vertex 2.557079999999999 73.10668 12
      vertex 2.869440000000001 72.85372 0
    endloop
  endfacet
  facet normal 0.9999865454227633 0.0051873859937174235 0
    outer loop
      vertex 2.9947199999999974 61.018119999999996 0
      vertex 2.9947199999999974 61.018119999999996 12
      vertex 2.9948139966988894 61 0
    endloop
  endfacet
  facet normal 0.9993232064196902 0.03678490330379105 0
    outer loop
      vertex 2.9947199999999974 61.018119999999996 0
      vertex 2.966639999999998 61.78096 0
      vertex 2.9947199999999974 61.018119999999996 12
    endloop
  endfacet
  facet normal 0.9976916867650812 0.06790653989011071 0
    outer loop
      vertex 2.966639999999998 61.78096 0
      vertex 2.914799999999996 62.5426 0
      vertex 2.966639999999998 61.78096 12
    endloop
  endfacet
  facet normal 0.9914516200684456 0.1304748445626757 0
    outer loop
      vertex 2.83896 63.302200000000006 0
      vertex 2.7393600000000013 64.05904000000001 0
      vertex 2.83896 63.302200000000006 12
    endloop
  endfacet
  facet normal 0.9950527420303366 0.09934807787727232 0
    outer loop
      vertex 2.914799999999996 62.5426 0
      vertex 2.83896 63.302200000000006 0
      vertex 2.914799999999996 62.5426 12
    endloop
  endfacet
  facet normal 0.9868321899180593 0.16174742329177066 0
    outer loop
      vertex 2.615879999999997 64.8124 0
      vertex 2.7393600000000013 64.05904000000001 12
      vertex 2.7393600000000013 64.05904000000001 0
    endloop
  endfacet
  facet normal 0.6293442209764589 -0.7771266637579322 0
    outer loop
      vertex 2.557079999999999 66.89332 0
      vertex 2.869440000000001 67.14628 0
      vertex 2.869440000000001 67.14628 12
    endloop
  endfacet
  facet normal 0.7071067811865431 -0.707106781186552 0
    outer loop
      vertex 2.869440000000001 67.14628 0
      vertex 3.15372 67.43056 0
      vertex 2.869440000000001 67.14628 12
    endloop
  endfacet
  facet normal 0.7771266637579329 -0.6293442209764578 0
    outer loop
      vertex 3.15372 67.43056 0
      vertex 3.406679999999998 67.74292 0
      vertex 3.15372 67.43056 12
    endloop
  endfacet
  facet normal 0.8386959242060521 -0.5445999878077085 0
    outer loop
      vertex 3.406679999999998 67.74292 0
      vertex 3.62556 68.08 0
      vertex 3.406679999999998 67.74292 12
    endloop
  endfacet
  facet normal 0.8910577268238649 -0.4538899948968766 0
    outer loop
      vertex 3.62556 68.08 0
      vertex 3.8079600000000013 68.43808 0
      vertex 3.62556 68.08 12
    endloop
  endfacet
  facet normal 0.9335147741063887 -0.3585389330673839 0
    outer loop
      vertex 3.8079600000000013 68.43808 0
      vertex 3.952079999999995 68.81332 0
      vertex 3.8079600000000013 68.43808 12
    endloop
  endfacet
  facet normal 0.9659320635765771 -0.2587957661065875 0
    outer loop
      vertex 3.952079999999995 68.81332 0
      vertex 4.056119999999996 69.20164 0
      vertex 3.952079999999995 68.81332 12
    endloop
  endfacet
  facet normal 0.7071067811865431 0.707106781186552 0
    outer loop
      vertex 3.15372 72.56944 0
      vertex 2.869440000000001 72.85372 0
      vertex 2.869440000000001 72.85372 12
    endloop
  endfacet
  facet normal 0.7771266637579329 0.6293442209764578 0
    outer loop
      vertex 3.15372 72.56944 0
      vertex 3.406679999999998 72.25708 12
      vertex 3.406679999999998 72.25708 0
    endloop
  endfacet
  facet normal 0.9659320635765771 0.2587957661065875 0
    outer loop
      vertex 3.952079999999995 71.18668 0
      vertex 4.056119999999996 70.79836 12
      vertex 4.056119999999996 70.79836 0
    endloop
  endfacet
  facet normal 0.8386959242060521 0.5445999878077085 0
    outer loop
      vertex 3.406679999999998 72.25708 0
      vertex 3.62556 71.92 12
      vertex 3.62556 71.92 0
    endloop
  endfacet
  facet normal 0.8910577268238649 0.4538899948968766 0
    outer loop
      vertex 3.62556 71.92 0
      vertex 3.8079600000000013 71.56192 12
      vertex 3.8079600000000013 71.56192 0
    endloop
  endfacet
  facet normal 0.9335147741063887 0.3585389330673839 0
    outer loop
      vertex 3.8079600000000013 71.56192 0
      vertex 3.952079999999995 71.18668 12
      vertex 3.952079999999995 71.18668 0
    endloop
  endfacet
  facet normal 0.9876853754273103 -0.15645318522488788 0
    outer loop
      vertex 4.056119999999996 69.20164 0
      vertex 4.119 69.5986 0
      vertex 4.056119999999996 69.20164 12
    endloop
  endfacet
  facet normal 0.9986342743773721 -0.052245440363533395 0
    outer loop
      vertex 4.119 69.5986 0
      vertex 4.139999999999997 70 0
      vertex 4.119 69.5986 12
    endloop
  endfacet
  facet normal 0.9986342743773721 0.052245440363533395 0
    outer loop
      vertex 4.139999999999997 70 0
      vertex 4.119 70.4014 0
      vertex 4.139999999999997 70 12
    endloop
  endfacet
  facet normal 0.9876853754273103 0.15645318522488788 0
    outer loop
      vertex 4.119 70.4014 0
      vertex 4.056119999999996 70.79836 0
      vertex 4.119 70.4014 12
    endloop
  endfacet
  facet normal 0 -1 0
    outer loop
      vertex -0.002400000000001512 60.5092 0
      vertex 0 60.5092 12
      vertex -0.002400000000001512 60.5092 12
    endloop
  endfacet
  facet normal -0.9999869428038195 -0.005110207615194503 0
    outer loop
      vertex -0.002400000000001512 60.5092 0
      vertex -0.002400000000001512 60.5092 12
      vertex -0.004680000000004014 60.955360000000006 12
    endloop
  endfacet
  facet normal -0.9993304673017007 -0.03658711689330988 0
    outer loop
      vertex -0.004680000000004014 60.955360000000006 0
      vertex -0.004680000000004014 60.955360000000006 12
      vertex -0.029160000000000963 61.624 12
    endloop
  endfacet
  facet normal -0.7071067811865431 -0.707106781186552 0
    outer loop
      vertex -2.269440000000003 67.14628 0
      vertex -2.269440000000003 67.14628 12
      vertex -2.553720000000002 67.43056 12
    endloop
  endfacet
  facet normal -0.6293442209764589 -0.7771266637579322 0
    outer loop
      vertex -2.269440000000003 67.14628 0
      vertex -1.9570800000000013 66.89332 12
      vertex -2.269440000000003 67.14628 12
    endloop
  endfacet
  facet normal -0.7771266637579329 -0.6293442209764578 0
    outer loop
      vertex -2.80668 67.74292 12
      vertex -2.553720000000002 67.43056 0
      vertex -2.553720000000002 67.43056 12
    endloop
  endfacet
  facet normal -0.5445999878077062 -0.8386959242060534 0
    outer loop
      vertex -1.9570800000000013 66.89332 0
      vertex -1.6200000000000045 66.67444 12
      vertex -1.9570800000000013 66.89332 12
    endloop
  endfacet
  facet normal -0.4538899948968766 -0.8910577268238649 0
    outer loop
      vertex -1.6200000000000045 66.67444 0
      vertex -1.2619200000000035 66.49204 12
      vertex -1.6200000000000045 66.67444 12
    endloop
  endfacet
  facet normal -0.9976751095707502 -0.0681496569543208 0
    outer loop
      vertex -0.029160000000000963 61.624 0
      vertex -0.029160000000000963 61.624 12
      vertex -0.07476000000000127 62.291560000000004 12
    endloop
  endfacet
  facet normal -0.9950531564936149 -0.0993439265989287 0
    outer loop
      vertex -0.07476000000000127 62.291560000000004 0
      vertex -0.07476000000000127 62.291560000000004 12
      vertex -0.1412399999999998 62.95744 12
    endloop
  endfacet
  facet normal -0.991462839843182 -0.13038955943668584 0
    outer loop
      vertex -0.1412399999999998 62.95744 0
      vertex -0.1412399999999998 62.95744 12
      vertex -0.22848000000000113 63.6208 12
    endloop
  endfacet
  facet normal -0.9812778805014913 -0.19259730330017827 0
    outer loop
      vertex -0.3366000000000007 64.28116 0
      vertex -0.3366000000000007 64.28116 12
      vertex -0.46547999999999945 64.93780000000001 12
    endloop
  endfacet
  facet normal -0.9747526528431977 -0.22328740621707327 0
    outer loop
      vertex -0.46547999999999945 64.93780000000001 0
      vertex -0.46547999999999945 64.93780000000001 12
      vertex -0.6148799999999994 65.59 12
    endloop
  endfacet
  facet normal -0.9868600291554819 -0.16157748251300913 0
    outer loop
      vertex -0.22848000000000113 63.6208 0
      vertex -0.22848000000000113 63.6208 12
      vertex -0.3366000000000007 64.28116 12
    endloop
  endfacet
  facet normal -0.35853893306740225 -0.9335147741063817 0
    outer loop
      vertex -1.2619200000000035 66.49204 0
      vertex -0.8866800000000019 66.34792 12
      vertex -1.2619200000000035 66.49204 12
    endloop
  endfacet
  facet normal -0.258813089188839 -0.9659274221516491 0
    outer loop
      vertex -0.8866800000000019 66.34792 0
      vertex -0.8114400000000046 66.32776000000001 12
      vertex -0.8866800000000019 66.34792 12
    endloop
  endfacet
  facet normal -0.9589391275876323 -0.28361197009553546 0
    outer loop
      vertex -0.7846800000000016 66.23728 0
      vertex -0.7846800000000016 66.23728 12
      vertex -0.8114400000000046 66.32776000000001 12
    endloop
  endfacet
  facet normal 0.8388597212245763 0.5443476537168377 0
    outer loop
      vertex -1.3887600000000013 69.025 0
      vertex -1.3887600000000013 69.025 12
      vertex -1.277639999999998 68.85376 12
    endloop
  endfacet
  facet normal 0.7767790721696288 0.6297731917438932 0
    outer loop
      vertex -1.277639999999998 68.85376 0
      vertex -1.277639999999998 68.85376 12
      vertex -1.14912 68.69524 12
    endloop
  endfacet
  facet normal 0.70710678118653 0.7071067811865649 0
    outer loop
      vertex -1.14912 68.69524 0
      vertex -1.14912 68.69524 12
      vertex -1.004760000000001 68.55088 12
    endloop
  endfacet
  facet normal 0.6297731917439162 0.7767790721696102 0
    outer loop
      vertex -0.8462400000000017 68.42236 0
      vertex -1.004760000000001 68.55088 12
      vertex -0.8462400000000017 68.42236 12
    endloop
  endfacet
  facet normal 0.5443476537168492 0.8388597212245686 0
    outer loop
      vertex -0.6750000000000007 68.31124 0
      vertex -0.8462400000000017 68.42236 12
      vertex -0.6750000000000007 68.31124 12
    endloop
  endfacet
  facet normal -0.9672716880469431 -0.2537429437498058 0
    outer loop
      vertex -0.6148799999999994 65.59 0
      vertex -0.6148799999999994 65.59 12
      vertex -0.7846800000000016 66.23728 12
    endloop
  endfacet
  facet normal 0.3587820049702636 0.9334213801437794 0
    outer loop
      vertex -0.30264000000000024 68.1454 0
      vertex -0.4930800000000026 68.21860000000001 12
      vertex -0.30264000000000024 68.1454 12
    endloop
  endfacet
  facet normal 0.4537848887993449 0.891111258315911 0
    outer loop
      vertex -0.4930800000000026 68.21860000000001 0
      vertex -0.6750000000000007 68.31124 12
      vertex -0.4930800000000026 68.21860000000001 12
    endloop
  endfacet
  facet normal 0.25868710569855113 0.965961169688154 0
    outer loop
      vertex -0.10548000000000357 68.0926 0
      vertex -0.30264000000000024 68.1454 12
      vertex -0.10548000000000357 68.0926 12
    endloop
  endfacet
  facet normal 0.965961169688141 0.2586871056985999 0
    outer loop
      vertex -1.607400000000002 69.59452 0
      vertex -1.607400000000002 69.59452 12
      vertex -1.5546000000000006 69.39736 12
    endloop
  endfacet
  facet normal 0.9986307883516289 0.05231203070235524 0
    outer loop
      vertex -1.6500000000000021 70 0
      vertex -1.6500000000000021 70 12
      vertex -1.6393200000000014 69.79612 12
    endloop
  endfacet
  facet normal 0.9876961386749973 0.15638522195687282 0
    outer loop
      vertex -1.6393200000000014 69.79612 0
      vertex -1.6393200000000014 69.79612 12
      vertex -1.607400000000002 69.59452 12
    endloop
  endfacet
  facet normal 0.933421380143807 0.3587820049701912 0
    outer loop
      vertex -1.5546000000000006 69.39736 0
      vertex -1.5546000000000006 69.39736 12
      vertex -1.4814000000000007 69.20692 12
    endloop
  endfacet
  facet normal 0.8911112583158827 0.45378488879940043 0
    outer loop
      vertex -1.4814000000000007 69.20692 0
      vertex -1.4814000000000007 69.20692 12
      vertex -1.3887600000000013 69.025 12
    endloop
  endfacet
  facet normal 0.9986307883516289 -0.05231203070235524 0
    outer loop
      vertex -1.6393200000000014 70.20388 0
      vertex -1.6393200000000014 70.20388 12
      vertex -1.6500000000000021 70 12
    endloop
  endfacet
  facet normal 0.9876961386749991 -0.15638522195686208 0
    outer loop
      vertex -1.607400000000002 70.40548000000001 0
      vertex -1.607400000000002 70.40548000000001 12
      vertex -1.6393200000000014 70.20388 12
    endloop
  endfacet
  facet normal 0.965961169688141 -0.2586871056985999 0
    outer loop
      vertex -1.5546000000000006 70.60264000000001 0
      vertex -1.5546000000000006 70.60264000000001 12
      vertex -1.607400000000002 70.40548000000001 12
    endloop
  endfacet
  facet normal 0.9334213801437982 -0.35878200497021456 0
    outer loop
      vertex -1.4814000000000007 70.79308 0
      vertex -1.4814000000000007 70.79308 12
      vertex -1.5546000000000006 70.60264000000001 12
    endloop
  endfacet
  facet normal 0.8911112583158827 -0.45378488879940043 0
    outer loop
      vertex -1.3887600000000013 70.975 0
      vertex -1.3887600000000013 70.975 12
      vertex -1.4814000000000007 70.79308 12
    endloop
  endfacet
  facet normal 0.7869506996262308 0.6170158801504108 0
    outer loop
      vertex -2.4153599999999997 75.80176 0
      vertex -2.4153599999999997 75.80176 12
      vertex -1.9443600000000032 75.20104 12
    endloop
  endfacet
  facet normal 0.8059399759164938 0.5919972594697726 0
    outer loop
      vertex -1.9443600000000032 75.20104 0
      vertex -1.9443600000000032 75.20104 12
      vertex -1.492440000000002 74.5858 12
    endloop
  endfacet
  facet normal 0.8388597212245763 -0.5443476537168377 0
    outer loop
      vertex -1.277639999999998 71.14624 0
      vertex -1.277639999999998 71.14624 12
      vertex -1.3887600000000013 70.975 12
    endloop
  endfacet
  facet normal 0.7767790721696288 -0.6297731917438932 0
    outer loop
      vertex -1.14912 71.30476 0
      vertex -1.14912 71.30476 12
      vertex -1.277639999999998 71.14624 12
    endloop
  endfacet
  facet normal 0.70710678118653 -0.7071067811865649 0
    outer loop
      vertex -1.004760000000001 71.44912 0
      vertex -1.004760000000001 71.44912 12
      vertex -1.14912 71.30476 12
    endloop
  endfacet
  facet normal 0.6297731917439162 -0.7767790721696102 0
    outer loop
      vertex -1.004760000000001 71.44912 0
      vertex -0.8462400000000017 71.57764 12
      vertex -1.004760000000001 71.44912 12
    endloop
  endfacet
  facet normal 0.5443476537168492 -0.8388597212245686 0
    outer loop
      vertex -0.8462400000000017 71.57764 0
      vertex -0.6750000000000007 71.68876 12
      vertex -0.8462400000000017 71.57764 12
    endloop
  endfacet
  facet normal 0.4537848887994001 -0.8911112583158828 0
    outer loop
      vertex -0.6750000000000007 71.68876 0
      vertex -0.4930800000000026 71.7814 12
      vertex -0.6750000000000007 71.68876 12
    endloop
  endfacet
  facet normal 0.3587820049702029 -0.9334213801438027 0
    outer loop
      vertex -0.4930800000000026 71.7814 0
      vertex -0.30264000000000024 71.8546 12
      vertex -0.4930800000000026 71.7814 12
    endloop
  endfacet
  facet normal 0.25868710569855113 -0.965961169688154 0
    outer loop
      vertex -0.30264000000000024 71.8546 0
      vertex -0.10548000000000357 71.9074 12
      vertex -0.30264000000000024 71.8546 12
    endloop
  endfacet
  facet normal 0.15638522195687016 -0.9876961386749978 0
    outer loop
      vertex -0.10548000000000357 71.9074 0
      vertex 0.0961199999999991 71.93932 12
      vertex -0.10548000000000357 71.9074 12
    endloop
  endfacet
  facet normal 0.8240831968188559 0.5664687853013747 0
    outer loop
      vertex -1.492440000000002 74.5858 0
      vertex -1.492440000000002 74.5858 12
      vertex -1.0599600000000002 73.95664 12
    endloop
  endfacet
  facet normal 0.8415726292912675 0.5401439712037731 0
    outer loop
      vertex -1.0599600000000002 73.95664 0
      vertex -1.0599600000000002 73.95664 12
      vertex -0.8677199999999985 73.65711999999999 12
    endloop
  endfacet
  facet normal -0.25889293994080415 0.9659060231972918 0
    outer loop
      vertex -0.49835999999999814 73.75612 0
      vertex -0.8677199999999985 73.65711999999999 12
      vertex -0.49835999999999814 73.75612 12
    endloop
  endfacet
  facet normal -0.15645318522489926 0.9876853754273086 0
    outer loop
      vertex -0.10139999999999816 73.819 0
      vertex -0.49835999999999814 73.75612 12
      vertex -0.10139999999999816 73.819 12
    endloop
  endfacet
  facet normal 0.15638522195687016 0.9876961386749978 0
    outer loop
      vertex 0.0961199999999991 68.06068 0
      vertex -0.10548000000000357 68.0926 12
      vertex 0.0961199999999991 68.06068 12
    endloop
  endfacet
  facet normal 0.05231203070238995 0.9986307883516271 0
    outer loop
      vertex 0.29999999999999716 68.05 0
      vertex 0.0961199999999991 68.06068 12
      vertex 0.29999999999999716 68.05 12
    endloop
  endfacet
  facet normal -0.05231203070238995 0.9986307883516271 0
    outer loop
      vertex 0.5038799999999952 68.06068 0
      vertex 0.29999999999999716 68.05 12
      vertex 0.5038799999999952 68.06068 12
    endloop
  endfacet
  facet normal -0.15638522195686747 0.9876961386749983 0
    outer loop
      vertex 0.7054800000000014 68.0926 0
      vertex 0.5038799999999952 68.06068 12
      vertex 0.7054800000000014 68.0926 12
    endloop
  endfacet
  facet normal -0.25868710569855113 0.965961169688154 0
    outer loop
      vertex 0.9026399999999981 68.1454 0
      vertex 0.7054800000000014 68.0926 12
      vertex 0.9026399999999981 68.1454 12
    endloop
  endfacet
  facet normal -0.3587820049702636 0.9334213801437794 0
    outer loop
      vertex 1.0930800000000005 68.21860000000001 0
      vertex 0.9026399999999981 68.1454 12
      vertex 1.0930800000000005 68.21860000000001 12
    endloop
  endfacet
  facet normal -0.4537848887993449 0.891111258315911 0
    outer loop
      vertex 1.2749999999999986 68.31124 0
      vertex 1.0930800000000005 68.21860000000001 12
      vertex 1.2749999999999986 68.31124 12
    endloop
  endfacet
  facet normal 0.9813172412625127 0.19239665277995782 0
    outer loop
      vertex 2.469000000000001 65.56156 0
      vertex 2.469000000000001 65.56156 12
      vertex 2.615879999999997 64.8124 12
    endloop
  endfacet
  facet normal 0.9868321899180593 0.16174742329177066 0
    outer loop
      vertex 2.615879999999997 64.8124 0
      vertex 2.615879999999997 64.8124 12
      vertex 2.7393600000000013 64.05904000000001 12
    endloop
  endfacet
  facet normal -0.5443476537168492 0.8388597212245686 0
    outer loop
      vertex 1.4462399999999995 68.42236 0
      vertex 1.2749999999999986 68.31124 12
      vertex 1.4462399999999995 68.42236 12
    endloop
  endfacet
  facet normal -0.6297731917439162 0.7767790721696102 0
    outer loop
      vertex 1.6047599999999989 68.55088 0
      vertex 1.4462399999999995 68.42236 12
      vertex 1.6047599999999989 68.55088 12
    endloop
  endfacet
  facet normal -0.70710678118653 0.7071067811865649 0
    outer loop
      vertex 1.6047599999999989 68.55088 0
      vertex 1.6047599999999989 68.55088 12
      vertex 1.7491199999999978 68.69524 12
    endloop
  endfacet
  facet normal -0.7767790721696288 0.6297731917438932 0
    outer loop
      vertex 1.7491199999999978 68.69524 0
      vertex 1.7491199999999978 68.69524 12
      vertex 1.877639999999996 68.85376 12
    endloop
  endfacet
  facet normal -0.8388597212245763 0.5443476537168377 0
    outer loop
      vertex 1.877639999999996 68.85376 0
      vertex 1.877639999999996 68.85376 12
      vertex 1.9887599999999992 69.025 12
    endloop
  endfacet
  facet normal 0.9672368915687566 0.25387555137982376 0
    outer loop
      vertex 2.20392 66.66628 0
      vertex 2.20392 66.66628 12
      vertex 2.2986000000000004 66.30556 12
    endloop
  endfacet
  facet normal 0.4525295501953396 -0.8917494077374 0
    outer loop
      vertex 2.20392 66.66628 0
      vertex 2.219999999999999 66.67444 12
      vertex 2.20392 66.66628 12
    endloop
  endfacet
  facet normal 0.5445999878077022 -0.8386959242060561 0
    outer loop
      vertex 2.219999999999999 66.67444 0
      vertex 2.557079999999999 66.89332 12
      vertex 2.219999999999999 66.67444 12
    endloop
  endfacet
  facet normal 0.9747608370028338 0.22325167557161785 0
    outer loop
      vertex 2.2986000000000004 66.30556 0
      vertex 2.2986000000000004 66.30556 12
      vertex 2.469000000000001 65.56156 12
    endloop
  endfacet
  facet normal 0.6293442209764589 -0.7771266637579322 0
    outer loop
      vertex 2.557079999999999 66.89332 0
      vertex 2.869440000000001 67.14628 12
      vertex 2.557079999999999 66.89332 12
    endloop
  endfacet
  facet normal -0.8911112583158827 0.45378488879940043 0
    outer loop
      vertex 1.9887599999999992 69.025 0
      vertex 1.9887599999999992 69.025 12
      vertex 2.0813999999999986 69.20692 12
    endloop
  endfacet
  facet normal 0.05231203070238995 -0.9986307883516271 0
    outer loop
      vertex 0.0961199999999991 71.93932 0
      vertex 0.29999999999999716 71.95 12
      vertex 0.0961199999999991 71.93932 12
    endloop
  endfacet
  facet normal -0.05231203070238995 -0.9986307883516271 0
    outer loop
      vertex 0.29999999999999716 71.95 0
      vertex 0.5038799999999952 71.93932 12
      vertex 0.29999999999999716 71.95 12
    endloop
  endfacet
  facet normal -0.15638522195686747 -0.9876961386749983 0
    outer loop
      vertex 0.5038799999999952 71.93932 0
      vertex 0.7054800000000014 71.9074 12
      vertex 0.5038799999999952 71.93932 12
    endloop
  endfacet
  facet normal -0.25868710569855113 -0.965961169688154 0
    outer loop
      vertex 0.7054800000000014 71.9074 0
      vertex 0.9026399999999981 71.8546 12
      vertex 0.7054800000000014 71.9074 12
    endloop
  endfacet
  facet normal -0.3587820049702029 -0.9334213801438027 0
    outer loop
      vertex 0.9026399999999981 71.8546 0
      vertex 1.0930800000000005 71.7814 12
      vertex 0.9026399999999981 71.8546 12
    endloop
  endfacet
  facet normal -0.4537848887994001 -0.8911112583158828 0
    outer loop
      vertex 1.0930800000000005 71.7814 0
      vertex 1.2749999999999986 71.68876 12
      vertex 1.0930800000000005 71.7814 12
    endloop
  endfacet
  facet normal -0.5443476537168492 -0.8388597212245686 0
    outer loop
      vertex 1.2749999999999986 71.68876 0
      vertex 1.4462399999999995 71.57764 12
      vertex 1.2749999999999986 71.68876 12
    endloop
  endfacet
  facet normal -0.052245440363542214 0.9986342743773716 0
    outer loop
      vertex 0.29999999999999716 73.84 0
      vertex -0.10139999999999816 73.819 12
      vertex 0.29999999999999716 73.84 12
    endloop
  endfacet
  facet normal 0.05224544036354175 0.9986342743773716 0
    outer loop
      vertex 0.701399999999996 73.819 0
      vertex 0.29999999999999716 73.84 12
      vertex 0.701399999999996 73.819 12
    endloop
  endfacet
  facet normal 0.15645318522489926 0.9876853754273086 0
    outer loop
      vertex 1.098359999999996 73.75612 0
      vertex 0.701399999999996 73.819 12
      vertex 1.098359999999996 73.75612 12
    endloop
  endfacet
  facet normal -0.6297731917439162 -0.7767790721696102 0
    outer loop
      vertex 1.4462399999999995 71.57764 0
      vertex 1.6047599999999989 71.44912 12
      vertex 1.4462399999999995 71.57764 12
    endloop
  endfacet
  facet normal -0.70710678118653 -0.7071067811865649 0
    outer loop
      vertex 1.7491199999999978 71.30476 0
      vertex 1.7491199999999978 71.30476 12
      vertex 1.6047599999999989 71.44912 12
    endloop
  endfacet
  facet normal -0.7767790721696288 -0.6297731917438932 0
    outer loop
      vertex 1.877639999999996 71.14624 0
      vertex 1.877639999999996 71.14624 12
      vertex 1.7491199999999978 71.30476 12
    endloop
  endfacet
  facet normal -0.8388597212245763 -0.5443476537168377 0
    outer loop
      vertex 1.9887599999999992 70.975 0
      vertex 1.9887599999999992 70.975 12
      vertex 1.877639999999996 71.14624 12
    endloop
  endfacet
  facet normal -0.933421380143807 0.3587820049701912 0
    outer loop
      vertex 2.0813999999999986 69.20692 0
      vertex 2.0813999999999986 69.20692 12
      vertex 2.1545999999999985 69.39736 12
    endloop
  endfacet
  facet normal -0.965961169688141 0.2586871056985999 0
    outer loop
      vertex 2.1545999999999985 69.39736 0
      vertex 2.1545999999999985 69.39736 12
      vertex 2.2074 69.59452 12
    endloop
  endfacet
  facet normal -0.9876961386749973 0.15638522195687282 0
    outer loop
      vertex 2.2074 69.59452 0
      vertex 2.2074 69.59452 12
      vertex 2.2393199999999993 69.79612 12
    endloop
  endfacet
  facet normal -0.9986307883516289 0.05231203070235524 0
    outer loop
      vertex 2.2393199999999993 69.79612 0
      vertex 2.2393199999999993 69.79612 12
      vertex 2.25 70 12
    endloop
  endfacet
  facet normal -0.8911112583158827 -0.45378488879940043 0
    outer loop
      vertex 2.0813999999999986 70.79308 0
      vertex 2.0813999999999986 70.79308 12
      vertex 1.9887599999999992 70.975 12
    endloop
  endfacet
  facet normal -0.9334213801437982 -0.35878200497021456 0
    outer loop
      vertex 2.1545999999999985 70.60264000000001 0
      vertex 2.1545999999999985 70.60264000000001 12
      vertex 2.0813999999999986 70.79308 12
    endloop
  endfacet
  facet normal -0.9986307883516289 -0.05231203070235524 0
    outer loop
      vertex 2.25 70 0
      vertex 2.25 70 12
      vertex 2.2393199999999993 70.20388 12
    endloop
  endfacet
  facet normal -0.9876961386749991 -0.15638522195686208 0
    outer loop
      vertex 2.2393199999999993 70.20388 0
      vertex 2.2393199999999993 70.20388 12
      vertex 2.2074 70.40548000000001 12
    endloop
  endfacet
  facet normal -0.965961169688141 -0.2586871056985999 0
    outer loop
      vertex 2.2074 70.40548000000001 0
      vertex 2.2074 70.40548000000001 12
      vertex 2.1545999999999985 70.60264000000001 12
    endloop
  endfacet
  facet normal 0.2587957661065726 0.965932063576581 0
    outer loop
      vertex 1.4866799999999998 73.65208 0
      vertex 1.098359999999996 73.75612 12
      vertex 1.4866799999999998 73.65208 12
    endloop
  endfacet
  facet normal 0.3585389330674052 0.9335147741063805 0
    outer loop
      vertex 1.8619199999999978 73.50796 0
      vertex 1.4866799999999998 73.65208 12
      vertex 1.8619199999999978 73.50796 12
    endloop
  endfacet
  facet normal 0.4538899948968766 0.8910577268238649 0
    outer loop
      vertex 2.219999999999999 73.32556 0
      vertex 1.8619199999999978 73.50796 12
      vertex 2.219999999999999 73.32556 12
    endloop
  endfacet
  facet normal 0.5445999878077022 0.8386959242060561 0
    outer loop
      vertex 2.557079999999999 73.10668 0
      vertex 2.219999999999999 73.32556 12
      vertex 2.557079999999999 73.10668 12
    endloop
  endfacet
  facet normal 0.9999865454227633 0.0051873859937174235 0
    outer loop
      vertex 2.9948139966988894 61 0
      vertex 2.9947199999999974 61.018119999999996 12
      vertex 2.9948139966988894 61 12
    endloop
  endfacet
  facet normal 0.9993232064196902 0.03678490330379105 0
    outer loop
      vertex 2.966639999999998 61.78096 0
      vertex 2.966639999999998 61.78096 12
      vertex 2.9947199999999974 61.018119999999996 12
    endloop
  endfacet
  facet normal 0.9976916867650812 0.06790653989011071 0
    outer loop
      vertex 2.914799999999996 62.5426 0
      vertex 2.914799999999996 62.5426 12
      vertex 2.966639999999998 61.78096 12
    endloop
  endfacet
  facet normal 0.9950527420303366 0.09934807787727232 0
    outer loop
      vertex 2.83896 63.302200000000006 0
      vertex 2.83896 63.302200000000006 12
      vertex 2.914799999999996 62.5426 12
    endloop
  endfacet
  facet normal 0.9914516200684456 0.1304748445626757 0
    outer loop
      vertex 2.7393600000000013 64.05904000000001 0
      vertex 2.7393600000000013 64.05904000000001 12
      vertex 2.83896 63.302200000000006 12
    endloop
  endfacet
  facet normal 0.7071067811865431 -0.707106781186552 0
    outer loop
      vertex 3.15372 67.43056 0
      vertex 3.15372 67.43056 12
      vertex 2.869440000000001 67.14628 12
    endloop
  endfacet
  facet normal 0.7771266637579329 -0.6293442209764578 0
    outer loop
      vertex 3.406679999999998 67.74292 0
      vertex 3.406679999999998 67.74292 12
      vertex 3.15372 67.43056 12
    endloop
  endfacet
  facet normal 0.8386959242060521 -0.5445999878077085 0
    outer loop
      vertex 3.62556 68.08 0
      vertex 3.62556 68.08 12
      vertex 3.406679999999998 67.74292 12
    endloop
  endfacet
  facet normal 0.8910577268238649 -0.4538899948968766 0
    outer loop
      vertex 3.8079600000000013 68.43808 0
      vertex 3.8079600000000013 68.43808 12
      vertex 3.62556 68.08 12
    endloop
  endfacet
  facet normal 0.9335147741063887 -0.3585389330673839 0
    outer loop
      vertex 3.952079999999995 68.81332 0
      vertex 3.952079999999995 68.81332 12
      vertex 3.8079600000000013 68.43808 12
    endloop
  endfacet
  facet normal 0.9659320635765771 -0.2587957661065875 0
    outer loop
      vertex 4.056119999999996 69.20164 0
      vertex 4.056119999999996 69.20164 12
      vertex 3.952079999999995 68.81332 12
    endloop
  endfacet
  facet normal 0.7071067811865431 0.707106781186552 0
    outer loop
      vertex 3.15372 72.56944 0
      vertex 2.869440000000001 72.85372 12
      vertex 3.15372 72.56944 12
    endloop
  endfacet
  facet normal 0.7771266637579329 0.6293442209764578 0
    outer loop
      vertex 3.15372 72.56944 0
      vertex 3.15372 72.56944 12
      vertex 3.406679999999998 72.25708 12
    endloop
  endfacet
  facet normal 0.8910577268238649 0.4538899948968766 0
    outer loop
      vertex 3.62556 71.92 0
      vertex 3.62556 71.92 12
      vertex 3.8079600000000013 71.56192 12
    endloop
  endfacet
  facet normal 0.8386959242060521 0.5445999878077085 0
    outer loop
      vertex 3.406679999999998 72.25708 0
      vertex 3.406679999999998 72.25708 12
      vertex 3.62556 71.92 12
    endloop
  endfacet
  facet normal 0.9335147741063887 0.3585389330673839 0
    outer loop
      vertex 3.8079600000000013 71.56192 0
      vertex 3.8079600000000013 71.56192 12
      vertex 3.952079999999995 71.18668 12
    endloop
  endfacet
  facet normal 0.9659320635765771 0.2587957661065875 0
    outer loop
      vertex 3.952079999999995 71.18668 0
      vertex 3.952079999999995 71.18668 12
      vertex 4.056119999999996 70.79836 12
    endloop
  endfacet
  facet normal 0.6293442209764589 0.7771266637579322 0
    outer loop
      vertex 2.869440000000001 72.85372 0
      vertex 2.557079999999999 73.10668 12
      vertex 2.869440000000001 72.85372 12
    endloop
  endfacet
  facet normal 0.9876853754273103 -0.15645318522488788 0
    outer loop
      vertex 4.119 69.5986 0
      vertex 4.119 69.5986 12
      vertex 4.056119999999996 69.20164 12
    endloop
  endfacet
  facet normal 0.9986342743773721 -0.052245440363533395 0
    outer loop
      vertex 4.139999999999997 70 0
      vertex 4.139999999999997 70 12
      vertex 4.119 69.5986 12
    endloop
  endfacet
  facet normal 0.9986342743773721 0.052245440363533395 0
    outer loop
      vertex 4.119 70.4014 0
      vertex 4.119 70.4014 12
      vertex 4.139999999999997 70 12
    endloop
  endfacet
  facet normal 0.9876853754273103 0.15645318522488788 0
    outer loop
      vertex 4.056119999999996 70.79836 0
      vertex 4.056119999999996 70.79836 12
      vertex 4.119 70.4014 12
    endloop
  endfacet
  facet normal 0 0 1
    outer loop
      vertex -0.002400000000001512 60.5092 12
      vertex 0 60.5092 12
      vertex -0.004680000000004014 60.955360000000006 12
    endloop
  endfacet
  facet normal 0 0 1
    outer loop
      vertex 0 60.5092 12
      vertex 1.1687409160305369 60.707814770992364 12
      vertex -0.004680000000004014 60.955360000000006 12
    endloop
  endfacet
  facet normal 0 0 1
    outer loop
      vertex -0.029160000000000963 61.624 12
      vertex -0.004680000000004014 60.955360000000006 12
      vertex 2.966639999999998 61.78096 12
    endloop
  endfacet
  facet normal 0 0 1
    outer loop
      vertex -0.004680000000004014 60.955360000000006 12
      vertex 1.1687409160305369 60.707814770992364 12
      vertex 2.9947199999999974 61.018119999999996 12
    endloop
  endfacet
  facet normal 0 0 1
    outer loop
      vertex -0.004680000000004014 60.955360000000006 12
      vertex 2.9947199999999974 61.018119999999996 12
      vertex 2.966639999999998 61.78096 12
    endloop
  endfacet
  facet normal 0 0 1
    outer loop
      vertex 1.1687409160305369 60.707814770992364 12
      vertex 2.9987021669878478 60.25032445825303 12
      vertex 2.3312999999999966 60.5092 12
    endloop
  endfacet
  facet normal 0 0 1
    outer loop
      vertex 1.1687409160305369 60.707814770992364 12
      vertex 2.3312999999999966 60.5092 12
      vertex 2.9947199999999974 61.018119999999996 12
    endloop
  endfacet
  facet normal 0 0 1
    outer loop
      vertex -3.2079600000000035 68.43808 12
      vertex -3.0255600000000022 68.08 12
      vertex -1.4814000000000007 69.20692 12
    endloop
  endfacet
  facet normal 0 0 1
    outer loop
      vertex -3.352080000000001 68.81332 12
      vertex -3.2079600000000035 68.43808 12
      vertex -1.5546000000000006 69.39736 12
    endloop
  endfacet
  facet normal 0 0 1
    outer loop
      vertex -3.0255600000000022 68.08 12
      vertex -2.80668 67.74292 12
      vertex -1.3887600000000013 69.025 12
    endloop
  endfacet
  facet normal 0 0 1
    outer loop
      vertex -2.80668 67.74292 12
      vertex -2.553720000000002 67.43056 12
      vertex -1.277639999999998 68.85376 12
    endloop
  endfacet
  facet normal 0 0 1
    outer loop
      vertex -3.2079600000000035 68.43808 12
      vertex -1.4814000000000007 69.20692 12
      vertex -1.5546000000000006 69.39736 12
    endloop
  endfacet
  facet normal 0 0 1
    outer loop
      vertex -2.269440000000003 67.14628 12
      vertex -1.14912 68.69524 12
      vertex -2.553720000000002 67.43056 12
    endloop
  endfacet
  facet normal 0 0 1
    outer loop
      vertex -2.269440000000003 67.14628 12
      vertex -1.9570800000000013 66.89332 12
      vertex -1.004760000000001 68.55088 12
    endloop
  endfacet
  facet normal 0 0 1
    outer loop
      vertex -3.0255600000000022 68.08 12
      vertex -1.3887600000000013 69.025 12
      vertex -1.4814000000000007 69.20692 12
    endloop
  endfacet
  facet normal 0 0 1
    outer loop
      vertex -2.80668 67.74292 12
      vertex -1.277639999999998 68.85376 12
      vertex -1.3887600000000013 69.025 12
    endloop
  endfacet
  facet normal 0 0 1
    outer loop
      vertex -1.9570800000000013 66.89332 12
      vertex -1.6200000000000045 66.67444 12
      vertex -0.8462400000000017 68.42236 12
    endloop
  endfacet
  facet normal 0 0 1
    outer loop
      vertex -2.269440000000003 67.14628 12
      vertex -1.004760000000001 68.55088 12
      vertex -1.14912 68.69524 12
    endloop
  endfacet
  facet normal 0 0 1
    outer loop
      vertex -2.553720000000002 67.43056 12
      vertex -1.14912 68.69524 12
      vertex -1.277639999999998 68.85376 12
    endloop
  endfacet
  facet normal 0 0 1
    outer loop
      vertex -1.6200000000000045 66.67444 12
      vertex -1.2619200000000035 66.49204 12
      vertex -0.6750000000000007 68.31124 12
    endloop
  endfacet
  facet normal 0 0 1
    outer loop
      vertex -1.2619200000000035 66.49204 12
      vertex -0.8866800000000019 66.34792 12
      vertex -0.4930800000000026 68.21860000000001 12
    endloop
  endfacet
  facet normal 0 0 1
    outer loop
      vertex -1.9570800000000013 66.89332 12
      vertex -0.8462400000000017 68.42236 12
      vertex -1.004760000000001 68.55088 12
    endloop
  endfacet
  facet normal 0 0 1
    outer loop
      vertex -1.6200000000000045 66.67444 12
      vertex -0.6750000000000007 68.31124 12
      vertex -0.8462400000000017 68.42236 12
    endloop
  endfacet
  facet normal 0 0 1
    outer loop
      vertex -1.2619200000000035 66.49204 12
      vertex -0.4930800000000026 68.21860000000001 12
      vertex -0.6750000000000007 68.31124 12
    endloop
  endfacet
  facet normal 0 0 1
    outer loop
      vertex -0.8866800000000019 66.34792 12
      vertex -0.8114400000000046 66.32776000000001 12
      vertex -0.30264000000000024 68.1454 12
    endloop
  endfacet
  facet normal 0 0 1
    outer loop
      vertex -0.8114400000000046 66.32776000000001 12
      vertex -0.7846800000000016 66.23728 12
      vertex 0.5038799999999952 68.06068 12
    endloop
  endfacet
  facet normal 0 0 1
    outer loop
      vertex -0.8866800000000019 66.34792 12
      vertex -0.30264000000000024 68.1454 12
      vertex -0.4930800000000026 68.21860000000001 12
    endloop
  endfacet
  facet normal 0 0 1
    outer loop
      vertex -0.8114400000000046 66.32776000000001 12
      vertex -0.10548000000000357 68.0926 12
      vertex -0.30264000000000024 68.1454 12
    endloop
  endfacet
  facet normal 0 0 1
    outer loop
      vertex -0.8114400000000046 66.32776000000001 12
      vertex 0.0961199999999991 68.06068 12
      vertex -0.10548000000000357 68.0926 12
    endloop
  endfacet
  facet normal 0 0 1
    outer loop
      vertex -0.8114400000000046 66.32776000000001 12
      vertex 0.29999999999999716 68.05 12
      vertex 0.0961199999999991 68.06068 12
    endloop
  endfacet
  facet normal 0 0 1
    outer loop
      vertex -3.4561199999999985 69.20164 12
      vertex -1.607400000000002 69.59452 12
      vertex -1.6393200000000014 69.79612 12
    endloop
  endfacet
  facet normal 0 0 1
    outer loop
      vertex -3.519000000000002 69.5986 12
      vertex -1.6393200000000014 69.79612 12
      vertex -1.6500000000000021 70 12
    endloop
  endfacet
  facet normal 0 0 1
    outer loop
      vertex -3.352080000000001 68.81332 12
      vertex -1.5546000000000006 69.39736 12
      vertex -1.607400000000002 69.59452 12
    endloop
  endfacet
  facet normal 0 0 1
    outer loop
      vertex -3.519000000000002 70.4014 12
      vertex -1.6500000000000021 70 12
      vertex -1.6393200000000014 70.20388 12
    endloop
  endfacet
  facet normal 0 0 1
    outer loop
      vertex -3.4561199999999985 70.79836 12
      vertex -1.6393200000000014 70.20388 12
      vertex -1.607400000000002 70.40548000000001 12
    endloop
  endfacet
  facet normal 0 0 1
    outer loop
      vertex -3.352080000000001 71.18668 12
      vertex -1.607400000000002 70.40548000000001 12
      vertex -1.5546000000000006 70.60264000000001 12
    endloop
  endfacet
  facet normal 0 0 1
    outer loop
      vertex -3.352080000000001 71.18668 12
      vertex -1.5546000000000006 70.60264000000001 12
      vertex -3.2079600000000035 71.56192 12
    endloop
  endfacet
  facet normal 0 0 1
    outer loop
      vertex -3.2079600000000035 71.56192 12
      vertex -1.4814000000000007 70.79308 12
      vertex -3.15588 71.66416000000001 12
    endloop
  endfacet
  facet normal 0 0 1
    outer loop
      vertex -3.197280000000003 71.7334 12
      vertex -3.15588 71.66416000000001 12
      vertex -1.004760000000001 71.44912 12
    endloop
  endfacet
  facet normal 0 0 1
    outer loop
      vertex -3.558720000000001 72.29644 12
      vertex -3.197280000000003 71.7334 12
      vertex -0.8677199999999985 73.65711999999999 12
    endloop
  endfacet
  facet normal 0 0 1
    outer loop
      vertex -3.2079600000000035 71.56192 12
      vertex -1.5546000000000006 70.60264000000001 12
      vertex -1.4814000000000007 70.79308 12
    endloop
  endfacet
  facet normal 0 0 1
    outer loop
      vertex -3.15588 71.66416000000001 12
      vertex -1.4814000000000007 70.79308 12
      vertex -1.3887600000000013 70.975 12
    endloop
  endfacet
  facet normal 0 0 1
    outer loop
      vertex -3.15588 71.66416000000001 12
      vertex -1.3887600000000013 70.975 12
      vertex -1.277639999999998 71.14624 12
    endloop
  endfacet
  facet normal 0 0 1
    outer loop
      vertex -3.15588 71.66416000000001 12
      vertex -1.277639999999998 71.14624 12
      vertex -1.14912 71.30476 12
    endloop
  endfacet
  facet normal 0 0 1
    outer loop
      vertex -3.15588 71.66416000000001 12
      vertex -1.14912 71.30476 12
      vertex -1.004760000000001 71.44912 12
    endloop
  endfacet
  facet normal 0 0 1
    outer loop
      vertex -3.197280000000003 71.7334 12
      vertex -1.004760000000001 71.44912 12
      vertex -0.8677199999999985 73.65711999999999 12
    endloop
  endfacet
  facet normal 0 0 1
    outer loop
      vertex -3.9377999999999993 72.84796 12
      vertex -1.492440000000002 74.5858 12
      vertex -1.9443600000000032 75.20104 12
    endloop
  endfacet
  facet normal 0 0 1
    outer loop
      vertex -3.558720000000001 72.29644 12
      vertex -1.0599600000000002 73.95664 12
      vertex -1.492440000000002 74.5858 12
    endloop
  endfacet
  facet normal 0 0 1
    outer loop
      vertex -3.558720000000001 72.29644 12
      vertex -0.8677199999999985 73.65711999999999 12
      vertex -1.0599600000000002 73.95664 12
    endloop
  endfacet
  facet normal 0 0 1
    outer loop
      vertex -1.004760000000001 71.44912 12
      vertex -0.8462400000000017 71.57764 12
      vertex -0.8677199999999985 73.65711999999999 12
    endloop
  endfacet
  facet normal 0 0 1
    outer loop
      vertex -0.8462400000000017 71.57764 12
      vertex -0.6750000000000007 71.68876 12
      vertex -0.8677199999999985 73.65711999999999 12
    endloop
  endfacet
  facet normal 0 0 1
    outer loop
      vertex -0.6750000000000007 71.68876 12
      vertex -0.4930800000000026 71.7814 12
      vertex -0.8677199999999985 73.65711999999999 12
    endloop
  endfacet
  facet normal 0 0 1
    outer loop
      vertex -0.4930800000000026 71.7814 12
      vertex -0.30264000000000024 71.8546 12
      vertex -0.8677199999999985 73.65711999999999 12
    endloop
  endfacet
  facet normal 0 0 1
    outer loop
      vertex -0.30264000000000024 71.8546 12
      vertex -0.10548000000000357 71.9074 12
      vertex -0.8677199999999985 73.65711999999999 12
    endloop
  endfacet
  facet normal 0 0 1
    outer loop
      vertex -0.10548000000000357 71.9074 12
      vertex 0.0961199999999991 71.93932 12
      vertex -0.10139999999999816 73.819 12
    endloop
  endfacet
  facet normal 0 0 1
    outer loop
      vertex -0.10548000000000357 71.9074 12
      vertex -0.49835999999999814 73.75612 12
      vertex -0.8677199999999985 73.65711999999999 12
    endloop
  endfacet
  facet normal 0 0 1
    outer loop
      vertex -0.10548000000000357 71.9074 12
      vertex -0.10139999999999816 73.819 12
      vertex -0.49835999999999814 73.75612 12
    endloop
  endfacet
  facet normal 0 0 1
    outer loop
      vertex -0.46547999999999945 64.93780000000001 12
      vertex -0.3366000000000007 64.28116 12
      vertex 2.469000000000001 65.56156 12
    endloop
  endfacet
  facet normal 0 0 1
    outer loop
      vertex -0.029160000000000963 61.624 12
      vertex 2.914799999999996 62.5426 12
      vertex -0.07476000000000127 62.291560000000004 12
    endloop
  endfacet
  facet normal 0 0 1
    outer loop
      vertex -0.1412399999999998 62.95744 12
      vertex 2.7393600000000013 64.05904000000001 12
      vertex -0.22848000000000113 63.6208 12
    endloop
  endfacet
  facet normal 0 0 1
    outer loop
      vertex -0.07476000000000127 62.291560000000004 12
      vertex 2.83896 63.302200000000006 12
      vertex -0.1412399999999998 62.95744 12
    endloop
  endfacet
  facet normal 0 0 1
    outer loop
      vertex -0.22848000000000113 63.6208 12
      vertex 2.615879999999997 64.8124 12
      vertex -0.3366000000000007 64.28116 12
    endloop
  endfacet
  facet normal 0 0 1
    outer loop
      vertex -0.7846800000000016 66.23728 12
      vertex -0.6148799999999994 65.59 12
      vertex 2.20392 66.66628 12
    endloop
  endfacet
  facet normal 0 0 1
    outer loop
      vertex -0.46547999999999945 64.93780000000001 12
      vertex 2.2986000000000004 66.30556 12
      vertex -0.6148799999999994 65.59 12
    endloop
  endfacet
  facet normal 0 0 1
    outer loop
      vertex -0.7846800000000016 66.23728 12
      vertex 2.20392 66.66628 12
      vertex 0.5038799999999952 68.06068 12
    endloop
  endfacet
  facet normal 0 0 1
    outer loop
      vertex -0.8114400000000046 66.32776000000001 12
      vertex 0.5038799999999952 68.06068 12
      vertex 0.29999999999999716 68.05 12
    endloop
  endfacet
  facet normal 0 0 1
    outer loop
      vertex -0.6148799999999994 65.59 12
      vertex 2.2986000000000004 66.30556 12
      vertex 2.20392 66.66628 12
    endloop
  endfacet
  facet normal 0 0 1
    outer loop
      vertex 0.5038799999999952 68.06068 12
      vertex 2.20392 66.66628 12
      vertex 0.7054800000000014 68.0926 12
    endloop
  endfacet
  facet normal 0 0 1
    outer loop
      vertex 0.7054800000000014 68.0926 12
      vertex 2.20392 66.66628 12
      vertex 0.9026399999999981 68.1454 12
    endloop
  endfacet
  facet normal 0 0 1
    outer loop
      vertex -0.029160000000000963 61.624 12
      vertex 2.966639999999998 61.78096 12
      vertex 2.914799999999996 62.5426 12
    endloop
  endfacet
  facet normal 0 0 1
    outer loop
      vertex -0.1412399999999998 62.95744 12
      vertex 2.83896 63.302200000000006 12
      vertex 2.7393600000000013 64.05904000000001 12
    endloop
  endfacet
  facet normal 0 0 1
    outer loop
      vertex -0.07476000000000127 62.291560000000004 12
      vertex 2.914799999999996 62.5426 12
      vertex 2.83896 63.302200000000006 12
    endloop
  endfacet
  facet normal 0 0 1
    outer loop
      vertex -0.3366000000000007 64.28116 12
      vertex 2.615879999999997 64.8124 12
      vertex 2.469000000000001 65.56156 12
    endloop
  endfacet
  facet normal 0 0 1
    outer loop
      vertex -0.22848000000000113 63.6208 12
      vertex 2.7393600000000013 64.05904000000001 12
      vertex 2.615879999999997 64.8124 12
    endloop
  endfacet
  facet normal 0 0 1
    outer loop
      vertex -0.46547999999999945 64.93780000000001 12
      vertex 2.469000000000001 65.56156 12
      vertex 2.2986000000000004 66.30556 12
    endloop
  endfacet
  facet normal 0 0 1
    outer loop
      vertex 1.2749999999999986 68.31124 12
      vertex 2.20392 66.66628 12
      vertex 2.219999999999999 66.67444 12
    endloop
  endfacet
  facet normal 0 0 1
    outer loop
      vertex 0.9026399999999981 68.1454 12
      vertex 2.20392 66.66628 12
      vertex 1.0930800000000005 68.21860000000001 12
    endloop
  endfacet
  facet normal 0 0 1
    outer loop
      vertex 1.0930800000000005 68.21860000000001 12
      vertex 2.20392 66.66628 12
      vertex 1.2749999999999986 68.31124 12
    endloop
  endfacet
  facet normal 0 0 1
    outer loop
      vertex 1.2749999999999986 68.31124 12
      vertex 2.219999999999999 66.67444 12
      vertex 1.4462399999999995 68.42236 12
    endloop
  endfacet
  facet normal 0 0 1
    outer loop
      vertex 1.4462399999999995 68.42236 12
      vertex 2.557079999999999 66.89332 12
      vertex 1.6047599999999989 68.55088 12
    endloop
  endfacet
  facet normal 0 0 1
    outer loop
      vertex 1.4462399999999995 68.42236 12
      vertex 2.219999999999999 66.67444 12
      vertex 2.557079999999999 66.89332 12
    endloop
  endfacet
  facet normal 0 0 1
    outer loop
      vertex 1.6047599999999989 68.55088 12
      vertex 2.869440000000001 67.14628 12
      vertex 1.7491199999999978 68.69524 12
    endloop
  endfacet
  facet normal 0 0 1
    outer loop
      vertex 1.6047599999999989 68.55088 12
      vertex 2.557079999999999 66.89332 12
      vertex 2.869440000000001 67.14628 12
    endloop
  endfacet
  facet normal 0 0 1
    outer loop
      vertex 1.7491199999999978 68.69524 12
      vertex 3.15372 67.43056 12
      vertex 1.877639999999996 68.85376 12
    endloop
  endfacet
  facet normal 0 0 1
    outer loop
      vertex 1.7491199999999978 68.69524 12
      vertex 2.869440000000001 67.14628 12
      vertex 3.15372 67.43056 12
    endloop
  endfacet
  facet normal 0 0 1
    outer loop
      vertex 1.877639999999996 68.85376 12
      vertex 3.406679999999998 67.74292 12
      vertex 1.9887599999999992 69.025 12
    endloop
  endfacet
  facet normal 0 0 1
    outer loop
      vertex 1.9887599999999992 69.025 12
      vertex 3.62556 68.08 12
      vertex 2.0813999999999986 69.20692 12
    endloop
  endfacet
  facet normal 0 0 1
    outer loop
      vertex 2.0813999999999986 69.20692 12
      vertex 3.8079600000000013 68.43808 12
      vertex 2.1545999999999985 69.39736 12
    endloop
  endfacet
  facet normal 0 0 1
    outer loop
      vertex 0.0961199999999991 71.93932 12
      vertex 0.29999999999999716 71.95 12
      vertex 0.29999999999999716 73.84 12
    endloop
  endfacet
  facet normal 0 0 1
    outer loop
      vertex 0.29999999999999716 71.95 12
      vertex 0.5038799999999952 71.93932 12
      vertex 0.29999999999999716 73.84 12
    endloop
  endfacet
  facet normal 0 0 1
    outer loop
      vertex 0.5038799999999952 71.93932 12
      vertex 0.7054800000000014 71.9074 12
      vertex 0.701399999999996 73.819 12
    endloop
  endfacet
  facet normal 0 0 1
    outer loop
      vertex 0.9026399999999981 71.8546 12
      vertex 1.098359999999996 73.75612 12
      vertex 0.7054800000000014 71.9074 12
    endloop
  endfacet
  facet normal 0 0 1
    outer loop
      vertex 0.9026399999999981 71.8546 12
      vertex 1.0930800000000005 71.7814 12
      vertex 1.4866799999999998 73.65208 12
    endloop
  endfacet
  facet normal 0 0 1
    outer loop
      vertex -0.10139999999999816 73.819 12
      vertex 0.0961199999999991 71.93932 12
      vertex 0.29999999999999716 73.84 12
    endloop
  endfacet
  facet normal 0 0 1
    outer loop
      vertex 0.5038799999999952 71.93932 12
      vertex 0.701399999999996 73.819 12
      vertex 0.29999999999999716 73.84 12
    endloop
  endfacet
  facet normal 0 0 1
    outer loop
      vertex 0.7054800000000014 71.9074 12
      vertex 1.098359999999996 73.75612 12
      vertex 0.701399999999996 73.819 12
    endloop
  endfacet
  facet normal 0 0 1
    outer loop
      vertex 0.9026399999999981 71.8546 12
      vertex 1.4866799999999998 73.65208 12
      vertex 1.098359999999996 73.75612 12
    endloop
  endfacet
  facet normal 0 0 1
    outer loop
      vertex 1.0930800000000005 71.7814 12
      vertex 1.2749999999999986 71.68876 12
      vertex 1.8619199999999978 73.50796 12
    endloop
  endfacet
  facet normal 0 0 1
    outer loop
      vertex 1.2749999999999986 71.68876 12
      vertex 1.4462399999999995 71.57764 12
      vertex 2.219999999999999 73.32556 12
    endloop
  endfacet
  facet normal 0 0 1
    outer loop
      vertex 1.4462399999999995 71.57764 12
      vertex 1.6047599999999989 71.44912 12
      vertex 2.557079999999999 73.10668 12
    endloop
  endfacet
  facet normal 0 0 1
    outer loop
      vertex 1.6047599999999989 71.44912 12
      vertex 1.7491199999999978 71.30476 12
      vertex 2.869440000000001 72.85372 12
    endloop
  endfacet
  facet normal 0 0 1
    outer loop
      vertex 1.7491199999999978 71.30476 12
      vertex 1.877639999999996 71.14624 12
      vertex 3.15372 72.56944 12
    endloop
  endfacet
  facet normal 0 0 1
    outer loop
      vertex 1.4462399999999995 71.57764 12
      vertex 2.557079999999999 73.10668 12
      vertex 2.219999999999999 73.32556 12
    endloop
  endfacet
  facet normal 0 0 1
    outer loop
      vertex 1.6047599999999989 71.44912 12
      vertex 2.869440000000001 72.85372 12
      vertex 2.557079999999999 73.10668 12
    endloop
  endfacet
  facet normal 0 0 1
    outer loop
      vertex 1.877639999999996 71.14624 12
      vertex 1.9887599999999992 70.975 12
      vertex 3.406679999999998 72.25708 12
    endloop
  endfacet
  facet normal 0 0 1
    outer loop
      vertex 1.9887599999999992 70.975 12
      vertex 2.0813999999999986 70.79308 12
      vertex 3.62556 71.92 12
    endloop
  endfacet
  facet normal 0 0 1
    outer loop
      vertex 2.0813999999999986 70.79308 12
      vertex 2.1545999999999985 70.60264000000001 12
      vertex 3.8079600000000013 71.56192 12
    endloop
  endfacet
  facet normal 0 0 1
    outer loop
      vertex 1.7491199999999978 71.30476 12
      vertex 3.15372 72.56944 12
      vertex 2.869440000000001 72.85372 12
    endloop
  endfacet
  facet normal 0 0 1
    outer loop
      vertex 1.0930800000000005 71.7814 12
      vertex 1.8619199999999978 73.50796 12
      vertex 1.4866799999999998 73.65208 12
    endloop
  endfacet
  facet normal 0 0 1
    outer loop
      vertex 1.2749999999999986 71.68876 12
      vertex 2.219999999999999 73.32556 12
      vertex 1.8619199999999978 73.50796 12
    endloop
  endfacet
  facet normal 0 0 1
    outer loop
      vertex 2.3312999999999966 60.5092 12
      vertex 2.9987021669878478 60.25032445825303 12
      vertex 2.9980877958328853 60.36882362192992 12
    endloop
  endfacet
  facet normal 0 0 1
    outer loop
      vertex 2.3312999999999966 60.5092 12
      vertex 2.9948139966988894 61 12
      vertex 2.9947199999999974 61.018119999999996 12
    endloop
  endfacet
  facet normal 0 0 1
    outer loop
      vertex 1.877639999999996 68.85376 12
      vertex 3.15372 67.43056 12
      vertex 3.406679999999998 67.74292 12
    endloop
  endfacet
  facet normal 0 0 1
    outer loop
      vertex 1.9887599999999992 69.025 12
      vertex 3.406679999999998 67.74292 12
      vertex 3.62556 68.08 12
    endloop
  endfacet
  facet normal 0 0 1
    outer loop
      vertex 2.0813999999999986 69.20692 12
      vertex 3.62556 68.08 12
      vertex 3.8079600000000013 68.43808 12
    endloop
  endfacet
  facet normal 0 0 1
    outer loop
      vertex 2.1545999999999985 69.39736 12
      vertex 3.8079600000000013 68.43808 12
      vertex 3.952079999999995 68.81332 12
    endloop
  endfacet
  facet normal 0 0 1
    outer loop
      vertex 2.1545999999999985 69.39736 12
      vertex 3.952079999999995 68.81332 12
      vertex 2.2074 69.59452 12
    endloop
  endfacet
  facet normal 0 0 1
    outer loop
      vertex 2.2074 69.59452 12
      vertex 4.056119999999996 69.20164 12
      vertex 2.2393199999999993 69.79612 12
    endloop
  endfacet
  facet normal 0 0 1
    outer loop
      vertex 2.2393199999999993 69.79612 12
      vertex 4.119 69.5986 12
      vertex 2.25 70 12
    endloop
  endfacet
  facet normal 0 0 1
    outer loop
      vertex 2.2393199999999993 70.20388 12
      vertex 4.056119999999996 70.79836 12
      vertex 2.2074 70.40548000000001 12
    endloop
  endfacet
  facet normal 0 0 1
    outer loop
      vertex 2.1545999999999985 70.60264000000001 12
      vertex 2.2074 70.40548000000001 12
      vertex 3.952079999999995 71.18668 12
    endloop
  endfacet
  facet normal 0 0 1
    outer loop
      vertex 2.25 70 12
      vertex 4.119 70.4014 12
      vertex 2.2393199999999993 70.20388 12
    endloop
  endfacet
  facet normal 0 0 1
    outer loop
      vertex 1.9887599999999992 70.975 12
      vertex 3.62556 71.92 12
      vertex 3.406679999999998 72.25708 12
    endloop
  endfacet
  facet normal 0 0 1
    outer loop
      vertex 1.877639999999996 71.14624 12
      vertex 3.406679999999998 72.25708 12
      vertex 3.15372 72.56944 12
    endloop
  endfacet
  facet normal 0 0 1
    outer loop
      vertex 2.0813999999999986 70.79308 12
      vertex 3.8079600000000013 71.56192 12
      vertex 3.62556 71.92 12
    endloop
  endfacet
  facet normal 0 0 1
    outer loop
      vertex 2.1545999999999985 70.60264000000001 12
      vertex 3.952079999999995 71.18668 12
      vertex 3.8079600000000013 71.56192 12
    endloop
  endfacet
  facet normal 0 0 1
    outer loop
      vertex 2.2074 69.59452 12
      vertex 3.952079999999995 68.81332 12
      vertex 4.056119999999996 69.20164 12
    endloop
  endfacet
  facet normal 0 0 1
    outer loop
      vertex 2.2393199999999993 69.79612 12
      vertex 4.056119999999996 69.20164 12
      vertex 4.119 69.5986 12
    endloop
  endfacet
  facet normal 0 0 1
    outer loop
      vertex 2.25 70 12
      vertex 4.119 69.5986 12
      vertex 4.139999999999997 70 12
    endloop
  endfacet
  facet normal 0 0 1
    outer loop
      vertex 2.25 70 12
      vertex 4.139999999999997 70 12
      vertex 4.119 70.4014 12
    endloop
  endfacet
  facet normal 0 0 1
    outer loop
      vertex 2.2393199999999993 70.20388 12
      vertex 4.119 70.4014 12
      vertex 4.056119999999996 70.79836 12
    endloop
  endfacet
  facet normal 0 0 1
    outer loop
      vertex 2.2074 70.40548000000001 12
      vertex 4.056119999999996 70.79836 12
      vertex 3.952079999999995 71.18668 12
    endloop
  endfacet
  facet normal 0 0 -1
    outer loop
      vertex 10.112097462829334 -11.439512685853325 0
      vertex 10 -8.784356242317822 0
      vertex 10.386367165253494 -10.068164173732528 0
    endloop
  endfacet
  facet normal 0 0 -1
    outer loop
      vertex 13 -10.65415567213115 0
      vertex 13 -10.017966038073904 0
      vertex 13.290640000000003 -10.47596 0
    endloop
  endfacet
  facet normal 0 0 -1
    outer loop
      vertex 13.290640000000003 -10.47596 0
      vertex 13 -10.017966038073904 0
      vertex 13 -6.9304784 0
    endloop
  endfacet
  facet normal 0 0 -1
    outer loop
      vertex 13.290640000000003 -10.47596 0
      vertex 13 -6.9304784 0
      vertex 13.613679999999999 -10.26379999999999 0
    endloop
  endfacet
  facet normal 0 0 -1
    outer loop
      vertex 13 -6.9304784 0
      vertex 13.929760000000002 -10.04168 0
      vertex 13.613679999999999 -10.26379999999999 0
    endloop
  endfacet
  facet normal -0.6959342003775283 0.7181055554338026 0
    outer loop
      vertex 13.06624 -6.870199999999997 0
      vertex 13.276120000000002 -6.666799999999995 3.928858724677058
      vertex 13.276120000000002 -6.666799999999995 0
    endloop
  endfacet
  facet normal -0.7181118942632416 0.6959276595434748 0
    outer loop
      vertex 13.276120000000002 -6.666799999999995 0
      vertex 13.479400000000002 -6.457040000000006 3.729784632129588
      vertex 13.479400000000002 -6.457040000000006 0
    endloop
  endfacet
  facet normal -0.6730408400910114 0.7396053187812981 0
    outer loop
      vertex 13 -6.9304784 0
      vertex 13.06624 -6.870199999999997 4.165813071695514
      vertex 13.06624 -6.870199999999997 0
    endloop
  endfacet
  facet normal -0.7181118942632412 0.6959276595434755 -5.803407126652777e-17
    outer loop
      vertex 13.276120000000002 -6.666799999999995 0
      vertex 13.320194678495403 -6.621320343559643 3.878679656440357
      vertex 13.479400000000002 -6.457040000000006 3.729784632129588
    endloop
  endfacet
  facet normal -0.7181118942632437 0.6959276595434729 0
    outer loop
      vertex 13.276120000000002 -6.666799999999995 0
      vertex 13.276120000000002 -6.666799999999995 3.928858724677058
      vertex 13.320194678495403 -6.621320343559643 3.878679656440357
    endloop
  endfacet
  facet normal -0.7397913613826576 0.6728363408910032 2.0193072379872047e-16
    outer loop
      vertex 13.479400000000002 -6.457040000000006 0
      vertex 13.528385520055444 -6.403179852490936 3.680968639911789
      vertex 13.675960000000003 -6.2409199999999885 3.5606285316738577
    endloop
  endfacet
  facet normal -0.7397913613826504 0.6728363408910107 0
    outer loop
      vertex 13.479400000000002 -6.457040000000006 0
      vertex 13.479400000000002 -6.457040000000006 3.729784632129588
      vertex 13.528385520055444 -6.403179852490936 3.680968639911789
    endloop
  endfacet
  facet normal -0.6959342003775292 0.7181055554338018 9.54714492950977e-17
    outer loop
      vertex 13.06624 -6.870199999999997 0
      vertex 13.119038791271809 -6.819031360088211 4.096820147509064
      vertex 13.276120000000002 -6.666799999999995 3.928858724677058
    endloop
  endfacet
  facet normal -0.6730408400910115 0.7396053187812982 0
    outer loop
      vertex 13 -6.9304784 0
      vertex 13 -6.9304784 4.247089085450236
      vertex 13.06624 -6.870199999999997 4.165813071695514
    endloop
  endfacet
  facet normal -0.6959342003775254 0.7181055554338054 0
    outer loop
      vertex 13.06624 -6.870199999999997 0
      vertex 13.06624 -6.870199999999997 4.165813071695514
      vertex 13.119038791271809 -6.819031360088211 4.096820147509064
    endloop
  endfacet
  facet normal 0 0 -1
    outer loop
      vertex 13 -6.9304784 0
      vertex 14.23876 -9.809599999999989 0
      vertex 13.929760000000002 -10.04168 0
    endloop
  endfacet
  facet normal 0 0 -1
    outer loop
      vertex 13 -6.9304784 0
      vertex 14.540320000000001 -9.56804000000001 0
      vertex 14.23876 -9.809599999999989 0
    endloop
  endfacet
  facet normal 0 0 -1
    outer loop
      vertex 13 -6.9304784 0
      vertex 14.834080000000004 -9.317120000000003 0
      vertex 14.540320000000001 -9.56804000000001 0
    endloop
  endfacet
  facet normal 0 0 -1
    outer loop
      vertex 13.06624 -6.870199999999997 0
      vertex 15.11992 -9.05708 0
      vertex 14.834080000000004 -9.317120000000003 0
    endloop
  endfacet
  facet normal 0 0 -1
    outer loop
      vertex 13 -6.9304784 0
      vertex 13.06624 -6.870199999999997 0
      vertex 14.834080000000004 -9.317120000000003 0
    endloop
  endfacet
  facet normal 0 0 -1
    outer loop
      vertex 13.06624 -6.870199999999997 0
      vertex 13.276120000000002 -6.666799999999995 0
      vertex 15.11992 -9.05708 0
    endloop
  endfacet
  facet normal 0 0 -1
    outer loop
      vertex 13.276120000000002 -6.666799999999995 0
      vertex 13.479400000000002 -6.457040000000006 0
      vertex 15.397360000000003 -8.788160000000005 0
    endloop
  endfacet
  facet normal 0 0 -1
    outer loop
      vertex 13.479400000000002 -6.457040000000006 0
      vertex 13.675960000000003 -6.2409199999999885 0
      vertex 15.666280000000004 -8.510720000000006 0
    endloop
  endfacet
  facet normal 0 0 -1
    outer loop
      vertex 13.675960000000003 -6.2409199999999885 0
      vertex 13.8658 -6.018799999999999 0
      vertex 15.926320000000004 -8.224879999999999 0
    endloop
  endfacet
  facet normal 0 0 -1
    outer loop
      vertex 13.276120000000002 -6.666799999999995 0
      vertex 15.397360000000003 -8.788160000000005 0
      vertex 15.11992 -9.05708 0
    endloop
  endfacet
  facet normal 0 0 -1
    outer loop
      vertex 13.479400000000002 -6.457040000000006 0
      vertex 15.666280000000004 -8.510720000000006 0
      vertex 15.397360000000003 -8.788160000000005 0
    endloop
  endfacet
  facet normal 0 0 -1
    outer loop
      vertex 13.8658 -6.018799999999999 0
      vertex 14.04844 -5.790800000000004 0
      vertex 16.17724 -7.931119999999993 0
    endloop
  endfacet
  facet normal 0 0 -1
    outer loop
      vertex 14.04844 -5.790800000000004 0
      vertex 14.223880000000001 -5.557159999999996 0
      vertex 16.41892 -7.629559999999998 0
    endloop
  endfacet
  facet normal 0 0 -1
    outer loop
      vertex 13.675960000000003 -6.2409199999999885 0
      vertex 15.926320000000004 -8.224879999999999 0
      vertex 15.666280000000004 -8.510720000000006 0
    endloop
  endfacet
  facet normal 0 0 -1
    outer loop
      vertex 13.8658 -6.018799999999999 0
      vertex 16.17724 -7.931119999999993 0
      vertex 15.926320000000004 -8.224879999999999 0
    endloop
  endfacet
  facet normal 0 0 -1
    outer loop
      vertex 14.04844 -5.790800000000004 0
      vertex 16.41892 -7.629559999999998 0
      vertex 16.17724 -7.931119999999993 0
    endloop
  endfacet
  facet normal 0 0 -1
    outer loop
      vertex 14.223880000000001 -5.557159999999996 0
      vertex 14.39188 -5.3181200000000075 0
      vertex 16.65088 -7.32056 0
    endloop
  endfacet
  facet normal 0 0 -1
    outer loop
      vertex 14.39188 -5.3181200000000075 0
      vertex 14.552200000000003 -5.073920000000001 0
      vertex 16.87312 -7.004359999999991 0
    endloop
  endfacet
  facet normal 0 0 -1
    outer loop
      vertex 14.552200000000003 -5.073920000000001 0
      vertex 14.70484 -4.824799999999996 0
      vertex 17.08528 -6.681439999999995 0
    endloop
  endfacet
  facet normal 0 0 -1
    outer loop
      vertex 14.223880000000001 -5.557159999999996 0
      vertex 16.65088 -7.32056 0
      vertex 16.41892 -7.629559999999998 0
    endloop
  endfacet
  facet normal 0 0 -1
    outer loop
      vertex 14.39188 -5.3181200000000075 0
      vertex 16.87312 -7.004359999999991 0
      vertex 16.65088 -7.32056 0
    endloop
  endfacet
  facet normal 0 0 -1
    outer loop
      vertex 14.70484 -4.824799999999996 0
      vertex 14.84968 -4.571119999999993 0
      vertex 17.28712 -6.351919999999993 0
    endloop
  endfacet
  facet normal 0 0 -1
    outer loop
      vertex 14.84968 -4.571119999999993 0
      vertex 14.986360000000001 -4.312880000000007 0
      vertex 17.47852 -6.016280000000009 0
    endloop
  endfacet
  facet normal 0 0 -1
    outer loop
      vertex 14.986360000000001 -4.312880000000007 0
      vertex 15.11488 -4.05055999999999 0
      vertex 17.65936 -5.6748799999999875 0
    endloop
  endfacet
  facet normal 0 0 -1
    outer loop
      vertex 14.552200000000003 -5.073920000000001 0
      vertex 17.08528 -6.681439999999995 0
      vertex 16.87312 -7.004359999999991 0
    endloop
  endfacet
  facet normal -0.7804678950280471 0.6251958611751115 0
    outer loop
      vertex 13.8658 -6.018799999999999 0
      vertex 14.04844 -5.790800000000004 3.2958769837090305
      vertex 14.04844 -5.790800000000004 0
    endloop
  endfacet
  facet normal -0.799654870273229 0.600459897452199 0
    outer loop
      vertex 14.04844 -5.790800000000004 0
      vertex 14.223880000000001 -5.557159999999996 3.1958403341534747
      vertex 14.223880000000001 -5.557159999999996 0
    endloop
  endfacet
  facet normal -0.8359477943272675 0.548808969641875 0
    outer loop
      vertex 14.39188 -5.3181200000000075 0
      vertex 14.552200000000003 -5.073920000000001 3.0559604020320075
      vertex 14.552200000000003 -5.073920000000001 0
    endloop
  endfacet
  facet normal -0.8181499199777423 0.5750049638398037 0
    outer loop
      vertex 14.223880000000001 -5.557159999999996 0
      vertex 14.39188 -5.3181200000000075 3.1159698054883327
      vertex 14.39188 -5.3181200000000075 0
    endloop
  endfacet
  facet normal -0.8526720812391086 0.5224464775222117 0
    outer loop
      vertex 14.552200000000003 -5.073920000000001 0
      vertex 14.70484 -4.824799999999996 3.0190069408164537
      vertex 14.70484 -4.824799999999996 0
    endloop
  endfacet
  facet normal -0.8684200446253071 0.4958292307770688 0
    outer loop
      vertex 14.70484 -4.824799999999996 0
      vertex 14.84968 -4.571119999999993 3.003493901555604
      vertex 14.84968 -4.571119999999993 0
    endloop
  endfacet
  facet normal -0.7397913613826558 0.6728363408910051 0
    outer loop
      vertex 13.479400000000002 -6.457040000000006 0
      vertex 13.675960000000003 -6.2409199999999885 3.5606285316738577
      vertex 13.675960000000003 -6.2409199999999885 0
    endloop
  endfacet
  facet normal -0.7601835027288977 0.6497084285884123 0
    outer loop
      vertex 13.675960000000003 -6.2409199999999885 0
      vertex 13.8658 -6.018799999999999 3.4169369018317464
      vertex 13.8658 -6.018799999999999 0
    endloop
  endfacet
  facet normal 0 0 -1
    outer loop
      vertex 15.11488 -4.05055999999999 0
      vertex 15.235120000000002 -3.7842800000000096 0
      vertex 17.8294 -5.327839999999995 0
    endloop
  endfacet
  facet normal 0 0 -1
    outer loop
      vertex 15.235120000000002 -3.7842800000000096 0
      vertex 15.346960000000003 -3.5142799999999994 0
      vertex 17.988400000000002 -4.975639999999984 0
    endloop
  endfacet
  facet normal 0 0 -1
    outer loop
      vertex 15.926680000000001 -1.2563600000000008 0
      vertex 15.954964347107436 -1 0
      vertex 16.109126166036393 -1 0
    endloop
  endfacet
  facet normal -0.8838378619584657 0.4677933665291632 2.3946577971355597e-16
    outer loop
      vertex 14.84968 -4.571119999999993 0
      vertex 14.887322044609665 -4.5 3
      vertex 14.986360000000001 -4.312880000000007 0
    endloop
  endfacet
  facet normal -0.8980130251703606 0.43996887006284596 -4.92508822113476e-17
    outer loop
      vertex 14.986360000000001 -4.312880000000007 0
      vertex 15.03874954797753 -4.205948579011318 3.0144458199834094
      vertex 15.11488 -4.05055999999999 0
    endloop
  endfacet
  facet normal -0.9113904779306422 0.4115427034189228 5.048735285882002e-17
    outer loop
      vertex 15.11488 -4.05055999999999 0
      vertex 15.176215118513062 -3.914729033951615 3.0576441587903087
      vertex 15.235120000000002 -3.7842800000000096 0
    endloop
  endfacet
  facet normal -0.9238767038351752 0.38269026132193645 -1.2140318368344724e-16
    outer loop
      vertex 15.235120000000002 -3.7842800000000096 0
      vertex 15.299379963379327 -3.629145968236613 3.1291789928033733
      vertex 15.346960000000003 -3.5142799999999994 0
    endloop
  endfacet
  facet normal -0.9354992558270236 0.35332866052315204 -1.5085549407370601e-16
    outer loop
      vertex 15.346960000000003 -3.5142799999999994 0
      vertex 15.408270520642043 -3.3519497029047307 3.22836140246614
      vertex 15.45016 -3.241039999999998 0
    endloop
  endfacet
  facet normal -0.946064658888993 0.32397787146848983 -5.309027396793755e-18
    outer loop
      vertex 15.45016 -3.241039999999998 0
      vertex 15.503318262181915 -3.085809789522007 3.3542362069549347
      vertex 15.54484 -2.9645599999999916 0
    endloop
  endfacet
  facet normal -0.9557790087219449 0.29408584883754024 2.3034975650960912e-16
    outer loop
      vertex 15.54484 -2.9645599999999916 0
      vertex 15.585230984325788 -2.8332893009411935 3.5055911630923644
      vertex 15.630760000000002 -2.6853200000000044 0
    endloop
  endfacet
  facet normal -0.964592972220321 0.2637430528813355 -3.549405140800558e-17
    outer loop
      vertex 15.630760000000002 -2.6853200000000044 0
      vertex 15.654958000553314 -2.5968201475090638 3.680968639911789
      vertex 15.707799999999999 -2.4035599999999846 0
    endloop
  endfacet
  facet normal -0.9723947595141796 0.2333418772303006 -1.0292119298863923e-16
    outer loop
      vertex 15.707799999999999 -2.4035599999999846 0
      vertex 15.761214403265782 -2.180968639911789 4.096820147509064
      vertex 15.775960000000005 -2.1195199999999943 0
    endloop
  endfacet
  facet normal -0.9791985525179352 0.20290439804691396 -1.0345292840489347e-16
    outer loop
      vertex 15.775960000000005 -2.1195199999999943 0
      vertex 15.79956773717801 -2.0055911630923644 4.3332893009411935
      vertex 15.835240000000002 -1.833439999999996 0
    endloop
  endfacet
  facet normal 0 0 -1
    outer loop
      vertex 14.70484 -4.824799999999996 0
      vertex 17.28712 -6.351919999999993 0
      vertex 17.08528 -6.681439999999995 0
    endloop
  endfacet
  facet normal 0 0 -1
    outer loop
      vertex 14.84968 -4.571119999999993 0
      vertex 17.47852 -6.016280000000009 0
      vertex 17.28712 -6.351919999999993 0
    endloop
  endfacet
  facet normal 0 0 -1
    outer loop
      vertex 14.986360000000001 -4.312880000000007 0
      vertex 17.65936 -5.6748799999999875 0
      vertex 17.47852 -6.016280000000009 0
    endloop
  endfacet
  facet normal 0 0 -1
    outer loop
      vertex 15.11488 -4.05055999999999 0
      vertex 17.8294 -5.327839999999995 0
      vertex 17.65936 -5.6748799999999875 0
    endloop
  endfacet
  facet normal 0 0 -1
    outer loop
      vertex 15.235120000000002 -3.7842800000000096 0
      vertex 17.988400000000002 -4.975639999999984 0
      vertex 17.8294 -5.327839999999995 0
    endloop
  endfacet
  facet normal 0.8836821188645513 -0.468087505493425 -3.266321954652445e-16
    outer loop
      vertex 17.47852 -6.016280000000009 0
      vertex 17.65936 -5.6748799999999875 0
      vertex 17.532597087103575 -5.914190210477993 3.3542362069549347
    endloop
  endfacet
  facet normal 0.8527440409803877 -0.5223290156332874 1.7245251254102527e-16
    outer loop
      vertex 17.08528 -6.681439999999995 0
      vertex 17.28712 -6.351919999999993 0
      vertex 17.122104931585095 -6.621320343559643 3.878679656440357
    endloop
  endfacet
  facet normal 0.8357584188318382 -0.5490973186528102 -6.13701522149235e-17
    outer loop
      vertex 16.87312 -7.004359999999991 0
      vertex 17.08528 -6.681439999999995 0
      vertex 16.99488181172948 -6.819031360088211 4.096820147509064
    endloop
  endfacet
  facet normal 0.8686823864887815 -0.4953694695922986 -2.7663685901769533e-16
    outer loop
      vertex 17.28712 -6.351919999999993 0
      vertex 17.47852 -6.016280000000009 0
      vertex 17.39273631569582 -6.1667106990588065 3.5055911630923644
    endloop
  endfacet
  facet normal 0.8980001167419172 -0.4399952162597942 -4.553614614721669e-16
    outer loop
      vertex 17.65936 -5.6748799999999875 0
      vertex 17.8294 -5.327839999999995 0
      vertex 17.672505812246193 -5.648050297095269 3.22836140246614
    endloop
  endfacet
  facet normal 0.9114269548395605 -0.41146191317287917 7.047207644702065e-17
    outer loop
      vertex 17.8294 -5.327839999999995 0
      vertex 17.988400000000002 -4.975639999999984 0
      vertex 17.938907315157028 -5.085270966048385 3.0576441587903087
    endloop
  endfacet
  facet normal 0.9238653785242203 -0.38271760132544114 -3.9626972374159447e-16
    outer loop
      vertex 17.988400000000002 -4.975639999999984 0
      vertex 18.13624 -4.618759999999995 0
      vertex 18.063624320558823 -4.794051420988682 3.0144458199834094
    endloop
  endfacet
  facet normal 0 0 -1
    outer loop
      vertex 15.346960000000003 -3.5142799999999994 0
      vertex 15.45016 -3.241039999999998 0
      vertex 18.13624 -4.618759999999995 0
    endloop
  endfacet
  facet normal 0 0 -1
    outer loop
      vertex 15.45016 -3.241039999999998 0
      vertex 15.54484 -2.9645599999999916 0
      vertex 18.2728 -4.257199999999997 0
    endloop
  endfacet
  facet normal 0 0 -1
    outer loop
      vertex 15.54484 -2.9645599999999916 0
      vertex 15.630760000000002 -2.6853200000000044 0
      vertex 18.39796 -3.891680000000008 0
    endloop
  endfacet
  facet normal 0 0 -1
    outer loop
      vertex 15.630760000000002 -2.6853200000000044 0
      vertex 15.707799999999999 -2.4035599999999846 0
      vertex 18.5116 -3.5223200000000077 0
    endloop
  endfacet
  facet normal 0 0 -1
    outer loop
      vertex 15.707799999999999 -2.4035599999999846 0
      vertex 15.775960000000005 -2.1195199999999943 0
      vertex 18.6136 -3.1495999999999924 0
    endloop
  endfacet
  facet normal 0 0 -1
    outer loop
      vertex 15.775960000000005 -2.1195199999999943 0
      vertex 15.835240000000002 -1.833439999999996 0
      vertex 18.70372 -2.7738800000000055 0
    endloop
  endfacet
  facet normal 0 0 -1
    outer loop
      vertex 15.835240000000002 -1.833439999999996 0
      vertex 15.88552 -1.545560000000009 0
      vertex 18.78208 -2.3955199999999905 0
    endloop
  endfacet
  facet normal 0 0 -1
    outer loop
      vertex 15.88552 -1.545560000000009 0
      vertex 15.926680000000001 -1.2563600000000008 0
      vertex 18.84856 -2.014879999999991 0
    endloop
  endfacet
  facet normal 0 0 -1
    outer loop
      vertex 15.346960000000003 -3.5142799999999994 0
      vertex 18.13624 -4.618759999999995 0
      vertex 17.988400000000002 -4.975639999999984 0
    endloop
  endfacet
  facet normal 0 0 -1
    outer loop
      vertex 15.45016 -3.241039999999998 0
      vertex 18.2728 -4.257199999999997 0
      vertex 18.13624 -4.618759999999995 0
    endloop
  endfacet
  facet normal 0 0 -1
    outer loop
      vertex 15.54484 -2.9645599999999916 0
      vertex 18.39796 -3.891680000000008 0
      vertex 18.2728 -4.257199999999997 0
    endloop
  endfacet
  facet normal 0 0 -1
    outer loop
      vertex 15.630760000000002 -2.6853200000000044 0
      vertex 18.5116 -3.5223200000000077 0
      vertex 18.39796 -3.891680000000008 0
    endloop
  endfacet
  facet normal 0 0 -1
    outer loop
      vertex 15.707799999999999 -2.4035599999999846 0
      vertex 18.6136 -3.1495999999999924 0
      vertex 18.5116 -3.5223200000000077 0
    endloop
  endfacet
  facet normal 0 0 -1
    outer loop
      vertex 15.926680000000001 -1.2563600000000008 0
      vertex 16.109126166036393 -1 0
      vertex 18.90304 -1.632320000000007 0
    endloop
  endfacet
  facet normal 0 0 -1
    outer loop
      vertex 16.109126166036393 -1 0
      vertex 17.662344066945643 -1 0
      vertex 18.90304 -1.632320000000007 0
    endloop
  endfacet
  facet normal 0 0 -1
    outer loop
      vertex 15.775960000000005 -2.1195199999999943 0
      vertex 18.70372 -2.7738800000000055 0
      vertex 18.6136 -3.1495999999999924 0
    endloop
  endfacet
  facet normal 0 0 -1
    outer loop
      vertex 15.835240000000002 -1.833439999999996 0
      vertex 18.78208 -2.3955199999999905 0
      vertex 18.70372 -2.7738800000000055 0
    endloop
  endfacet
  facet normal 0 0 -1
    outer loop
      vertex 15.88552 -1.545560000000009 0
      vertex 18.84856 -2.014879999999991 0
      vertex 18.78208 -2.3955199999999905 0
    endloop
  endfacet
  facet normal 0 0 -1
    outer loop
      vertex 15.926680000000001 -1.2563600000000008 0
      vertex 18.90304 -1.632320000000007 0
      vertex 18.84856 -2.014879999999991 0
    endloop
  endfacet
  facet normal 0 0 -1
    outer loop
      vertex 17.662344066945643 -1 0
      vertex 18.9454 -1.2483199999999925 0
      vertex 18.90304 -1.632320000000007 0
    endloop
  endfacet
  facet normal 0 0 -1
    outer loop
      vertex 17.662344066945643 -1 0
      vertex 18.964971638629283 -1 0
      vertex 18.9454 -1.2483199999999925 0
    endloop
  endfacet
  facet normal 0.9354971825189399 -0.35333414991920237 1.4961361177727785e-16
    outer loop
      vertex 18.13624 -4.618759999999995 0
      vertex 18.2728 -4.257199999999997 0
      vertex 18.181095253899766 -4.5 3
    endloop
  endfacet
  facet normal 0.9460738313071152 -0.32395108537536377 0
    outer loop
      vertex 18.2728 -4.257199999999997 0
      vertex 18.39796 -3.891680000000008 0
      vertex 18.2728 -4.257199999999997 3.0119279991240266
    endloop
  endfacet
  facet normal 0.9557857224550795 -0.29406402831870077 0
    outer loop
      vertex 18.39796 -3.891680000000008 0
      vertex 18.5116 -3.5223200000000077 0
      vertex 18.39796 -3.891680000000008 3.063417641240193
    endloop
  endfacet
  facet normal 0.9645341337094112 -0.26395814992046635 0
    outer loop
      vertex 18.5116 -3.5223200000000077 0
      vertex 18.6136 -3.1495999999999924 0
      vertex 18.5116 -3.5223200000000077 3.1674019354233947
    endloop
  endfacet
  facet normal 0.972418304164485 -0.23324373887816816 0
    outer loop
      vertex 18.6136 -3.1495999999999924 0
      vertex 18.70372 -2.7738800000000055 0
      vertex 18.6136 -3.1495999999999924 3.3240656843521545
    endloop
  endfacet
  facet normal 0.9792200298047485 -0.20280072295035695 0
    outer loop
      vertex 18.70372 -2.7738800000000055 0
      vertex 18.78208 -2.3955199999999905 0
      vertex 18.70372 -2.7738800000000055 3.5496521035890365
    endloop
  endfacet
  facet normal 0.9850884172772948 -0.17204885976406362 0
    outer loop
      vertex 18.78208 -2.3955199999999905 0
      vertex 18.84856 -2.014879999999991 0
      vertex 18.78208 -2.3955199999999905 3.8634164587297737
    endloop
  endfacet
  facet normal 0.9900115068198901 -0.14098658221338226 0
    outer loop
      vertex 18.84856 -2.014879999999991 0
      vertex 18.90304 -1.632320000000007 0
      vertex 18.84856 -2.014879999999991 4.320764754233425
    endloop
  endfacet
  facet normal -0.7996548702732316 0.6004598974521954 4.002343302674741e-16
    outer loop
      vertex 14.04844 -5.790800000000004 0
      vertex 14.155630583280287 -5.648050297095269 3.22836140246614
      vertex 14.223880000000001 -5.557159999999996 3.1958403341534747
    endloop
  endfacet
  facet normal -0.7804678950280496 0.6251958611751081 3.7394665735713774e-16
    outer loop
      vertex 13.8658 -6.018799999999999 0
      vertex 13.949597947185525 -5.914190210477993 3.3542362069549347
      vertex 14.04844 -5.790800000000004 3.2958769837090305
    endloop
  endfacet
  facet normal -0.7996548702732273 0.6004598974522013 0
    outer loop
      vertex 14.04844 -5.790800000000004 0
      vertex 14.04844 -5.790800000000004 3.2958769837090305
      vertex 14.155630583280287 -5.648050297095269 3.22836140246614
    endloop
  endfacet
  facet normal -0.8359477943272869 0.5488089696418454 3.470487925397979e-15
    outer loop
      vertex 14.39188 -5.3181200000000075 0
      vertex 14.544747965287158 -5.085270966048385 3.0576441587903087
      vertex 14.552200000000003 -5.073920000000001 3.0559604020320075
    endloop
  endfacet
  facet normal -0.8359477943272665 0.5488089696418764 0
    outer loop
      vertex 14.39188 -5.3181200000000075 0
      vertex 14.39188 -5.3181200000000075 3.1159698054883327
      vertex 14.544747965287158 -5.085270966048385 3.0576441587903087
    endloop
  endfacet
  facet normal -0.8684200446253169 0.49582923077705143 0
    outer loop
      vertex 14.70484 -4.824799999999996 0
      vertex 14.70484 -4.824799999999996 3.0190069408164537
      vertex 14.722396071365495 -4.794051420988682 3.0144458199834094
    endloop
  endfacet
  facet normal -0.8526720812391085 0.5224464775222117 0
    outer loop
      vertex 14.552200000000003 -5.073920000000001 0
      vertex 14.552200000000003 -5.073920000000001 3.0559604020320075
      vertex 14.70484 -4.824799999999996 3.0190069408164537
    endloop
  endfacet
  facet normal -0.8684200446253058 0.4958292307770712 -2.6775134246102205e-16
    outer loop
      vertex 14.70484 -4.824799999999996 0
      vertex 14.722396071365495 -4.794051420988682 3.0144458199834094
      vertex 14.84968 -4.571119999999993 3.003493901555604
    endloop
  endfacet
  facet normal -0.8181499199777467 0.5750049638397975 7.118557449247209e-16
    outer loop
      vertex 14.223880000000001 -5.557159999999996 0
      vertex 14.354817929483568 -5.370854031763387 3.1291789928033733
      vertex 14.39188 -5.3181200000000075 3.1159698054883327
    endloop
  endfacet
  facet normal -0.8181499199777411 0.5750049638398054 0
    outer loop
      vertex 14.223880000000001 -5.557159999999996 0
      vertex 14.223880000000001 -5.557159999999996 3.1958403341534747
      vertex 14.354817929483568 -5.370854031763387 3.1291789928033733
    endloop
  endfacet
  facet normal -0.7601835027288981 0.6497084285884118 5.525032143237344e-17
    outer loop
      vertex 13.675960000000003 -6.2409199999999885 0
      vertex 13.739384696968644 -6.1667106990588065 3.5055911630923644
      vertex 13.8658 -6.018799999999999 3.4169369018317464
    endloop
  endfacet
  facet normal -0.7804678950280438 0.6251958611751155 0
    outer loop
      vertex 13.8658 -6.018799999999999 0
      vertex 13.8658 -6.018799999999999 3.4169369018317464
      vertex 13.949597947185525 -5.914190210477993 3.3542362069549347
    endloop
  endfacet
  facet normal -0.7601835027288969 0.6497084285884133 0
    outer loop
      vertex 13.675960000000003 -6.2409199999999885 0
      vertex 13.675960000000003 -6.2409199999999885 3.5606285316738577
      vertex 13.739384696968644 -6.1667106990588065 3.5055911630923644
    endloop
  endfacet
  facet normal -0.8838378619584616 0.4677933665291711 0
    outer loop
      vertex 14.84968 -4.571119999999993 0
      vertex 14.84968 -4.571119999999993 3.003493901555604
      vertex 14.887322044609665 -4.5 3
    endloop
  endfacet
  facet normal -0.9850879345912379 0.17205162342381178 -1.643376405549728e-16
    outer loop
      vertex 15.835240000000002 -1.833439999999996 0
      vertex 15.870915432269857 -1.6291789928033733 5.129145968236613
      vertex 15.88552 -1.545560000000009 0
    endloop
  endfacet
  facet normal -0.8838378619584674 0.46779336652916026 0
    outer loop
      vertex 14.986360000000001 -4.312880000000007 0
      vertex 14.887322044609665 -4.5 3
      vertex 14.986360000000001 -4.312880000000007 3.0091926161288627
    endloop
  endfacet
  facet normal -0.8980130251703611 0.4399688700628448 0
    outer loop
      vertex 14.986360000000001 -4.312880000000007 0
      vertex 14.986360000000001 -4.312880000000007 3.0091926161288627
      vertex 15.03874954797753 -4.205948579011318 3.0144458199834094
    endloop
  endfacet
  facet normal -0.8980130251703601 0.4399688700628466 0
    outer loop
      vertex 15.11488 -4.05055999999999 0
      vertex 15.03874954797753 -4.205948579011318 3.0144458199834094
      vertex 15.11488 -4.05055999999999 3.037495538303235
    endloop
  endfacet
  facet normal -0.9113904779306419 0.41154270341892385 0
    outer loop
      vertex 15.11488 -4.05055999999999 0
      vertex 15.11488 -4.05055999999999 3.037495538303235
      vertex 15.176215118513062 -3.914729033951615 3.0576441587903087
    endloop
  endfacet
  facet normal -0.9113904779306427 0.41154270341892185 0
    outer loop
      vertex 15.235120000000002 -3.7842800000000096 0
      vertex 15.176215118513062 -3.914729033951615 3.0576441587903087
      vertex 15.235120000000002 -3.7842800000000096 3.0903199407647386
    endloop
  endfacet
  facet normal -0.923876703835176 0.3826902613219343 0
    outer loop
      vertex 15.235120000000002 -3.7842800000000096 0
      vertex 15.235120000000002 -3.7842800000000096 3.0903199407647386
      vertex 15.299379963379327 -3.629145968236613 3.1291789928033733
    endloop
  endfacet
  facet normal -0.923876703835174 0.3826902613219393 0
    outer loop
      vertex 15.346960000000003 -3.5142799999999994 0
      vertex 15.299379963379327 -3.629145968236613 3.1291789928033733
      vertex 15.346960000000003 -3.5142799999999994 3.170278693422766
    endloop
  endfacet
  facet normal -0.9354992558270246 0.3533286605231494 0
    outer loop
      vertex 15.346960000000003 -3.5142799999999994 0
      vertex 15.346960000000003 -3.5142799999999994 3.170278693422766
      vertex 15.408270520642043 -3.3519497029047307 3.22836140246614
    endloop
  endfacet
  facet normal -0.9354992558270222 0.3533286605231559 0
    outer loop
      vertex 15.45016 -3.241039999999998 0
      vertex 15.408270520642043 -3.3519497029047307 3.22836140246614
      vertex 15.45016 -3.241039999999998 3.280817785244649
    endloop
  endfacet
  facet normal -0.946064658888993 0.3239778714684897 0
    outer loop
      vertex 15.45016 -3.241039999999998 0
      vertex 15.45016 -3.241039999999998 3.280817785244649
      vertex 15.503318262181915 -3.085809789522007 3.3542362069549347
    endloop
  endfacet
  facet normal -0.9460646588889929 0.3239778714684899 0
    outer loop
      vertex 15.54484 -2.9645599999999916 0
      vertex 15.503318262181915 -3.085809789522007 3.3542362069549347
      vertex 15.54484 -2.9645599999999916 3.4269105340082193
    endloop
  endfacet
  facet normal -0.955779008721943 0.2940858488375458 0
    outer loop
      vertex 15.54484 -2.9645599999999916 0
      vertex 15.54484 -2.9645599999999916 3.4269105340082193
      vertex 15.585230984325788 -2.8332893009411935 3.5055911630923644
    endloop
  endfacet
  facet normal -0.9557790087219462 0.29408584883753514 0
    outer loop
      vertex 15.630760000000002 -2.6853200000000044 0
      vertex 15.585230984325788 -2.8332893009411935 3.5055911630923644
      vertex 15.630760000000002 -2.6853200000000044 3.6153326759668882
    endloop
  endfacet
  facet normal -0.9645929722203215 0.2637430528813342 0
    outer loop
      vertex 15.630760000000002 -2.6853200000000044 0
      vertex 15.630760000000002 -2.6853200000000044 3.6153326759668882
      vertex 15.654958000553314 -2.5968201475090638 3.680968639911789
    endloop
  endfacet
  facet normal -0.9645929722203207 0.26374305288133615 0
    outer loop
      vertex 15.707799999999999 -2.4035599999999846 0
      vertex 15.654958000553314 -2.5968201475090638 3.680968639911789
      vertex 15.707799999999999 -2.4035599999999846 3.856129427490865
    endloop
  endfacet
  facet normal -0.9723947595141815 0.23334187723029282 0
    outer loop
      vertex 15.707799999999999 -2.4035599999999846 0
      vertex 15.707799999999999 -2.4035599999999846 3.856129427490865
      vertex 15.71377044154705 -2.378679656440357 3.878679656440357
    endloop
  endfacet
  facet normal -0.9723947595141799 0.23334187723029956 -4.596855147685887e-17
    outer loop
      vertex 15.707799999999999 -2.4035599999999846 0
      vertex 15.71377044154705 -2.378679656440357 3.878679656440357
      vertex 15.761214403265782 -2.180968639911789 4.096820147509064
    endloop
  endfacet
  facet normal -0.9723947595141781 0.23334187723030708 0
    outer loop
      vertex 15.775960000000005 -2.1195199999999943 0
      vertex 15.761214403265782 -2.180968639911789 4.096820147509064
      vertex 15.775960000000005 -2.1195199999999943 4.17967404712617
    endloop
  endfacet
  facet normal -0.979198552517936 0.20290439804691013 0
    outer loop
      vertex 15.775960000000005 -2.1195199999999943 0
      vertex 15.775960000000005 -2.1195199999999943 4.17967404712617
      vertex 15.79956773717801 -2.0055911630923644 4.3332893009411935
    endloop
  endfacet
  facet normal -0.9791985525179342 0.20290439804691884 9.852343209419952e-17
    outer loop
      vertex 15.835240000000002 -1.833439999999996 0
      vertex 15.79956773717801 -2.0055911630923644 4.3332893009411935
      vertex 15.83093071886085 -1.8542362069549347 4.585809789522007
    endloop
  endfacet
  facet normal 0.8181364276980758 -0.5750241609475477 1.8009261586976225e-16
    outer loop
      vertex 16.65088 -7.32056 0
      vertex 16.87312 -7.004359999999991 0
      vertex 16.77373486727914 -7.145763793045065 4.585809789522007
    endloop
  endfacet
  facet normal 0.7997390386316056 -0.6003477909417133 -1.5737009782515647e-16
    outer loop
      vertex 16.41892 -7.629559999999998 0
      vertex 16.65088 -7.32056 0
      vertex 16.527022233020556 -7.485554180016591 5.705948579011318
    endloop
  endfacet
  facet normal 0.8836821188645531 -0.4680875054934215 0
    outer loop
      vertex 17.65936 -5.6748799999999875 0
      vertex 17.65936 -5.6748799999999875 3.241050906887701
      vertex 17.532597087103575 -5.914190210477993 3.3542362069549347
    endloop
  endfacet
  facet normal 0.9114269548395607 -0.41146191317287845 0
    outer loop
      vertex 17.8294 -5.327839999999995 0
      vertex 17.938907315157028 -5.085270966048385 3.0576441587903087
      vertex 17.8294 -5.327839999999995 3.118404538741389
    endloop
  endfacet
  facet normal 0.9114269548395597 -0.4114619131728808 0
    outer loop
      vertex 17.988400000000002 -4.975639999999984 0
      vertex 17.988400000000002 -4.975639999999984 3.0413819411767364
      vertex 17.938907315157028 -5.085270966048385 3.0576441587903087
    endloop
  endfacet
  facet normal 0.9238653785242226 -0.3827176013254353 0
    outer loop
      vertex 18.13624 -4.618759999999995 0
      vertex 18.13624 -4.618759999999995 3.0058343046786216
      vertex 18.063624320558823 -4.794051420988682 3.0144458199834094
    endloop
  endfacet
  facet normal 0.923865378524218 -0.38271760132544674 0
    outer loop
      vertex 17.988400000000002 -4.975639999999984 0
      vertex 18.063624320558823 -4.794051420988682 3.0144458199834094
      vertex 17.988400000000002 -4.975639999999984 3.0413819411767364
    endloop
  endfacet
  facet normal 0.8980001167418955 -0.43999521625983834 0
    outer loop
      vertex 17.65936 -5.6748799999999875 0
      vertex 17.672505812246193 -5.648050297095269 3.22836140246614
      vertex 17.65936 -5.6748799999999875 3.241050906887701
    endloop
  endfacet
  facet normal 0.8980001167419207 -0.4399952162597872 4.196170684475255e-16
    outer loop
      vertex 17.8294 -5.327839999999995 0
      vertex 17.808324314312333 -5.370854031763387 3.1291789928033733
      vertex 17.672505812246193 -5.648050297095269 3.22836140246614
    endloop
  endfacet
  facet normal 0.8980001167419087 -0.4399952162598117 0
    outer loop
      vertex 17.8294 -5.327839999999995 0
      vertex 17.8294 -5.327839999999995 3.118404538741389
      vertex 17.808324314312333 -5.370854031763387 3.1291789928033733
    endloop
  endfacet
  facet normal 0.8527440409803927 -0.5223290156332793 0
    outer loop
      vertex 17.08528 -6.681439999999995 0
      vertex 17.122104931585095 -6.621320343559643 3.878679656440357
      vertex 17.08528 -6.681439999999995 3.945011475521796
    endloop
  endfacet
  facet normal 0.8686823864887843 -0.4953694695922937 0
    outer loop
      vertex 17.47852 -6.016280000000009 0
      vertex 17.47852 -6.016280000000009 3.415426471958874
      vertex 17.39273631569582 -6.1667106990588065 3.5055911630923644
    endloop
  endfacet
  facet normal 0.8836821188645467 -0.4680875054934334 0
    outer loop
      vertex 17.47852 -6.016280000000009 0
      vertex 17.532597087103575 -5.914190210477993 3.3542362069549347
      vertex 17.47852 -6.016280000000009 3.415426471958874
    endloop
  endfacet
  facet normal 0.8686823864887792 -0.49536946959230255 0
    outer loop
      vertex 17.28712 -6.351919999999993 0
      vertex 17.39273631569582 -6.1667106990588065 3.5055911630923644
      vertex 17.28712 -6.351919999999993 3.6429517423100566
    endloop
  endfacet
  facet normal 0.85274404098038 -0.5223290156332997 0
    outer loop
      vertex 17.28712 -6.351919999999993 0
      vertex 17.28712 -6.351919999999993 3.6429517423100566
      vertex 17.25572194031691 -6.403179852490936 3.680968639911789
    endloop
  endfacet
  facet normal 0.8527440409803883 -0.5223290156332865 2.53749837271562e-16
    outer loop
      vertex 17.28712 -6.351919999999993 0
      vertex 17.25572194031691 -6.403179852490936 3.680968639911789
      vertex 17.122104931585095 -6.621320343559643 3.878679656440357
    endloop
  endfacet
  facet normal 0.8357584188318363 -0.549097318652813 1.176771263944243e-16
    outer loop
      vertex 16.87312 -7.004359999999991 0
      vertex 16.99488181172948 -6.819031360088211 4.096820147509064
      vertex 16.87965796222493 -6.994408836907636 4.3332893009411935
    endloop
  endfacet
  facet normal 0.8357584188318599 -0.5490973186527772 0
    outer loop
      vertex 16.87312 -7.004359999999991 0
      vertex 16.87965796222493 -6.994408836907636 4.3332893009411935
      vertex 16.87312 -7.004359999999991 4.349891813539112
    endloop
  endfacet
  facet normal 0.818136427698073 -0.5750241609475515 0
    outer loop
      vertex 16.87312 -7.004359999999991 0
      vertex 16.87312 -7.004359999999991 4.349891813539112
      vertex 16.77373486727914 -7.145763793045065 4.585809789522007
    endloop
  endfacet
  facet normal 0.835758418831839 -0.5490973186528089 0
    outer loop
      vertex 17.08528 -6.681439999999995 0
      vertex 17.08528 -6.681439999999995 3.945011475521796
      vertex 16.99488181172948 -6.819031360088211 4.096820147509064
    endloop
  endfacet
  facet normal 0.9939705493061642 -0.10964737622032851 0
    outer loop
      vertex 18.90304 -1.632320000000007 0
      vertex 18.9454 -1.2483199999999925 0
      vertex 18.90304 -1.632320000000007 5.1203674412049764
    endloop
  endfacet
  facet normal 0.9354971825189411 -0.353334149919199 0
    outer loop
      vertex 18.13624 -4.618759999999995 0
      vertex 18.181095253899766 -4.5 3
      vertex 18.13624 -4.618759999999995 3.0058343046786216
    endloop
  endfacet
  facet normal 0.9354971825189393 -0.35333414991920403 0
    outer loop
      vertex 18.2728 -4.257199999999997 0
      vertex 18.2728 -4.257199999999997 3.0119279991240266
      vertex 18.181095253899766 -4.5 3
    endloop
  endfacet
  facet normal 0.9460738313071234 -0.32395108537533995 3.255172203163873e-15
    outer loop
      vertex 18.39796 -3.891680000000008 0
      vertex 18.29034932110676 -4.205948579011318 3.0144458199834094
      vertex 18.2728 -4.257199999999997 3.0119279991240266
    endloop
  endfacet
  facet normal 0.9460738313071138 -0.32395108537536793 -1.9330886686658687e-17
    outer loop
      vertex 18.39796 -3.891680000000008 0
      vertex 18.390067635452553 -3.914729033951615 3.0576441587903087
      vertex 18.29034932110676 -4.205948579011318 3.0144458199834094
    endloop
  endfacet
  facet normal 0.9460738313071145 -0.3239510853753656 0
    outer loop
      vertex 18.39796 -3.891680000000008 0
      vertex 18.39796 -3.891680000000008 3.063417641240193
      vertex 18.390067635452553 -3.914729033951615 3.0576441587903087
    endloop
  endfacet
  facet normal 0.9557857224550806 -0.2940640283186973 4.542580675875988e-16
    outer loop
      vertex 18.5116 -3.5223200000000077 0
      vertex 18.47873314102662 -3.629145968236613 3.1291789928033733
      vertex 18.39796 -3.891680000000008 3.063417641240193
    endloop
  endfacet
  facet normal 0.9557857224550769 -0.2940640283187095 0
    outer loop
      vertex 18.5116 -3.5223200000000077 0
      vertex 18.5116 -3.5223200000000077 3.1674019354233947
      vertex 18.47873314102662 -3.629145968236613 3.1291789928033733
    endloop
  endfacet
  facet normal 0.9645341337094094 -0.26395814992047345 -8.807067152704129e-16
    outer loop
      vertex 18.6136 -3.1495999999999924 0
      vertex 18.558224195921117 -3.3519497029047307 3.22836140246614
      vertex 18.5116 -3.5223200000000077 3.1674019354233947
    endloop
  endfacet
  facet normal 0.964534133709413 -0.26395814992046024 0
    outer loop
      vertex 18.6136 -3.1495999999999924 0
      vertex 18.6136 -3.1495999999999924 3.3240656843521545
      vertex 18.558224195921117 -3.3519497029047307 3.22836140246614
    endloop
  endfacet
  facet normal 0.9724183041644822 -0.23324373887817976 -1.4046072932104393e-15
    outer loop
      vertex 18.70372 -2.7738800000000055 0
      vertex 18.628900686064828 -3.085809789522007 3.3542362069549347
      vertex 18.6136 -3.1495999999999924 3.3240656843521545
    endloop
  endfacet
  facet normal 0.9724183041644846 -0.2332437388781694 -3.753958042554914e-16
    outer loop
      vertex 18.70372 -2.7738800000000055 0
      vertex 18.689470116573993 -2.8332893009411935 3.5055911630923644
      vertex 18.628900686064828 -3.085809789522007 3.3542362069549347
    endloop
  endfacet
  facet normal 0.9724183041644898 -0.23324373887814848 0
    outer loop
      vertex 18.70372 -2.7738800000000055 0
      vertex 18.70372 -2.7738800000000055 3.5496521035890365
      vertex 18.689470116573993 -2.8332893009411935 3.5055911630923644
    endloop
  endfacet
  facet normal 0.9792200298047472 -0.20280072295036275 -6.512311988063611e-16
    outer loop
      vertex 18.78208 -2.3955199999999905 0
      vertex 18.740389864788007 -2.5968201475090638 3.680968639911789
      vertex 18.70372 -2.7738800000000055 3.5496521035890365
    endloop
  endfacet
  facet normal 0.9792200298047496 -0.20280072295035137 0
    outer loop
      vertex 18.78208 -2.3955199999999905 0
      vertex 18.78208 -2.3955199999999905 3.8634164587297737
      vertex 18.740389864788007 -2.5968201475090638 3.680968639911789
    endloop
  endfacet
  facet normal 0.9850884172772937 -0.17204885976406992 -6.751412898151955e-16
    outer loop
      vertex 18.84856 -2.014879999999991 0
      vertex 18.78502122015512 -2.378679656440357 3.878679656440357
      vertex 18.78208 -2.3955199999999905 3.8634164587297737
    endloop
  endfacet
  facet normal 0.9850884172772943 -0.17204885976406598 -2.625227872101564e-16
    outer loop
      vertex 18.84856 -2.014879999999991 0
      vertex 18.81955208495866 -2.180968639911789 4.096820147509064
      vertex 18.78502122015512 -2.378679656440357 3.878679656440357
    endloop
  endfacet
  facet normal 0.9850884172772955 -0.1720488597640597 0
    outer loop
      vertex 18.84856 -2.014879999999991 0
      vertex 18.84856 -2.014879999999991 4.320764754233425
      vertex 18.81955208495866 -2.180968639911789 4.096820147509064
    endloop
  endfacet
  facet normal 0.9900115068198854 -0.14098658221341503 -3.0581594484920317e-15
    outer loop
      vertex 18.90304 -1.632320000000007 0
      vertex 18.849882814289856 -2.0055911630923644 4.3332893009411935
      vertex 18.84856 -2.014879999999991 4.320764754233425
    endloop
  endfacet
  facet normal 0.9900115068198901 -0.14098658221338203 -6.410557494400804e-17
    outer loop
      vertex 18.90304 -1.632320000000007 0
      vertex 18.87143712736589 -1.8542362069549347 4.585809789522007
      vertex 18.849882814289856 -2.0055911630923644 4.3332893009411935
    endloop
  endfacet
  facet normal 0 0 -1
    outer loop
      vertex 16.120491436128233 1.7202184160569929 0
      vertex 16.205638400738067 3 0
      vertex 19 42 0
    endloop
  endfacet
  facet normal 0 0 -1
    outer loop
      vertex 16 3 0
      vertex 18.800402742909863 42 0
      vertex 16.205638400738067 3 0
    endloop
  endfacet
  facet normal 0 0 -1
    outer loop
      vertex 16.120491436128233 1.7202184160569929 0
      vertex 19 42 0
      vertex 19 -0.09080000000000155 0
    endloop
  endfacet
  facet normal -1 0 0
    outer loop
      vertex 16 3 0
      vertex 16 3 4.5
      vertex 16 45 0
    endloop
  endfacet
  facet normal 0.5226931405046216 -0.8525208976144901 0
    outer loop
      vertex 13 -10.65415567213115 0
      vertex 13.290640000000003 -10.47596 0
      vertex 13.290640000000003 -10.47596 12
    endloop
  endfacet
  facet normal 0.5489548206595705 -0.8358520233119132 0
    outer loop
      vertex 13.290640000000003 -10.47596 0
      vertex 13.613679999999999 -10.26379999999999 0
      vertex 13.613679999999999 -10.26379999999999 12
    endloop
  endfacet
  facet normal 0.5749623767889758 -0.8181798489801444 0
    outer loop
      vertex 13.613679999999999 -10.26379999999999 0
      vertex 13.929760000000002 -10.04168 0
      vertex 13.929760000000002 -10.04168 12
    endloop
  endfacet
  facet normal 0.6005463758271865 -0.799589926450322 0
    outer loop
      vertex 13.929760000000002 -10.04168 0
      vertex 14.23876 -9.809599999999989 0
      vertex 14.23876 -9.809599999999989 12
    endloop
  endfacet
  facet normal 0.6251872982288655 -0.7804747543215549 0
    outer loop
      vertex 14.23876 -9.809599999999989 0
      vertex 14.540320000000001 -9.56804000000001 0
      vertex 14.540320000000001 -9.56804000000001 12
    endloop
  endfacet
  facet normal 0.6494858501235236 -0.7603736781933762 0
    outer loop
      vertex 14.540320000000001 -9.56804000000001 0
      vertex 14.834080000000004 -9.317120000000003 0
      vertex 14.834080000000004 -9.317120000000003 12
    endloop
  endfacet
  facet normal 0.6729355143759777 -0.7397011514737141 0
    outer loop
      vertex 14.834080000000004 -9.317120000000003 0
      vertex 15.11992 -9.05708 0
      vertex 15.11992 -9.05708 12
    endloop
  endfacet
  facet normal 0.6959954579069602 -0.7180461841503518 0
    outer loop
      vertex 15.11992 -9.05708 0
      vertex 15.397360000000003 -8.788160000000005 0
      vertex 15.397360000000003 -8.788160000000005 12
    endloop
  endfacet
  facet normal 0.7180461841503382 -0.6959954579069741 0
    outer loop
      vertex 15.397360000000003 -8.788160000000005 0
      vertex 15.666280000000004 -8.510720000000006 0
      vertex 15.397360000000003 -8.788160000000005 12
    endloop
  endfacet
  facet normal 0.7397011514737311 -0.6729355143759588 0
    outer loop
      vertex 15.666280000000004 -8.510720000000006 0
      vertex 15.926320000000004 -8.224879999999999 0
      vertex 15.666280000000004 -8.510720000000006 12
    endloop
  endfacet
  facet normal 0.7603736781933936 -0.6494858501235031 0
    outer loop
      vertex 15.926320000000004 -8.224879999999999 0
      vertex 16.17724 -7.931119999999993 0
      vertex 15.926320000000004 -8.224879999999999 12
    endloop
  endfacet
  facet normal 0.7803232180009095 -0.6253764270011343 0
    outer loop
      vertex 16.17724 -7.931119999999993 0
      vertex 16.41892 -7.629559999999998 0
      vertex 16.17724 -7.931119999999993 12
    endloop
  endfacet
  facet normal -0.9791985525179385 0.20290439804689805 0
    outer loop
      vertex 15.835240000000002 -1.833439999999996 0
      vertex 15.83093071886085 -1.8542362069549347 4.585809789522007
      vertex 15.835240000000002 -1.833439999999996 4.629779674839043
    endloop
  endfacet
  facet normal -0.9850879345912373 0.17205162342381475 0
    outer loop
      vertex 15.835240000000002 -1.833439999999996 0
      vertex 15.835240000000002 -1.833439999999996 4.629779674839043
      vertex 15.853592618743932 -1.72836140246614 4.851949702904731
    endloop
  endfacet
  facet normal -0.9850879345912399 0.17205162342379937 3.4112796009972243e-16
    outer loop
      vertex 15.835240000000002 -1.833439999999996 0
      vertex 15.853592618743932 -1.72836140246614 4.851949702904731
      vertex 15.870915432269857 -1.6291789928033733 5.129145968236613
    endloop
  endfacet
  facet normal -0.9850879345912377 0.1720516234238122 -1.5632728208962506e-16
    outer loop
      vertex 15.88552 -1.545560000000009 0
      vertex 15.870915432269857 -1.6291789928033733 5.129145968236613
      vertex 15.883409427872806 -1.5576441587903087 5.414729033951615
    endloop
  endfacet
  facet normal -0.9850879345912259 0.1720516234238802 0
    outer loop
      vertex 15.88552 -1.545560000000009 0
      vertex 15.883409427872806 -1.5576441587903087 5.414729033951615
      vertex 15.88552 -1.545560000000009 5.496193815295898
    endloop
  endfacet
  facet normal -0.9900233019925062 0.14090373136242595 0
    outer loop
      vertex 15.88552 -1.545560000000009 0
      vertex 15.88552 -1.545560000000009 5.496193815295898
      vertex 15.889948283711906 -1.5144458199834094 5.705948579011318
    endloop
  endfacet
  facet normal -0.9900233019925015 0.14090373136245954 -1.867637732375137e-16
    outer loop
      vertex 15.88552 -1.545560000000009 0
      vertex 15.889948283711906 -1.5144458199834094 5.705948579011318
      vertex 15.892004265560168 -1.5 6
    endloop
  endfacet
  facet normal -0.9900233019925072 0.14090373136242 0
    outer loop
      vertex 15.88552 -1.545560000000009 0
      vertex 15.926680000000001 -1.2563600000000008 12
      vertex 15.926680000000001 -1.2563600000000008 0
    endloop
  endfacet
  facet normal -0.9939685907218567 0.10966512963748376 0
    outer loop
      vertex 15.926680000000001 -1.2563600000000008 0
      vertex 15.926680000000001 -1.2563600000000008 12
      vertex 15.954964347107436 -1 0
    endloop
  endfacet
  facet normal 0.8181364276980833 -0.5750241609475372 -4.141056301725963e-16
    outer loop
      vertex 16.65088 -7.32056 0
      vertex 16.77373486727914 -7.145763793045065 4.585809789522007
      vertex 16.685264226704856 -7.27163859753386 4.851949702904731
    endloop
  endfacet
  facet normal 0.8181364276980638 -0.5750241609475647 0
    outer loop
      vertex 16.65088 -7.32056 0
      vertex 16.685264226704856 -7.27163859753386 4.851949702904731
      vertex 16.65088 -7.32056 4.988675863365247
    endloop
  endfacet
  facet normal 0.7997390386315943 -0.6003477909417283 0
    outer loop
      vertex 16.65088 -7.32056 0
      vertex 16.65088 -7.32056 4.988675863365247
      vertex 16.613150086636473 -7.370821007196627 5.129145968236613
    endloop
  endfacet
  facet normal 0.7997390386316106 -0.6003477909417068 3.3054161122699795e-16
    outer loop
      vertex 16.65088 -7.32056 0
      vertex 16.613150086636473 -7.370821007196627 5.129145968236613
      vertex 16.559450345220064 -7.442355841209691 5.414729033951615
    endloop
  endfacet
  facet normal 0.7997390386316251 -0.6003477909416876 1.0067375530368304e-15
    outer loop
      vertex 16.65088 -7.32056 0
      vertex 16.559450345220064 -7.442355841209691 5.414729033951615
      vertex 16.527022233020556 -7.485554180016591 5.705948579011318
    endloop
  endfacet
  facet normal 0.7997390386315829 -0.6003477909417437 1.0340548868182404e-15
    outer loop
      vertex 16.41892 -7.629559999999998 0
      vertex 16.527022233020556 -7.485554180016591 5.705948579011318
      vertex 16.516178050485436 -7.5 6
    endloop
  endfacet
  facet normal 0.9900115068198897 -0.1409865822133841 -1.6531626141339772e-16
    outer loop
      vertex 18.90304 -1.632320000000007 0
      vertex 18.889362836662603 -1.72836140246614 4.851949702904731
      vertex 18.87143712736589 -1.8542362069549347 4.585809789522007
    endloop
  endfacet
  facet normal 0.990011506819891 -0.14098658221337593 0
    outer loop
      vertex 18.90304 -1.632320000000007 0
      vertex 18.90304 -1.632320000000007 5.1203674412049764
      vertex 18.889362836662603 -1.72836140246614 4.851949702904731
    endloop
  endfacet
  facet normal 0.993970549306174 -0.10964737622023946 6.913341407411834e-15
    outer loop
      vertex 18.9454 -1.2483199999999925 0
      vertex 18.90338649235638 -1.6291789928033733 5.129145968236613
      vertex 18.90304 -1.632320000000007 5.1203674412049764
    endloop
  endfacet
  facet normal 0.9939705493061641 -0.1096473762203289 3.6248442563767954e-17
    outer loop
      vertex 18.9454 -1.2483199999999925 0
      vertex 18.911277678733445 -1.5576441587903087 5.414729033951615
      vertex 18.90338649235638 -1.6291789928033733 5.129145968236613
    endloop
  endfacet
  facet normal 0.9939705493061617 -0.109647376220351 -1.2400238681224395e-15
    outer loop
      vertex 18.9454 -1.2483199999999925 0
      vertex 18.91604299548308 -1.5144458199834094 5.705948579011318
      vertex 18.911277678733445 -1.5576441587903087 5.414729033951615
    endloop
  endfacet
  facet normal 0.9939705493061664 -0.10964737622030878 7.565301685339345e-16
    outer loop
      vertex 18.9454 -1.2483199999999925 0
      vertex 18.91763655 -1.5 6
      vertex 18.91604299548308 -1.5144458199834094 5.705948579011318
    endloop
  endfacet
  facet normal 0.9969083996749654 -0.07857253118933841 0
    outer loop
      vertex 18.9454 -1.2483199999999925 0
      vertex 18.964971638629283 -1 0
      vertex 18.964971638629283 -1 12
    endloop
  endfacet
  facet normal 0 0 -1
    outer loop
      vertex 16 3 0
      vertex 16 45 0
      vertex 16.6 45 0
    endloop
  endfacet
  facet normal 0 0 -1
    outer loop
      vertex 16 3 0
      vertex 16.6 45 0
      vertex 18.800402742909863 42 0
    endloop
  endfacet
  facet normal 0 0 -1
    outer loop
      vertex 16.205638400738067 3 0
      vertex 18.800402742909863 42 0
      vertex 19 42 0
    endloop
  endfacet
  facet normal 1 0 0
    outer loop
      vertex 19 -0.09080000000000155 0
      vertex 19 42 0
      vertex 19 45 6
    endloop
  endfacet
  facet normal -1 0 0
    outer loop
      vertex 16 3 4.5
      vertex 16 45 4.5
      vertex 16 45 0
    endloop
  endfacet
  facet normal 1 0 0
    outer loop
      vertex 19 -0.09080000000000155 0
      vertex 19 45 6
      vertex 19 45 9.6
    endloop
  endfacet
  facet normal 0.5226931405046216 -0.8525208976144901 0
    outer loop
      vertex 13 -10.65415567213115 0
      vertex 13.290640000000003 -10.47596 12
      vertex 13 -10.65415567213115 12
    endloop
  endfacet
  facet normal 0.5489548206595705 -0.8358520233119132 0
    outer loop
      vertex 13.290640000000003 -10.47596 0
      vertex 13.613679999999999 -10.26379999999999 12
      vertex 13.290640000000003 -10.47596 12
    endloop
  endfacet
  facet normal -0.9900233019925081 0.14090373136241285 1.7467078893076195e-16
    outer loop
      vertex 15.88552 -1.545560000000009 0
      vertex 15.892004265560168 -1.5 6
      vertex 15.926680000000001 -1.2563600000000008 12
    endloop
  endfacet
  facet normal 0.799739038631606 -0.6003477909417129 0
    outer loop
      vertex 16.41892 -7.629559999999998 0
      vertex 16.516178050485436 -7.5 6
      vertex 16.41892 -7.629559999999998 12
    endloop
  endfacet
  facet normal 0.993970549306165 -0.10964737622032013 2.696570224346902e-16
    outer loop
      vertex 18.9454 -1.2483199999999925 0
      vertex 18.90304 -1.632320000000007 12
      vertex 18.91763655 -1.5 6
    endloop
  endfacet
  facet normal 0.5749623767889758 -0.8181798489801444 0
    outer loop
      vertex 13.613679999999999 -10.26379999999999 0
      vertex 13.929760000000002 -10.04168 12
      vertex 13.613679999999999 -10.26379999999999 12
    endloop
  endfacet
  facet normal 0.6005463758271865 -0.799589926450322 0
    outer loop
      vertex 13.929760000000002 -10.04168 0
      vertex 14.23876 -9.809599999999989 12
      vertex 13.929760000000002 -10.04168 12
    endloop
  endfacet
  facet normal 0.6251872982288655 -0.7804747543215549 0
    outer loop
      vertex 14.23876 -9.809599999999989 0
      vertex 14.540320000000001 -9.56804000000001 12
      vertex 14.23876 -9.809599999999989 12
    endloop
  endfacet
  facet normal 0.6494858501235236 -0.7603736781933762 0
    outer loop
      vertex 14.540320000000001 -9.56804000000001 0
      vertex 14.834080000000004 -9.317120000000003 12
      vertex 14.540320000000001 -9.56804000000001 12
    endloop
  endfacet
  facet normal 0.6729355143759777 -0.7397011514737141 0
    outer loop
      vertex 14.834080000000004 -9.317120000000003 0
      vertex 15.11992 -9.05708 12
      vertex 14.834080000000004 -9.317120000000003 12
    endloop
  endfacet
  facet normal 0.6959954579069602 -0.7180461841503518 0
    outer loop
      vertex 15.11992 -9.05708 0
      vertex 15.397360000000003 -8.788160000000005 12
      vertex 15.11992 -9.05708 12
    endloop
  endfacet
  facet normal 0.7180461841503382 -0.6959954579069741 0
    outer loop
      vertex 15.666280000000004 -8.510720000000006 0
      vertex 15.666280000000004 -8.510720000000006 12
      vertex 15.397360000000003 -8.788160000000005 12
    endloop
  endfacet
  facet normal 0.7397011514737311 -0.6729355143759588 0
    outer loop
      vertex 15.926320000000004 -8.224879999999999 0
      vertex 15.926320000000004 -8.224879999999999 12
      vertex 15.666280000000004 -8.510720000000006 12
    endloop
  endfacet
  facet normal 0.7603736781933936 -0.6494858501235031 0
    outer loop
      vertex 16.17724 -7.931119999999993 0
      vertex 16.17724 -7.931119999999993 12
      vertex 15.926320000000004 -8.224879999999999 12
    endloop
  endfacet
  facet normal -0.9939685907218567 0.10966512963748376 0
    outer loop
      vertex 15.954964347107436 -1 0
      vertex 15.926680000000001 -1.2563600000000008 12
      vertex 15.954964347107436 -1 12
    endloop
  endfacet
  facet normal -0.9900233019925044 0.1409037313624384 -8.786814772074595e-16
    outer loop
      vertex 15.926680000000001 -1.2563600000000008 12
      vertex 15.892004265560168 -1.5 6
      vertex 15.889948283711906 -1.5144458199834094 6.294051420988682
    endloop
  endfacet
  facet normal -0.9900233019925065 0.14090373136242448 -2.372218287883324e-16
    outer loop
      vertex 15.926680000000001 -1.2563600000000008 12
      vertex 15.889948283711906 -1.5144458199834094 6.294051420988682
      vertex 15.88552 -1.545560000000009 6.503806184704103
    endloop
  endfacet
  facet normal -0.9850879345912259 0.1720516234238802 0
    outer loop
      vertex 15.88552 -1.545560000000009 12
      vertex 15.88552 -1.545560000000009 6.503806184704103
      vertex 15.883409427872806 -1.5576441587903087 6.585270966048385
    endloop
  endfacet
  facet normal -0.9850879345912377 0.1720516234238122 1.5632728208962506e-16
    outer loop
      vertex 15.88552 -1.545560000000009 12
      vertex 15.883409427872806 -1.5576441587903087 6.585270966048385
      vertex 15.870915432269857 -1.6291789928033733 6.870854031763387
    endloop
  endfacet
  facet normal -0.9850879345912398 0.17205162342380126 3.397470537260301e-16
    outer loop
      vertex 15.88552 -1.545560000000009 12
      vertex 15.870915432269857 -1.6291789928033733 6.870854031763387
      vertex 15.853592618743932 -1.72836140246614 7.148050297095269
    endloop
  endfacet
  facet normal -0.9850879345912372 0.17205162342381436 -1.7074610619470295e-16
    outer loop
      vertex 15.88552 -1.545560000000009 12
      vertex 15.853592618743932 -1.72836140246614 7.148050297095269
      vertex 15.835240000000002 -1.833439999999996 7.3702203251609575
    endloop
  endfacet
  facet normal -0.9791985525179385 0.20290439804689803 0
    outer loop
      vertex 15.835240000000002 -1.833439999999996 12
      vertex 15.835240000000002 -1.833439999999996 7.3702203251609575
      vertex 15.83093071886085 -1.8542362069549347 7.414190210477993
    endloop
  endfacet
  facet normal 0.7803232180009095 -0.6253764270011343 0
    outer loop
      vertex 16.41892 -7.629559999999998 0
      vertex 16.41892 -7.629559999999998 12
      vertex 16.17724 -7.931119999999993 12
    endloop
  endfacet
  facet normal 0.7997390386315829 -0.6003477909417437 -1.0340548868182404e-15
    outer loop
      vertex 16.41892 -7.629559999999998 12
      vertex 16.516178050485436 -7.5 6
      vertex 16.527022233020556 -7.485554180016591 6.294051420988682
    endloop
  endfacet
  facet normal 0.7997390386316189 -0.6003477909416957 8.561816984928156e-16
    outer loop
      vertex 16.41892 -7.629559999999998 12
      vertex 16.527022233020556 -7.485554180016591 6.294051420988682
      vertex 16.559450345220064 -7.442355841209691 6.585270966048385
    endloop
  endfacet
  facet normal 0.7997390386316097 -0.600347790941708 1.888357409275618e-16
    outer loop
      vertex 16.41892 -7.629559999999998 12
      vertex 16.559450345220064 -7.442355841209691 6.585270966048385
      vertex 16.613150086636473 -7.370821007196627 6.870854031763387
    endloop
  endfacet
  facet normal 0.799739038631596 -0.6003477909417263 -1.2451644525740406e-15
    outer loop
      vertex 16.41892 -7.629559999999998 12
      vertex 16.613150086636473 -7.370821007196627 6.870854031763387
      vertex 16.65088 -7.32056 7.011324136634753
    endloop
  endfacet
  facet normal 0.8181364276980638 -0.5750241609475647 0
    outer loop
      vertex 16.65088 -7.32056 12
      vertex 16.65088 -7.32056 7.011324136634753
      vertex 16.685264226704856 -7.27163859753386 7.148050297095269
    endloop
  endfacet
  facet normal 0.8181364276980833 -0.5750241609475372 4.141056301725963e-16
    outer loop
      vertex 16.65088 -7.32056 12
      vertex 16.685264226704856 -7.27163859753386 7.148050297095269
      vertex 16.77373486727914 -7.145763793045065 7.414190210477993
    endloop
  endfacet
  facet normal 0.9939705493061641 -0.10964737622032851 0
    outer loop
      vertex 18.9454 -1.2483199999999925 0
      vertex 18.9454 -1.2483199999999925 12
      vertex 18.90304 -1.632320000000007 12
    endloop
  endfacet
  facet normal 0.9969083996749654 -0.07857253118933841 0
    outer loop
      vertex 18.9454 -1.2483199999999925 0
      vertex 18.964971638629283 -1 12
      vertex 18.9454 -1.2483199999999925 12
    endloop
  endfacet
  facet normal 0.9939705493061715 -0.1096473762202618 1.5702681757064045e-15
    outer loop
      vertex 18.90304 -1.632320000000007 12
      vertex 18.91604299548308 -1.5144458199834094 6.294051420988682
      vertex 18.91763655 -1.5 6
    endloop
  endfacet
  facet normal 0.9939705493061604 -0.10964737622036286 -5.404573536581039e-16
    outer loop
      vertex 18.90304 -1.632320000000007 12
      vertex 18.911277678733445 -1.5576441587903087 6.585270966048385
      vertex 18.91604299548308 -1.5144458199834094 6.294051420988682
    endloop
  endfacet
  facet normal 0.9939705493061641 -0.10964737622032904 -6.799526480835878e-17
    outer loop
      vertex 18.90304 -1.632320000000007 12
      vertex 18.90338649235638 -1.6291789928033733 6.870854031763387
      vertex 18.911277678733445 -1.5576441587903087 6.585270966048385
    endloop
  endfacet
  facet normal 0.9939705493061762 -0.10964737622021935 0
    outer loop
      vertex 18.90304 -1.632320000000007 12
      vertex 18.90304 -1.632320000000007 6.8796325587950236
      vertex 18.90338649235638 -1.6291789928033733 6.870854031763387
    endloop
  endfacet
  facet normal 0.990011506819891 -0.14098658221337593 0
    outer loop
      vertex 18.90304 -1.632320000000007 12
      vertex 18.889362836662603 -1.72836140246614 7.148050297095269
      vertex 18.90304 -1.632320000000007 6.8796325587950236
    endloop
  endfacet
  facet normal 0.9900115068198897 -0.1409865822133841 1.6531626141339772e-16
    outer loop
      vertex 18.90304 -1.632320000000007 12
      vertex 18.87143712736589 -1.8542362069549347 7.414190210477993
      vertex 18.889362836662603 -1.72836140246614 7.148050297095269
    endloop
  endfacet
  facet normal 1 0 0
    outer loop
      vertex 19 -0.09080000000000155 0
      vertex 19 42.748866715037906 12
      vertex 19 -0.09080000000000155 12
    endloop
  endfacet
  facet normal -0.6730408400910115 0.7396053187812982 0
    outer loop
      vertex 13 -6.9304784 12
      vertex 13.06624 -6.870199999999997 7.834186928304486
      vertex 13 -6.9304784 7.752910914549764
    endloop
  endfacet
  facet normal -0.6959342003775254 0.7181055554338054 0
    outer loop
      vertex 13.06624 -6.870199999999997 12
      vertex 13.119038791271809 -6.819031360088211 7.903179852490936
      vertex 13.06624 -6.870199999999997 7.834186928304486
    endloop
  endfacet
  facet normal -0.6959342003775292 0.7181055554338018 -9.54714492950977e-17
    outer loop
      vertex 13.06624 -6.870199999999997 12
      vertex 13.276120000000002 -6.666799999999995 8.071141275322942
      vertex 13.119038791271809 -6.819031360088211 7.903179852490936
    endloop
  endfacet
  facet normal -0.7181118942632437 0.6959276595434729 0
    outer loop
      vertex 13.276120000000002 -6.666799999999995 12
      vertex 13.320194678495403 -6.621320343559643 8.121320343559642
      vertex 13.276120000000002 -6.666799999999995 8.071141275322942
    endloop
  endfacet
  facet normal -0.7181118942632412 0.6959276595434756 0
    outer loop
      vertex 13.479400000000002 -6.457040000000006 12
      vertex 13.479400000000002 -6.457040000000006 8.270215367870412
      vertex 13.320194678495403 -6.621320343559643 8.121320343559642
    endloop
  endfacet
  facet normal -0.7397913613826504 0.6728363408910107 0
    outer loop
      vertex 13.479400000000002 -6.457040000000006 12
      vertex 13.528385520055444 -6.403179852490936 8.31903136008821
      vertex 13.479400000000002 -6.457040000000006 8.270215367870412
    endloop
  endfacet
  facet normal -0.6730408400910114 0.7396053187812981 0
    outer loop
      vertex 13 -6.9304784 12
      vertex 13.06624 -6.870199999999997 12
      vertex 13.06624 -6.870199999999997 7.834186928304486
    endloop
  endfacet
  facet normal -0.6959342003775283 0.7181055554338026 0
    outer loop
      vertex 13.06624 -6.870199999999997 12
      vertex 13.276120000000002 -6.666799999999995 12
      vertex 13.276120000000002 -6.666799999999995 8.071141275322942
    endloop
  endfacet
  facet normal -0.7181118942632417 0.6959276595434749 4.5934293813965716e-17
    outer loop
      vertex 13.276120000000002 -6.666799999999995 12
      vertex 13.479400000000002 -6.457040000000006 12
      vertex 13.320194678495403 -6.621320343559643 8.121320343559642
    endloop
  endfacet
  facet normal -0.7397913613826558 0.672836340891005 -1.5325196101774985e-16
    outer loop
      vertex 13.479400000000002 -6.457040000000006 12
      vertex 13.675960000000003 -6.2409199999999885 12
      vertex 13.528385520055444 -6.403179852490936 8.31903136008821
    endloop
  endfacet
  facet normal 0 0 1
    outer loop
      vertex 12.566736503496502 -9.833682517482506 12
      vertex 13.613679999999999 -10.26379999999999 12
      vertex 12.252079536178103 -8.260397680890515 12
    endloop
  endfacet
  facet normal 0 0 1
    outer loop
      vertex 12.566736503496502 -9.833682517482506 12
      vertex 13 -10.65415567213115 12
      vertex 13.290640000000003 -10.47596 12
    endloop
  endfacet
  facet normal 0 0 1
    outer loop
      vertex 12.566736503496502 -9.833682517482506 12
      vertex 13.290640000000003 -10.47596 12
      vertex 13.613679999999999 -10.26379999999999 12
    endloop
  endfacet
  facet normal 0 0 1
    outer loop
      vertex 13 -9.14049236713373 12
      vertex 12.252079536178103 -8.260397680890515 12
      vertex 13.613679999999999 -10.26379999999999 12
    endloop
  endfacet
  facet normal 0 0 1
    outer loop
      vertex 13 -9.14049236713373 12
      vertex 13.613679999999999 -10.26379999999999 12
      vertex 13.929760000000002 -10.04168 12
    endloop
  endfacet
  facet normal 0 0 1
    outer loop
      vertex 13 -9.14049236713373 12
      vertex 13.06624 -6.870199999999997 12
      vertex 13 -6.9304784 12
    endloop
  endfacet
  facet normal -0.7397913613826576 0.6728363408910032 0
    outer loop
      vertex 13.675960000000003 -6.2409199999999885 12
      vertex 13.675960000000003 -6.2409199999999885 8.439371468326142
      vertex 13.528385520055444 -6.403179852490936 8.31903136008821
    endloop
  endfacet
  facet normal -0.7601835027288968 0.6497084285884133 0
    outer loop
      vertex 13.675960000000003 -6.2409199999999885 12
      vertex 13.739384696968644 -6.1667106990588065 8.494408836907635
      vertex 13.675960000000003 -6.2409199999999885 8.439371468326142
    endloop
  endfacet
  facet normal -0.7601835027288982 0.6497084285884118 0
    outer loop
      vertex 13.8658 -6.018799999999999 12
      vertex 13.8658 -6.018799999999999 8.583063098168253
      vertex 13.739384696968644 -6.1667106990588065 8.494408836907635
    endloop
  endfacet
  facet normal -0.7804678950280438 0.6251958611751155 0
    outer loop
      vertex 13.8658 -6.018799999999999 12
      vertex 13.949597947185525 -5.914190210477993 8.645763793045065
      vertex 13.8658 -6.018799999999999 8.583063098168253
    endloop
  endfacet
  facet normal -0.7804678950280498 0.6251958611751081 0
    outer loop
      vertex 14.04844 -5.790800000000004 12
      vertex 14.04844 -5.790800000000004 8.70412301629097
      vertex 13.949597947185525 -5.914190210477993 8.645763793045065
    endloop
  endfacet
  facet normal -0.7996548702732273 0.6004598974522013 0
    outer loop
      vertex 14.04844 -5.790800000000004 12
      vertex 14.155630583280287 -5.648050297095269 8.77163859753386
      vertex 14.04844 -5.790800000000004 8.70412301629097
    endloop
  endfacet
  facet normal -0.7996548702732316 0.6004598974521953 0
    outer loop
      vertex 14.223880000000001 -5.557159999999996 12
      vertex 14.223880000000001 -5.557159999999996 8.804159665846525
      vertex 14.155630583280287 -5.648050297095269 8.77163859753386
    endloop
  endfacet
  facet normal -0.818149919977741 0.5750049638398055 -2.05736774336474e-16
    outer loop
      vertex 14.39188 -5.3181200000000075 12
      vertex 14.354817929483568 -5.370854031763387 8.870821007196627
      vertex 14.223880000000001 -5.557159999999996 8.804159665846525
    endloop
  endfacet
  facet normal -0.8181499199777468 0.5750049638397974 0
    outer loop
      vertex 14.39188 -5.3181200000000075 12
      vertex 14.39188 -5.3181200000000075 8.884030194511666
      vertex 14.354817929483568 -5.370854031763387 8.870821007196627
    endloop
  endfacet
  facet normal -0.8359477943272664 0.5488089696418765 -1.6972128268196373e-16
    outer loop
      vertex 14.552200000000003 -5.073920000000001 12
      vertex 14.544747965287158 -5.085270966048385 8.942355841209691
      vertex 14.39188 -5.3181200000000075 8.884030194511666
    endloop
  endfacet
  facet normal -0.8359477943272874 0.5488089696418446 0
    outer loop
      vertex 14.552200000000003 -5.073920000000001 12
      vertex 14.552200000000003 -5.073920000000001 8.944039597967992
      vertex 14.544747965287158 -5.085270966048385 8.942355841209691
    endloop
  endfacet
  facet normal -0.8526720812391086 0.5224464775222117 0
    outer loop
      vertex 14.70484 -4.824799999999996 12
      vertex 14.70484 -4.824799999999996 8.980993059183547
      vertex 14.552200000000003 -5.073920000000001 8.944039597967992
    endloop
  endfacet
  facet normal -0.868420044625317 0.4958292307770515 0
    outer loop
      vertex 14.70484 -4.824799999999996 12
      vertex 14.722396071365495 -4.794051420988682 8.98555418001659
      vertex 14.70484 -4.824799999999996 8.980993059183547
    endloop
  endfacet
  facet normal -0.8684200446253058 0.49582923077707125 0
    outer loop
      vertex 14.84968 -4.571119999999993 12
      vertex 14.84968 -4.571119999999993 8.996506098444396
      vertex 14.722396071365495 -4.794051420988682 8.98555418001659
    endloop
  endfacet
  facet normal -0.9791985525179342 0.20290439804691884 -9.852343209419952e-17
    outer loop
      vertex 15.835240000000002 -1.833439999999996 12
      vertex 15.83093071886085 -1.8542362069549347 7.414190210477993
      vertex 15.79956773717801 -2.0055911630923644 7.6667106990588065
    endloop
  endfacet
  facet normal -0.979198552517936 0.2029043980469105 2.481997419573537e-16
    outer loop
      vertex 15.835240000000002 -1.833439999999996 12
      vertex 15.79956773717801 -2.0055911630923644 7.6667106990588065
      vertex 15.775960000000005 -2.1195199999999943 7.820325952873831
    endloop
  endfacet
  facet normal -0.9723947595141781 0.23334187723030708 0
    outer loop
      vertex 15.775960000000005 -2.1195199999999943 12
      vertex 15.775960000000005 -2.1195199999999943 7.820325952873831
      vertex 15.761214403265782 -2.180968639911789 7.903179852490936
    endloop
  endfacet
  facet normal -0.9723947595141799 0.2333418772302997 1.1779711135109587e-16
    outer loop
      vertex 15.775960000000005 -2.1195199999999943 12
      vertex 15.761214403265782 -2.180968639911789 7.903179852490936
      vertex 15.71377044154705 -2.378679656440357 8.121320343559642
    endloop
  endfacet
  facet normal -0.9557790087219431 0.29408584883754546 -4.779108403648776e-16
    outer loop
      vertex 15.630760000000002 -2.6853200000000044 12
      vertex 15.585230984325788 -2.8332893009411935 8.494408836907635
      vertex 15.54484 -2.9645599999999916 8.57308946599178
    endloop
  endfacet
  facet normal -0.946064658888993 0.32397787146848994 0
    outer loop
      vertex 15.54484 -2.9645599999999916 12
      vertex 15.54484 -2.9645599999999916 8.57308946599178
      vertex 15.503318262181915 -3.085809789522007 8.645763793045065
    endloop
  endfacet
  facet normal -0.9723947595141814 0.23334187723029332 5.933354311237029e-16
    outer loop
      vertex 15.775960000000005 -2.1195199999999943 12
      vertex 15.71377044154705 -2.378679656440357 8.121320343559642
      vertex 15.707799999999999 -2.4035599999999846 8.143870572509135
    endloop
  endfacet
  facet normal -0.9645929722203207 0.26374305288133615 0
    outer loop
      vertex 15.707799999999999 -2.4035599999999846 12
      vertex 15.707799999999999 -2.4035599999999846 8.143870572509135
      vertex 15.654958000553314 -2.5968201475090638 8.31903136008821
    endloop
  endfacet
  facet normal -0.9645929722203214 0.26374305288133426 1.0876834352997882e-16
    outer loop
      vertex 15.707799999999999 -2.4035599999999846 12
      vertex 15.654958000553314 -2.5968201475090638 8.31903136008821
      vertex 15.630760000000002 -2.6853200000000044 8.384667324033112
    endloop
  endfacet
  facet normal -0.9557790087219462 0.29408584883753514 0
    outer loop
      vertex 15.630760000000002 -2.6853200000000044 12
      vertex 15.630760000000002 -2.6853200000000044 8.384667324033112
      vertex 15.585230984325788 -2.8332893009411935 8.494408836907635
    endloop
  endfacet
  facet normal -0.8838378619584616 0.4677933665291711 0
    outer loop
      vertex 14.84968 -4.571119999999993 12
      vertex 14.887322044609665 -4.5 9
      vertex 14.84968 -4.571119999999993 8.996506098444396
    endloop
  endfacet
  facet normal -0.9354992558270222 0.35332866052315604 0
    outer loop
      vertex 15.45016 -3.241039999999998 12
      vertex 15.45016 -3.241039999999998 8.71918221475535
      vertex 15.408270520642043 -3.3519497029047307 8.77163859753386
    endloop
  endfacet
  facet normal -0.9460646588889929 0.32397787146848966 9.296942198820173e-18
    outer loop
      vertex 15.54484 -2.9645599999999916 12
      vertex 15.503318262181915 -3.085809789522007 8.645763793045065
      vertex 15.45016 -3.241039999999998 8.71918221475535
    endloop
  endfacet
  facet normal -0.9354992558270246 0.3533286605231495 2.56959871541352e-16
    outer loop
      vertex 15.45016 -3.241039999999998 12
      vertex 15.408270520642043 -3.3519497029047307 8.77163859753386
      vertex 15.346960000000003 -3.5142799999999994 8.829721306577234
    endloop
  endfacet
  facet normal -0.923876703835174 0.3826902613219393 0
    outer loop
      vertex 15.346960000000003 -3.5142799999999994 12
      vertex 15.346960000000003 -3.5142799999999994 8.829721306577234
      vertex 15.299379963379327 -3.629145968236613 8.870821007196627
    endloop
  endfacet
  facet normal -0.9238767038351761 0.38269026132193434 2.1591145462100738e-16
    outer loop
      vertex 15.346960000000003 -3.5142799999999994 12
      vertex 15.299379963379327 -3.629145968236613 8.870821007196627
      vertex 15.235120000000002 -3.7842800000000096 8.90968005923526
    endloop
  endfacet
  facet normal -0.8838378619584674 0.46779336652916026 0
    outer loop
      vertex 14.986360000000001 -4.312880000000007 12
      vertex 14.986360000000001 -4.312880000000007 8.990807383871138
      vertex 14.887322044609665 -4.5 9
    endloop
  endfacet
  facet normal -0.898013025170361 0.4399688700628448 1.156945497332848e-16
    outer loop
      vertex 15.11488 -4.05055999999999 12
      vertex 15.03874954797753 -4.205948579011318 8.98555418001659
      vertex 14.986360000000001 -4.312880000000007 8.990807383871138
    endloop
  endfacet
  facet normal -0.8980130251703601 0.43996887006284663 0
    outer loop
      vertex 15.11488 -4.05055999999999 12
      vertex 15.11488 -4.05055999999999 8.962504461696765
      vertex 15.03874954797753 -4.205948579011318 8.98555418001659
    endloop
  endfacet
  facet normal -0.9113904779306419 0.4115427034189238 -9.835186257513934e-17
    outer loop
      vertex 15.235120000000002 -3.7842800000000096 12
      vertex 15.176215118513062 -3.914729033951615 8.942355841209691
      vertex 15.11488 -4.05055999999999 8.962504461696765
    endloop
  endfacet
  facet normal -0.9113904779306428 0.4115427034189219 0
    outer loop
      vertex 15.235120000000002 -3.7842800000000096 12
      vertex 15.235120000000002 -3.7842800000000096 8.90968005923526
      vertex 15.176215118513062 -3.914729033951615 8.942355841209691
    endloop
  endfacet
  facet normal -0.9900233019925071 0.14090373136241996 0
    outer loop
      vertex 15.88552 -1.545560000000009 12
      vertex 15.926680000000001 -1.2563600000000008 12
      vertex 15.88552 -1.545560000000009 6.503806184704103
    endloop
  endfacet
  facet normal -0.9850879345912379 0.17205162342381178 0
    outer loop
      vertex 15.835240000000002 -1.833439999999996 12
      vertex 15.88552 -1.545560000000009 12
      vertex 15.835240000000002 -1.833439999999996 7.3702203251609575
    endloop
  endfacet
  facet normal 0.8181364276980733 -0.5750241609475512 -3.786350780265089e-16
    outer loop
      vertex 16.65088 -7.32056 12
      vertex 16.77373486727914 -7.145763793045065 7.414190210477993
      vertex 16.87312 -7.004359999999991 7.650108186460889
    endloop
  endfacet
  facet normal 0.8357584188318599 -0.5490973186527772 0
    outer loop
      vertex 16.87312 -7.004359999999991 12
      vertex 16.87312 -7.004359999999991 7.650108186460889
      vertex 16.87965796222493 -6.994408836907636 7.6667106990588065
    endloop
  endfacet
  facet normal 0.8357584188318363 -0.549097318652813 -1.176771263944243e-16
    outer loop
      vertex 16.87312 -7.004359999999991 12
      vertex 16.87965796222493 -6.994408836907636 7.6667106990588065
      vertex 16.99488181172948 -6.819031360088211 7.903179852490936
    endloop
  endfacet
  facet normal 0.8357584188318391 -0.5490973186528091 1.371855179165571e-16
    outer loop
      vertex 16.87312 -7.004359999999991 12
      vertex 16.99488181172948 -6.819031360088211 7.903179852490936
      vertex 17.08528 -6.681439999999995 8.054988524478203
    endloop
  endfacet
  facet normal 0.8527440409803927 -0.5223290156332793 0
    outer loop
      vertex 17.08528 -6.681439999999995 12
      vertex 17.08528 -6.681439999999995 8.054988524478203
      vertex 17.122104931585095 -6.621320343559643 8.121320343559642
    endloop
  endfacet
  facet normal 0.8527440409803881 -0.5223290156332866 -1.5689584926983444e-16
    outer loop
      vertex 17.08528 -6.681439999999995 12
      vertex 17.122104931585095 -6.621320343559643 8.121320343559642
      vertex 17.25572194031691 -6.403179852490936 8.31903136008821
    endloop
  endfacet
  facet normal 0.8527440409803804 -0.5223290156332991 -1.4253458330073211e-15
    outer loop
      vertex 17.08528 -6.681439999999995 12
      vertex 17.25572194031691 -6.403179852490936 8.31903136008821
      vertex 17.28712 -6.351919999999993 8.357048257689943
    endloop
  endfacet
  facet normal 0.8686823864887793 -0.4953694695923026 0
    outer loop
      vertex 17.28712 -6.351919999999993 12
      vertex 17.28712 -6.351919999999993 8.357048257689943
      vertex 17.39273631569582 -6.1667106990588065 8.494408836907635
    endloop
  endfacet
  facet normal 0.868682386488784 -0.495369469592294 5.982847175712656e-16
    outer loop
      vertex 17.28712 -6.351919999999993 12
      vertex 17.39273631569582 -6.1667106990588065 8.494408836907635
      vertex 17.47852 -6.016280000000009 8.584573528041126
    endloop
  endfacet
  facet normal 0.8836821188645467 -0.4680875054934334 0
    outer loop
      vertex 17.47852 -6.016280000000009 12
      vertex 17.47852 -6.016280000000009 8.584573528041126
      vertex 17.532597087103575 -5.914190210477993 8.645763793045065
    endloop
  endfacet
  facet normal 0.8836821188645531 -0.46808750549342154 4.593609739432168e-16
    outer loop
      vertex 17.47852 -6.016280000000009 12
      vertex 17.532597087103575 -5.914190210477993 8.645763793045065
      vertex 17.65936 -5.6748799999999875 8.7589490931123
    endloop
  endfacet
  facet normal 0.7997390386316057 -0.6003477909417133 0
    outer loop
      vertex 16.41892 -7.629559999999998 12
      vertex 16.65088 -7.32056 7.011324136634753
      vertex 16.65088 -7.32056 12
    endloop
  endfacet
  facet normal 0.8980001167418956 -0.43999521625983834 0
    outer loop
      vertex 17.65936 -5.6748799999999875 12
      vertex 17.65936 -5.6748799999999875 8.7589490931123
      vertex 17.672505812246193 -5.648050297095269 8.77163859753386
    endloop
  endfacet
  facet normal 0.8980001167419206 -0.43999521625978744 5.25016569185851e-16
    outer loop
      vertex 17.65936 -5.6748799999999875 12
      vertex 17.672505812246193 -5.648050297095269 8.77163859753386
      vertex 17.808324314312333 -5.370854031763387 8.870821007196627
    endloop
  endfacet
  facet normal 0.8980001167419088 -0.4399952162598113 -2.3501014226387384e-15
    outer loop
      vertex 17.65936 -5.6748799999999875 12
      vertex 17.808324314312333 -5.370854031763387 8.870821007196627
      vertex 17.8294 -5.327839999999995 8.88159546125861
    endloop
  endfacet
  facet normal 0.9114269548395607 -0.41146191317287845 0
    outer loop
      vertex 17.8294 -5.327839999999995 12
      vertex 17.8294 -5.327839999999995 8.88159546125861
      vertex 17.938907315157028 -5.085270966048385 8.942355841209691
    endloop
  endfacet
  facet normal 0.9114269548395598 -0.4114619131728806 -2.237650881996361e-16
    outer loop
      vertex 17.8294 -5.327839999999995 12
      vertex 17.938907315157028 -5.085270966048385 8.942355841209691
      vertex 17.988400000000002 -4.975639999999984 8.958618058823264
    endloop
  endfacet
  facet normal 0.9238653785242178 -0.3827176013254467 0
    outer loop
      vertex 17.988400000000002 -4.975639999999984 12
      vertex 17.988400000000002 -4.975639999999984 8.958618058823264
      vertex 18.063624320558823 -4.794051420988682 8.98555418001659
    endloop
  endfacet
  facet normal 0.9238653785242226 -0.38271760132543525 8.043945114008404e-16
    outer loop
      vertex 17.988400000000002 -4.975639999999984 12
      vertex 18.063624320558823 -4.794051420988682 8.98555418001659
      vertex 18.13624 -4.618759999999995 8.994165695321378
    endloop
  endfacet
  facet normal 0.99001150681989 -0.140986582213382 8.158870619307139e-17
    outer loop
      vertex 18.84856 -2.014879999999991 12
      vertex 18.849882814289856 -2.0055911630923644 7.6667106990588065
      vertex 18.87143712736589 -1.8542362069549347 7.414190210477993
    endloop
  endfacet
  facet normal 0.9900115068198848 -0.14098658221341934 0
    outer loop
      vertex 18.84856 -2.014879999999991 12
      vertex 18.84856 -2.014879999999991 7.679235245766575
      vertex 18.849882814289856 -2.0055911630923644 7.6667106990588065
    endloop
  endfacet
  facet normal 0.9850884172772955 -0.1720488597640597 0
    outer loop
      vertex 18.84856 -2.014879999999991 12
      vertex 18.81955208495866 -2.180968639911789 7.903179852490936
      vertex 18.84856 -2.014879999999991 7.679235245766575
    endloop
  endfacet
  facet normal 0.9850884172772942 -0.17204885976406625 2.085174568357196e-17
    outer loop
      vertex 18.78208 -2.3955199999999905 12
      vertex 18.78502122015512 -2.378679656440357 8.121320343559642
      vertex 18.81955208495866 -2.180968639911789 7.903179852490936
    endloop
  endfacet
  facet normal 0.9724183041644847 -0.23324373887816952 2.205901510789088e-16
    outer loop
      vertex 18.6136 -3.1495999999999924 12
      vertex 18.628900686064828 -3.085809789522007 8.645763793045065
      vertex 18.689470116573993 -2.8332893009411935 8.494408836907635
    endloop
  endfacet
  facet normal 0.9724183041644898 -0.23324373887814848 0
    outer loop
      vertex 18.70372 -2.7738800000000055 12
      vertex 18.689470116573993 -2.8332893009411935 8.494408836907635
      vertex 18.70372 -2.7738800000000055 8.450347896410964
    endloop
  endfacet
  facet normal 0.9850884172772935 -0.17204885976407092 0
    outer loop
      vertex 18.78208 -2.3955199999999905 12
      vertex 18.78208 -2.3955199999999905 8.136583541270225
      vertex 18.78502122015512 -2.378679656440357 8.121320343559642
    endloop
  endfacet
  facet normal 0.9792200298047496 -0.2028007229503514 0
    outer loop
      vertex 18.78208 -2.3955199999999905 12
      vertex 18.740389864788007 -2.5968201475090638 8.31903136008821
      vertex 18.78208 -2.3955199999999905 8.136583541270225
    endloop
  endfacet
  facet normal 0.9792200298047472 -0.20280072295036328 0
    outer loop
      vertex 18.70372 -2.7738800000000055 12
      vertex 18.70372 -2.7738800000000055 8.450347896410964
      vertex 18.740389864788007 -2.5968201475090638 8.31903136008821
    endloop
  endfacet
  facet normal 0.9354971825189411 -0.35333414991919904 0
    outer loop
      vertex 18.13624 -4.618759999999995 12
      vertex 18.13624 -4.618759999999995 8.994165695321378
      vertex 18.181095253899766 -4.5 9
    endloop
  endfacet
  facet normal 0.9354971825189392 -0.3533341499192039 0
    outer loop
      vertex 18.2728 -4.257199999999997 12
      vertex 18.181095253899766 -4.5 9
      vertex 18.2728 -4.257199999999997 8.988072000875974
    endloop
  endfacet
  facet normal 0.9460738313071234 -0.32395108537533956 0
    outer loop
      vertex 18.2728 -4.257199999999997 12
      vertex 18.2728 -4.257199999999997 8.988072000875974
      vertex 18.29034932110676 -4.205948579011318 8.98555418001659
    endloop
  endfacet
  facet normal 0.9460738313071138 -0.32395108537536793 -5.38842456128673e-16
    outer loop
      vertex 18.2728 -4.257199999999997 12
      vertex 18.29034932110676 -4.205948579011318 8.98555418001659
      vertex 18.390067635452553 -3.914729033951615 8.942355841209691
    endloop
  endfacet
  facet normal 0.9557857224550806 -0.2940640283186972 0
    outer loop
      vertex 18.39796 -3.891680000000008 12
      vertex 18.39796 -3.891680000000008 8.936582358759807
      vertex 18.47873314102662 -3.629145968236613 8.870821007196627
    endloop
  endfacet
  facet normal 0.972418304164482 -0.23324373887818045 0
    outer loop
      vertex 18.6136 -3.1495999999999924 12
      vertex 18.6136 -3.1495999999999924 8.675934315647845
      vertex 18.628900686064828 -3.085809789522007 8.645763793045065
    endloop
  endfacet
  facet normal 0.964534133709413 -0.26395814992046024 0
    outer loop
      vertex 18.6136 -3.1495999999999924 12
      vertex 18.558224195921117 -3.3519497029047307 8.77163859753386
      vertex 18.6136 -3.1495999999999924 8.675934315647845
    endloop
  endfacet
  facet normal 0.9645341337094093 -0.2639581499204736 0
    outer loop
      vertex 18.5116 -3.5223200000000077 12
      vertex 18.5116 -3.5223200000000077 8.832598064576606
      vertex 18.558224195921117 -3.3519497029047307 8.77163859753386
    endloop
  endfacet
  facet normal 0.9557857224550769 -0.2940640283187094 0
    outer loop
      vertex 18.5116 -3.5223200000000077 12
      vertex 18.47873314102662 -3.629145968236613 8.870821007196627
      vertex 18.5116 -3.5223200000000077 8.832598064576606
    endloop
  endfacet
  facet normal 0.9460738313071145 -0.3239510853753656 0
    outer loop
      vertex 18.39796 -3.891680000000008 12
      vertex 18.390067635452553 -3.914729033951615 8.942355841209691
      vertex 18.39796 -3.891680000000008 8.936582358759807
    endloop
  endfacet
  facet normal 0.9900115068198901 -0.14098658221338226 7.34203018659135e-17
    outer loop
      vertex 18.84856 -2.014879999999991 12
      vertex 18.87143712736589 -1.8542362069549347 7.414190210477993
      vertex 18.90304 -1.632320000000007 12
    endloop
  endfacet
  facet normal -0.7601835027288978 0.6497084285884123 -3.725824951803179e-17
    outer loop
      vertex 13.675960000000003 -6.2409199999999885 12
      vertex 13.8658 -6.018799999999999 12
      vertex 13.739384696968644 -6.1667106990588065 8.494408836907635
    endloop
  endfacet
  facet normal -0.780467895028047 0.6251958611751115 -2.053595000171924e-16
    outer loop
      vertex 13.8658 -6.018799999999999 12
      vertex 14.04844 -5.790800000000004 12
      vertex 13.949597947185525 -5.914190210477993 8.645763793045065
    endloop
  endfacet
  facet normal -0.799654870273229 0.6004598974521991 -1.5816192778066553e-16
    outer loop
      vertex 14.04844 -5.790800000000004 12
      vertex 14.223880000000001 -5.557159999999996 12
      vertex 14.155630583280287 -5.648050297095269 8.77163859753386
    endloop
  endfacet
  facet normal -0.8181499199777423 0.5750049638398036 0
    outer loop
      vertex 14.223880000000001 -5.557159999999996 12
      vertex 14.39188 -5.3181200000000075 12
      vertex 14.223880000000001 -5.557159999999996 8.804159665846525
    endloop
  endfacet
  facet normal -0.8359477943272675 0.5488089696418751 0
    outer loop
      vertex 14.39188 -5.3181200000000075 12
      vertex 14.552200000000003 -5.073920000000001 12
      vertex 14.39188 -5.3181200000000075 8.884030194511666
    endloop
  endfacet
  facet normal -0.8526720812391086 0.5224464775222117 0
    outer loop
      vertex 14.552200000000003 -5.073920000000001 12
      vertex 14.70484 -4.824799999999996 12
      vertex 14.552200000000003 -5.073920000000001 8.944039597967992
    endloop
  endfacet
  facet normal -0.8684200446253071 0.49582923077706875 2.354150852703143e-16
    outer loop
      vertex 14.70484 -4.824799999999996 12
      vertex 14.84968 -4.571119999999993 12
      vertex 14.722396071365495 -4.794051420988682 8.98555418001659
    endloop
  endfacet
  facet normal 0 0 1
    outer loop
      vertex 13 -9.14049236713373 12
      vertex 13.929760000000002 -10.04168 12
      vertex 14.23876 -9.809599999999989 12
    endloop
  endfacet
  facet normal 0 0 1
    outer loop
      vertex 13 -9.14049236713373 12
      vertex 14.834080000000004 -9.317120000000003 12
      vertex 13.06624 -6.870199999999997 12
    endloop
  endfacet
  facet normal 0 0 1
    outer loop
      vertex 13 -9.14049236713373 12
      vertex 14.23876 -9.809599999999989 12
      vertex 14.540320000000001 -9.56804000000001 12
    endloop
  endfacet
  facet normal 0 0 1
    outer loop
      vertex 13 -9.14049236713373 12
      vertex 14.540320000000001 -9.56804000000001 12
      vertex 14.834080000000004 -9.317120000000003 12
    endloop
  endfacet
  facet normal 0 0 1
    outer loop
      vertex 13.06624 -6.870199999999997 12
      vertex 14.834080000000004 -9.317120000000003 12
      vertex 15.11992 -9.05708 12
    endloop
  endfacet
  facet normal 0 0 1
    outer loop
      vertex 13.06624 -6.870199999999997 12
      vertex 15.11992 -9.05708 12
      vertex 13.276120000000002 -6.666799999999995 12
    endloop
  endfacet
  facet normal 0 0 1
    outer loop
      vertex 13.276120000000002 -6.666799999999995 12
      vertex 15.397360000000003 -8.788160000000005 12
      vertex 13.479400000000002 -6.457040000000006 12
    endloop
  endfacet
  facet normal 0 0 1
    outer loop
      vertex 13.479400000000002 -6.457040000000006 12
      vertex 15.666280000000004 -8.510720000000006 12
      vertex 13.675960000000003 -6.2409199999999885 12
    endloop
  endfacet
  facet normal 0 0 1
    outer loop
      vertex 13.675960000000003 -6.2409199999999885 12
      vertex 15.926320000000004 -8.224879999999999 12
      vertex 13.8658 -6.018799999999999 12
    endloop
  endfacet
  facet normal 0 0 1
    outer loop
      vertex 13.276120000000002 -6.666799999999995 12
      vertex 15.11992 -9.05708 12
      vertex 15.397360000000003 -8.788160000000005 12
    endloop
  endfacet
  facet normal 0 0 1
    outer loop
      vertex 13.479400000000002 -6.457040000000006 12
      vertex 15.397360000000003 -8.788160000000005 12
      vertex 15.666280000000004 -8.510720000000006 12
    endloop
  endfacet
  facet normal 0 0 1
    outer loop
      vertex 13.8658 -6.018799999999999 12
      vertex 16.17724 -7.931119999999993 12
      vertex 14.04844 -5.790800000000004 12
    endloop
  endfacet
  facet normal 0 0 1
    outer loop
      vertex 14.04844 -5.790800000000004 12
      vertex 16.41892 -7.629559999999998 12
      vertex 14.223880000000001 -5.557159999999996 12
    endloop
  endfacet
  facet normal 0 0 1
    outer loop
      vertex 13.675960000000003 -6.2409199999999885 12
      vertex 15.666280000000004 -8.510720000000006 12
      vertex 15.926320000000004 -8.224879999999999 12
    endloop
  endfacet
  facet normal 0 0 1
    outer loop
      vertex 13.8658 -6.018799999999999 12
      vertex 15.926320000000004 -8.224879999999999 12
      vertex 16.17724 -7.931119999999993 12
    endloop
  endfacet
  facet normal 0 0 1
    outer loop
      vertex 14.04844 -5.790800000000004 12
      vertex 16.17724 -7.931119999999993 12
      vertex 16.41892 -7.629559999999998 12
    endloop
  endfacet
  facet normal 0 0 1
    outer loop
      vertex 14.223880000000001 -5.557159999999996 12
      vertex 16.65088 -7.32056 12
      vertex 14.39188 -5.3181200000000075 12
    endloop
  endfacet
  facet normal 0 0 1
    outer loop
      vertex 14.39188 -5.3181200000000075 12
      vertex 16.87312 -7.004359999999991 12
      vertex 14.552200000000003 -5.073920000000001 12
    endloop
  endfacet
  facet normal 0 0 1
    outer loop
      vertex 14.552200000000003 -5.073920000000001 12
      vertex 17.08528 -6.681439999999995 12
      vertex 14.70484 -4.824799999999996 12
    endloop
  endfacet
  facet normal 0 0 1
    outer loop
      vertex 14.223880000000001 -5.557159999999996 12
      vertex 16.41892 -7.629559999999998 12
      vertex 16.65088 -7.32056 12
    endloop
  endfacet
  facet normal 0 0 1
    outer loop
      vertex 14.39188 -5.3181200000000075 12
      vertex 16.65088 -7.32056 12
      vertex 16.87312 -7.004359999999991 12
    endloop
  endfacet
  facet normal 0 0 1
    outer loop
      vertex 14.70484 -4.824799999999996 12
      vertex 17.28712 -6.351919999999993 12
      vertex 14.84968 -4.571119999999993 12
    endloop
  endfacet
  facet normal 0 0 1
    outer loop
      vertex 14.84968 -4.571119999999993 12
      vertex 17.47852 -6.016280000000009 12
      vertex 14.986360000000001 -4.312880000000007 12
    endloop
  endfacet
  facet normal 0 0 1
    outer loop
      vertex 14.986360000000001 -4.312880000000007 12
      vertex 17.65936 -5.6748799999999875 12
      vertex 15.11488 -4.05055999999999 12
    endloop
  endfacet
  facet normal 0 0 1
    outer loop
      vertex 14.552200000000003 -5.073920000000001 12
      vertex 16.87312 -7.004359999999991 12
      vertex 17.08528 -6.681439999999995 12
    endloop
  endfacet
  facet normal -0.8838378619584657 0.4677933665291632 -2.3946577971355597e-16
    outer loop
      vertex 14.84968 -4.571119999999993 12
      vertex 14.986360000000001 -4.312880000000007 12
      vertex 14.887322044609665 -4.5 9
    endloop
  endfacet
  facet normal -0.9557790087219449 0.29408584883754024 0
    outer loop
      vertex 15.54484 -2.9645599999999916 12
      vertex 15.630760000000002 -2.6853200000000044 12
      vertex 15.54484 -2.9645599999999916 8.57308946599178
    endloop
  endfacet
  facet normal -0.9791985525179351 0.20290439804691393 0
    outer loop
      vertex 15.775960000000005 -2.1195199999999943 12
      vertex 15.835240000000002 -1.833439999999996 12
      vertex 15.775960000000005 -2.1195199999999943 7.820325952873831
    endloop
  endfacet
  facet normal -0.9723947595141798 0.23334187723030062 0
    outer loop
      vertex 15.707799999999999 -2.4035599999999846 12
      vertex 15.775960000000005 -2.1195199999999943 12
      vertex 15.707799999999999 -2.4035599999999846 8.143870572509135
    endloop
  endfacet
  facet normal -0.964592972220321 0.26374305288133554 0
    outer loop
      vertex 15.630760000000002 -2.6853200000000044 12
      vertex 15.707799999999999 -2.4035599999999846 12
      vertex 15.630760000000002 -2.6853200000000044 8.384667324033112
    endloop
  endfacet
  facet normal -0.8980130251703605 0.4399688700628459 0
    outer loop
      vertex 14.986360000000001 -4.312880000000007 12
      vertex 15.11488 -4.05055999999999 12
      vertex 14.986360000000001 -4.312880000000007 8.990807383871138
    endloop
  endfacet
  facet normal -0.9113904779306422 0.41154270341892285 0
    outer loop
      vertex 15.11488 -4.05055999999999 12
      vertex 15.235120000000002 -3.7842800000000096 12
      vertex 15.11488 -4.05055999999999 8.962504461696765
    endloop
  endfacet
  facet normal -0.9354992558270238 0.3533286605231521 0
    outer loop
      vertex 15.346960000000003 -3.5142799999999994 12
      vertex 15.45016 -3.241039999999998 12
      vertex 15.346960000000003 -3.5142799999999994 8.829721306577234
    endloop
  endfacet
  facet normal -0.946064658888993 0.32397787146848983 0
    outer loop
      vertex 15.45016 -3.241039999999998 12
      vertex 15.54484 -2.9645599999999916 12
      vertex 15.45016 -3.241039999999998 8.71918221475535
    endloop
  endfacet
  facet normal -0.9238767038351752 0.3826902613219364 0
    outer loop
      vertex 15.235120000000002 -3.7842800000000096 12
      vertex 15.346960000000003 -3.5142799999999994 12
      vertex 15.235120000000002 -3.7842800000000096 8.90968005923526
    endloop
  endfacet
  facet normal 0 0 1
    outer loop
      vertex 15.11488 -4.05055999999999 12
      vertex 17.8294 -5.327839999999995 12
      vertex 15.235120000000002 -3.7842800000000096 12
    endloop
  endfacet
  facet normal 0 0 1
    outer loop
      vertex 15.235120000000002 -3.7842800000000096 12
      vertex 17.988400000000002 -4.975639999999984 12
      vertex 15.346960000000003 -3.5142799999999994 12
    endloop
  endfacet
  facet normal 0.8181364276980758 -0.5750241609475476 0
    outer loop
      vertex 16.65088 -7.32056 12
      vertex 16.87312 -7.004359999999991 7.650108186460889
      vertex 16.87312 -7.004359999999991 12
    endloop
  endfacet
  facet normal 0.8357584188318382 -0.5490973186528102 0
    outer loop
      vertex 16.87312 -7.004359999999991 12
      vertex 17.08528 -6.681439999999995 8.054988524478203
      vertex 17.08528 -6.681439999999995 12
    endloop
  endfacet
  facet normal 0.8527440409803877 -0.5223290156332874 0
    outer loop
      vertex 17.08528 -6.681439999999995 12
      vertex 17.28712 -6.351919999999993 8.357048257689943
      vertex 17.28712 -6.351919999999993 12
    endloop
  endfacet
  facet normal 0.8686823864887815 -0.4953694695922986 0
    outer loop
      vertex 17.28712 -6.351919999999993 12
      vertex 17.47852 -6.016280000000009 8.584573528041126
      vertex 17.47852 -6.016280000000009 12
    endloop
  endfacet
  facet normal 0.8836821188645513 -0.46808750549342504 0
    outer loop
      vertex 17.47852 -6.016280000000009 12
      vertex 17.65936 -5.6748799999999875 8.7589490931123
      vertex 17.65936 -5.6748799999999875 12
    endloop
  endfacet
  facet normal 0.8980001167419172 -0.43999521625979415 0
    outer loop
      vertex 17.65936 -5.6748799999999875 12
      vertex 17.8294 -5.327839999999995 8.88159546125861
      vertex 17.8294 -5.327839999999995 12
    endloop
  endfacet
  facet normal 0.9114269548395604 -0.4114619131728791 0
    outer loop
      vertex 17.8294 -5.327839999999995 12
      vertex 17.988400000000002 -4.975639999999984 8.958618058823264
      vertex 17.988400000000002 -4.975639999999984 12
    endloop
  endfacet
  facet normal 0.9238653785242201 -0.382717601325441 0
    outer loop
      vertex 17.988400000000002 -4.975639999999984 12
      vertex 18.13624 -4.618759999999995 8.994165695321378
      vertex 18.13624 -4.618759999999995 12
    endloop
  endfacet
  facet normal 0 0 1
    outer loop
      vertex 14.70484 -4.824799999999996 12
      vertex 17.08528 -6.681439999999995 12
      vertex 17.28712 -6.351919999999993 12
    endloop
  endfacet
  facet normal 0 0 1
    outer loop
      vertex 14.84968 -4.571119999999993 12
      vertex 17.28712 -6.351919999999993 12
      vertex 17.47852 -6.016280000000009 12
    endloop
  endfacet
  facet normal 0 0 1
    outer loop
      vertex 14.986360000000001 -4.312880000000007 12
      vertex 17.47852 -6.016280000000009 12
      vertex 17.65936 -5.6748799999999875 12
    endloop
  endfacet
  facet normal 0 0 1
    outer loop
      vertex 15.11488 -4.05055999999999 12
      vertex 17.65936 -5.6748799999999875 12
      vertex 17.8294 -5.327839999999995 12
    endloop
  endfacet
  facet normal 0 0 1
    outer loop
      vertex 15.235120000000002 -3.7842800000000096 12
      vertex 17.8294 -5.327839999999995 12
      vertex 17.988400000000002 -4.975639999999984 12
    endloop
  endfacet
  facet normal 0.9724183041644849 -0.2332437388781681 3.534816584267397e-16
    outer loop
      vertex 18.6136 -3.1495999999999924 12
      vertex 18.689470116573993 -2.8332893009411935 8.494408836907635
      vertex 18.70372 -2.7738800000000055 12
    endloop
  endfacet
  facet normal 0.9850884172772948 -0.17204885976406362 1.6327903070798912e-16
    outer loop
      vertex 18.78208 -2.3955199999999905 12
      vertex 18.81955208495866 -2.180968639911789 7.903179852490936
      vertex 18.84856 -2.014879999999991 12
    endloop
  endfacet
  facet normal 0.9792200298047484 -0.20280072295035692 3.1711483393393096e-16
    outer loop
      vertex 18.70372 -2.7738800000000055 12
      vertex 18.740389864788007 -2.5968201475090638 8.31903136008821
      vertex 18.78208 -2.3955199999999905 12
    endloop
  endfacet
  facet normal 0.9354971825189399 -0.35333414991920237 -1.4961361177727785e-16
    outer loop
      vertex 18.13624 -4.618759999999995 12
      vertex 18.181095253899766 -4.5 9
      vertex 18.2728 -4.257199999999997 12
    endloop
  endfacet
  facet normal 0.9460738313071152 -0.32395108537536377 -1.7621320280162995e-17
    outer loop
      vertex 18.2728 -4.257199999999997 12
      vertex 18.390067635452553 -3.914729033951615 8.942355841209691
      vertex 18.39796 -3.891680000000008 12
    endloop
  endfacet
  facet normal 0.9557857224550795 -0.29406402831870077 -3.2420444589500383e-16
    outer loop
      vertex 18.39796 -3.891680000000008 12
      vertex 18.47873314102662 -3.629145968236613 8.870821007196627
      vertex 18.5116 -3.5223200000000077 12
    endloop
  endfacet
  facet normal 0.9645341337094112 -0.2639581499204664 4.143804689222387e-16
    outer loop
      vertex 18.5116 -3.5223200000000077 12
      vertex 18.558224195921117 -3.3519497029047307 8.77163859753386
      vertex 18.6136 -3.1495999999999924 12
    endloop
  endfacet
  facet normal 0 0 1
    outer loop
      vertex 15.346960000000003 -3.5142799999999994 12
      vertex 18.13624 -4.618759999999995 12
      vertex 15.45016 -3.241039999999998 12
    endloop
  endfacet
  facet normal 0 0 1
    outer loop
      vertex 15.45016 -3.241039999999998 12
      vertex 18.2728 -4.257199999999997 12
      vertex 15.54484 -2.9645599999999916 12
    endloop
  endfacet
  facet normal 0 0 1
    outer loop
      vertex 15.54484 -2.9645599999999916 12
      vertex 18.39796 -3.891680000000008 12
      vertex 15.630760000000002 -2.6853200000000044 12
    endloop
  endfacet
  facet normal 0 0 1
    outer loop
      vertex 15.630760000000002 -2.6853200000000044 12
      vertex 18.5116 -3.5223200000000077 12
      vertex 15.707799999999999 -2.4035599999999846 12
    endloop
  endfacet
  facet normal 0 0 1
    outer loop
      vertex 15.707799999999999 -2.4035599999999846 12
      vertex 18.6136 -3.1495999999999924 12
      vertex 15.775960000000005 -2.1195199999999943 12
    endloop
  endfacet
  facet normal 0 0 1
    outer loop
      vertex 15.775960000000005 -2.1195199999999943 12
      vertex 18.70372 -2.7738800000000055 12
      vertex 15.835240000000002 -1.833439999999996 12
    endloop
  endfacet
  facet normal 0 0 1
    outer loop
      vertex 15.835240000000002 -1.833439999999996 12
      vertex 18.78208 -2.3955199999999905 12
      vertex 15.88552 -1.545560000000009 12
    endloop
  endfacet
  facet normal 0 0 1
    outer loop
      vertex 15.88552 -1.545560000000009 12
      vertex 18.84856 -2.014879999999991 12
      vertex 15.926680000000001 -1.2563600000000008 12
    endloop
  endfacet
  facet normal 0 0 1
    outer loop
      vertex 15.926680000000001 -1.2563600000000008 12
      vertex 18.90304 -1.632320000000007 12
      vertex 15.954964347107436 -1 12
    endloop
  endfacet
  facet normal 0 0 1
    outer loop
      vertex 15.346960000000003 -3.5142799999999994 12
      vertex 17.988400000000002 -4.975639999999984 12
      vertex 18.13624 -4.618759999999995 12
    endloop
  endfacet
  facet normal 0 0 1
    outer loop
      vertex 15.45016 -3.241039999999998 12
      vertex 18.13624 -4.618759999999995 12
      vertex 18.2728 -4.257199999999997 12
    endloop
  endfacet
  facet normal 0 0 1
    outer loop
      vertex 15.54484 -2.9645599999999916 12
      vertex 18.2728 -4.257199999999997 12
      vertex 18.39796 -3.891680000000008 12
    endloop
  endfacet
  facet normal 0 0 1
    outer loop
      vertex 15.630760000000002 -2.6853200000000044 12
      vertex 18.39796 -3.891680000000008 12
      vertex 18.5116 -3.5223200000000077 12
    endloop
  endfacet
  facet normal 0 0 1
    outer loop
      vertex 15.707799999999999 -2.4035599999999846 12
      vertex 18.5116 -3.5223200000000077 12
      vertex 18.6136 -3.1495999999999924 12
    endloop
  endfacet
  facet normal 0 0 1
    outer loop
      vertex 16 1 12
      vertex 19 -0.09080000000000155 12
      vertex 16 3 12
    endloop
  endfacet
  facet normal 0 0 1
    outer loop
      vertex 15.775960000000005 -2.1195199999999943 12
      vertex 18.6136 -3.1495999999999924 12
      vertex 18.70372 -2.7738800000000055 12
    endloop
  endfacet
  facet normal 0 0 1
    outer loop
      vertex 15.835240000000002 -1.833439999999996 12
      vertex 18.70372 -2.7738800000000055 12
      vertex 18.78208 -2.3955199999999905 12
    endloop
  endfacet
  facet normal 0 0 1
    outer loop
      vertex 15.88552 -1.545560000000009 12
      vertex 18.78208 -2.3955199999999905 12
      vertex 18.84856 -2.014879999999991 12
    endloop
  endfacet
  facet normal 0 0 1
    outer loop
      vertex 15.926680000000001 -1.2563600000000008 12
      vertex 18.84856 -2.014879999999991 12
      vertex 18.90304 -1.632320000000007 12
    endloop
  endfacet
  facet normal 0 0 1
    outer loop
      vertex 15.954964347107436 -1 12
      vertex 18.90304 -1.632320000000007 12
      vertex 18.9454 -1.2483199999999925 12
    endloop
  endfacet
  facet normal 0 0 1
    outer loop
      vertex 15.954964347107436 -1 12
      vertex 18.9454 -1.2483199999999925 12
      vertex 18.964971638629283 -1 12
    endloop
  endfacet
  facet normal -1 0 0
    outer loop
      vertex 16 3 7.5
      vertex 16 3 12
      vertex 16 45 12
    endloop
  endfacet
  facet normal 0 0 1
    outer loop
      vertex 19 -0.09080000000000155 12
      vertex 16 45 12
      vertex 16 3 12
    endloop
  endfacet
  facet normal 1 0 0
    outer loop
      vertex 19 -0.09080000000000155 0
      vertex 19 45 9.6
      vertex 19 42.748866715037906 12
    endloop
  endfacet
  facet normal -1 0 0
    outer loop
      vertex 16 3 7.5
      vertex 16 45 12
      vertex 16 45 7.5
    endloop
  endfacet
  facet normal 0 0 1
    outer loop
      vertex 19 -0.09080000000000155 12
      vertex 18.4 45 12
      vertex 16 45 12
    endloop
  endfacet
  facet normal 0 0 1
    outer loop
      vertex 19 -0.09080000000000155 12
      vertex 19 42.748866715037906 12
      vertex 18.4 45 12
    endloop
  endfacet
  facet normal -1 0 0
    outer loop
      vertex 10 -11.938382730199603 0
      vertex 10 -8.784356242317822 12
      vertex 10 -8.784356242317822 0
    endloop
  endfacet
  facet normal -1 0 0
    outer loop
      vertex 10 -11.938382730199603 0
      vertex 10 -11.938382730199603 12
      vertex 10 -8.784356242317822 12
    endloop
  endfacet
  facet normal 0 0 -1
    outer loop
      vertex 0 57 0
      vertex 0 60.5092 0
      vertex 2.8880935628389723 61 0
    endloop
  endfacet
  facet normal 0 0 -1
    outer loop
      vertex 0 57 0
      vertex 2.8880935628389723 61 0
      vertex 2.9948139966988894 61 0
    endloop
  endfacet
  facet normal 0 0 -1
    outer loop
      vertex 0 57 0
      vertex 2.9948139966988894 61 0
      vertex 19 61 0
    endloop
  endfacet
  facet normal -1 0 0
    outer loop
      vertex 0 57 0
      vertex 0 60.5092 12
      vertex 0 60.5092 0
    endloop
  endfacet
  facet normal 0 -1 0
    outer loop
      vertex 0 57 0
      vertex 16 57 0
      vertex 0 57 12
    endloop
  endfacet
  facet normal 0 0 -1
    outer loop
      vertex 0 57 0
      vertex 19 61 0
      vertex 16 57 0
    endloop
  endfacet
  facet normal 0 0 -1
    outer loop
      vertex 16 57 0
      vertex 19 61 0
      vertex 19 57 0
    endloop
  endfacet
  facet normal 0 -1 0
    outer loop
      vertex 16 57 0
      vertex 12 57 4.5
      vertex 0 57 12
    endloop
  endfacet
  facet normal 0 -1 0
    outer loop
      vertex 16 57 0
      vertex 16 57 4.5
      vertex 12 57 4.5
    endloop
  endfacet
  facet normal 0 1 0
    outer loop
      vertex 2.9948139966988894 61 0
      vertex 19 61 12
      vertex 19 61 0
    endloop
  endfacet
  facet normal 1 0 0
    outer loop
      vertex 19 57 0
      vertex 19 61 0
      vertex 19 57 12
    endloop
  endfacet
  facet normal -1 0 0
    outer loop
      vertex 0 57 0
      vertex 0 57 12
      vertex 0 60.5092 12
    endloop
  endfacet
  facet normal 0 -1 0
    outer loop
      vertex 12 57 4.5
      vertex 12 57 7.5
      vertex 0 57 12
    endloop
  endfacet
  facet normal 0 0 1
    outer loop
      vertex 0 57 12
      vertex 1.1687409160305369 60.707814770992364 12
      vertex 0 60.5092 12
    endloop
  endfacet
  facet normal 0 0 1
    outer loop
      vertex 0 57 12
      vertex 2.9987021669878478 60.25032445825303 12
      vertex 1.1687409160305369 60.707814770992364 12
    endloop
  endfacet
  facet normal 0 0 1
    outer loop
      vertex 2.3312999999999966 60.5092 12
      vertex 2.9980877958328853 60.36882362192992 12
      vertex 2.9948139966988894 61 12
    endloop
  endfacet
  facet normal 0 0 1
    outer loop
      vertex 0 57 12
      vertex 16 57 12
      vertex 2.9987021669878478 60.25032445825303 12
    endloop
  endfacet
  facet normal 0 0 1
    outer loop
      vertex 2.9987021669878478 60.25032445825303 12
      vertex 16 57 12
      vertex 2.9980877958328853 60.36882362192992 12
    endloop
  endfacet
  facet normal 0 1 0
    outer loop
      vertex 2.9948139966988894 61 0
      vertex 2.9948139966988894 61 12
      vertex 19 61 12
    endloop
  endfacet
  facet normal 1 0 0
    outer loop
      vertex 19 61 0
      vertex 19 61 12
      vertex 19 57 12
    endloop
  endfacet
  facet normal 0 -1 0
    outer loop
      vertex 0 57 12
      vertex 12 57 7.5
      vertex 16 57 12
    endloop
  endfacet
  facet normal 0 0 1
    outer loop
      vertex 2.9980877958328853 60.36882362192992 12
      vertex 19 61 12
      vertex 2.9948139966988894 61 12
    endloop
  endfacet
  facet normal 0 0 1
    outer loop
      vertex 2.9980877958328853 60.36882362192992 12
      vertex 16 57 12
      vertex 19 57 12
    endloop
  endfacet
  facet normal 0 -1 0
    outer loop
      vertex 12 57 7.5
      vertex 16 57 7.5
      vertex 16 57 12
    endloop
  endfacet
  facet normal 0 0 1
    outer loop
      vertex 2.9980877958328853 60.36882362192992 12
      vertex 19 57 12
      vertex 19 61 12
    endloop
  endfacet
  facet normal 0 0 -1
    outer loop
      vertex 16.6 45 0
      vertex 19 42 0
      vertex 18.800402742909863 42 0
    endloop
  endfacet
  facet normal 0 0 -1
    outer loop
      vertex 16 45 0
      vertex 16 57 0
      vertex 16.6 45 0
    endloop
  endfacet
  facet normal 0 0 -1
    outer loop
      vertex 16.6 45 0
      vertex 16 57 0
      vertex 19 57 0
    endloop
  endfacet
  facet normal 0 0 -1
    outer loop
      vertex 16.6 45 0
      vertex 19 57 0
      vertex 19 42 0
    endloop
  endfacet
  facet normal -1 0 0
    outer loop
      vertex 16 45 0
      vertex 16 45 4.5
      vertex 16 57 0
    endloop
  endfacet
  facet normal 1 0 0
    outer loop
      vertex 19 42 0
      vertex 19 57 0
      vertex 19 45 6
    endloop
  endfacet
  facet normal -1 0 0
    outer loop
      vertex 16 45 4.5
      vertex 16 57 4.5
      vertex 16 57 0
    endloop
  endfacet
  facet normal 1 0 0
    outer loop
      vertex 19 45 6
      vertex 19 57 0
      vertex 19 45 9.6
    endloop
  endfacet
  facet normal 1 0 0
    outer loop
      vertex 19 45 9.6
      vertex 19 57 0
      vertex 19 57 12
    endloop
  endfacet
  facet normal -1 0 0
    outer loop
      vertex 16 45 7.5
      vertex 16 45 12
      vertex 16 57 7.5
    endloop
  endfacet
  facet normal -1 0 0
    outer loop
      vertex 16 45 12
      vertex 16 57 12
      vertex 16 57 7.5
    endloop
  endfacet
  facet normal 1 0 0
    outer loop
      vertex 19 45 9.6
      vertex 19 57 12
      vertex 19 42.748866715037906 12
    endloop
  endfacet
  facet normal 0 0 1
    outer loop
      vertex 16 45 12
      vertex 18.4 45 12
      vertex 16 57 12
    endloop
  endfacet
  facet normal 0 0 1
    outer loop
      vertex 19 42.748866715037906 12
      vertex 19 57 12
      vertex 18.4 45 12
    endloop
  endfacet
  facet normal 0 0 1
    outer loop
      vertex 18.4 45 12
      vertex 19 57 12
      vertex 16 57 12
    endloop
  endfacet
  facet normal 0 0 -1
    outer loop
      vertex 10 -12 0
      vertex 10 -11.938382730199603 0
      vertex 10.112097462829334 -11.439512685853325 0
    endloop
  endfacet
  facet normal 0 0 -1
    outer loop
      vertex 10 -11.938382730199603 0
      vertex 10 -8.784356242317822 0
      vertex 10.112097462829334 -11.439512685853325 0
    endloop
  endfacet
  facet normal 0 0 -1
    outer loop
      vertex 10 -8.784356242317822 0
      vertex 10 3 0
      vertex 12.414634146341463 0.07317073170731703 0
    endloop
  endfacet
  facet normal -1 0 0
    outer loop
      vertex 10 -8.784356242317822 0
      vertex 10 -4.691133423642643 4.059389782989216
      vertex 10 3 0
    endloop
  endfacet
  facet normal 0 0 -1
    outer loop
      vertex 10 -12 0
      vertex 13 -10.65415567213115 0
      vertex 13 -12 0
    endloop
  endfacet
  facet normal 0 0 -1
    outer loop
      vertex 10 -12 0
      vertex 13 -10.017966038073904 0
      vertex 13 -10.65415567213115 0
    endloop
  endfacet
  facet normal 0 0 -1
    outer loop
      vertex 10 -12 0
      vertex 13 -6.9304784 0
      vertex 13 -10.017966038073904 0
    endloop
  endfacet
  facet normal 0 0 -1
    outer loop
      vertex 10 -12 0
      vertex 10.112097462829334 -11.439512685853325 0
      vertex 13 -1 0
    endloop
  endfacet
  facet normal 0 0 -1
    outer loop
      vertex 10.112097462829334 -11.439512685853325 0
      vertex 10.386367165253494 -10.068164173732528 0
      vertex 13 -1 0
    endloop
  endfacet
  facet normal 0 0 -1
    outer loop
      vertex 10 -8.784356242317822 0
      vertex 12.414634146341463 0.07317073170731703 0
      vertex 10.386367165253494 -10.068164173732528 0
    endloop
  endfacet
  facet normal 0 0 -1
    outer loop
      vertex 10 -12 0
      vertex 13 -1 0
      vertex 13 -6.9304784 0
    endloop
  endfacet
  facet normal 0 0 -1
    outer loop
      vertex 10.386367165253494 -10.068164173732528 0
      vertex 12.414634146341463 0.07317073170731703 0
      vertex 13 -1 0
    endloop
  endfacet
  facet normal 0 0 -1
    outer loop
      vertex 12.414634146341463 0.07317073170731703 0
      vertex 10 3 0
      vertex 13 3 0
    endloop
  endfacet
  facet normal 0 0 -1
    outer loop
      vertex 13 -1 0
      vertex 12.414634146341463 0.07317073170731703 0
      vertex 13 0.33333333333333326 0
    endloop
  endfacet
  facet normal 1 0 0
    outer loop
      vertex 13 -6.9304784 0
      vertex 13 -1 0
      vertex 13 -3.914729033951615 3.0576441587903087
    endloop
  endfacet
  facet normal -1 0 0
    outer loop
      vertex 10 -8.784356242317822 0
      vertex 10 -5.419223636810695 4.280253534520708
      vertex 10 -5.246232693111925 4.198434911602991
    endloop
  endfacet
  facet normal -1 0 0
    outer loop
      vertex 10 -8.784356242317822 0
      vertex 10 -5.5833619543882245 4.378634256010037
      vertex 10 -5.419223636810695 4.280253534520708
    endloop
  endfacet
  facet normal -1 0 0
    outer loop
      vertex 10 -8.784356242317822 0
      vertex 10 -5.737066904119109 4.492629615942663
      vertex 10 -5.5833619543882245 4.378634256010037
    endloop
  endfacet
  facet normal -1 0 0
    outer loop
      vertex 10 -8.784356242317822 0
      vertex 10 -4.88042612793145 4.087468703213701
      vertex 10 -4.691133423642643 4.059389782989216
    endloop
  endfacet
  facet normal -1 0 0
    outer loop
      vertex 10 -8.784356242317822 0
      vertex 10 -5.066055120646202 4.133966345322193
      vertex 10 -4.88042612793145 4.087468703213701
    endloop
  endfacet
  facet normal -1 0 0
    outer loop
      vertex 10 -8.784356242317822 0
      vertex 10 -5.246232693111925 4.198434911602991
      vertex 10 -5.066055120646202 4.133966345322193
    endloop
  endfacet
  facet normal -1 0 0
    outer loop
      vertex 10 3 0
      vertex 10 -4.691133423642643 4.059389782989216
      vertex 10 -4.5 4.05
    endloop
  endfacet
  facet normal -1 0 0
    outer loop
      vertex 10 3 0
      vertex 10 -4.5 4.05
      vertex 10 -4.308866576357357 4.059389782989216
    endloop
  endfacet
  facet normal -1 0 0
    outer loop
      vertex 10 3 0
      vertex 10 -4.308866576357357 4.059389782989216
      vertex 10 -4.11957387206855 4.087468703213701
    endloop
  endfacet
  facet normal -1 0 0
    outer loop
      vertex 10 3 0
      vertex 10 -4.11957387206855 4.087468703213701
      vertex 10 -3.9339448793537986 4.133966345322193
    endloop
  endfacet
  facet normal -1 0 0
    outer loop
      vertex 10 3 0
      vertex 10 -3.9339448793537986 4.133966345322193
      vertex 10 -3.753767306888075 4.198434911602991
    endloop
  endfacet
  facet normal -1 0 0
    outer loop
      vertex 10 3 0
      vertex 10 -3.753767306888075 4.198434911602991
      vertex 10 -3.5807763631893046 4.280253534520708
    endloop
  endfacet
  facet normal -1 0 0
    outer loop
      vertex 10 3 0
      vertex 10 -3.5807763631893046 4.280253534520708
      vertex 10 -3.4166380456117755 4.378634256010037
    endloop
  endfacet
  facet normal -1 0 0
    outer loop
      vertex 10 3 0
      vertex 10 -3.4166380456117755 4.378634256010037
      vertex 10 -3.262933095880891 4.492629615942663
    endloop
  endfacet
  facet normal 1 0 0
    outer loop
      vertex 13 -6.9304784 0
      vertex 13 -5.085270966048385 3.0576441587903087
      vertex 13 -5.370854031763387 3.1291789928033733
    endloop
  endfacet
  facet normal 1 0 0
    outer loop
      vertex 13 -6.9304784 0
      vertex 13 -4.794051420988682 3.0144458199834094
      vertex 13 -5.085270966048385 3.0576441587903087
    endloop
  endfacet
  facet normal 1 0 0
    outer loop
      vertex 13 -6.9304784 0
      vertex 13 -4.5 3
      vertex 13 -4.794051420988682 3.0144458199834094
    endloop
  endfacet
  facet normal 1 0 0
    outer loop
      vertex 13 -6.9304784 0
      vertex 13 -4.205948579011318 3.0144458199834094
      vertex 13 -4.5 3
    endloop
  endfacet
  facet normal 1 0 0
    outer loop
      vertex 13 -6.9304784 0
      vertex 13 -3.914729033951615 3.0576441587903087
      vertex 13 -4.205948579011318 3.0144458199834094
    endloop
  endfacet
  facet normal 1 0 0
    outer loop
      vertex 13 -6.9304784 0
      vertex 13 -5.370854031763387 3.1291789928033733
      vertex 13 -5.648050297095269 3.22836140246614
    endloop
  endfacet
  facet normal 1 0 0
    outer loop
      vertex 13 -6.9304784 0
      vertex 13 -5.648050297095269 3.22836140246614
      vertex 13 -5.914190210477993 3.3542362069549347
    endloop
  endfacet
  facet normal 1 0 0
    outer loop
      vertex 13 -6.9304784 0
      vertex 13 -6.1667106990588065 3.5055911630923644
      vertex 13 -6.403179852490936 3.680968639911789
    endloop
  endfacet
  facet normal 1 0 0
    outer loop
      vertex 13 -6.9304784 0
      vertex 13 -6.403179852490936 3.680968639911789
      vertex 13 -6.621320343559643 3.878679656440357
    endloop
  endfacet
  facet normal 1 0 0
    outer loop
      vertex 13 -6.9304784 0
      vertex 13 -5.914190210477993 3.3542362069549347
      vertex 13 -6.1667106990588065 3.5055911630923644
    endloop
  endfacet
  facet normal 1 0 0
    outer loop
      vertex 13 -6.9304784 0
      vertex 13 -6.621320343559643 3.878679656440357
      vertex 13 -6.819031360088211 4.096820147509064
    endloop
  endfacet
  facet normal 1 0 0
    outer loop
      vertex 13 -6.9304784 0
      vertex 13 -6.819031360088211 4.096820147509064
      vertex 13 -6.9304784 4.247089085450236
    endloop
  endfacet
  facet normal 1 0 0
    outer loop
      vertex 13 -1 0
      vertex 13 -3.629145968236613 3.1291789928033733
      vertex 13 -3.914729033951615 3.0576441587903087
    endloop
  endfacet
  facet normal 1 0 0
    outer loop
      vertex 13 -1 0
      vertex 13 -3.3519497029047307 3.22836140246614
      vertex 13 -3.629145968236613 3.1291789928033733
    endloop
  endfacet
  facet normal 1 0 0
    outer loop
      vertex 13 -1 0
      vertex 13 -3.085809789522007 3.3542362069549347
      vertex 13 -3.3519497029047307 3.22836140246614
    endloop
  endfacet
  facet normal 1 0 0
    outer loop
      vertex 13 -1 0
      vertex 13 -2.8332893009411935 3.5055911630923644
      vertex 13 -3.085809789522007 3.3542362069549347
    endloop
  endfacet
  facet normal 1 0 0
    outer loop
      vertex 13 -1 0
      vertex 13 -2.5968201475090638 3.680968639911789
      vertex 13 -2.8332893009411935 3.5055911630923644
    endloop
  endfacet
  facet normal 1 0 0
    outer loop
      vertex 13 -1 0
      vertex 13 -2.378679656440357 3.878679656440357
      vertex 13 -2.5968201475090638 3.680968639911789
    endloop
  endfacet
  facet normal 1 0 0
    outer loop
      vertex 13 -1 0
      vertex 13 -2.180968639911789 4.096820147509064
      vertex 13 -2.378679656440357 3.878679656440357
    endloop
  endfacet
  facet normal 1 0 0
    outer loop
      vertex 13 -1 0
      vertex 13 -2.0055911630923644 4.3332893009411935
      vertex 13 -2.180968639911789 4.096820147509064
    endloop
  endfacet
  facet normal 1 0 0
    outer loop
      vertex 13 -1 0
      vertex 13 -1.8542362069549347 4.585809789522007
      vertex 13 -2.0055911630923644 4.3332893009411935
    endloop
  endfacet
  facet normal -1 0 0
    outer loop
      vertex 10 -8.784356242317822 0
      vertex 10 -5.878858223313768 4.621141776686232
      vertex 10 -5.737066904119109 4.492629615942663
    endloop
  endfacet
  facet normal -1 0 0
    outer loop
      vertex 10 -8.784356242317822 0
      vertex 10 -6.007370384057337 4.762933095880891
      vertex 10 -5.878858223313768 4.621141776686232
    endloop
  endfacet
  facet normal -1 0 0
    outer loop
      vertex 10 -8.784356242317822 0
      vertex 10 -6.121365743989963 4.9166380456117755
      vertex 10 -6.007370384057337 4.762933095880891
    endloop
  endfacet
  facet normal -1 0 0
    outer loop
      vertex 10 -8.784356242317822 0
      vertex 10 -6.219746465479292 5.080776363189305
      vertex 10 -6.121365743989963 4.9166380456117755
    endloop
  endfacet
  facet normal -1 0 0
    outer loop
      vertex 10 -8.784356242317822 0
      vertex 10 -6.301565088397009 5.253767306888075
      vertex 10 -6.219746465479292 5.080776363189305
    endloop
  endfacet
  facet normal -1 0 0
    outer loop
      vertex 10 -12 0
      vertex 10 -11.938382730199603 12
      vertex 10 -11.938382730199603 0
    endloop
  endfacet
  facet normal -1 0 0
    outer loop
      vertex 10 3 0
      vertex 10 -3.262933095880891 4.492629615942663
      vertex 10 -3.1211417766862324 4.621141776686232
    endloop
  endfacet
  facet normal -1 0 0
    outer loop
      vertex 10 3 0
      vertex 10 -3.1211417766862324 4.621141776686232
      vertex 10 -2.992629615942663 4.762933095880891
    endloop
  endfacet
  facet normal -1 0 0
    outer loop
      vertex 10 3 0
      vertex 10 -2.992629615942663 4.762933095880891
      vertex 10 -2.878634256010037 4.9166380456117755
    endloop
  endfacet
  facet normal -1 0 0
    outer loop
      vertex 10 3 0
      vertex 10 -2.878634256010037 4.9166380456117755
      vertex 10 -2.780253534520708 5.080776363189305
    endloop
  endfacet
  facet normal -1 0 0
    outer loop
      vertex 10 3 0
      vertex 10 -2.780253534520708 5.080776363189305
      vertex 10 -2.698434911602991 5.253767306888075
    endloop
  endfacet
  facet normal -1 0 0
    outer loop
      vertex 10 3 0
      vertex 10 -2.698434911602991 5.253767306888075
      vertex 10 -2.633966345322193 5.433944879353798
    endloop
  endfacet
  facet normal -1 0 0
    outer loop
      vertex 10 3 0
      vertex 10 -2.633966345322193 5.433944879353798
      vertex 10 -2.587468703213701 5.61957387206855
    endloop
  endfacet
  facet normal -1 0 0
    outer loop
      vertex 10 3 0
      vertex 10 -2.587468703213701 5.61957387206855
      vertex 10 -2.559389782989216 5.808866576357357
    endloop
  endfacet
  facet normal -1 0 0
    outer loop
      vertex 10 3 0
      vertex 10 -2.559389782989216 5.808866576357357
      vertex 10 -2.55 6
    endloop
  endfacet
  facet normal -1 0 0
    outer loop
      vertex 10 3 0
      vertex 10 -2.55 6
      vertex 10 -2.559389782989216 6.191133423642643
    endloop
  endfacet
  facet normal -1 0 0
    outer loop
      vertex 10 3 0
      vertex 10 -2.559389782989216 6.191133423642643
      vertex 10 -2.587468703213701 6.38042612793145
    endloop
  endfacet
  facet normal 0 -1 0
    outer loop
      vertex 10 -12 0
      vertex 13 -12 0
      vertex 13 -12 12
    endloop
  endfacet
  facet normal 1 0 0
    outer loop
      vertex 13 -12 0
      vertex 13 -10.65415567213115 0
      vertex 13 -12 12
    endloop
  endfacet
  facet normal 1 0 0
    outer loop
      vertex 13 -1 0
      vertex 13 -1.72836140246614 4.851949702904731
      vertex 13 -1.8542362069549347 4.585809789522007
    endloop
  endfacet
  facet normal 1 0 0
    outer loop
      vertex 13 -1 0
      vertex 13 -1.6291789928033733 5.129145968236613
      vertex 13 -1.72836140246614 4.851949702904731
    endloop
  endfacet
  facet normal 1 0 0
    outer loop
      vertex 13 -1 0
      vertex 13 -1.5576441587903087 5.414729033951615
      vertex 13 -1.6291789928033733 5.129145968236613
    endloop
  endfacet
  facet normal 1 0 0
    outer loop
      vertex 13 -1 0
      vertex 13 -1.5144458199834094 5.705948579011318
      vertex 13 -1.5576441587903087 5.414729033951615
    endloop
  endfacet
  facet normal 1 0 0
    outer loop
      vertex 13 -1 0
      vertex 13 -1.5 6
      vertex 13 -1.5144458199834094 5.705948579011318
    endloop
  endfacet
  facet normal 1 0 0
    outer loop
      vertex 13 -1 0
      vertex 13 -1.5144458199834094 6.294051420988682
      vertex 13 -1.5 6
    endloop
  endfacet
  facet normal -1 0 0
    outer loop
      vertex 10 -8.784356242317822 0
      vertex 10 -8.784356242317822 12
      vertex 10 -6.301565088397009 5.253767306888075
    endloop
  endfacet
  facet normal 0 1 0
    outer loop
      vertex 13 3 0
      vertex 12 3 4.5
      vertex 13 3 4.5
    endloop
  endfacet
  facet normal 0 1 0
    outer loop
      vertex 10 3 0
      vertex 10 3 12
      vertex 13 3 0
    endloop
  endfacet
  facet normal 0 1 0
    outer loop
      vertex 13 3 0
      vertex 10 3 12
      vertex 12 3 4.5
    endloop
  endfacet
  facet normal -1 0 0
    outer loop
      vertex 10 3 0
      vertex 10 -2.587468703213701 6.38042612793145
      vertex 10 3 12
    endloop
  endfacet
  facet normal 1 0 0
    outer loop
      vertex 13 -1 0
      vertex 13 -1 12
      vertex 13 -1.5144458199834094 6.294051420988682
    endloop
  endfacet
  facet normal -1 0 0
    outer loop
      vertex 10 -12 0
      vertex 10 -12 12
      vertex 10 -11.938382730199603 12
    endloop
  endfacet
  facet normal -1 0 0
    outer loop
      vertex 10 -8.784356242317822 12
      vertex 10 -6.366033654677807 5.433944879353798
      vertex 10 -6.301565088397009 5.253767306888075
    endloop
  endfacet
  facet normal -1 0 0
    outer loop
      vertex 10 -8.784356242317822 12
      vertex 10 -6.412531296786299 5.61957387206855
      vertex 10 -6.366033654677807 5.433944879353798
    endloop
  endfacet
  facet normal -1 0 0
    outer loop
      vertex 10 -8.784356242317822 12
      vertex 10 -6.440610217010784 5.808866576357357
      vertex 10 -6.412531296786299 5.61957387206855
    endloop
  endfacet
  facet normal -1 0 0
    outer loop
      vertex 10 -8.784356242317822 12
      vertex 10 -6.45 6
      vertex 10 -6.440610217010784 5.808866576357357
    endloop
  endfacet
  facet normal -1 0 0
    outer loop
      vertex 10 -8.784356242317822 12
      vertex 10 -6.440610217010784 6.191133423642643
      vertex 10 -6.45 6
    endloop
  endfacet
  facet normal -1 0 0
    outer loop
      vertex 10 -8.784356242317822 12
      vertex 10 -6.412531296786299 6.38042612793145
      vertex 10 -6.440610217010784 6.191133423642643
    endloop
  endfacet
  facet normal -1 0 0
    outer loop
      vertex 10 -8.784356242317822 12
      vertex 10 -6.366033654677807 6.566055120646202
      vertex 10 -6.412531296786299 6.38042612793145
    endloop
  endfacet
  facet normal -1 0 0
    outer loop
      vertex 10 -8.784356242317822 12
      vertex 10 -6.301565088397009 6.746232693111925
      vertex 10 -6.366033654677807 6.566055120646202
    endloop
  endfacet
  facet normal -1 0 0
    outer loop
      vertex 10 -8.784356242317822 12
      vertex 10 -6.219746465479292 6.919223636810695
      vertex 10 -6.301565088397009 6.746232693111925
    endloop
  endfacet
  facet normal -1 0 0
    outer loop
      vertex 10 -8.784356242317822 12
      vertex 10 -6.121365743989963 7.0833619543882245
      vertex 10 -6.219746465479292 6.919223636810695
    endloop
  endfacet
  facet normal -1 0 0
    outer loop
      vertex 10 -8.784356242317822 12
      vertex 10 -6.007370384057337 7.237066904119109
      vertex 10 -6.121365743989963 7.0833619543882245
    endloop
  endfacet
  facet normal -1 0 0
    outer loop
      vertex 10 -8.784356242317822 12
      vertex 10 -5.878858223313768 7.378858223313768
      vertex 10 -6.007370384057337 7.237066904119109
    endloop
  endfacet
  facet normal -1 0 0
    outer loop
      vertex 10 -8.784356242317822 12
      vertex 10 -5.737066904119109 7.507370384057337
      vertex 10 -5.878858223313768 7.378858223313768
    endloop
  endfacet
  facet normal -1 0 0
    outer loop
      vertex 10 3 12
      vertex 10 -2.878634256010037 7.0833619543882245
      vertex 10 -2.992629615942663 7.237066904119109
    endloop
  endfacet
  facet normal -1 0 0
    outer loop
      vertex 10 3 12
      vertex 10 -2.992629615942663 7.237066904119109
      vertex 10 -3.1211417766862324 7.378858223313768
    endloop
  endfacet
  facet normal -1 0 0
    outer loop
      vertex 10 3 12
      vertex 10 -3.1211417766862324 7.378858223313768
      vertex 10 -3.262933095880891 7.507370384057337
    endloop
  endfacet
  facet normal -1 0 0
    outer loop
      vertex 10 3 12
      vertex 10 -2.587468703213701 6.38042612793145
      vertex 10 -2.633966345322193 6.566055120646202
    endloop
  endfacet
  facet normal -1 0 0
    outer loop
      vertex 10 3 12
      vertex 10 -2.633966345322193 6.566055120646202
      vertex 10 -2.698434911602991 6.746232693111925
    endloop
  endfacet
  facet normal -1 0 0
    outer loop
      vertex 10 3 12
      vertex 10 -2.698434911602991 6.746232693111925
      vertex 10 -2.780253534520708 6.919223636810695
    endloop
  endfacet
  facet normal -1 0 0
    outer loop
      vertex 10 3 12
      vertex 10 -2.780253534520708 6.919223636810695
      vertex 10 -2.878634256010037 7.0833619543882245
    endloop
  endfacet
  facet normal 0 -1 0
    outer loop
      vertex 10 -12 0
      vertex 13 -12 12
      vertex 10 -12 12
    endloop
  endfacet
  facet normal 1 0 0
    outer loop
      vertex 13 -10.65415567213115 0
      vertex 13 -10.65415567213115 12
      vertex 13 -12 12
    endloop
  endfacet
  facet normal 1 0 0
    outer loop
      vertex 13 -1 12
      vertex 13 -1.5576441587903087 6.585270966048385
      vertex 13 -1.5144458199834094 6.294051420988682
    endloop
  endfacet
  facet normal 1 0 0
    outer loop
      vertex 13 -1 12
      vertex 13 -1.6291789928033733 6.870854031763387
      vertex 13 -1.5576441587903087 6.585270966048385
    endloop
  endfacet
  facet normal 1 0 0
    outer loop
      vertex 13 -1 12
      vertex 13 -1.72836140246614 7.148050297095269
      vertex 13 -1.6291789928033733 6.870854031763387
    endloop
  endfacet
  facet normal 1 0 0
    outer loop
      vertex 13 -1 12
      vertex 13 -1.8542362069549347 7.414190210477993
      vertex 13 -1.72836140246614 7.148050297095269
    endloop
  endfacet
  facet normal 0 1 0
    outer loop
      vertex 12 3 4.5
      vertex 10 3 12
      vertex 12 3 7.5
    endloop
  endfacet
  facet normal -1 0 0
    outer loop
      vertex 10 -8.784356242317822 12
      vertex 10 -5.5833619543882245 7.621365743989963
      vertex 10 -5.737066904119109 7.507370384057337
    endloop
  endfacet
  facet normal -1 0 0
    outer loop
      vertex 10 -8.784356242317822 12
      vertex 10 -5.419223636810695 7.719746465479292
      vertex 10 -5.5833619543882245 7.621365743989963
    endloop
  endfacet
  facet normal -1 0 0
    outer loop
      vertex 10 -8.784356242317822 12
      vertex 10 -5.246232693111925 7.801565088397009
      vertex 10 -5.419223636810695 7.719746465479292
    endloop
  endfacet
  facet normal -1 0 0
    outer loop
      vertex 10 -8.784356242317822 12
      vertex 10 -5.066055120646202 7.866033654677807
      vertex 10 -5.246232693111925 7.801565088397009
    endloop
  endfacet
  facet normal -1 0 0
    outer loop
      vertex 10 -8.784356242317822 12
      vertex 10 -4.88042612793145 7.912531296786299
      vertex 10 -5.066055120646202 7.866033654677807
    endloop
  endfacet
  facet normal -1 0 0
    outer loop
      vertex 10 -8.784356242317822 12
      vertex 10 -3.9339448793537986 7.866033654677807
      vertex 10 -4.11957387206855 7.912531296786299
    endloop
  endfacet
  facet normal -1 0 0
    outer loop
      vertex 10 -8.784356242317822 12
      vertex 10 -4.691133423642643 7.940610217010784
      vertex 10 -4.88042612793145 7.912531296786299
    endloop
  endfacet
  facet normal -1 0 0
    outer loop
      vertex 10 -8.784356242317822 12
      vertex 10 -4.5 7.95
      vertex 10 -4.691133423642643 7.940610217010784
    endloop
  endfacet
  facet normal -1 0 0
    outer loop
      vertex 10 -8.784356242317822 12
      vertex 10 -4.308866576357357 7.940610217010784
      vertex 10 -4.5 7.95
    endloop
  endfacet
  facet normal -1 0 0
    outer loop
      vertex 10 -8.784356242317822 12
      vertex 10 -4.11957387206855 7.912531296786299
      vertex 10 -4.308866576357357 7.940610217010784
    endloop
  endfacet
  facet normal -1 0 0
    outer loop
      vertex 10 -8.784356242317822 12
      vertex 10 -3.753767306888075 7.801565088397009
      vertex 10 -3.9339448793537986 7.866033654677807
    endloop
  endfacet
  facet normal -1 0 0
    outer loop
      vertex 10 3 12
      vertex 10 -3.262933095880891 7.507370384057337
      vertex 10 -3.4166380456117755 7.621365743989963
    endloop
  endfacet
  facet normal -1 0 0
    outer loop
      vertex 10 3 12
      vertex 10 -3.5807763631893046 7.719746465479292
      vertex 10 -3.753767306888075 7.801565088397009
    endloop
  endfacet
  facet normal -1 0 0
    outer loop
      vertex 10 3 12
      vertex 10 -3.4166380456117755 7.621365743989963
      vertex 10 -3.5807763631893046 7.719746465479292
    endloop
  endfacet
  facet normal 1 0 0
    outer loop
      vertex 13 -6.9304784 12
      vertex 13 -6.9304784 7.752910914549764
      vertex 13 -6.819031360088211 7.903179852490936
    endloop
  endfacet
  facet normal 1 0 0
    outer loop
      vertex 13 -6.9304784 12
      vertex 13 -6.819031360088211 7.903179852490936
      vertex 13 -6.621320343559643 8.121320343559642
    endloop
  endfacet
  facet normal 1 0 0
    outer loop
      vertex 13 -6.9304784 12
      vertex 13 -6.621320343559643 8.121320343559642
      vertex 13 -6.403179852490936 8.31903136008821
    endloop
  endfacet
  facet normal 1 0 0
    outer loop
      vertex 13 -6.9304784 12
      vertex 13 -6.403179852490936 8.31903136008821
      vertex 13 -6.1667106990588065 8.494408836907635
    endloop
  endfacet
  facet normal 1 0 0
    outer loop
      vertex 13 -6.9304784 12
      vertex 13 -6.1667106990588065 8.494408836907635
      vertex 13 -5.914190210477993 8.645763793045065
    endloop
  endfacet
  facet normal 1 0 0
    outer loop
      vertex 13 -6.9304784 12
      vertex 13 -5.914190210477993 8.645763793045065
      vertex 13 -5.648050297095269 8.77163859753386
    endloop
  endfacet
  facet normal 1 0 0
    outer loop
      vertex 13 -6.9304784 12
      vertex 13 -5.648050297095269 8.77163859753386
      vertex 13 -5.370854031763387 8.870821007196627
    endloop
  endfacet
  facet normal 1 0 0
    outer loop
      vertex 13 -6.9304784 12
      vertex 13 -5.370854031763387 8.870821007196627
      vertex 13 -5.085270966048385 8.942355841209691
    endloop
  endfacet
  facet normal 1 0 0
    outer loop
      vertex 13 -6.9304784 12
      vertex 13 -5.085270966048385 8.942355841209691
      vertex 13 -4.794051420988682 8.98555418001659
    endloop
  endfacet
  facet normal 1 0 0
    outer loop
      vertex 13 -1 12
      vertex 13 -2.0055911630923644 7.6667106990588065
      vertex 13 -1.8542362069549347 7.414190210477993
    endloop
  endfacet
  facet normal 1 0 0
    outer loop
      vertex 13 -1 12
      vertex 13 -2.180968639911789 7.903179852490936
      vertex 13 -2.0055911630923644 7.6667106990588065
    endloop
  endfacet
  facet normal 1 0 0
    outer loop
      vertex 13 -1 12
      vertex 13 -2.378679656440357 8.121320343559642
      vertex 13 -2.180968639911789 7.903179852490936
    endloop
  endfacet
  facet normal 1 0 0
    outer loop
      vertex 13 -1 12
      vertex 13 -2.5968201475090638 8.31903136008821
      vertex 13 -2.378679656440357 8.121320343559642
    endloop
  endfacet
  facet normal 1 0 0
    outer loop
      vertex 13 -1 12
      vertex 13 -2.8332893009411935 8.494408836907635
      vertex 13 -2.5968201475090638 8.31903136008821
    endloop
  endfacet
  facet normal 1 0 0
    outer loop
      vertex 13 -1 12
      vertex 13 -3.085809789522007 8.645763793045065
      vertex 13 -2.8332893009411935 8.494408836907635
    endloop
  endfacet
  facet normal 1 0 0
    outer loop
      vertex 13 -1 12
      vertex 13 -4.794051420988682 8.98555418001659
      vertex 13 -4.5 9
    endloop
  endfacet
  facet normal 1 0 0
    outer loop
      vertex 13 -1 12
      vertex 13 -4.205948579011318 8.98555418001659
      vertex 13 -3.914729033951615 8.942355841209691
    endloop
  endfacet
  facet normal 1 0 0
    outer loop
      vertex 13 -1 12
      vertex 13 -3.914729033951615 8.942355841209691
      vertex 13 -3.629145968236613 8.870821007196627
    endloop
  endfacet
  facet normal 1 0 0
    outer loop
      vertex 13 -1 12
      vertex 13 -4.5 9
      vertex 13 -4.205948579011318 8.98555418001659
    endloop
  endfacet
  facet normal 1 0 0
    outer loop
      vertex 13 -1 12
      vertex 13 -3.3519497029047307 8.77163859753386
      vertex 13 -3.085809789522007 8.645763793045065
    endloop
  endfacet
  facet normal 1 0 0
    outer loop
      vertex 13 -1 12
      vertex 13 -3.629145968236613 8.870821007196627
      vertex 13 -3.3519497029047307 8.77163859753386
    endloop
  endfacet
  facet normal 0 0 1
    outer loop
      vertex 10 -8.784356242317822 12
      vertex 12.252079536178103 -8.260397680890515 12
      vertex 10 3 12
    endloop
  endfacet
  facet normal -1 0 0
    outer loop
      vertex 10 -8.784356242317822 12
      vertex 10 3 12
      vertex 10 -3.753767306888075 7.801565088397009
    endloop
  endfacet
  facet normal 0 0 1
    outer loop
      vertex 10 -12 12
      vertex 13 -12 12
      vertex 10 -11.938382730199603 12
    endloop
  endfacet
  facet normal 0 0 1
    outer loop
      vertex 10 -11.938382730199603 12
      vertex 12.566736503496502 -9.833682517482506 12
      vertex 10 -8.784356242317822 12
    endloop
  endfacet
  facet normal 0 0 1
    outer loop
      vertex 10 -11.938382730199603 12
      vertex 13 -10.65415567213115 12
      vertex 12.566736503496502 -9.833682517482506 12
    endloop
  endfacet
  facet normal 0 0 1
    outer loop
      vertex 10 -11.938382730199603 12
      vertex 13 -12 12
      vertex 13 -10.65415567213115 12
    endloop
  endfacet
  facet normal 0 0 1
    outer loop
      vertex 10 -8.784356242317822 12
      vertex 12.566736503496502 -9.833682517482506 12
      vertex 12.252079536178103 -8.260397680890515 12
    endloop
  endfacet
  facet normal 0 0 1
    outer loop
      vertex 13 -9.14049236713373 12
      vertex 13 -6.9304784 12
      vertex 12.252079536178103 -8.260397680890515 12
    endloop
  endfacet
  facet normal 0 0 1
    outer loop
      vertex 12.252079536178103 -8.260397680890515 12
      vertex 13 -6.9304784 12
      vertex 13 -1 12
    endloop
  endfacet
  facet normal 1 0 0
    outer loop
      vertex 13 -6.9304784 12
      vertex 13 -4.794051420988682 8.98555418001659
      vertex 13 -1 12
    endloop
  endfacet
  facet normal 0 0 1
    outer loop
      vertex 12.252079536178103 -8.260397680890515 12
      vertex 13 -1 12
      vertex 10 3 12
    endloop
  endfacet
  facet normal 0 0 1
    outer loop
      vertex 13 -1 12
      vertex 13 3 12
      vertex 10 3 12
    endloop
  endfacet
  facet normal 0 1 0
    outer loop
      vertex 12 3 7.5
      vertex 10 3 12
      vertex 13 3 7.5
    endloop
  endfacet
  facet normal 0 1 0
    outer loop
      vertex 13 3 7.5
      vertex 10 3 12
      vertex 13 3 12
    endloop
  endfacet
  facet normal 0 0 -1
    outer loop
      vertex 12.414634146341463 0.07317073170731703 0
      vertex 13 3 0
      vertex 13 0.33333333333333326 0
    endloop
  endfacet
  facet normal 0 0 -1
    outer loop
      vertex 13 -1 0
      vertex 13 0.33333333333333326 0
      vertex 15.954964347107436 -1 0
    endloop
  endfacet
  facet normal 0 0 -1
    outer loop
      vertex 13 0.33333333333333326 0
      vertex 13 3 0
      vertex 16.120491436128233 1.7202184160569929 0
    endloop
  endfacet
  facet normal 0 0 -1
    outer loop
      vertex 13 0.33333333333333326 0
      vertex 16.109126166036393 -1 0
      vertex 15.954964347107436 -1 0
    endloop
  endfacet
  facet normal 0 0 -1
    outer loop
      vertex 13 0.33333333333333326 0
      vertex 17.662344066945643 -1 0
      vertex 16.109126166036393 -1 0
    endloop
  endfacet
  facet normal 0 0 -1
    outer loop
      vertex 13 3 0
      vertex 16 3 0
      vertex 16.120491436128233 1.7202184160569929 0
    endloop
  endfacet
  facet normal 0 0 -1
    outer loop
      vertex 13 0.33333333333333326 0
      vertex 16.120491436128233 1.7202184160569929 0
      vertex 19 -1 0
    endloop
  endfacet
  facet normal 0 0 -1
    outer loop
      vertex 16.120491436128233 1.7202184160569929 0
      vertex 16 3 0
      vertex 16.205638400738067 3 0
    endloop
  endfacet
  facet normal 0 0 -1
    outer loop
      vertex 13 0.33333333333333326 0
      vertex 18.964971638629283 -1 0
      vertex 17.662344066945643 -1 0
    endloop
  endfacet
  facet normal 0 0 -1
    outer loop
      vertex 13 0.33333333333333326 0
      vertex 19 -1 0
      vertex 18.964971638629283 -1 0
    endloop
  endfacet
  facet normal 0 0 -1
    outer loop
      vertex 16.120491436128233 1.7202184160569929 0
      vertex 19 -0.09080000000000155 0
      vertex 19 -1 0
    endloop
  endfacet
  facet normal 0 1 0
    outer loop
      vertex 13 3 0
      vertex 16 3 4.5
      vertex 16 3 0
    endloop
  endfacet
  facet normal 0 -1 0
    outer loop
      vertex 13 -1 0
      vertex 15.954964347107436 -1 0
      vertex 13 -1 12
    endloop
  endfacet
  facet normal 0 -1 0
    outer loop
      vertex 19 -1 0
      vertex 18.964971638629283 -1 12
      vertex 18.964971638629283 -1 0
    endloop
  endfacet
  facet normal 1 0 0
    outer loop
      vertex 19 -1 0
      vertex 19 -0.09080000000000155 0
      vertex 19 -1 12
    endloop
  endfacet
  facet normal 0 1 0
    outer loop
      vertex 13 3 0
      vertex 13 3 4.5
      vertex 16 3 4.5
    endloop
  endfacet
  facet normal 0 -1 0
    outer loop
      vertex 15.954964347107436 -1 0
      vertex 15.954964347107436 -1 12
      vertex 13 -1 12
    endloop
  endfacet
  facet normal 0 -1 0
    outer loop
      vertex 19 -1 0
      vertex 19 -1 12
      vertex 18.964971638629283 -1 12
    endloop
  endfacet
  facet normal 1 0 0
    outer loop
      vertex 19 -0.09080000000000155 0
      vertex 19 -0.09080000000000155 12
      vertex 19 -1 12
    endloop
  endfacet
  facet normal 0 0 1
    outer loop
      vertex 13 -1 12
      vertex 16 1 12
      vertex 13 3 12
    endloop
  endfacet
  facet normal 0 0 1
    outer loop
      vertex 13 -1 12
      vertex 15.954964347107436 -1 12
      vertex 16 1 12
    endloop
  endfacet
  facet normal 0 0 1
    outer loop
      vertex 13 3 12
      vertex 16 1 12
      vertex 16 3 12
    endloop
  endfacet
  facet normal 0 0 1
    outer loop
      vertex 15.954964347107436 -1 12
      vertex 19 -0.09080000000000155 12
      vertex 16 1 12
    endloop
  endfacet
  facet normal 0 0 1
    outer loop
      vertex 15.954964347107436 -1 12
      vertex 18.964971638629283 -1 12
      vertex 19 -0.09080000000000155 12
    endloop
  endfacet
  facet normal 0 0 1
    outer loop
      vertex 19 -1 12
      vertex 19 -0.09080000000000155 12
      vertex 18.964971638629283 -1 12
    endloop
  endfacet
  facet normal 0 1 0
    outer loop
      vertex 13 3 7.5
      vertex 13 3 12
      vertex 16 3 7.5
    endloop
  endfacet
  facet normal 0 1 0
    outer loop
      vertex 16 3 7.5
      vertex 13 3 12
      vertex 16 3 12
    endloop
  endfacet
  facet normal 0 0 -1
    outer loop
      vertex 12 3 4.5
      vertex 16 45 4.5
      vertex 13 3 4.5
    endloop
  endfacet
  facet normal 0 0 -1
    outer loop
      vertex 13 3 4.5
      vertex 16 45 4.5
      vertex 16 3 4.5
    endloop
  endfacet
  facet normal -1 0 0
    outer loop
      vertex 12 3 4.5
      vertex 12 3 7.5
      vertex 12 57 4.5
    endloop
  endfacet
  facet normal 0 0 -1
    outer loop
      vertex 12 3 4.5
      vertex 12 57 4.5
      vertex 16 45 4.5
    endloop
  endfacet
  facet normal 0 0 1
    outer loop
      vertex 12 3 7.5
      vertex 13 3 7.5
      vertex 16 45 7.5
    endloop
  endfacet
  facet normal 0 0 1
    outer loop
      vertex 13 3 7.5
      vertex 16 3 7.5
      vertex 16 45 7.5
    endloop
  endfacet
  facet normal -1 0 0
    outer loop
      vertex 12 3 7.5
      vertex 12 57 7.5
      vertex 12 57 4.5
    endloop
  endfacet
  facet normal 0 0 1
    outer loop
      vertex 12 3 7.5
      vertex 16 45 7.5
      vertex 12 57 7.5
    endloop
  endfacet
  facet normal 0 0 -1
    outer loop
      vertex 16 45 4.5
      vertex 12 57 4.5
      vertex 16 57 4.5
    endloop
  endfacet
  facet normal 0 0 1
    outer loop
      vertex 16 45 7.5
      vertex 16 57 7.5
      vertex 12 57 7.5
    endloop
  endfacet
  facet normal 0 0.1467304744553635 0.9891765099647806
    outer loop
      vertex 13 -4.88042612793145 4.087468703213701
      vertex 10 -4.691133423642643 4.059389782989216
      vertex 10 -4.88042612793145 4.087468703213701
    endloop
  endfacet
  facet normal 0 0.04906767432741873 0.9987954562051723
    outer loop
      vertex 13 -4.691133423642643 4.059389782989216
      vertex 10 -4.5 4.05
      vertex 10 -4.691133423642643 4.059389782989216
    endloop
  endfacet
  facet normal 0 0.2429801799032641 0.970031253194544
    outer loop
      vertex 13 -5.066055120646202 4.133966345322193
      vertex 10 -4.88042612793145 4.087468703213701
      vertex 10 -5.066055120646202 4.133966345322193
    endloop
  endfacet
  facet normal 0 0.1467304744553635 0.9891765099647806
    outer loop
      vertex 13 -4.88042612793145 4.087468703213701
      vertex 13 -4.691133423642643 4.059389782989216
      vertex 10 -4.691133423642643 4.059389782989216
    endloop
  endfacet
  facet normal 0 0.2429801799032641 0.970031253194544
    outer loop
      vertex 13 -4.88042612793145 4.087468703213701
      vertex 10 -4.88042612793145 4.087468703213701
      vertex 13 -5.066055120646202 4.133966345322193
    endloop
  endfacet
  facet normal 0 0.3368898533922197 0.9415440651830208
    outer loop
      vertex 13 -5.246232693111925 4.198434911602991
      vertex 10 -5.066055120646202 4.133966345322193
      vertex 10 -5.246232693111925 4.198434911602991
    endloop
  endfacet
  facet normal 0 0.42755509343028164 0.9039892931234437
    outer loop
      vertex 13 -5.419223636810695 4.280253534520708
      vertex 10 -5.246232693111925 4.198434911602991
      vertex 10 -5.419223636810695 4.280253534520708
    endloop
  endfacet
  facet normal 0 0.5956993044924327 0.8032075314806454
    outer loop
      vertex 13 -5.737066904119109 4.492629615942663
      vertex 10 -5.5833619543882245 4.378634256010037
      vertex 10 -5.737066904119109 4.492629615942663
    endloop
  endfacet
  facet normal 0 0.5141027441932222 0.8577286100002718
    outer loop
      vertex 13 -5.5833619543882245 4.378634256010037
      vertex 10 -5.419223636810695 4.280253534520708
      vertex 10 -5.5833619543882245 4.378634256010037
    endloop
  endfacet
  facet normal 0 0.3368898533922197 0.9415440651830208
    outer loop
      vertex 13 -5.246232693111925 4.198434911602991
      vertex 13 -5.066055120646202 4.133966345322193
      vertex 10 -5.066055120646202 4.133966345322193
    endloop
  endfacet
  facet normal 0 0.42755509343028164 0.9039892931234437
    outer loop
      vertex 13 -5.419223636810695 4.280253534520708
      vertex 13 -5.246232693111925 4.198434911602991
      vertex 10 -5.246232693111925 4.198434911602991
    endloop
  endfacet
  facet normal 0 0.5956993044924327 0.8032075314806454
    outer loop
      vertex 13 -5.737066904119109 4.492629615942663
      vertex 13 -5.5833619543882245 4.378634256010037
      vertex 10 -5.5833619543882245 4.378634256010037
    endloop
  endfacet
  facet normal 0 0.5141027441932222 0.8577286100002718
    outer loop
      vertex 13 -5.5833619543882245 4.378634256010037
      vertex 13 -5.419223636810695 4.280253534520708
      vertex 10 -5.419223636810695 4.280253534520708
    endloop
  endfacet
  facet normal 0 -0.04906767432741873 0.9987954562051723
    outer loop
      vertex 13 -4.5 4.05
      vertex 10 -4.308866576357357 4.059389782989216
      vertex 10 -4.5 4.05
    endloop
  endfacet
  facet normal 0 -0.1467304744553635 0.9891765099647806
    outer loop
      vertex 13 -4.308866576357357 4.059389782989216
      vertex 10 -4.11957387206855 4.087468703213701
      vertex 10 -4.308866576357357 4.059389782989216
    endloop
  endfacet
  facet normal 0 -0.24298017990326462 0.9700312531945438
    outer loop
      vertex 13 -4.11957387206855 4.087468703213701
      vertex 10 -3.9339448793537986 4.133966345322193
      vertex 10 -4.11957387206855 4.087468703213701
    endloop
  endfacet
  facet normal 0 0.04906767432741873 0.9987954562051723
    outer loop
      vertex 13 -4.691133423642643 4.059389782989216
      vertex 13 -4.5 4.05
      vertex 10 -4.5 4.05
    endloop
  endfacet
  facet normal 0 -0.04906767432741873 0.9987954562051723
    outer loop
      vertex 13 -4.5 4.05
      vertex 13 -4.308866576357357 4.059389782989216
      vertex 10 -4.308866576357357 4.059389782989216
    endloop
  endfacet
  facet normal 0 -0.1467304744553635 0.9891765099647806
    outer loop
      vertex 13 -4.308866576357357 4.059389782989216
      vertex 13 -4.11957387206855 4.087468703213701
      vertex 10 -4.11957387206855 4.087468703213701
    endloop
  endfacet
  facet normal 0 -0.24298017990326462 0.9700312531945438
    outer loop
      vertex 13 -4.11957387206855 4.087468703213701
      vertex 13 -3.9339448793537986 4.133966345322193
      vertex 10 -3.9339448793537986 4.133966345322193
    endloop
  endfacet
  facet normal 0 -0.336889853392219 0.9415440651830211
    outer loop
      vertex 13 -3.9339448793537986 4.133966345322193
      vertex 10 -3.753767306888075 4.198434911602991
      vertex 10 -3.9339448793537986 4.133966345322193
    endloop
  endfacet
  facet normal 0 -0.42755509343028164 0.9039892931234437
    outer loop
      vertex 13 -3.753767306888075 4.198434911602991
      vertex 10 -3.5807763631893046 4.280253534520708
      vertex 10 -3.753767306888075 4.198434911602991
    endloop
  endfacet
  facet normal 0 -0.5141027441932222 0.8577286100002718
    outer loop
      vertex 13 -3.5807763631893046 4.280253534520708
      vertex 10 -3.4166380456117755 4.378634256010037
      vertex 10 -3.5807763631893046 4.280253534520708
    endloop
  endfacet
  facet normal 0 -0.5956993044924327 0.8032075314806454
    outer loop
      vertex 13 -3.4166380456117755 4.378634256010037
      vertex 10 -3.262933095880891 4.492629615942663
      vertex 10 -3.4166380456117755 4.378634256010037
    endloop
  endfacet
  facet normal 0 -0.336889853392219 0.9415440651830211
    outer loop
      vertex 13 -3.9339448793537986 4.133966345322193
      vertex 13 -3.753767306888075 4.198434911602991
      vertex 10 -3.753767306888075 4.198434911602991
    endloop
  endfacet
  facet normal 0 -0.42755509343028164 0.9039892931234437
    outer loop
      vertex 13 -3.753767306888075 4.198434911602991
      vertex 13 -3.5807763631893046 4.280253534520708
      vertex 10 -3.5807763631893046 4.280253534520708
    endloop
  endfacet
  facet normal 0 -0.5141027441932222 0.8577286100002718
    outer loop
      vertex 13 -3.5807763631893046 4.280253534520708
      vertex 13 -3.4166380456117755 4.378634256010037
      vertex 10 -3.4166380456117755 4.378634256010037
    endloop
  endfacet
  facet normal 0 -0.5956993044924327 0.8032075314806454
    outer loop
      vertex 13 -3.4166380456117755 4.378634256010037
      vertex 13 -3.262933095880891 4.492629615942663
      vertex 10 -3.262933095880891 4.492629615942663
    endloop
  endfacet
  facet normal 0 0.6715589548470188 0.7409511253549588
    outer loop
      vertex 13 -5.878858223313768 4.621141776686232
      vertex 10 -5.737066904119109 4.492629615942663
      vertex 10 -5.878858223313768 4.621141776686232
    endloop
  endfacet
  facet normal 0 0.7409511253549588 0.6715589548470188
    outer loop
      vertex 13 -6.007370384057337 4.762933095880891
      vertex 10 -5.878858223313768 4.621141776686232
      vertex 10 -6.007370384057337 4.762933095880891
    endloop
  endfacet
  facet normal 0 0.8032075314806454 0.5956993044924327
    outer loop
      vertex 13 -6.121365743989963 4.9166380456117755
      vertex 10 -6.007370384057337 4.762933095880891
      vertex 10 -6.121365743989963 4.9166380456117755
    endloop
  endfacet
  facet normal 0 0.6715589548470188 0.7409511253549588
    outer loop
      vertex 13 -5.737066904119109 4.492629615942663
      vertex 10 -5.737066904119109 4.492629615942663
      vertex 13 -5.878858223313768 4.621141776686232
    endloop
  endfacet
  facet normal 0 0.7409511253549588 0.6715589548470188
    outer loop
      vertex 13 -6.007370384057337 4.762933095880891
      vertex 13 -5.878858223313768 4.621141776686232
      vertex 10 -5.878858223313768 4.621141776686232
    endloop
  endfacet
  facet normal 0 0.8032075314806454 0.5956993044924327
    outer loop
      vertex 13 -6.007370384057337 4.762933095880891
      vertex 10 -6.007370384057337 4.762933095880891
      vertex 13 -6.121365743989963 4.9166380456117755
    endloop
  endfacet
  facet normal 0 0.8577286100002718 0.5141027441932222
    outer loop
      vertex 13 -6.219746465479292 5.080776363189305
      vertex 10 -6.121365743989963 4.9166380456117755
      vertex 10 -6.219746465479292 5.080776363189305
    endloop
  endfacet
  facet normal 0 0.9039892931234437 0.42755509343028164
    outer loop
      vertex 13 -6.301565088397009 5.253767306888075
      vertex 10 -6.219746465479292 5.080776363189305
      vertex 10 -6.301565088397009 5.253767306888075
    endloop
  endfacet
  facet normal 0 0.8577286100002718 0.5141027441932222
    outer loop
      vertex 13 -6.219746465479292 5.080776363189305
      vertex 13 -6.121365743989963 4.9166380456117755
      vertex 10 -6.121365743989963 4.9166380456117755
    endloop
  endfacet
  facet normal 0 0.9039892931234437 0.42755509343028164
    outer loop
      vertex 13 -6.219746465479292 5.080776363189305
      vertex 10 -6.219746465479292 5.080776363189305
      vertex 13 -6.301565088397009 5.253767306888075
    endloop
  endfacet
  facet normal 0 0.9415440651830208 0.3368898533922197
    outer loop
      vertex 13 -6.366033654677807 5.433944879353798
      vertex 10 -6.301565088397009 5.253767306888075
      vertex 10 -6.366033654677807 5.433944879353798
    endloop
  endfacet
  facet normal 0 0.970031253194544 0.2429801799032641
    outer loop
      vertex 13 -6.412531296786299 5.61957387206855
      vertex 10 -6.366033654677807 5.433944879353798
      vertex 10 -6.412531296786299 5.61957387206855
    endloop
  endfacet
  facet normal 0 0.9415440651830208 0.3368898533922197
    outer loop
      vertex 13 -6.301565088397009 5.253767306888075
      vertex 10 -6.301565088397009 5.253767306888075
      vertex 13 -6.366033654677807 5.433944879353798
    endloop
  endfacet
  facet normal 0 0.970031253194544 0.2429801799032641
    outer loop
      vertex 13 -6.412531296786299 5.61957387206855
      vertex 13 -6.366033654677807 5.433944879353798
      vertex 10 -6.366033654677807 5.433944879353798
    endloop
  endfacet
  facet normal 0 0.9891765099647806 0.1467304744553635
    outer loop
      vertex 13 -6.440610217010784 5.808866576357357
      vertex 10 -6.412531296786299 5.61957387206855
      vertex 10 -6.440610217010784 5.808866576357357
    endloop
  endfacet
  facet normal 0 0.9987954562051723 0.04906767432741873
    outer loop
      vertex 13 -6.45 6
      vertex 10 -6.440610217010784 5.808866576357357
      vertex 10 -6.45 6
    endloop
  endfacet
  facet normal 0 0.9891765099647806 0.1467304744553635
    outer loop
      vertex 13 -6.412531296786299 5.61957387206855
      vertex 10 -6.412531296786299 5.61957387206855
      vertex 13 -6.440610217010784 5.808866576357357
    endloop
  endfacet
  facet normal 0 0.9987954562051723 0.04906767432741873
    outer loop
      vertex 13 -6.440610217010784 5.808866576357357
      vertex 10 -6.440610217010784 5.808866576357357
      vertex 13 -6.45 6
    endloop
  endfacet
  facet normal 0 -0.6715589548470188 0.7409511253549588
    outer loop
      vertex 13 -3.262933095880891 4.492629615942663
      vertex 10 -3.1211417766862324 4.621141776686232
      vertex 10 -3.262933095880891 4.492629615942663
    endloop
  endfacet
  facet normal 0 -0.7409511253549588 0.6715589548470188
    outer loop
      vertex 13 -3.1211417766862324 4.621141776686232
      vertex 10 -2.992629615942663 4.762933095880891
      vertex 10 -3.1211417766862324 4.621141776686232
    endloop
  endfacet
  facet normal 0 -0.8032075314806454 0.5956993044924327
    outer loop
      vertex 13 -2.992629615942663 4.762933095880891
      vertex 10 -2.878634256010037 4.9166380456117755
      vertex 10 -2.992629615942663 4.762933095880891
    endloop
  endfacet
  facet normal 0 -0.6715589548470188 0.7409511253549588
    outer loop
      vertex 13 -3.262933095880891 4.492629615942663
      vertex 13 -3.1211417766862324 4.621141776686232
      vertex 10 -3.1211417766862324 4.621141776686232
    endloop
  endfacet
  facet normal 0 -0.7409511253549588 0.6715589548470188
    outer loop
      vertex 13 -3.1211417766862324 4.621141776686232
      vertex 13 -2.992629615942663 4.762933095880891
      vertex 10 -2.992629615942663 4.762933095880891
    endloop
  endfacet
  facet normal 0 -0.8032075314806454 0.5956993044924327
    outer loop
      vertex 13 -2.992629615942663 4.762933095880891
      vertex 13 -2.878634256010037 4.9166380456117755
      vertex 10 -2.878634256010037 4.9166380456117755
    endloop
  endfacet
  facet normal 0 -0.8577286100002718 0.5141027441932222
    outer loop
      vertex 13 -2.878634256010037 4.9166380456117755
      vertex 10 -2.780253534520708 5.080776363189305
      vertex 10 -2.878634256010037 4.9166380456117755
    endloop
  endfacet
  facet normal 0 -0.9039892931234437 0.42755509343028164
    outer loop
      vertex 13 -2.780253534520708 5.080776363189305
      vertex 10 -2.698434911602991 5.253767306888075
      vertex 10 -2.780253534520708 5.080776363189305
    endloop
  endfacet
  facet normal 0 -0.8577286100002718 0.5141027441932222
    outer loop
      vertex 13 -2.878634256010037 4.9166380456117755
      vertex 13 -2.780253534520708 5.080776363189305
      vertex 10 -2.780253534520708 5.080776363189305
    endloop
  endfacet
  facet normal 0 -0.9039892931234437 0.42755509343028164
    outer loop
      vertex 13 -2.780253534520708 5.080776363189305
      vertex 13 -2.698434911602991 5.253767306888075
      vertex 10 -2.698434911602991 5.253767306888075
    endloop
  endfacet
  facet normal 0 -0.9415440651830208 0.3368898533922197
    outer loop
      vertex 13 -2.698434911602991 5.253767306888075
      vertex 10 -2.633966345322193 5.433944879353798
      vertex 10 -2.698434911602991 5.253767306888075
    endloop
  endfacet
  facet normal 0 -0.970031253194544 0.2429801799032641
    outer loop
      vertex 13 -2.633966345322193 5.433944879353798
      vertex 10 -2.587468703213701 5.61957387206855
      vertex 10 -2.633966345322193 5.433944879353798
    endloop
  endfacet
  facet normal 0 -0.9415440651830208 0.3368898533922197
    outer loop
      vertex 13 -2.698434911602991 5.253767306888075
      vertex 13 -2.633966345322193 5.433944879353798
      vertex 10 -2.633966345322193 5.433944879353798
    endloop
  endfacet
  facet normal 0 -0.970031253194544 0.2429801799032641
    outer loop
      vertex 13 -2.633966345322193 5.433944879353798
      vertex 13 -2.587468703213701 5.61957387206855
      vertex 10 -2.587468703213701 5.61957387206855
    endloop
  endfacet
  facet normal 0 -0.9891765099647806 0.1467304744553635
    outer loop
      vertex 13 -2.587468703213701 5.61957387206855
      vertex 10 -2.559389782989216 5.808866576357357
      vertex 10 -2.587468703213701 5.61957387206855
    endloop
  endfacet
  facet normal 0 -0.9987954562051723 0.04906767432741873
    outer loop
      vertex 13 -2.559389782989216 5.808866576357357
      vertex 10 -2.55 6
      vertex 10 -2.559389782989216 5.808866576357357
    endloop
  endfacet
  facet normal 0 -0.9891765099647806 0.1467304744553635
    outer loop
      vertex 13 -2.587468703213701 5.61957387206855
      vertex 13 -2.559389782989216 5.808866576357357
      vertex 10 -2.559389782989216 5.808866576357357
    endloop
  endfacet
  facet normal 0 -0.9987954562051723 0.04906767432741873
    outer loop
      vertex 13 -2.559389782989216 5.808866576357357
      vertex 13 -2.55 6
      vertex 10 -2.55 6
    endloop
  endfacet
  facet normal 0 0.9987954562051723 -0.04906767432741873
    outer loop
      vertex 13 -6.440610217010784 6.191133423642643
      vertex 10 -6.45 6
      vertex 10 -6.440610217010784 6.191133423642643
    endloop
  endfacet
  facet normal 0 0.9891765099647806 -0.1467304744553635
    outer loop
      vertex 13 -6.412531296786299 6.38042612793145
      vertex 10 -6.440610217010784 6.191133423642643
      vertex 10 -6.412531296786299 6.38042612793145
    endloop
  endfacet
  facet normal 0 0.9987954562051723 -0.04906767432741873
    outer loop
      vertex 13 -6.45 6
      vertex 10 -6.45 6
      vertex 13 -6.440610217010784 6.191133423642643
    endloop
  endfacet
  facet normal 0 0.9891765099647806 -0.1467304744553635
    outer loop
      vertex 13 -6.440610217010784 6.191133423642643
      vertex 10 -6.440610217010784 6.191133423642643
      vertex 13 -6.412531296786299 6.38042612793145
    endloop
  endfacet
  facet normal 0 0.970031253194544 -0.2429801799032641
    outer loop
      vertex 13 -6.366033654677807 6.566055120646202
      vertex 10 -6.412531296786299 6.38042612793145
      vertex 10 -6.366033654677807 6.566055120646202
    endloop
  endfacet
  facet normal 0 0.9415440651830208 -0.3368898533922197
    outer loop
      vertex 13 -6.301565088397009 6.746232693111925
      vertex 10 -6.366033654677807 6.566055120646202
      vertex 10 -6.301565088397009 6.746232693111925
    endloop
  endfacet
  facet normal 0 0.970031253194544 -0.2429801799032641
    outer loop
      vertex 13 -6.412531296786299 6.38042612793145
      vertex 10 -6.412531296786299 6.38042612793145
      vertex 13 -6.366033654677807 6.566055120646202
    endloop
  endfacet
  facet normal 0 0.9415440651830208 -0.3368898533922197
    outer loop
      vertex 13 -6.366033654677807 6.566055120646202
      vertex 10 -6.366033654677807 6.566055120646202
      vertex 13 -6.301565088397009 6.746232693111925
    endloop
  endfacet
  facet normal 0 0.9039892931234437 -0.42755509343028164
    outer loop
      vertex 13 -6.219746465479292 6.919223636810695
      vertex 10 -6.301565088397009 6.746232693111925
      vertex 10 -6.219746465479292 6.919223636810695
    endloop
  endfacet
  facet normal 0 0.8577286100002718 -0.5141027441932222
    outer loop
      vertex 13 -6.121365743989963 7.0833619543882245
      vertex 10 -6.219746465479292 6.919223636810695
      vertex 10 -6.121365743989963 7.0833619543882245
    endloop
  endfacet
  facet normal 0 0.9039892931234437 -0.42755509343028164
    outer loop
      vertex 13 -6.301565088397009 6.746232693111925
      vertex 10 -6.301565088397009 6.746232693111925
      vertex 13 -6.219746465479292 6.919223636810695
    endloop
  endfacet
  facet normal 0 0.8577286100002718 -0.5141027441932222
    outer loop
      vertex 13 -6.219746465479292 6.919223636810695
      vertex 10 -6.219746465479292 6.919223636810695
      vertex 13 -6.121365743989963 7.0833619543882245
    endloop
  endfacet
  facet normal 0 0.8032075314806454 -0.5956993044924327
    outer loop
      vertex 13 -6.007370384057337 7.237066904119109
      vertex 10 -6.121365743989963 7.0833619543882245
      vertex 10 -6.007370384057337 7.237066904119109
    endloop
  endfacet
  facet normal 0 0.7409511253549588 -0.6715589548470188
    outer loop
      vertex 13 -5.878858223313768 7.378858223313768
      vertex 10 -6.007370384057337 7.237066904119109
      vertex 10 -5.878858223313768 7.378858223313768
    endloop
  endfacet
  facet normal 0 0.6715589548470188 -0.7409511253549588
    outer loop
      vertex 13 -5.737066904119109 7.507370384057337
      vertex 10 -5.878858223313768 7.378858223313768
      vertex 10 -5.737066904119109 7.507370384057337
    endloop
  endfacet
  facet normal 0 0.8032075314806454 -0.5956993044924327
    outer loop
      vertex 13 -6.121365743989963 7.0833619543882245
      vertex 10 -6.121365743989963 7.0833619543882245
      vertex 13 -6.007370384057337 7.237066904119109
    endloop
  endfacet
  facet normal 0 0.7409511253549588 -0.6715589548470188
    outer loop
      vertex 13 -6.007370384057337 7.237066904119109
      vertex 10 -6.007370384057337 7.237066904119109
      vertex 13 -5.878858223313768 7.378858223313768
    endloop
  endfacet
  facet normal 0 0.6715589548470188 -0.7409511253549588
    outer loop
      vertex 13 -5.878858223313768 7.378858223313768
      vertex 10 -5.878858223313768 7.378858223313768
      vertex 13 -5.737066904119109 7.507370384057337
    endloop
  endfacet
  facet normal 0 -0.9987954562051723 -0.04906767432741873
    outer loop
      vertex 13 -2.55 6
      vertex 10 -2.559389782989216 6.191133423642643
      vertex 10 -2.55 6
    endloop
  endfacet
  facet normal 0 -0.9891765099647806 -0.1467304744553635
    outer loop
      vertex 13 -2.559389782989216 6.191133423642643
      vertex 10 -2.587468703213701 6.38042612793145
      vertex 10 -2.559389782989216 6.191133423642643
    endloop
  endfacet
  facet normal 0 -0.9987954562051723 -0.04906767432741873
    outer loop
      vertex 13 -2.55 6
      vertex 13 -2.559389782989216 6.191133423642643
      vertex 10 -2.559389782989216 6.191133423642643
    endloop
  endfacet
  facet normal 0 -0.9891765099647806 -0.1467304744553635
    outer loop
      vertex 13 -2.559389782989216 6.191133423642643
      vertex 13 -2.587468703213701 6.38042612793145
      vertex 10 -2.587468703213701 6.38042612793145
    endloop
  endfacet
  facet normal 0 -0.970031253194544 -0.2429801799032641
    outer loop
      vertex 13 -2.587468703213701 6.38042612793145
      vertex 10 -2.633966345322193 6.566055120646202
      vertex 10 -2.587468703213701 6.38042612793145
    endloop
  endfacet
  facet normal 0 -0.9415440651830208 -0.3368898533922197
    outer loop
      vertex 13 -2.633966345322193 6.566055120646202
      vertex 10 -2.698434911602991 6.746232693111925
      vertex 10 -2.633966345322193 6.566055120646202
    endloop
  endfacet
  facet normal 0 -0.970031253194544 -0.2429801799032641
    outer loop
      vertex 13 -2.633966345322193 6.566055120646202
      vertex 10 -2.633966345322193 6.566055120646202
      vertex 13 -2.587468703213701 6.38042612793145
    endloop
  endfacet
  facet normal 0 -0.9415440651830208 -0.3368898533922197
    outer loop
      vertex 13 -2.633966345322193 6.566055120646202
      vertex 13 -2.698434911602991 6.746232693111925
      vertex 10 -2.698434911602991 6.746232693111925
    endloop
  endfacet
  facet normal 0 -0.8577286100002718 -0.5141027441932222
    outer loop
      vertex 13 -2.780253534520708 6.919223636810695
      vertex 10 -2.878634256010037 7.0833619543882245
      vertex 10 -2.780253534520708 6.919223636810695
    endloop
  endfacet
  facet normal 0 -0.9039892931234437 -0.42755509343028164
    outer loop
      vertex 13 -2.698434911602991 6.746232693111925
      vertex 10 -2.780253534520708 6.919223636810695
      vertex 10 -2.698434911602991 6.746232693111925
    endloop
  endfacet
  facet normal 0 -0.8577286100002718 -0.5141027441932222
    outer loop
      vertex 13 -2.878634256010037 7.0833619543882245
      vertex 10 -2.878634256010037 7.0833619543882245
      vertex 13 -2.780253534520708 6.919223636810695
    endloop
  endfacet
  facet normal 0 -0.9039892931234437 -0.42755509343028164
    outer loop
      vertex 13 -2.698434911602991 6.746232693111925
      vertex 13 -2.780253534520708 6.919223636810695
      vertex 10 -2.780253534520708 6.919223636810695
    endloop
  endfacet
  facet normal 0 -0.8032075314806454 -0.5956993044924327
    outer loop
      vertex 13 -2.878634256010037 7.0833619543882245
      vertex 10 -2.992629615942663 7.237066904119109
      vertex 10 -2.878634256010037 7.0833619543882245
    endloop
  endfacet
  facet normal 0 -0.7409511253549588 -0.6715589548470188
    outer loop
      vertex 13 -2.992629615942663 7.237066904119109
      vertex 10 -3.1211417766862324 7.378858223313768
      vertex 10 -2.992629615942663 7.237066904119109
    endloop
  endfacet
  facet normal 0 -0.6715589548470188 -0.7409511253549588
    outer loop
      vertex 13 -3.1211417766862324 7.378858223313768
      vertex 10 -3.262933095880891 7.507370384057337
      vertex 10 -3.1211417766862324 7.378858223313768
    endloop
  endfacet
  facet normal 0 -0.8032075314806454 -0.5956993044924327
    outer loop
      vertex 13 -2.878634256010037 7.0833619543882245
      vertex 13 -2.992629615942663 7.237066904119109
      vertex 10 -2.992629615942663 7.237066904119109
    endloop
  endfacet
  facet normal 0 -0.7409511253549588 -0.6715589548470188
    outer loop
      vertex 13 -3.1211417766862324 7.378858223313768
      vertex 10 -3.1211417766862324 7.378858223313768
      vertex 13 -2.992629615942663 7.237066904119109
    endloop
  endfacet
  facet normal 0 -0.6715589548470188 -0.7409511253549588
    outer loop
      vertex 13 -3.1211417766862324 7.378858223313768
      vertex 13 -3.262933095880891 7.507370384057337
      vertex 10 -3.262933095880891 7.507370384057337
    endloop
  endfacet
  facet normal 0 0.5956993044924327 -0.8032075314806454
    outer loop
      vertex 13 -5.5833619543882245 7.621365743989963
      vertex 10 -5.737066904119109 7.507370384057337
      vertex 10 -5.5833619543882245 7.621365743989963
    endloop
  endfacet
  facet normal 0 0.5141027441932222 -0.8577286100002718
    outer loop
      vertex 13 -5.419223636810695 7.719746465479292
      vertex 10 -5.5833619543882245 7.621365743989963
      vertex 10 -5.419223636810695 7.719746465479292
    endloop
  endfacet
  facet normal 0 0.42755509343028164 -0.9039892931234437
    outer loop
      vertex 13 -5.246232693111925 7.801565088397009
      vertex 10 -5.419223636810695 7.719746465479292
      vertex 10 -5.246232693111925 7.801565088397009
    endloop
  endfacet
  facet normal 0 0.3368898533922197 -0.9415440651830208
    outer loop
      vertex 13 -5.066055120646202 7.866033654677807
      vertex 10 -5.246232693111925 7.801565088397009
      vertex 10 -5.066055120646202 7.866033654677807
    endloop
  endfacet
  facet normal 0 0.5956993044924327 -0.8032075314806454
    outer loop
      vertex 13 -5.737066904119109 7.507370384057337
      vertex 10 -5.737066904119109 7.507370384057337
      vertex 13 -5.5833619543882245 7.621365743989963
    endloop
  endfacet
  facet normal 0 0.5141027441932222 -0.8577286100002718
    outer loop
      vertex 13 -5.5833619543882245 7.621365743989963
      vertex 10 -5.5833619543882245 7.621365743989963
      vertex 13 -5.419223636810695 7.719746465479292
    endloop
  endfacet
  facet normal 0 0.42755509343028164 -0.9039892931234437
    outer loop
      vertex 13 -5.419223636810695 7.719746465479292
      vertex 10 -5.419223636810695 7.719746465479292
      vertex 13 -5.246232693111925 7.801565088397009
    endloop
  endfacet
  facet normal 0 0.3368898533922197 -0.9415440651830208
    outer loop
      vertex 13 -5.246232693111925 7.801565088397009
      vertex 10 -5.246232693111925 7.801565088397009
      vertex 13 -5.066055120646202 7.866033654677807
    endloop
  endfacet
  facet normal 0 0.2429801799032641 -0.970031253194544
    outer loop
      vertex 13 -4.88042612793145 7.912531296786299
      vertex 10 -5.066055120646202 7.866033654677807
      vertex 10 -4.88042612793145 7.912531296786299
    endloop
  endfacet
  facet normal 0 0.1467304744553635 -0.9891765099647806
    outer loop
      vertex 13 -4.691133423642643 7.940610217010784
      vertex 10 -4.88042612793145 7.912531296786299
      vertex 10 -4.691133423642643 7.940610217010784
    endloop
  endfacet
  facet normal 0 0.2429801799032641 -0.970031253194544
    outer loop
      vertex 13 -5.066055120646202 7.866033654677807
      vertex 10 -5.066055120646202 7.866033654677807
      vertex 13 -4.88042612793145 7.912531296786299
    endloop
  endfacet
  facet normal 0 0.1467304744553635 -0.9891765099647806
    outer loop
      vertex 13 -4.88042612793145 7.912531296786299
      vertex 10 -4.88042612793145 7.912531296786299
      vertex 13 -4.691133423642643 7.940610217010784
    endloop
  endfacet
  facet normal 0 0.04906767432741873 -0.9987954562051723
    outer loop
      vertex 13 -4.691133423642643 7.940610217010784
      vertex 10 -4.691133423642643 7.940610217010784
      vertex 13 -4.5 7.95
    endloop
  endfacet
  facet normal 0 -0.5956993044924327 -0.8032075314806454
    outer loop
      vertex 13 -3.262933095880891 7.507370384057337
      vertex 10 -3.4166380456117755 7.621365743989963
      vertex 10 -3.262933095880891 7.507370384057337
    endloop
  endfacet
  facet normal 0 -0.5141027441932222 -0.8577286100002718
    outer loop
      vertex 13 -3.4166380456117755 7.621365743989963
      vertex 10 -3.5807763631893046 7.719746465479292
      vertex 10 -3.4166380456117755 7.621365743989963
    endloop
  endfacet
  facet normal 0 -0.336889853392219 -0.9415440651830211
    outer loop
      vertex 13 -3.753767306888075 7.801565088397009
      vertex 10 -3.9339448793537986 7.866033654677807
      vertex 10 -3.753767306888075 7.801565088397009
    endloop
  endfacet
  facet normal 0 -0.42755509343028164 -0.9039892931234437
    outer loop
      vertex 13 -3.5807763631893046 7.719746465479292
      vertex 10 -3.753767306888075 7.801565088397009
      vertex 10 -3.5807763631893046 7.719746465479292
    endloop
  endfacet
  facet normal 0 -0.5956993044924327 -0.8032075314806454
    outer loop
      vertex 13 -3.4166380456117755 7.621365743989963
      vertex 10 -3.4166380456117755 7.621365743989963
      vertex 13 -3.262933095880891 7.507370384057337
    endloop
  endfacet
  facet normal 0 -0.5141027441932222 -0.8577286100002718
    outer loop
      vertex 13 -3.5807763631893046 7.719746465479292
      vertex 10 -3.5807763631893046 7.719746465479292
      vertex 13 -3.4166380456117755 7.621365743989963
    endloop
  endfacet
  facet normal 0 -0.336889853392219 -0.9415440651830211
    outer loop
      vertex 13 -3.9339448793537986 7.866033654677807
      vertex 10 -3.9339448793537986 7.866033654677807
      vertex 13 -3.753767306888075 7.801565088397009
    endloop
  endfacet
  facet normal 0 -0.42755509343028164 -0.9039892931234437
    outer loop
      vertex 13 -3.753767306888075 7.801565088397009
      vertex 10 -3.753767306888075 7.801565088397009
      vertex 13 -3.5807763631893046 7.719746465479292
    endloop
  endfacet
  facet normal 0 0.04906767432741873 -0.9987954562051723
    outer loop
      vertex 13 -4.5 7.95
      vertex 10 -4.691133423642643 7.940610217010784
      vertex 10 -4.5 7.95
    endloop
  endfacet
  facet normal 0 -0.04906767432741873 -0.9987954562051723
    outer loop
      vertex 13 -4.308866576357357 7.940610217010784
      vertex 10 -4.5 7.95
      vertex 10 -4.308866576357357 7.940610217010784
    endloop
  endfacet
  facet normal 0 -0.1467304744553635 -0.9891765099647806
    outer loop
      vertex 13 -4.11957387206855 7.912531296786299
      vertex 10 -4.308866576357357 7.940610217010784
      vertex 10 -4.11957387206855 7.912531296786299
    endloop
  endfacet
  facet normal 0 -0.24298017990326462 -0.9700312531945438
    outer loop
      vertex 13 -3.9339448793537986 7.866033654677807
      vertex 10 -4.11957387206855 7.912531296786299
      vertex 10 -3.9339448793537986 7.866033654677807
    endloop
  endfacet
  facet normal 0 -0.04906767432741873 -0.9987954562051723
    outer loop
      vertex 13 -4.5 7.95
      vertex 10 -4.5 7.95
      vertex 13 -4.308866576357357 7.940610217010784
    endloop
  endfacet
  facet normal 0 -0.1467304744553635 -0.9891765099647806
    outer loop
      vertex 13 -4.308866576357357 7.940610217010784
      vertex 10 -4.308866576357357 7.940610217010784
      vertex 13 -4.11957387206855 7.912531296786299
    endloop
  endfacet
  facet normal 0 -0.24298017990326462 -0.9700312531945438
    outer loop
      vertex 13 -3.9339448793537986 7.866033654677807
      vertex 13 -4.11957387206855 7.912531296786299
      vertex 10 -4.11957387206855 7.912531296786299
    endloop
  endfacet
  facet normal 1 0 0
    outer loop
      vertex 13 -4.794051420988682 3.0144458199834094
      vertex 13 -4.5 3
      vertex 13 -4.691133423642643 4.059389782989216
    endloop
  endfacet
  facet normal 1 0 0
    outer loop
      vertex 13 -5.370854031763387 3.1291789928033733
      vertex 13 -5.085270966048385 3.0576441587903087
      vertex 13 -5.066055120646202 4.133966345322193
    endloop
  endfacet
  facet normal 1 0 0
    outer loop
      vertex 13 -5.085270966048385 3.0576441587903087
      vertex 13 -4.794051420988682 3.0144458199834094
      vertex 13 -4.691133423642643 4.059389782989216
    endloop
  endfacet
  facet normal 1 0 0
    outer loop
      vertex 13 -5.648050297095269 3.22836140246614
      vertex 13 -5.370854031763387 3.1291789928033733
      vertex 13 -5.246232693111925 4.198434911602991
    endloop
  endfacet
  facet normal 1 0 0
    outer loop
      vertex 13 -5.914190210477993 3.3542362069549347
      vertex 13 -5.648050297095269 3.22836140246614
      vertex 13 -5.5833619543882245 4.378634256010037
    endloop
  endfacet
  facet normal 1 0 0
    outer loop
      vertex 13 -5.085270966048385 3.0576441587903087
      vertex 13 -4.691133423642643 4.059389782989216
      vertex 13 -4.88042612793145 4.087468703213701
    endloop
  endfacet
  facet normal 1 0 0
    outer loop
      vertex 13 -6.1667106990588065 3.5055911630923644
      vertex 13 -5.914190210477993 3.3542362069549347
      vertex 13 -5.878858223313768 4.621141776686232
    endloop
  endfacet
  facet normal 1 0 0
    outer loop
      vertex 13 -5.370854031763387 3.1291789928033733
      vertex 13 -5.066055120646202 4.133966345322193
      vertex 13 -5.246232693111925 4.198434911602991
    endloop
  endfacet
  facet normal 1 0 0
    outer loop
      vertex 13 -5.085270966048385 3.0576441587903087
      vertex 13 -4.88042612793145 4.087468703213701
      vertex 13 -5.066055120646202 4.133966345322193
    endloop
  endfacet
  facet normal 1 0 0
    outer loop
      vertex 13 -5.648050297095269 3.22836140246614
      vertex 13 -5.246232693111925 4.198434911602991
      vertex 13 -5.419223636810695 4.280253534520708
    endloop
  endfacet
  facet normal 1 0 0
    outer loop
      vertex 13 -5.648050297095269 3.22836140246614
      vertex 13 -5.419223636810695 4.280253534520708
      vertex 13 -5.5833619543882245 4.378634256010037
    endloop
  endfacet
  facet normal 1 0 0
    outer loop
      vertex 13 -6.403179852490936 3.680968639911789
      vertex 13 -6.1667106990588065 3.5055911630923644
      vertex 13 -6.121365743989963 4.9166380456117755
    endloop
  endfacet
  facet normal 1 0 0
    outer loop
      vertex 13 -5.914190210477993 3.3542362069549347
      vertex 13 -5.5833619543882245 4.378634256010037
      vertex 13 -5.737066904119109 4.492629615942663
    endloop
  endfacet
  facet normal 1 0 0
    outer loop
      vertex 13 -5.914190210477993 3.3542362069549347
      vertex 13 -5.737066904119109 4.492629615942663
      vertex 13 -5.878858223313768 4.621141776686232
    endloop
  endfacet
  facet normal 1 0 0
    outer loop
      vertex 13 -6.1667106990588065 3.5055911630923644
      vertex 13 -5.878858223313768 4.621141776686232
      vertex 13 -6.007370384057337 4.762933095880891
    endloop
  endfacet
  facet normal 1 0 0
    outer loop
      vertex 13 -6.403179852490936 3.680968639911789
      vertex 13 -6.366033654677807 5.433944879353798
      vertex 13 -6.621320343559643 3.878679656440357
    endloop
  endfacet
  facet normal 1 0 0
    outer loop
      vertex 13 -6.1667106990588065 3.5055911630923644
      vertex 13 -6.007370384057337 4.762933095880891
      vertex 13 -6.121365743989963 4.9166380456117755
    endloop
  endfacet
  facet normal 1 0 0
    outer loop
      vertex 13 -4.5 3
      vertex 13 -4.205948579011318 3.0144458199834094
      vertex 13 -4.308866576357357 4.059389782989216
    endloop
  endfacet
  facet normal 1 0 0
    outer loop
      vertex 13 -4.205948579011318 3.0144458199834094
      vertex 13 -3.914729033951615 3.0576441587903087
      vertex 13 -4.11957387206855 4.087468703213701
    endloop
  endfacet
  facet normal 1 0 0
    outer loop
      vertex 13 -3.914729033951615 3.0576441587903087
      vertex 13 -3.629145968236613 3.1291789928033733
      vertex 13 -3.753767306888075 4.198434911602991
    endloop
  endfacet
  facet normal 1 0 0
    outer loop
      vertex 13 -4.691133423642643 4.059389782989216
      vertex 13 -4.5 3
      vertex 13 -4.5 4.05
    endloop
  endfacet
  facet normal 1 0 0
    outer loop
      vertex 13 -4.5 3
      vertex 13 -4.308866576357357 4.059389782989216
      vertex 13 -4.5 4.05
    endloop
  endfacet
  facet normal 1 0 0
    outer loop
      vertex 13 -4.205948579011318 3.0144458199834094
      vertex 13 -4.11957387206855 4.087468703213701
      vertex 13 -4.308866576357357 4.059389782989216
    endloop
  endfacet
  facet normal 1 0 0
    outer loop
      vertex 13 -3.629145968236613 3.1291789928033733
      vertex 13 -3.3519497029047307 3.22836140246614
      vertex 13 -3.4166380456117755 4.378634256010037
    endloop
  endfacet
  facet normal 1 0 0
    outer loop
      vertex 13 -3.3519497029047307 3.22836140246614
      vertex 13 -3.085809789522007 3.3542362069549347
      vertex 13 -3.262933095880891 4.492629615942663
    endloop
  endfacet
  facet normal 1 0 0
    outer loop
      vertex 13 -3.914729033951615 3.0576441587903087
      vertex 13 -3.9339448793537986 4.133966345322193
      vertex 13 -4.11957387206855 4.087468703213701
    endloop
  endfacet
  facet normal 1 0 0
    outer loop
      vertex 13 -3.914729033951615 3.0576441587903087
      vertex 13 -3.753767306888075 4.198434911602991
      vertex 13 -3.9339448793537986 4.133966345322193
    endloop
  endfacet
  facet normal 1 0 0
    outer loop
      vertex 13 -3.753767306888075 4.198434911602991
      vertex 13 -3.629145968236613 3.1291789928033733
      vertex 13 -3.5807763631893046 4.280253534520708
    endloop
  endfacet
  facet normal 1 0 0
    outer loop
      vertex 13 -3.629145968236613 3.1291789928033733
      vertex 13 -3.4166380456117755 4.378634256010037
      vertex 13 -3.5807763631893046 4.280253534520708
    endloop
  endfacet
  facet normal 1 0 0
    outer loop
      vertex 13 -3.085809789522007 3.3542362069549347
      vertex 13 -2.8332893009411935 3.5055911630923644
      vertex 13 -2.992629615942663 4.762933095880891
    endloop
  endfacet
  facet normal 1 0 0
    outer loop
      vertex 13 -3.3519497029047307 3.22836140246614
      vertex 13 -3.262933095880891 4.492629615942663
      vertex 13 -3.4166380456117755 4.378634256010037
    endloop
  endfacet
  facet normal 1 0 0
    outer loop
      vertex 13 -3.085809789522007 3.3542362069549347
      vertex 13 -3.1211417766862324 4.621141776686232
      vertex 13 -3.262933095880891 4.492629615942663
    endloop
  endfacet
  facet normal 1 0 0
    outer loop
      vertex 13 -3.085809789522007 3.3542362069549347
      vertex 13 -2.992629615942663 4.762933095880891
      vertex 13 -3.1211417766862324 4.621141776686232
    endloop
  endfacet
  facet normal 1 0 0
    outer loop
      vertex 13 -2.8332893009411935 3.5055911630923644
      vertex 13 -2.878634256010037 4.9166380456117755
      vertex 13 -2.992629615942663 4.762933095880891
    endloop
  endfacet
  facet normal 1 0 0
    outer loop
      vertex 13 -2.8332893009411935 3.5055911630923644
      vertex 13 -2.5968201475090638 3.680968639911789
      vertex 13 -2.698434911602991 5.253767306888075
    endloop
  endfacet
  facet normal 1 0 0
    outer loop
      vertex 13 -6.403179852490936 3.680968639911789
      vertex 13 -6.121365743989963 4.9166380456117755
      vertex 13 -6.219746465479292 5.080776363189305
    endloop
  endfacet
  facet normal 1 0 0
    outer loop
      vertex 13 -6.403179852490936 3.680968639911789
      vertex 13 -6.219746465479292 5.080776363189305
      vertex 13 -6.301565088397009 5.253767306888075
    endloop
  endfacet
  facet normal 1 0 0
    outer loop
      vertex 13 -6.403179852490936 3.680968639911789
      vertex 13 -6.301565088397009 5.253767306888075
      vertex 13 -6.366033654677807 5.433944879353798
    endloop
  endfacet
  facet normal 1 0 0
    outer loop
      vertex 13 -6.621320343559643 3.878679656440357
      vertex 13 -6.412531296786299 5.61957387206855
      vertex 13 -6.440610217010784 5.808866576357357
    endloop
  endfacet
  facet normal 1 0 0
    outer loop
      vertex 13 -6.621320343559643 3.878679656440357
      vertex 13 -6.440610217010784 5.808866576357357
      vertex 13 -6.45 6
    endloop
  endfacet
  facet normal 1 0 0
    outer loop
      vertex 13 -6.621320343559643 3.878679656440357
      vertex 13 -6.366033654677807 5.433944879353798
      vertex 13 -6.412531296786299 5.61957387206855
    endloop
  endfacet
  facet normal 1 0 0
    outer loop
      vertex 13 -6.819031360088211 4.096820147509064
      vertex 13 -6.621320343559643 3.878679656440357
      vertex 13 -6.621320343559643 8.121320343559642
    endloop
  endfacet
  facet normal 1 0 0
    outer loop
      vertex 13 -6.819031360088211 4.096820147509064
      vertex 13 -6.819031360088211 7.903179852490936
      vertex 13 -6.9304784 4.247089085450236
    endloop
  endfacet
  facet normal 1 0 0
    outer loop
      vertex 13 -6.994408836907636 4.3332893009411935
      vertex 13 -6.994408836907636 7.6667106990588065
      vertex 13 -7.145763793045065 4.585809789522007
    endloop
  endfacet
  facet normal 1 0 0
    outer loop
      vertex 13 -6.819031360088211 7.903179852490936
      vertex 13 -6.994408836907636 4.3332893009411935
      vertex 13 -6.9304784 4.247089085450236
    endloop
  endfacet
  facet normal 1 0 0
    outer loop
      vertex 13 -7.145763793045065 4.585809789522007
      vertex 13 -7.145763793045065 7.414190210477993
      vertex 13 -7.27163859753386 4.851949702904731
    endloop
  endfacet
  facet normal 1 0 0
    outer loop
      vertex 13 -7.370821007196627 5.129145968236613
      vertex 13 -7.370821007196627 6.870854031763387
      vertex 13 -7.442355841209691 5.414729033951615
    endloop
  endfacet
  facet normal 1 0 0
    outer loop
      vertex 13 -7.27163859753386 4.851949702904731
      vertex 13 -7.27163859753386 7.148050297095269
      vertex 13 -7.370821007196627 5.129145968236613
    endloop
  endfacet
  facet normal 1 0 0
    outer loop
      vertex 13 -7.442355841209691 5.414729033951615
      vertex 13 -7.442355841209691 6.585270966048385
      vertex 13 -7.485554180016591 5.705948579011318
    endloop
  endfacet
  facet normal 1 0 0
    outer loop
      vertex 13 -2.8332893009411935 3.5055911630923644
      vertex 13 -2.780253534520708 5.080776363189305
      vertex 13 -2.878634256010037 4.9166380456117755
    endloop
  endfacet
  facet normal 1 0 0
    outer loop
      vertex 13 -2.8332893009411935 3.5055911630923644
      vertex 13 -2.698434911602991 5.253767306888075
      vertex 13 -2.780253534520708 5.080776363189305
    endloop
  endfacet
  facet normal 1 0 0
    outer loop
      vertex 13 -2.5968201475090638 3.680968639911789
      vertex 13 -2.633966345322193 5.433944879353798
      vertex 13 -2.698434911602991 5.253767306888075
    endloop
  endfacet
  facet normal 1 0 0
    outer loop
      vertex 13 -2.5968201475090638 3.680968639911789
      vertex 13 -2.587468703213701 5.61957387206855
      vertex 13 -2.633966345322193 5.433944879353798
    endloop
  endfacet
  facet normal 1 0 0
    outer loop
      vertex 13 -2.5968201475090638 3.680968639911789
      vertex 13 -2.559389782989216 5.808866576357357
      vertex 13 -2.587468703213701 5.61957387206855
    endloop
  endfacet
  facet normal 1 0 0
    outer loop
      vertex 13 -2.5968201475090638 3.680968639911789
      vertex 13 -2.55 6
      vertex 13 -2.559389782989216 5.808866576357357
    endloop
  endfacet
  facet normal 1 0 0
    outer loop
      vertex 13 -2.5968201475090638 3.680968639911789
      vertex 13 -2.378679656440357 3.878679656440357
      vertex 13 -2.378679656440357 8.121320343559642
    endloop
  endfacet
  facet normal 1 0 0
    outer loop
      vertex 13 -2.378679656440357 3.878679656440357
      vertex 13 -2.180968639911789 4.096820147509064
      vertex 13 -2.180968639911789 7.903179852490936
    endloop
  endfacet
  facet normal 1 0 0
    outer loop
      vertex 13 -2.180968639911789 4.096820147509064
      vertex 13 -2.0055911630923644 4.3332893009411935
      vertex 13 -2.0055911630923644 7.6667106990588065
    endloop
  endfacet
  facet normal 1 0 0
    outer loop
      vertex 13 -2.0055911630923644 4.3332893009411935
      vertex 13 -1.8542362069549347 4.585809789522007
      vertex 13 -1.8542362069549347 7.414190210477993
    endloop
  endfacet
  facet normal 1 0 0
    outer loop
      vertex 13 -1.8542362069549347 4.585809789522007
      vertex 13 -1.72836140246614 4.851949702904731
      vertex 13 -1.72836140246614 7.148050297095269
    endloop
  endfacet
  facet normal 1 0 0
    outer loop
      vertex 13 -1.72836140246614 4.851949702904731
      vertex 13 -1.6291789928033733 5.129145968236613
      vertex 13 -1.6291789928033733 6.870854031763387
    endloop
  endfacet
  facet normal 1 0 0
    outer loop
      vertex 13 -1.6291789928033733 5.129145968236613
      vertex 13 -1.5576441587903087 5.414729033951615
      vertex 13 -1.5576441587903087 6.585270966048385
    endloop
  endfacet
  facet normal 1 0 0
    outer loop
      vertex 13 -1.5576441587903087 5.414729033951615
      vertex 13 -1.5144458199834094 5.705948579011318
      vertex 13 -1.5144458199834094 6.294051420988682
    endloop
  endfacet
  facet normal 1 0 0
    outer loop
      vertex 13 -2.5968201475090638 3.680968639911789
      vertex 13 -2.378679656440357 8.121320343559642
      vertex 13 -2.55 6
    endloop
  endfacet
  facet normal -3.534571921769074e-17 0.5956993044924325 0.8032075314806456
    outer loop
      vertex 13.739384696968644 -6.1667106990588065 3.5055911630923644
      vertex 13.675960000000003 -6.2409199999999885 3.5606285316738577
      vertex 17.25572194031691 -6.403179852490936 3.680968639911789
    endloop
  endfacet
  facet normal 0 0.595699304492433 0.8032075314806452
    outer loop
      vertex 13.528385520055444 -6.403179852490936 3.680968639911789
      vertex 17.25572194031691 -6.403179852490936 3.680968639911789
      vertex 13.675960000000003 -6.2409199999999885 3.5606285316738577
    endloop
  endfacet
  facet normal 1.247950183342312e-16 0.33688985339222294 0.9415440651830197
    outer loop
      vertex 14.354817929483568 -5.370854031763387 3.1291789928033733
      vertex 14.223880000000001 -5.557159999999996 3.1958403341534747
      vertex 17.672505812246193 -5.648050297095269 3.22836140246614
    endloop
  endfacet
  facet normal 0 0.24298017990326262 0.9700312531945443
    outer loop
      vertex 14.354817929483568 -5.370854031763387 3.1291789928033733
      vertex 17.808324314312333 -5.370854031763387 3.1291789928033733
      vertex 14.39188 -5.3181200000000075 3.1159698054883327
    endloop
  endfacet
  facet normal 5.6657135264993e-17 0.2429801799032636 0.9700312531945441
    outer loop
      vertex 14.544747965287158 -5.085270966048385 3.0576441587903087
      vertex 14.39188 -5.3181200000000075 3.1159698054883327
      vertex 17.8294 -5.327839999999995 3.118404538741389
    endloop
  endfacet
  facet normal 3.071300987978491e-17 0.4275550934302806 0.9039892931234439
    outer loop
      vertex 14.155630583280287 -5.648050297095269 3.22836140246614
      vertex 14.04844 -5.790800000000004 3.2958769837090305
      vertex 17.532597087103575 -5.914190210477993 3.3542362069549347
    endloop
  endfacet
  facet normal 0 0.42755509343027986 0.9039892931234443
    outer loop
      vertex 13.949597947185525 -5.914190210477993 3.3542362069549347
      vertex 17.532597087103575 -5.914190210477993 3.3542362069549347
      vertex 14.04844 -5.790800000000004 3.2958769837090305
    endloop
  endfacet
  facet normal 0 0.3368898533922188 0.9415440651830213
    outer loop
      vertex 14.155630583280287 -5.648050297095269 3.22836140246614
      vertex 17.672505812246193 -5.648050297095269 3.22836140246614
      vertex 14.223880000000001 -5.557159999999996 3.1958403341534747
    endloop
  endfacet
  facet normal 3.044514856975352e-18 0.14673047445536144 0.989176509964781
    outer loop
      vertex 14.552200000000003 -5.073920000000001 3.0559604020320075
      vertex 17.938907315157028 -5.085270966048385 3.0576441587903087
      vertex 14.70484 -4.824799999999996 3.0190069408164537
    endloop
  endfacet
  facet normal 0 0.14673047445536055 0.9891765099647811
    outer loop
      vertex 14.552200000000003 -5.073920000000001 3.0559604020320075
      vertex 14.544747965287158 -5.085270966048385 3.0576441587903087
      vertex 17.938907315157028 -5.085270966048385 3.0576441587903087
    endloop
  endfacet
  facet normal 1.3197590084435505e-16 0.14673047445536305 0.9891765099647808
    outer loop
      vertex 14.70484 -4.824799999999996 3.0190069408164537
      vertex 17.938907315157028 -5.085270966048385 3.0576441587903087
      vertex 14.722396071365495 -4.794051420988682 3.0144458199834094
    endloop
  endfacet
  facet normal 0 0.04906767432741866 0.9987954562051723
    outer loop
      vertex 18.063624320558823 -4.794051420988682 3.0144458199834094
      vertex 14.84968 -4.571119999999993 3.003493901555604
      vertex 14.722396071365495 -4.794051420988682 3.0144458199834094
    endloop
  endfacet
  facet normal 7.023162048538287e-17 0.5141027441932232 0.8577286100002711
    outer loop
      vertex 13.949597947185525 -5.914190210477993 3.3542362069549347
      vertex 13.8658 -6.018799999999999 3.4169369018317464
      vertex 17.39273631569582 -6.1667106990588065 3.5055911630923644
    endloop
  endfacet
  facet normal 0 0.514102744193222 0.8577286100002719
    outer loop
      vertex 13.739384696968644 -6.1667106990588065 3.5055911630923644
      vertex 17.39273631569582 -6.1667106990588065 3.5055911630923644
      vertex 13.8658 -6.018799999999999 3.4169369018317464
    endloop
  endfacet
  facet normal 0 0.6715589548470174 0.7409511253549599
    outer loop
      vertex 17.122104931585095 -6.621320343559643 3.878679656440357
      vertex 17.25572194031691 -6.403179852490936 3.680968639911789
      vertex 13.528385520055444 -6.403179852490936 3.680968639911789
    endloop
  endfacet
  facet normal 1.1029490381919304e-17 0.5141027441932227 0.8577286100002716
    outer loop
      vertex 17.47852 -6.016280000000009 3.415426471958874
      vertex 13.949597947185525 -5.914190210477993 3.3542362069549347
      vertex 17.39273631569582 -6.1667106990588065 3.5055911630923644
    endloop
  endfacet
  facet normal 0 0.5956993044924325 0.8032075314806456
    outer loop
      vertex 17.28712 -6.351919999999993 3.6429517423100566
      vertex 17.39273631569582 -6.1667106990588065 3.5055911630923644
      vertex 13.739384696968644 -6.1667106990588065 3.5055911630923644
    endloop
  endfacet
  facet normal 1.3363861747834795e-16 0.595699304492434 0.8032075314806443
    outer loop
      vertex 17.28712 -6.351919999999993 3.6429517423100566
      vertex 13.739384696968644 -6.1667106990588065 3.5055911630923644
      vertex 17.25572194031691 -6.403179852490936 3.680968639911789
    endloop
  endfacet
  facet normal 6.922504261957177e-17 0.6715589548470181 0.7409511253549593
    outer loop
      vertex 13.479400000000002 -6.457040000000006 3.729784632129588
      vertex 17.122104931585095 -6.621320343559643 3.878679656440357
      vertex 13.528385520055444 -6.403179852490936 3.680968639911789
    endloop
  endfacet
  facet normal 0 0.6715589548470172 0.7409511253549602
    outer loop
      vertex 17.122104931585095 -6.621320343559643 3.878679656440357
      vertex 13.479400000000002 -6.457040000000006 3.729784632129588
      vertex 13.320194678495403 -6.621320343559643 3.878679656440357
    endloop
  endfacet
  facet normal -3.9751544510539435e-17 0.7409511253549602 0.6715589548470169
    outer loop
      vertex 13.276120000000002 -6.666799999999995 3.928858724677058
      vertex 16.99488181172948 -6.819031360088211 4.096820147509064
      vertex 13.320194678495403 -6.621320343559643 3.878679656440357
    endloop
  endfacet
  facet normal 0 0.7409511253549608 0.6715589548470164
    outer loop
      vertex 13.276120000000002 -6.666799999999995 3.928858724677058
      vertex 13.119038791271809 -6.819031360088211 4.096820147509064
      vertex 16.99488181172948 -6.819031360088211 4.096820147509064
    endloop
  endfacet
  facet normal -1.5371064872090956e-17 0.8032075314806445 0.595699304492434
    outer loop
      vertex 13.06624 -6.870199999999997 4.165813071695514
      vertex 16.87965796222493 -6.994408836907636 4.3332893009411935
      vertex 13.119038791271809 -6.819031360088211 4.096820147509064
    endloop
  endfacet
  facet normal -1.258653824187476e-16 0.8032075314806433 0.5956993044924356
    outer loop
      vertex 13 -6.9304784 4.247089085450236
      vertex 16.87965796222493 -6.994408836907636 4.3332893009411935
      vertex 13.06624 -6.870199999999997 4.165813071695514
    endloop
  endfacet
  facet normal 0 0.803207531480646 0.5956993044924318
    outer loop
      vertex 13 -6.994408836907636 4.3332893009411935
      vertex 16.87965796222493 -6.994408836907636 4.3332893009411935
      vertex 13 -6.9304784 4.247089085450236
    endloop
  endfacet
  facet normal 0 0.7409511253549613 0.6715589548470159
    outer loop
      vertex 17.08528 -6.681439999999995 3.945011475521796
      vertex 17.122104931585095 -6.621320343559643 3.878679656440357
      vertex 13.320194678495403 -6.621320343559643 3.878679656440357
    endloop
  endfacet
  facet normal -3.115617032520736e-17 0.7409511253549604 0.6715589548470168
    outer loop
      vertex 16.99488181172948 -6.819031360088211 4.096820147509064
      vertex 17.08528 -6.681439999999995 3.945011475521796
      vertex 13.320194678495403 -6.621320343559643 3.878679656440357
    endloop
  endfacet
  facet normal 0 0.8577286100002722 0.5141027441932214
    outer loop
      vertex 13 -6.994408836907636 4.3332893009411935
      vertex 16.77373486727914 -7.145763793045065 4.585809789522007
      vertex 16.87965796222493 -6.994408836907636 4.3332893009411935
    endloop
  endfacet
  facet normal 0 0.8032075314806446 0.5956993044924338
    outer loop
      vertex 16.87965796222493 -6.994408836907636 4.3332893009411935
      vertex 16.99488181172948 -6.819031360088211 4.096820147509064
      vertex 13.119038791271809 -6.819031360088211 4.096820147509064
    endloop
  endfacet
  facet normal -8.774040058858254e-17 0.0490676743274174 0.9987954562051725
    outer loop
      vertex 14.887322044609665 -4.5 3
      vertex 14.84968 -4.571119999999993 3.003493901555604
      vertex 18.063624320558823 -4.794051420988682 3.0144458199834094
    endloop
  endfacet
  facet normal 0 -0.04906767432741968 0.9987954562051723
    outer loop
      vertex 14.887322044609665 -4.5 3
      vertex 18.181095253899766 -4.5 3
      vertex 14.986360000000001 -4.312880000000007 3.0091926161288627
    endloop
  endfacet
  facet normal 2.101569953899903e-16 -0.04906767432741611 0.9987954562051724
    outer loop
      vertex 15.03874954797753 -4.205948579011318 3.0144458199834094
      vertex 14.986360000000001 -4.312880000000007 3.0091926161288627
      vertex 18.181095253899766 -4.5 3
    endloop
  endfacet
  facet normal 0 -0.14673047445536075 0.989176509964781
    outer loop
      vertex 15.03874954797753 -4.205948579011318 3.0144458199834094
      vertex 18.29034932110676 -4.205948579011318 3.0144458199834094
      vertex 15.11488 -4.05055999999999 3.037495538303235
    endloop
  endfacet
  facet normal -8.757658329035397e-17 -0.1467304744553625 0.9891765099647809
    outer loop
      vertex 15.176215118513062 -3.914729033951615 3.0576441587903087
      vertex 15.11488 -4.05055999999999 3.037495538303235
      vertex 18.29034932110676 -4.205948579011318 3.0144458199834094
    endloop
  endfacet
  facet normal 0 -0.24298017990326254 0.9700312531945443
    outer loop
      vertex 15.176215118513062 -3.914729033951615 3.0576441587903087
      vertex 18.390067635452553 -3.914729033951615 3.0576441587903087
      vertex 15.235120000000002 -3.7842800000000096 3.0903199407647386
    endloop
  endfacet
  facet normal 0 0.33688985339222155 0.9415440651830201
    outer loop
      vertex 17.672505812246193 -5.648050297095269 3.22836140246614
      vertex 17.808324314312333 -5.370854031763387 3.1291789928033733
      vertex 14.354817929483568 -5.370854031763387 3.1291789928033733
    endloop
  endfacet
  facet normal 0 0.24298017990326284 0.9700312531945443
    outer loop
      vertex 14.544747965287158 -5.085270966048385 3.0576441587903087
      vertex 17.8294 -5.327839999999995 3.118404538741389
      vertex 17.938907315157028 -5.085270966048385 3.0576441587903087
    endloop
  endfacet
  facet normal -1.8700263255974312e-16 0.14673047445535956 0.9891765099647812
    outer loop
      vertex 17.988400000000002 -4.975639999999984 3.0413819411767364
      vertex 14.722396071365495 -4.794051420988682 3.0144458199834094
      vertex 17.938907315157028 -5.085270966048385 3.0576441587903087
    endloop
  endfacet
  facet normal 0 0.14673047445536283 0.9891765099647807
    outer loop
      vertex 17.988400000000002 -4.975639999999984 3.0413819411767364
      vertex 18.063624320558823 -4.794051420988682 3.0144458199834094
      vertex 14.722396071365495 -4.794051420988682 3.0144458199834094
    endloop
  endfacet
  facet normal 6.73005408462169e-17 0.24298017990326676 0.9700312531945432
    outer loop
      vertex 17.8294 -5.327839999999995 3.118404538741389
      vertex 14.39188 -5.3181200000000075 3.1159698054883327
      vertex 17.808324314312333 -5.370854031763387 3.1291789928033733
    endloop
  endfacet
  facet normal -1.11762213587258e-17 0.4275550934302802 0.9039892931234441
    outer loop
      vertex 17.532597087103575 -5.914190210477993 3.3542362069549347
      vertex 17.65936 -5.6748799999999875 3.241050906887701
      vertex 14.155630583280287 -5.648050297095269 3.22836140246614
    endloop
  endfacet
  facet normal 0 0.4275550934302812 0.9039892931234438
    outer loop
      vertex 17.65936 -5.6748799999999875 3.241050906887701
      vertex 17.672505812246193 -5.648050297095269 3.22836140246614
      vertex 14.155630583280287 -5.648050297095269 3.22836140246614
    endloop
  endfacet
  facet normal 0 0.5141027441932223 0.8577286100002716
    outer loop
      vertex 17.47852 -6.016280000000009 3.415426471958874
      vertex 17.532597087103575 -5.914190210477993 3.3542362069549347
      vertex 13.949597947185525 -5.914190210477993 3.3542362069549347
    endloop
  endfacet
  facet normal 7.492389600889261e-17 0.049067674327419146 0.9987954562051724
    outer loop
      vertex 18.063624320558823 -4.794051420988682 3.0144458199834094
      vertex 18.13624 -4.618759999999995 3.0058343046786216
      vertex 14.887322044609665 -4.5 3
    endloop
  endfacet
  facet normal -5.357454066708118e-13 0.8577286100003713 0.5141027441930565
    outer loop
      vertex 16.87312 -7.004359999999991 4.349891813539112
      vertex 16.87965796222493 -6.994408836907636 4.3332893009411935
      vertex 16.77373486727914 -7.145763793045065 4.585809789522007
    endloop
  endfacet
  facet normal -6.763875349846188e-18 -0.24298017990326418 0.9700312531945439
    outer loop
      vertex 15.299379963379327 -3.629145968236613 3.1291789928033733
      vertex 15.235120000000002 -3.7842800000000096 3.0903199407647386
      vertex 18.39796 -3.891680000000008 3.063417641240193
    endloop
  endfacet
  facet normal 0 -0.33688985339222 0.9415440651830208
    outer loop
      vertex 15.299379963379327 -3.629145968236613 3.1291789928033733
      vertex 18.47873314102662 -3.629145968236613 3.1291789928033733
      vertex 15.346960000000003 -3.5142799999999994 3.170278693422766
    endloop
  endfacet
  facet normal -8.239094516073923e-17 -0.336889853392222 0.9415440651830203
    outer loop
      vertex 15.408270520642043 -3.3519497029047307 3.22836140246614
      vertex 15.346960000000003 -3.5142799999999994 3.170278693422766
      vertex 18.47873314102662 -3.629145968236613 3.1291789928033733
    endloop
  endfacet
  facet normal 0 -0.4275550934302785 0.9039892931234449
    outer loop
      vertex 15.408270520642043 -3.3519497029047307 3.22836140246614
      vertex 18.558224195921117 -3.3519497029047307 3.22836140246614
      vertex 15.45016 -3.241039999999998 3.280817785244649
    endloop
  endfacet
  facet normal -1.7982099394935605e-16 -0.42755509343028264 0.9039892931234431
    outer loop
      vertex 15.503318262181915 -3.085809789522007 3.3542362069549347
      vertex 15.45016 -3.241039999999998 3.280817785244649
      vertex 18.558224195921117 -3.3519497029047307 3.22836140246614
    endloop
  endfacet
  facet normal 0 0.04906767432741711 0.9987954562051725
    outer loop
      vertex 18.13624 -4.618759999999995 3.0058343046786216
      vertex 18.181095253899766 -4.5 3
      vertex 14.887322044609665 -4.5 3
    endloop
  endfacet
  facet normal 7.841436953825606e-17 -0.0490676743274175 0.9987954562051724
    outer loop
      vertex 18.181095253899766 -4.5 3
      vertex 18.2728 -4.257199999999997 3.0119279991240266
      vertex 15.03874954797753 -4.205948579011318 3.0144458199834094
    endloop
  endfacet
  facet normal 0 -0.04906767432742244 0.9987954562051721
    outer loop
      vertex 18.2728 -4.257199999999997 3.0119279991240266
      vertex 18.29034932110676 -4.205948579011318 3.0144458199834094
      vertex 15.03874954797753 -4.205948579011318 3.0144458199834094
    endloop
  endfacet
  facet normal 0 -0.1467304744553616 0.989176509964781
    outer loop
      vertex 18.29034932110676 -4.205948579011318 3.0144458199834094
      vertex 18.390067635452553 -3.914729033951615 3.0576441587903087
      vertex 15.176215118513062 -3.914729033951615 3.0576441587903087
    endloop
  endfacet
  facet normal 2.923474703712037e-16 -0.2429801799032559 0.9700312531945461
    outer loop
      vertex 18.39796 -3.891680000000008 3.063417641240193
      vertex 15.235120000000002 -3.7842800000000096 3.0903199407647386
      vertex 18.390067635452553 -3.914729033951615 3.0576441587903087
    endloop
  endfacet
  facet normal 0 -0.2429801799032641 0.970031253194544
    outer loop
      vertex 15.299379963379327 -3.629145968236613 3.1291789928033733
      vertex 18.39796 -3.891680000000008 3.063417641240193
      vertex 18.47873314102662 -3.629145968236613 3.1291789928033733
    endloop
  endfacet
  facet normal -1.6715177999106604e-16 -0.33688985339222277 0.9415440651830198
    outer loop
      vertex 18.5116 -3.5223200000000077 3.1674019354233947
      vertex 15.408270520642043 -3.3519497029047307 3.22836140246614
      vertex 18.47873314102662 -3.629145968236613 3.1291789928033733
    endloop
  endfacet
  facet normal 0 -0.33688985339222 0.9415440651830207
    outer loop
      vertex 18.5116 -3.5223200000000077 3.1674019354233947
      vertex 18.558224195921117 -3.3519497029047307 3.22836140246614
      vertex 15.408270520642043 -3.3519497029047307 3.22836140246614
    endloop
  endfacet
  facet normal -5.4510877433193335e-17 -0.4275550934302815 0.9039892931234437
    outer loop
      vertex 18.558224195921117 -3.3519497029047307 3.22836140246614
      vertex 18.6136 -3.1495999999999924 3.3240656843521545
      vertex 15.503318262181915 -3.085809789522007 3.3542362069549347
    endloop
  endfacet
  facet normal 0 -0.4275550934302793 0.9039892931234446
    outer loop
      vertex 18.6136 -3.1495999999999924 3.3240656843521545
      vertex 18.628900686064828 -3.085809789522007 3.3542362069549347
      vertex 15.503318262181915 -3.085809789522007 3.3542362069549347
    endloop
  endfacet
  facet normal 0 -0.5141027441932232 0.8577286100002712
    outer loop
      vertex 15.503318262181915 -3.085809789522007 3.3542362069549347
      vertex 18.628900686064828 -3.085809789522007 3.3542362069549347
      vertex 15.54484 -2.9645599999999916 3.4269105340082193
    endloop
  endfacet
  facet normal 7.262687080358881e-17 -0.5141027441932219 0.8577286100002719
    outer loop
      vertex 15.585230984325788 -2.8332893009411935 3.5055911630923644
      vertex 15.54484 -2.9645599999999916 3.4269105340082193
      vertex 18.628900686064828 -3.085809789522007 3.3542362069549347
    endloop
  endfacet
  facet normal 0 -0.5956993044924325 0.8032075314806456
    outer loop
      vertex 15.585230984325788 -2.8332893009411935 3.5055911630923644
      vertex 18.689470116573993 -2.8332893009411935 3.5055911630923644
      vertex 15.630760000000002 -2.6853200000000044 3.6153326759668882
    endloop
  endfacet
  facet normal -1.372503870506159e-16 -0.5956993044924336 0.8032075314806448
    outer loop
      vertex 15.654958000553314 -2.5968201475090638 3.680968639911789
      vertex 15.630760000000002 -2.6853200000000044 3.6153326759668882
      vertex 18.70372 -2.7738800000000055 3.5496521035890365
    endloop
  endfacet
  facet normal 0 -0.6715589548470172 0.7409511253549601
    outer loop
      vertex 15.654958000553314 -2.5968201475090638 3.680968639911789
      vertex 18.740389864788007 -2.5968201475090638 3.680968639911789
      vertex 15.707799999999999 -2.4035599999999846 3.856129427490865
    endloop
  endfacet
  facet normal 0 -0.5141027441932225 0.8577286100002716
    outer loop
      vertex 18.628900686064828 -3.085809789522007 3.3542362069549347
      vertex 18.689470116573993 -2.8332893009411935 3.5055911630923644
      vertex 15.585230984325788 -2.8332893009411935 3.5055911630923644
    endloop
  endfacet
  facet normal -2.3118240051897744e-16 -0.5956993044924355 0.8032075314806433
    outer loop
      vertex 18.70372 -2.7738800000000055 3.5496521035890365
      vertex 15.630760000000002 -2.6853200000000044 3.6153326759668882
      vertex 18.689470116573993 -2.8332893009411935 3.5055911630923644
    endloop
  endfacet
  facet normal 0 -0.5956993044924319 0.8032075314806459
    outer loop
      vertex 15.654958000553314 -2.5968201475090638 3.680968639911789
      vertex 18.70372 -2.7738800000000055 3.5496521035890365
      vertex 18.740389864788007 -2.5968201475090638 3.680968639911789
    endloop
  endfacet
  facet normal -1.51008395722254e-16 -0.6715589548470186 0.7409511253549589
    outer loop
      vertex 15.707799999999999 -2.4035599999999846 3.856129427490865
      vertex 18.740389864788007 -2.5968201475090638 3.680968639911789
      vertex 15.71377044154705 -2.378679656440357 3.878679656440357
    endloop
  endfacet
  facet normal 0 -0.7409511253549598 0.6715589548470176
    outer loop
      vertex 15.761214403265782 -2.180968639911789 4.096820147509064
      vertex 15.71377044154705 -2.378679656440357 3.878679656440357
      vertex 18.78502122015512 -2.378679656440357 3.878679656440357
    endloop
  endfacet
  facet normal 0 -0.8032075314806477 0.5956993044924297
    outer loop
      vertex 15.775960000000005 -2.1195199999999943 4.17967404712617
      vertex 15.761214403265782 -2.180968639911789 4.096820147509064
      vertex 18.81955208495866 -2.180968639911789 4.096820147509064
    endloop
  endfacet
  facet normal 2.0477324882764167e-16 -0.803207531480644 0.5956993044924346
    outer loop
      vertex 15.775960000000005 -2.1195199999999943 4.17967404712617
      vertex 18.81955208495866 -2.180968639911789 4.096820147509064
      vertex 15.79956773717801 -2.0055911630923644 4.3332893009411935
    endloop
  endfacet
  facet normal 0 -0.8577286100002717 0.5141027441932225
    outer loop
      vertex 15.83093071886085 -1.8542362069549347 4.585809789522007
      vertex 15.79956773717801 -2.0055911630923644 4.3332893009411935
      vertex 18.849882814289856 -2.0055911630923644 4.3332893009411935
    endloop
  endfacet
  facet normal -8.314634564766255e-18 -0.6715589548470176 0.74095112535496
    outer loop
      vertex 18.740389864788007 -2.5968201475090638 3.680968639911789
      vertex 18.78208 -2.3955199999999905 3.8634164587297737
      vertex 15.71377044154705 -2.378679656440357 3.878679656440357
    endloop
  endfacet
  facet normal 0 -0.6715589548470171 0.7409511253549602
    outer loop
      vertex 18.78208 -2.3955199999999905 3.8634164587297737
      vertex 18.78502122015512 -2.378679656440357 3.878679656440357
      vertex 15.71377044154705 -2.378679656440357 3.878679656440357
    endloop
  endfacet
  facet normal 0 -0.7409511253549598 0.6715589548470176
    outer loop
      vertex 18.78502122015512 -2.378679656440357 3.878679656440357
      vertex 18.81955208495866 -2.180968639911789 4.096820147509064
      vertex 15.761214403265782 -2.180968639911789 4.096820147509064
    endloop
  endfacet
  facet normal -4.0790598081720665e-17 -0.8032075314806456 0.5956993044924325
    outer loop
      vertex 18.84856 -2.014879999999991 4.320764754233425
      vertex 15.79956773717801 -2.0055911630923644 4.3332893009411935
      vertex 18.81955208495866 -2.180968639911789 4.096820147509064
    endloop
  endfacet
  facet normal 0 -0.8032075314806408 0.5956993044924388
    outer loop
      vertex 18.84856 -2.014879999999991 4.320764754233425
      vertex 18.849882814289856 -2.0055911630923644 4.3332893009411935
      vertex 15.79956773717801 -2.0055911630923644 4.3332893009411935
    endloop
  endfacet
  facet normal 0 0.9039892931234436 0.4275550934302816
    outer loop
      vertex 13 -7.145763793045065 4.585809789522007
      vertex 13 -7.27163859753386 4.851949702904731
      vertex 16.685264226704856 -7.27163859753386 4.851949702904731
    endloop
  endfacet
  facet normal 0 0.8577286100002723 0.5141027441932214
    outer loop
      vertex 13 -6.994408836907636 4.3332893009411935
      vertex 13 -7.145763793045065 4.585809789522007
      vertex 16.77373486727914 -7.145763793045065 4.585809789522007
    endloop
  endfacet
  facet normal 0 0.9415440651830201 0.3368898533922216
    outer loop
      vertex 13 -7.27163859753386 4.851949702904731
      vertex 13 -7.370821007196627 5.129145968236613
      vertex 16.613150086636473 -7.370821007196627 5.129145968236613
    endloop
  endfacet
  facet normal 0 0.9039892931234436 0.4275550934302816
    outer loop
      vertex 13 -7.145763793045065 4.585809789522007
      vertex 16.685264226704856 -7.27163859753386 4.851949702904731
      vertex 16.77373486727914 -7.145763793045065 4.585809789522007
    endloop
  endfacet
  facet normal 0 0.9415440651830201 0.33688985339222194
    outer loop
      vertex 13 -7.27163859753386 4.851949702904731
      vertex 16.65088 -7.32056 4.988675863365247
      vertex 16.685264226704856 -7.27163859753386 4.851949702904731
    endloop
  endfacet
  facet normal 2.837822293872359e-17 0.9415440651830205 0.33688985339222133
    outer loop
      vertex 13 -7.27163859753386 4.851949702904731
      vertex 16.613150086636473 -7.370821007196627 5.129145968236613
      vertex 16.65088 -7.32056 4.988675863365247
    endloop
  endfacet
  facet normal 0 0.9700312531945441 0.24298017990326345
    outer loop
      vertex 13 -7.370821007196627 5.129145968236613
      vertex 16.559450345220064 -7.442355841209691 5.414729033951615
      vertex 16.613150086636473 -7.370821007196627 5.129145968236613
    endloop
  endfacet
  facet normal 0 0.9700312531945441 0.24298017990326343
    outer loop
      vertex 13 -7.370821007196627 5.129145968236613
      vertex 13 -7.442355841209691 5.414729033951615
      vertex 16.559450345220064 -7.442355841209691 5.414729033951615
    endloop
  endfacet
  facet normal 0 0.989176509964781 0.14673047445536164
    outer loop
      vertex 13 -7.442355841209691 5.414729033951615
      vertex 13 -7.485554180016591 5.705948579011318
      vertex 16.527022233020556 -7.485554180016591 5.705948579011318
    endloop
  endfacet
  facet normal 0 0.9987954562051723 0.04906767432741834
    outer loop
      vertex 13 -7.485554180016591 5.705948579011318
      vertex 13 -7.5 6
      vertex 16.516178050485436 -7.5 6
    endloop
  endfacet
  facet normal 0 0.989176509964781 0.1467304744553616
    outer loop
      vertex 13 -7.442355841209691 5.414729033951615
      vertex 16.527022233020556 -7.485554180016591 5.705948579011318
      vertex 16.559450345220064 -7.442355841209691 5.414729033951615
    endloop
  endfacet
  facet normal 0 0.9987954562051723 0.049067674327418334
    outer loop
      vertex 13 -7.485554180016591 5.705948579011318
      vertex 16.516178050485436 -7.5 6
      vertex 16.527022233020556 -7.485554180016591 5.705948579011318
    endloop
  endfacet
  facet normal 0 -0.9039892931234459 0.42755509343027676
    outer loop
      vertex 15.835240000000002 -1.833439999999996 4.629779674839043
      vertex 15.83093071886085 -1.8542362069549347 4.585809789522007
      vertex 18.87143712736589 -1.8542362069549347 4.585809789522007
    endloop
  endfacet
  facet normal 7.662541049203583e-17 -0.9039892931234438 0.42755509343028103
    outer loop
      vertex 15.835240000000002 -1.833439999999996 4.629779674839043
      vertex 18.87143712736589 -1.8542362069549347 4.585809789522007
      vertex 15.853592618743932 -1.72836140246614 4.851949702904731
    endloop
  endfacet
  facet normal 0 -0.9415440651830203 0.3368898533922216
    outer loop
      vertex 15.870915432269857 -1.6291789928033733 5.129145968236613
      vertex 15.853592618743932 -1.72836140246614 4.851949702904731
      vertex 18.889362836662603 -1.72836140246614 4.851949702904731
    endloop
  endfacet
  facet normal 0 -0.9700312531945441 0.24298017990326345
    outer loop
      vertex 15.883409427872806 -1.5576441587903087 5.414729033951615
      vertex 15.870915432269857 -1.6291789928033733 5.129145968236613
      vertex 18.90338649235638 -1.6291789928033733 5.129145968236613
    endloop
  endfacet
  facet normal 0 -0.8577286100002716 0.5141027441932225
    outer loop
      vertex 18.849882814289856 -2.0055911630923644 4.3332893009411935
      vertex 18.87143712736589 -1.8542362069549347 4.585809789522007
      vertex 15.83093071886085 -1.8542362069549347 4.585809789522007
    endloop
  endfacet
  facet normal 0 -0.9039892931234441 0.42755509343028036
    outer loop
      vertex 18.87143712736589 -1.8542362069549347 4.585809789522007
      vertex 18.889362836662603 -1.72836140246614 4.851949702904731
      vertex 15.853592618743932 -1.72836140246614 4.851949702904731
    endloop
  endfacet
  facet normal -9.15485495437535e-18 -0.9415440651830203 0.3368898533922216
    outer loop
      vertex 18.90304 -1.632320000000007 5.1203674412049764
      vertex 15.870915432269857 -1.6291789928033733 5.129145968236613
      vertex 18.889362836662603 -1.72836140246614 4.851949702904731
    endloop
  endfacet
  facet normal 0 -0.9415440651830193 0.3368898533922243
    outer loop
      vertex 18.90304 -1.632320000000007 5.1203674412049764
      vertex 18.90338649235638 -1.6291789928033733 5.129145968236613
      vertex 15.870915432269857 -1.6291789928033733 5.129145968236613
    endloop
  endfacet
  facet normal 0 -0.989176509964781 0.14673047445536197
    outer loop
      vertex 15.88552 -1.545560000000009 5.496193815295898
      vertex 15.883409427872806 -1.5576441587903087 5.414729033951615
      vertex 18.911277678733445 -1.5576441587903087 5.414729033951615
    endloop
  endfacet
  facet normal -1.283526670245222e-17 -0.989176509964781 0.14673047445536147
    outer loop
      vertex 15.88552 -1.545560000000009 5.496193815295898
      vertex 18.911277678733445 -1.5576441587903087 5.414729033951615
      vertex 15.889948283711906 -1.5144458199834094 5.705948579011318
    endloop
  endfacet
  facet normal 0 -0.9987954562051724 0.04906767432741834
    outer loop
      vertex 18.91604299548308 -1.5144458199834094 5.705948579011318
      vertex 15.892004265560168 -1.5 6
      vertex 15.889948283711906 -1.5144458199834094 5.705948579011318
    endloop
  endfacet
  facet normal 0 -0.9700312531945441 0.24298017990326343
    outer loop
      vertex 18.90338649235638 -1.6291789928033733 5.129145968236613
      vertex 18.911277678733445 -1.5576441587903087 5.414729033951615
      vertex 15.883409427872806 -1.5576441587903087 5.414729033951615
    endloop
  endfacet
  facet normal 0 -0.989176509964781 0.1467304744553616
    outer loop
      vertex 18.911277678733445 -1.5576441587903087 5.414729033951615
      vertex 18.91604299548308 -1.5144458199834094 5.705948579011318
      vertex 15.889948283711906 -1.5144458199834094 5.705948579011318
    endloop
  endfacet
  facet normal 0 -0.9987954562051724 0.04906767432741835
    outer loop
      vertex 18.91604299548308 -1.5144458199834094 5.705948579011318
      vertex 18.91763655 -1.5 6
      vertex 15.892004265560168 -1.5 6
    endloop
  endfacet
  facet normal 1 0 0
    outer loop
      vertex 13 -7.485554180016591 5.705948579011318
      vertex 13 -7.485554180016591 6.294051420988682
      vertex 13 -7.5 6
    endloop
  endfacet
  facet normal 1 0 0
    outer loop
      vertex 13 -6.621320343559643 3.878679656440357
      vertex 13 -6.45 6
      vertex 13 -6.403179852490936 8.31903136008821
    endloop
  endfacet
  facet normal 1 0 0
    outer loop
      vertex 13 -7.485554180016591 5.705948579011318
      vertex 13 -7.442355841209691 6.585270966048385
      vertex 13 -7.485554180016591 6.294051420988682
    endloop
  endfacet
  facet normal 1 0 0
    outer loop
      vertex 13 -7.442355841209691 5.414729033951615
      vertex 13 -7.370821007196627 6.870854031763387
      vertex 13 -7.442355841209691 6.585270966048385
    endloop
  endfacet
  facet normal 1 0 0
    outer loop
      vertex 13 -7.370821007196627 5.129145968236613
      vertex 13 -7.27163859753386 7.148050297095269
      vertex 13 -7.370821007196627 6.870854031763387
    endloop
  endfacet
  facet normal 1 0 0
    outer loop
      vertex 13 -7.27163859753386 4.851949702904731
      vertex 13 -7.145763793045065 7.414190210477993
      vertex 13 -7.27163859753386 7.148050297095269
    endloop
  endfacet
  facet normal 1 0 0
    outer loop
      vertex 13 -7.145763793045065 4.585809789522007
      vertex 13 -6.994408836907636 7.6667106990588065
      vertex 13 -7.145763793045065 7.414190210477993
    endloop
  endfacet
  facet normal 1 0 0
    outer loop
      vertex 13 -6.994408836907636 4.3332893009411935
      vertex 13 -6.9304784 7.752910914549764
      vertex 13 -6.994408836907636 7.6667106990588065
    endloop
  endfacet
  facet normal 1 0 0
    outer loop
      vertex 13 -6.994408836907636 4.3332893009411935
      vertex 13 -6.819031360088211 7.903179852490936
      vertex 13 -6.9304784 7.752910914549764
    endloop
  endfacet
  facet normal 1 0 0
    outer loop
      vertex 13 -6.819031360088211 4.096820147509064
      vertex 13 -6.621320343559643 8.121320343559642
      vertex 13 -6.819031360088211 7.903179852490936
    endloop
  endfacet
  facet normal 1 0 0
    outer loop
      vertex 13 -6.621320343559643 3.878679656440357
      vertex 13 -6.403179852490936 8.31903136008821
      vertex 13 -6.621320343559643 8.121320343559642
    endloop
  endfacet
  facet normal 1 0 0
    outer loop
      vertex 13 -6.45 6
      vertex 13 -6.440610217010784 6.191133423642643
      vertex 13 -6.403179852490936 8.31903136008821
    endloop
  endfacet
  facet normal 1 0 0
    outer loop
      vertex 13 -6.440610217010784 6.191133423642643
      vertex 13 -6.412531296786299 6.38042612793145
      vertex 13 -6.403179852490936 8.31903136008821
    endloop
  endfacet
  facet normal 1 0 0
    outer loop
      vertex 13 -6.412531296786299 6.38042612793145
      vertex 13 -6.366033654677807 6.566055120646202
      vertex 13 -6.403179852490936 8.31903136008821
    endloop
  endfacet
  facet normal 1 0 0
    outer loop
      vertex 13 -6.366033654677807 6.566055120646202
      vertex 13 -6.301565088397009 6.746232693111925
      vertex 13 -6.403179852490936 8.31903136008821
    endloop
  endfacet
  facet normal 1 0 0
    outer loop
      vertex 13 -6.301565088397009 6.746232693111925
      vertex 13 -6.219746465479292 6.919223636810695
      vertex 13 -6.1667106990588065 8.494408836907635
    endloop
  endfacet
  facet normal 1 0 0
    outer loop
      vertex 13 -6.219746465479292 6.919223636810695
      vertex 13 -6.121365743989963 7.0833619543882245
      vertex 13 -6.1667106990588065 8.494408836907635
    endloop
  endfacet
  facet normal 1 0 0
    outer loop
      vertex 13 -1.5144458199834094 5.705948579011318
      vertex 13 -1.5 6
      vertex 13 -1.5144458199834094 6.294051420988682
    endloop
  endfacet
  facet normal 1 0 0
    outer loop
      vertex 13 -1.5576441587903087 5.414729033951615
      vertex 13 -1.5144458199834094 6.294051420988682
      vertex 13 -1.5576441587903087 6.585270966048385
    endloop
  endfacet
  facet normal 1 0 0
    outer loop
      vertex 13 -1.6291789928033733 5.129145968236613
      vertex 13 -1.5576441587903087 6.585270966048385
      vertex 13 -1.6291789928033733 6.870854031763387
    endloop
  endfacet
  facet normal 1 0 0
    outer loop
      vertex 13 -1.72836140246614 4.851949702904731
      vertex 13 -1.6291789928033733 6.870854031763387
      vertex 13 -1.72836140246614 7.148050297095269
    endloop
  endfacet
  facet normal 1 0 0
    outer loop
      vertex 13 -2.0055911630923644 4.3332893009411935
      vertex 13 -1.8542362069549347 7.414190210477993
      vertex 13 -2.0055911630923644 7.6667106990588065
    endloop
  endfacet
  facet normal 1 0 0
    outer loop
      vertex 13 -2.180968639911789 4.096820147509064
      vertex 13 -2.0055911630923644 7.6667106990588065
      vertex 13 -2.180968639911789 7.903179852490936
    endloop
  endfacet
  facet normal 1 0 0
    outer loop
      vertex 13 -1.8542362069549347 4.585809789522007
      vertex 13 -1.72836140246614 7.148050297095269
      vertex 13 -1.8542362069549347 7.414190210477993
    endloop
  endfacet
  facet normal 1 0 0
    outer loop
      vertex 13 -2.378679656440357 3.878679656440357
      vertex 13 -2.180968639911789 7.903179852490936
      vertex 13 -2.378679656440357 8.121320343559642
    endloop
  endfacet
  facet normal 1 0 0
    outer loop
      vertex 13 -2.55 6
      vertex 13 -2.378679656440357 8.121320343559642
      vertex 13 -2.559389782989216 6.191133423642643
    endloop
  endfacet
  facet normal 1 0 0
    outer loop
      vertex 13 -2.559389782989216 6.191133423642643
      vertex 13 -2.378679656440357 8.121320343559642
      vertex 13 -2.587468703213701 6.38042612793145
    endloop
  endfacet
  facet normal 1 0 0
    outer loop
      vertex 13 -2.633966345322193 6.566055120646202
      vertex 13 -2.587468703213701 6.38042612793145
      vertex 13 -2.378679656440357 8.121320343559642
    endloop
  endfacet
  facet normal 1 0 0
    outer loop
      vertex 13 -2.633966345322193 6.566055120646202
      vertex 13 -2.5968201475090638 8.31903136008821
      vertex 13 -2.698434911602991 6.746232693111925
    endloop
  endfacet
  facet normal 1 0 0
    outer loop
      vertex 13 -2.698434911602991 6.746232693111925
      vertex 13 -2.5968201475090638 8.31903136008821
      vertex 13 -2.780253534520708 6.919223636810695
    endloop
  endfacet
  facet normal 1 0 0
    outer loop
      vertex 13 -2.878634256010037 7.0833619543882245
      vertex 13 -2.780253534520708 6.919223636810695
      vertex 13 -2.5968201475090638 8.31903136008821
    endloop
  endfacet
  facet normal 1 0 0
    outer loop
      vertex 13 -6.121365743989963 7.0833619543882245
      vertex 13 -6.007370384057337 7.237066904119109
      vertex 13 -6.1667106990588065 8.494408836907635
    endloop
  endfacet
  facet normal 1 0 0
    outer loop
      vertex 13 -6.007370384057337 7.237066904119109
      vertex 13 -5.878858223313768 7.378858223313768
      vertex 13 -5.914190210477993 8.645763793045065
    endloop
  endfacet
  facet normal 1 0 0
    outer loop
      vertex 13 -6.301565088397009 6.746232693111925
      vertex 13 -6.1667106990588065 8.494408836907635
      vertex 13 -6.403179852490936 8.31903136008821
    endloop
  endfacet
  facet normal 1 0 0
    outer loop
      vertex 13 -5.878858223313768 7.378858223313768
      vertex 13 -5.737066904119109 7.507370384057337
      vertex 13 -5.914190210477993 8.645763793045065
    endloop
  endfacet
  facet normal 1 0 0
    outer loop
      vertex 13 -5.737066904119109 7.507370384057337
      vertex 13 -5.5833619543882245 7.621365743989963
      vertex 13 -5.648050297095269 8.77163859753386
    endloop
  endfacet
  facet normal 1 0 0
    outer loop
      vertex 13 -6.007370384057337 7.237066904119109
      vertex 13 -5.914190210477993 8.645763793045065
      vertex 13 -6.1667106990588065 8.494408836907635
    endloop
  endfacet
  facet normal 1 0 0
    outer loop
      vertex 13 -5.5833619543882245 7.621365743989963
      vertex 13 -5.419223636810695 7.719746465479292
      vertex 13 -5.370854031763387 8.870821007196627
    endloop
  endfacet
  facet normal 1 0 0
    outer loop
      vertex 13 -5.419223636810695 7.719746465479292
      vertex 13 -5.246232693111925 7.801565088397009
      vertex 13 -5.370854031763387 8.870821007196627
    endloop
  endfacet
  facet normal 1 0 0
    outer loop
      vertex 13 -5.246232693111925 7.801565088397009
      vertex 13 -5.066055120646202 7.866033654677807
      vertex 13 -5.085270966048385 8.942355841209691
    endloop
  endfacet
  facet normal 1 0 0
    outer loop
      vertex 13 -5.066055120646202 7.866033654677807
      vertex 13 -4.88042612793145 7.912531296786299
      vertex 13 -5.085270966048385 8.942355841209691
    endloop
  endfacet
  facet normal 1 0 0
    outer loop
      vertex 13 -5.737066904119109 7.507370384057337
      vertex 13 -5.648050297095269 8.77163859753386
      vertex 13 -5.914190210477993 8.645763793045065
    endloop
  endfacet
  facet normal 1 0 0
    outer loop
      vertex 13 -4.88042612793145 7.912531296786299
      vertex 13 -4.691133423642643 7.940610217010784
      vertex 13 -4.794051420988682 8.98555418001659
    endloop
  endfacet
  facet normal 1 0 0
    outer loop
      vertex 13 -5.5833619543882245 7.621365743989963
      vertex 13 -5.370854031763387 8.870821007196627
      vertex 13 -5.648050297095269 8.77163859753386
    endloop
  endfacet
  facet normal 1 0 0
    outer loop
      vertex 13 -5.370854031763387 8.870821007196627
      vertex 13 -5.246232693111925 7.801565088397009
      vertex 13 -5.085270966048385 8.942355841209691
    endloop
  endfacet
  facet normal 1 0 0
    outer loop
      vertex 13 -4.88042612793145 7.912531296786299
      vertex 13 -4.794051420988682 8.98555418001659
      vertex 13 -5.085270966048385 8.942355841209691
    endloop
  endfacet
  facet normal 1 0 0
    outer loop
      vertex 13 -4.691133423642643 7.940610217010784
      vertex 13 -4.5 9
      vertex 13 -4.794051420988682 8.98555418001659
    endloop
  endfacet
  facet normal 1 0 0
    outer loop
      vertex 13 -2.878634256010037 7.0833619543882245
      vertex 13 -2.8332893009411935 8.494408836907635
      vertex 13 -2.992629615942663 7.237066904119109
    endloop
  endfacet
  facet normal 1 0 0
    outer loop
      vertex 13 -3.1211417766862324 7.378858223313768
      vertex 13 -2.992629615942663 7.237066904119109
      vertex 13 -2.8332893009411935 8.494408836907635
    endloop
  endfacet
  facet normal 1 0 0
    outer loop
      vertex 13 -3.1211417766862324 7.378858223313768
      vertex 13 -3.085809789522007 8.645763793045065
      vertex 13 -3.262933095880891 7.507370384057337
    endloop
  endfacet
  facet normal 1 0 0
    outer loop
      vertex 13 -2.633966345322193 6.566055120646202
      vertex 13 -2.378679656440357 8.121320343559642
      vertex 13 -2.5968201475090638 8.31903136008821
    endloop
  endfacet
  facet normal 1 0 0
    outer loop
      vertex 13 -3.4166380456117755 7.621365743989963
      vertex 13 -3.262933095880891 7.507370384057337
      vertex 13 -3.085809789522007 8.645763793045065
    endloop
  endfacet
  facet normal 1 0 0
    outer loop
      vertex 13 -3.5807763631893046 7.719746465479292
      vertex 13 -3.4166380456117755 7.621365743989963
      vertex 13 -3.3519497029047307 8.77163859753386
    endloop
  endfacet
  facet normal 1 0 0
    outer loop
      vertex 13 -3.9339448793537986 7.866033654677807
      vertex 13 -3.753767306888075 7.801565088397009
      vertex 13 -3.629145968236613 8.870821007196627
    endloop
  endfacet
  facet normal 1 0 0
    outer loop
      vertex 13 -3.9339448793537986 7.866033654677807
      vertex 13 -3.914729033951615 8.942355841209691
      vertex 13 -4.11957387206855 7.912531296786299
    endloop
  endfacet
  facet normal 1 0 0
    outer loop
      vertex 13 -3.753767306888075 7.801565088397009
      vertex 13 -3.5807763631893046 7.719746465479292
      vertex 13 -3.3519497029047307 8.77163859753386
    endloop
  endfacet
  facet normal 1 0 0
    outer loop
      vertex 13 -3.1211417766862324 7.378858223313768
      vertex 13 -2.8332893009411935 8.494408836907635
      vertex 13 -3.085809789522007 8.645763793045065
    endloop
  endfacet
  facet normal 1 0 0
    outer loop
      vertex 13 -2.878634256010037 7.0833619543882245
      vertex 13 -2.5968201475090638 8.31903136008821
      vertex 13 -2.8332893009411935 8.494408836907635
    endloop
  endfacet
  facet normal 1 0 0
    outer loop
      vertex 13 -4.691133423642643 7.940610217010784
      vertex 13 -4.5 7.95
      vertex 13 -4.5 9
    endloop
  endfacet
  facet normal 1 0 0
    outer loop
      vertex 13 -4.5 7.95
      vertex 13 -4.308866576357357 7.940610217010784
      vertex 13 -4.5 9
    endloop
  endfacet
  facet normal 1 0 0
    outer loop
      vertex 13 -4.308866576357357 7.940610217010784
      vertex 13 -4.11957387206855 7.912531296786299
      vertex 13 -3.914729033951615 8.942355841209691
    endloop
  endfacet
  facet normal 1 0 0
    outer loop
      vertex 13 -3.4166380456117755 7.621365743989963
      vertex 13 -3.085809789522007 8.645763793045065
      vertex 13 -3.3519497029047307 8.77163859753386
    endloop
  endfacet
  facet normal 1 0 0
    outer loop
      vertex 13 -3.9339448793537986 7.866033654677807
      vertex 13 -3.629145968236613 8.870821007196627
      vertex 13 -3.914729033951615 8.942355841209691
    endloop
  endfacet
  facet normal 1 0 0
    outer loop
      vertex 13 -4.308866576357357 7.940610217010784
      vertex 13 -3.914729033951615 8.942355841209691
      vertex 13 -4.205948579011318 8.98555418001659
    endloop
  endfacet
  facet normal 1 0 0
    outer loop
      vertex 13 -3.753767306888075 7.801565088397009
      vertex 13 -3.3519497029047307 8.77163859753386
      vertex 13 -3.629145968236613 8.870821007196627
    endloop
  endfacet
  facet normal 1 0 0
    outer loop
      vertex 13 -4.308866576357357 7.940610217010784
      vertex 13 -4.205948579011318 8.98555418001659
      vertex 13 -4.5 9
    endloop
  endfacet
  facet normal 0 0.9987954562051723 -0.049067674327418334
    outer loop
      vertex 13 -7.5 6
      vertex 13 -7.485554180016591 6.294051420988682
      vertex 16.527022233020556 -7.485554180016591 6.294051420988682
    endloop
  endfacet
  facet normal 0 0.989176509964781 -0.1467304744553616
    outer loop
      vertex 13 -7.485554180016591 6.294051420988682
      vertex 13 -7.442355841209691 6.585270966048385
      vertex 16.559450345220064 -7.442355841209691 6.585270966048385
    endloop
  endfacet
  facet normal 0 0.9987954562051723 -0.04906767432741834
    outer loop
      vertex 13 -7.5 6
      vertex 16.527022233020556 -7.485554180016591 6.294051420988682
      vertex 16.516178050485436 -7.5 6
    endloop
  endfacet
  facet normal 0 0.989176509964781 -0.14673047445536164
    outer loop
      vertex 13 -7.485554180016591 6.294051420988682
      vertex 16.559450345220064 -7.442355841209691 6.585270966048385
      vertex 16.527022233020556 -7.485554180016591 6.294051420988682
    endloop
  endfacet
  facet normal 0 0.9700312531945441 -0.24298017990326343
    outer loop
      vertex 13 -7.442355841209691 6.585270966048385
      vertex 16.613150086636473 -7.370821007196627 6.870854031763387
      vertex 16.559450345220064 -7.442355841209691 6.585270966048385
    endloop
  endfacet
  facet normal 0 0.9700312531945441 -0.24298017990326345
    outer loop
      vertex 13 -7.442355841209691 6.585270966048385
      vertex 13 -7.370821007196627 6.870854031763387
      vertex 16.613150086636473 -7.370821007196627 6.870854031763387
    endloop
  endfacet
  facet normal 1.4525412759920786e-17 0.9415440651830203 -0.3368898533922216
    outer loop
      vertex 13 -7.370821007196627 6.870854031763387
      vertex 13 -7.27163859753386 7.148050297095269
      vertex 16.65088 -7.32056 7.011324136634753
    endloop
  endfacet
  facet normal 0 0.9039892931234436 -0.4275550934302816
    outer loop
      vertex 13 -7.27163859753386 7.148050297095269
      vertex 13 -7.145763793045065 7.414190210477993
      vertex 16.77373486727914 -7.145763793045065 7.414190210477993
    endloop
  endfacet
  facet normal 0 0.9415440651830203 -0.3368898533922212
    outer loop
      vertex 13 -7.370821007196627 6.870854031763387
      vertex 16.65088 -7.32056 7.011324136634753
      vertex 16.613150086636473 -7.370821007196627 6.870854031763387
    endloop
  endfacet
  facet normal 0 0.9415440651830201 -0.33688985339222194
    outer loop
      vertex 13 -7.27163859753386 7.148050297095269
      vertex 16.685264226704856 -7.27163859753386 7.148050297095269
      vertex 16.65088 -7.32056 7.011324136634753
    endloop
  endfacet
  facet normal 0 0.9039892931234436 -0.4275550934302816
    outer loop
      vertex 13 -7.27163859753386 7.148050297095269
      vertex 16.77373486727914 -7.145763793045065 7.414190210477993
      vertex 16.685264226704856 -7.27163859753386 7.148050297095269
    endloop
  endfacet
  facet normal 0 0.8577286100002727 -0.5141027441932208
    outer loop
      vertex 13 -7.145763793045065 7.414190210477993
      vertex 16.87312 -7.004359999999991 7.650108186460889
      vertex 16.77373486727914 -7.145763793045065 7.414190210477993
    endloop
  endfacet
  facet normal 0 -0.9987954562051724 -0.04906767432741834
    outer loop
      vertex 15.892004265560168 -1.5 6
      vertex 18.91763655 -1.5 6
      vertex 15.889948283711906 -1.5144458199834094 6.294051420988682
    endloop
  endfacet
  facet normal 0 -0.989176509964781 -0.14673047445536086
    outer loop
      vertex 15.88552 -1.545560000000009 6.503806184704103
      vertex 15.889948283711906 -1.5144458199834094 6.294051420988682
      vertex 18.91604299548308 -1.5144458199834094 6.294051420988682
    endloop
  endfacet
  facet normal -1.8800084577960034e-16 -0.9891765099647807 -0.1467304744553635
    outer loop
      vertex 15.88552 -1.545560000000009 6.503806184704103
      vertex 18.91604299548308 -1.5144458199834094 6.294051420988682
      vertex 15.883409427872806 -1.5576441587903087 6.585270966048385
    endloop
  endfacet
  facet normal 0 -0.9700312531945441 -0.24298017990326343
    outer loop
      vertex 15.870915432269857 -1.6291789928033733 6.870854031763387
      vertex 15.883409427872806 -1.5576441587903087 6.585270966048385
      vertex 18.911277678733445 -1.5576441587903087 6.585270966048385
    endloop
  endfacet
  facet normal 0 -0.9987954562051724 -0.04906767432741835
    outer loop
      vertex 18.91763655 -1.5 6
      vertex 18.91604299548308 -1.5144458199834094 6.294051420988682
      vertex 15.889948283711906 -1.5144458199834094 6.294051420988682
    endloop
  endfacet
  facet normal 0 -0.989176509964781 -0.1467304744553616
    outer loop
      vertex 15.883409427872806 -1.5576441587903087 6.585270966048385
      vertex 18.91604299548308 -1.5144458199834094 6.294051420988682
      vertex 18.911277678733445 -1.5576441587903087 6.585270966048385
    endloop
  endfacet
  facet normal -1.165760064302962e-17 -0.9415440651830203 -0.33688985339222166
    outer loop
      vertex 15.853592618743932 -1.72836140246614 7.148050297095269
      vertex 15.870915432269857 -1.6291789928033733 6.870854031763387
      vertex 18.90304 -1.632320000000007 6.8796325587950236
    endloop
  endfacet
  facet normal 0 -0.9039892931234444 -0.42755509343027964
    outer loop
      vertex 15.835240000000002 -1.833439999999996 7.3702203251609575
      vertex 15.853592618743932 -1.72836140246614 7.148050297095269
      vertex 18.889362836662603 -1.72836140246614 7.148050297095269
    endloop
  endfacet
  facet normal -3.646034046258199e-16 -0.9039892931234425 -0.42755509343028375
    outer loop
      vertex 15.835240000000002 -1.833439999999996 7.3702203251609575
      vertex 18.889362836662603 -1.72836140246614 7.148050297095269
      vertex 15.83093071886085 -1.8542362069549347 7.414190210477993
    endloop
  endfacet
  facet normal 0 -0.8577286100002716 -0.5141027441932225
    outer loop
      vertex 15.79956773717801 -2.0055911630923644 7.6667106990588065
      vertex 15.83093071886085 -1.8542362069549347 7.414190210477993
      vertex 18.87143712736589 -1.8542362069549347 7.414190210477993
    endloop
  endfacet
  facet normal 0 -0.9700312531945441 -0.2429801799032634
    outer loop
      vertex 15.870915432269857 -1.6291789928033733 6.870854031763387
      vertex 18.911277678733445 -1.5576441587903087 6.585270966048385
      vertex 18.90338649235638 -1.6291789928033733 6.870854031763387
    endloop
  endfacet
  facet normal 0 -0.9415440651830193 -0.3368898533922243
    outer loop
      vertex 18.90304 -1.632320000000007 6.8796325587950236
      vertex 15.870915432269857 -1.6291789928033733 6.870854031763387
      vertex 18.90338649235638 -1.6291789928033733 6.870854031763387
    endloop
  endfacet
  facet normal 0 -0.9415440651830203 -0.33688985339222155
    outer loop
      vertex 15.853592618743932 -1.72836140246614 7.148050297095269
      vertex 18.90304 -1.632320000000007 6.8796325587950236
      vertex 18.889362836662603 -1.72836140246614 7.148050297095269
    endloop
  endfacet
  facet normal 0 -0.9039892931234441 -0.42755509343028036
    outer loop
      vertex 15.83093071886085 -1.8542362069549347 7.414190210477993
      vertex 18.889362836662603 -1.72836140246614 7.148050297095269
      vertex 18.87143712736589 -1.8542362069549347 7.414190210477993
    endloop
  endfacet
  facet normal 6.085308076284131e-17 0.8577286100002722 -0.5141027441932214
    outer loop
      vertex 13 -7.145763793045065 7.414190210477993
      vertex 13 -6.994408836907636 7.6667106990588065
      vertex 16.87312 -7.004359999999991 7.650108186460889
    endloop
  endfacet
  facet normal -1.739859571619801e-16 0.8032075314806459 -0.5956993044924318
    outer loop
      vertex 13 -6.994408836907636 7.6667106990588065
      vertex 13 -6.9304784 7.752910914549764
      vertex 16.99488181172948 -6.819031360088211 7.903179852490936
    endloop
  endfacet
  facet normal 4.4270458027568726e-17 0.8032075314806432 -0.5956993044924356
    outer loop
      vertex 13.06624 -6.870199999999997 7.834186928304486
      vertex 16.99488181172948 -6.819031360088211 7.903179852490936
      vertex 13 -6.9304784 7.752910914549764
    endloop
  endfacet
  facet normal 0 0.8032075314806445 -0.595699304492434
    outer loop
      vertex 13.06624 -6.870199999999997 7.834186928304486
      vertex 13.119038791271809 -6.819031360088211 7.903179852490936
      vertex 16.99488181172948 -6.819031360088211 7.903179852490936
    endloop
  endfacet
  facet normal -1.881005163978799e-16 0.7409511253549609 -0.6715589548470164
    outer loop
      vertex 13.119038791271809 -6.819031360088211 7.903179852490936
      vertex 13.276120000000002 -6.666799999999995 8.071141275322942
      vertex 17.08528 -6.681439999999995 8.054988524478203
    endloop
  endfacet
  facet normal -2.411881280460776e-16 0.7409511253549546 -0.6715589548470234
    outer loop
      vertex 13.276120000000002 -6.666799999999995 8.071141275322942
      vertex 13.320194678495403 -6.621320343559643 8.121320343559642
      vertex 17.08528 -6.681439999999995 8.054988524478203
    endloop
  endfacet
  facet normal 0 0.6715589548470194 -0.7409511253549581
    outer loop
      vertex 13.320194678495403 -6.621320343559643 8.121320343559642
      vertex 13.479400000000002 -6.457040000000006 8.270215367870412
      vertex 17.122104931585095 -6.621320343559643 8.121320343559642
    endloop
  endfacet
  facet normal 0 0.8577286100002661 -0.5141027441932314
    outer loop
      vertex 13 -6.994408836907636 7.6667106990588065
      vertex 16.87965796222493 -6.994408836907636 7.6667106990588065
      vertex 16.87312 -7.004359999999991 7.650108186460889
    endloop
  endfacet
  facet normal 0 0.8032075314806445 -0.5956993044924337
    outer loop
      vertex 13 -6.994408836907636 7.6667106990588065
      vertex 16.99488181172948 -6.819031360088211 7.903179852490936
      vertex 16.87965796222493 -6.994408836907636 7.6667106990588065
    endloop
  endfacet
  facet normal 0 0.7409511253549584 -0.6715589548470191
    outer loop
      vertex 13.119038791271809 -6.819031360088211 7.903179852490936
      vertex 17.08528 -6.681439999999995 8.054988524478203
      vertex 16.99488181172948 -6.819031360088211 7.903179852490936
    endloop
  endfacet
  facet normal 0 0.7409511253549613 -0.6715589548470159
    outer loop
      vertex 17.08528 -6.681439999999995 8.054988524478203
      vertex 13.320194678495403 -6.621320343559643 8.121320343559642
      vertex 17.122104931585095 -6.621320343559643 8.121320343559642
    endloop
  endfacet
  facet normal -9.287039595744869e-17 0.6715589548470183 -0.7409511253549592
    outer loop
      vertex 17.25572194031691 -6.403179852490936 8.31903136008821
      vertex 17.122104931585095 -6.621320343559643 8.121320343559642
      vertex 13.479400000000002 -6.457040000000006 8.270215367870412
    endloop
  endfacet
  facet normal 0 0.6715589548470148 -0.7409511253549623
    outer loop
      vertex 13.528385520055444 -6.403179852490936 8.31903136008821
      vertex 17.25572194031691 -6.403179852490936 8.31903136008821
      vertex 13.479400000000002 -6.457040000000006 8.270215367870412
    endloop
  endfacet
  facet normal 0 0.595699304492433 -0.8032075314806452
    outer loop
      vertex 13.528385520055444 -6.403179852490936 8.31903136008821
      vertex 13.675960000000003 -6.2409199999999885 8.439371468326142
      vertex 17.25572194031691 -6.403179852490936 8.31903136008821
    endloop
  endfacet
  facet normal 0 0.5956993044924294 -0.8032075314806479
    outer loop
      vertex 13.739384696968644 -6.1667106990588065 8.494408836907635
      vertex 17.39273631569582 -6.1667106990588065 8.494408836907635
      vertex 13.675960000000003 -6.2409199999999885 8.439371468326142
    endloop
  endfacet
  facet normal 0 0.5141027441932239 -0.8577286100002708
    outer loop
      vertex 13.739384696968644 -6.1667106990588065 8.494408836907635
      vertex 13.8658 -6.018799999999999 8.583063098168253
      vertex 17.39273631569582 -6.1667106990588065 8.494408836907635
    endloop
  endfacet
  facet normal 0 0.5141027441932233 -0.8577286100002711
    outer loop
      vertex 13.949597947185525 -5.914190210477993 8.645763793045065
      vertex 17.532597087103575 -5.914190210477993 8.645763793045065
      vertex 13.8658 -6.018799999999999 8.583063098168253
    endloop
  endfacet
  facet normal 8.126916614203905e-17 0.5956993044924341 -0.8032075314806443
    outer loop
      vertex 17.28712 -6.351919999999993 8.357048257689943
      vertex 17.25572194031691 -6.403179852490936 8.31903136008821
      vertex 13.675960000000003 -6.2409199999999885 8.439371468326142
    endloop
  endfacet
  facet normal -5.732709808450626e-17 0.5956993044924312 -0.8032075314806465
    outer loop
      vertex 17.39273631569582 -6.1667106990588065 8.494408836907635
      vertex 17.28712 -6.351919999999993 8.357048257689943
      vertex 13.675960000000003 -6.2409199999999885 8.439371468326142
    endloop
  endfacet
  facet normal 1.3891549838982045e-16 0.5141027441932263 -0.8577286100002692
    outer loop
      vertex 17.47852 -6.016280000000009 8.584573528041126
      vertex 17.39273631569582 -6.1667106990588065 8.494408836907635
      vertex 13.8658 -6.018799999999999 8.583063098168253
    endloop
  endfacet
  facet normal 0 0.4275550934302826 -0.9039892931234432
    outer loop
      vertex 13.949597947185525 -5.914190210477993 8.645763793045065
      vertex 14.04844 -5.790800000000004 8.70412301629097
      vertex 17.532597087103575 -5.914190210477993 8.645763793045065
    endloop
  endfacet
  facet normal 1.0949998712621748e-16 0.42755509343028064 -0.903989293123444
    outer loop
      vertex 14.155630583280287 -5.648050297095269 8.77163859753386
      vertex 17.65936 -5.6748799999999875 8.7589490931123
      vertex 14.04844 -5.790800000000004 8.70412301629097
    endloop
  endfacet
  facet normal 0 0.3368898533922147 -0.9415440651830228
    outer loop
      vertex 14.155630583280287 -5.648050297095269 8.77163859753386
      vertex 14.223880000000001 -5.557159999999996 8.804159665846525
      vertex 17.672505812246193 -5.648050297095269 8.77163859753386
    endloop
  endfacet
  facet normal 0 0.33688985339222494 -0.9415440651830189
    outer loop
      vertex 14.223880000000001 -5.557159999999996 8.804159665846525
      vertex 14.354817929483568 -5.370854031763387 8.870821007196627
      vertex 17.808324314312333 -5.370854031763387 8.870821007196627
    endloop
  endfacet
  facet normal 0 0.24298017990324727 -0.9700312531945482
    outer loop
      vertex 14.39188 -5.3181200000000075 8.884030194511666
      vertex 17.808324314312333 -5.370854031763387 8.870821007196627
      vertex 14.354817929483568 -5.370854031763387 8.870821007196627
    endloop
  endfacet
  facet normal 0 0.24298017990326712 -0.9700312531945432
    outer loop
      vertex 14.544747965287158 -5.085270966048385 8.942355841209691
      vertex 17.938907315157028 -5.085270966048385 8.942355841209691
      vertex 14.39188 -5.3181200000000075 8.884030194511666
    endloop
  endfacet
  facet normal 0 0.14673047445528484 -0.9891765099647924
    outer loop
      vertex 14.552200000000003 -5.073920000000001 8.944039597967992
      vertex 17.938907315157028 -5.085270966048385 8.942355841209691
      vertex 14.544747965287158 -5.085270966048385 8.942355841209691
    endloop
  endfacet
  facet normal 2.7965137509175657e-16 0.14673047445536647 -0.9891765099647802
    outer loop
      vertex 14.552200000000003 -5.073920000000001 8.944039597967992
      vertex 14.70484 -4.824799999999996 8.980993059183547
      vertex 17.938907315157028 -5.085270966048385 8.942355841209691
    endloop
  endfacet
  facet normal 0 0.14673047445534915 -0.9891765099647829
    outer loop
      vertex 14.722396071365495 -4.794051420988682 8.98555418001659
      vertex 18.063624320558823 -4.794051420988682 8.98555418001659
      vertex 14.70484 -4.824799999999996 8.980993059183547
    endloop
  endfacet
  facet normal 0 0.04906767432741866 -0.9987954562051723
    outer loop
      vertex 14.722396071365495 -4.794051420988682 8.98555418001659
      vertex 14.84968 -4.571119999999993 8.996506098444396
      vertex 18.063624320558823 -4.794051420988682 8.98555418001659
    endloop
  endfacet
  facet normal 0 0.04906767432741734 -0.9987954562051724
    outer loop
      vertex 18.181095253899766 -4.5 9
      vertex 14.84968 -4.571119999999993 8.996506098444396
      vertex 14.887322044609665 -4.5 9
    endloop
  endfacet
  facet normal 0 -0.04906767432741731 -0.9987954562051723
    outer loop
      vertex 14.887322044609665 -4.5 9
      vertex 14.986360000000001 -4.312880000000007 8.990807383871138
      vertex 18.181095253899766 -4.5 9
    endloop
  endfacet
  facet normal 1.7245220267070316e-16 -0.04906767432742022 -0.9987954562051722
    outer loop
      vertex 15.03874954797753 -4.205948579011318 8.98555418001659
      vertex 18.2728 -4.257199999999997 8.988072000875974
      vertex 14.986360000000001 -4.312880000000007 8.990807383871138
    endloop
  endfacet
  facet normal 0 -0.14673047445536572 -0.9891765099647805
    outer loop
      vertex 15.176215118513062 -3.914729033951615 8.942355841209691
      vertex 18.390067635452553 -3.914729033951615 8.942355841209691
      vertex 15.11488 -4.05055999999999 8.962504461696765
    endloop
  endfacet
  facet normal 0 -0.24298017990327186 -0.970031253194542
    outer loop
      vertex 15.176215118513062 -3.914729033951615 8.942355841209691
      vertex 15.235120000000002 -3.7842800000000096 8.90968005923526
      vertex 18.390067635452553 -3.914729033951615 8.942355841209691
    endloop
  endfacet
  facet normal 0 -0.146730474455358 -0.9891765099647815
    outer loop
      vertex 15.03874954797753 -4.205948579011318 8.98555418001659
      vertex 15.11488 -4.05055999999999 8.962504461696765
      vertex 18.29034932110676 -4.205948579011318 8.98555418001659
    endloop
  endfacet
  facet normal 1.4534998501592886e-16 0.5141027441932196 -0.8577286100002733
    outer loop
      vertex 17.47852 -6.016280000000009 8.584573528041126
      vertex 13.8658 -6.018799999999999 8.583063098168253
      vertex 17.532597087103575 -5.914190210477993 8.645763793045065
    endloop
  endfacet
  facet normal 1.6615199437794882e-17 0.427555093430283 -0.9039892931234429
    outer loop
      vertex 17.532597087103575 -5.914190210477993 8.645763793045065
      vertex 14.04844 -5.790800000000004 8.70412301629097
      vertex 17.65936 -5.6748799999999875 8.7589490931123
    endloop
  endfacet
  facet normal 0 0.427555093430269 -0.9039892931234496
    outer loop
      vertex 17.65936 -5.6748799999999875 8.7589490931123
      vertex 14.155630583280287 -5.648050297095269 8.77163859753386
      vertex 17.672505812246193 -5.648050297095269 8.77163859753386
    endloop
  endfacet
  facet normal 2.0241670718830439e-16 0.33688985339222155 -0.9415440651830203
    outer loop
      vertex 17.808324314312333 -5.370854031763387 8.870821007196627
      vertex 17.672505812246193 -5.648050297095269 8.77163859753386
      vertex 14.223880000000001 -5.557159999999996 8.804159665846525
    endloop
  endfacet
  facet normal 1.641671504283052e-16 0.24298017990325724 -0.9700312531945455
    outer loop
      vertex 17.8294 -5.327839999999995 8.88159546125861
      vertex 17.808324314312333 -5.370854031763387 8.870821007196627
      vertex 14.39188 -5.3181200000000075 8.884030194511666
    endloop
  endfacet
  facet normal 1.8542538281607046e-16 0.24298017990326445 -0.9700312531945439
    outer loop
      vertex 17.938907315157028 -5.085270966048385 8.942355841209691
      vertex 17.8294 -5.327839999999995 8.88159546125861
      vertex 14.39188 -5.3181200000000075 8.884030194511666
    endloop
  endfacet
  facet normal 2.6852155978416405e-17 0.1467304744553634 -0.9891765099647807
    outer loop
      vertex 17.988400000000002 -4.975639999999984 8.958618058823264
      vertex 17.938907315157028 -5.085270966048385 8.942355841209691
      vertex 14.70484 -4.824799999999996 8.980993059183547
    endloop
  endfacet
  facet normal -1.0678713598144234e-16 0.14673047445536058 -0.9891765099647812
    outer loop
      vertex 18.063624320558823 -4.794051420988682 8.98555418001659
      vertex 17.988400000000002 -4.975639999999984 8.958618058823264
      vertex 14.70484 -4.824799999999996 8.980993059183547
    endloop
  endfacet
  facet normal -1.355570034141573e-16 0.049067674327416703 -0.9987954562051723
    outer loop
      vertex 18.13624 -4.618759999999995 8.994165695321378
      vertex 18.063624320558823 -4.794051420988682 8.98555418001659
      vertex 14.84968 -4.571119999999993 8.996506098444396
    endloop
  endfacet
  facet normal -4.162184439789729e-17 -0.8032075314806457 -0.5956993044924322
    outer loop
      vertex 15.775960000000005 -2.1195199999999943 7.820325952873831
      vertex 15.79956773717801 -2.0055911630923644 7.6667106990588065
      vertex 18.84856 -2.014879999999991 7.679235245766575
    endloop
  endfacet
  facet normal -1.4899323783163864e-16 -0.8032075314806447 -0.5956993044924338
    outer loop
      vertex 15.775960000000005 -2.1195199999999943 7.820325952873831
      vertex 18.84856 -2.014879999999991 7.679235245766575
      vertex 15.761214403265782 -2.180968639911789 7.903179852490936
    endloop
  endfacet
  facet normal 0 -0.7409511253549586 -0.671558954847019
    outer loop
      vertex 15.71377044154705 -2.378679656440357 8.121320343559642
      vertex 15.761214403265782 -2.180968639911789 7.903179852490936
      vertex 18.81955208495866 -2.180968639911789 7.903179852490936
    endloop
  endfacet
  facet normal -2.6614734154540527e-16 -0.671558954847033 -0.7409511253549458
    outer loop
      vertex 15.707799999999999 -2.4035599999999846 8.143870572509135
      vertex 15.71377044154705 -2.378679656440357 8.121320343559642
      vertex 18.78208 -2.3955199999999905 8.136583541270225
    endloop
  endfacet
  facet normal -3.458482806477281e-16 -0.6715589548470163 -0.740951125354961
    outer loop
      vertex 15.707799999999999 -2.4035599999999846 8.143870572509135
      vertex 18.78208 -2.3955199999999905 8.136583541270225
      vertex 15.654958000553314 -2.5968201475090638 8.31903136008821
    endloop
  endfacet
  facet normal 0 -0.8577286100002715 -0.5141027441932225
    outer loop
      vertex 18.87143712736589 -1.8542362069549347 7.414190210477993
      vertex 18.849882814289856 -2.0055911630923644 7.6667106990588065
      vertex 15.79956773717801 -2.0055911630923644 7.6667106990588065
    endloop
  endfacet
  facet normal 0 -0.8032075314806408 -0.5956993044924388
    outer loop
      vertex 18.84856 -2.014879999999991 7.679235245766575
      vertex 15.79956773717801 -2.0055911630923644 7.6667106990588065
      vertex 18.849882814289856 -2.0055911630923644 7.6667106990588065
    endloop
  endfacet
  facet normal 0 -0.8032075314806456 -0.5956993044924325
    outer loop
      vertex 15.761214403265782 -2.180968639911789 7.903179852490936
      vertex 18.84856 -2.014879999999991 7.679235245766575
      vertex 18.81955208495866 -2.180968639911789 7.903179852490936
    endloop
  endfacet
  facet normal 0 -0.7409511253549586 -0.671558954847019
    outer loop
      vertex 18.81955208495866 -2.180968639911789 7.903179852490936
      vertex 18.78502122015512 -2.378679656440357 8.121320343559642
      vertex 15.71377044154705 -2.378679656440357 8.121320343559642
    endloop
  endfacet
  facet normal 0 -0.6715589548470065 -0.7409511253549699
    outer loop
      vertex 18.78208 -2.3955199999999905 8.136583541270225
      vertex 15.71377044154705 -2.378679656440357 8.121320343559642
      vertex 18.78502122015512 -2.378679656440357 8.121320343559642
    endloop
  endfacet
  facet normal 0 -0.5141027441932219 -0.857728610000272
    outer loop
      vertex 15.585230984325788 -2.8332893009411935 8.494408836907635
      vertex 18.689470116573993 -2.8332893009411935 8.494408836907635
      vertex 15.54484 -2.9645599999999916 8.57308946599178
    endloop
  endfacet
  facet normal 0 -0.5141027441932255 -0.8577286100002698
    outer loop
      vertex 15.503318262181915 -3.085809789522007 8.645763793045065
      vertex 15.54484 -2.9645599999999916 8.57308946599178
      vertex 18.628900686064828 -3.085809789522007 8.645763793045065
    endloop
  endfacet
  facet normal 0 -0.5956993044924294 -0.8032075314806479
    outer loop
      vertex 15.585230984325788 -2.8332893009411935 8.494408836907635
      vertex 15.630760000000002 -2.6853200000000044 8.384667324033112
      vertex 18.689470116573993 -2.8332893009411935 8.494408836907635
    endloop
  endfacet
  facet normal 0 -0.5956993044924361 -0.8032075314806429
    outer loop
      vertex 15.654958000553314 -2.5968201475090638 8.31903136008821
      vertex 18.740389864788007 -2.5968201475090638 8.31903136008821
      vertex 15.630760000000002 -2.6853200000000044 8.384667324033112
    endloop
  endfacet
  facet normal 1.0220641090899238e-16 -0.5141027441932235 -0.8577286100002709
    outer loop
      vertex 18.689470116573993 -2.8332893009411935 8.494408836907635
      vertex 18.628900686064828 -3.085809789522007 8.645763793045065
      vertex 15.54484 -2.9645599999999916 8.57308946599178
    endloop
  endfacet
  facet normal 1.4997917020274906e-16 -0.4275550934302784 -0.903989293123445
    outer loop
      vertex 15.503318262181915 -3.085809789522007 8.645763793045065
      vertex 18.6136 -3.1495999999999924 8.675934315647845
      vertex 15.45016 -3.241039999999998 8.71918221475535
    endloop
  endfacet
  facet normal 0 -0.336889853392222 -0.9415440651830203
    outer loop
      vertex 15.408270520642043 -3.3519497029047307 8.77163859753386
      vertex 18.558224195921117 -3.3519497029047307 8.77163859753386
      vertex 15.346960000000003 -3.5142799999999994 8.829721306577234
    endloop
  endfacet
  facet normal 0 -0.42755509343028736 -0.9039892931234408
    outer loop
      vertex 15.408270520642043 -3.3519497029047307 8.77163859753386
      vertex 15.45016 -3.241039999999998 8.71918221475535
      vertex 18.558224195921117 -3.3519497029047307 8.77163859753386
    endloop
  endfacet
  facet normal 0 -0.33688985339222 -0.9415440651830208
    outer loop
      vertex 15.299379963379327 -3.629145968236613 8.870821007196627
      vertex 15.346960000000003 -3.5142799999999994 8.829721306577234
      vertex 18.47873314102662 -3.629145968236613 8.870821007196627
    endloop
  endfacet
  facet normal 0 -0.24298017990325635 -0.970031253194546
    outer loop
      vertex 15.299379963379327 -3.629145968236613 8.870821007196627
      vertex 18.47873314102662 -3.629145968236613 8.870821007196627
      vertex 15.235120000000002 -3.7842800000000096 8.90968005923526
    endloop
  endfacet
  facet normal 0 -0.4275550934302844 -0.9039892931234422
    outer loop
      vertex 18.6136 -3.1495999999999924 8.675934315647845
      vertex 15.503318262181915 -3.085809789522007 8.645763793045065
      vertex 18.628900686064828 -3.085809789522007 8.645763793045065
    endloop
  endfacet
  facet normal 2.5434175443900456e-16 -0.4275550934302815 -0.9039892931234437
    outer loop
      vertex 18.558224195921117 -3.3519497029047307 8.77163859753386
      vertex 15.45016 -3.241039999999998 8.71918221475535
      vertex 18.6136 -3.1495999999999924 8.675934315647845
    endloop
  endfacet
  facet normal 1.4455204633602292e-16 -0.3368898533922245 -0.9415440651830193
    outer loop
      vertex 18.5116 -3.5223200000000077 8.832598064576606
      vertex 15.346960000000003 -3.5142799999999994 8.829721306577234
      vertex 18.558224195921117 -3.3519497029047307 8.77163859753386
    endloop
  endfacet
  facet normal -7.519177994324981e-17 0.04906767432742086 -0.9987954562051723
    outer loop
      vertex 18.13624 -4.618759999999995 8.994165695321378
      vertex 14.84968 -4.571119999999993 8.996506098444396
      vertex 18.181095253899766 -4.5 9
    endloop
  endfacet
  facet normal 9.560893712282318e-17 -0.04906767432741569 -0.9987954562051725
    outer loop
      vertex 18.181095253899766 -4.5 9
      vertex 14.986360000000001 -4.312880000000007 8.990807383871138
      vertex 18.2728 -4.257199999999997 8.988072000875974
    endloop
  endfacet
  facet normal 0 -0.04906767432743108 -0.9987954562051717
    outer loop
      vertex 18.2728 -4.257199999999997 8.988072000875974
      vertex 15.03874954797753 -4.205948579011318 8.98555418001659
      vertex 18.29034932110676 -4.205948579011318 8.98555418001659
    endloop
  endfacet
  facet normal -1.7702340049790117e-16 -0.14673047445536153 -0.989176509964781
    outer loop
      vertex 18.390067635452553 -3.914729033951615 8.942355841209691
      vertex 18.29034932110676 -4.205948579011318 8.98555418001659
      vertex 15.11488 -4.05055999999999 8.962504461696765
    endloop
  endfacet
  facet normal 4.01115491175219e-16 -0.24298017990326423 -0.970031253194544
    outer loop
      vertex 18.47873314102662 -3.629145968236613 8.870821007196627
      vertex 18.39796 -3.891680000000008 8.936582358759807
      vertex 15.235120000000002 -3.7842800000000096 8.90968005923526
    endloop
  endfacet
  facet normal 6.973556732269201e-16 -0.24298017990325604 -0.9700312531945461
    outer loop
      vertex 18.39796 -3.891680000000008 8.936582358759807
      vertex 18.390067635452553 -3.914729033951615 8.942355841209691
      vertex 15.235120000000002 -3.7842800000000096 8.90968005923526
    endloop
  endfacet
  facet normal 1.6911652847942427e-16 -0.336889853392216 -0.9415440651830224
    outer loop
      vertex 18.5116 -3.5223200000000077 8.832598064576606
      vertex 18.47873314102662 -3.629145968236613 8.870821007196627
      vertex 15.346960000000003 -3.5142799999999994 8.829721306577234
    endloop
  endfacet
  facet normal 0 -0.6715589548470192 -0.7409511253549583
    outer loop
      vertex 18.740389864788007 -2.5968201475090638 8.31903136008821
      vertex 15.654958000553314 -2.5968201475090638 8.31903136008821
      vertex 18.78208 -2.3955199999999905 8.136583541270225
    endloop
  endfacet
  facet normal -6.873222087186932e-17 -0.5956993044924346 -0.8032075314806439
    outer loop
      vertex 18.70372 -2.7738800000000055 8.450347896410964
      vertex 15.630760000000002 -2.6853200000000044 8.384667324033112
      vertex 18.740389864788007 -2.5968201475090638 8.31903136008821
    endloop
  endfacet
  facet normal 4.017267943444569e-16 -0.5956993044924239 -0.8032075314806518
    outer loop
      vertex 18.70372 -2.7738800000000055 8.450347896410964
      vertex 18.689470116573993 -2.8332893009411935 8.494408836907635
      vertex 15.630760000000002 -2.6853200000000044 8.384667324033112
    endloop
  endfacet
endsolid OpenSCAD_Model
