solid OpenSCAD_Model
  facet normal -0.358391 -0.933571 0
    outer loop
      vertex 9.28606 2.57927 -3.6
      vertex 9.49255 2.5 -5.5
      vertex 9.49255 2.5 -3.6
    endloop
  endfacet
  facet normal -0.358391 -0.933571 0
    outer loop
      vertex 9.28606 2.57927 -5.52
      vertex 9.49255 2.5 -5.5
      vertex 9.28606 2.57927 -3.6
    endloop
  endfacet
  facet normal -0.358394 -0.933571 2.7688e-05
    outer loop
      vertex 9.55108 2.47753 -5.52
      vertex 9.49255 2.5 -5.5
      vertex 9.28606 2.57927 -5.52
    endloop
  endfacet
  facet normal -0.358402 -0.933567 0
    outer loop
      vertex 9.49255 2.5 -5.5
      vertex 9.55108 2.47753 -5.52
      vertex 9.55108 2.47753 -5.5
    endloop
  endfacet
  facet normal -0.933498 -0.358581 0
    outer loop
      vertex 11.0273 0.838053 -5.52
      vertex 10.9255 1.10307 -5.5
      vertex 10.9255 1.10307 -5.52
    endloop
  endfacet
  facet normal -0.933498 -0.358581 0
    outer loop
      vertex 10.9255 1.10307 -5.5
      vertex 11.0273 0.838053 -5.52
      vertex 11.0273 0.838053 -5.5
    endloop
  endfacet
  facet normal -0.0523481 -0.998629 0
    outer loop
      vertex 8.448 2.712 -5.52
      vertex 8.73148 2.69714 -3.6
      vertex 8.448 2.712 -3.6
    endloop
  endfacet
  facet normal -0.0523481 -0.998629 -0
    outer loop
      vertex 8.73148 2.69714 -3.6
      vertex 8.448 2.712 -5.52
      vertex 8.73148 2.69714 -5.52
    endloop
  endfacet
  facet normal -0.998622 0.0524884 0
    outer loop
      vertex 11.1451 -0.283481 -5.52
      vertex 11.16 0 -5.5
      vertex 11.16 0 -5.52
    endloop
  endfacet
  facet normal -0.998622 0.0524884 0
    outer loop
      vertex 11.16 0 -5.5
      vertex 11.1451 -0.283481 -5.52
      vertex 11.1451 -0.283481 -5.5
    endloop
  endfacet
  facet normal -0.156442 -0.987687 0
    outer loop
      vertex 8.73148 2.69714 -5.52
      vertex 9.01186 2.65273 -3.6
      vertex 8.73148 2.69714 -3.6
    endloop
  endfacet
  facet normal -0.156442 -0.987687 -0
    outer loop
      vertex 9.01186 2.65273 -3.6
      vertex 8.73148 2.69714 -5.52
      vertex 9.01186 2.65273 -5.52
    endloop
  endfacet
  facet normal -0.629345 -0.777126 0
    outer loop
      vertex 10.0421 2.19406 -5.52
      vertex 10.2627 2.01541 -5.5
      vertex 10.0421 2.19406 -5.5
    endloop
  endfacet
  facet normal -0.629345 -0.777126 -0
    outer loop
      vertex 10.2627 2.01541 -5.5
      vertex 10.0421 2.19406 -5.52
      vertex 10.2627 2.01541 -5.52
    endloop
  endfacet
  facet normal -0.965988 -0.258585 0
    outer loop
      vertex 11.1007 0.563855 -5.52
      vertex 11.0273 0.838053 -5.5
      vertex 11.0273 0.838053 -5.52
    endloop
  endfacet
  facet normal -0.965988 -0.258585 0
    outer loop
      vertex 11.0273 0.838053 -5.5
      vertex 11.1007 0.563855 -5.52
      vertex 11.1007 0.563855 -5.5
    endloop
  endfacet
  facet normal -0.987692 -0.156411 0
    outer loop
      vertex 11.1451 0.283481 -5.52
      vertex 11.1007 0.563855 -5.5
      vertex 11.1007 0.563855 -5.52
    endloop
  endfacet
  facet normal -0.987692 -0.156411 0
    outer loop
      vertex 11.1007 0.563855 -5.5
      vertex 11.1451 0.283481 -5.52
      vertex 11.1451 0.283481 -5.5
    endloop
  endfacet
  facet normal -0.777054 -0.629434 0
    outer loop
      vertex 10.6421 1.59407 -5.52
      vertex 10.4634 1.81468 -5.5
      vertex 10.4634 1.81468 -5.52
    endloop
  endfacet
  facet normal -0.777054 -0.629434 0
    outer loop
      vertex 10.4634 1.81468 -5.5
      vertex 10.6421 1.59407 -5.52
      vertex 10.6421 1.59407 -5.5
    endloop
  endfacet
  facet normal -0.838678 -0.544628 0
    outer loop
      vertex 10.7967 1.356 -5.52
      vertex 10.6421 1.59407 -5.5
      vertex 10.6421 1.59407 -5.52
    endloop
  endfacet
  facet normal -0.838678 -0.544628 0
    outer loop
      vertex 10.6421 1.59407 -5.5
      vertex 10.7967 1.356 -5.52
      vertex 10.7967 1.356 -5.5
    endloop
  endfacet
  facet normal -0.258781 -0.965936 0
    outer loop
      vertex 9.01186 2.65273 -5.52
      vertex 9.28606 2.57927 -3.6
      vertex 9.01186 2.65273 -3.6
    endloop
  endfacet
  facet normal -0.258781 -0.965936 -0
    outer loop
      vertex 9.28606 2.57927 -3.6
      vertex 9.01186 2.65273 -5.52
      vertex 9.28606 2.57927 -5.52
    endloop
  endfacet
  facet normal -0.453993 -0.891005 0
    outer loop
      vertex 9.55108 2.47753 -5.52
      vertex 9.804 2.34866 -5.5
      vertex 9.55108 2.47753 -5.5
    endloop
  endfacet
  facet normal -0.453993 -0.891005 -0
    outer loop
      vertex 9.804 2.34866 -5.5
      vertex 9.55108 2.47753 -5.52
      vertex 9.804 2.34866 -5.52
    endloop
  endfacet
  facet normal -0.54458 -0.838709 0
    outer loop
      vertex 9.804 2.34866 -5.52
      vertex 10.0421 2.19406 -5.5
      vertex 9.804 2.34866 -5.5
    endloop
  endfacet
  facet normal -0.54458 -0.838709 -0
    outer loop
      vertex 10.0421 2.19406 -5.5
      vertex 9.804 2.34866 -5.52
      vertex 10.0421 2.19406 -5.52
    endloop
  endfacet
  facet normal -0.70716 -0.707054 0
    outer loop
      vertex 10.4634 1.81468 -5.52
      vertex 10.2627 2.01541 -5.5
      vertex 10.2627 2.01541 -5.52
    endloop
  endfacet
  facet normal -0.70716 -0.707054 0
    outer loop
      vertex 10.2627 2.01541 -5.5
      vertex 10.4634 1.81468 -5.52
      vertex 10.4634 1.81468 -5.5
    endloop
  endfacet
  facet normal -0.987692 0.15641 0
    outer loop
      vertex 11.1007 -0.563857 -5.52
      vertex 11.1451 -0.283481 -5.5
      vertex 11.1451 -0.283481 -5.52
    endloop
  endfacet
  facet normal -0.987692 0.15641 0
    outer loop
      vertex 11.1451 -0.283481 -5.5
      vertex 11.1007 -0.563857 -5.52
      vertex 11.1007 -0.563857 -5.5
    endloop
  endfacet
  facet normal 0 0 1
    outer loop
      vertex 11.1451 0.283481 -5.52
      vertex 11.1451 -0.283481 -5.52
      vertex 11.16 0 -5.52
    endloop
  endfacet
  facet normal 0 0 1
    outer loop
      vertex 11.1007 0.563855 -5.52
      vertex 11.1451 -0.283481 -5.52
      vertex 11.1451 0.283481 -5.52
    endloop
  endfacet
  facet normal 0 0 1
    outer loop
      vertex 11.1007 0.563855 -5.52
      vertex 11.1007 -0.563857 -5.52
      vertex 11.1451 -0.283481 -5.52
    endloop
  endfacet
  facet normal 0 0 1
    outer loop
      vertex 11.0273 0.838053 -5.52
      vertex 11.1007 -0.563857 -5.52
      vertex 11.1007 0.563855 -5.52
    endloop
  endfacet
  facet normal 0 0 1
    outer loop
      vertex 11.0273 0.838053 -5.52
      vertex 11.0273 -0.838055 -5.52
      vertex 11.1007 -0.563857 -5.52
    endloop
  endfacet
  facet normal 0 0 1
    outer loop
      vertex 10.9255 1.10307 -5.52
      vertex 11.0273 -0.838055 -5.52
      vertex 11.0273 0.838053 -5.52
    endloop
  endfacet
  facet normal 0 0 1
    outer loop
      vertex 10.9255 1.10307 -5.52
      vertex 10.9255 -1.10307 -5.52
      vertex 11.0273 -0.838055 -5.52
    endloop
  endfacet
  facet normal 0 0 1
    outer loop
      vertex 10.7967 1.356 -5.52
      vertex 10.9255 -1.10307 -5.52
      vertex 10.9255 1.10307 -5.52
    endloop
  endfacet
  facet normal 0 0 1
    outer loop
      vertex 10.7967 1.356 -5.52
      vertex 10.7967 -1.356 -5.52
      vertex 10.9255 -1.10307 -5.52
    endloop
  endfacet
  facet normal 0 0 1
    outer loop
      vertex 10.6421 1.59407 -5.52
      vertex 10.7967 -1.356 -5.52
      vertex 10.7967 1.356 -5.52
    endloop
  endfacet
  facet normal 0 0 1
    outer loop
      vertex 10.6421 1.59407 -5.52
      vertex 10.6421 -1.59408 -5.52
      vertex 10.7967 -1.356 -5.52
    endloop
  endfacet
  facet normal 0 0 1
    outer loop
      vertex 10.4634 1.81468 -5.52
      vertex 10.6421 -1.59408 -5.52
      vertex 10.6421 1.59407 -5.52
    endloop
  endfacet
  facet normal 0 0 1
    outer loop
      vertex 10.4634 1.81468 -5.52
      vertex 10.4634 -1.81469 -5.52
      vertex 10.6421 -1.59408 -5.52
    endloop
  endfacet
  facet normal 0 0 1
    outer loop
      vertex 10.2627 2.01541 -5.52
      vertex 10.4634 -1.81469 -5.52
      vertex 10.4634 1.81468 -5.52
    endloop
  endfacet
  facet normal 0 0 1
    outer loop
      vertex 10.2627 2.01541 -5.52
      vertex 10.2627 -2.01541 -5.52
      vertex 10.4634 -1.81469 -5.52
    endloop
  endfacet
  facet normal 0 0 1
    outer loop
      vertex 10.0421 2.19406 -5.52
      vertex 10.2627 -2.01541 -5.52
      vertex 10.2627 2.01541 -5.52
    endloop
  endfacet
  facet normal 0 0 1
    outer loop
      vertex 10.0421 2.19406 -5.52
      vertex 10.0421 -2.19406 -5.52
      vertex 10.2627 -2.01541 -5.52
    endloop
  endfacet
  facet normal 0 0 1
    outer loop
      vertex 9.804 2.34866 -5.52
      vertex 10.0421 -2.19406 -5.52
      vertex 10.0421 2.19406 -5.52
    endloop
  endfacet
  facet normal 0 0 1
    outer loop
      vertex 9.804 2.34866 -5.52
      vertex 9.804 -2.34866 -5.52
      vertex 10.0421 -2.19406 -5.52
    endloop
  endfacet
  facet normal 0 0 1
    outer loop
      vertex 9.55108 2.47753 -5.52
      vertex 9.804 -2.34866 -5.52
      vertex 9.804 2.34866 -5.52
    endloop
  endfacet
  facet normal 0 0 1
    outer loop
      vertex 9.55108 2.47753 -5.52
      vertex 9.55108 -2.47753 -5.52
      vertex 9.804 -2.34866 -5.52
    endloop
  endfacet
  facet normal 0 0 1
    outer loop
      vertex 9.28606 2.57927 -5.52
      vertex 9.55108 -2.47753 -5.52
      vertex 9.55108 2.47753 -5.52
    endloop
  endfacet
  facet normal 0 0 1
    outer loop
      vertex 9.28606 2.57927 -5.52
      vertex 9.28606 -2.57927 -5.52
      vertex 9.55108 -2.47753 -5.52
    endloop
  endfacet
  facet normal 0 0 1
    outer loop
      vertex 9.01186 2.65273 -5.52
      vertex 9.28606 -2.57927 -5.52
      vertex 9.28606 2.57927 -5.52
    endloop
  endfacet
  facet normal 0 0 1
    outer loop
      vertex 9.01186 2.65273 -5.52
      vertex 9.01186 -2.65273 -5.52
      vertex 9.28606 -2.57927 -5.52
    endloop
  endfacet
  facet normal 0 0 1
    outer loop
      vertex 8.73148 2.69714 -5.52
      vertex 9.01186 -2.65273 -5.52
      vertex 9.01186 2.65273 -5.52
    endloop
  endfacet
  facet normal 0 0 1
    outer loop
      vertex 8.73148 2.69714 -5.52
      vertex 8.73148 -2.69714 -5.52
      vertex 9.01186 -2.65273 -5.52
    endloop
  endfacet
  facet normal 0 0 1
    outer loop
      vertex 8.448 2.712 -5.52
      vertex 8.73148 -2.69714 -5.52
      vertex 8.73148 2.69714 -5.52
    endloop
  endfacet
  facet normal 0 0 1
    outer loop
      vertex 8.448 2.712 -5.52
      vertex 8.448 -2.712 -5.52
      vertex 8.73148 -2.69714 -5.52
    endloop
  endfacet
  facet normal -0 0 1
    outer loop
      vertex 4.80492 2.712 -5.52
      vertex 8.448 -2.712 -5.52
      vertex 8.448 2.712 -5.52
    endloop
  endfacet
  facet normal 0 0 1
    outer loop
      vertex 4.80492 2.712 -5.52
      vertex 4.80492 -2.712 -5.52
      vertex 8.448 -2.712 -5.52
    endloop
  endfacet
  facet normal 0 0 1
    outer loop
      vertex 1.351 0.78 -5.52
      vertex 4.80492 2.712 -5.52
      vertex 4.78046 2.76 -5.52
    endloop
  endfacet
  facet normal 0 0 1
    outer loop
      vertex 4.80492 2.712 -5.52
      vertex 1.56 0 -5.52
      vertex 4.80492 -2.712 -5.52
    endloop
  endfacet
  facet normal 0 0 1
    outer loop
      vertex 1.351 0.78 -5.52
      vertex 4.78046 2.76 -5.52
      vertex 4.46578 3.24457 -5.52
    endloop
  endfacet
  facet normal -0 0 1
    outer loop
      vertex 1.55146 -0.163063 -5.52
      vertex 4.80492 -2.712 -5.52
      vertex 1.56 0 -5.52
    endloop
  endfacet
  facet normal 0 0 1
    outer loop
      vertex 1.26206 0.916944 -5.52
      vertex 4.46578 3.24457 -5.52
      vertex 4.10216 3.6936 -5.52
    endloop
  endfacet
  facet normal -0 0 1
    outer loop
      vertex 1.52591 -0.324342 -5.52
      vertex 4.80492 -2.712 -5.52
      vertex 1.55146 -0.163063 -5.52
    endloop
  endfacet
  facet normal 0 0 1
    outer loop
      vertex 1.1593 1.04384 -5.52
      vertex 4.10216 3.6936 -5.52
      vertex 3.6936 4.10216 -5.52
    endloop
  endfacet
  facet normal -0 0 1
    outer loop
      vertex 1.48364 -0.482066 -5.52
      vertex 4.80492 -2.712 -5.52
      vertex 1.52591 -0.324342 -5.52
    endloop
  endfacet
  facet normal 0 0 1
    outer loop
      vertex 1.04384 1.1593 -5.52
      vertex 3.6936 4.10216 -5.52
      vertex 3.24457 4.46578 -5.52
    endloop
  endfacet
  facet normal -0 0 1
    outer loop
      vertex 1.42513 -0.634508 -5.52
      vertex 4.80492 -2.712 -5.52
      vertex 1.48364 -0.482066 -5.52
    endloop
  endfacet
  facet normal 0 0 1
    outer loop
      vertex 0.916944 1.26206 -5.52
      vertex 3.24457 4.46578 -5.52
      vertex 2.76 4.78046 -5.52
    endloop
  endfacet
  facet normal -0 0 1
    outer loop
      vertex 1.351 -0.78 -5.52
      vertex 4.80492 -2.712 -5.52
      vertex 1.42513 -0.634508 -5.52
    endloop
  endfacet
  facet normal 0 0 1
    outer loop
      vertex 0.78 1.351 -5.52
      vertex 2.76 4.78046 -5.52
      vertex 2.24519 5.04277 -5.52
    endloop
  endfacet
  facet normal 0 0 1
    outer loop
      vertex 4.80492 -2.712 -5.52
      vertex 1.351 -0.78 -5.52
      vertex 4.78046 -2.76 -5.52
    endloop
  endfacet
  facet normal 0 0 1
    outer loop
      vertex 0.634508 1.42513 -5.52
      vertex 2.24519 5.04277 -5.52
      vertex 1.70578 5.24983 -5.52
    endloop
  endfacet
  facet normal 0 0 1
    outer loop
      vertex 4.78046 -2.76 -5.52
      vertex 1.351 -0.78 -5.52
      vertex 4.46578 -3.24457 -5.52
    endloop
  endfacet
  facet normal -0 0 1
    outer loop
      vertex 1.26206 -0.916944 -5.52
      vertex 4.46578 -3.24457 -5.52
      vertex 1.351 -0.78 -5.52
    endloop
  endfacet
  facet normal 0 0 1
    outer loop
      vertex 4.80492 2.712 -5.52
      vertex 1.55146 0.163063 -5.52
      vertex 1.56 0 -5.52
    endloop
  endfacet
  facet normal 0 0 1
    outer loop
      vertex 4.80492 2.712 -5.52
      vertex 1.52591 0.324342 -5.52
      vertex 1.55146 0.163063 -5.52
    endloop
  endfacet
  facet normal 0 0 1
    outer loop
      vertex 4.80492 2.712 -5.52
      vertex 1.48364 0.482066 -5.52
      vertex 1.52591 0.324342 -5.52
    endloop
  endfacet
  facet normal 0 0 1
    outer loop
      vertex 4.80492 2.712 -5.52
      vertex 1.42513 0.634508 -5.52
      vertex 1.48364 0.482066 -5.52
    endloop
  endfacet
  facet normal 0 0 1
    outer loop
      vertex 4.80492 2.712 -5.52
      vertex 1.351 0.78 -5.52
      vertex 1.42513 0.634508 -5.52
    endloop
  endfacet
  facet normal 0 0 1
    outer loop
      vertex 4.46578 3.24457 -5.52
      vertex 1.26206 0.916944 -5.52
      vertex 1.351 0.78 -5.52
    endloop
  endfacet
  facet normal 0 0 1
    outer loop
      vertex 4.10216 3.6936 -5.52
      vertex 1.1593 1.04384 -5.52
      vertex 1.26206 0.916944 -5.52
    endloop
  endfacet
  facet normal 0 0 1
    outer loop
      vertex 0.482066 1.48364 -5.52
      vertex 1.70578 5.24983 -5.52
      vertex 1.14767 5.39937 -5.52
    endloop
  endfacet
  facet normal 0 0 1
    outer loop
      vertex 3.6936 4.10216 -5.52
      vertex 1.04384 1.1593 -5.52
      vertex 1.1593 1.04384 -5.52
    endloop
  endfacet
  facet normal 0 0 1
    outer loop
      vertex 3.24457 4.46578 -5.52
      vertex 0.916944 1.26206 -5.52
      vertex 1.04384 1.1593 -5.52
    endloop
  endfacet
  facet normal 0 0 1
    outer loop
      vertex 2.76 4.78046 -5.52
      vertex 0.78 1.351 -5.52
      vertex 0.916944 1.26206 -5.52
    endloop
  endfacet
  facet normal 0 0 1
    outer loop
      vertex 2.24519 5.04277 -5.52
      vertex 0.634508 1.42513 -5.52
      vertex 0.78 1.351 -5.52
    endloop
  endfacet
  facet normal 0 0 1
    outer loop
      vertex 0.324342 1.52591 -5.52
      vertex 1.14767 5.39937 -5.52
      vertex 0.576996 5.48976 -5.52
    endloop
  endfacet
  facet normal 0 0 1
    outer loop
      vertex 1.70578 5.24983 -5.52
      vertex 0.482066 1.48364 -5.52
      vertex 0.634508 1.42513 -5.52
    endloop
  endfacet
  facet normal 0 0 1
    outer loop
      vertex 1.14767 5.39937 -5.52
      vertex 0.324342 1.52591 -5.52
      vertex 0.482066 1.48364 -5.52
    endloop
  endfacet
  facet normal 0 0 1
    outer loop
      vertex 0.576996 5.48976 -5.52
      vertex 0.163063 1.55146 -5.52
      vertex 0.324342 1.52591 -5.52
    endloop
  endfacet
  facet normal 0 0 1
    outer loop
      vertex 0 5.52 -5.52
      vertex 0.163063 1.55146 -5.52
      vertex 0.576996 5.48976 -5.52
    endloop
  endfacet
  facet normal 0 0 1
    outer loop
      vertex 0 5.52 -5.52
      vertex 0 1.56 -5.52
      vertex 0.163063 1.55146 -5.52
    endloop
  endfacet
  facet normal 0 0 1
    outer loop
      vertex 0 5.52 -5.52
      vertex -0.163063 1.55146 -5.52
      vertex 0 1.56 -5.52
    endloop
  endfacet
  facet normal -0 0 1
    outer loop
      vertex -0.576996 5.48976 -5.52
      vertex -0.163063 1.55146 -5.52
      vertex 0 5.52 -5.52
    endloop
  endfacet
  facet normal 0 0 1
    outer loop
      vertex -0.163063 1.55146 -5.52
      vertex -0.576996 5.48976 -5.52
      vertex -0.324342 1.52591 -5.52
    endloop
  endfacet
  facet normal -0 0 1
    outer loop
      vertex -1.14767 5.39937 -5.52
      vertex -0.324342 1.52591 -5.52
      vertex -0.576996 5.48976 -5.52
    endloop
  endfacet
  facet normal 0 0 1
    outer loop
      vertex -0.324342 1.52591 -5.52
      vertex -1.14767 5.39937 -5.52
      vertex -0.482066 1.48364 -5.52
    endloop
  endfacet
  facet normal -0 0 1
    outer loop
      vertex -1.70578 5.24983 -5.52
      vertex -0.482066 1.48364 -5.52
      vertex -1.14767 5.39937 -5.52
    endloop
  endfacet
  facet normal 0 0 1
    outer loop
      vertex -0.482066 1.48364 -5.52
      vertex -1.70578 5.24983 -5.52
      vertex -0.634508 1.42513 -5.52
    endloop
  endfacet
  facet normal -0 0 1
    outer loop
      vertex -2.24519 5.04277 -5.52
      vertex -0.634508 1.42513 -5.52
      vertex -1.70578 5.24983 -5.52
    endloop
  endfacet
  facet normal 0 0 1
    outer loop
      vertex -0.634508 1.42513 -5.52
      vertex -2.24519 5.04277 -5.52
      vertex -0.78 1.351 -5.52
    endloop
  endfacet
  facet normal -0 0 1
    outer loop
      vertex -2.76 4.78046 -5.52
      vertex -0.78 1.351 -5.52
      vertex -2.24519 5.04277 -5.52
    endloop
  endfacet
  facet normal 0 0 1
    outer loop
      vertex -0.78 1.351 -5.52
      vertex -2.76 4.78046 -5.52
      vertex -0.916944 1.26206 -5.52
    endloop
  endfacet
  facet normal -0 0 1
    outer loop
      vertex -3.24457 4.46578 -5.52
      vertex -0.916944 1.26206 -5.52
      vertex -2.76 4.78046 -5.52
    endloop
  endfacet
  facet normal 0 0 1
    outer loop
      vertex -0.916944 1.26206 -5.52
      vertex -3.24457 4.46578 -5.52
      vertex -1.04384 1.1593 -5.52
    endloop
  endfacet
  facet normal -0 0 1
    outer loop
      vertex -3.6936 4.10216 -5.52
      vertex -1.04384 1.1593 -5.52
      vertex -3.24457 4.46578 -5.52
    endloop
  endfacet
  facet normal 0 0 1
    outer loop
      vertex -1.04384 1.1593 -5.52
      vertex -3.6936 4.10216 -5.52
      vertex -1.1593 1.04384 -5.52
    endloop
  endfacet
  facet normal -0 0 1
    outer loop
      vertex -4.10216 3.6936 -5.52
      vertex -1.1593 1.04384 -5.52
      vertex -3.6936 4.10216 -5.52
    endloop
  endfacet
  facet normal -0 0 1
    outer loop
      vertex -4.46578 3.24457 -5.52
      vertex -1.26206 0.916944 -5.52
      vertex -4.10216 3.6936 -5.52
    endloop
  endfacet
  facet normal 0 0 1
    outer loop
      vertex -1.1593 1.04384 -5.52
      vertex -4.10216 3.6936 -5.52
      vertex -1.26206 0.916944 -5.52
    endloop
  endfacet
  facet normal 0 0 1
    outer loop
      vertex 4.46578 -3.24457 -5.52
      vertex 1.26206 -0.916944 -5.52
      vertex 4.10216 -3.6936 -5.52
    endloop
  endfacet
  facet normal -0 0 1
    outer loop
      vertex 1.1593 -1.04384 -5.52
      vertex 4.10216 -3.6936 -5.52
      vertex 1.26206 -0.916944 -5.52
    endloop
  endfacet
  facet normal 0 0 1
    outer loop
      vertex 4.10216 -3.6936 -5.52
      vertex 1.1593 -1.04384 -5.52
      vertex 3.6936 -4.10216 -5.52
    endloop
  endfacet
  facet normal -0 0 1
    outer loop
      vertex 1.04384 -1.1593 -5.52
      vertex 3.6936 -4.10216 -5.52
      vertex 1.1593 -1.04384 -5.52
    endloop
  endfacet
  facet normal 0 0 1
    outer loop
      vertex 3.6936 -4.10216 -5.52
      vertex 1.04384 -1.1593 -5.52
      vertex 3.24457 -4.46578 -5.52
    endloop
  endfacet
  facet normal -0 0 1
    outer loop
      vertex 0.916944 -1.26206 -5.52
      vertex 3.24457 -4.46578 -5.52
      vertex 1.04384 -1.1593 -5.52
    endloop
  endfacet
  facet normal 0 0 1
    outer loop
      vertex 3.24457 -4.46578 -5.52
      vertex 0.916944 -1.26206 -5.52
      vertex 2.76 -4.78046 -5.52
    endloop
  endfacet
  facet normal -0 0 1
    outer loop
      vertex 0.78 -1.351 -5.52
      vertex 2.76 -4.78046 -5.52
      vertex 0.916944 -1.26206 -5.52
    endloop
  endfacet
  facet normal 0 0 1
    outer loop
      vertex 2.76 -4.78046 -5.52
      vertex 0.78 -1.351 -5.52
      vertex 2.24519 -5.04277 -5.52
    endloop
  endfacet
  facet normal -0 0 1
    outer loop
      vertex 0.634508 -1.42513 -5.52
      vertex 2.24519 -5.04277 -5.52
      vertex 0.78 -1.351 -5.52
    endloop
  endfacet
  facet normal 0 0 1
    outer loop
      vertex 2.24519 -5.04277 -5.52
      vertex 0.634508 -1.42513 -5.52
      vertex 1.70578 -5.24983 -5.52
    endloop
  endfacet
  facet normal -0 0 1
    outer loop
      vertex 0.482066 -1.48364 -5.52
      vertex 1.70578 -5.24983 -5.52
      vertex 0.634508 -1.42513 -5.52
    endloop
  endfacet
  facet normal 0 0 1
    outer loop
      vertex 1.70578 -5.24983 -5.52
      vertex 0.482066 -1.48364 -5.52
      vertex 1.14767 -5.39937 -5.52
    endloop
  endfacet
  facet normal -0 0 1
    outer loop
      vertex 0.324342 -1.52591 -5.52
      vertex 1.14767 -5.39937 -5.52
      vertex 0.482066 -1.48364 -5.52
    endloop
  endfacet
  facet normal 0 0 1
    outer loop
      vertex 1.14767 -5.39937 -5.52
      vertex 0.324342 -1.52591 -5.52
      vertex 0.576996 -5.48976 -5.52
    endloop
  endfacet
  facet normal -0 0 1
    outer loop
      vertex 0.163063 -1.55146 -5.52
      vertex 0.576996 -5.48976 -5.52
      vertex 0.324342 -1.52591 -5.52
    endloop
  endfacet
  facet normal -0 0 1
    outer loop
      vertex 0 -1.56 -5.52
      vertex 0.576996 -5.48976 -5.52
      vertex 0.163063 -1.55146 -5.52
    endloop
  endfacet
  facet normal 0 0 1
    outer loop
      vertex 0 -1.56 -5.52
      vertex 0 -5.52 -5.52
      vertex 0.576996 -5.48976 -5.52
    endloop
  endfacet
  facet normal 0 0 1
    outer loop
      vertex -0.163063 -1.55146 -5.52
      vertex 0 -5.52 -5.52
      vertex 0 -1.56 -5.52
    endloop
  endfacet
  facet normal 0 0 1
    outer loop
      vertex -0.576996 -5.48976 -5.52
      vertex -0.163063 -1.55146 -5.52
      vertex -0.324342 -1.52591 -5.52
    endloop
  endfacet
  facet normal 0 0 1
    outer loop
      vertex -1.14767 -5.39937 -5.52
      vertex -0.324342 -1.52591 -5.52
      vertex -0.482066 -1.48364 -5.52
    endloop
  endfacet
  facet normal 0 0 1
    outer loop
      vertex -0.163063 -1.55146 -5.52
      vertex -0.576996 -5.48976 -5.52
      vertex 0 -5.52 -5.52
    endloop
  endfacet
  facet normal 0 0 1
    outer loop
      vertex -1.70578 -5.24983 -5.52
      vertex -0.482066 -1.48364 -5.52
      vertex -0.634508 -1.42513 -5.52
    endloop
  endfacet
  facet normal 0 0 1
    outer loop
      vertex -2.24519 -5.04277 -5.52
      vertex -0.634508 -1.42513 -5.52
      vertex -0.78 -1.351 -5.52
    endloop
  endfacet
  facet normal 0 0 1
    outer loop
      vertex -2.76 -4.78046 -5.52
      vertex -0.78 -1.351 -5.52
      vertex -0.916944 -1.26206 -5.52
    endloop
  endfacet
  facet normal 0 0 1
    outer loop
      vertex -3.24457 -4.46578 -5.52
      vertex -0.916944 -1.26206 -5.52
      vertex -1.04384 -1.1593 -5.52
    endloop
  endfacet
  facet normal 0 0 1
    outer loop
      vertex -0.324342 -1.52591 -5.52
      vertex -1.14767 -5.39937 -5.52
      vertex -0.576996 -5.48976 -5.52
    endloop
  endfacet
  facet normal 0 0 1
    outer loop
      vertex -3.6936 -4.10216 -5.52
      vertex -1.04384 -1.1593 -5.52
      vertex -1.1593 -1.04384 -5.52
    endloop
  endfacet
  facet normal 0 0 1
    outer loop
      vertex -4.10216 -3.6936 -5.52
      vertex -1.1593 -1.04384 -5.52
      vertex -1.26206 -0.916944 -5.52
    endloop
  endfacet
  facet normal 0 0 1
    outer loop
      vertex -4.46578 -3.24457 -5.52
      vertex -1.26206 -0.916944 -5.52
      vertex -1.351 -0.78 -5.52
    endloop
  endfacet
  facet normal 0 0 1
    outer loop
      vertex -4.80492 -2.712 -5.52
      vertex -1.351 -0.78 -5.52
      vertex -1.42513 -0.634508 -5.52
    endloop
  endfacet
  facet normal 0 0 1
    outer loop
      vertex -4.80492 -2.712 -5.52
      vertex -1.42513 -0.634508 -5.52
      vertex -1.48364 -0.482066 -5.52
    endloop
  endfacet
  facet normal 0 0 1
    outer loop
      vertex -4.80492 -2.712 -5.52
      vertex -1.48364 -0.482066 -5.52
      vertex -1.52591 -0.324342 -5.52
    endloop
  endfacet
  facet normal 0 0 1
    outer loop
      vertex -4.80492 -2.712 -5.52
      vertex -1.52591 -0.324342 -5.52
      vertex -1.55146 -0.163063 -5.52
    endloop
  endfacet
  facet normal 0 0 1
    outer loop
      vertex -0.482066 -1.48364 -5.52
      vertex -1.70578 -5.24983 -5.52
      vertex -1.14767 -5.39937 -5.52
    endloop
  endfacet
  facet normal 0 0 1
    outer loop
      vertex -4.80492 -2.712 -5.52
      vertex -1.55146 -0.163063 -5.52
      vertex -1.56 0 -5.52
    endloop
  endfacet
  facet normal 0 0 1
    outer loop
      vertex -1.26206 0.916944 -5.52
      vertex -4.46578 3.24457 -5.52
      vertex -1.351 0.78 -5.52
    endloop
  endfacet
  facet normal -0 0 1
    outer loop
      vertex -4.78046 2.76 -5.52
      vertex -1.351 0.78 -5.52
      vertex -4.46578 3.24457 -5.52
    endloop
  endfacet
  facet normal 0 0 1
    outer loop
      vertex -0.634508 -1.42513 -5.52
      vertex -2.24519 -5.04277 -5.52
      vertex -1.70578 -5.24983 -5.52
    endloop
  endfacet
  facet normal -0 0 1
    outer loop
      vertex -4.80492 2.712 -5.52
      vertex -1.351 0.78 -5.52
      vertex -4.78046 2.76 -5.52
    endloop
  endfacet
  facet normal 0 0 1
    outer loop
      vertex -0.78 -1.351 -5.52
      vertex -2.76 -4.78046 -5.52
      vertex -2.24519 -5.04277 -5.52
    endloop
  endfacet
  facet normal 0 0 1
    outer loop
      vertex -1.351 0.78 -5.52
      vertex -4.80492 2.712 -5.52
      vertex -1.42513 0.634508 -5.52
    endloop
  endfacet
  facet normal 0 0 1
    outer loop
      vertex -0.916944 -1.26206 -5.52
      vertex -3.24457 -4.46578 -5.52
      vertex -2.76 -4.78046 -5.52
    endloop
  endfacet
  facet normal 0 0 1
    outer loop
      vertex -1.42513 0.634508 -5.52
      vertex -4.80492 2.712 -5.52
      vertex -1.48364 0.482066 -5.52
    endloop
  endfacet
  facet normal 0 0 1
    outer loop
      vertex -1.04384 -1.1593 -5.52
      vertex -3.6936 -4.10216 -5.52
      vertex -3.24457 -4.46578 -5.52
    endloop
  endfacet
  facet normal 0 0 1
    outer loop
      vertex -1.48364 0.482066 -5.52
      vertex -4.80492 2.712 -5.52
      vertex -1.52591 0.324342 -5.52
    endloop
  endfacet
  facet normal 0 0 1
    outer loop
      vertex -1.1593 -1.04384 -5.52
      vertex -4.10216 -3.6936 -5.52
      vertex -3.6936 -4.10216 -5.52
    endloop
  endfacet
  facet normal 0 0 1
    outer loop
      vertex -1.52591 0.324342 -5.52
      vertex -4.80492 2.712 -5.52
      vertex -1.55146 0.163063 -5.52
    endloop
  endfacet
  facet normal 0 0 1
    outer loop
      vertex -1.26206 -0.916944 -5.52
      vertex -4.46578 -3.24457 -5.52
      vertex -4.10216 -3.6936 -5.52
    endloop
  endfacet
  facet normal 0 0 1
    outer loop
      vertex -1.55146 0.163063 -5.52
      vertex -4.80492 2.712 -5.52
      vertex -1.56 0 -5.52
    endloop
  endfacet
  facet normal 0 0 1
    outer loop
      vertex -4.80492 -2.712 -5.52
      vertex -1.56 0 -5.52
      vertex -4.80492 2.712 -5.52
    endloop
  endfacet
  facet normal 0 0 1
    outer loop
      vertex -1.351 -0.78 -5.52
      vertex -4.80492 -2.712 -5.52
      vertex -4.78046 -2.76 -5.52
    endloop
  endfacet
  facet normal 0 0 1
    outer loop
      vertex -1.351 -0.78 -5.52
      vertex -4.78046 -2.76 -5.52
      vertex -4.46578 -3.24457 -5.52
    endloop
  endfacet
  facet normal -0 0 1
    outer loop
      vertex -8.448 2.712 -5.52
      vertex -4.80492 -2.712 -5.52
      vertex -4.80492 2.712 -5.52
    endloop
  endfacet
  facet normal 0 0 1
    outer loop
      vertex -8.448 2.712 -5.52
      vertex -8.448 -2.712 -5.52
      vertex -4.80492 -2.712 -5.52
    endloop
  endfacet
  facet normal -0 0 1
    outer loop
      vertex -8.73148 2.69714 -5.52
      vertex -8.448 -2.712 -5.52
      vertex -8.448 2.712 -5.52
    endloop
  endfacet
  facet normal 0 0 1
    outer loop
      vertex -8.73148 2.69714 -5.52
      vertex -8.73148 -2.69714 -5.52
      vertex -8.448 -2.712 -5.52
    endloop
  endfacet
  facet normal -0 0 1
    outer loop
      vertex -9.01186 2.65273 -5.52
      vertex -8.73148 -2.69714 -5.52
      vertex -8.73148 2.69714 -5.52
    endloop
  endfacet
  facet normal 0 0 1
    outer loop
      vertex -9.01186 2.65273 -5.52
      vertex -9.01186 -2.65273 -5.52
      vertex -8.73148 -2.69714 -5.52
    endloop
  endfacet
  facet normal -0 0 1
    outer loop
      vertex -9.28606 2.57927 -5.52
      vertex -9.01186 -2.65273 -5.52
      vertex -9.01186 2.65273 -5.52
    endloop
  endfacet
  facet normal 0 0 1
    outer loop
      vertex -9.28606 2.57927 -5.52
      vertex -9.28606 -2.57927 -5.52
      vertex -9.01186 -2.65273 -5.52
    endloop
  endfacet
  facet normal -0 0 1
    outer loop
      vertex -9.55106 2.47753 -5.52
      vertex -9.28606 -2.57927 -5.52
      vertex -9.28606 2.57927 -5.52
    endloop
  endfacet
  facet normal 0 0 1
    outer loop
      vertex -9.55106 2.47753 -5.52
      vertex -9.55106 -2.47753 -5.52
      vertex -9.28606 -2.57927 -5.52
    endloop
  endfacet
  facet normal -0 0 1
    outer loop
      vertex -9.804 2.34866 -5.52
      vertex -9.55106 -2.47753 -5.52
      vertex -9.55106 2.47753 -5.52
    endloop
  endfacet
  facet normal 0 0 1
    outer loop
      vertex -9.804 2.34866 -5.52
      vertex -9.804 -2.34866 -5.52
      vertex -9.55106 -2.47753 -5.52
    endloop
  endfacet
  facet normal -0 0 1
    outer loop
      vertex -10.0421 2.19406 -5.52
      vertex -9.804 -2.34866 -5.52
      vertex -9.804 2.34866 -5.52
    endloop
  endfacet
  facet normal 0 0 1
    outer loop
      vertex -10.0421 2.19406 -5.52
      vertex -10.0421 -2.19406 -5.52
      vertex -9.804 -2.34866 -5.52
    endloop
  endfacet
  facet normal -0 0 1
    outer loop
      vertex -10.2627 2.01541 -5.52
      vertex -10.0421 -2.19406 -5.52
      vertex -10.0421 2.19406 -5.52
    endloop
  endfacet
  facet normal 0 0 1
    outer loop
      vertex -10.2627 2.01541 -5.52
      vertex -10.2627 -2.01541 -5.52
      vertex -10.0421 -2.19406 -5.52
    endloop
  endfacet
  facet normal -0 0 1
    outer loop
      vertex -10.4634 1.81468 -5.52
      vertex -10.2627 -2.01541 -5.52
      vertex -10.2627 2.01541 -5.52
    endloop
  endfacet
  facet normal 0 0 1
    outer loop
      vertex -10.4634 1.81468 -5.52
      vertex -10.4634 -1.81469 -5.52
      vertex -10.2627 -2.01541 -5.52
    endloop
  endfacet
  facet normal -0 0 1
    outer loop
      vertex -10.6421 1.59407 -5.52
      vertex -10.4634 -1.81469 -5.52
      vertex -10.4634 1.81468 -5.52
    endloop
  endfacet
  facet normal 0 0 1
    outer loop
      vertex -10.6421 1.59407 -5.52
      vertex -10.6421 -1.59408 -5.52
      vertex -10.4634 -1.81469 -5.52
    endloop
  endfacet
  facet normal -0 0 1
    outer loop
      vertex -10.7967 1.356 -5.52
      vertex -10.6421 -1.59408 -5.52
      vertex -10.6421 1.59407 -5.52
    endloop
  endfacet
  facet normal 0 0 1
    outer loop
      vertex -10.7967 1.356 -5.52
      vertex -10.7967 -1.356 -5.52
      vertex -10.6421 -1.59408 -5.52
    endloop
  endfacet
  facet normal -0 0 1
    outer loop
      vertex -10.9255 1.10307 -5.52
      vertex -10.7967 -1.356 -5.52
      vertex -10.7967 1.356 -5.52
    endloop
  endfacet
  facet normal 0 0 1
    outer loop
      vertex -10.9255 1.10307 -5.52
      vertex -10.9255 -1.10307 -5.52
      vertex -10.7967 -1.356 -5.52
    endloop
  endfacet
  facet normal -0 0 1
    outer loop
      vertex -11.0273 0.838053 -5.52
      vertex -10.9255 -1.10307 -5.52
      vertex -10.9255 1.10307 -5.52
    endloop
  endfacet
  facet normal 0 0 1
    outer loop
      vertex -11.0273 0.838053 -5.52
      vertex -11.0273 -0.838055 -5.52
      vertex -10.9255 -1.10307 -5.52
    endloop
  endfacet
  facet normal -0 0 1
    outer loop
      vertex -11.1007 0.563855 -5.52
      vertex -11.0273 -0.838055 -5.52
      vertex -11.0273 0.838053 -5.52
    endloop
  endfacet
  facet normal 0 0 1
    outer loop
      vertex -11.1007 0.563855 -5.52
      vertex -11.1007 -0.563857 -5.52
      vertex -11.0273 -0.838055 -5.52
    endloop
  endfacet
  facet normal -0 0 1
    outer loop
      vertex -11.1451 0.283481 -5.52
      vertex -11.1007 -0.563857 -5.52
      vertex -11.1007 0.563855 -5.52
    endloop
  endfacet
  facet normal 0 0 1
    outer loop
      vertex -11.1451 0.283481 -5.52
      vertex -11.1451 -0.283481 -5.52
      vertex -11.1007 -0.563857 -5.52
    endloop
  endfacet
  facet normal 0 -0 1
    outer loop
      vertex -11.1451 -0.283481 -5.52
      vertex -11.1451 0.283481 -5.52
      vertex -11.16 0 -5.52
    endloop
  endfacet
  facet normal -0.998622 -0.0524884 0
    outer loop
      vertex 11.16 0 -5.52
      vertex 11.1451 0.283481 -5.5
      vertex 11.1451 0.283481 -5.52
    endloop
  endfacet
  facet normal -0.998622 -0.0524884 0
    outer loop
      vertex 11.1451 0.283481 -5.5
      vertex 11.16 0 -5.52
      vertex 11.16 0 -5.5
    endloop
  endfacet
  facet normal -0.891112 -0.453783 0
    outer loop
      vertex 10.9255 1.10307 -5.52
      vertex 10.7967 1.356 -5.5
      vertex 10.7967 1.356 -5.52
    endloop
  endfacet
  facet normal -0.891112 -0.453783 0
    outer loop
      vertex 10.7967 1.356 -5.5
      vertex 10.9255 1.10307 -5.52
      vertex 10.9255 1.10307 -5.5
    endloop
  endfacet
  facet normal -0.965988 0.258585 0
    outer loop
      vertex 11.0273 -0.838055 -5.52
      vertex 11.1007 -0.563857 -5.5
      vertex 11.1007 -0.563857 -5.52
    endloop
  endfacet
  facet normal -0.965988 0.258585 0
    outer loop
      vertex 11.1007 -0.563857 -5.5
      vertex 11.0273 -0.838055 -5.52
      vertex 11.0273 -0.838055 -5.5
    endloop
  endfacet
  facet normal -0.258781 0.965936 0
    outer loop
      vertex 9.28606 -2.57927 -5.52
      vertex 9.01186 -2.65273 -3.6
      vertex 9.28606 -2.57927 -3.6
    endloop
  endfacet
  facet normal -0.258781 0.965936 0
    outer loop
      vertex 9.01186 -2.65273 -3.6
      vertex 9.28606 -2.57927 -5.52
      vertex 9.01186 -2.65273 -5.52
    endloop
  endfacet
  facet normal -0.838688 0.544612 0
    outer loop
      vertex 10.6421 -1.59408 -5.52
      vertex 10.7967 -1.356 -5.5
      vertex 10.7967 -1.356 -5.52
    endloop
  endfacet
  facet normal -0.838688 0.544612 0
    outer loop
      vertex 10.7967 -1.356 -5.5
      vertex 10.6421 -1.59408 -5.52
      vertex 10.6421 -1.59408 -5.5
    endloop
  endfacet
  facet normal -0.0523481 0.998629 0
    outer loop
      vertex 8.73148 -2.69714 -5.52
      vertex 8.448 -2.712 -3.6
      vertex 8.73148 -2.69714 -3.6
    endloop
  endfacet
  facet normal -0.0523481 0.998629 0
    outer loop
      vertex 8.448 -2.712 -3.6
      vertex 8.73148 -2.69714 -5.52
      vertex 8.448 -2.712 -5.52
    endloop
  endfacet
  facet normal -0.453993 0.891005 0
    outer loop
      vertex 9.804 -2.34866 -5.52
      vertex 9.55108 -2.47753 -5.5
      vertex 9.804 -2.34866 -5.5
    endloop
  endfacet
  facet normal -0.453993 0.891005 0
    outer loop
      vertex 9.55108 -2.47753 -5.5
      vertex 9.804 -2.34866 -5.52
      vertex 9.55108 -2.47753 -5.52
    endloop
  endfacet
  facet normal -0.629345 0.777126 0
    outer loop
      vertex 10.2627 -2.01541 -5.52
      vertex 10.0421 -2.19406 -5.5
      vertex 10.2627 -2.01541 -5.5
    endloop
  endfacet
  facet normal -0.629345 0.777126 0
    outer loop
      vertex 10.0421 -2.19406 -5.5
      vertex 10.2627 -2.01541 -5.52
      vertex 10.0421 -2.19406 -5.52
    endloop
  endfacet
  facet normal -0.358402 0.933567 0
    outer loop
      vertex 9.55108 -2.47753 -5.5
      vertex 9.55108 -2.47753 -5.52
      vertex 9.49255 -2.5 -5.5
    endloop
  endfacet
  facet normal -0.358391 0.933571 0
    outer loop
      vertex 9.49255 -2.5 -5.5
      vertex 9.28606 -2.57927 -3.6
      vertex 9.49255 -2.5 -3.6
    endloop
  endfacet
  facet normal -0.358391 0.933571 0
    outer loop
      vertex 9.49255 -2.5 -5.5
      vertex 9.28606 -2.57927 -5.52
      vertex 9.28606 -2.57927 -3.6
    endloop
  endfacet
  facet normal -0.358394 0.933571 2.7688e-05
    outer loop
      vertex 9.28606 -2.57927 -5.52
      vertex 9.49255 -2.5 -5.5
      vertex 9.55108 -2.47753 -5.52
    endloop
  endfacet
  facet normal -0.933498 0.358584 0
    outer loop
      vertex 10.9255 -1.10307 -5.52
      vertex 11.0273 -0.838055 -5.5
      vertex 11.0273 -0.838055 -5.52
    endloop
  endfacet
  facet normal -0.933498 0.358584 0
    outer loop
      vertex 11.0273 -0.838055 -5.5
      vertex 10.9255 -1.10307 -5.52
      vertex 10.9255 -1.10307 -5.5
    endloop
  endfacet
  facet normal -0.707142 0.707072 0
    outer loop
      vertex 10.2627 -2.01541 -5.52
      vertex 10.4634 -1.81469 -5.5
      vertex 10.4634 -1.81469 -5.52
    endloop
  endfacet
  facet normal -0.707142 0.707072 0
    outer loop
      vertex 10.4634 -1.81469 -5.5
      vertex 10.2627 -2.01541 -5.52
      vertex 10.2627 -2.01541 -5.5
    endloop
  endfacet
  facet normal -0.156442 0.987687 0
    outer loop
      vertex 9.01186 -2.65273 -5.52
      vertex 8.73148 -2.69714 -3.6
      vertex 9.01186 -2.65273 -3.6
    endloop
  endfacet
  facet normal -0.156442 0.987687 0
    outer loop
      vertex 8.73148 -2.69714 -3.6
      vertex 9.01186 -2.65273 -5.52
      vertex 8.73148 -2.69714 -5.52
    endloop
  endfacet
  facet normal -0.54458 0.838709 0
    outer loop
      vertex 10.0421 -2.19406 -5.52
      vertex 9.804 -2.34866 -5.5
      vertex 10.0421 -2.19406 -5.5
    endloop
  endfacet
  facet normal -0.54458 0.838709 0
    outer loop
      vertex 9.804 -2.34866 -5.5
      vertex 10.0421 -2.19406 -5.52
      vertex 9.804 -2.34866 -5.52
    endloop
  endfacet
  facet normal -0.891112 0.453783 0
    outer loop
      vertex 10.7967 -1.356 -5.52
      vertex 10.9255 -1.10307 -5.5
      vertex 10.9255 -1.10307 -5.52
    endloop
  endfacet
  facet normal -0.891112 0.453783 0
    outer loop
      vertex 10.9255 -1.10307 -5.5
      vertex 10.7967 -1.356 -5.52
      vertex 10.7967 -1.356 -5.5
    endloop
  endfacet
  facet normal -0.777054 0.629434 0
    outer loop
      vertex 10.4634 -1.81469 -5.52
      vertex 10.6421 -1.59408 -5.5
      vertex 10.6421 -1.59408 -5.52
    endloop
  endfacet
  facet normal -0.777054 0.629434 0
    outer loop
      vertex 10.6421 -1.59408 -5.5
      vertex 10.4634 -1.81469 -5.52
      vertex 10.4634 -1.81469 -5.5
    endloop
  endfacet
  facet normal 0 -1 0
    outer loop
      vertex 4.80492 2.712 -5.52
      vertex 8.448 2.712 -3.6
      vertex 4.80492 2.712 -3.6
    endloop
  endfacet
  facet normal 0 -1 -0
    outer loop
      vertex 8.448 2.712 -3.6
      vertex 4.80492 2.712 -5.52
      vertex 8.448 2.712 -5.52
    endloop
  endfacet
  facet normal 0 -1 0
    outer loop
      vertex -8.448 2.712 -5.52
      vertex -4.80492 2.712 -3.6
      vertex -8.448 2.712 -3.6
    endloop
  endfacet
  facet normal 0 -1 -0
    outer loop
      vertex -4.80492 2.712 -3.6
      vertex -8.448 2.712 -5.52
      vertex -4.80492 2.712 -5.52
    endloop
  endfacet
  facet normal 0 1 -0
    outer loop
      vertex 8.448 -2.712 -5.52
      vertex 4.80492 -2.712 -3.6
      vertex 8.448 -2.712 -3.6
    endloop
  endfacet
  facet normal 0 1 0
    outer loop
      vertex 4.80492 -2.712 -3.6
      vertex 8.448 -2.712 -5.52
      vertex 4.80492 -2.712 -5.52
    endloop
  endfacet
  facet normal 0 1 -0
    outer loop
      vertex -4.80492 -2.712 -5.52
      vertex -8.448 -2.712 -3.6
      vertex -4.80492 -2.712 -3.6
    endloop
  endfacet
  facet normal 0 1 0
    outer loop
      vertex -8.448 -2.712 -3.6
      vertex -4.80492 -2.712 -5.52
      vertex -8.448 -2.712 -5.52
    endloop
  endfacet
  facet normal 0.933498 0.358584 0
    outer loop
      vertex -10.9255 -1.10307 -5.5
      vertex -11.0273 -0.838055 -5.52
      vertex -11.0273 -0.838055 -5.5
    endloop
  endfacet
  facet normal 0.933498 0.358584 0
    outer loop
      vertex -11.0273 -0.838055 -5.52
      vertex -10.9255 -1.10307 -5.5
      vertex -10.9255 -1.10307 -5.52
    endloop
  endfacet
  facet normal 0.998622 0.0524884 0
    outer loop
      vertex -11.1451 -0.283481 -5.5
      vertex -11.16 0 -5.52
      vertex -11.16 0 -5.5
    endloop
  endfacet
  facet normal 0.998622 0.0524884 0
    outer loop
      vertex -11.16 0 -5.52
      vertex -11.1451 -0.283481 -5.5
      vertex -11.1451 -0.283481 -5.52
    endloop
  endfacet
  facet normal 0.838688 0.544612 0
    outer loop
      vertex -10.6421 -1.59408 -5.5
      vertex -10.7967 -1.356 -5.52
      vertex -10.7967 -1.356 -5.5
    endloop
  endfacet
  facet normal 0.838688 0.544612 0
    outer loop
      vertex -10.7967 -1.356 -5.52
      vertex -10.6421 -1.59408 -5.5
      vertex -10.6421 -1.59408 -5.52
    endloop
  endfacet
  facet normal 0.987692 -0.156411 0
    outer loop
      vertex -11.1451 0.283481 -5.5
      vertex -11.1007 0.563855 -5.52
      vertex -11.1007 0.563855 -5.5
    endloop
  endfacet
  facet normal 0.987692 -0.156411 0
    outer loop
      vertex -11.1007 0.563855 -5.52
      vertex -11.1451 0.283481 -5.5
      vertex -11.1451 0.283481 -5.52
    endloop
  endfacet
  facet normal 0.965988 -0.258585 0
    outer loop
      vertex -11.1007 0.563855 -5.5
      vertex -11.0273 0.838053 -5.52
      vertex -11.0273 0.838053 -5.5
    endloop
  endfacet
  facet normal 0.965988 -0.258585 0
    outer loop
      vertex -11.0273 0.838053 -5.52
      vertex -11.1007 0.563855 -5.5
      vertex -11.1007 0.563855 -5.52
    endloop
  endfacet
  facet normal 0.998622 -0.0524884 0
    outer loop
      vertex -11.16 0 -5.5
      vertex -11.1451 0.283481 -5.52
      vertex -11.1451 0.283481 -5.5
    endloop
  endfacet
  facet normal 0.998622 -0.0524884 0
    outer loop
      vertex -11.1451 0.283481 -5.52
      vertex -11.16 0 -5.5
      vertex -11.16 0 -5.52
    endloop
  endfacet
  facet normal 0.156442 0.987687 -0
    outer loop
      vertex -8.73148 -2.69714 -5.52
      vertex -9.01186 -2.65273 -3.6
      vertex -8.73148 -2.69714 -3.6
    endloop
  endfacet
  facet normal 0.156442 0.987687 0
    outer loop
      vertex -9.01186 -2.65273 -3.6
      vertex -8.73148 -2.69714 -5.52
      vertex -9.01186 -2.65273 -5.52
    endloop
  endfacet
  facet normal 0.965988 0.258585 0
    outer loop
      vertex -11.0273 -0.838055 -5.5
      vertex -11.1007 -0.563857 -5.52
      vertex -11.1007 -0.563857 -5.5
    endloop
  endfacet
  facet normal 0.965988 0.258585 0
    outer loop
      vertex -11.1007 -0.563857 -5.52
      vertex -11.0273 -0.838055 -5.5
      vertex -11.0273 -0.838055 -5.52
    endloop
  endfacet
  facet normal 0.258781 0.965936 -0
    outer loop
      vertex -9.01186 -2.65273 -5.52
      vertex -9.28606 -2.57927 -3.6
      vertex -9.01186 -2.65273 -3.6
    endloop
  endfacet
  facet normal 0.258781 0.965936 0
    outer loop
      vertex -9.28606 -2.57927 -3.6
      vertex -9.01186 -2.65273 -5.52
      vertex -9.28606 -2.57927 -5.52
    endloop
  endfacet
  facet normal 0.358406 0.933566 0
    outer loop
      vertex -9.28606 -2.57927 -3.6
      vertex -9.49254 -2.5 -5.5
      vertex -9.49254 -2.5 -3.6
    endloop
  endfacet
  facet normal 0.358406 0.933566 -0
    outer loop
      vertex -9.28606 -2.57927 -5.52
      vertex -9.49254 -2.5 -5.5
      vertex -9.28606 -2.57927 -3.6
    endloop
  endfacet
  facet normal 0.358417 0.933562 0.000127739
    outer loop
      vertex -9.55106 -2.47753 -5.52
      vertex -9.49254 -2.5 -5.5
      vertex -9.28606 -2.57927 -5.52
    endloop
  endfacet
  facet normal 0.358455 0.933547 0
    outer loop
      vertex -9.49254 -2.5 -5.5
      vertex -9.55106 -2.47753 -5.52
      vertex -9.55106 -2.47753 -5.5
    endloop
  endfacet
  facet normal 0.777054 0.629434 0
    outer loop
      vertex -10.4634 -1.81469 -5.5
      vertex -10.6421 -1.59408 -5.52
      vertex -10.6421 -1.59408 -5.5
    endloop
  endfacet
  facet normal 0.777054 0.629434 0
    outer loop
      vertex -10.6421 -1.59408 -5.52
      vertex -10.4634 -1.81469 -5.5
      vertex -10.4634 -1.81469 -5.52
    endloop
  endfacet
  facet normal 0.707142 0.707072 -0
    outer loop
      vertex -10.2627 -2.01541 -5.52
      vertex -10.4634 -1.81469 -5.5
      vertex -10.2627 -2.01541 -5.5
    endloop
  endfacet
  facet normal 0.707142 0.707072 0
    outer loop
      vertex -10.4634 -1.81469 -5.5
      vertex -10.2627 -2.01541 -5.52
      vertex -10.4634 -1.81469 -5.52
    endloop
  endfacet
  facet normal 0.54458 0.838709 -0
    outer loop
      vertex -9.804 -2.34866 -5.52
      vertex -10.0421 -2.19406 -5.5
      vertex -9.804 -2.34866 -5.5
    endloop
  endfacet
  facet normal 0.54458 0.838709 0
    outer loop
      vertex -10.0421 -2.19406 -5.5
      vertex -9.804 -2.34866 -5.52
      vertex -10.0421 -2.19406 -5.52
    endloop
  endfacet
  facet normal 0.891112 0.453783 0
    outer loop
      vertex -10.7967 -1.356 -5.5
      vertex -10.9255 -1.10307 -5.52
      vertex -10.9255 -1.10307 -5.5
    endloop
  endfacet
  facet normal 0.891112 0.453783 0
    outer loop
      vertex -10.9255 -1.10307 -5.52
      vertex -10.7967 -1.356 -5.5
      vertex -10.7967 -1.356 -5.52
    endloop
  endfacet
  facet normal 0.0523481 0.998629 -0
    outer loop
      vertex -8.448 -2.712 -5.52
      vertex -8.73148 -2.69714 -3.6
      vertex -8.448 -2.712 -3.6
    endloop
  endfacet
  facet normal 0.0523481 0.998629 0
    outer loop
      vertex -8.73148 -2.69714 -3.6
      vertex -8.448 -2.712 -5.52
      vertex -8.73148 -2.69714 -5.52
    endloop
  endfacet
  facet normal 0.987692 0.15641 0
    outer loop
      vertex -11.1007 -0.563857 -5.5
      vertex -11.1451 -0.283481 -5.52
      vertex -11.1451 -0.283481 -5.5
    endloop
  endfacet
  facet normal 0.987692 0.15641 0
    outer loop
      vertex -11.1451 -0.283481 -5.52
      vertex -11.1007 -0.563857 -5.5
      vertex -11.1007 -0.563857 -5.52
    endloop
  endfacet
  facet normal 0.453964 0.89102 -0
    outer loop
      vertex -9.55106 -2.47753 -5.52
      vertex -9.804 -2.34866 -5.5
      vertex -9.55106 -2.47753 -5.5
    endloop
  endfacet
  facet normal 0.453964 0.89102 0
    outer loop
      vertex -9.804 -2.34866 -5.5
      vertex -9.55106 -2.47753 -5.52
      vertex -9.804 -2.34866 -5.52
    endloop
  endfacet
  facet normal 0.629345 0.777126 -0
    outer loop
      vertex -10.0421 -2.19406 -5.52
      vertex -10.2627 -2.01541 -5.5
      vertex -10.0421 -2.19406 -5.5
    endloop
  endfacet
  facet normal 0.629345 0.777126 0
    outer loop
      vertex -10.2627 -2.01541 -5.5
      vertex -10.0421 -2.19406 -5.52
      vertex -10.2627 -2.01541 -5.52
    endloop
  endfacet
  facet normal 0.54458 -0.838709 0
    outer loop
      vertex -10.0421 2.19406 -5.52
      vertex -9.804 2.34866 -5.5
      vertex -10.0421 2.19406 -5.5
    endloop
  endfacet
  facet normal 0.54458 -0.838709 0
    outer loop
      vertex -9.804 2.34866 -5.5
      vertex -10.0421 2.19406 -5.52
      vertex -9.804 2.34866 -5.52
    endloop
  endfacet
  facet normal 0.891112 -0.453783 0
    outer loop
      vertex -10.9255 1.10307 -5.5
      vertex -10.7967 1.356 -5.52
      vertex -10.7967 1.356 -5.5
    endloop
  endfacet
  facet normal 0.891112 -0.453783 0
    outer loop
      vertex -10.7967 1.356 -5.52
      vertex -10.9255 1.10307 -5.5
      vertex -10.9255 1.10307 -5.52
    endloop
  endfacet
  facet normal 0.838678 -0.544628 0
    outer loop
      vertex -10.7967 1.356 -5.5
      vertex -10.6421 1.59407 -5.52
      vertex -10.6421 1.59407 -5.5
    endloop
  endfacet
  facet normal 0.838678 -0.544628 0
    outer loop
      vertex -10.6421 1.59407 -5.52
      vertex -10.7967 1.356 -5.5
      vertex -10.7967 1.356 -5.52
    endloop
  endfacet
  facet normal 0.258781 -0.965936 0
    outer loop
      vertex -9.28606 2.57927 -5.52
      vertex -9.01186 2.65273 -3.6
      vertex -9.28606 2.57927 -3.6
    endloop
  endfacet
  facet normal 0.258781 -0.965936 0
    outer loop
      vertex -9.01186 2.65273 -3.6
      vertex -9.28606 2.57927 -5.52
      vertex -9.01186 2.65273 -5.52
    endloop
  endfacet
  facet normal 0.933498 -0.358581 0
    outer loop
      vertex -11.0273 0.838053 -5.5
      vertex -10.9255 1.10307 -5.52
      vertex -10.9255 1.10307 -5.5
    endloop
  endfacet
  facet normal 0.933498 -0.358581 0
    outer loop
      vertex -10.9255 1.10307 -5.52
      vertex -11.0273 0.838053 -5.5
      vertex -11.0273 0.838053 -5.52
    endloop
  endfacet
  facet normal 0.70716 -0.707054 0
    outer loop
      vertex -10.4634 1.81468 -5.5
      vertex -10.2627 2.01541 -5.52
      vertex -10.2627 2.01541 -5.5
    endloop
  endfacet
  facet normal 0.70716 -0.707054 0
    outer loop
      vertex -10.2627 2.01541 -5.52
      vertex -10.4634 1.81468 -5.5
      vertex -10.4634 1.81468 -5.52
    endloop
  endfacet
  facet normal 0.777054 -0.629434 0
    outer loop
      vertex -10.6421 1.59407 -5.5
      vertex -10.4634 1.81468 -5.52
      vertex -10.4634 1.81468 -5.5
    endloop
  endfacet
  facet normal 0.777054 -0.629434 0
    outer loop
      vertex -10.4634 1.81468 -5.52
      vertex -10.6421 1.59407 -5.5
      vertex -10.6421 1.59407 -5.52
    endloop
  endfacet
  facet normal 0.629345 -0.777126 0
    outer loop
      vertex -10.2627 2.01541 -5.52
      vertex -10.0421 2.19406 -5.5
      vertex -10.2627 2.01541 -5.5
    endloop
  endfacet
  facet normal 0.629345 -0.777126 0
    outer loop
      vertex -10.0421 2.19406 -5.5
      vertex -10.2627 2.01541 -5.52
      vertex -10.0421 2.19406 -5.52
    endloop
  endfacet
  facet normal 0.453964 -0.89102 0
    outer loop
      vertex -9.804 2.34866 -5.52
      vertex -9.55106 2.47753 -5.5
      vertex -9.804 2.34866 -5.5
    endloop
  endfacet
  facet normal 0.453964 -0.89102 0
    outer loop
      vertex -9.55106 2.47753 -5.5
      vertex -9.804 2.34866 -5.52
      vertex -9.55106 2.47753 -5.52
    endloop
  endfacet
  facet normal 0.358455 -0.933547 0
    outer loop
      vertex -9.55106 2.47753 -5.5
      vertex -9.55106 2.47753 -5.52
      vertex -9.49254 2.5 -5.5
    endloop
  endfacet
  facet normal 0.358406 -0.933566 0
    outer loop
      vertex -9.49254 2.5 -5.5
      vertex -9.28606 2.57927 -3.6
      vertex -9.49254 2.5 -3.6
    endloop
  endfacet
  facet normal 0.358406 -0.933566 0
    outer loop
      vertex -9.49254 2.5 -5.5
      vertex -9.28606 2.57927 -5.52
      vertex -9.28606 2.57927 -3.6
    endloop
  endfacet
  facet normal 0.358417 -0.933562 0.000127739
    outer loop
      vertex -9.28606 2.57927 -5.52
      vertex -9.49254 2.5 -5.5
      vertex -9.55106 2.47753 -5.52
    endloop
  endfacet
  facet normal 0.156442 -0.987687 0
    outer loop
      vertex -9.01186 2.65273 -5.52
      vertex -8.73148 2.69714 -3.6
      vertex -9.01186 2.65273 -3.6
    endloop
  endfacet
  facet normal 0.156442 -0.987687 0
    outer loop
      vertex -8.73148 2.69714 -3.6
      vertex -9.01186 2.65273 -5.52
      vertex -8.73148 2.69714 -5.52
    endloop
  endfacet
  facet normal 0.0523481 -0.998629 0
    outer loop
      vertex -8.73148 2.69714 -5.52
      vertex -8.448 2.712 -3.6
      vertex -8.73148 2.69714 -3.6
    endloop
  endfacet
  facet normal 0.0523481 -0.998629 0
    outer loop
      vertex -8.448 2.712 -3.6
      vertex -8.73148 2.69714 -5.52
      vertex -8.448 2.712 -5.52
    endloop
  endfacet
  facet normal 0.544411 -0.838819 0
    outer loop
      vertex -1.14618 11.7776 -6.6
      vertex -0.974999 11.8887 -3.6
      vertex -1.14618 11.7776 -3.6
    endloop
  endfacet
  facet normal 0.544411 -0.838819 0
    outer loop
      vertex -0.974999 11.8887 -3.6
      vertex -1.14618 11.7776 -6.6
      vertex -0.974999 11.8887 -6.6
    endloop
  endfacet
  facet normal -0.454133 -0.890934 0
    outer loop
      vertex 0.793136 11.9814 -6.6
      vertex 0.974998 11.8887 -3.6
      vertex 0.793136 11.9814 -3.6
    endloop
  endfacet
  facet normal -0.454133 -0.890934 -0
    outer loop
      vertex 0.974998 11.8887 -3.6
      vertex 0.793136 11.9814 -6.6
      vertex 0.974998 11.8887 -6.6
    endloop
  endfacet
  facet normal -0.933541 -0.35847 0
    outer loop
      vertex 1.85456 10.8026 -6.6
      vertex 1.78141 10.9931 -3.6
      vertex 1.78141 10.9931 -6.6
    endloop
  endfacet
  facet normal -0.933541 -0.35847 0
    outer loop
      vertex 1.78141 10.9931 -3.6
      vertex 1.85456 10.8026 -6.6
      vertex 1.85456 10.8026 -3.6
    endloop
  endfacet
  facet normal -0.358381 0.933575 0
    outer loop
      vertex 0.793136 8.41859 -6.6
      vertex 0.602582 8.34544 -3.6
      vertex 0.793136 8.41859 -3.6
    endloop
  endfacet
  facet normal -0.358381 0.933575 0
    outer loop
      vertex 0.602582 8.34544 -3.6
      vertex 0.793136 8.41859 -6.6
      vertex 0.602582 8.34544 -6.6
    endloop
  endfacet
  facet normal 0.891051 -0.453902 0
    outer loop
      vertex -1.78141 10.9931 -3.6
      vertex -1.68875 11.175 -6.6
      vertex -1.68875 11.175 -3.6
    endloop
  endfacet
  facet normal 0.891051 -0.453902 0
    outer loop
      vertex -1.68875 11.175 -6.6
      vertex -1.78141 10.9931 -3.6
      vertex -1.78141 10.9931 -6.6
    endloop
  endfacet
  facet normal 0.83869 -0.544609 0
    outer loop
      vertex -1.68875 11.175 -3.6
      vertex -1.57758 11.3462 -6.6
      vertex -1.57758 11.3462 -3.6
    endloop
  endfacet
  facet normal 0.83869 -0.544609 0
    outer loop
      vertex -1.57758 11.3462 -6.6
      vertex -1.68875 11.175 -3.6
      vertex -1.68875 11.175 -6.6
    endloop
  endfacet
  facet normal 0.358595 -0.933493 0
    outer loop
      vertex -0.793136 11.9814 -6.6
      vertex -0.602582 12.0546 -3.6
      vertex -0.793136 11.9814 -3.6
    endloop
  endfacet
  facet normal 0.358595 -0.933493 0
    outer loop
      vertex -0.602582 12.0546 -3.6
      vertex -0.793136 11.9814 -6.6
      vertex -0.602582 12.0546 -6.6
    endloop
  endfacet
  facet normal -0.83869 -0.544609 0
    outer loop
      vertex 1.68875 11.175 -6.6
      vertex 1.57758 11.3462 -3.6
      vertex 1.57758 11.3462 -6.6
    endloop
  endfacet
  facet normal -0.83869 -0.544609 0
    outer loop
      vertex 1.57758 11.3462 -3.6
      vertex 1.68875 11.175 -6.6
      vertex 1.68875 11.175 -3.6
    endloop
  endfacet
  facet normal -0.258693 -0.96596 0
    outer loop
      vertex 0.405427 12.1074 -6.6
      vertex 0.602582 12.0546 -3.6
      vertex 0.405427 12.1074 -3.6
    endloop
  endfacet
  facet normal -0.258693 -0.96596 -0
    outer loop
      vertex 0.602582 12.0546 -3.6
      vertex 0.405427 12.1074 -6.6
      vertex 0.602582 12.0546 -6.6
    endloop
  endfacet
  facet normal 0.99863 0.0523248 0
    outer loop
      vertex -1.93932 9.99617 -3.6
      vertex -1.95 10.2 -6.6
      vertex -1.95 10.2 -3.6
    endloop
  endfacet
  facet normal 0.99863 0.0523248 0
    outer loop
      vertex -1.95 10.2 -6.6
      vertex -1.93932 9.99617 -3.6
      vertex -1.93932 9.99617 -6.6
    endloop
  endfacet
  facet normal 0.838661 0.544654 0
    outer loop
      vertex -1.57758 9.05382 -3.6
      vertex -1.68875 9.225 -6.6
      vertex -1.68875 9.225 -3.6
    endloop
  endfacet
  facet normal 0.838661 0.544654 0
    outer loop
      vertex -1.68875 9.225 -6.6
      vertex -1.57758 9.05382 -3.6
      vertex -1.57758 9.05382 -6.6
    endloop
  endfacet
  facet normal -0.0523251 0.99863 0
    outer loop
      vertex 0.203829 8.26068 -6.6
      vertex 0 8.25 -3.6
      vertex 0.203829 8.26068 -3.6
    endloop
  endfacet
  facet normal -0.0523251 0.99863 0
    outer loop
      vertex 0 8.25 -3.6
      vertex 0.203829 8.26068 -6.6
      vertex 0 8.25 -6.6
    endloop
  endfacet
  facet normal -0.544652 0.838662 0
    outer loop
      vertex 1.14618 8.62242 -6.6
      vertex 0.974999 8.51125 -3.6
      vertex 1.14618 8.62242 -3.6
    endloop
  endfacet
  facet normal -0.544652 0.838662 0
    outer loop
      vertex 0.974999 8.51125 -3.6
      vertex 1.14618 8.62242 -6.6
      vertex 0.974999 8.51125 -6.6
    endloop
  endfacet
  facet normal -0.965921 0.258836 0
    outer loop
      vertex 1.85456 9.59742 -6.6
      vertex 1.90739 9.79457 -3.6
      vertex 1.90739 9.79457 -6.6
    endloop
  endfacet
  facet normal -0.965921 0.258836 0
    outer loop
      vertex 1.90739 9.79457 -3.6
      vertex 1.85456 9.59742 -6.6
      vertex 1.85456 9.59742 -3.6
    endloop
  endfacet
  facet normal 0.987689 -0.156433 0
    outer loop
      vertex -1.93932 10.4038 -3.6
      vertex -1.90739 10.6054 -6.6
      vertex -1.90739 10.6054 -3.6
    endloop
  endfacet
  facet normal 0.987689 -0.156433 0
    outer loop
      vertex -1.90739 10.6054 -6.6
      vertex -1.93932 10.4038 -3.6
      vertex -1.93932 10.4038 -6.6
    endloop
  endfacet
  facet normal 0.965938 -0.258775 0
    outer loop
      vertex -1.90739 10.6054 -3.6
      vertex -1.85456 10.8026 -6.6
      vertex -1.85456 10.8026 -3.6
    endloop
  endfacet
  facet normal 0.965938 -0.258775 0
    outer loop
      vertex -1.85456 10.8026 -6.6
      vertex -1.90739 10.6054 -3.6
      vertex -1.90739 10.6054 -6.6
    endloop
  endfacet
  facet normal 0.933541 -0.35847 0
    outer loop
      vertex -1.85456 10.8026 -3.6
      vertex -1.78141 10.9931 -6.6
      vertex -1.78141 10.9931 -3.6
    endloop
  endfacet
  facet normal 0.933541 -0.35847 0
    outer loop
      vertex -1.78141 10.9931 -6.6
      vertex -1.85456 10.8026 -3.6
      vertex -1.85456 10.8026 -6.6
    endloop
  endfacet
  facet normal 0.707058 -0.707156 0
    outer loop
      vertex -1.44913 11.5048 -6.6
      vertex -1.30481 11.6491 -3.6
      vertex -1.44913 11.5048 -3.6
    endloop
  endfacet
  facet normal 0.707058 -0.707156 0
    outer loop
      vertex -1.30481 11.6491 -3.6
      vertex -1.44913 11.5048 -6.6
      vertex -1.30481 11.6491 -6.6
    endloop
  endfacet
  facet normal 0.777102 -0.629374 0
    outer loop
      vertex -1.57758 11.3462 -3.6
      vertex -1.44913 11.5048 -6.6
      vertex -1.44913 11.5048 -3.6
    endloop
  endfacet
  facet normal 0.777102 -0.629374 0
    outer loop
      vertex -1.44913 11.5048 -6.6
      vertex -1.57758 11.3462 -3.6
      vertex -1.57758 11.3462 -6.6
    endloop
  endfacet
  facet normal 0.62945 -0.777041 0
    outer loop
      vertex -1.30481 11.6491 -6.6
      vertex -1.14618 11.7776 -3.6
      vertex -1.30481 11.6491 -3.6
    endloop
  endfacet
  facet normal 0.62945 -0.777041 0
    outer loop
      vertex -1.14618 11.7776 -3.6
      vertex -1.30481 11.6491 -6.6
      vertex -1.14618 11.7776 -6.6
    endloop
  endfacet
  facet normal -0.0524228 -0.998625 0
    outer loop
      vertex 0 12.15 -6.6
      vertex 0.203829 12.1393 -3.6
      vertex 0 12.15 -3.6
    endloop
  endfacet
  facet normal -0.0524228 -0.998625 -0
    outer loop
      vertex 0.203829 12.1393 -3.6
      vertex 0 12.15 -6.6
      vertex 0.203829 12.1393 -6.6
    endloop
  endfacet
  facet normal 0.454131 -0.890935 0
    outer loop
      vertex -0.974999 11.8887 -6.6
      vertex -0.793136 11.9814 -3.6
      vertex -0.974999 11.8887 -3.6
    endloop
  endfacet
  facet normal 0.454131 -0.890935 0
    outer loop
      vertex -0.793136 11.9814 -3.6
      vertex -0.974999 11.8887 -6.6
      vertex -0.793136 11.9814 -6.6
    endloop
  endfacet
  facet normal 0.258693 -0.96596 0
    outer loop
      vertex -0.602582 12.0546 -6.6
      vertex -0.405427 12.1074 -3.6
      vertex -0.602582 12.0546 -3.6
    endloop
  endfacet
  facet normal 0.258693 -0.96596 0
    outer loop
      vertex -0.405427 12.1074 -3.6
      vertex -0.602582 12.0546 -6.6
      vertex -0.405427 12.1074 -6.6
    endloop
  endfacet
  facet normal 0.156291 -0.987711 0
    outer loop
      vertex -0.405427 12.1074 -6.6
      vertex -0.203829 12.1393 -3.6
      vertex -0.405427 12.1074 -3.6
    endloop
  endfacet
  facet normal 0.156291 -0.987711 0
    outer loop
      vertex -0.203829 12.1393 -3.6
      vertex -0.405427 12.1074 -6.6
      vertex -0.203829 12.1393 -6.6
    endloop
  endfacet
  facet normal -0.99863 0.0523248 0
    outer loop
      vertex 1.93932 9.99617 -6.6
      vertex 1.95 10.2 -3.6
      vertex 1.95 10.2 -6.6
    endloop
  endfacet
  facet normal -0.99863 0.0523248 0
    outer loop
      vertex 1.95 10.2 -3.6
      vertex 1.93932 9.99617 -6.6
      vertex 1.93932 9.99617 -3.6
    endloop
  endfacet
  facet normal -0.965938 -0.258775 0
    outer loop
      vertex 1.90739 10.6054 -6.6
      vertex 1.85456 10.8026 -3.6
      vertex 1.85456 10.8026 -6.6
    endloop
  endfacet
  facet normal -0.965938 -0.258775 0
    outer loop
      vertex 1.85456 10.8026 -3.6
      vertex 1.90739 10.6054 -6.6
      vertex 1.90739 10.6054 -3.6
    endloop
  endfacet
  facet normal -0.987689 -0.156433 0
    outer loop
      vertex 1.93932 10.4038 -6.6
      vertex 1.90739 10.6054 -3.6
      vertex 1.90739 10.6054 -6.6
    endloop
  endfacet
  facet normal -0.987689 -0.156433 0
    outer loop
      vertex 1.90739 10.6054 -3.6
      vertex 1.93932 10.4038 -6.6
      vertex 1.93932 10.4038 -3.6
    endloop
  endfacet
  facet normal -0.891051 -0.453902 0
    outer loop
      vertex 1.78141 10.9931 -6.6
      vertex 1.68875 11.175 -3.6
      vertex 1.68875 11.175 -6.6
    endloop
  endfacet
  facet normal -0.891051 -0.453902 0
    outer loop
      vertex 1.68875 11.175 -3.6
      vertex 1.78141 10.9931 -6.6
      vertex 1.78141 10.9931 -3.6
    endloop
  endfacet
  facet normal -0.358595 -0.933493 0
    outer loop
      vertex 0.602582 12.0546 -6.6
      vertex 0.793136 11.9814 -3.6
      vertex 0.602582 12.0546 -3.6
    endloop
  endfacet
  facet normal -0.358595 -0.933493 -0
    outer loop
      vertex 0.793136 11.9814 -3.6
      vertex 0.602582 12.0546 -6.6
      vertex 0.793136 11.9814 -6.6
    endloop
  endfacet
  facet normal -0.156291 -0.987711 0
    outer loop
      vertex 0.203829 12.1393 -6.6
      vertex 0.405427 12.1074 -3.6
      vertex 0.203829 12.1393 -3.6
    endloop
  endfacet
  facet normal -0.156291 -0.987711 -0
    outer loop
      vertex 0.405427 12.1074 -3.6
      vertex 0.203829 12.1393 -6.6
      vertex 0.405427 12.1074 -6.6
    endloop
  endfacet
  facet normal -0.62945 -0.777041 0
    outer loop
      vertex 1.14618 11.7776 -6.6
      vertex 1.30481 11.6491 -3.6
      vertex 1.14618 11.7776 -3.6
    endloop
  endfacet
  facet normal -0.62945 -0.777041 -0
    outer loop
      vertex 1.30481 11.6491 -3.6
      vertex 1.14618 11.7776 -6.6
      vertex 1.30481 11.6491 -6.6
    endloop
  endfacet
  facet normal -0.707058 -0.707156 0
    outer loop
      vertex 1.30481 11.6491 -6.6
      vertex 1.44913 11.5048 -3.6
      vertex 1.30481 11.6491 -3.6
    endloop
  endfacet
  facet normal -0.707058 -0.707156 -0
    outer loop
      vertex 1.44913 11.5048 -3.6
      vertex 1.30481 11.6491 -6.6
      vertex 1.44913 11.5048 -6.6
    endloop
  endfacet
  facet normal -0.544408 -0.83882 0
    outer loop
      vertex 0.974998 11.8887 -6.6
      vertex 1.14618 11.7776 -3.6
      vertex 0.974998 11.8887 -3.6
    endloop
  endfacet
  facet normal -0.544408 -0.83882 -0
    outer loop
      vertex 1.14618 11.7776 -3.6
      vertex 0.974998 11.8887 -6.6
      vertex 1.14618 11.7776 -6.6
    endloop
  endfacet
  facet normal -0.777102 -0.629374 0
    outer loop
      vertex 1.57758 11.3462 -6.6
      vertex 1.44913 11.5048 -3.6
      vertex 1.44913 11.5048 -6.6
    endloop
  endfacet
  facet normal -0.777102 -0.629374 0
    outer loop
      vertex 1.44913 11.5048 -3.6
      vertex 1.57758 11.3462 -6.6
      vertex 1.57758 11.3462 -3.6
    endloop
  endfacet
  facet normal 0.99863 -0.0523325 0
    outer loop
      vertex -1.95 10.2 -3.6
      vertex -1.93932 10.4038 -6.6
      vertex -1.93932 10.4038 -3.6
    endloop
  endfacet
  facet normal 0.99863 -0.0523325 0
    outer loop
      vertex -1.93932 10.4038 -6.6
      vertex -1.95 10.2 -3.6
      vertex -1.95 10.2 -6.6
    endloop
  endfacet
  facet normal 0.156435 0.987688 -0
    outer loop
      vertex -0.203829 8.26068 -6.6
      vertex -0.405427 8.29261 -3.6
      vertex -0.203829 8.26068 -3.6
    endloop
  endfacet
  facet normal 0.156435 0.987688 0
    outer loop
      vertex -0.405427 8.29261 -3.6
      vertex -0.203829 8.26068 -6.6
      vertex -0.405427 8.29261 -6.6
    endloop
  endfacet
  facet normal 0.25883 0.965923 -0
    outer loop
      vertex -0.405427 8.29261 -6.6
      vertex -0.602582 8.34544 -3.6
      vertex -0.405427 8.29261 -3.6
    endloop
  endfacet
  facet normal 0.25883 0.965923 0
    outer loop
      vertex -0.602582 8.34544 -3.6
      vertex -0.405427 8.29261 -6.6
      vertex -0.602582 8.34544 -6.6
    endloop
  endfacet
  facet normal 0.358381 0.933575 -0
    outer loop
      vertex -0.602582 8.34544 -6.6
      vertex -0.793136 8.41859 -3.6
      vertex -0.602582 8.34544 -3.6
    endloop
  endfacet
  facet normal 0.358381 0.933575 0
    outer loop
      vertex -0.793136 8.41859 -3.6
      vertex -0.602582 8.34544 -6.6
      vertex -0.793136 8.41859 -6.6
    endloop
  endfacet
  facet normal 0.707107 0.707107 0
    outer loop
      vertex -1.30481 8.75087 -3.6
      vertex -1.44913 8.89519 -6.6
      vertex -1.44913 8.89519 -3.6
    endloop
  endfacet
  facet normal 0.707107 0.707107 0
    outer loop
      vertex -1.44913 8.89519 -6.6
      vertex -1.30481 8.75087 -3.6
      vertex -1.30481 8.75087 -6.6
    endloop
  endfacet
  facet normal 0.544652 0.838662 -0
    outer loop
      vertex -0.974999 8.51125 -6.6
      vertex -1.14618 8.62242 -3.6
      vertex -0.974999 8.51125 -3.6
    endloop
  endfacet
  facet normal 0.544652 0.838662 0
    outer loop
      vertex -1.14618 8.62242 -3.6
      vertex -0.974999 8.51125 -6.6
      vertex -1.14618 8.62242 -6.6
    endloop
  endfacet
  facet normal 0.933579 0.358372 0
    outer loop
      vertex -1.78141 9.40686 -3.6
      vertex -1.85456 9.59742 -6.6
      vertex -1.85456 9.59742 -3.6
    endloop
  endfacet
  facet normal 0.933579 0.358372 0
    outer loop
      vertex -1.85456 9.59742 -6.6
      vertex -1.78141 9.40686 -3.6
      vertex -1.78141 9.40686 -6.6
    endloop
  endfacet
  facet normal 0.0523251 0.99863 -0
    outer loop
      vertex 0 8.25 -6.6
      vertex -0.203829 8.26068 -3.6
      vertex 0 8.25 -3.6
    endloop
  endfacet
  facet normal 0.0523251 0.99863 0
    outer loop
      vertex -0.203829 8.26068 -3.6
      vertex 0 8.25 -6.6
      vertex -0.203829 8.26068 -6.6
    endloop
  endfacet
  facet normal -0.25883 0.965923 0
    outer loop
      vertex 0.602582 8.34544 -6.6
      vertex 0.405427 8.29261 -3.6
      vertex 0.602582 8.34544 -3.6
    endloop
  endfacet
  facet normal -0.25883 0.965923 0
    outer loop
      vertex 0.405427 8.29261 -3.6
      vertex 0.602582 8.34544 -6.6
      vertex 0.405427 8.29261 -6.6
    endloop
  endfacet
  facet normal -0.453976 0.891014 0
    outer loop
      vertex 0.974999 8.51125 -6.6
      vertex 0.793136 8.41859 -3.6
      vertex 0.974999 8.51125 -3.6
    endloop
  endfacet
  facet normal -0.453976 0.891014 0
    outer loop
      vertex 0.793136 8.41859 -3.6
      vertex 0.974999 8.51125 -6.6
      vertex 0.793136 8.41859 -6.6
    endloop
  endfacet
  facet normal -0.933579 0.358372 0
    outer loop
      vertex 1.78141 9.40686 -6.6
      vertex 1.85456 9.59742 -3.6
      vertex 1.85456 9.59742 -6.6
    endloop
  endfacet
  facet normal -0.933579 0.358372 0
    outer loop
      vertex 1.85456 9.59742 -3.6
      vertex 1.78141 9.40686 -6.6
      vertex 1.78141 9.40686 -3.6
    endloop
  endfacet
  facet normal -0.987689 0.156433 0
    outer loop
      vertex 1.90739 9.79457 -6.6
      vertex 1.93932 9.99617 -3.6
      vertex 1.93932 9.99617 -6.6
    endloop
  endfacet
  facet normal -0.987689 0.156433 0
    outer loop
      vertex 1.93932 9.99617 -3.6
      vertex 1.90739 9.79457 -6.6
      vertex 1.90739 9.79457 -3.6
    endloop
  endfacet
  facet normal -0.707107 0.707107 0
    outer loop
      vertex 1.30481 8.75087 -6.6
      vertex 1.44913 8.89519 -3.6
      vertex 1.44913 8.89519 -6.6
    endloop
  endfacet
  facet normal -0.707107 0.707107 0
    outer loop
      vertex 1.44913 8.89519 -3.6
      vertex 1.30481 8.75087 -6.6
      vertex 1.30481 8.75087 -3.6
    endloop
  endfacet
  facet normal -0.838661 0.544654 0
    outer loop
      vertex 1.57758 9.05382 -6.6
      vertex 1.68875 9.225 -3.6
      vertex 1.68875 9.225 -6.6
    endloop
  endfacet
  facet normal -0.838661 0.544654 0
    outer loop
      vertex 1.68875 9.225 -3.6
      vertex 1.57758 9.05382 -6.6
      vertex 1.57758 9.05382 -3.6
    endloop
  endfacet
  facet normal 0.0524228 -0.998625 0
    outer loop
      vertex -0.203829 12.1393 -6.6
      vertex 0 12.15 -3.6
      vertex -0.203829 12.1393 -3.6
    endloop
  endfacet
  facet normal 0.0524228 -0.998625 0
    outer loop
      vertex 0 12.15 -3.6
      vertex -0.203829 12.1393 -6.6
      vertex 0 12.15 -6.6
    endloop
  endfacet
  facet normal -0.99863 -0.0523325 0
    outer loop
      vertex 1.95 10.2 -6.6
      vertex 1.93932 10.4038 -3.6
      vertex 1.93932 10.4038 -6.6
    endloop
  endfacet
  facet normal -0.99863 -0.0523325 0
    outer loop
      vertex 1.93932 10.4038 -3.6
      vertex 1.95 10.2 -6.6
      vertex 1.95 10.2 -3.6
    endloop
  endfacet
  facet normal 0.987689 0.156433 0
    outer loop
      vertex -1.90739 9.79457 -3.6
      vertex -1.93932 9.99617 -6.6
      vertex -1.93932 9.99617 -3.6
    endloop
  endfacet
  facet normal 0.987689 0.156433 0
    outer loop
      vertex -1.93932 9.99617 -6.6
      vertex -1.90739 9.79457 -3.6
      vertex -1.90739 9.79457 -6.6
    endloop
  endfacet
  facet normal 0.965921 0.258836 0
    outer loop
      vertex -1.85456 9.59742 -3.6
      vertex -1.90739 9.79457 -6.6
      vertex -1.90739 9.79457 -3.6
    endloop
  endfacet
  facet normal 0.965921 0.258836 0
    outer loop
      vertex -1.90739 9.79457 -6.6
      vertex -1.85456 9.59742 -3.6
      vertex -1.85456 9.59742 -6.6
    endloop
  endfacet
  facet normal 0.453976 0.891014 -0
    outer loop
      vertex -0.793136 8.41859 -6.6
      vertex -0.974999 8.51125 -3.6
      vertex -0.793136 8.41859 -3.6
    endloop
  endfacet
  facet normal 0.453976 0.891014 0
    outer loop
      vertex -0.974999 8.51125 -3.6
      vertex -0.793136 8.41859 -6.6
      vertex -0.974999 8.51125 -6.6
    endloop
  endfacet
  facet normal 0.77716 0.629303 0
    outer loop
      vertex -1.44913 8.89519 -3.6
      vertex -1.57758 9.05382 -6.6
      vertex -1.57758 9.05382 -3.6
    endloop
  endfacet
  facet normal 0.77716 0.629303 0
    outer loop
      vertex -1.57758 9.05382 -6.6
      vertex -1.44913 8.89519 -3.6
      vertex -1.44913 8.89519 -6.6
    endloop
  endfacet
  facet normal 0.629303 0.77716 -0
    outer loop
      vertex -1.14618 8.62242 -6.6
      vertex -1.30481 8.75087 -3.6
      vertex -1.14618 8.62242 -3.6
    endloop
  endfacet
  facet normal 0.629303 0.77716 0
    outer loop
      vertex -1.30481 8.75087 -3.6
      vertex -1.14618 8.62242 -6.6
      vertex -1.30481 8.75087 -6.6
    endloop
  endfacet
  facet normal 0.891011 0.453982 0
    outer loop
      vertex -1.68875 9.225 -3.6
      vertex -1.78141 9.40686 -6.6
      vertex -1.78141 9.40686 -3.6
    endloop
  endfacet
  facet normal 0.891011 0.453982 0
    outer loop
      vertex -1.78141 9.40686 -6.6
      vertex -1.68875 9.225 -3.6
      vertex -1.68875 9.225 -6.6
    endloop
  endfacet
  facet normal -0.156435 0.987688 0
    outer loop
      vertex 0.405427 8.29261 -6.6
      vertex 0.203829 8.26068 -3.6
      vertex 0.405427 8.29261 -3.6
    endloop
  endfacet
  facet normal -0.156435 0.987688 0
    outer loop
      vertex 0.203829 8.26068 -3.6
      vertex 0.405427 8.29261 -6.6
      vertex 0.203829 8.26068 -6.6
    endloop
  endfacet
  facet normal -0.891011 0.453982 0
    outer loop
      vertex 1.68875 9.225 -6.6
      vertex 1.78141 9.40686 -3.6
      vertex 1.78141 9.40686 -6.6
    endloop
  endfacet
  facet normal -0.891011 0.453982 0
    outer loop
      vertex 1.78141 9.40686 -3.6
      vertex 1.68875 9.225 -6.6
      vertex 1.68875 9.225 -3.6
    endloop
  endfacet
  facet normal -0.77716 0.629303 0
    outer loop
      vertex 1.44913 8.89519 -6.6
      vertex 1.57758 9.05382 -3.6
      vertex 1.57758 9.05382 -6.6
    endloop
  endfacet
  facet normal -0.77716 0.629303 0
    outer loop
      vertex 1.57758 9.05382 -3.6
      vertex 1.44913 8.89519 -6.6
      vertex 1.44913 8.89519 -3.6
    endloop
  endfacet
  facet normal -0.629303 0.77716 0
    outer loop
      vertex 1.30481 8.75087 -6.6
      vertex 1.14618 8.62242 -3.6
      vertex 1.30481 8.75087 -3.6
    endloop
  endfacet
  facet normal -0.629303 0.77716 0
    outer loop
      vertex 1.14618 8.62242 -3.6
      vertex 1.30481 8.75087 -6.6
      vertex 1.14618 8.62242 -6.6
    endloop
  endfacet
  facet normal -0.890932 -0.454137 0
    outer loop
      vertex 10.6149 -4.30686 -6.6
      vertex 10.5222 -4.125 -3.6
      vertex 10.5222 -4.125 -6.6
    endloop
  endfacet
  facet normal -0.890932 -0.454137 0
    outer loop
      vertex 10.5222 -4.125 -3.6
      vertex 10.6149 -4.30686 -6.6
      vertex 10.6149 -4.30686 -3.6
    endloop
  endfacet
  facet normal -0.838594 0.544758 0
    outer loop
      vertex 10.411 -6.24618 -6.6
      vertex 10.5222 -6.075 -3.6
      vertex 10.5222 -6.075 -6.6
    endloop
  endfacet
  facet normal -0.838594 0.544758 0
    outer loop
      vertex 10.5222 -6.075 -3.6
      vertex 10.411 -6.24618 -6.6
      vertex 10.411 -6.24618 -3.6
    endloop
  endfacet
  facet normal 0.258824 0.965924 -0
    outer loop
      vertex 8.42803 -7.00739 -6.6
      vertex 8.23087 -6.95456 -3.6
      vertex 8.42803 -7.00739 -3.6
    endloop
  endfacet
  facet normal 0.258824 0.965924 0
    outer loop
      vertex 8.23087 -6.95456 -3.6
      vertex 8.42803 -7.00739 -6.6
      vertex 8.23087 -6.95456 -6.6
    endloop
  endfacet
  facet normal -0.544654 0.838661 0
    outer loop
      vertex 9.97964 -6.67758 -6.6
      vertex 9.80846 -6.78875 -3.6
      vertex 9.97964 -6.67758 -3.6
    endloop
  endfacet
  facet normal -0.544654 0.838661 0
    outer loop
      vertex 9.80846 -6.78875 -3.6
      vertex 9.97964 -6.67758 -6.6
      vertex 9.80846 -6.78875 -6.6
    endloop
  endfacet
  facet normal -0.258824 0.965924 0
    outer loop
      vertex 9.43604 -6.95456 -6.6
      vertex 9.23888 -7.00739 -3.6
      vertex 9.43604 -6.95456 -3.6
    endloop
  endfacet
  facet normal -0.258824 0.965924 0
    outer loop
      vertex 9.23888 -7.00739 -3.6
      vertex 9.43604 -6.95456 -6.6
      vertex 9.23888 -7.00739 -6.6
    endloop
  endfacet
  facet normal -0.544654 -0.838661 0
    outer loop
      vertex 9.80846 -3.41125 -6.6
      vertex 9.97964 -3.52242 -3.6
      vertex 9.80846 -3.41125 -3.6
    endloop
  endfacet
  facet normal -0.544654 -0.838661 -0
    outer loop
      vertex 9.97964 -3.52242 -3.6
      vertex 9.80846 -3.41125 -6.6
      vertex 9.97964 -3.52242 -6.6
    endloop
  endfacet
  facet normal 0.891011 -0.453982 0
    outer loop
      vertex 7.05204 -4.30686 -3.6
      vertex 7.1447 -4.125 -6.6
      vertex 7.1447 -4.125 -3.6
    endloop
  endfacet
  facet normal 0.891011 -0.453982 0
    outer loop
      vertex 7.1447 -4.125 -6.6
      vertex 7.05204 -4.30686 -3.6
      vertex 7.05204 -4.30686 -6.6
    endloop
  endfacet
  facet normal 0.62935 -0.777122 0
    outer loop
      vertex 7.52866 -3.65087 -6.6
      vertex 7.68727 -3.52242 -3.6
      vertex 7.52866 -3.65087 -3.6
    endloop
  endfacet
  facet normal 0.62935 -0.777122 0
    outer loop
      vertex 7.68727 -3.52242 -3.6
      vertex 7.52866 -3.65087 -6.6
      vertex 7.68727 -3.52242 -6.6
    endloop
  endfacet
  facet normal -0.629231 -0.777219 0
    outer loop
      vertex 9.97964 -3.52242 -6.6
      vertex 10.1383 -3.65087 -3.6
      vertex 9.97964 -3.52242 -3.6
    endloop
  endfacet
  facet normal -0.629231 -0.777219 -0
    outer loop
      vertex 10.1383 -3.65087 -3.6
      vertex 9.97964 -3.52242 -6.6
      vertex 10.1383 -3.65087 -6.6
    endloop
  endfacet
  facet normal -0.933661 -0.358158 0
    outer loop
      vertex 10.688 -4.49742 -6.6
      vertex 10.6149 -4.30686 -3.6
      vertex 10.6149 -4.30686 -6.6
    endloop
  endfacet
  facet normal -0.933661 -0.358158 0
    outer loop
      vertex 10.6149 -4.30686 -3.6
      vertex 10.688 -4.49742 -6.6
      vertex 10.688 -4.49742 -3.6
    endloop
  endfacet
  facet normal -0.987711 -0.15629 0
    outer loop
      vertex 10.7728 -4.89617 -6.6
      vertex 10.7409 -4.69457 -3.6
      vertex 10.7409 -4.69457 -6.6
    endloop
  endfacet
  facet normal -0.987711 -0.15629 0
    outer loop
      vertex 10.7409 -4.69457 -3.6
      vertex 10.7728 -4.89617 -6.6
      vertex 10.7728 -4.89617 -3.6
    endloop
  endfacet
  facet normal -0.933661 0.358158 0
    outer loop
      vertex 10.6149 -5.89314 -6.6
      vertex 10.688 -5.70258 -3.6
      vertex 10.688 -5.70258 -6.6
    endloop
  endfacet
  facet normal -0.933661 0.358158 0
    outer loop
      vertex 10.688 -5.70258 -3.6
      vertex 10.6149 -5.89314 -6.6
      vertex 10.6149 -5.89314 -3.6
    endloop
  endfacet
  facet normal -0.965835 0.259156 0
    outer loop
      vertex 10.688 -5.70258 -6.6
      vertex 10.7409 -5.50543 -3.6
      vertex 10.7409 -5.50543 -6.6
    endloop
  endfacet
  facet normal -0.965835 0.259156 0
    outer loop
      vertex 10.7409 -5.50543 -3.6
      vertex 10.688 -5.70258 -6.6
      vertex 10.688 -5.70258 -3.6
    endloop
  endfacet
  facet normal -0.890932 0.454137 0
    outer loop
      vertex 10.5222 -6.075 -6.6
      vertex 10.6149 -5.89314 -3.6
      vertex 10.6149 -5.89314 -6.6
    endloop
  endfacet
  facet normal -0.890932 0.454137 0
    outer loop
      vertex 10.6149 -5.89314 -3.6
      vertex 10.5222 -6.075 -6.6
      vertex 10.5222 -6.075 -3.6
    endloop
  endfacet
  facet normal -0.998625 -0.0524225 0
    outer loop
      vertex 10.7835 -5.1 -6.6
      vertex 10.7728 -4.89617 -3.6
      vertex 10.7728 -4.89617 -6.6
    endloop
  endfacet
  facet normal -0.998625 -0.0524225 0
    outer loop
      vertex 10.7728 -4.89617 -3.6
      vertex 10.7835 -5.1 -6.6
      vertex 10.7835 -5.1 -3.6
    endloop
  endfacet
  facet normal -0.987711 0.15629 0
    outer loop
      vertex 10.7409 -5.50543 -6.6
      vertex 10.7728 -5.30383 -3.6
      vertex 10.7728 -5.30383 -6.6
    endloop
  endfacet
  facet normal -0.987711 0.15629 0
    outer loop
      vertex 10.7728 -5.30383 -3.6
      vertex 10.7409 -5.50543 -6.6
      vertex 10.7409 -5.50543 -3.6
    endloop
  endfacet
  facet normal -0.998625 0.0524225 0
    outer loop
      vertex 10.7728 -5.30383 -6.6
      vertex 10.7835 -5.1 -3.6
      vertex 10.7835 -5.1 -6.6
    endloop
  endfacet
  facet normal -0.998625 0.0524225 0
    outer loop
      vertex 10.7835 -5.1 -3.6
      vertex 10.7728 -5.30383 -6.6
      vertex 10.7728 -5.30383 -3.6
    endloop
  endfacet
  facet normal 0.544632 0.838675 -0
    outer loop
      vertex 7.85846 -6.78875 -6.6
      vertex 7.68727 -6.67758 -3.6
      vertex 7.85846 -6.78875 -3.6
    endloop
  endfacet
  facet normal 0.544632 0.838675 0
    outer loop
      vertex 7.68727 -6.67758 -3.6
      vertex 7.85846 -6.78875 -6.6
      vertex 7.68727 -6.67758 -6.6
    endloop
  endfacet
  facet normal 0.358388 0.933573 -0
    outer loop
      vertex 8.23087 -6.95456 -6.6
      vertex 8.04032 -6.88141 -3.6
      vertex 8.23087 -6.95456 -3.6
    endloop
  endfacet
  facet normal 0.358388 0.933573 0
    outer loop
      vertex 8.04032 -6.88141 -3.6
      vertex 8.23087 -6.95456 -6.6
      vertex 8.04032 -6.88141 -6.6
    endloop
  endfacet
  facet normal 0.453982 0.891011 -0
    outer loop
      vertex 8.04032 -6.88141 -6.6
      vertex 7.85846 -6.78875 -3.6
      vertex 8.04032 -6.88141 -3.6
    endloop
  endfacet
  facet normal 0.453982 0.891011 0
    outer loop
      vertex 7.85846 -6.78875 -3.6
      vertex 8.04032 -6.88141 -6.6
      vertex 7.85846 -6.78875 -6.6
    endloop
  endfacet
  facet normal -0.0523274 0.99863 0
    outer loop
      vertex 9.03728 -7.03932 -6.6
      vertex 8.83346 -7.05 -3.6
      vertex 9.03728 -7.03932 -3.6
    endloop
  endfacet
  facet normal -0.0523274 0.99863 0
    outer loop
      vertex 8.83346 -7.05 -3.6
      vertex 9.03728 -7.03932 -6.6
      vertex 8.83346 -7.05 -6.6
    endloop
  endfacet
  facet normal 0.156433 0.987689 -0
    outer loop
      vertex 8.62963 -7.03932 -6.6
      vertex 8.42803 -7.00739 -3.6
      vertex 8.62963 -7.03932 -3.6
    endloop
  endfacet
  facet normal 0.156433 0.987689 0
    outer loop
      vertex 8.42803 -7.00739 -3.6
      vertex 8.62963 -7.03932 -6.6
      vertex 8.42803 -7.00739 -6.6
    endloop
  endfacet
  facet normal 0.0523248 0.99863 -0
    outer loop
      vertex 8.83346 -7.05 -6.6
      vertex 8.62963 -7.03932 -3.6
      vertex 8.83346 -7.05 -3.6
    endloop
  endfacet
  facet normal 0.0523248 0.99863 0
    outer loop
      vertex 8.62963 -7.03932 -3.6
      vertex 8.83346 -7.05 -6.6
      vertex 8.62963 -7.03932 -6.6
    endloop
  endfacet
  facet normal -0.77728 0.629155 0
    outer loop
      vertex 10.2826 -6.40481 -6.6
      vertex 10.411 -6.24618 -3.6
      vertex 10.411 -6.24618 -6.6
    endloop
  endfacet
  facet normal -0.77728 0.629155 0
    outer loop
      vertex 10.411 -6.24618 -3.6
      vertex 10.2826 -6.40481 -6.6
      vertex 10.2826 -6.40481 -3.6
    endloop
  endfacet
  facet normal -0.629231 0.777219 0
    outer loop
      vertex 10.1383 -6.54913 -6.6
      vertex 9.97964 -6.67758 -3.6
      vertex 10.1383 -6.54913 -3.6
    endloop
  endfacet
  facet normal -0.629231 0.777219 0
    outer loop
      vertex 9.97964 -6.67758 -3.6
      vertex 10.1383 -6.54913 -6.6
      vertex 9.97964 -6.67758 -6.6
    endloop
  endfacet
  facet normal -0.707156 0.707058 0
    outer loop
      vertex 10.2826 -6.40481 -6.6
      vertex 10.1383 -6.54913 -3.6
      vertex 10.2826 -6.40481 -3.6
    endloop
  endfacet
  facet normal -0.707156 0.707058 0
    outer loop
      vertex 10.1383 -6.54913 -3.6
      vertex 10.2826 -6.40481 -6.6
      vertex 10.1383 -6.54913 -6.6
    endloop
  endfacet
  facet normal -0.453962 0.891021 0
    outer loop
      vertex 9.80846 -6.78875 -6.6
      vertex 9.62659 -6.88141 -3.6
      vertex 9.80846 -6.78875 -3.6
    endloop
  endfacet
  facet normal -0.453962 0.891021 0
    outer loop
      vertex 9.62659 -6.88141 -3.6
      vertex 9.80846 -6.78875 -6.6
      vertex 9.62659 -6.88141 -6.6
    endloop
  endfacet
  facet normal -0.453962 -0.891021 0
    outer loop
      vertex 9.62659 -3.31859 -6.6
      vertex 9.80846 -3.41125 -3.6
      vertex 9.62659 -3.31859 -3.6
    endloop
  endfacet
  facet normal -0.453962 -0.891021 -0
    outer loop
      vertex 9.80846 -3.41125 -3.6
      vertex 9.62659 -3.31859 -6.6
      vertex 9.80846 -3.41125 -6.6
    endloop
  endfacet
  facet normal -0.0523274 -0.99863 0
    outer loop
      vertex 8.83346 -3.15 -6.6
      vertex 9.03728 -3.16068 -3.6
      vertex 8.83346 -3.15 -3.6
    endloop
  endfacet
  facet normal -0.0523274 -0.99863 -0
    outer loop
      vertex 9.03728 -3.16068 -3.6
      vertex 8.83346 -3.15 -6.6
      vertex 9.03728 -3.16068 -6.6
    endloop
  endfacet
  facet normal 0.965933 0.258791 0
    outer loop
      vertex 6.9789 -5.70258 -3.6
      vertex 6.92608 -5.50543 -6.6
      vertex 6.92608 -5.50543 -3.6
    endloop
  endfacet
  facet normal 0.965933 0.258791 0
    outer loop
      vertex 6.92608 -5.50543 -6.6
      vertex 6.9789 -5.70258 -3.6
      vertex 6.9789 -5.70258 -6.6
    endloop
  endfacet
  facet normal 0.777136 0.629332 0
    outer loop
      vertex 7.38433 -6.40481 -3.6
      vertex 7.25587 -6.24618 -6.6
      vertex 7.25587 -6.24618 -3.6
    endloop
  endfacet
  facet normal 0.777136 0.629332 0
    outer loop
      vertex 7.25587 -6.24618 -6.6
      vertex 7.38433 -6.40481 -3.6
      vertex 7.38433 -6.40481 -6.6
    endloop
  endfacet
  facet normal 0.544632 -0.838675 0
    outer loop
      vertex 7.68727 -3.52242 -6.6
      vertex 7.85846 -3.41125 -3.6
      vertex 7.68727 -3.52242 -3.6
    endloop
  endfacet
  facet normal 0.544632 -0.838675 0
    outer loop
      vertex 7.85846 -3.41125 -3.6
      vertex 7.68727 -3.52242 -6.6
      vertex 7.85846 -3.41125 -6.6
    endloop
  endfacet
  facet normal -0.838594 -0.544758 0
    outer loop
      vertex 10.5222 -4.125 -6.6
      vertex 10.411 -3.95382 -3.6
      vertex 10.411 -3.95382 -6.6
    endloop
  endfacet
  facet normal -0.838594 -0.544758 0
    outer loop
      vertex 10.411 -3.95382 -3.6
      vertex 10.5222 -4.125 -6.6
      vertex 10.5222 -4.125 -3.6
    endloop
  endfacet
  facet normal -0.77728 -0.629155 0
    outer loop
      vertex 10.411 -3.95382 -6.6
      vertex 10.2826 -3.79519 -3.6
      vertex 10.2826 -3.79519 -6.6
    endloop
  endfacet
  facet normal -0.77728 -0.629155 0
    outer loop
      vertex 10.2826 -3.79519 -3.6
      vertex 10.411 -3.95382 -6.6
      vertex 10.411 -3.95382 -3.6
    endloop
  endfacet
  facet normal -0.707156 -0.707058 0
    outer loop
      vertex 10.1383 -3.65087 -6.6
      vertex 10.2826 -3.79519 -3.6
      vertex 10.1383 -3.65087 -3.6
    endloop
  endfacet
  facet normal -0.707156 -0.707058 -0
    outer loop
      vertex 10.2826 -3.79519 -3.6
      vertex 10.1383 -3.65087 -6.6
      vertex 10.2826 -3.79519 -6.6
    endloop
  endfacet
  facet normal -0.965835 -0.259156 0
    outer loop
      vertex 10.7409 -4.69457 -6.6
      vertex 10.688 -4.49742 -3.6
      vertex 10.688 -4.49742 -6.6
    endloop
  endfacet
  facet normal -0.965835 -0.259156 0
    outer loop
      vertex 10.688 -4.49742 -3.6
      vertex 10.7409 -4.69457 -6.6
      vertex 10.7409 -4.69457 -3.6
    endloop
  endfacet
  facet normal -0.358388 0.933573 0
    outer loop
      vertex 9.62659 -6.88141 -6.6
      vertex 9.43604 -6.95456 -3.6
      vertex 9.62659 -6.88141 -3.6
    endloop
  endfacet
  facet normal -0.358388 0.933573 0
    outer loop
      vertex 9.43604 -6.95456 -3.6
      vertex 9.62659 -6.88141 -6.6
      vertex 9.43604 -6.95456 -6.6
    endloop
  endfacet
  facet normal -0.156433 0.987689 0
    outer loop
      vertex 9.23888 -7.00739 -6.6
      vertex 9.03728 -7.03932 -3.6
      vertex 9.23888 -7.00739 -3.6
    endloop
  endfacet
  facet normal -0.156433 0.987689 0
    outer loop
      vertex 9.03728 -7.03932 -3.6
      vertex 9.23888 -7.00739 -6.6
      vertex 9.03728 -7.03932 -6.6
    endloop
  endfacet
  facet normal -0.358388 -0.933573 0
    outer loop
      vertex 9.43604 -3.24544 -6.6
      vertex 9.62659 -3.31859 -3.6
      vertex 9.43604 -3.24544 -3.6
    endloop
  endfacet
  facet normal -0.358388 -0.933573 -0
    outer loop
      vertex 9.62659 -3.31859 -3.6
      vertex 9.43604 -3.24544 -6.6
      vertex 9.62659 -3.31859 -6.6
    endloop
  endfacet
  facet normal 0.838661 -0.544654 0
    outer loop
      vertex 7.1447 -4.125 -3.6
      vertex 7.25587 -3.95382 -6.6
      vertex 7.25587 -3.95382 -3.6
    endloop
  endfacet
  facet normal 0.838661 -0.544654 0
    outer loop
      vertex 7.25587 -3.95382 -6.6
      vertex 7.1447 -4.125 -3.6
      vertex 7.1447 -4.125 -6.6
    endloop
  endfacet
  facet normal 0.62935 0.777122 -0
    outer loop
      vertex 7.68727 -6.67758 -6.6
      vertex 7.52866 -6.54913 -3.6
      vertex 7.68727 -6.67758 -3.6
    endloop
  endfacet
  facet normal 0.62935 0.777122 0
    outer loop
      vertex 7.52866 -6.54913 -3.6
      vertex 7.68727 -6.67758 -6.6
      vertex 7.52866 -6.54913 -6.6
    endloop
  endfacet
  facet normal 0.838661 0.544654 0
    outer loop
      vertex 7.25587 -6.24618 -3.6
      vertex 7.1447 -6.075 -6.6
      vertex 7.1447 -6.075 -3.6
    endloop
  endfacet
  facet normal 0.838661 0.544654 0
    outer loop
      vertex 7.1447 -6.075 -6.6
      vertex 7.25587 -6.24618 -3.6
      vertex 7.25587 -6.24618 -6.6
    endloop
  endfacet
  facet normal 0.777136 -0.629332 0
    outer loop
      vertex 7.25587 -3.95382 -3.6
      vertex 7.38433 -3.79519 -6.6
      vertex 7.38433 -3.79519 -3.6
    endloop
  endfacet
  facet normal 0.777136 -0.629332 0
    outer loop
      vertex 7.38433 -3.79519 -6.6
      vertex 7.25587 -3.95382 -3.6
      vertex 7.25587 -3.95382 -6.6
    endloop
  endfacet
  facet normal -0.258824 -0.965924 0
    outer loop
      vertex 9.23888 -3.19261 -6.6
      vertex 9.43604 -3.24544 -3.6
      vertex 9.23888 -3.19261 -3.6
    endloop
  endfacet
  facet normal -0.258824 -0.965924 -0
    outer loop
      vertex 9.43604 -3.24544 -3.6
      vertex 9.23888 -3.19261 -6.6
      vertex 9.43604 -3.24544 -6.6
    endloop
  endfacet
  facet normal -0.156433 -0.987689 0
    outer loop
      vertex 9.03728 -3.16068 -6.6
      vertex 9.23888 -3.19261 -3.6
      vertex 9.03728 -3.16068 -3.6
    endloop
  endfacet
  facet normal -0.156433 -0.987689 -0
    outer loop
      vertex 9.23888 -3.19261 -3.6
      vertex 9.03728 -3.16068 -6.6
      vertex 9.23888 -3.19261 -6.6
    endloop
  endfacet
  facet normal 0.258824 -0.965924 0
    outer loop
      vertex 8.23087 -3.24544 -6.6
      vertex 8.42803 -3.19261 -3.6
      vertex 8.23087 -3.24544 -3.6
    endloop
  endfacet
  facet normal 0.258824 -0.965924 0
    outer loop
      vertex 8.42803 -3.19261 -3.6
      vertex 8.23087 -3.24544 -6.6
      vertex 8.42803 -3.19261 -6.6
    endloop
  endfacet
  facet normal 0.0523248 -0.99863 0
    outer loop
      vertex 8.62963 -3.16068 -6.6
      vertex 8.83346 -3.15 -3.6
      vertex 8.62963 -3.16068 -3.6
    endloop
  endfacet
  facet normal 0.0523248 -0.99863 0
    outer loop
      vertex 8.83346 -3.15 -3.6
      vertex 8.62963 -3.16068 -6.6
      vertex 8.83346 -3.15 -6.6
    endloop
  endfacet
  facet normal 0.933595 -0.358329 0
    outer loop
      vertex 6.9789 -4.49742 -3.6
      vertex 7.05204 -4.30686 -6.6
      vertex 7.05204 -4.30686 -3.6
    endloop
  endfacet
  facet normal 0.933595 -0.358329 0
    outer loop
      vertex 7.05204 -4.30686 -6.6
      vertex 6.9789 -4.49742 -3.6
      vertex 6.9789 -4.49742 -6.6
    endloop
  endfacet
  facet normal 0.707082 0.707131 0
    outer loop
      vertex 7.52866 -6.54913 -3.6
      vertex 7.38433 -6.40481 -6.6
      vertex 7.38433 -6.40481 -3.6
    endloop
  endfacet
  facet normal 0.707082 0.707131 0
    outer loop
      vertex 7.38433 -6.40481 -6.6
      vertex 7.52866 -6.54913 -3.6
      vertex 7.52866 -6.54913 -6.6
    endloop
  endfacet
  facet normal 0.987681 0.156481 0
    outer loop
      vertex 6.92608 -5.50543 -3.6
      vertex 6.89414 -5.30383 -6.6
      vertex 6.89414 -5.30383 -3.6
    endloop
  endfacet
  facet normal 0.987681 0.156481 0
    outer loop
      vertex 6.89414 -5.30383 -6.6
      vertex 6.92608 -5.50543 -3.6
      vertex 6.92608 -5.50543 -6.6
    endloop
  endfacet
  facet normal 0.891011 0.453982 0
    outer loop
      vertex 7.1447 -6.075 -3.6
      vertex 7.05204 -5.89314 -6.6
      vertex 7.05204 -5.89314 -3.6
    endloop
  endfacet
  facet normal 0.891011 0.453982 0
    outer loop
      vertex 7.05204 -5.89314 -6.6
      vertex 7.1447 -6.075 -3.6
      vertex 7.1447 -6.075 -6.6
    endloop
  endfacet
  facet normal 0.707082 -0.707131 0
    outer loop
      vertex 7.38433 -3.79519 -3.6
      vertex 7.52866 -3.65087 -6.6
      vertex 7.52866 -3.65087 -3.6
    endloop
  endfacet
  facet normal 0.707082 -0.707131 0
    outer loop
      vertex 7.52866 -3.65087 -6.6
      vertex 7.38433 -3.79519 -3.6
      vertex 7.38433 -3.79519 -6.6
    endloop
  endfacet
  facet normal 0.358388 -0.933573 0
    outer loop
      vertex 8.04032 -3.31859 -6.6
      vertex 8.23087 -3.24544 -3.6
      vertex 8.04032 -3.31859 -3.6
    endloop
  endfacet
  facet normal 0.358388 -0.933573 0
    outer loop
      vertex 8.23087 -3.24544 -3.6
      vertex 8.04032 -3.31859 -6.6
      vertex 8.23087 -3.24544 -6.6
    endloop
  endfacet
  facet normal 0.453982 -0.891011 0
    outer loop
      vertex 7.85846 -3.41125 -6.6
      vertex 8.04032 -3.31859 -3.6
      vertex 7.85846 -3.41125 -3.6
    endloop
  endfacet
  facet normal 0.453982 -0.891011 0
    outer loop
      vertex 8.04032 -3.31859 -3.6
      vertex 7.85846 -3.41125 -6.6
      vertex 8.04032 -3.31859 -6.6
    endloop
  endfacet
  facet normal 0.156433 -0.987689 0
    outer loop
      vertex 8.42803 -3.19261 -6.6
      vertex 8.62963 -3.16068 -3.6
      vertex 8.42803 -3.19261 -3.6
    endloop
  endfacet
  facet normal 0.156433 -0.987689 0
    outer loop
      vertex 8.62963 -3.16068 -3.6
      vertex 8.42803 -3.19261 -6.6
      vertex 8.62963 -3.16068 -6.6
    endloop
  endfacet
  facet normal 0.965933 -0.258791 0
    outer loop
      vertex 6.92608 -4.69457 -3.6
      vertex 6.9789 -4.49742 -6.6
      vertex 6.9789 -4.49742 -3.6
    endloop
  endfacet
  facet normal 0.965933 -0.258791 0
    outer loop
      vertex 6.9789 -4.49742 -6.6
      vertex 6.92608 -4.69457 -3.6
      vertex 6.92608 -4.69457 -6.6
    endloop
  endfacet
  facet normal 0.933595 0.358329 0
    outer loop
      vertex 7.05204 -5.89314 -3.6
      vertex 6.9789 -5.70258 -6.6
      vertex 6.9789 -5.70258 -3.6
    endloop
  endfacet
  facet normal 0.933595 0.358329 0
    outer loop
      vertex 6.9789 -5.70258 -6.6
      vertex 7.05204 -5.89314 -3.6
      vertex 7.05204 -5.89314 -6.6
    endloop
  endfacet
  facet normal 0.987681 -0.156481 0
    outer loop
      vertex 6.89414 -4.89617 -3.6
      vertex 6.92608 -4.69457 -6.6
      vertex 6.92608 -4.69457 -3.6
    endloop
  endfacet
  facet normal 0.987681 -0.156481 0
    outer loop
      vertex 6.92608 -4.69457 -6.6
      vertex 6.89414 -4.89617 -3.6
      vertex 6.89414 -4.89617 -6.6
    endloop
  endfacet
  facet normal 0.99863 -0.0523248 0
    outer loop
      vertex 6.88346 -5.1 -3.6
      vertex 6.89414 -4.89617 -6.6
      vertex 6.89414 -4.89617 -3.6
    endloop
  endfacet
  facet normal 0.99863 -0.0523248 0
    outer loop
      vertex 6.89414 -4.89617 -6.6
      vertex 6.88346 -5.1 -3.6
      vertex 6.88346 -5.1 -6.6
    endloop
  endfacet
  facet normal 0.99863 0.0523248 0
    outer loop
      vertex 6.89414 -5.30383 -3.6
      vertex 6.88346 -5.1 -6.6
      vertex 6.88346 -5.1 -3.6
    endloop
  endfacet
  facet normal 0.99863 0.0523248 0
    outer loop
      vertex 6.88346 -5.1 -6.6
      vertex 6.89414 -5.30383 -3.6
      vertex 6.89414 -5.30383 -6.6
    endloop
  endfacet
  facet normal 0.358388 0.933573 -0
    outer loop
      vertex -9.43604 -6.95456 -6.6
      vertex -9.62659 -6.88141 -3.6
      vertex -9.43604 -6.95456 -3.6
    endloop
  endfacet
  facet normal 0.358388 0.933573 0
    outer loop
      vertex -9.62659 -6.88141 -3.6
      vertex -9.43604 -6.95456 -6.6
      vertex -9.62659 -6.88141 -6.6
    endloop
  endfacet
  facet normal 0.838594 -0.544758 0
    outer loop
      vertex -10.5222 -4.125 -3.6
      vertex -10.411 -3.95382 -6.6
      vertex -10.411 -3.95382 -3.6
    endloop
  endfacet
  facet normal 0.838594 -0.544758 0
    outer loop
      vertex -10.411 -3.95382 -6.6
      vertex -10.5222 -4.125 -3.6
      vertex -10.5222 -4.125 -6.6
    endloop
  endfacet
  facet normal -0.544632 0.838675 0
    outer loop
      vertex -7.68727 -6.67758 -6.6
      vertex -7.85846 -6.78875 -3.6
      vertex -7.68727 -6.67758 -3.6
    endloop
  endfacet
  facet normal -0.544632 0.838675 0
    outer loop
      vertex -7.85846 -6.78875 -3.6
      vertex -7.68727 -6.67758 -6.6
      vertex -7.85846 -6.78875 -6.6
    endloop
  endfacet
  facet normal 0.156433 -0.987689 0
    outer loop
      vertex -9.23888 -3.19261 -6.6
      vertex -9.03728 -3.16068 -3.6
      vertex -9.23888 -3.19261 -3.6
    endloop
  endfacet
  facet normal 0.156433 -0.987689 0
    outer loop
      vertex -9.03728 -3.16068 -3.6
      vertex -9.23888 -3.19261 -6.6
      vertex -9.03728 -3.16068 -6.6
    endloop
  endfacet
  facet normal -0.544632 -0.838675 0
    outer loop
      vertex -7.85846 -3.41125 -6.6
      vertex -7.68727 -3.52242 -3.6
      vertex -7.85846 -3.41125 -3.6
    endloop
  endfacet
  facet normal -0.544632 -0.838675 -0
    outer loop
      vertex -7.68727 -3.52242 -3.6
      vertex -7.85846 -3.41125 -6.6
      vertex -7.68727 -3.52242 -6.6
    endloop
  endfacet
  facet normal -0.358388 0.933573 0
    outer loop
      vertex -8.04032 -6.88141 -6.6
      vertex -8.23087 -6.95456 -3.6
      vertex -8.04032 -6.88141 -3.6
    endloop
  endfacet
  facet normal -0.358388 0.933573 0
    outer loop
      vertex -8.23087 -6.95456 -3.6
      vertex -8.04032 -6.88141 -6.6
      vertex -8.23087 -6.95456 -6.6
    endloop
  endfacet
  facet normal -0.0523248 0.99863 0
    outer loop
      vertex -8.62963 -7.03932 -6.6
      vertex -8.83346 -7.05 -3.6
      vertex -8.62963 -7.03932 -3.6
    endloop
  endfacet
  facet normal -0.0523248 0.99863 0
    outer loop
      vertex -8.83346 -7.05 -3.6
      vertex -8.62963 -7.03932 -6.6
      vertex -8.83346 -7.05 -6.6
    endloop
  endfacet
  facet normal 0.838594 0.544758 0
    outer loop
      vertex -10.411 -6.24618 -3.6
      vertex -10.5222 -6.075 -6.6
      vertex -10.5222 -6.075 -3.6
    endloop
  endfacet
  facet normal 0.838594 0.544758 0
    outer loop
      vertex -10.5222 -6.075 -6.6
      vertex -10.411 -6.24618 -3.6
      vertex -10.411 -6.24618 -6.6
    endloop
  endfacet
  facet normal 0.933661 -0.358158 0
    outer loop
      vertex -10.688 -4.49742 -3.6
      vertex -10.6149 -4.30686 -6.6
      vertex -10.6149 -4.30686 -3.6
    endloop
  endfacet
  facet normal 0.933661 -0.358158 0
    outer loop
      vertex -10.6149 -4.30686 -6.6
      vertex -10.688 -4.49742 -3.6
      vertex -10.688 -4.49742 -6.6
    endloop
  endfacet
  facet normal 0.965835 0.259156 0
    outer loop
      vertex -10.688 -5.70258 -3.6
      vertex -10.7409 -5.50543 -6.6
      vertex -10.7409 -5.50543 -3.6
    endloop
  endfacet
  facet normal 0.965835 0.259156 0
    outer loop
      vertex -10.7409 -5.50543 -6.6
      vertex -10.688 -5.70258 -3.6
      vertex -10.688 -5.70258 -6.6
    endloop
  endfacet
  facet normal -0.987681 -0.156481 0
    outer loop
      vertex -6.89414 -4.89617 -6.6
      vertex -6.92608 -4.69457 -3.6
      vertex -6.92608 -4.69457 -6.6
    endloop
  endfacet
  facet normal -0.987681 -0.156481 0
    outer loop
      vertex -6.92608 -4.69457 -3.6
      vertex -6.89414 -4.89617 -6.6
      vertex -6.89414 -4.89617 -3.6
    endloop
  endfacet
  facet normal -0.777136 -0.629332 0
    outer loop
      vertex -7.25587 -3.95382 -6.6
      vertex -7.38433 -3.79519 -3.6
      vertex -7.38433 -3.79519 -6.6
    endloop
  endfacet
  facet normal -0.777136 -0.629332 0
    outer loop
      vertex -7.38433 -3.79519 -3.6
      vertex -7.25587 -3.95382 -6.6
      vertex -7.25587 -3.95382 -3.6
    endloop
  endfacet
  facet normal -0.358388 -0.933573 0
    outer loop
      vertex -8.23087 -3.24544 -6.6
      vertex -8.04032 -3.31859 -3.6
      vertex -8.23087 -3.24544 -3.6
    endloop
  endfacet
  facet normal -0.358388 -0.933573 -0
    outer loop
      vertex -8.04032 -3.31859 -3.6
      vertex -8.23087 -3.24544 -6.6
      vertex -8.04032 -3.31859 -6.6
    endloop
  endfacet
  facet normal 0.358388 -0.933573 0
    outer loop
      vertex -9.62659 -3.31859 -6.6
      vertex -9.43604 -3.24544 -3.6
      vertex -9.62659 -3.31859 -3.6
    endloop
  endfacet
  facet normal 0.358388 -0.933573 0
    outer loop
      vertex -9.43604 -3.24544 -3.6
      vertex -9.62659 -3.31859 -6.6
      vertex -9.43604 -3.24544 -6.6
    endloop
  endfacet
  facet normal -0.258824 0.965924 0
    outer loop
      vertex -8.23087 -6.95456 -6.6
      vertex -8.42803 -7.00739 -3.6
      vertex -8.23087 -6.95456 -3.6
    endloop
  endfacet
  facet normal -0.258824 0.965924 0
    outer loop
      vertex -8.42803 -7.00739 -3.6
      vertex -8.23087 -6.95456 -6.6
      vertex -8.42803 -7.00739 -6.6
    endloop
  endfacet
  facet normal 0.156433 0.987689 -0
    outer loop
      vertex -9.03728 -7.03932 -6.6
      vertex -9.23888 -7.00739 -3.6
      vertex -9.03728 -7.03932 -3.6
    endloop
  endfacet
  facet normal 0.156433 0.987689 0
    outer loop
      vertex -9.23888 -7.00739 -3.6
      vertex -9.03728 -7.03932 -6.6
      vertex -9.23888 -7.00739 -6.6
    endloop
  endfacet
  facet normal 0.544654 0.838661 -0
    outer loop
      vertex -9.80846 -6.78875 -6.6
      vertex -9.97964 -6.67758 -3.6
      vertex -9.80846 -6.78875 -3.6
    endloop
  endfacet
  facet normal 0.544654 0.838661 0
    outer loop
      vertex -9.97964 -6.67758 -3.6
      vertex -9.80846 -6.78875 -6.6
      vertex -9.97964 -6.67758 -6.6
    endloop
  endfacet
  facet normal 0.890932 0.454137 0
    outer loop
      vertex -10.5222 -6.075 -3.6
      vertex -10.6149 -5.89314 -6.6
      vertex -10.6149 -5.89314 -3.6
    endloop
  endfacet
  facet normal 0.890932 0.454137 0
    outer loop
      vertex -10.6149 -5.89314 -6.6
      vertex -10.5222 -6.075 -3.6
      vertex -10.5222 -6.075 -6.6
    endloop
  endfacet
  facet normal 0.707156 0.707058 -0
    outer loop
      vertex -10.1383 -6.54913 -6.6
      vertex -10.2826 -6.40481 -3.6
      vertex -10.1383 -6.54913 -3.6
    endloop
  endfacet
  facet normal 0.707156 0.707058 0
    outer loop
      vertex -10.2826 -6.40481 -3.6
      vertex -10.1383 -6.54913 -6.6
      vertex -10.2826 -6.40481 -6.6
    endloop
  endfacet
  facet normal 0.544654 -0.838661 0
    outer loop
      vertex -9.97964 -3.52242 -6.6
      vertex -9.80846 -3.41125 -3.6
      vertex -9.97964 -3.52242 -3.6
    endloop
  endfacet
  facet normal 0.544654 -0.838661 0
    outer loop
      vertex -9.80846 -3.41125 -3.6
      vertex -9.97964 -3.52242 -6.6
      vertex -9.80846 -3.41125 -6.6
    endloop
  endfacet
  facet normal 0.77728 -0.629155 0
    outer loop
      vertex -10.411 -3.95382 -3.6
      vertex -10.2826 -3.79519 -6.6
      vertex -10.2826 -3.79519 -3.6
    endloop
  endfacet
  facet normal 0.77728 -0.629155 0
    outer loop
      vertex -10.2826 -3.79519 -6.6
      vertex -10.411 -3.95382 -3.6
      vertex -10.411 -3.95382 -6.6
    endloop
  endfacet
  facet normal 0.707156 -0.707058 0
    outer loop
      vertex -10.2826 -3.79519 -6.6
      vertex -10.1383 -3.65087 -3.6
      vertex -10.2826 -3.79519 -3.6
    endloop
  endfacet
  facet normal 0.707156 -0.707058 0
    outer loop
      vertex -10.1383 -3.65087 -3.6
      vertex -10.2826 -3.79519 -6.6
      vertex -10.1383 -3.65087 -6.6
    endloop
  endfacet
  facet normal 0.890932 -0.454137 0
    outer loop
      vertex -10.6149 -4.30686 -3.6
      vertex -10.5222 -4.125 -6.6
      vertex -10.5222 -4.125 -3.6
    endloop
  endfacet
  facet normal 0.890932 -0.454137 0
    outer loop
      vertex -10.5222 -4.125 -6.6
      vertex -10.6149 -4.30686 -3.6
      vertex -10.6149 -4.30686 -6.6
    endloop
  endfacet
  facet normal 0.987711 0.15629 0
    outer loop
      vertex -10.7409 -5.50543 -3.6
      vertex -10.7728 -5.30383 -6.6
      vertex -10.7728 -5.30383 -3.6
    endloop
  endfacet
  facet normal 0.987711 0.15629 0
    outer loop
      vertex -10.7728 -5.30383 -6.6
      vertex -10.7409 -5.50543 -3.6
      vertex -10.7409 -5.50543 -6.6
    endloop
  endfacet
  facet normal 0.933661 0.358158 0
    outer loop
      vertex -10.6149 -5.89314 -3.6
      vertex -10.688 -5.70258 -6.6
      vertex -10.688 -5.70258 -3.6
    endloop
  endfacet
  facet normal 0.933661 0.358158 0
    outer loop
      vertex -10.688 -5.70258 -6.6
      vertex -10.6149 -5.89314 -3.6
      vertex -10.6149 -5.89314 -6.6
    endloop
  endfacet
  facet normal 0.998625 -0.0524225 0
    outer loop
      vertex -10.7835 -5.1 -3.6
      vertex -10.7728 -4.89617 -6.6
      vertex -10.7728 -4.89617 -3.6
    endloop
  endfacet
  facet normal 0.998625 -0.0524225 0
    outer loop
      vertex -10.7728 -4.89617 -6.6
      vertex -10.7835 -5.1 -3.6
      vertex -10.7835 -5.1 -6.6
    endloop
  endfacet
  facet normal 0.987711 -0.15629 0
    outer loop
      vertex -10.7728 -4.89617 -3.6
      vertex -10.7409 -4.69457 -6.6
      vertex -10.7409 -4.69457 -3.6
    endloop
  endfacet
  facet normal 0.987711 -0.15629 0
    outer loop
      vertex -10.7409 -4.69457 -6.6
      vertex -10.7728 -4.89617 -3.6
      vertex -10.7728 -4.89617 -6.6
    endloop
  endfacet
  facet normal 0.998625 0.0524225 0
    outer loop
      vertex -10.7728 -5.30383 -3.6
      vertex -10.7835 -5.1 -6.6
      vertex -10.7835 -5.1 -3.6
    endloop
  endfacet
  facet normal 0.998625 0.0524225 0
    outer loop
      vertex -10.7835 -5.1 -6.6
      vertex -10.7728 -5.30383 -3.6
      vertex -10.7728 -5.30383 -6.6
    endloop
  endfacet
  facet normal 0.965835 -0.259156 0
    outer loop
      vertex -10.7409 -4.69457 -3.6
      vertex -10.688 -4.49742 -6.6
      vertex -10.688 -4.49742 -3.6
    endloop
  endfacet
  facet normal 0.965835 -0.259156 0
    outer loop
      vertex -10.688 -4.49742 -6.6
      vertex -10.7409 -4.69457 -3.6
      vertex -10.7409 -4.69457 -6.6
    endloop
  endfacet
  facet normal -0.453982 0.891011 0
    outer loop
      vertex -7.85846 -6.78875 -6.6
      vertex -8.04032 -6.88141 -3.6
      vertex -7.85846 -6.78875 -3.6
    endloop
  endfacet
  facet normal -0.453982 0.891011 0
    outer loop
      vertex -8.04032 -6.88141 -3.6
      vertex -7.85846 -6.78875 -6.6
      vertex -8.04032 -6.88141 -6.6
    endloop
  endfacet
  facet normal -0.891011 -0.453982 0
    outer loop
      vertex -7.05204 -4.30686 -6.6
      vertex -7.1447 -4.125 -3.6
      vertex -7.1447 -4.125 -6.6
    endloop
  endfacet
  facet normal -0.891011 -0.453982 0
    outer loop
      vertex -7.1447 -4.125 -3.6
      vertex -7.05204 -4.30686 -6.6
      vertex -7.05204 -4.30686 -3.6
    endloop
  endfacet
  facet normal -0.707082 0.707131 0
    outer loop
      vertex -7.52866 -6.54913 -6.6
      vertex -7.38433 -6.40481 -3.6
      vertex -7.38433 -6.40481 -6.6
    endloop
  endfacet
  facet normal -0.707082 0.707131 0
    outer loop
      vertex -7.38433 -6.40481 -3.6
      vertex -7.52866 -6.54913 -6.6
      vertex -7.52866 -6.54913 -3.6
    endloop
  endfacet
  facet normal -0.838661 0.544654 0
    outer loop
      vertex -7.25587 -6.24618 -6.6
      vertex -7.1447 -6.075 -3.6
      vertex -7.1447 -6.075 -6.6
    endloop
  endfacet
  facet normal -0.838661 0.544654 0
    outer loop
      vertex -7.1447 -6.075 -3.6
      vertex -7.25587 -6.24618 -6.6
      vertex -7.25587 -6.24618 -3.6
    endloop
  endfacet
  facet normal -0.933595 -0.358329 0
    outer loop
      vertex -6.9789 -4.49742 -6.6
      vertex -7.05204 -4.30686 -3.6
      vertex -7.05204 -4.30686 -6.6
    endloop
  endfacet
  facet normal -0.933595 -0.358329 0
    outer loop
      vertex -7.05204 -4.30686 -3.6
      vertex -6.9789 -4.49742 -6.6
      vertex -6.9789 -4.49742 -3.6
    endloop
  endfacet
  facet normal -0.965933 -0.258791 0
    outer loop
      vertex -6.92608 -4.69457 -6.6
      vertex -6.9789 -4.49742 -3.6
      vertex -6.9789 -4.49742 -6.6
    endloop
  endfacet
  facet normal -0.965933 -0.258791 0
    outer loop
      vertex -6.9789 -4.49742 -3.6
      vertex -6.92608 -4.69457 -6.6
      vertex -6.92608 -4.69457 -3.6
    endloop
  endfacet
  facet normal -0.965933 0.258791 0
    outer loop
      vertex -6.9789 -5.70258 -6.6
      vertex -6.92608 -5.50543 -3.6
      vertex -6.92608 -5.50543 -6.6
    endloop
  endfacet
  facet normal -0.965933 0.258791 0
    outer loop
      vertex -6.92608 -5.50543 -3.6
      vertex -6.9789 -5.70258 -6.6
      vertex -6.9789 -5.70258 -3.6
    endloop
  endfacet
  facet normal -0.987681 0.156481 0
    outer loop
      vertex -6.92608 -5.50543 -6.6
      vertex -6.89414 -5.30383 -3.6
      vertex -6.89414 -5.30383 -6.6
    endloop
  endfacet
  facet normal -0.987681 0.156481 0
    outer loop
      vertex -6.89414 -5.30383 -3.6
      vertex -6.92608 -5.50543 -6.6
      vertex -6.92608 -5.50543 -3.6
    endloop
  endfacet
  facet normal -0.99863 -0.0523248 0
    outer loop
      vertex -6.88346 -5.1 -6.6
      vertex -6.89414 -4.89617 -3.6
      vertex -6.89414 -4.89617 -6.6
    endloop
  endfacet
  facet normal -0.99863 -0.0523248 0
    outer loop
      vertex -6.89414 -4.89617 -3.6
      vertex -6.88346 -5.1 -6.6
      vertex -6.88346 -5.1 -3.6
    endloop
  endfacet
  facet normal -0.838661 -0.544654 0
    outer loop
      vertex -7.1447 -4.125 -6.6
      vertex -7.25587 -3.95382 -3.6
      vertex -7.25587 -3.95382 -6.6
    endloop
  endfacet
  facet normal -0.838661 -0.544654 0
    outer loop
      vertex -7.25587 -3.95382 -3.6
      vertex -7.1447 -4.125 -6.6
      vertex -7.1447 -4.125 -3.6
    endloop
  endfacet
  facet normal -0.62935 -0.777122 0
    outer loop
      vertex -7.68727 -3.52242 -6.6
      vertex -7.52866 -3.65087 -3.6
      vertex -7.68727 -3.52242 -3.6
    endloop
  endfacet
  facet normal -0.62935 -0.777122 -0
    outer loop
      vertex -7.52866 -3.65087 -3.6
      vertex -7.68727 -3.52242 -6.6
      vertex -7.52866 -3.65087 -6.6
    endloop
  endfacet
  facet normal -0.707082 -0.707131 0
    outer loop
      vertex -7.38433 -3.79519 -6.6
      vertex -7.52866 -3.65087 -3.6
      vertex -7.52866 -3.65087 -6.6
    endloop
  endfacet
  facet normal -0.707082 -0.707131 0
    outer loop
      vertex -7.52866 -3.65087 -3.6
      vertex -7.38433 -3.79519 -6.6
      vertex -7.38433 -3.79519 -3.6
    endloop
  endfacet
  facet normal -0.453982 -0.891011 0
    outer loop
      vertex -8.04032 -3.31859 -6.6
      vertex -7.85846 -3.41125 -3.6
      vertex -8.04032 -3.31859 -3.6
    endloop
  endfacet
  facet normal -0.453982 -0.891011 -0
    outer loop
      vertex -7.85846 -3.41125 -3.6
      vertex -8.04032 -3.31859 -6.6
      vertex -7.85846 -3.41125 -6.6
    endloop
  endfacet
  facet normal 0.258824 -0.965924 0
    outer loop
      vertex -9.43604 -3.24544 -6.6
      vertex -9.23888 -3.19261 -3.6
      vertex -9.43604 -3.24544 -3.6
    endloop
  endfacet
  facet normal 0.258824 -0.965924 0
    outer loop
      vertex -9.23888 -3.19261 -3.6
      vertex -9.43604 -3.24544 -6.6
      vertex -9.23888 -3.19261 -6.6
    endloop
  endfacet
  facet normal 0.453962 -0.891021 0
    outer loop
      vertex -9.80846 -3.41125 -6.6
      vertex -9.62659 -3.31859 -3.6
      vertex -9.80846 -3.41125 -3.6
    endloop
  endfacet
  facet normal 0.453962 -0.891021 0
    outer loop
      vertex -9.62659 -3.31859 -3.6
      vertex -9.80846 -3.41125 -6.6
      vertex -9.62659 -3.31859 -6.6
    endloop
  endfacet
  facet normal -0.0523248 -0.99863 0
    outer loop
      vertex -8.83346 -3.15 -6.6
      vertex -8.62963 -3.16068 -3.6
      vertex -8.83346 -3.15 -3.6
    endloop
  endfacet
  facet normal -0.0523248 -0.99863 -0
    outer loop
      vertex -8.62963 -3.16068 -3.6
      vertex -8.83346 -3.15 -6.6
      vertex -8.62963 -3.16068 -6.6
    endloop
  endfacet
  facet normal -0.156433 -0.987689 0
    outer loop
      vertex -8.62963 -3.16068 -6.6
      vertex -8.42803 -3.19261 -3.6
      vertex -8.62963 -3.16068 -3.6
    endloop
  endfacet
  facet normal -0.156433 -0.987689 -0
    outer loop
      vertex -8.42803 -3.19261 -3.6
      vertex -8.62963 -3.16068 -6.6
      vertex -8.42803 -3.19261 -6.6
    endloop
  endfacet
  facet normal 0.0523274 -0.99863 0
    outer loop
      vertex -9.03728 -3.16068 -6.6
      vertex -8.83346 -3.15 -3.6
      vertex -9.03728 -3.16068 -3.6
    endloop
  endfacet
  facet normal 0.0523274 -0.99863 0
    outer loop
      vertex -8.83346 -3.15 -3.6
      vertex -9.03728 -3.16068 -6.6
      vertex -8.83346 -3.15 -6.6
    endloop
  endfacet
  facet normal -0.258824 -0.965924 0
    outer loop
      vertex -8.42803 -3.19261 -6.6
      vertex -8.23087 -3.24544 -3.6
      vertex -8.42803 -3.19261 -3.6
    endloop
  endfacet
  facet normal -0.258824 -0.965924 -0
    outer loop
      vertex -8.23087 -3.24544 -3.6
      vertex -8.42803 -3.19261 -6.6
      vertex -8.23087 -3.24544 -6.6
    endloop
  endfacet
  facet normal -0.156433 0.987689 0
    outer loop
      vertex -8.42803 -7.00739 -6.6
      vertex -8.62963 -7.03932 -3.6
      vertex -8.42803 -7.00739 -3.6
    endloop
  endfacet
  facet normal -0.156433 0.987689 0
    outer loop
      vertex -8.62963 -7.03932 -3.6
      vertex -8.42803 -7.00739 -6.6
      vertex -8.62963 -7.03932 -6.6
    endloop
  endfacet
  facet normal 0.0523274 0.99863 -0
    outer loop
      vertex -8.83346 -7.05 -6.6
      vertex -9.03728 -7.03932 -3.6
      vertex -8.83346 -7.05 -3.6
    endloop
  endfacet
  facet normal 0.0523274 0.99863 0
    outer loop
      vertex -9.03728 -7.03932 -3.6
      vertex -8.83346 -7.05 -6.6
      vertex -9.03728 -7.03932 -6.6
    endloop
  endfacet
  facet normal 0.258824 0.965924 -0
    outer loop
      vertex -9.23888 -7.00739 -6.6
      vertex -9.43604 -6.95456 -3.6
      vertex -9.23888 -7.00739 -3.6
    endloop
  endfacet
  facet normal 0.258824 0.965924 0
    outer loop
      vertex -9.43604 -6.95456 -3.6
      vertex -9.23888 -7.00739 -6.6
      vertex -9.43604 -6.95456 -6.6
    endloop
  endfacet
  facet normal 0.453962 0.891021 -0
    outer loop
      vertex -9.62659 -6.88141 -6.6
      vertex -9.80846 -6.78875 -3.6
      vertex -9.62659 -6.88141 -3.6
    endloop
  endfacet
  facet normal 0.453962 0.891021 0
    outer loop
      vertex -9.80846 -6.78875 -3.6
      vertex -9.62659 -6.88141 -6.6
      vertex -9.80846 -6.78875 -6.6
    endloop
  endfacet
  facet normal 0.629231 0.777219 -0
    outer loop
      vertex -9.97964 -6.67758 -6.6
      vertex -10.1383 -6.54913 -3.6
      vertex -9.97964 -6.67758 -3.6
    endloop
  endfacet
  facet normal 0.629231 0.777219 0
    outer loop
      vertex -10.1383 -6.54913 -3.6
      vertex -9.97964 -6.67758 -6.6
      vertex -10.1383 -6.54913 -6.6
    endloop
  endfacet
  facet normal 0.77728 0.629155 0
    outer loop
      vertex -10.2826 -6.40481 -3.6
      vertex -10.411 -6.24618 -6.6
      vertex -10.411 -6.24618 -3.6
    endloop
  endfacet
  facet normal 0.77728 0.629155 0
    outer loop
      vertex -10.411 -6.24618 -6.6
      vertex -10.2826 -6.40481 -3.6
      vertex -10.2826 -6.40481 -6.6
    endloop
  endfacet
  facet normal 0.629231 -0.777219 0
    outer loop
      vertex -10.1383 -3.65087 -6.6
      vertex -9.97964 -3.52242 -3.6
      vertex -10.1383 -3.65087 -3.6
    endloop
  endfacet
  facet normal 0.629231 -0.777219 0
    outer loop
      vertex -9.97964 -3.52242 -3.6
      vertex -10.1383 -3.65087 -6.6
      vertex -9.97964 -3.52242 -6.6
    endloop
  endfacet
  facet normal -0.62935 0.777122 0
    outer loop
      vertex -7.52866 -6.54913 -6.6
      vertex -7.68727 -6.67758 -3.6
      vertex -7.52866 -6.54913 -3.6
    endloop
  endfacet
  facet normal -0.62935 0.777122 0
    outer loop
      vertex -7.68727 -6.67758 -3.6
      vertex -7.52866 -6.54913 -6.6
      vertex -7.68727 -6.67758 -6.6
    endloop
  endfacet
  facet normal -0.933595 0.358329 0
    outer loop
      vertex -7.05204 -5.89314 -6.6
      vertex -6.9789 -5.70258 -3.6
      vertex -6.9789 -5.70258 -6.6
    endloop
  endfacet
  facet normal -0.933595 0.358329 0
    outer loop
      vertex -6.9789 -5.70258 -3.6
      vertex -7.05204 -5.89314 -6.6
      vertex -7.05204 -5.89314 -3.6
    endloop
  endfacet
  facet normal -0.891011 0.453982 0
    outer loop
      vertex -7.1447 -6.075 -6.6
      vertex -7.05204 -5.89314 -3.6
      vertex -7.05204 -5.89314 -6.6
    endloop
  endfacet
  facet normal -0.891011 0.453982 0
    outer loop
      vertex -7.05204 -5.89314 -3.6
      vertex -7.1447 -6.075 -6.6
      vertex -7.1447 -6.075 -3.6
    endloop
  endfacet
  facet normal -0.99863 0.0523248 0
    outer loop
      vertex -6.89414 -5.30383 -6.6
      vertex -6.88346 -5.1 -3.6
      vertex -6.88346 -5.1 -6.6
    endloop
  endfacet
  facet normal -0.99863 0.0523248 0
    outer loop
      vertex -6.88346 -5.1 -3.6
      vertex -6.89414 -5.30383 -6.6
      vertex -6.89414 -5.30383 -3.6
    endloop
  endfacet
  facet normal -0.777136 0.629332 0
    outer loop
      vertex -7.38433 -6.40481 -6.6
      vertex -7.25587 -6.24618 -3.6
      vertex -7.25587 -6.24618 -6.6
    endloop
  endfacet
  facet normal -0.777136 0.629332 0
    outer loop
      vertex -7.25587 -6.24618 -3.6
      vertex -7.38433 -6.40481 -6.6
      vertex -7.38433 -6.40481 -3.6
    endloop
  endfacet
  facet normal 0.83865 -0.544671 0
    outer loop
      vertex -1.351 0.78 -5.52
      vertex -1.26206 0.916944 -6.6
      vertex -1.26206 0.916944 -5.52
    endloop
  endfacet
  facet normal 0.83865 -0.544671 0
    outer loop
      vertex -1.26206 0.916944 -6.6
      vertex -1.351 0.78 -5.52
      vertex -1.351 0.78 -6.6
    endloop
  endfacet
  facet normal 0.358331 -0.933595 0
    outer loop
      vertex -0.634508 1.42513 -6.6
      vertex -0.482066 1.48364 -5.52
      vertex -0.634508 1.42513 -5.52
    endloop
  endfacet
  facet normal 0.358331 -0.933595 0
    outer loop
      vertex -0.482066 1.48364 -5.52
      vertex -0.634508 1.42513 -6.6
      vertex -0.482066 1.48364 -6.6
    endloop
  endfacet
  facet normal -0.453981 -0.891011 0
    outer loop
      vertex 0.634508 1.42513 -6.6
      vertex 0.78 1.351 -5.52
      vertex 0.634508 1.42513 -5.52
    endloop
  endfacet
  facet normal -0.453981 -0.891011 -0
    outer loop
      vertex 0.78 1.351 -5.52
      vertex 0.634508 1.42513 -6.6
      vertex 0.78 1.351 -6.6
    endloop
  endfacet
  facet normal -0.891011 -0.453981 0
    outer loop
      vertex 1.42513 0.634508 -6.6
      vertex 1.351 0.78 -5.52
      vertex 1.351 0.78 -6.6
    endloop
  endfacet
  facet normal -0.891011 -0.453981 0
    outer loop
      vertex 1.351 0.78 -5.52
      vertex 1.42513 0.634508 -6.6
      vertex 1.42513 0.634508 -5.52
    endloop
  endfacet
  facet normal 0.998631 0.0523007 0
    outer loop
      vertex -1.55146 -0.163063 -5.52
      vertex -1.56 0 -6.6
      vertex -1.56 0 -5.52
    endloop
  endfacet
  facet normal 0.998631 0.0523007 0
    outer loop
      vertex -1.56 0 -6.6
      vertex -1.55146 -0.163063 -5.52
      vertex -1.55146 -0.163063 -6.6
    endloop
  endfacet
  facet normal 0.0523007 -0.998631 0
    outer loop
      vertex -0.163063 1.55146 -6.6
      vertex 0 1.56 -5.52
      vertex -0.163063 1.55146 -5.52
    endloop
  endfacet
  facet normal 0.0523007 -0.998631 0
    outer loop
      vertex 0 1.56 -5.52
      vertex -0.163063 1.55146 -6.6
      vertex 0 1.56 -6.6
    endloop
  endfacet
  facet normal 0.544671 -0.83865 0
    outer loop
      vertex -0.916944 1.26206 -6.6
      vertex -0.78 1.351 -5.52
      vertex -0.916944 1.26206 -5.52
    endloop
  endfacet
  facet normal 0.544671 -0.83865 0
    outer loop
      vertex -0.78 1.351 -5.52
      vertex -0.916944 1.26206 -6.6
      vertex -0.78 1.351 -6.6
    endloop
  endfacet
  facet normal -0.987683 -0.15647 0
    outer loop
      vertex 1.55146 0.163063 -6.6
      vertex 1.52591 0.324342 -5.52
      vertex 1.52591 0.324342 -6.6
    endloop
  endfacet
  facet normal -0.987683 -0.15647 0
    outer loop
      vertex 1.52591 0.324342 -5.52
      vertex 1.55146 0.163063 -6.6
      vertex 1.55146 0.163063 -5.52
    endloop
  endfacet
  facet normal -0.777141 -0.629326 0
    outer loop
      vertex 1.26206 0.916944 -6.6
      vertex 1.1593 1.04384 -5.52
      vertex 1.1593 1.04384 -6.6
    endloop
  endfacet
  facet normal -0.777141 -0.629326 0
    outer loop
      vertex 1.1593 1.04384 -5.52
      vertex 1.26206 0.916944 -6.6
      vertex 1.26206 0.916944 -5.52
    endloop
  endfacet
  facet normal -0.544671 -0.83865 0
    outer loop
      vertex 0.78 1.351 -6.6
      vertex 0.916944 1.26206 -5.52
      vertex 0.78 1.351 -5.52
    endloop
  endfacet
  facet normal -0.544671 -0.83865 -0
    outer loop
      vertex 0.916944 1.26206 -5.52
      vertex 0.78 1.351 -6.6
      vertex 0.916944 1.26206 -6.6
    endloop
  endfacet
  facet normal -0.258865 -0.965914 0
    outer loop
      vertex 0.324342 1.52591 -6.6
      vertex 0.482066 1.48364 -5.52
      vertex 0.324342 1.52591 -5.52
    endloop
  endfacet
  facet normal -0.258865 -0.965914 -0
    outer loop
      vertex 0.482066 1.48364 -5.52
      vertex 0.324342 1.52591 -6.6
      vertex 0.482066 1.48364 -6.6
    endloop
  endfacet
  facet normal 0.987683 -0.15647 0
    outer loop
      vertex -1.55146 0.163063 -5.52
      vertex -1.52591 0.324342 -6.6
      vertex -1.52591 0.324342 -5.52
    endloop
  endfacet
  facet normal 0.987683 -0.15647 0
    outer loop
      vertex -1.52591 0.324342 -6.6
      vertex -1.55146 0.163063 -5.52
      vertex -1.55146 0.163063 -6.6
    endloop
  endfacet
  facet normal 0.777141 -0.629326 0
    outer loop
      vertex -1.26206 0.916944 -5.52
      vertex -1.1593 1.04384 -6.6
      vertex -1.1593 1.04384 -5.52
    endloop
  endfacet
  facet normal 0.777141 -0.629326 0
    outer loop
      vertex -1.1593 1.04384 -6.6
      vertex -1.26206 0.916944 -5.52
      vertex -1.26206 0.916944 -6.6
    endloop
  endfacet
  facet normal 0.629326 -0.777141 0
    outer loop
      vertex -1.04384 1.1593 -6.6
      vertex -0.916944 1.26206 -5.52
      vertex -1.04384 1.1593 -5.52
    endloop
  endfacet
  facet normal 0.629326 -0.777141 0
    outer loop
      vertex -0.916944 1.26206 -5.52
      vertex -1.04384 1.1593 -6.6
      vertex -0.916944 1.26206 -6.6
    endloop
  endfacet
  facet normal -0.0523007 -0.998631 0
    outer loop
      vertex 0 1.56 -6.6
      vertex 0.163063 1.55146 -5.52
      vertex 0 1.56 -5.52
    endloop
  endfacet
  facet normal -0.0523007 -0.998631 -0
    outer loop
      vertex 0.163063 1.55146 -5.52
      vertex 0 1.56 -6.6
      vertex 0.163063 1.55146 -6.6
    endloop
  endfacet
  facet normal 0.258865 -0.965914 0
    outer loop
      vertex -0.482066 1.48364 -6.6
      vertex -0.324342 1.52591 -5.52
      vertex -0.482066 1.48364 -5.52
    endloop
  endfacet
  facet normal 0.258865 -0.965914 0
    outer loop
      vertex -0.324342 1.52591 -5.52
      vertex -0.482066 1.48364 -6.6
      vertex -0.324342 1.52591 -6.6
    endloop
  endfacet
  facet normal 0.15647 -0.987683 0
    outer loop
      vertex -0.324342 1.52591 -6.6
      vertex -0.163063 1.55146 -5.52
      vertex -0.324342 1.52591 -5.52
    endloop
  endfacet
  facet normal 0.15647 -0.987683 0
    outer loop
      vertex -0.163063 1.55146 -5.52
      vertex -0.324342 1.52591 -6.6
      vertex -0.163063 1.55146 -6.6
    endloop
  endfacet
  facet normal 0.453981 -0.891011 0
    outer loop
      vertex -0.78 1.351 -6.6
      vertex -0.634508 1.42513 -5.52
      vertex -0.78 1.351 -5.52
    endloop
  endfacet
  facet normal 0.453981 -0.891011 0
    outer loop
      vertex -0.634508 1.42513 -5.52
      vertex -0.78 1.351 -6.6
      vertex -0.634508 1.42513 -6.6
    endloop
  endfacet
  facet normal -0.998631 -0.0523007 0
    outer loop
      vertex 1.56 0 -6.6
      vertex 1.55146 0.163063 -5.52
      vertex 1.55146 0.163063 -6.6
    endloop
  endfacet
  facet normal -0.998631 -0.0523007 0
    outer loop
      vertex 1.55146 0.163063 -5.52
      vertex 1.56 0 -6.6
      vertex 1.56 0 -5.52
    endloop
  endfacet
  facet normal -0.933595 -0.358331 0
    outer loop
      vertex 1.48364 0.482066 -6.6
      vertex 1.42513 0.634508 -5.52
      vertex 1.42513 0.634508 -6.6
    endloop
  endfacet
  facet normal -0.933595 -0.358331 0
    outer loop
      vertex 1.42513 0.634508 -5.52
      vertex 1.48364 0.482066 -6.6
      vertex 1.48364 0.482066 -5.52
    endloop
  endfacet
  facet normal -0.965914 -0.258865 0
    outer loop
      vertex 1.52591 0.324342 -6.6
      vertex 1.48364 0.482066 -5.52
      vertex 1.48364 0.482066 -6.6
    endloop
  endfacet
  facet normal -0.965914 -0.258865 0
    outer loop
      vertex 1.48364 0.482066 -5.52
      vertex 1.52591 0.324342 -6.6
      vertex 1.52591 0.324342 -5.52
    endloop
  endfacet
  facet normal -0.83865 -0.544671 0
    outer loop
      vertex 1.351 0.78 -6.6
      vertex 1.26206 0.916944 -5.52
      vertex 1.26206 0.916944 -6.6
    endloop
  endfacet
  facet normal -0.83865 -0.544671 0
    outer loop
      vertex 1.26206 0.916944 -5.52
      vertex 1.351 0.78 -6.6
      vertex 1.351 0.78 -5.52
    endloop
  endfacet
  facet normal -0.358331 -0.933595 0
    outer loop
      vertex 0.482066 1.48364 -6.6
      vertex 0.634508 1.42513 -5.52
      vertex 0.482066 1.48364 -5.52
    endloop
  endfacet
  facet normal -0.358331 -0.933595 -0
    outer loop
      vertex 0.634508 1.42513 -5.52
      vertex 0.482066 1.48364 -6.6
      vertex 0.634508 1.42513 -6.6
    endloop
  endfacet
  facet normal -0.15647 -0.987683 0
    outer loop
      vertex 0.163063 1.55146 -6.6
      vertex 0.324342 1.52591 -5.52
      vertex 0.163063 1.55146 -5.52
    endloop
  endfacet
  facet normal -0.15647 -0.987683 -0
    outer loop
      vertex 0.324342 1.52591 -5.52
      vertex 0.163063 1.55146 -6.6
      vertex 0.324342 1.52591 -6.6
    endloop
  endfacet
  facet normal -0.629326 -0.777141 0
    outer loop
      vertex 0.916944 1.26206 -6.6
      vertex 1.04384 1.1593 -5.52
      vertex 0.916944 1.26206 -5.52
    endloop
  endfacet
  facet normal -0.629326 -0.777141 -0
    outer loop
      vertex 1.04384 1.1593 -5.52
      vertex 0.916944 1.26206 -6.6
      vertex 1.04384 1.1593 -6.6
    endloop
  endfacet
  facet normal -0.707107 -0.707107 0
    outer loop
      vertex 1.1593 1.04384 -6.6
      vertex 1.04384 1.1593 -5.52
      vertex 1.04384 1.1593 -6.6
    endloop
  endfacet
  facet normal -0.707107 -0.707107 0
    outer loop
      vertex 1.04384 1.1593 -5.52
      vertex 1.1593 1.04384 -6.6
      vertex 1.1593 1.04384 -5.52
    endloop
  endfacet
  facet normal 0.998631 -0.0523007 0
    outer loop
      vertex -1.56 0 -5.52
      vertex -1.55146 0.163063 -6.6
      vertex -1.55146 0.163063 -5.52
    endloop
  endfacet
  facet normal 0.998631 -0.0523007 0
    outer loop
      vertex -1.55146 0.163063 -6.6
      vertex -1.56 0 -5.52
      vertex -1.56 0 -6.6
    endloop
  endfacet
  facet normal 0.965914 0.258865 0
    outer loop
      vertex -1.48364 -0.482066 -5.52
      vertex -1.52591 -0.324342 -6.6
      vertex -1.52591 -0.324342 -5.52
    endloop
  endfacet
  facet normal 0.965914 0.258865 0
    outer loop
      vertex -1.52591 -0.324342 -6.6
      vertex -1.48364 -0.482066 -5.52
      vertex -1.48364 -0.482066 -6.6
    endloop
  endfacet
  facet normal -0.891011 0.453981 0
    outer loop
      vertex 1.351 -0.78 -6.6
      vertex 1.42513 -0.634508 -5.52
      vertex 1.42513 -0.634508 -6.6
    endloop
  endfacet
  facet normal -0.891011 0.453981 0
    outer loop
      vertex 1.42513 -0.634508 -5.52
      vertex 1.351 -0.78 -6.6
      vertex 1.351 -0.78 -5.52
    endloop
  endfacet
  facet normal 0.453981 0.891011 -0
    outer loop
      vertex -0.634508 -1.42513 -6.6
      vertex -0.78 -1.351 -5.52
      vertex -0.634508 -1.42513 -5.52
    endloop
  endfacet
  facet normal 0.453981 0.891011 0
    outer loop
      vertex -0.78 -1.351 -5.52
      vertex -0.634508 -1.42513 -6.6
      vertex -0.78 -1.351 -6.6
    endloop
  endfacet
  facet normal 0.891011 -0.453981 0
    outer loop
      vertex -1.42513 0.634508 -5.52
      vertex -1.351 0.78 -6.6
      vertex -1.351 0.78 -5.52
    endloop
  endfacet
  facet normal 0.891011 -0.453981 0
    outer loop
      vertex -1.351 0.78 -6.6
      vertex -1.42513 0.634508 -5.52
      vertex -1.42513 0.634508 -6.6
    endloop
  endfacet
  facet normal 0.933595 -0.358331 0
    outer loop
      vertex -1.48364 0.482066 -5.52
      vertex -1.42513 0.634508 -6.6
      vertex -1.42513 0.634508 -5.52
    endloop
  endfacet
  facet normal 0.933595 -0.358331 0
    outer loop
      vertex -1.42513 0.634508 -6.6
      vertex -1.48364 0.482066 -5.52
      vertex -1.48364 0.482066 -6.6
    endloop
  endfacet
  facet normal 0.965914 -0.258865 0
    outer loop
      vertex -1.52591 0.324342 -5.52
      vertex -1.48364 0.482066 -6.6
      vertex -1.48364 0.482066 -5.52
    endloop
  endfacet
  facet normal 0.965914 -0.258865 0
    outer loop
      vertex -1.48364 0.482066 -6.6
      vertex -1.52591 0.324342 -5.52
      vertex -1.52591 0.324342 -6.6
    endloop
  endfacet
  facet normal 0.707107 -0.707107 0
    outer loop
      vertex -1.1593 1.04384 -5.52
      vertex -1.04384 1.1593 -6.6
      vertex -1.04384 1.1593 -5.52
    endloop
  endfacet
  facet normal 0.707107 -0.707107 0
    outer loop
      vertex -1.04384 1.1593 -6.6
      vertex -1.1593 1.04384 -5.52
      vertex -1.1593 1.04384 -6.6
    endloop
  endfacet
  facet normal 0.987683 0.15647 0
    outer loop
      vertex -1.52591 -0.324342 -5.52
      vertex -1.55146 -0.163063 -6.6
      vertex -1.55146 -0.163063 -5.52
    endloop
  endfacet
  facet normal 0.987683 0.15647 0
    outer loop
      vertex -1.55146 -0.163063 -6.6
      vertex -1.52591 -0.324342 -5.52
      vertex -1.52591 -0.324342 -6.6
    endloop
  endfacet
  facet normal 0.707107 0.707107 0
    outer loop
      vertex -1.04384 -1.1593 -5.52
      vertex -1.1593 -1.04384 -6.6
      vertex -1.1593 -1.04384 -5.52
    endloop
  endfacet
  facet normal 0.707107 0.707107 0
    outer loop
      vertex -1.1593 -1.04384 -6.6
      vertex -1.04384 -1.1593 -5.52
      vertex -1.04384 -1.1593 -6.6
    endloop
  endfacet
  facet normal 0.83865 0.544671 0
    outer loop
      vertex -1.26206 -0.916944 -5.52
      vertex -1.351 -0.78 -6.6
      vertex -1.351 -0.78 -5.52
    endloop
  endfacet
  facet normal 0.83865 0.544671 0
    outer loop
      vertex -1.351 -0.78 -6.6
      vertex -1.26206 -0.916944 -5.52
      vertex -1.26206 -0.916944 -6.6
    endloop
  endfacet
  facet normal 0.891011 0.453981 0
    outer loop
      vertex -1.351 -0.78 -5.52
      vertex -1.42513 -0.634508 -6.6
      vertex -1.42513 -0.634508 -5.52
    endloop
  endfacet
  facet normal 0.891011 0.453981 0
    outer loop
      vertex -1.42513 -0.634508 -6.6
      vertex -1.351 -0.78 -5.52
      vertex -1.351 -0.78 -6.6
    endloop
  endfacet
  facet normal -0.258865 0.965914 0
    outer loop
      vertex 0.482066 -1.48364 -6.6
      vertex 0.324342 -1.52591 -5.52
      vertex 0.482066 -1.48364 -5.52
    endloop
  endfacet
  facet normal -0.258865 0.965914 0
    outer loop
      vertex 0.324342 -1.52591 -5.52
      vertex 0.482066 -1.48364 -6.6
      vertex 0.324342 -1.52591 -6.6
    endloop
  endfacet
  facet normal -0.998631 0.0523007 0
    outer loop
      vertex 1.55146 -0.163063 -6.6
      vertex 1.56 0 -5.52
      vertex 1.56 0 -6.6
    endloop
  endfacet
  facet normal -0.998631 0.0523007 0
    outer loop
      vertex 1.56 0 -5.52
      vertex 1.55146 -0.163063 -6.6
      vertex 1.55146 -0.163063 -5.52
    endloop
  endfacet
  facet normal -0.965914 0.258865 0
    outer loop
      vertex 1.48364 -0.482066 -6.6
      vertex 1.52591 -0.324342 -5.52
      vertex 1.52591 -0.324342 -6.6
    endloop
  endfacet
  facet normal -0.965914 0.258865 0
    outer loop
      vertex 1.52591 -0.324342 -5.52
      vertex 1.48364 -0.482066 -6.6
      vertex 1.48364 -0.482066 -5.52
    endloop
  endfacet
  facet normal 0.15647 0.987683 -0
    outer loop
      vertex -0.163063 -1.55146 -6.6
      vertex -0.324342 -1.52591 -5.52
      vertex -0.163063 -1.55146 -5.52
    endloop
  endfacet
  facet normal 0.15647 0.987683 0
    outer loop
      vertex -0.324342 -1.52591 -5.52
      vertex -0.163063 -1.55146 -6.6
      vertex -0.324342 -1.52591 -6.6
    endloop
  endfacet
  facet normal 0.358331 0.933595 -0
    outer loop
      vertex -0.482066 -1.48364 -6.6
      vertex -0.634508 -1.42513 -5.52
      vertex -0.482066 -1.48364 -5.52
    endloop
  endfacet
  facet normal 0.358331 0.933595 0
    outer loop
      vertex -0.634508 -1.42513 -5.52
      vertex -0.482066 -1.48364 -6.6
      vertex -0.634508 -1.42513 -6.6
    endloop
  endfacet
  facet normal 0.777141 0.629326 0
    outer loop
      vertex -1.1593 -1.04384 -5.52
      vertex -1.26206 -0.916944 -6.6
      vertex -1.26206 -0.916944 -5.52
    endloop
  endfacet
  facet normal 0.777141 0.629326 0
    outer loop
      vertex -1.26206 -0.916944 -6.6
      vertex -1.1593 -1.04384 -5.52
      vertex -1.1593 -1.04384 -6.6
    endloop
  endfacet
  facet normal 0.629326 0.777141 -0
    outer loop
      vertex -0.916944 -1.26206 -6.6
      vertex -1.04384 -1.1593 -5.52
      vertex -0.916944 -1.26206 -5.52
    endloop
  endfacet
  facet normal 0.629326 0.777141 0
    outer loop
      vertex -1.04384 -1.1593 -5.52
      vertex -0.916944 -1.26206 -6.6
      vertex -1.04384 -1.1593 -6.6
    endloop
  endfacet
  facet normal 0.544671 0.83865 -0
    outer loop
      vertex -0.78 -1.351 -6.6
      vertex -0.916944 -1.26206 -5.52
      vertex -0.78 -1.351 -5.52
    endloop
  endfacet
  facet normal 0.544671 0.83865 0
    outer loop
      vertex -0.916944 -1.26206 -5.52
      vertex -0.78 -1.351 -6.6
      vertex -0.916944 -1.26206 -6.6
    endloop
  endfacet
  facet normal 0.933595 0.358331 0
    outer loop
      vertex -1.42513 -0.634508 -5.52
      vertex -1.48364 -0.482066 -6.6
      vertex -1.48364 -0.482066 -5.52
    endloop
  endfacet
  facet normal 0.933595 0.358331 0
    outer loop
      vertex -1.48364 -0.482066 -6.6
      vertex -1.42513 -0.634508 -5.52
      vertex -1.42513 -0.634508 -6.6
    endloop
  endfacet
  facet normal 0.0523007 0.998631 -0
    outer loop
      vertex 0 -1.56 -6.6
      vertex -0.163063 -1.55146 -5.52
      vertex 0 -1.56 -5.52
    endloop
  endfacet
  facet normal 0.0523007 0.998631 0
    outer loop
      vertex -0.163063 -1.55146 -5.52
      vertex 0 -1.56 -6.6
      vertex -0.163063 -1.55146 -6.6
    endloop
  endfacet
  facet normal -0.83865 0.544671 0
    outer loop
      vertex 1.26206 -0.916944 -6.6
      vertex 1.351 -0.78 -5.52
      vertex 1.351 -0.78 -6.6
    endloop
  endfacet
  facet normal -0.83865 0.544671 0
    outer loop
      vertex 1.351 -0.78 -5.52
      vertex 1.26206 -0.916944 -6.6
      vertex 1.26206 -0.916944 -5.52
    endloop
  endfacet
  facet normal -0.987683 0.15647 0
    outer loop
      vertex 1.52591 -0.324342 -6.6
      vertex 1.55146 -0.163063 -5.52
      vertex 1.55146 -0.163063 -6.6
    endloop
  endfacet
  facet normal -0.987683 0.15647 0
    outer loop
      vertex 1.55146 -0.163063 -5.52
      vertex 1.52591 -0.324342 -6.6
      vertex 1.52591 -0.324342 -5.52
    endloop
  endfacet
  facet normal -0.933595 0.358331 0
    outer loop
      vertex 1.42513 -0.634508 -6.6
      vertex 1.48364 -0.482066 -5.52
      vertex 1.48364 -0.482066 -6.6
    endloop
  endfacet
  facet normal -0.933595 0.358331 0
    outer loop
      vertex 1.48364 -0.482066 -5.52
      vertex 1.42513 -0.634508 -6.6
      vertex 1.42513 -0.634508 -5.52
    endloop
  endfacet
  facet normal 0.258865 0.965914 -0
    outer loop
      vertex -0.324342 -1.52591 -6.6
      vertex -0.482066 -1.48364 -5.52
      vertex -0.324342 -1.52591 -5.52
    endloop
  endfacet
  facet normal 0.258865 0.965914 0
    outer loop
      vertex -0.482066 -1.48364 -5.52
      vertex -0.324342 -1.52591 -6.6
      vertex -0.482066 -1.48364 -6.6
    endloop
  endfacet
  facet normal -0.629326 0.777141 0
    outer loop
      vertex 1.04384 -1.1593 -6.6
      vertex 0.916944 -1.26206 -5.52
      vertex 1.04384 -1.1593 -5.52
    endloop
  endfacet
  facet normal -0.629326 0.777141 0
    outer loop
      vertex 0.916944 -1.26206 -5.52
      vertex 1.04384 -1.1593 -6.6
      vertex 0.916944 -1.26206 -6.6
    endloop
  endfacet
  facet normal -0.544671 0.83865 0
    outer loop
      vertex 0.916944 -1.26206 -6.6
      vertex 0.78 -1.351 -5.52
      vertex 0.916944 -1.26206 -5.52
    endloop
  endfacet
  facet normal -0.544671 0.83865 0
    outer loop
      vertex 0.78 -1.351 -5.52
      vertex 0.916944 -1.26206 -6.6
      vertex 0.78 -1.351 -6.6
    endloop
  endfacet
  facet normal -0.453981 0.891011 0
    outer loop
      vertex 0.78 -1.351 -6.6
      vertex 0.634508 -1.42513 -5.52
      vertex 0.78 -1.351 -5.52
    endloop
  endfacet
  facet normal -0.453981 0.891011 0
    outer loop
      vertex 0.634508 -1.42513 -5.52
      vertex 0.78 -1.351 -6.6
      vertex 0.634508 -1.42513 -6.6
    endloop
  endfacet
  facet normal -0.0523007 0.998631 0
    outer loop
      vertex 0.163063 -1.55146 -6.6
      vertex 0 -1.56 -5.52
      vertex 0.163063 -1.55146 -5.52
    endloop
  endfacet
  facet normal -0.0523007 0.998631 0
    outer loop
      vertex 0 -1.56 -5.52
      vertex 0.163063 -1.55146 -6.6
      vertex 0 -1.56 -6.6
    endloop
  endfacet
  facet normal -0.707107 0.707107 0
    outer loop
      vertex 1.04384 -1.1593 -6.6
      vertex 1.1593 -1.04384 -5.52
      vertex 1.1593 -1.04384 -6.6
    endloop
  endfacet
  facet normal -0.707107 0.707107 0
    outer loop
      vertex 1.1593 -1.04384 -5.52
      vertex 1.04384 -1.1593 -6.6
      vertex 1.04384 -1.1593 -5.52
    endloop
  endfacet
  facet normal -0.777141 0.629326 0
    outer loop
      vertex 1.1593 -1.04384 -6.6
      vertex 1.26206 -0.916944 -5.52
      vertex 1.26206 -0.916944 -6.6
    endloop
  endfacet
  facet normal -0.777141 0.629326 0
    outer loop
      vertex 1.26206 -0.916944 -5.52
      vertex 1.1593 -1.04384 -6.6
      vertex 1.1593 -1.04384 -5.52
    endloop
  endfacet
  facet normal -0.358331 0.933595 0
    outer loop
      vertex 0.634508 -1.42513 -6.6
      vertex 0.482066 -1.48364 -5.52
      vertex 0.634508 -1.42513 -5.52
    endloop
  endfacet
  facet normal -0.358331 0.933595 0
    outer loop
      vertex 0.482066 -1.48364 -5.52
      vertex 0.634508 -1.42513 -6.6
      vertex 0.482066 -1.48364 -6.6
    endloop
  endfacet
  facet normal -0.15647 0.987683 0
    outer loop
      vertex 0.324342 -1.52591 -6.6
      vertex 0.163063 -1.55146 -5.52
      vertex 0.324342 -1.52591 -5.52
    endloop
  endfacet
  facet normal -0.15647 0.987683 0
    outer loop
      vertex 0.163063 -1.55146 -5.52
      vertex 0.324342 -1.52591 -6.6
      vertex 0.163063 -1.55146 -6.6
    endloop
  endfacet
  facet normal -0.0523375 -0.998629 0
    outer loop
      vertex 0 5.52 -5.52
      vertex 0.576996 5.48976 -3.6
      vertex 0 5.52 -3.6
    endloop
  endfacet
  facet normal -0.0523375 -0.998629 -0
    outer loop
      vertex 0.576996 5.48976 -3.6
      vertex 0 5.52 -5.52
      vertex 0.576996 5.48976 -5.52
    endloop
  endfacet
  facet normal 0.0523375 0.998629 -0
    outer loop
      vertex 0 -5.52 -5.52
      vertex -0.576996 -5.48976 -3.6
      vertex 0 -5.52 -3.6
    endloop
  endfacet
  facet normal 0.0523375 0.998629 0
    outer loop
      vertex -0.576996 -5.48976 -3.6
      vertex 0 -5.52 -5.52
      vertex -0.576996 -5.48976 -5.52
    endloop
  endfacet
  facet normal 0.707107 -0.707107 0
    outer loop
      vertex -4.10216 3.6936 -3.6
      vertex -3.6936 4.10216 -5.52
      vertex -3.6936 4.10216 -3.6
    endloop
  endfacet
  facet normal 0.707107 -0.707107 0
    outer loop
      vertex -3.6936 4.10216 -5.52
      vertex -4.10216 3.6936 -3.6
      vertex -4.10216 3.6936 -5.52
    endloop
  endfacet
  facet normal -0.707107 -0.707107 0
    outer loop
      vertex 4.10216 3.6936 -5.52
      vertex 3.6936 4.10216 -3.6
      vertex 3.6936 4.10216 -5.52
    endloop
  endfacet
  facet normal -0.707107 -0.707107 0
    outer loop
      vertex 3.6936 4.10216 -3.6
      vertex 4.10216 3.6936 -5.52
      vertex 4.10216 3.6936 -3.6
    endloop
  endfacet
  facet normal -0.358368 -0.93358 0
    outer loop
      vertex 1.70578 5.24983 -5.52
      vertex 2.24519 5.04277 -3.6
      vertex 1.70578 5.24983 -3.6
    endloop
  endfacet
  facet normal -0.358368 -0.93358 -0
    outer loop
      vertex 2.24519 5.04277 -3.6
      vertex 1.70578 5.24983 -5.52
      vertex 2.24519 5.04277 -5.52
    endloop
  endfacet
  facet normal 0.358368 -0.93358 0
    outer loop
      vertex -2.24519 5.04277 -5.52
      vertex -1.70578 5.24983 -3.6
      vertex -2.24519 5.04277 -3.6
    endloop
  endfacet
  facet normal 0.358368 -0.93358 0
    outer loop
      vertex -1.70578 5.24983 -3.6
      vertex -2.24519 5.04277 -5.52
      vertex -1.70578 5.24983 -5.52
    endloop
  endfacet
  facet normal 0.544635 -0.838673 0
    outer loop
      vertex -3.24457 4.46578 -5.52
      vertex -2.76 4.78046 -3.6
      vertex -3.24457 4.46578 -3.6
    endloop
  endfacet
  facet normal 0.544635 -0.838673 0
    outer loop
      vertex -2.76 4.78046 -3.6
      vertex -3.24457 4.46578 -5.52
      vertex -2.76 4.78046 -5.52
    endloop
  endfacet
  facet normal -0.258811 -0.965928 0
    outer loop
      vertex 1.14767 5.39937 -5.52
      vertex 1.70578 5.24983 -3.6
      vertex 1.14767 5.39937 -3.6
    endloop
  endfacet
  facet normal -0.258811 -0.965928 -0
    outer loop
      vertex 1.70578 5.24983 -3.6
      vertex 1.14767 5.39937 -5.52
      vertex 1.70578 5.24983 -5.52
    endloop
  endfacet
  facet normal 0.156441 0.987687 -0
    outer loop
      vertex -0.576996 -5.48976 -5.52
      vertex -1.14767 -5.39937 -3.6
      vertex -0.576996 -5.48976 -3.6
    endloop
  endfacet
  facet normal 0.156441 0.987687 0
    outer loop
      vertex -1.14767 -5.39937 -3.6
      vertex -0.576996 -5.48976 -5.52
      vertex -1.14767 -5.39937 -5.52
    endloop
  endfacet
  facet normal 0.838673 -0.544635 0
    outer loop
      vertex -4.78046 2.76 -3.6
      vertex -4.46578 3.24457 -5.52
      vertex -4.46578 3.24457 -3.6
    endloop
  endfacet
  facet normal 0.838673 -0.544635 0
    outer loop
      vertex -4.46578 3.24457 -5.52
      vertex -4.78046 2.76 -3.6
      vertex -4.78046 2.76 -5.52
    endloop
  endfacet
  facet normal 0.777144 -0.629323 0
    outer loop
      vertex -4.46578 3.24457 -3.6
      vertex -4.10216 3.6936 -5.52
      vertex -4.10216 3.6936 -3.6
    endloop
  endfacet
  facet normal 0.777144 -0.629323 0
    outer loop
      vertex -4.10216 3.6936 -5.52
      vertex -4.46578 3.24457 -3.6
      vertex -4.46578 3.24457 -5.52
    endloop
  endfacet
  facet normal 0.890986 -0.454031 0
    outer loop
      vertex -4.80492 2.712 -3.6
      vertex -4.78046 2.76 -5.52
      vertex -4.78046 2.76 -3.6
    endloop
  endfacet
  facet normal 0.890986 -0.454031 0
    outer loop
      vertex -4.78046 2.76 -5.52
      vertex -4.80492 2.712 -3.6
      vertex -4.80492 2.712 -5.52
    endloop
  endfacet
  facet normal 0.156441 -0.987687 0
    outer loop
      vertex -1.14767 5.39937 -5.52
      vertex -0.576996 5.48976 -3.6
      vertex -1.14767 5.39937 -3.6
    endloop
  endfacet
  facet normal 0.156441 -0.987687 0
    outer loop
      vertex -0.576996 5.48976 -3.6
      vertex -1.14767 5.39937 -5.52
      vertex -0.576996 5.48976 -5.52
    endloop
  endfacet
  facet normal 0.258811 -0.965928 0
    outer loop
      vertex -1.70578 5.24983 -5.52
      vertex -1.14767 5.39937 -3.6
      vertex -1.70578 5.24983 -3.6
    endloop
  endfacet
  facet normal 0.258811 -0.965928 0
    outer loop
      vertex -1.14767 5.39937 -3.6
      vertex -1.70578 5.24983 -5.52
      vertex -1.14767 5.39937 -5.52
    endloop
  endfacet
  facet normal 0.0523375 -0.998629 0
    outer loop
      vertex -0.576996 5.48976 -5.52
      vertex 0 5.52 -3.6
      vertex -0.576996 5.48976 -3.6
    endloop
  endfacet
  facet normal 0.0523375 -0.998629 0
    outer loop
      vertex 0 5.52 -3.6
      vertex -0.576996 5.48976 -5.52
      vertex 0 5.52 -5.52
    endloop
  endfacet
  facet normal 0.453992 -0.891006 0
    outer loop
      vertex -2.76 4.78046 -5.52
      vertex -2.24519 5.04277 -3.6
      vertex -2.76 4.78046 -3.6
    endloop
  endfacet
  facet normal 0.453992 -0.891006 0
    outer loop
      vertex -2.24519 5.04277 -3.6
      vertex -2.76 4.78046 -5.52
      vertex -2.24519 5.04277 -5.52
    endloop
  endfacet
  facet normal 0.629323 -0.777144 0
    outer loop
      vertex -3.6936 4.10216 -5.52
      vertex -3.24457 4.46578 -3.6
      vertex -3.6936 4.10216 -3.6
    endloop
  endfacet
  facet normal 0.629323 -0.777144 0
    outer loop
      vertex -3.24457 4.46578 -3.6
      vertex -3.6936 4.10216 -5.52
      vertex -3.24457 4.46578 -5.52
    endloop
  endfacet
  facet normal -0.838673 -0.544635 0
    outer loop
      vertex 4.78046 2.76 -5.52
      vertex 4.46578 3.24457 -3.6
      vertex 4.46578 3.24457 -5.52
    endloop
  endfacet
  facet normal -0.838673 -0.544635 0
    outer loop
      vertex 4.46578 3.24457 -3.6
      vertex 4.78046 2.76 -5.52
      vertex 4.78046 2.76 -3.6
    endloop
  endfacet
  facet normal -0.777144 -0.629323 0
    outer loop
      vertex 4.46578 3.24457 -5.52
      vertex 4.10216 3.6936 -3.6
      vertex 4.10216 3.6936 -5.52
    endloop
  endfacet
  facet normal -0.777144 -0.629323 0
    outer loop
      vertex 4.10216 3.6936 -3.6
      vertex 4.46578 3.24457 -5.52
      vertex 4.46578 3.24457 -3.6
    endloop
  endfacet
  facet normal -0.890986 -0.454031 0
    outer loop
      vertex 4.80492 2.712 -5.52
      vertex 4.78046 2.76 -3.6
      vertex 4.78046 2.76 -5.52
    endloop
  endfacet
  facet normal -0.890986 -0.454031 0
    outer loop
      vertex 4.78046 2.76 -3.6
      vertex 4.80492 2.712 -5.52
      vertex 4.80492 2.712 -3.6
    endloop
  endfacet
  facet normal -0.544635 -0.838673 0
    outer loop
      vertex 2.76 4.78046 -5.52
      vertex 3.24457 4.46578 -3.6
      vertex 2.76 4.78046 -3.6
    endloop
  endfacet
  facet normal -0.544635 -0.838673 -0
    outer loop
      vertex 3.24457 4.46578 -3.6
      vertex 2.76 4.78046 -5.52
      vertex 3.24457 4.46578 -5.52
    endloop
  endfacet
  facet normal -0.453992 -0.891006 0
    outer loop
      vertex 2.24519 5.04277 -5.52
      vertex 2.76 4.78046 -3.6
      vertex 2.24519 5.04277 -3.6
    endloop
  endfacet
  facet normal -0.453992 -0.891006 -0
    outer loop
      vertex 2.76 4.78046 -3.6
      vertex 2.24519 5.04277 -5.52
      vertex 2.76 4.78046 -5.52
    endloop
  endfacet
  facet normal -0.629323 -0.777144 0
    outer loop
      vertex 3.24457 4.46578 -5.52
      vertex 3.6936 4.10216 -3.6
      vertex 3.24457 4.46578 -3.6
    endloop
  endfacet
  facet normal -0.629323 -0.777144 -0
    outer loop
      vertex 3.6936 4.10216 -3.6
      vertex 3.24457 4.46578 -5.52
      vertex 3.6936 4.10216 -5.52
    endloop
  endfacet
  facet normal -0.156441 -0.987687 0
    outer loop
      vertex 0.576996 5.48976 -5.52
      vertex 1.14767 5.39937 -3.6
      vertex 0.576996 5.48976 -3.6
    endloop
  endfacet
  facet normal -0.156441 -0.987687 -0
    outer loop
      vertex 1.14767 5.39937 -3.6
      vertex 0.576996 5.48976 -5.52
      vertex 1.14767 5.39937 -5.52
    endloop
  endfacet
  facet normal 0.707107 0.707107 0
    outer loop
      vertex -3.6936 -4.10216 -3.6
      vertex -4.10216 -3.6936 -5.52
      vertex -4.10216 -3.6936 -3.6
    endloop
  endfacet
  facet normal 0.707107 0.707107 0
    outer loop
      vertex -4.10216 -3.6936 -5.52
      vertex -3.6936 -4.10216 -3.6
      vertex -3.6936 -4.10216 -5.52
    endloop
  endfacet
  facet normal 0.777144 0.629323 0
    outer loop
      vertex -4.10216 -3.6936 -3.6
      vertex -4.46578 -3.24457 -5.52
      vertex -4.46578 -3.24457 -3.6
    endloop
  endfacet
  facet normal 0.777144 0.629323 0
    outer loop
      vertex -4.46578 -3.24457 -5.52
      vertex -4.10216 -3.6936 -3.6
      vertex -4.10216 -3.6936 -5.52
    endloop
  endfacet
  facet normal 0.629323 0.777144 -0
    outer loop
      vertex -3.24457 -4.46578 -5.52
      vertex -3.6936 -4.10216 -3.6
      vertex -3.24457 -4.46578 -3.6
    endloop
  endfacet
  facet normal 0.629323 0.777144 0
    outer loop
      vertex -3.6936 -4.10216 -3.6
      vertex -3.24457 -4.46578 -5.52
      vertex -3.6936 -4.10216 -5.52
    endloop
  endfacet
  facet normal 0.890986 0.454031 0
    outer loop
      vertex -4.78046 -2.76 -3.6
      vertex -4.80492 -2.712 -5.52
      vertex -4.80492 -2.712 -3.6
    endloop
  endfacet
  facet normal 0.890986 0.454031 0
    outer loop
      vertex -4.80492 -2.712 -5.52
      vertex -4.78046 -2.76 -3.6
      vertex -4.78046 -2.76 -5.52
    endloop
  endfacet
  facet normal -0.156441 0.987687 0
    outer loop
      vertex 1.14767 -5.39937 -5.52
      vertex 0.576996 -5.48976 -3.6
      vertex 1.14767 -5.39937 -3.6
    endloop
  endfacet
  facet normal -0.156441 0.987687 0
    outer loop
      vertex 0.576996 -5.48976 -3.6
      vertex 1.14767 -5.39937 -5.52
      vertex 0.576996 -5.48976 -5.52
    endloop
  endfacet
  facet normal -0.777144 0.629323 0
    outer loop
      vertex 4.10216 -3.6936 -5.52
      vertex 4.46578 -3.24457 -3.6
      vertex 4.46578 -3.24457 -5.52
    endloop
  endfacet
  facet normal -0.777144 0.629323 0
    outer loop
      vertex 4.46578 -3.24457 -3.6
      vertex 4.10216 -3.6936 -5.52
      vertex 4.10216 -3.6936 -3.6
    endloop
  endfacet
  facet normal 0.358368 0.93358 -0
    outer loop
      vertex -1.70578 -5.24983 -5.52
      vertex -2.24519 -5.04277 -3.6
      vertex -1.70578 -5.24983 -3.6
    endloop
  endfacet
  facet normal 0.358368 0.93358 0
    outer loop
      vertex -2.24519 -5.04277 -3.6
      vertex -1.70578 -5.24983 -5.52
      vertex -2.24519 -5.04277 -5.52
    endloop
  endfacet
  facet normal 0.258811 0.965928 -0
    outer loop
      vertex -1.14767 -5.39937 -5.52
      vertex -1.70578 -5.24983 -3.6
      vertex -1.14767 -5.39937 -3.6
    endloop
  endfacet
  facet normal 0.258811 0.965928 0
    outer loop
      vertex -1.70578 -5.24983 -3.6
      vertex -1.14767 -5.39937 -5.52
      vertex -1.70578 -5.24983 -5.52
    endloop
  endfacet
  facet normal 0.838673 0.544635 0
    outer loop
      vertex -4.46578 -3.24457 -3.6
      vertex -4.78046 -2.76 -5.52
      vertex -4.78046 -2.76 -3.6
    endloop
  endfacet
  facet normal 0.838673 0.544635 0
    outer loop
      vertex -4.78046 -2.76 -5.52
      vertex -4.46578 -3.24457 -3.6
      vertex -4.46578 -3.24457 -5.52
    endloop
  endfacet
  facet normal -0.0523375 0.998629 0
    outer loop
      vertex 0.576996 -5.48976 -5.52
      vertex 0 -5.52 -3.6
      vertex 0.576996 -5.48976 -3.6
    endloop
  endfacet
  facet normal -0.0523375 0.998629 0
    outer loop
      vertex 0 -5.52 -3.6
      vertex 0.576996 -5.48976 -5.52
      vertex 0 -5.52 -5.52
    endloop
  endfacet
  facet normal -0.358368 0.93358 0
    outer loop
      vertex 2.24519 -5.04277 -5.52
      vertex 1.70578 -5.24983 -3.6
      vertex 2.24519 -5.04277 -3.6
    endloop
  endfacet
  facet normal -0.358368 0.93358 0
    outer loop
      vertex 1.70578 -5.24983 -3.6
      vertex 2.24519 -5.04277 -5.52
      vertex 1.70578 -5.24983 -5.52
    endloop
  endfacet
  facet normal -0.707107 0.707107 0
    outer loop
      vertex 3.6936 -4.10216 -5.52
      vertex 4.10216 -3.6936 -3.6
      vertex 4.10216 -3.6936 -5.52
    endloop
  endfacet
  facet normal -0.707107 0.707107 0
    outer loop
      vertex 4.10216 -3.6936 -3.6
      vertex 3.6936 -4.10216 -5.52
      vertex 3.6936 -4.10216 -3.6
    endloop
  endfacet
  facet normal 0.544635 0.838673 -0
    outer loop
      vertex -2.76 -4.78046 -5.52
      vertex -3.24457 -4.46578 -3.6
      vertex -2.76 -4.78046 -3.6
    endloop
  endfacet
  facet normal 0.544635 0.838673 0
    outer loop
      vertex -3.24457 -4.46578 -3.6
      vertex -2.76 -4.78046 -5.52
      vertex -3.24457 -4.46578 -5.52
    endloop
  endfacet
  facet normal 0.453992 0.891006 -0
    outer loop
      vertex -2.24519 -5.04277 -5.52
      vertex -2.76 -4.78046 -3.6
      vertex -2.24519 -5.04277 -3.6
    endloop
  endfacet
  facet normal 0.453992 0.891006 0
    outer loop
      vertex -2.76 -4.78046 -3.6
      vertex -2.24519 -5.04277 -5.52
      vertex -2.76 -4.78046 -5.52
    endloop
  endfacet
  facet normal -0.258811 0.965928 0
    outer loop
      vertex 1.70578 -5.24983 -5.52
      vertex 1.14767 -5.39937 -3.6
      vertex 1.70578 -5.24983 -3.6
    endloop
  endfacet
  facet normal -0.258811 0.965928 0
    outer loop
      vertex 1.14767 -5.39937 -3.6
      vertex 1.70578 -5.24983 -5.52
      vertex 1.14767 -5.39937 -5.52
    endloop
  endfacet
  facet normal -0.838673 0.544635 0
    outer loop
      vertex 4.46578 -3.24457 -5.52
      vertex 4.78046 -2.76 -3.6
      vertex 4.78046 -2.76 -5.52
    endloop
  endfacet
  facet normal -0.838673 0.544635 0
    outer loop
      vertex 4.78046 -2.76 -3.6
      vertex 4.46578 -3.24457 -5.52
      vertex 4.46578 -3.24457 -3.6
    endloop
  endfacet
  facet normal -0.890986 0.454031 0
    outer loop
      vertex 4.78046 -2.76 -5.52
      vertex 4.80492 -2.712 -3.6
      vertex 4.80492 -2.712 -5.52
    endloop
  endfacet
  facet normal -0.890986 0.454031 0
    outer loop
      vertex 4.80492 -2.712 -3.6
      vertex 4.78046 -2.76 -5.52
      vertex 4.78046 -2.76 -3.6
    endloop
  endfacet
  facet normal -0.453992 0.891006 0
    outer loop
      vertex 2.76 -4.78046 -5.52
      vertex 2.24519 -5.04277 -3.6
      vertex 2.76 -4.78046 -3.6
    endloop
  endfacet
  facet normal -0.453992 0.891006 0
    outer loop
      vertex 2.24519 -5.04277 -3.6
      vertex 2.76 -4.78046 -5.52
      vertex 2.24519 -5.04277 -5.52
    endloop
  endfacet
  facet normal -0.544635 0.838673 0
    outer loop
      vertex 3.24457 -4.46578 -5.52
      vertex 2.76 -4.78046 -3.6
      vertex 3.24457 -4.46578 -3.6
    endloop
  endfacet
  facet normal -0.544635 0.838673 0
    outer loop
      vertex 2.76 -4.78046 -3.6
      vertex 3.24457 -4.46578 -5.52
      vertex 2.76 -4.78046 -5.52
    endloop
  endfacet
  facet normal -0.629323 0.777144 0
    outer loop
      vertex 3.6936 -4.10216 -5.52
      vertex 3.24457 -4.46578 -3.6
      vertex 3.6936 -4.10216 -3.6
    endloop
  endfacet
  facet normal -0.629323 0.777144 0
    outer loop
      vertex 3.24457 -4.46578 -3.6
      vertex 3.6936 -4.10216 -5.52
      vertex 3.24457 -4.46578 -5.52
    endloop
  endfacet
  facet normal -0.998626 0.0524004 0
    outer loop
      vertex -13.2 0 -6.6
      vertex -13.1276 1.37977 -5.5
      vertex -13.1276 1.37977 -6.6
    endloop
  endfacet
  facet normal -0.998626 0.0524004 0
    outer loop
      vertex -13.1276 1.37977 -5.5
      vertex -13.2 0 -6.6
      vertex -13.2 0 -5.5
    endloop
  endfacet
  facet normal 0.998626 0.0524004 0
    outer loop
      vertex 13.2 0 -5.5
      vertex 13.1276 1.37977 -6.6
      vertex 13.1276 1.37977 -5.5
    endloop
  endfacet
  facet normal 0.998626 0.0524004 0
    outer loop
      vertex 13.1276 1.37977 -6.6
      vertex 13.2 0 -5.5
      vertex 13.2 0 -6.6
    endloop
  endfacet
  facet normal -0.0524004 0.998626 0
    outer loop
      vertex 0 13.2 -6.6
      vertex -1.37977 13.1276 -3.6
      vertex 0 13.2 -3.6
    endloop
  endfacet
  facet normal -0.0524004 0.998626 0
    outer loop
      vertex -1.37977 13.1276 -3.6
      vertex 0 13.2 -6.6
      vertex -1.37977 13.1276 -6.6
    endloop
  endfacet
  facet normal -0.707107 0.707107 0
    outer loop
      vertex -9.80951 8.83253 -6.6
      vertex -8.83253 9.80951 -3.6
      vertex -8.83253 9.80951 -6.6
    endloop
  endfacet
  facet normal -0.707107 0.707107 0
    outer loop
      vertex -8.83253 9.80951 -3.6
      vertex -9.80951 8.83253 -6.6
      vertex -9.80951 8.83253 -3.6
    endloop
  endfacet
  facet normal 0.62931 0.777154 -0
    outer loop
      vertex 8.83253 9.80951 -6.6
      vertex 7.75877 10.679 -3.6
      vertex 8.83253 9.80951 -3.6
    endloop
  endfacet
  facet normal 0.62931 0.777154 0
    outer loop
      vertex 7.75877 10.679 -3.6
      vertex 8.83253 9.80951 -6.6
      vertex 7.75877 10.679 -6.6
    endloop
  endfacet
  facet normal 0.358341 0.933591 -0
    outer loop
      vertex 5.36892 12.0588 -6.6
      vertex 4.07903 12.5539 -3.6
      vertex 5.36892 12.0588 -3.6
    endloop
  endfacet
  facet normal 0.358341 0.933591 0
    outer loop
      vertex 4.07903 12.5539 -3.6
      vertex 5.36892 12.0588 -6.6
      vertex 4.07903 12.5539 -6.6
    endloop
  endfacet
  facet normal 0.933591 -0.358341 0
    outer loop
      vertex 12.0588 -5.36892 -3.6
      vertex 12.5539 -4.07903 -6.6
      vertex 12.5539 -4.07903 -3.6
    endloop
  endfacet
  facet normal 0.933591 -0.358341 0
    outer loop
      vertex 12.5539 -4.07903 -6.6
      vertex 12.0588 -5.36892 -3.6
      vertex 12.0588 -5.36892 -6.6
    endloop
  endfacet
  facet normal -0.933591 0.358341 0
    outer loop
      vertex -12.5539 4.07903 -6.6
      vertex -12.0588 5.36892 -3.6
      vertex -12.0588 5.36892 -6.6
    endloop
  endfacet
  facet normal -0.933591 0.358341 0
    outer loop
      vertex -12.0588 5.36892 -3.6
      vertex -12.5539 4.07903 -6.6
      vertex -12.5539 4.07903 -3.6
    endloop
  endfacet
  facet normal -0.987698 0.156373 0
    outer loop
      vertex -12.9115 2.74444 -6.6
      vertex -12.9502 2.5 -5.5
      vertex -12.9115 2.74444 -3.6
    endloop
  endfacet
  facet normal -0.987693 0.156404 7.0764e-06
    outer loop
      vertex -13.1276 1.37977 -6.6
      vertex -12.9502 2.5 -5.5
      vertex -12.9115 2.74444 -6.6
    endloop
  endfacet
  facet normal -0.987692 0.156411 0
    outer loop
      vertex -12.9502 2.5 -5.5
      vertex -13.1276 1.37977 -6.6
      vertex -13.1276 1.37977 -5.5
    endloop
  endfacet
  facet normal -0.987698 0.156373 0
    outer loop
      vertex -12.9115 2.74444 -3.6
      vertex -12.9502 2.5 -5.5
      vertex -12.9502 2.5 -3.6
    endloop
  endfacet
  facet normal -0.45401 0.890997 0
    outer loop
      vertex -5.36892 12.0588 -6.6
      vertex -6.6 11.4315 -3.6
      vertex -5.36892 12.0588 -3.6
    endloop
  endfacet
  facet normal -0.45401 0.890997 0
    outer loop
      vertex -6.6 11.4315 -3.6
      vertex -5.36892 12.0588 -6.6
      vertex -6.6 11.4315 -6.6
    endloop
  endfacet
  facet normal -0.544632 0.838675 0
    outer loop
      vertex -6.6 11.4315 -6.6
      vertex -7.75877 10.679 -3.6
      vertex -6.6 11.4315 -3.6
    endloop
  endfacet
  facet normal -0.544632 0.838675 0
    outer loop
      vertex -7.75877 10.679 -3.6
      vertex -6.6 11.4315 -6.6
      vertex -7.75877 10.679 -6.6
    endloop
  endfacet
  facet normal 0.890997 0.45401 0
    outer loop
      vertex 12.0588 5.36892 -3.6
      vertex 11.4315 6.6 -6.6
      vertex 11.4315 6.6 -3.6
    endloop
  endfacet
  facet normal 0.890997 0.45401 0
    outer loop
      vertex 11.4315 6.6 -6.6
      vertex 12.0588 5.36892 -3.6
      vertex 12.0588 5.36892 -6.6
    endloop
  endfacet
  facet normal 0.156404 0.987693 -0
    outer loop
      vertex 2.74444 12.9115 -6.6
      vertex 1.37977 13.1276 -3.6
      vertex 2.74444 12.9115 -3.6
    endloop
  endfacet
  facet normal 0.156404 0.987693 0
    outer loop
      vertex 1.37977 13.1276 -3.6
      vertex 2.74444 12.9115 -6.6
      vertex 1.37977 13.1276 -6.6
    endloop
  endfacet
  facet normal -0.965926 -0.258817 0
    outer loop
      vertex -12.5539 -4.07903 -6.6
      vertex -12.9115 -2.74444 -3.6
      vertex -12.9115 -2.74444 -6.6
    endloop
  endfacet
  facet normal -0.965926 -0.258817 0
    outer loop
      vertex -12.9115 -2.74444 -3.6
      vertex -12.5539 -4.07903 -6.6
      vertex -12.5539 -4.07903 -3.6
    endloop
  endfacet
  facet normal 0 0 1
    outer loop
      vertex 9.49255 2.5 -3.6
      vertex 12.9115 2.74444 -3.6
      vertex 12.5539 4.07903 -3.6
    endloop
  endfacet
  facet normal 0 0 1
    outer loop
      vertex 9.49255 2.5 -3.6
      vertex 12.5539 4.07903 -3.6
      vertex 12.0588 5.36892 -3.6
    endloop
  endfacet
  facet normal 0 0 1
    outer loop
      vertex 9.01186 2.65273 -3.6
      vertex 12.0588 5.36892 -3.6
      vertex 11.4315 6.6 -3.6
    endloop
  endfacet
  facet normal 0 0 1
    outer loop
      vertex 8.448 2.712 -3.6
      vertex 11.4315 6.6 -3.6
      vertex 10.679 7.75877 -3.6
    endloop
  endfacet
  facet normal 0 0 1
    outer loop
      vertex 8.448 2.712 -3.6
      vertex 10.679 7.75877 -3.6
      vertex 9.80951 8.83253 -3.6
    endloop
  endfacet
  facet normal 0 0 1
    outer loop
      vertex 12.9115 2.74444 -3.6
      vertex 9.49255 2.5 -3.6
      vertex 12.9502 2.5 -3.6
    endloop
  endfacet
  facet normal 0 0 1
    outer loop
      vertex 12.0588 5.36892 -3.6
      vertex 9.28606 2.57927 -3.6
      vertex 9.49255 2.5 -3.6
    endloop
  endfacet
  facet normal 0 0 1
    outer loop
      vertex 12.0588 5.36892 -3.6
      vertex 9.01186 2.65273 -3.6
      vertex 9.28606 2.57927 -3.6
    endloop
  endfacet
  facet normal 0 0 1
    outer loop
      vertex 4.10216 3.6936 -3.6
      vertex 9.80951 8.83253 -3.6
      vertex 8.83253 9.80951 -3.6
    endloop
  endfacet
  facet normal 0 0 1
    outer loop
      vertex 11.4315 6.6 -3.6
      vertex 8.73148 2.69714 -3.6
      vertex 9.01186 2.65273 -3.6
    endloop
  endfacet
  facet normal 0 0 1
    outer loop
      vertex 11.4315 6.6 -3.6
      vertex 8.448 2.712 -3.6
      vertex 8.73148 2.69714 -3.6
    endloop
  endfacet
  facet normal 0 0 1
    outer loop
      vertex 3.6936 4.10216 -3.6
      vertex 8.83253 9.80951 -3.6
      vertex 7.75877 10.679 -3.6
    endloop
  endfacet
  facet normal 0 0 1
    outer loop
      vertex 1.78141 9.40686 -3.6
      vertex 7.75877 10.679 -3.6
      vertex 6.6 11.4315 -3.6
    endloop
  endfacet
  facet normal 0 0 1
    outer loop
      vertex 1.90739 9.79457 -3.6
      vertex 6.6 11.4315 -3.6
      vertex 5.36892 12.0588 -3.6
    endloop
  endfacet
  facet normal 0 0 1
    outer loop
      vertex 8.83253 9.80951 -3.6
      vertex 3.6936 4.10216 -3.6
      vertex 4.10216 3.6936 -3.6
    endloop
  endfacet
  facet normal 0 0 1
    outer loop
      vertex 8.448 2.712 -3.6
      vertex 4.78046 2.76 -3.6
      vertex 4.80492 2.712 -3.6
    endloop
  endfacet
  facet normal 0 0 1
    outer loop
      vertex 8.448 2.712 -3.6
      vertex 4.46578 3.24457 -3.6
      vertex 4.78046 2.76 -3.6
    endloop
  endfacet
  facet normal 0 0 1
    outer loop
      vertex 8.448 2.712 -3.6
      vertex 4.10216 3.6936 -3.6
      vertex 4.46578 3.24457 -3.6
    endloop
  endfacet
  facet normal 0 0 1
    outer loop
      vertex 1.93932 10.4038 -3.6
      vertex 5.36892 12.0588 -3.6
      vertex 4.07903 12.5539 -3.6
    endloop
  endfacet
  facet normal 0 0 1
    outer loop
      vertex 9.80951 8.83253 -3.6
      vertex 4.10216 3.6936 -3.6
      vertex 8.448 2.712 -3.6
    endloop
  endfacet
  facet normal 0 0 1
    outer loop
      vertex 6.6 11.4315 -3.6
      vertex 1.85456 9.59742 -3.6
      vertex 1.78141 9.40686 -3.6
    endloop
  endfacet
  facet normal 0 0 1
    outer loop
      vertex 7.75877 10.679 -3.6
      vertex 3.24457 4.46578 -3.6
      vertex 3.6936 4.10216 -3.6
    endloop
  endfacet
  facet normal 0 0 1
    outer loop
      vertex 1.78141 10.9931 -3.6
      vertex 4.07903 12.5539 -3.6
      vertex 2.74444 12.9115 -3.6
    endloop
  endfacet
  facet normal 0 0 1
    outer loop
      vertex 5.36892 12.0588 -3.6
      vertex 1.93932 9.99617 -3.6
      vertex 1.90739 9.79457 -3.6
    endloop
  endfacet
  facet normal 0 0 1
    outer loop
      vertex 5.36892 12.0588 -3.6
      vertex 1.95 10.2 -3.6
      vertex 1.93932 9.99617 -3.6
    endloop
  endfacet
  facet normal 0 0 1
    outer loop
      vertex 5.36892 12.0588 -3.6
      vertex 1.93932 10.4038 -3.6
      vertex 1.95 10.2 -3.6
    endloop
  endfacet
  facet normal 0 0 1
    outer loop
      vertex 4.07903 12.5539 -3.6
      vertex 1.90739 10.6054 -3.6
      vertex 1.93932 10.4038 -3.6
    endloop
  endfacet
  facet normal 0 0 1
    outer loop
      vertex 4.07903 12.5539 -3.6
      vertex 1.85456 10.8026 -3.6
      vertex 1.90739 10.6054 -3.6
    endloop
  endfacet
  facet normal 0 0 1
    outer loop
      vertex 4.07903 12.5539 -3.6
      vertex 1.78141 10.9931 -3.6
      vertex 1.85456 10.8026 -3.6
    endloop
  endfacet
  facet normal 0 0 1
    outer loop
      vertex 2.74444 12.9115 -3.6
      vertex 1.68875 11.175 -3.6
      vertex 1.78141 10.9931 -3.6
    endloop
  endfacet
  facet normal 0 0 1
    outer loop
      vertex 2.74444 12.9115 -3.6
      vertex 1.57758 11.3462 -3.6
      vertex 1.68875 11.175 -3.6
    endloop
  endfacet
  facet normal 0 0 1
    outer loop
      vertex 2.74444 12.9115 -3.6
      vertex 1.44913 11.5048 -3.6
      vertex 1.57758 11.3462 -3.6
    endloop
  endfacet
  facet normal 0 0 1
    outer loop
      vertex 1.30481 11.6491 -3.6
      vertex 2.74444 12.9115 -3.6
      vertex 1.37977 13.1276 -3.6
    endloop
  endfacet
  facet normal 0 0 1
    outer loop
      vertex 2.74444 12.9115 -3.6
      vertex 1.30481 11.6491 -3.6
      vertex 1.44913 11.5048 -3.6
    endloop
  endfacet
  facet normal 0 0 1
    outer loop
      vertex 1.37977 13.1276 -3.6
      vertex 1.14618 11.7776 -3.6
      vertex 1.30481 11.6491 -3.6
    endloop
  endfacet
  facet normal 0 0 1
    outer loop
      vertex 1.37977 13.1276 -3.6
      vertex 0.974998 11.8887 -3.6
      vertex 1.14618 11.7776 -3.6
    endloop
  endfacet
  facet normal 0 0 1
    outer loop
      vertex 1.37977 13.1276 -3.6
      vertex 0.793136 11.9814 -3.6
      vertex 0.974998 11.8887 -3.6
    endloop
  endfacet
  facet normal 0 0 1
    outer loop
      vertex 1.37977 13.1276 -3.6
      vertex 0.602582 12.0546 -3.6
      vertex 0.793136 11.9814 -3.6
    endloop
  endfacet
  facet normal 0 0 1
    outer loop
      vertex 1.37977 13.1276 -3.6
      vertex 0.405427 12.1074 -3.6
      vertex 0.602582 12.0546 -3.6
    endloop
  endfacet
  facet normal 0 0 1
    outer loop
      vertex 0 13.2 -3.6
      vertex 0.405427 12.1074 -3.6
      vertex 1.37977 13.1276 -3.6
    endloop
  endfacet
  facet normal 0 0 1
    outer loop
      vertex 0.405427 12.1074 -3.6
      vertex 0 13.2 -3.6
      vertex 0.203829 12.1393 -3.6
    endloop
  endfacet
  facet normal 0 0 1
    outer loop
      vertex 0 13.2 -3.6
      vertex 0 12.15 -3.6
      vertex 0.203829 12.1393 -3.6
    endloop
  endfacet
  facet normal 0 0 1
    outer loop
      vertex 0 13.2 -3.6
      vertex -0.203829 12.1393 -3.6
      vertex 0 12.15 -3.6
    endloop
  endfacet
  facet normal 0 0 1
    outer loop
      vertex 0 13.2 -3.6
      vertex -0.405427 12.1074 -3.6
      vertex -0.203829 12.1393 -3.6
    endloop
  endfacet
  facet normal -0 0 1
    outer loop
      vertex -1.37977 13.1276 -3.6
      vertex -0.405427 12.1074 -3.6
      vertex 0 13.2 -3.6
    endloop
  endfacet
  facet normal 0 0 1
    outer loop
      vertex -0.405427 12.1074 -3.6
      vertex -1.37977 13.1276 -3.6
      vertex -0.602582 12.0546 -3.6
    endloop
  endfacet
  facet normal 0 0 1
    outer loop
      vertex -0.602582 12.0546 -3.6
      vertex -1.37977 13.1276 -3.6
      vertex -0.793136 11.9814 -3.6
    endloop
  endfacet
  facet normal 0 0 1
    outer loop
      vertex -0.793136 11.9814 -3.6
      vertex -1.37977 13.1276 -3.6
      vertex -0.974999 11.8887 -3.6
    endloop
  endfacet
  facet normal 0 0 1
    outer loop
      vertex -0.974999 11.8887 -3.6
      vertex -1.37977 13.1276 -3.6
      vertex -1.14618 11.7776 -3.6
    endloop
  endfacet
  facet normal 0 0 1
    outer loop
      vertex -1.14618 11.7776 -3.6
      vertex -1.37977 13.1276 -3.6
      vertex -1.30481 11.6491 -3.6
    endloop
  endfacet
  facet normal -0 0 1
    outer loop
      vertex -2.74444 12.9115 -3.6
      vertex -1.30481 11.6491 -3.6
      vertex -1.37977 13.1276 -3.6
    endloop
  endfacet
  facet normal 0 0 1
    outer loop
      vertex -1.30481 11.6491 -3.6
      vertex -2.74444 12.9115 -3.6
      vertex -1.44913 11.5048 -3.6
    endloop
  endfacet
  facet normal 0 0 1
    outer loop
      vertex -1.44913 11.5048 -3.6
      vertex -2.74444 12.9115 -3.6
      vertex -1.57758 11.3462 -3.6
    endloop
  endfacet
  facet normal 0 0 1
    outer loop
      vertex -1.57758 11.3462 -3.6
      vertex -2.74444 12.9115 -3.6
      vertex -1.68875 11.175 -3.6
    endloop
  endfacet
  facet normal 0 0 1
    outer loop
      vertex -1.68875 11.175 -3.6
      vertex -2.74444 12.9115 -3.6
      vertex -1.78141 10.9931 -3.6
    endloop
  endfacet
  facet normal -0 0 1
    outer loop
      vertex -4.07903 12.5539 -3.6
      vertex -1.78141 10.9931 -3.6
      vertex -2.74444 12.9115 -3.6
    endloop
  endfacet
  facet normal 0 0 1
    outer loop
      vertex -5.36892 12.0588 -3.6
      vertex -1.95 10.2 -3.6
      vertex -1.93932 10.4038 -3.6
    endloop
  endfacet
  facet normal 0 0 1
    outer loop
      vertex -1.78141 10.9931 -3.6
      vertex -4.07903 12.5539 -3.6
      vertex -1.85456 10.8026 -3.6
    endloop
  endfacet
  facet normal 0 0 1
    outer loop
      vertex -1.85456 10.8026 -3.6
      vertex -4.07903 12.5539 -3.6
      vertex -1.90739 10.6054 -3.6
    endloop
  endfacet
  facet normal 0 0 1
    outer loop
      vertex -1.90739 10.6054 -3.6
      vertex -4.07903 12.5539 -3.6
      vertex -1.93932 10.4038 -3.6
    endloop
  endfacet
  facet normal -0 0 1
    outer loop
      vertex -5.36892 12.0588 -3.6
      vertex -1.93932 10.4038 -3.6
      vertex -4.07903 12.5539 -3.6
    endloop
  endfacet
  facet normal 0 0 1
    outer loop
      vertex -1.95 10.2 -3.6
      vertex -5.36892 12.0588 -3.6
      vertex -6.6 11.4315 -3.6
    endloop
  endfacet
  facet normal 0 0 1
    outer loop
      vertex -1.95 10.2 -3.6
      vertex -2.76 4.78046 -3.6
      vertex -2.24519 5.04277 -3.6
    endloop
  endfacet
  facet normal 0 0 1
    outer loop
      vertex -1.95 10.2 -3.6
      vertex -6.6 11.4315 -3.6
      vertex -2.76 4.78046 -3.6
    endloop
  endfacet
  facet normal 0 0 1
    outer loop
      vertex -2.76 4.78046 -3.6
      vertex -6.6 11.4315 -3.6
      vertex -3.24457 4.46578 -3.6
    endloop
  endfacet
  facet normal -0 0 1
    outer loop
      vertex -7.75877 10.679 -3.6
      vertex -3.24457 4.46578 -3.6
      vertex -6.6 11.4315 -3.6
    endloop
  endfacet
  facet normal 0 0 1
    outer loop
      vertex -3.24457 4.46578 -3.6
      vertex -7.75877 10.679 -3.6
      vertex -3.6936 4.10216 -3.6
    endloop
  endfacet
  facet normal -0 0 1
    outer loop
      vertex -8.83253 9.80951 -3.6
      vertex -3.6936 4.10216 -3.6
      vertex -7.75877 10.679 -3.6
    endloop
  endfacet
  facet normal 0 0 1
    outer loop
      vertex -3.6936 4.10216 -3.6
      vertex -8.83253 9.80951 -3.6
      vertex -4.10216 3.6936 -3.6
    endloop
  endfacet
  facet normal -0 0 1
    outer loop
      vertex -9.80951 8.83253 -3.6
      vertex -4.10216 3.6936 -3.6
      vertex -8.83253 9.80951 -3.6
    endloop
  endfacet
  facet normal 0 -0 1
    outer loop
      vertex -8.448 2.712 -3.6
      vertex -4.10216 3.6936 -3.6
      vertex -9.80951 8.83253 -3.6
    endloop
  endfacet
  facet normal 0 0 1
    outer loop
      vertex -4.10216 3.6936 -3.6
      vertex -8.448 2.712 -3.6
      vertex -4.46578 3.24457 -3.6
    endloop
  endfacet
  facet normal 0 0 1
    outer loop
      vertex -4.46578 3.24457 -3.6
      vertex -8.448 2.712 -3.6
      vertex -4.78046 2.76 -3.6
    endloop
  endfacet
  facet normal 0 0 1
    outer loop
      vertex -4.78046 2.76 -3.6
      vertex -8.448 2.712 -3.6
      vertex -4.80492 2.712 -3.6
    endloop
  endfacet
  facet normal -0 0 1
    outer loop
      vertex -10.679 7.75877 -3.6
      vertex -8.448 2.712 -3.6
      vertex -9.80951 8.83253 -3.6
    endloop
  endfacet
  facet normal -0 0 1
    outer loop
      vertex -11.4315 6.6 -3.6
      vertex -8.448 2.712 -3.6
      vertex -10.679 7.75877 -3.6
    endloop
  endfacet
  facet normal 0 0 1
    outer loop
      vertex -8.448 2.712 -3.6
      vertex -11.4315 6.6 -3.6
      vertex -8.73148 2.69714 -3.6
    endloop
  endfacet
  facet normal 0 0 1
    outer loop
      vertex -8.73148 2.69714 -3.6
      vertex -11.4315 6.6 -3.6
      vertex -9.01186 2.65273 -3.6
    endloop
  endfacet
  facet normal -0 0 1
    outer loop
      vertex -12.0588 5.36892 -3.6
      vertex -9.01186 2.65273 -3.6
      vertex -11.4315 6.6 -3.6
    endloop
  endfacet
  facet normal 0 0 1
    outer loop
      vertex -9.01186 2.65273 -3.6
      vertex -12.0588 5.36892 -3.6
      vertex -9.28606 2.57927 -3.6
    endloop
  endfacet
  facet normal 0 0 1
    outer loop
      vertex -9.28606 2.57927 -3.6
      vertex -12.0588 5.36892 -3.6
      vertex -9.49254 2.5 -3.6
    endloop
  endfacet
  facet normal -0 0 1
    outer loop
      vertex -12.5539 4.07903 -3.6
      vertex -9.49254 2.5 -3.6
      vertex -12.0588 5.36892 -3.6
    endloop
  endfacet
  facet normal -0 0 1
    outer loop
      vertex -12.9115 2.74444 -3.6
      vertex -9.49254 2.5 -3.6
      vertex -12.5539 4.07903 -3.6
    endloop
  endfacet
  facet normal 0 0 1
    outer loop
      vertex -9.49254 2.5 -3.6
      vertex -12.9115 2.74444 -3.6
      vertex -12.9502 2.5 -3.6
    endloop
  endfacet
  facet normal 0 0 1
    outer loop
      vertex 6.6 11.4315 -3.6
      vertex 1.90739 9.79457 -3.6
      vertex 1.85456 9.59742 -3.6
    endloop
  endfacet
  facet normal 0 0 1
    outer loop
      vertex 7.75877 10.679 -3.6
      vertex 1.78141 9.40686 -3.6
      vertex 3.24457 4.46578 -3.6
    endloop
  endfacet
  facet normal 0 0 1
    outer loop
      vertex 3.24457 4.46578 -3.6
      vertex 1.78141 9.40686 -3.6
      vertex 2.76 4.78046 -3.6
    endloop
  endfacet
  facet normal -0 0 1
    outer loop
      vertex 1.68875 9.225 -3.6
      vertex 2.76 4.78046 -3.6
      vertex 1.78141 9.40686 -3.6
    endloop
  endfacet
  facet normal -0 0 1
    outer loop
      vertex 1.57758 9.05382 -3.6
      vertex 2.76 4.78046 -3.6
      vertex 1.68875 9.225 -3.6
    endloop
  endfacet
  facet normal 0 0 1
    outer loop
      vertex 2.76 4.78046 -3.6
      vertex 1.57758 9.05382 -3.6
      vertex 2.24519 5.04277 -3.6
    endloop
  endfacet
  facet normal -0 0 1
    outer loop
      vertex 1.44913 8.89519 -3.6
      vertex 2.24519 5.04277 -3.6
      vertex 1.57758 9.05382 -3.6
    endloop
  endfacet
  facet normal -0 0 1
    outer loop
      vertex 1.30481 8.75087 -3.6
      vertex 2.24519 5.04277 -3.6
      vertex 1.44913 8.89519 -3.6
    endloop
  endfacet
  facet normal 0 0 1
    outer loop
      vertex 2.24519 5.04277 -3.6
      vertex 1.30481 8.75087 -3.6
      vertex 1.70578 5.24983 -3.6
    endloop
  endfacet
  facet normal -0 0 1
    outer loop
      vertex 1.14618 8.62242 -3.6
      vertex 1.70578 5.24983 -3.6
      vertex 1.30481 8.75087 -3.6
    endloop
  endfacet
  facet normal -0 0 1
    outer loop
      vertex 0.974999 8.51125 -3.6
      vertex 1.70578 5.24983 -3.6
      vertex 1.14618 8.62242 -3.6
    endloop
  endfacet
  facet normal 0 0 1
    outer loop
      vertex 1.70578 5.24983 -3.6
      vertex 0.974999 8.51125 -3.6
      vertex 1.14767 5.39937 -3.6
    endloop
  endfacet
  facet normal -0 0 1
    outer loop
      vertex 0.793136 8.41859 -3.6
      vertex 1.14767 5.39937 -3.6
      vertex 0.974999 8.51125 -3.6
    endloop
  endfacet
  facet normal -0 0 1
    outer loop
      vertex 0.602582 8.34544 -3.6
      vertex 1.14767 5.39937 -3.6
      vertex 0.793136 8.41859 -3.6
    endloop
  endfacet
  facet normal 0 0 1
    outer loop
      vertex 0.602582 8.34544 -3.6
      vertex 0.576996 5.48976 -3.6
      vertex 1.14767 5.39937 -3.6
    endloop
  endfacet
  facet normal -0 0 1
    outer loop
      vertex 0.405427 8.29261 -3.6
      vertex 0.576996 5.48976 -3.6
      vertex 0.602582 8.34544 -3.6
    endloop
  endfacet
  facet normal -0 0 1
    outer loop
      vertex 0.203829 8.26068 -3.6
      vertex 0.576996 5.48976 -3.6
      vertex 0.405427 8.29261 -3.6
    endloop
  endfacet
  facet normal 0 0 1
    outer loop
      vertex 0 5.52 -3.6
      vertex 0.203829 8.26068 -3.6
      vertex 0 8.25 -3.6
    endloop
  endfacet
  facet normal 0 0 1
    outer loop
      vertex 0.203829 8.26068 -3.6
      vertex 0 5.52 -3.6
      vertex 0.576996 5.48976 -3.6
    endloop
  endfacet
  facet normal 0 0 1
    outer loop
      vertex -0.203829 8.26068 -3.6
      vertex 0 5.52 -3.6
      vertex 0 8.25 -3.6
    endloop
  endfacet
  facet normal 0 0 1
    outer loop
      vertex -0.576996 5.48976 -3.6
      vertex -0.203829 8.26068 -3.6
      vertex -0.405427 8.29261 -3.6
    endloop
  endfacet
  facet normal 0 0 1
    outer loop
      vertex -0.203829 8.26068 -3.6
      vertex -0.576996 5.48976 -3.6
      vertex 0 5.52 -3.6
    endloop
  endfacet
  facet normal 0 0 1
    outer loop
      vertex -0.602582 8.34544 -3.6
      vertex -0.576996 5.48976 -3.6
      vertex -0.405427 8.29261 -3.6
    endloop
  endfacet
  facet normal 0 0 1
    outer loop
      vertex -1.14767 5.39937 -3.6
      vertex -0.602582 8.34544 -3.6
      vertex -0.793136 8.41859 -3.6
    endloop
  endfacet
  facet normal 0 0 1
    outer loop
      vertex -1.14767 5.39937 -3.6
      vertex -0.793136 8.41859 -3.6
      vertex -0.974999 8.51125 -3.6
    endloop
  endfacet
  facet normal 0 0 1
    outer loop
      vertex -1.70578 5.24983 -3.6
      vertex -0.974999 8.51125 -3.6
      vertex -1.14618 8.62242 -3.6
    endloop
  endfacet
  facet normal 0 0 1
    outer loop
      vertex -0.602582 8.34544 -3.6
      vertex -1.14767 5.39937 -3.6
      vertex -0.576996 5.48976 -3.6
    endloop
  endfacet
  facet normal 0 0 1
    outer loop
      vertex -1.70578 5.24983 -3.6
      vertex -1.14618 8.62242 -3.6
      vertex -1.30481 8.75087 -3.6
    endloop
  endfacet
  facet normal 0 0 1
    outer loop
      vertex -2.24519 5.04277 -3.6
      vertex -1.30481 8.75087 -3.6
      vertex -1.44913 8.89519 -3.6
    endloop
  endfacet
  facet normal 0 0 1
    outer loop
      vertex -2.24519 5.04277 -3.6
      vertex -1.44913 8.89519 -3.6
      vertex -1.57758 9.05382 -3.6
    endloop
  endfacet
  facet normal 0 0 1
    outer loop
      vertex -2.24519 5.04277 -3.6
      vertex -1.57758 9.05382 -3.6
      vertex -1.68875 9.225 -3.6
    endloop
  endfacet
  facet normal 0 0 1
    outer loop
      vertex -0.974999 8.51125 -3.6
      vertex -1.70578 5.24983 -3.6
      vertex -1.14767 5.39937 -3.6
    endloop
  endfacet
  facet normal 0 0 1
    outer loop
      vertex -2.24519 5.04277 -3.6
      vertex -1.68875 9.225 -3.6
      vertex -1.78141 9.40686 -3.6
    endloop
  endfacet
  facet normal 0 0 1
    outer loop
      vertex -2.24519 5.04277 -3.6
      vertex -1.78141 9.40686 -3.6
      vertex -1.85456 9.59742 -3.6
    endloop
  endfacet
  facet normal 0 0 1
    outer loop
      vertex -2.24519 5.04277 -3.6
      vertex -1.85456 9.59742 -3.6
      vertex -1.90739 9.79457 -3.6
    endloop
  endfacet
  facet normal 0 0 1
    outer loop
      vertex -2.24519 5.04277 -3.6
      vertex -1.90739 9.79457 -3.6
      vertex -1.93932 9.99617 -3.6
    endloop
  endfacet
  facet normal 0 0 1
    outer loop
      vertex -2.24519 5.04277 -3.6
      vertex -1.93932 9.99617 -3.6
      vertex -1.95 10.2 -3.6
    endloop
  endfacet
  facet normal 0 0 1
    outer loop
      vertex -1.30481 8.75087 -3.6
      vertex -2.24519 5.04277 -3.6
      vertex -1.70578 5.24983 -3.6
    endloop
  endfacet
  facet normal 0 0 1
    outer loop
      vertex 10.1383 -3.65087 -3.6
      vertex 12.9115 -2.74444 -3.6
      vertex 12.9502 -2.5 -3.6
    endloop
  endfacet
  facet normal 0 0 1
    outer loop
      vertex 12.9115 -2.74444 -3.6
      vertex 10.411 -3.95382 -3.6
      vertex 12.5539 -4.07903 -3.6
    endloop
  endfacet
  facet normal 0 -0 1
    outer loop
      vertex 10.688 -4.49742 -3.6
      vertex 12.5539 -4.07903 -3.6
      vertex 10.6149 -4.30686 -3.6
    endloop
  endfacet
  facet normal -0 0 1
    outer loop
      vertex 10.7728 -5.30383 -3.6
      vertex 12.0588 -5.36892 -3.6
      vertex 10.7835 -5.1 -3.6
    endloop
  endfacet
  facet normal 0 0 1
    outer loop
      vertex 12.0588 -5.36892 -3.6
      vertex 10.7728 -4.89617 -3.6
      vertex 10.7835 -5.1 -3.6
    endloop
  endfacet
  facet normal 0 0 1
    outer loop
      vertex 12.0588 -5.36892 -3.6
      vertex 10.7409 -4.69457 -3.6
      vertex 10.7728 -4.89617 -3.6
    endloop
  endfacet
  facet normal 0 0 1
    outer loop
      vertex 12.5539 -4.07903 -3.6
      vertex 10.7409 -4.69457 -3.6
      vertex 12.0588 -5.36892 -3.6
    endloop
  endfacet
  facet normal 0 -0 1
    outer loop
      vertex 10.7409 -4.69457 -3.6
      vertex 12.5539 -4.07903 -3.6
      vertex 10.688 -4.49742 -3.6
    endloop
  endfacet
  facet normal 0 0 1
    outer loop
      vertex 12.5539 -4.07903 -3.6
      vertex 10.5222 -4.125 -3.6
      vertex 10.6149 -4.30686 -3.6
    endloop
  endfacet
  facet normal 0 0 1
    outer loop
      vertex 12.5539 -4.07903 -3.6
      vertex 10.411 -3.95382 -3.6
      vertex 10.5222 -4.125 -3.6
    endloop
  endfacet
  facet normal 0 0 1
    outer loop
      vertex 12.9115 -2.74444 -3.6
      vertex 10.2826 -3.79519 -3.6
      vertex 10.411 -3.95382 -3.6
    endloop
  endfacet
  facet normal 0 0 1
    outer loop
      vertex 12.9115 -2.74444 -3.6
      vertex 10.1383 -3.65087 -3.6
      vertex 10.2826 -3.79519 -3.6
    endloop
  endfacet
  facet normal -0 0 1
    outer loop
      vertex 9.49255 -2.5 -3.6
      vertex 10.1383 -3.65087 -3.6
      vertex 12.9502 -2.5 -3.6
    endloop
  endfacet
  facet normal 0 0 1
    outer loop
      vertex 10.1383 -3.65087 -3.6
      vertex 9.49255 -2.5 -3.6
      vertex 9.97964 -3.52242 -3.6
    endloop
  endfacet
  facet normal 0 0 1
    outer loop
      vertex 9.97964 -3.52242 -3.6
      vertex 9.49255 -2.5 -3.6
      vertex 9.80846 -3.41125 -3.6
    endloop
  endfacet
  facet normal 0 0 1
    outer loop
      vertex 9.80846 -3.41125 -3.6
      vertex 9.49255 -2.5 -3.6
      vertex 9.62659 -3.31859 -3.6
    endloop
  endfacet
  facet normal 0 0 1
    outer loop
      vertex 9.49255 -2.5 -3.6
      vertex 9.43604 -3.24544 -3.6
      vertex 9.62659 -3.31859 -3.6
    endloop
  endfacet
  facet normal -0 0 1
    outer loop
      vertex 9.28606 -2.57927 -3.6
      vertex 9.43604 -3.24544 -3.6
      vertex 9.49255 -2.5 -3.6
    endloop
  endfacet
  facet normal 0 0 1
    outer loop
      vertex 9.28606 -2.57927 -3.6
      vertex 9.23888 -3.19261 -3.6
      vertex 9.43604 -3.24544 -3.6
    endloop
  endfacet
  facet normal -0 0 1
    outer loop
      vertex 9.01186 -2.65273 -3.6
      vertex 9.23888 -3.19261 -3.6
      vertex 9.28606 -2.57927 -3.6
    endloop
  endfacet
  facet normal 0 0 1
    outer loop
      vertex 9.23888 -3.19261 -3.6
      vertex 9.01186 -2.65273 -3.6
      vertex 9.03728 -3.16068 -3.6
    endloop
  endfacet
  facet normal 0 0 1
    outer loop
      vertex 9.01186 -2.65273 -3.6
      vertex 8.83346 -3.15 -3.6
      vertex 9.03728 -3.16068 -3.6
    endloop
  endfacet
  facet normal -0 0 1
    outer loop
      vertex 8.73148 -2.69714 -3.6
      vertex 8.83346 -3.15 -3.6
      vertex 9.01186 -2.65273 -3.6
    endloop
  endfacet
  facet normal 0 0 1
    outer loop
      vertex 8.73148 -2.69714 -3.6
      vertex 8.62963 -3.16068 -3.6
      vertex 8.83346 -3.15 -3.6
    endloop
  endfacet
  facet normal -0 0 1
    outer loop
      vertex 8.448 -2.712 -3.6
      vertex 8.62963 -3.16068 -3.6
      vertex 8.73148 -2.69714 -3.6
    endloop
  endfacet
  facet normal 0 0 1
    outer loop
      vertex 8.448 -2.712 -3.6
      vertex 8.42803 -3.19261 -3.6
      vertex 8.62963 -3.16068 -3.6
    endloop
  endfacet
  facet normal 0 0 1
    outer loop
      vertex 8.448 -2.712 -3.6
      vertex 8.23087 -3.24544 -3.6
      vertex 8.42803 -3.19261 -3.6
    endloop
  endfacet
  facet normal 0 0 1
    outer loop
      vertex 8.448 -2.712 -3.6
      vertex 8.04032 -3.31859 -3.6
      vertex 8.23087 -3.24544 -3.6
    endloop
  endfacet
  facet normal 0 0 1
    outer loop
      vertex 8.448 -2.712 -3.6
      vertex 7.85846 -3.41125 -3.6
      vertex 8.04032 -3.31859 -3.6
    endloop
  endfacet
  facet normal 0 0 1
    outer loop
      vertex 8.448 -2.712 -3.6
      vertex 7.68727 -3.52242 -3.6
      vertex 7.85846 -3.41125 -3.6
    endloop
  endfacet
  facet normal -0 0 1
    outer loop
      vertex 4.80492 -2.712 -3.6
      vertex 7.68727 -3.52242 -3.6
      vertex 8.448 -2.712 -3.6
    endloop
  endfacet
  facet normal 0 0 1
    outer loop
      vertex 7.68727 -3.52242 -3.6
      vertex 4.80492 -2.712 -3.6
      vertex 7.52866 -3.65087 -3.6
    endloop
  endfacet
  facet normal 0 0 1
    outer loop
      vertex 7.25587 -6.24618 -3.6
      vertex 5.36892 -12.0588 -3.6
      vertex 6.6 -11.4315 -3.6
    endloop
  endfacet
  facet normal 0 0 1
    outer loop
      vertex 4.10216 -3.6936 -3.6
      vertex 6.88346 -5.1 -3.6
      vertex 6.89414 -4.89617 -3.6
    endloop
  endfacet
  facet normal 0 0 1
    outer loop
      vertex 4.10216 -3.6936 -3.6
      vertex 6.89414 -4.89617 -3.6
      vertex 6.92608 -4.69457 -3.6
    endloop
  endfacet
  facet normal 0 0 1
    outer loop
      vertex 7.52866 -3.65087 -3.6
      vertex 4.80492 -2.712 -3.6
      vertex 7.38433 -3.79519 -3.6
    endloop
  endfacet
  facet normal 0 0 1
    outer loop
      vertex 4.80492 -2.712 -3.6
      vertex 7.25587 -3.95382 -3.6
      vertex 7.38433 -3.79519 -3.6
    endloop
  endfacet
  facet normal 0 0 1
    outer loop
      vertex 4.80492 -2.712 -3.6
      vertex 7.1447 -4.125 -3.6
      vertex 7.25587 -3.95382 -3.6
    endloop
  endfacet
  facet normal -0 0 1
    outer loop
      vertex 4.78046 -2.76 -3.6
      vertex 7.1447 -4.125 -3.6
      vertex 4.80492 -2.712 -3.6
    endloop
  endfacet
  facet normal 0 0 1
    outer loop
      vertex 7.1447 -4.125 -3.6
      vertex 4.78046 -2.76 -3.6
      vertex 7.05204 -4.30686 -3.6
    endloop
  endfacet
  facet normal -0 0 1
    outer loop
      vertex 4.46578 -3.24457 -3.6
      vertex 7.05204 -4.30686 -3.6
      vertex 4.78046 -2.76 -3.6
    endloop
  endfacet
  facet normal 0 0 1
    outer loop
      vertex 7.05204 -4.30686 -3.6
      vertex 4.46578 -3.24457 -3.6
      vertex 6.9789 -4.49742 -3.6
    endloop
  endfacet
  facet normal 0 0 1
    outer loop
      vertex 6.9789 -4.49742 -3.6
      vertex 4.46578 -3.24457 -3.6
      vertex 6.92608 -4.69457 -3.6
    endloop
  endfacet
  facet normal -0 0 1
    outer loop
      vertex 4.10216 -3.6936 -3.6
      vertex 6.92608 -4.69457 -3.6
      vertex 4.46578 -3.24457 -3.6
    endloop
  endfacet
  facet normal 0 0 1
    outer loop
      vertex 6.88346 -5.1 -3.6
      vertex 4.10216 -3.6936 -3.6
      vertex 3.6936 -4.10216 -3.6
    endloop
  endfacet
  facet normal 0 0 1
    outer loop
      vertex 6.89414 -5.30383 -3.6
      vertex 3.6936 -4.10216 -3.6
      vertex 3.24457 -4.46578 -3.6
    endloop
  endfacet
  facet normal 0 0 1
    outer loop
      vertex 6.89414 -5.30383 -3.6
      vertex 3.24457 -4.46578 -3.6
      vertex 2.76 -4.78046 -3.6
    endloop
  endfacet
  facet normal 0 0 1
    outer loop
      vertex 6.89414 -5.30383 -3.6
      vertex 2.76 -4.78046 -3.6
      vertex 5.36892 -12.0588 -3.6
    endloop
  endfacet
  facet normal -0 0 1
    outer loop
      vertex 2.24519 -5.04277 -3.6
      vertex 5.36892 -12.0588 -3.6
      vertex 2.76 -4.78046 -3.6
    endloop
  endfacet
  facet normal 0 0 1
    outer loop
      vertex 5.36892 -12.0588 -3.6
      vertex 2.24519 -5.04277 -3.6
      vertex 4.07903 -12.5539 -3.6
    endloop
  endfacet
  facet normal -0 0 1
    outer loop
      vertex 1.70578 -5.24983 -3.6
      vertex 4.07903 -12.5539 -3.6
      vertex 2.24519 -5.04277 -3.6
    endloop
  endfacet
  facet normal 0 0 1
    outer loop
      vertex 4.07903 -12.5539 -3.6
      vertex 1.70578 -5.24983 -3.6
      vertex 2.74444 -12.9115 -3.6
    endloop
  endfacet
  facet normal -0 0 1
    outer loop
      vertex 1.14767 -5.39937 -3.6
      vertex 2.74444 -12.9115 -3.6
      vertex 1.70578 -5.24983 -3.6
    endloop
  endfacet
  facet normal 0 0 1
    outer loop
      vertex 2.74444 -12.9115 -3.6
      vertex 1.14767 -5.39937 -3.6
      vertex 1.37977 -13.1276 -3.6
    endloop
  endfacet
  facet normal -0 0 1
    outer loop
      vertex 0.576996 -5.48976 -3.6
      vertex 1.37977 -13.1276 -3.6
      vertex 1.14767 -5.39937 -3.6
    endloop
  endfacet
  facet normal -0 0 1
    outer loop
      vertex 0 -5.52 -3.6
      vertex 1.37977 -13.1276 -3.6
      vertex 0.576996 -5.48976 -3.6
    endloop
  endfacet
  facet normal 0 0 1
    outer loop
      vertex 0 -5.52 -3.6
      vertex 0 -13.2 -3.6
      vertex 1.37977 -13.1276 -3.6
    endloop
  endfacet
  facet normal 0 0 1
    outer loop
      vertex -0.576996 -5.48976 -3.6
      vertex 0 -13.2 -3.6
      vertex 0 -5.52 -3.6
    endloop
  endfacet
  facet normal 0 0 1
    outer loop
      vertex -1.37977 -13.1276 -3.6
      vertex -0.576996 -5.48976 -3.6
      vertex -1.14767 -5.39937 -3.6
    endloop
  endfacet
  facet normal 0 0 1
    outer loop
      vertex -0.576996 -5.48976 -3.6
      vertex -1.37977 -13.1276 -3.6
      vertex 0 -13.2 -3.6
    endloop
  endfacet
  facet normal 0 0 1
    outer loop
      vertex -2.74444 -12.9115 -3.6
      vertex -1.14767 -5.39937 -3.6
      vertex -1.70578 -5.24983 -3.6
    endloop
  endfacet
  facet normal 0 0 1
    outer loop
      vertex -4.07903 -12.5539 -3.6
      vertex -1.70578 -5.24983 -3.6
      vertex -2.24519 -5.04277 -3.6
    endloop
  endfacet
  facet normal 0 0 1
    outer loop
      vertex -1.14767 -5.39937 -3.6
      vertex -2.74444 -12.9115 -3.6
      vertex -1.37977 -13.1276 -3.6
    endloop
  endfacet
  facet normal 0 0 1
    outer loop
      vertex -7.25587 -6.24618 -3.6
      vertex -2.24519 -5.04277 -3.6
      vertex -2.76 -4.78046 -3.6
    endloop
  endfacet
  facet normal 0 0 1
    outer loop
      vertex -7.05204 -5.89314 -3.6
      vertex -2.76 -4.78046 -3.6
      vertex -3.24457 -4.46578 -3.6
    endloop
  endfacet
  facet normal 0 0 1
    outer loop
      vertex -6.92608 -5.50543 -3.6
      vertex -3.24457 -4.46578 -3.6
      vertex -3.6936 -4.10216 -3.6
    endloop
  endfacet
  facet normal 0 0 1
    outer loop
      vertex -1.70578 -5.24983 -3.6
      vertex -4.07903 -12.5539 -3.6
      vertex -2.74444 -12.9115 -3.6
    endloop
  endfacet
  facet normal 0 0 1
    outer loop
      vertex -6.88346 -5.1 -3.6
      vertex -3.6936 -4.10216 -3.6
      vertex -4.10216 -3.6936 -3.6
    endloop
  endfacet
  facet normal 0 0 1
    outer loop
      vertex -6.92608 -4.69457 -3.6
      vertex -4.10216 -3.6936 -3.6
      vertex -4.46578 -3.24457 -3.6
    endloop
  endfacet
  facet normal 0 0 1
    outer loop
      vertex -7.05204 -4.30686 -3.6
      vertex -4.46578 -3.24457 -3.6
      vertex -4.78046 -2.76 -3.6
    endloop
  endfacet
  facet normal 0 0 1
    outer loop
      vertex -7.1447 -4.125 -3.6
      vertex -4.78046 -2.76 -3.6
      vertex -4.80492 -2.712 -3.6
    endloop
  endfacet
  facet normal 0 0 1
    outer loop
      vertex -3.24457 -4.46578 -3.6
      vertex -6.9789 -5.70258 -3.6
      vertex -7.05204 -5.89314 -3.6
    endloop
  endfacet
  facet normal 0 0 1
    outer loop
      vertex -2.76 -4.78046 -3.6
      vertex -7.05204 -5.89314 -3.6
      vertex -7.1447 -6.075 -3.6
    endloop
  endfacet
  facet normal 0 0 1
    outer loop
      vertex -3.6936 -4.10216 -3.6
      vertex -6.88346 -5.1 -3.6
      vertex -6.89414 -5.30383 -3.6
    endloop
  endfacet
  facet normal 0 0 1
    outer loop
      vertex -4.10216 -3.6936 -3.6
      vertex -6.89414 -4.89617 -3.6
      vertex -6.88346 -5.1 -3.6
    endloop
  endfacet
  facet normal 0 0 1
    outer loop
      vertex -4.10216 -3.6936 -3.6
      vertex -6.92608 -4.69457 -3.6
      vertex -6.89414 -4.89617 -3.6
    endloop
  endfacet
  facet normal 0 0 1
    outer loop
      vertex -4.46578 -3.24457 -3.6
      vertex -6.9789 -4.49742 -3.6
      vertex -6.92608 -4.69457 -3.6
    endloop
  endfacet
  facet normal 0 0 1
    outer loop
      vertex -4.46578 -3.24457 -3.6
      vertex -7.05204 -4.30686 -3.6
      vertex -6.9789 -4.49742 -3.6
    endloop
  endfacet
  facet normal 0 0 1
    outer loop
      vertex -4.78046 -2.76 -3.6
      vertex -7.1447 -4.125 -3.6
      vertex -7.05204 -4.30686 -3.6
    endloop
  endfacet
  facet normal 0 0 1
    outer loop
      vertex -4.80492 -2.712 -3.6
      vertex -7.25587 -3.95382 -3.6
      vertex -7.1447 -4.125 -3.6
    endloop
  endfacet
  facet normal 0 0 1
    outer loop
      vertex -4.80492 -2.712 -3.6
      vertex -7.38433 -3.79519 -3.6
      vertex -7.25587 -3.95382 -3.6
    endloop
  endfacet
  facet normal 0 0 1
    outer loop
      vertex -4.80492 -2.712 -3.6
      vertex -7.52866 -3.65087 -3.6
      vertex -7.38433 -3.79519 -3.6
    endloop
  endfacet
  facet normal 0 0 1
    outer loop
      vertex -4.80492 -2.712 -3.6
      vertex -7.68727 -3.52242 -3.6
      vertex -7.52866 -3.65087 -3.6
    endloop
  endfacet
  facet normal -0 0 1
    outer loop
      vertex -8.448 -2.712 -3.6
      vertex -7.68727 -3.52242 -3.6
      vertex -4.80492 -2.712 -3.6
    endloop
  endfacet
  facet normal 0 0 1
    outer loop
      vertex -7.68727 -3.52242 -3.6
      vertex -8.448 -2.712 -3.6
      vertex -7.85846 -3.41125 -3.6
    endloop
  endfacet
  facet normal 0 0 1
    outer loop
      vertex -7.85846 -3.41125 -3.6
      vertex -8.448 -2.712 -3.6
      vertex -8.04032 -3.31859 -3.6
    endloop
  endfacet
  facet normal 0 0 1
    outer loop
      vertex -8.04032 -3.31859 -3.6
      vertex -8.448 -2.712 -3.6
      vertex -8.23087 -3.24544 -3.6
    endloop
  endfacet
  facet normal 0 0 1
    outer loop
      vertex -8.23087 -3.24544 -3.6
      vertex -8.448 -2.712 -3.6
      vertex -8.42803 -3.19261 -3.6
    endloop
  endfacet
  facet normal 0 0 1
    outer loop
      vertex -8.448 -2.712 -3.6
      vertex -8.62963 -3.16068 -3.6
      vertex -8.42803 -3.19261 -3.6
    endloop
  endfacet
  facet normal 0 0 1
    outer loop
      vertex -8.73148 -2.69714 -3.6
      vertex -8.62963 -3.16068 -3.6
      vertex -8.448 -2.712 -3.6
    endloop
  endfacet
  facet normal 0 0 1
    outer loop
      vertex -8.73148 -2.69714 -3.6
      vertex -8.83346 -3.15 -3.6
      vertex -8.62963 -3.16068 -3.6
    endloop
  endfacet
  facet normal 0 0 1
    outer loop
      vertex -9.01186 -2.65273 -3.6
      vertex -8.83346 -3.15 -3.6
      vertex -8.73148 -2.69714 -3.6
    endloop
  endfacet
  facet normal 0 0 1
    outer loop
      vertex -9.01186 -2.65273 -3.6
      vertex -9.03728 -3.16068 -3.6
      vertex -8.83346 -3.15 -3.6
    endloop
  endfacet
  facet normal 0 0 1
    outer loop
      vertex -9.01186 -2.65273 -3.6
      vertex -9.23888 -3.19261 -3.6
      vertex -9.03728 -3.16068 -3.6
    endloop
  endfacet
  facet normal 0 0 1
    outer loop
      vertex -9.28606 -2.57927 -3.6
      vertex -9.23888 -3.19261 -3.6
      vertex -9.01186 -2.65273 -3.6
    endloop
  endfacet
  facet normal 0 0 1
    outer loop
      vertex -9.28606 -2.57927 -3.6
      vertex -9.43604 -3.24544 -3.6
      vertex -9.23888 -3.19261 -3.6
    endloop
  endfacet
  facet normal 0 0 1
    outer loop
      vertex -9.49254 -2.5 -3.6
      vertex -9.43604 -3.24544 -3.6
      vertex -9.28606 -2.57927 -3.6
    endloop
  endfacet
  facet normal 0 0 1
    outer loop
      vertex -9.49254 -2.5 -3.6
      vertex -9.62659 -3.31859 -3.6
      vertex -9.43604 -3.24544 -3.6
    endloop
  endfacet
  facet normal 0 0 1
    outer loop
      vertex -9.49254 -2.5 -3.6
      vertex -9.80846 -3.41125 -3.6
      vertex -9.62659 -3.31859 -3.6
    endloop
  endfacet
  facet normal 0 0 1
    outer loop
      vertex -9.49254 -2.5 -3.6
      vertex -9.97964 -3.52242 -3.6
      vertex -9.80846 -3.41125 -3.6
    endloop
  endfacet
  facet normal 0 0 1
    outer loop
      vertex -9.49254 -2.5 -3.6
      vertex -10.1383 -3.65087 -3.6
      vertex -9.97964 -3.52242 -3.6
    endloop
  endfacet
  facet normal -0 0 1
    outer loop
      vertex -12.9502 -2.5 -3.6
      vertex -10.1383 -3.65087 -3.6
      vertex -9.49254 -2.5 -3.6
    endloop
  endfacet
  facet normal -0 -0 1
    outer loop
      vertex -12.9115 -2.74444 -3.6
      vertex -10.1383 -3.65087 -3.6
      vertex -12.9502 -2.5 -3.6
    endloop
  endfacet
  facet normal 0 0 1
    outer loop
      vertex -10.2826 -3.79519 -3.6
      vertex -12.9115 -2.74444 -3.6
      vertex -10.411 -3.95382 -3.6
    endloop
  endfacet
  facet normal 0 0 1
    outer loop
      vertex -12.0588 -5.36892 -3.6
      vertex -10.7835 -5.1 -3.6
      vertex -10.7728 -4.89617 -3.6
    endloop
  endfacet
  facet normal 0 0 1
    outer loop
      vertex -12.0588 -5.36892 -3.6
      vertex -10.7728 -4.89617 -3.6
      vertex -10.7409 -4.69457 -3.6
    endloop
  endfacet
  facet normal 0 0 1
    outer loop
      vertex -12.5539 -4.07903 -3.6
      vertex -10.7409 -4.69457 -3.6
      vertex -10.688 -4.49742 -3.6
    endloop
  endfacet
  facet normal 0 0 1
    outer loop
      vertex -10.7835 -5.1 -3.6
      vertex -12.0588 -5.36892 -3.6
      vertex -11.4315 -6.6 -3.6
    endloop
  endfacet
  facet normal 0 0 1
    outer loop
      vertex -12.5539 -4.07903 -3.6
      vertex -10.688 -4.49742 -3.6
      vertex -10.6149 -4.30686 -3.6
    endloop
  endfacet
  facet normal 0 0 1
    outer loop
      vertex -12.5539 -4.07903 -3.6
      vertex -10.6149 -4.30686 -3.6
      vertex -10.5222 -4.125 -3.6
    endloop
  endfacet
  facet normal 0 -0 1
    outer loop
      vertex -12.5539 -4.07903 -3.6
      vertex -10.411 -3.95382 -3.6
      vertex -12.9115 -2.74444 -3.6
    endloop
  endfacet
  facet normal 0 0 1
    outer loop
      vertex -10.7409 -4.69457 -3.6
      vertex -12.5539 -4.07903 -3.6
      vertex -12.0588 -5.36892 -3.6
    endloop
  endfacet
  facet normal 0 0 1
    outer loop
      vertex -10.411 -3.95382 -3.6
      vertex -12.5539 -4.07903 -3.6
      vertex -10.5222 -4.125 -3.6
    endloop
  endfacet
  facet normal 0 0 1
    outer loop
      vertex -10.1383 -3.65087 -3.6
      vertex -12.9115 -2.74444 -3.6
      vertex -10.2826 -3.79519 -3.6
    endloop
  endfacet
  facet normal 0 0 1
    outer loop
      vertex 10.7409 -5.50543 -3.6
      vertex 12.0588 -5.36892 -3.6
      vertex 10.7728 -5.30383 -3.6
    endloop
  endfacet
  facet normal 0 0 1
    outer loop
      vertex 10.688 -5.70258 -3.6
      vertex 12.0588 -5.36892 -3.6
      vertex 10.7409 -5.50543 -3.6
    endloop
  endfacet
  facet normal 0 0 1
    outer loop
      vertex 12.0588 -5.36892 -3.6
      vertex 10.688 -5.70258 -3.6
      vertex 11.4315 -6.6 -3.6
    endloop
  endfacet
  facet normal -0 0 1
    outer loop
      vertex 10.6149 -5.89314 -3.6
      vertex 11.4315 -6.6 -3.6
      vertex 10.688 -5.70258 -3.6
    endloop
  endfacet
  facet normal -0 0 1
    outer loop
      vertex 10.5222 -6.075 -3.6
      vertex 11.4315 -6.6 -3.6
      vertex 10.6149 -5.89314 -3.6
    endloop
  endfacet
  facet normal -0 0 1
    outer loop
      vertex 10.411 -6.24618 -3.6
      vertex 11.4315 -6.6 -3.6
      vertex 10.5222 -6.075 -3.6
    endloop
  endfacet
  facet normal -0 0 1
    outer loop
      vertex 10.2826 -6.40481 -3.6
      vertex 11.4315 -6.6 -3.6
      vertex 10.411 -6.24618 -3.6
    endloop
  endfacet
  facet normal 0 0 1
    outer loop
      vertex 11.4315 -6.6 -3.6
      vertex 10.2826 -6.40481 -3.6
      vertex 10.679 -7.75877 -3.6
    endloop
  endfacet
  facet normal -0 0 1
    outer loop
      vertex 10.1383 -6.54913 -3.6
      vertex 10.679 -7.75877 -3.6
      vertex 10.2826 -6.40481 -3.6
    endloop
  endfacet
  facet normal -0 0 1
    outer loop
      vertex 9.97964 -6.67758 -3.6
      vertex 10.679 -7.75877 -3.6
      vertex 10.1383 -6.54913 -3.6
    endloop
  endfacet
  facet normal -0 0 1
    outer loop
      vertex 9.80846 -6.78875 -3.6
      vertex 10.679 -7.75877 -3.6
      vertex 9.97964 -6.67758 -3.6
    endloop
  endfacet
  facet normal -0 0 1
    outer loop
      vertex 9.62659 -6.88141 -3.6
      vertex 10.679 -7.75877 -3.6
      vertex 9.80846 -6.78875 -3.6
    endloop
  endfacet
  facet normal -0 0 1
    outer loop
      vertex 9.43604 -6.95456 -3.6
      vertex 10.679 -7.75877 -3.6
      vertex 9.62659 -6.88141 -3.6
    endloop
  endfacet
  facet normal 0 0 1
    outer loop
      vertex 10.679 -7.75877 -3.6
      vertex 9.43604 -6.95456 -3.6
      vertex 9.80951 -8.83253 -3.6
    endloop
  endfacet
  facet normal -0 0 1
    outer loop
      vertex 9.23888 -7.00739 -3.6
      vertex 9.80951 -8.83253 -3.6
      vertex 9.43604 -6.95456 -3.6
    endloop
  endfacet
  facet normal -0 0 1
    outer loop
      vertex 9.03728 -7.03932 -3.6
      vertex 9.80951 -8.83253 -3.6
      vertex 9.23888 -7.00739 -3.6
    endloop
  endfacet
  facet normal -0 0 1
    outer loop
      vertex 8.83346 -7.05 -3.6
      vertex 9.80951 -8.83253 -3.6
      vertex 9.03728 -7.03932 -3.6
    endloop
  endfacet
  facet normal 0 0 1
    outer loop
      vertex 8.62963 -7.03932 -3.6
      vertex 9.80951 -8.83253 -3.6
      vertex 8.83346 -7.05 -3.6
    endloop
  endfacet
  facet normal 0 0 1
    outer loop
      vertex 9.80951 -8.83253 -3.6
      vertex 8.62963 -7.03932 -3.6
      vertex 8.83253 -9.80951 -3.6
    endloop
  endfacet
  facet normal 0 0 1
    outer loop
      vertex 8.42803 -7.00739 -3.6
      vertex 8.83253 -9.80951 -3.6
      vertex 8.62963 -7.03932 -3.6
    endloop
  endfacet
  facet normal 0 0 1
    outer loop
      vertex 8.23087 -6.95456 -3.6
      vertex 8.83253 -9.80951 -3.6
      vertex 8.42803 -7.00739 -3.6
    endloop
  endfacet
  facet normal 0 0 1
    outer loop
      vertex 8.04032 -6.88141 -3.6
      vertex 8.83253 -9.80951 -3.6
      vertex 8.23087 -6.95456 -3.6
    endloop
  endfacet
  facet normal 0 0 1
    outer loop
      vertex 7.75877 -10.679 -3.6
      vertex 8.04032 -6.88141 -3.6
      vertex 7.85846 -6.78875 -3.6
    endloop
  endfacet
  facet normal 0 0 1
    outer loop
      vertex 8.04032 -6.88141 -3.6
      vertex 7.75877 -10.679 -3.6
      vertex 8.83253 -9.80951 -3.6
    endloop
  endfacet
  facet normal 0 0 1
    outer loop
      vertex 7.68727 -6.67758 -3.6
      vertex 7.75877 -10.679 -3.6
      vertex 7.85846 -6.78875 -3.6
    endloop
  endfacet
  facet normal 0 0 1
    outer loop
      vertex 7.52866 -6.54913 -3.6
      vertex 7.75877 -10.679 -3.6
      vertex 7.68727 -6.67758 -3.6
    endloop
  endfacet
  facet normal 0 0 1
    outer loop
      vertex 6.6 -11.4315 -3.6
      vertex 7.52866 -6.54913 -3.6
      vertex 7.38433 -6.40481 -3.6
    endloop
  endfacet
  facet normal 0 0 1
    outer loop
      vertex 6.6 -11.4315 -3.6
      vertex 7.38433 -6.40481 -3.6
      vertex 7.25587 -6.24618 -3.6
    endloop
  endfacet
  facet normal 0 0 1
    outer loop
      vertex 5.36892 -12.0588 -3.6
      vertex 7.25587 -6.24618 -3.6
      vertex 7.1447 -6.075 -3.6
    endloop
  endfacet
  facet normal 0 0 1
    outer loop
      vertex 5.36892 -12.0588 -3.6
      vertex 7.1447 -6.075 -3.6
      vertex 7.05204 -5.89314 -3.6
    endloop
  endfacet
  facet normal 0 0 1
    outer loop
      vertex 5.36892 -12.0588 -3.6
      vertex 7.05204 -5.89314 -3.6
      vertex 6.9789 -5.70258 -3.6
    endloop
  endfacet
  facet normal 0 0 1
    outer loop
      vertex 5.36892 -12.0588 -3.6
      vertex 6.9789 -5.70258 -3.6
      vertex 6.92608 -5.50543 -3.6
    endloop
  endfacet
  facet normal 0 0 1
    outer loop
      vertex 7.52866 -6.54913 -3.6
      vertex 6.6 -11.4315 -3.6
      vertex 7.75877 -10.679 -3.6
    endloop
  endfacet
  facet normal 0 0 1
    outer loop
      vertex 5.36892 -12.0588 -3.6
      vertex 6.92608 -5.50543 -3.6
      vertex 6.89414 -5.30383 -3.6
    endloop
  endfacet
  facet normal 0 0 1
    outer loop
      vertex 3.6936 -4.10216 -3.6
      vertex 6.89414 -5.30383 -3.6
      vertex 6.88346 -5.1 -3.6
    endloop
  endfacet
  facet normal 0 0 1
    outer loop
      vertex -3.6936 -4.10216 -3.6
      vertex -6.89414 -5.30383 -3.6
      vertex -6.92608 -5.50543 -3.6
    endloop
  endfacet
  facet normal 0 0 1
    outer loop
      vertex -3.24457 -4.46578 -3.6
      vertex -6.92608 -5.50543 -3.6
      vertex -6.9789 -5.70258 -3.6
    endloop
  endfacet
  facet normal 0 0 1
    outer loop
      vertex -2.76 -4.78046 -3.6
      vertex -7.1447 -6.075 -3.6
      vertex -7.25587 -6.24618 -3.6
    endloop
  endfacet
  facet normal 0 0 1
    outer loop
      vertex -2.24519 -5.04277 -3.6
      vertex -5.36892 -12.0588 -3.6
      vertex -4.07903 -12.5539 -3.6
    endloop
  endfacet
  facet normal 0 0 1
    outer loop
      vertex -2.24519 -5.04277 -3.6
      vertex -7.25587 -6.24618 -3.6
      vertex -5.36892 -12.0588 -3.6
    endloop
  endfacet
  facet normal 0 0 1
    outer loop
      vertex -5.36892 -12.0588 -3.6
      vertex -7.25587 -6.24618 -3.6
      vertex -6.6 -11.4315 -3.6
    endloop
  endfacet
  facet normal -0 0 1
    outer loop
      vertex -7.38433 -6.40481 -3.6
      vertex -6.6 -11.4315 -3.6
      vertex -7.25587 -6.24618 -3.6
    endloop
  endfacet
  facet normal -0 0 1
    outer loop
      vertex -7.52866 -6.54913 -3.6
      vertex -6.6 -11.4315 -3.6
      vertex -7.38433 -6.40481 -3.6
    endloop
  endfacet
  facet normal 0 0 1
    outer loop
      vertex -7.75877 -10.679 -3.6
      vertex -7.52866 -6.54913 -3.6
      vertex -7.68727 -6.67758 -3.6
    endloop
  endfacet
  facet normal 0 0 1
    outer loop
      vertex -7.52866 -6.54913 -3.6
      vertex -7.75877 -10.679 -3.6
      vertex -6.6 -11.4315 -3.6
    endloop
  endfacet
  facet normal -0 0 1
    outer loop
      vertex -7.85846 -6.78875 -3.6
      vertex -7.75877 -10.679 -3.6
      vertex -7.68727 -6.67758 -3.6
    endloop
  endfacet
  facet normal -0 0 1
    outer loop
      vertex -8.04032 -6.88141 -3.6
      vertex -7.75877 -10.679 -3.6
      vertex -7.85846 -6.78875 -3.6
    endloop
  endfacet
  facet normal 0 0 1
    outer loop
      vertex -8.83253 -9.80951 -3.6
      vertex -8.04032 -6.88141 -3.6
      vertex -8.23087 -6.95456 -3.6
    endloop
  endfacet
  facet normal 0 0 1
    outer loop
      vertex -8.83253 -9.80951 -3.6
      vertex -8.23087 -6.95456 -3.6
      vertex -8.42803 -7.00739 -3.6
    endloop
  endfacet
  facet normal 0 0 1
    outer loop
      vertex -8.83253 -9.80951 -3.6
      vertex -8.42803 -7.00739 -3.6
      vertex -8.62963 -7.03932 -3.6
    endloop
  endfacet
  facet normal 0 0 1
    outer loop
      vertex -8.04032 -6.88141 -3.6
      vertex -8.83253 -9.80951 -3.6
      vertex -7.75877 -10.679 -3.6
    endloop
  endfacet
  facet normal 0 0 1
    outer loop
      vertex -9.80951 -8.83253 -3.6
      vertex -8.62963 -7.03932 -3.6
      vertex -8.83346 -7.05 -3.6
    endloop
  endfacet
  facet normal 0 0 1
    outer loop
      vertex -9.80951 -8.83253 -3.6
      vertex -8.83346 -7.05 -3.6
      vertex -9.03728 -7.03932 -3.6
    endloop
  endfacet
  facet normal 0 0 1
    outer loop
      vertex -9.80951 -8.83253 -3.6
      vertex -9.03728 -7.03932 -3.6
      vertex -9.23888 -7.00739 -3.6
    endloop
  endfacet
  facet normal 0 0 1
    outer loop
      vertex -9.80951 -8.83253 -3.6
      vertex -9.23888 -7.00739 -3.6
      vertex -9.43604 -6.95456 -3.6
    endloop
  endfacet
  facet normal 0 0 1
    outer loop
      vertex -10.679 -7.75877 -3.6
      vertex -9.43604 -6.95456 -3.6
      vertex -9.62659 -6.88141 -3.6
    endloop
  endfacet
  facet normal 0 0 1
    outer loop
      vertex -10.679 -7.75877 -3.6
      vertex -9.62659 -6.88141 -3.6
      vertex -9.80846 -6.78875 -3.6
    endloop
  endfacet
  facet normal 0 0 1
    outer loop
      vertex -8.62963 -7.03932 -3.6
      vertex -9.80951 -8.83253 -3.6
      vertex -8.83253 -9.80951 -3.6
    endloop
  endfacet
  facet normal 0 0 1
    outer loop
      vertex -10.679 -7.75877 -3.6
      vertex -9.80846 -6.78875 -3.6
      vertex -9.97964 -6.67758 -3.6
    endloop
  endfacet
  facet normal 0 0 1
    outer loop
      vertex -10.679 -7.75877 -3.6
      vertex -9.97964 -6.67758 -3.6
      vertex -10.1383 -6.54913 -3.6
    endloop
  endfacet
  facet normal 0 0 1
    outer loop
      vertex -10.679 -7.75877 -3.6
      vertex -10.1383 -6.54913 -3.6
      vertex -10.2826 -6.40481 -3.6
    endloop
  endfacet
  facet normal 0 0 1
    outer loop
      vertex -11.4315 -6.6 -3.6
      vertex -10.2826 -6.40481 -3.6
      vertex -10.411 -6.24618 -3.6
    endloop
  endfacet
  facet normal 0 0 1
    outer loop
      vertex -11.4315 -6.6 -3.6
      vertex -10.411 -6.24618 -3.6
      vertex -10.5222 -6.075 -3.6
    endloop
  endfacet
  facet normal 0 0 1
    outer loop
      vertex -11.4315 -6.6 -3.6
      vertex -10.5222 -6.075 -3.6
      vertex -10.6149 -5.89314 -3.6
    endloop
  endfacet
  facet normal 0 0 1
    outer loop
      vertex -9.43604 -6.95456 -3.6
      vertex -10.679 -7.75877 -3.6
      vertex -9.80951 -8.83253 -3.6
    endloop
  endfacet
  facet normal 0 0 1
    outer loop
      vertex -11.4315 -6.6 -3.6
      vertex -10.6149 -5.89314 -3.6
      vertex -10.688 -5.70258 -3.6
    endloop
  endfacet
  facet normal 0 0 1
    outer loop
      vertex -11.4315 -6.6 -3.6
      vertex -10.688 -5.70258 -3.6
      vertex -10.7409 -5.50543 -3.6
    endloop
  endfacet
  facet normal 0 0 1
    outer loop
      vertex -11.4315 -6.6 -3.6
      vertex -10.7409 -5.50543 -3.6
      vertex -10.7728 -5.30383 -3.6
    endloop
  endfacet
  facet normal 0 0 1
    outer loop
      vertex -11.4315 -6.6 -3.6
      vertex -10.7728 -5.30383 -3.6
      vertex -10.7835 -5.1 -3.6
    endloop
  endfacet
  facet normal 0 0 1
    outer loop
      vertex -10.2826 -6.40481 -3.6
      vertex -11.4315 -6.6 -3.6
      vertex -10.679 -7.75877 -3.6
    endloop
  endfacet
  facet normal -0.965926 0.258817 0
    outer loop
      vertex -12.9115 2.74444 -6.6
      vertex -12.5539 4.07903 -3.6
      vertex -12.5539 4.07903 -6.6
    endloop
  endfacet
  facet normal -0.965926 0.258817 0
    outer loop
      vertex -12.5539 4.07903 -3.6
      vertex -12.9115 2.74444 -6.6
      vertex -12.9115 2.74444 -3.6
    endloop
  endfacet
  facet normal -0.838675 0.544632 0
    outer loop
      vertex -11.4315 6.6 -6.6
      vertex -10.679 7.75877 -3.6
      vertex -10.679 7.75877 -6.6
    endloop
  endfacet
  facet normal -0.838675 0.544632 0
    outer loop
      vertex -10.679 7.75877 -3.6
      vertex -11.4315 6.6 -6.6
      vertex -11.4315 6.6 -3.6
    endloop
  endfacet
  facet normal -0.777154 0.62931 0
    outer loop
      vertex -10.679 7.75877 -6.6
      vertex -9.80951 8.83253 -3.6
      vertex -9.80951 8.83253 -6.6
    endloop
  endfacet
  facet normal -0.777154 0.62931 0
    outer loop
      vertex -9.80951 8.83253 -3.6
      vertex -10.679 7.75877 -6.6
      vertex -10.679 7.75877 -3.6
    endloop
  endfacet
  facet normal -0.890997 0.45401 0
    outer loop
      vertex -12.0588 5.36892 -6.6
      vertex -11.4315 6.6 -3.6
      vertex -11.4315 6.6 -6.6
    endloop
  endfacet
  facet normal -0.890997 0.45401 0
    outer loop
      vertex -11.4315 6.6 -3.6
      vertex -12.0588 5.36892 -6.6
      vertex -12.0588 5.36892 -3.6
    endloop
  endfacet
  facet normal -0.258817 0.965926 0
    outer loop
      vertex -2.74444 12.9115 -6.6
      vertex -4.07903 12.5539 -3.6
      vertex -2.74444 12.9115 -3.6
    endloop
  endfacet
  facet normal -0.258817 0.965926 0
    outer loop
      vertex -4.07903 12.5539 -3.6
      vertex -2.74444 12.9115 -6.6
      vertex -4.07903 12.5539 -6.6
    endloop
  endfacet
  facet normal -0.358341 0.933591 0
    outer loop
      vertex -4.07903 12.5539 -6.6
      vertex -5.36892 12.0588 -3.6
      vertex -4.07903 12.5539 -3.6
    endloop
  endfacet
  facet normal -0.358341 0.933591 0
    outer loop
      vertex -5.36892 12.0588 -3.6
      vertex -4.07903 12.5539 -6.6
      vertex -5.36892 12.0588 -6.6
    endloop
  endfacet
  facet normal -0.156404 0.987693 0
    outer loop
      vertex -1.37977 13.1276 -6.6
      vertex -2.74444 12.9115 -3.6
      vertex -1.37977 13.1276 -3.6
    endloop
  endfacet
  facet normal -0.156404 0.987693 0
    outer loop
      vertex -2.74444 12.9115 -3.6
      vertex -1.37977 13.1276 -6.6
      vertex -2.74444 12.9115 -6.6
    endloop
  endfacet
  facet normal -0.62931 0.777154 0
    outer loop
      vertex -7.75877 10.679 -6.6
      vertex -8.83253 9.80951 -3.6
      vertex -7.75877 10.679 -3.6
    endloop
  endfacet
  facet normal -0.62931 0.777154 0
    outer loop
      vertex -8.83253 9.80951 -3.6
      vertex -7.75877 10.679 -6.6
      vertex -8.83253 9.80951 -6.6
    endloop
  endfacet
  facet normal 0.965926 0.258817 0
    outer loop
      vertex 12.9115 2.74444 -3.6
      vertex 12.5539 4.07903 -6.6
      vertex 12.5539 4.07903 -3.6
    endloop
  endfacet
  facet normal 0.965926 0.258817 0
    outer loop
      vertex 12.5539 4.07903 -6.6
      vertex 12.9115 2.74444 -3.6
      vertex 12.9115 2.74444 -6.6
    endloop
  endfacet
  facet normal 0.777154 0.62931 0
    outer loop
      vertex 10.679 7.75877 -3.6
      vertex 9.80951 8.83253 -6.6
      vertex 9.80951 8.83253 -3.6
    endloop
  endfacet
  facet normal 0.777154 0.62931 0
    outer loop
      vertex 9.80951 8.83253 -6.6
      vertex 10.679 7.75877 -3.6
      vertex 10.679 7.75877 -6.6
    endloop
  endfacet
  facet normal 0.707107 0.707107 0
    outer loop
      vertex 9.80951 8.83253 -3.6
      vertex 8.83253 9.80951 -6.6
      vertex 8.83253 9.80951 -3.6
    endloop
  endfacet
  facet normal 0.707107 0.707107 0
    outer loop
      vertex 8.83253 9.80951 -6.6
      vertex 9.80951 8.83253 -3.6
      vertex 9.80951 8.83253 -6.6
    endloop
  endfacet
  facet normal 0.838675 0.544632 0
    outer loop
      vertex 11.4315 6.6 -3.6
      vertex 10.679 7.75877 -6.6
      vertex 10.679 7.75877 -3.6
    endloop
  endfacet
  facet normal 0.838675 0.544632 0
    outer loop
      vertex 10.679 7.75877 -6.6
      vertex 11.4315 6.6 -3.6
      vertex 11.4315 6.6 -6.6
    endloop
  endfacet
  facet normal 0.933591 0.358341 0
    outer loop
      vertex 12.5539 4.07903 -3.6
      vertex 12.0588 5.36892 -6.6
      vertex 12.0588 5.36892 -3.6
    endloop
  endfacet
  facet normal 0.933591 0.358341 0
    outer loop
      vertex 12.0588 5.36892 -6.6
      vertex 12.5539 4.07903 -3.6
      vertex 12.5539 4.07903 -6.6
    endloop
  endfacet
  facet normal 0.987698 0.156373 -0
    outer loop
      vertex 12.9502 2.5 -5.5
      vertex 12.9115 2.74444 -3.6
      vertex 12.9502 2.5 -3.6
    endloop
  endfacet
  facet normal 0.987698 0.156373 0
    outer loop
      vertex 12.9115 2.74444 -3.6
      vertex 12.9502 2.5 -5.5
      vertex 12.9115 2.74444 -6.6
    endloop
  endfacet
  facet normal 0.987692 0.156411 -0
    outer loop
      vertex 13.1276 1.37977 -6.6
      vertex 12.9502 2.5 -5.5
      vertex 13.1276 1.37977 -5.5
    endloop
  endfacet
  facet normal 0.987693 0.156404 7.0764e-06
    outer loop
      vertex 12.9502 2.5 -5.5
      vertex 13.1276 1.37977 -6.6
      vertex 12.9115 2.74444 -6.6
    endloop
  endfacet
  facet normal 0 0 -1
    outer loop
      vertex -7.25587 -3.95382 -6.6
      vertex -1.42513 -0.634508 -6.6
      vertex -7.1447 -4.125 -6.6
    endloop
  endfacet
  facet normal -0 0 -1
    outer loop
      vertex -1.42513 -0.634508 -6.6
      vertex -7.25587 -3.95382 -6.6
      vertex -1.48364 -0.482066 -6.6
    endloop
  endfacet
  facet normal 0 0 -1
    outer loop
      vertex -7.38433 -3.79519 -6.6
      vertex -1.48364 -0.482066 -6.6
      vertex -7.25587 -3.95382 -6.6
    endloop
  endfacet
  facet normal -0 0 -1
    outer loop
      vertex -1.48364 -0.482066 -6.6
      vertex -7.38433 -3.79519 -6.6
      vertex -1.52591 -0.324342 -6.6
    endloop
  endfacet
  facet normal 0 0 -1
    outer loop
      vertex -7.52866 -3.65087 -6.6
      vertex -1.52591 -0.324342 -6.6
      vertex -7.38433 -3.79519 -6.6
    endloop
  endfacet
  facet normal -0 0 -1
    outer loop
      vertex -1.52591 -0.324342 -6.6
      vertex -7.52866 -3.65087 -6.6
      vertex -1.55146 -0.163063 -6.6
    endloop
  endfacet
  facet normal 0 0 -1
    outer loop
      vertex -7.68727 -3.52242 -6.6
      vertex -1.55146 -0.163063 -6.6
      vertex -7.52866 -3.65087 -6.6
    endloop
  endfacet
  facet normal -0 0 -1
    outer loop
      vertex -1.55146 -0.163063 -6.6
      vertex -7.68727 -3.52242 -6.6
      vertex -1.56 0 -6.6
    endloop
  endfacet
  facet normal 0 0 -1
    outer loop
      vertex -7.85846 -3.41125 -6.6
      vertex -1.56 0 -6.6
      vertex -7.68727 -3.52242 -6.6
    endloop
  endfacet
  facet normal 0 0 -1
    outer loop
      vertex -1.56 0 -6.6
      vertex -7.75877 10.679 -6.6
      vertex -6.6 11.4315 -6.6
    endloop
  endfacet
  facet normal 0 0 -1
    outer loop
      vertex -8.04032 -3.31859 -6.6
      vertex -1.56 0 -6.6
      vertex -7.85846 -3.41125 -6.6
    endloop
  endfacet
  facet normal 0 0 -1
    outer loop
      vertex -8.23087 -3.24544 -6.6
      vertex -1.56 0 -6.6
      vertex -8.04032 -3.31859 -6.6
    endloop
  endfacet
  facet normal 0 0 -1
    outer loop
      vertex -8.42803 -3.19261 -6.6
      vertex -1.56 0 -6.6
      vertex -8.23087 -3.24544 -6.6
    endloop
  endfacet
  facet normal 0 0 -1
    outer loop
      vertex -12.5539 4.07903 -6.6
      vertex -1.56 0 -6.6
      vertex -8.42803 -3.19261 -6.6
    endloop
  endfacet
  facet normal 0 0 -1
    outer loop
      vertex -12.5539 4.07903 -6.6
      vertex -8.42803 -3.19261 -6.6
      vertex -8.62963 -3.16068 -6.6
    endloop
  endfacet
  facet normal 0 0 -1
    outer loop
      vertex -1.56 0 -6.6
      vertex -8.83253 9.80951 -6.6
      vertex -7.75877 10.679 -6.6
    endloop
  endfacet
  facet normal 0 0 -1
    outer loop
      vertex -12.9115 2.74444 -6.6
      vertex -8.62963 -3.16068 -6.6
      vertex -8.83346 -3.15 -6.6
    endloop
  endfacet
  facet normal 0 0 -1
    outer loop
      vertex -13.1276 1.37977 -6.6
      vertex -8.83346 -3.15 -6.6
      vertex -9.03728 -3.16068 -6.6
    endloop
  endfacet
  facet normal 0 0 -1
    outer loop
      vertex -13.2 0 -6.6
      vertex -9.03728 -3.16068 -6.6
      vertex -9.23888 -3.19261 -6.6
    endloop
  endfacet
  facet normal 0 0 -1
    outer loop
      vertex -13.2 0 -6.6
      vertex -9.23888 -3.19261 -6.6
      vertex -9.43604 -3.24544 -6.6
    endloop
  endfacet
  facet normal 0 0 -1
    outer loop
      vertex -13.1276 -1.37977 -6.6
      vertex -9.43604 -3.24544 -6.6
      vertex -9.62659 -3.31859 -6.6
    endloop
  endfacet
  facet normal 0 0 -1
    outer loop
      vertex -13.1276 -1.37977 -6.6
      vertex -9.62659 -3.31859 -6.6
      vertex -9.80846 -3.41125 -6.6
    endloop
  endfacet
  facet normal 0 0 -1
    outer loop
      vertex -1.56 0 -6.6
      vertex -9.80951 8.83253 -6.6
      vertex -8.83253 9.80951 -6.6
    endloop
  endfacet
  facet normal 0 0 -1
    outer loop
      vertex -13.1276 -1.37977 -6.6
      vertex -9.80846 -3.41125 -6.6
      vertex -9.97964 -3.52242 -6.6
    endloop
  endfacet
  facet normal 0 0 -1
    outer loop
      vertex -12.9115 -2.74444 -6.6
      vertex -9.97964 -3.52242 -6.6
      vertex -10.1383 -3.65087 -6.6
    endloop
  endfacet
  facet normal 0 0 -1
    outer loop
      vertex -12.9115 -2.74444 -6.6
      vertex -10.1383 -3.65087 -6.6
      vertex -10.2826 -3.79519 -6.6
    endloop
  endfacet
  facet normal 0 0 -1
    outer loop
      vertex -12.9115 -2.74444 -6.6
      vertex -10.2826 -3.79519 -6.6
      vertex -10.411 -3.95382 -6.6
    endloop
  endfacet
  facet normal 0 0 -1
    outer loop
      vertex -12.5539 -4.07903 -6.6
      vertex -10.411 -3.95382 -6.6
      vertex -10.5222 -4.125 -6.6
    endloop
  endfacet
  facet normal 0 0 -1
    outer loop
      vertex -12.5539 -4.07903 -6.6
      vertex -10.5222 -4.125 -6.6
      vertex -10.6149 -4.30686 -6.6
    endloop
  endfacet
  facet normal 0 0 -1
    outer loop
      vertex -1.56 0 -6.6
      vertex -10.679 7.75877 -6.6
      vertex -9.80951 8.83253 -6.6
    endloop
  endfacet
  facet normal 0 0 -1
    outer loop
      vertex -12.5539 -4.07903 -6.6
      vertex -10.6149 -4.30686 -6.6
      vertex -10.688 -4.49742 -6.6
    endloop
  endfacet
  facet normal 0 0 -1
    outer loop
      vertex -12.5539 -4.07903 -6.6
      vertex -10.688 -4.49742 -6.6
      vertex -10.7409 -4.69457 -6.6
    endloop
  endfacet
  facet normal 0 0 -1
    outer loop
      vertex -12.0588 -5.36892 -6.6
      vertex -10.7409 -4.69457 -6.6
      vertex -10.7728 -4.89617 -6.6
    endloop
  endfacet
  facet normal 0 0 -1
    outer loop
      vertex -12.0588 -5.36892 -6.6
      vertex -10.7728 -4.89617 -6.6
      vertex -10.7835 -5.1 -6.6
    endloop
  endfacet
  facet normal -0 0 -1
    outer loop
      vertex -10.7728 -5.30383 -6.6
      vertex -12.0588 -5.36892 -6.6
      vertex -10.7835 -5.1 -6.6
    endloop
  endfacet
  facet normal 0 0 -1
    outer loop
      vertex -1.56 0 -6.6
      vertex -11.4315 6.6 -6.6
      vertex -10.679 7.75877 -6.6
    endloop
  endfacet
  facet normal -0 0 -1
    outer loop
      vertex -10.7409 -4.69457 -6.6
      vertex -12.0588 -5.36892 -6.6
      vertex -12.5539 -4.07903 -6.6
    endloop
  endfacet
  facet normal 0 0 -1
    outer loop
      vertex -1.56 0 -6.6
      vertex -12.0588 5.36892 -6.6
      vertex -11.4315 6.6 -6.6
    endloop
  endfacet
  facet normal -0 0 -1
    outer loop
      vertex -10.411 -3.95382 -6.6
      vertex -12.5539 -4.07903 -6.6
      vertex -12.9115 -2.74444 -6.6
    endloop
  endfacet
  facet normal 0 0 -1
    outer loop
      vertex -1.56 0 -6.6
      vertex -12.5539 4.07903 -6.6
      vertex -12.0588 5.36892 -6.6
    endloop
  endfacet
  facet normal 0 0 -1
    outer loop
      vertex -9.97964 -3.52242 -6.6
      vertex -12.9115 -2.74444 -6.6
      vertex -13.1276 -1.37977 -6.6
    endloop
  endfacet
  facet normal 0 0 -1
    outer loop
      vertex -8.62963 -3.16068 -6.6
      vertex -12.9115 2.74444 -6.6
      vertex -12.5539 4.07903 -6.6
    endloop
  endfacet
  facet normal 0 0 -1
    outer loop
      vertex -9.43604 -3.24544 -6.6
      vertex -13.1276 -1.37977 -6.6
      vertex -13.2 0 -6.6
    endloop
  endfacet
  facet normal 0 0 -1
    outer loop
      vertex -8.83346 -3.15 -6.6
      vertex -13.1276 1.37977 -6.6
      vertex -12.9115 2.74444 -6.6
    endloop
  endfacet
  facet normal 0 0 -1
    outer loop
      vertex -9.03728 -3.16068 -6.6
      vertex -13.2 0 -6.6
      vertex -13.1276 1.37977 -6.6
    endloop
  endfacet
  facet normal 0 0 -1
    outer loop
      vertex 1.90739 10.6054 -6.6
      vertex 4.07903 12.5539 -6.6
      vertex 1.93932 10.4038 -6.6
    endloop
  endfacet
  facet normal 0 0 -1
    outer loop
      vertex 1.85456 10.8026 -6.6
      vertex 4.07903 12.5539 -6.6
      vertex 1.90739 10.6054 -6.6
    endloop
  endfacet
  facet normal 0 0 -1
    outer loop
      vertex 1.78141 10.9931 -6.6
      vertex 4.07903 12.5539 -6.6
      vertex 1.85456 10.8026 -6.6
    endloop
  endfacet
  facet normal -0 0 -1
    outer loop
      vertex 4.07903 12.5539 -6.6
      vertex 1.78141 10.9931 -6.6
      vertex 2.74444 12.9115 -6.6
    endloop
  endfacet
  facet normal 0 0 -1
    outer loop
      vertex 1.68875 11.175 -6.6
      vertex 2.74444 12.9115 -6.6
      vertex 1.78141 10.9931 -6.6
    endloop
  endfacet
  facet normal 0 0 -1
    outer loop
      vertex 1.57758 11.3462 -6.6
      vertex 2.74444 12.9115 -6.6
      vertex 1.68875 11.175 -6.6
    endloop
  endfacet
  facet normal 0 0 -1
    outer loop
      vertex 1.44913 11.5048 -6.6
      vertex 2.74444 12.9115 -6.6
      vertex 1.57758 11.3462 -6.6
    endloop
  endfacet
  facet normal 0 0 -1
    outer loop
      vertex 1.30481 11.6491 -6.6
      vertex 2.74444 12.9115 -6.6
      vertex 1.44913 11.5048 -6.6
    endloop
  endfacet
  facet normal -0 0 -1
    outer loop
      vertex 2.74444 12.9115 -6.6
      vertex 1.30481 11.6491 -6.6
      vertex 1.37977 13.1276 -6.6
    endloop
  endfacet
  facet normal 0 0 -1
    outer loop
      vertex 1.14618 11.7776 -6.6
      vertex 1.37977 13.1276 -6.6
      vertex 1.30481 11.6491 -6.6
    endloop
  endfacet
  facet normal 0 0 -1
    outer loop
      vertex 0.974998 11.8887 -6.6
      vertex 1.37977 13.1276 -6.6
      vertex 1.14618 11.7776 -6.6
    endloop
  endfacet
  facet normal 0 0 -1
    outer loop
      vertex 0.793136 11.9814 -6.6
      vertex 1.37977 13.1276 -6.6
      vertex 0.974998 11.8887 -6.6
    endloop
  endfacet
  facet normal 0 0 -1
    outer loop
      vertex 0.602582 12.0546 -6.6
      vertex 1.37977 13.1276 -6.6
      vertex 0.793136 11.9814 -6.6
    endloop
  endfacet
  facet normal 0 0 -1
    outer loop
      vertex 0.405427 12.1074 -6.6
      vertex 1.37977 13.1276 -6.6
      vertex 0.602582 12.0546 -6.6
    endloop
  endfacet
  facet normal 0 0 -1
    outer loop
      vertex 0 13.2 -6.6
      vertex 0.405427 12.1074 -6.6
      vertex 0.203829 12.1393 -6.6
    endloop
  endfacet
  facet normal 0 0 -1
    outer loop
      vertex 0 13.2 -6.6
      vertex 0.203829 12.1393 -6.6
      vertex 0 12.15 -6.6
    endloop
  endfacet
  facet normal 0 0 -1
    outer loop
      vertex 0.405427 12.1074 -6.6
      vertex 0 13.2 -6.6
      vertex 1.37977 13.1276 -6.6
    endloop
  endfacet
  facet normal 0 0 -1
    outer loop
      vertex -0.203829 12.1393 -6.6
      vertex 0 13.2 -6.6
      vertex 0 12.15 -6.6
    endloop
  endfacet
  facet normal 0 0 -1
    outer loop
      vertex -0.405427 12.1074 -6.6
      vertex 0 13.2 -6.6
      vertex -0.203829 12.1393 -6.6
    endloop
  endfacet
  facet normal 0 0 -1
    outer loop
      vertex -1.37977 13.1276 -6.6
      vertex -0.405427 12.1074 -6.6
      vertex -0.602582 12.0546 -6.6
    endloop
  endfacet
  facet normal 0 0 -1
    outer loop
      vertex -1.37977 13.1276 -6.6
      vertex -0.602582 12.0546 -6.6
      vertex -0.793136 11.9814 -6.6
    endloop
  endfacet
  facet normal 0 0 -1
    outer loop
      vertex -1.37977 13.1276 -6.6
      vertex -0.793136 11.9814 -6.6
      vertex -0.974999 11.8887 -6.6
    endloop
  endfacet
  facet normal 0 0 -1
    outer loop
      vertex -1.37977 13.1276 -6.6
      vertex -0.974999 11.8887 -6.6
      vertex -1.14618 11.7776 -6.6
    endloop
  endfacet
  facet normal 0 0 -1
    outer loop
      vertex -1.37977 13.1276 -6.6
      vertex -1.14618 11.7776 -6.6
      vertex -1.30481 11.6491 -6.6
    endloop
  endfacet
  facet normal 0 0 -1
    outer loop
      vertex -0.405427 12.1074 -6.6
      vertex -1.37977 13.1276 -6.6
      vertex 0 13.2 -6.6
    endloop
  endfacet
  facet normal 0 0 -1
    outer loop
      vertex -2.74444 12.9115 -6.6
      vertex -1.30481 11.6491 -6.6
      vertex -1.44913 11.5048 -6.6
    endloop
  endfacet
  facet normal 0 0 -1
    outer loop
      vertex -2.74444 12.9115 -6.6
      vertex -1.44913 11.5048 -6.6
      vertex -1.57758 11.3462 -6.6
    endloop
  endfacet
  facet normal 0 0 -1
    outer loop
      vertex -2.74444 12.9115 -6.6
      vertex -1.57758 11.3462 -6.6
      vertex -1.68875 11.175 -6.6
    endloop
  endfacet
  facet normal 0 0 -1
    outer loop
      vertex -2.74444 12.9115 -6.6
      vertex -1.68875 11.175 -6.6
      vertex -1.78141 10.9931 -6.6
    endloop
  endfacet
  facet normal 0 0 -1
    outer loop
      vertex -2.74444 12.9115 -6.6
      vertex -1.78141 10.9931 -6.6
      vertex -1.85456 10.8026 -6.6
    endloop
  endfacet
  facet normal 0 0 -1
    outer loop
      vertex -2.74444 12.9115 -6.6
      vertex -1.85456 10.8026 -6.6
      vertex -1.90739 10.6054 -6.6
    endloop
  endfacet
  facet normal 0 0 -1
    outer loop
      vertex -1.30481 11.6491 -6.6
      vertex -2.74444 12.9115 -6.6
      vertex -1.37977 13.1276 -6.6
    endloop
  endfacet
  facet normal 0 0 -1
    outer loop
      vertex -1.93932 10.4038 -6.6
      vertex -2.74444 12.9115 -6.6
      vertex -1.90739 10.6054 -6.6
    endloop
  endfacet
  facet normal 0 0 -1
    outer loop
      vertex -1.95 10.2 -6.6
      vertex -2.74444 12.9115 -6.6
      vertex -1.93932 10.4038 -6.6
    endloop
  endfacet
  facet normal 0 0 -1
    outer loop
      vertex -1.93932 9.99617 -6.6
      vertex -2.74444 12.9115 -6.6
      vertex -1.95 10.2 -6.6
    endloop
  endfacet
  facet normal 0 0 -1
    outer loop
      vertex -6.9789 -5.70258 -6.6
      vertex -2.74444 -12.9115 -6.6
      vertex -4.07903 -12.5539 -6.6
    endloop
  endfacet
  facet normal -0 0 -1
    outer loop
      vertex -1.351 -0.78 -6.6
      vertex -7.1447 -4.125 -6.6
      vertex -1.42513 -0.634508 -6.6
    endloop
  endfacet
  facet normal 0 0 -1
    outer loop
      vertex -7.1447 -6.075 -6.6
      vertex -4.07903 -12.5539 -6.6
      vertex -5.36892 -12.0588 -6.6
    endloop
  endfacet
  facet normal 0 0 -1
    outer loop
      vertex -1.56 0 -6.6
      vertex -4.07903 12.5539 -6.6
      vertex -2.74444 12.9115 -6.6
    endloop
  endfacet
  facet normal 0 0 -1
    outer loop
      vertex -7.25587 -6.24618 -6.6
      vertex -5.36892 -12.0588 -6.6
      vertex -6.6 -11.4315 -6.6
    endloop
  endfacet
  facet normal 0 0 -1
    outer loop
      vertex -1.56 0 -6.6
      vertex -5.36892 12.0588 -6.6
      vertex -4.07903 12.5539 -6.6
    endloop
  endfacet
  facet normal 0 0 -1
    outer loop
      vertex -1.56 0 -6.6
      vertex -6.6 11.4315 -6.6
      vertex -5.36892 12.0588 -6.6
    endloop
  endfacet
  facet normal 0 0 -1
    outer loop
      vertex -7.1447 -4.125 -6.6
      vertex -1.351 -0.78 -6.6
      vertex -7.05204 -4.30686 -6.6
    endloop
  endfacet
  facet normal -0 0 -1
    outer loop
      vertex -1.26206 -0.916944 -6.6
      vertex -7.05204 -4.30686 -6.6
      vertex -1.351 -0.78 -6.6
    endloop
  endfacet
  facet normal 0 0 -1
    outer loop
      vertex -2.74444 -12.9115 -6.6
      vertex -6.9789 -5.70258 -6.6
      vertex -6.92608 -5.50543 -6.6
    endloop
  endfacet
  facet normal 0 0 -1
    outer loop
      vertex -4.07903 -12.5539 -6.6
      vertex -7.05204 -5.89314 -6.6
      vertex -6.9789 -5.70258 -6.6
    endloop
  endfacet
  facet normal 0 0 -1
    outer loop
      vertex -4.07903 -12.5539 -6.6
      vertex -7.1447 -6.075 -6.6
      vertex -7.05204 -5.89314 -6.6
    endloop
  endfacet
  facet normal 0 0 -1
    outer loop
      vertex -5.36892 -12.0588 -6.6
      vertex -7.25587 -6.24618 -6.6
      vertex -7.1447 -6.075 -6.6
    endloop
  endfacet
  facet normal 0 0 -1
    outer loop
      vertex -6.6 -11.4315 -6.6
      vertex -7.38433 -6.40481 -6.6
      vertex -7.25587 -6.24618 -6.6
    endloop
  endfacet
  facet normal 0 0 -1
    outer loop
      vertex -6.6 -11.4315 -6.6
      vertex -7.52866 -6.54913 -6.6
      vertex -7.38433 -6.40481 -6.6
    endloop
  endfacet
  facet normal 0 0 -1
    outer loop
      vertex -7.75877 -10.679 -6.6
      vertex -7.52866 -6.54913 -6.6
      vertex -6.6 -11.4315 -6.6
    endloop
  endfacet
  facet normal 0 0 -1
    outer loop
      vertex -7.52866 -6.54913 -6.6
      vertex -7.75877 -10.679 -6.6
      vertex -7.68727 -6.67758 -6.6
    endloop
  endfacet
  facet normal 0 0 -1
    outer loop
      vertex -7.75877 -10.679 -6.6
      vertex -7.85846 -6.78875 -6.6
      vertex -7.68727 -6.67758 -6.6
    endloop
  endfacet
  facet normal 0 0 -1
    outer loop
      vertex -7.75877 -10.679 -6.6
      vertex -8.04032 -6.88141 -6.6
      vertex -7.85846 -6.78875 -6.6
    endloop
  endfacet
  facet normal 0 0 -1
    outer loop
      vertex -8.83253 -9.80951 -6.6
      vertex -8.04032 -6.88141 -6.6
      vertex -7.75877 -10.679 -6.6
    endloop
  endfacet
  facet normal 0 0 -1
    outer loop
      vertex -8.04032 -6.88141 -6.6
      vertex -8.83253 -9.80951 -6.6
      vertex -8.23087 -6.95456 -6.6
    endloop
  endfacet
  facet normal 0 0 -1
    outer loop
      vertex -8.23087 -6.95456 -6.6
      vertex -8.83253 -9.80951 -6.6
      vertex -8.42803 -7.00739 -6.6
    endloop
  endfacet
  facet normal 0 0 -1
    outer loop
      vertex -8.42803 -7.00739 -6.6
      vertex -8.83253 -9.80951 -6.6
      vertex -8.62963 -7.03932 -6.6
    endloop
  endfacet
  facet normal 0 0 -1
    outer loop
      vertex -9.80951 -8.83253 -6.6
      vertex -8.62963 -7.03932 -6.6
      vertex -8.83253 -9.80951 -6.6
    endloop
  endfacet
  facet normal 0 0 -1
    outer loop
      vertex -8.62963 -7.03932 -6.6
      vertex -9.80951 -8.83253 -6.6
      vertex -8.83346 -7.05 -6.6
    endloop
  endfacet
  facet normal -0 0 -1
    outer loop
      vertex -8.83346 -7.05 -6.6
      vertex -9.80951 -8.83253 -6.6
      vertex -9.03728 -7.03932 -6.6
    endloop
  endfacet
  facet normal -0 0 -1
    outer loop
      vertex -9.03728 -7.03932 -6.6
      vertex -9.80951 -8.83253 -6.6
      vertex -9.23888 -7.00739 -6.6
    endloop
  endfacet
  facet normal -0 0 -1
    outer loop
      vertex -9.23888 -7.00739 -6.6
      vertex -9.80951 -8.83253 -6.6
      vertex -9.43604 -6.95456 -6.6
    endloop
  endfacet
  facet normal 0 0 -1
    outer loop
      vertex -10.679 -7.75877 -6.6
      vertex -9.43604 -6.95456 -6.6
      vertex -9.80951 -8.83253 -6.6
    endloop
  endfacet
  facet normal -0 0 -1
    outer loop
      vertex -9.43604 -6.95456 -6.6
      vertex -10.679 -7.75877 -6.6
      vertex -9.62659 -6.88141 -6.6
    endloop
  endfacet
  facet normal -0 0 -1
    outer loop
      vertex -9.62659 -6.88141 -6.6
      vertex -10.679 -7.75877 -6.6
      vertex -9.80846 -6.78875 -6.6
    endloop
  endfacet
  facet normal -0 0 -1
    outer loop
      vertex -9.80846 -6.78875 -6.6
      vertex -10.679 -7.75877 -6.6
      vertex -9.97964 -6.67758 -6.6
    endloop
  endfacet
  facet normal -0 0 -1
    outer loop
      vertex -9.97964 -6.67758 -6.6
      vertex -10.679 -7.75877 -6.6
      vertex -10.1383 -6.54913 -6.6
    endloop
  endfacet
  facet normal -0 0 -1
    outer loop
      vertex -10.1383 -6.54913 -6.6
      vertex -10.679 -7.75877 -6.6
      vertex -10.2826 -6.40481 -6.6
    endloop
  endfacet
  facet normal 0 0 -1
    outer loop
      vertex -11.4315 -6.6 -6.6
      vertex -10.2826 -6.40481 -6.6
      vertex -10.679 -7.75877 -6.6
    endloop
  endfacet
  facet normal -0 0 -1
    outer loop
      vertex -10.2826 -6.40481 -6.6
      vertex -11.4315 -6.6 -6.6
      vertex -10.411 -6.24618 -6.6
    endloop
  endfacet
  facet normal -0 0 -1
    outer loop
      vertex -10.411 -6.24618 -6.6
      vertex -11.4315 -6.6 -6.6
      vertex -10.5222 -6.075 -6.6
    endloop
  endfacet
  facet normal -0 0 -1
    outer loop
      vertex -10.5222 -6.075 -6.6
      vertex -11.4315 -6.6 -6.6
      vertex -10.6149 -5.89314 -6.6
    endloop
  endfacet
  facet normal -0 0 -1
    outer loop
      vertex -10.6149 -5.89314 -6.6
      vertex -11.4315 -6.6 -6.6
      vertex -10.688 -5.70258 -6.6
    endloop
  endfacet
  facet normal 0 0 -1
    outer loop
      vertex -12.0588 -5.36892 -6.6
      vertex -10.688 -5.70258 -6.6
      vertex -11.4315 -6.6 -6.6
    endloop
  endfacet
  facet normal 0 0 -1
    outer loop
      vertex -10.688 -5.70258 -6.6
      vertex -12.0588 -5.36892 -6.6
      vertex -10.7409 -5.50543 -6.6
    endloop
  endfacet
  facet normal 0 0 -1
    outer loop
      vertex -10.7409 -5.50543 -6.6
      vertex -12.0588 -5.36892 -6.6
      vertex -10.7728 -5.30383 -6.6
    endloop
  endfacet
  facet normal -0 0 -1
    outer loop
      vertex 12.0588 5.36892 -6.6
      vertex 1.42513 0.634508 -6.6
      vertex 11.4315 6.6 -6.6
    endloop
  endfacet
  facet normal 0 0 -1
    outer loop
      vertex 1.351 0.78 -6.6
      vertex 11.4315 6.6 -6.6
      vertex 1.42513 0.634508 -6.6
    endloop
  endfacet
  facet normal -0 0 -1
    outer loop
      vertex 11.4315 6.6 -6.6
      vertex 1.351 0.78 -6.6
      vertex 10.679 7.75877 -6.6
    endloop
  endfacet
  facet normal 0 0 -1
    outer loop
      vertex 1.26206 0.916944 -6.6
      vertex 10.679 7.75877 -6.6
      vertex 1.351 0.78 -6.6
    endloop
  endfacet
  facet normal -0 0 -1
    outer loop
      vertex 10.679 7.75877 -6.6
      vertex 1.26206 0.916944 -6.6
      vertex 9.80951 8.83253 -6.6
    endloop
  endfacet
  facet normal 0 0 -1
    outer loop
      vertex 1.1593 1.04384 -6.6
      vertex 9.80951 8.83253 -6.6
      vertex 1.26206 0.916944 -6.6
    endloop
  endfacet
  facet normal 0 0 -1
    outer loop
      vertex 9.80951 8.83253 -6.6
      vertex 1.44913 8.89519 -6.6
      vertex 1.57758 9.05382 -6.6
    endloop
  endfacet
  facet normal -0 0 -1
    outer loop
      vertex 9.80951 8.83253 -6.6
      vertex 1.1593 1.04384 -6.6
      vertex 1.44913 8.89519 -6.6
    endloop
  endfacet
  facet normal 0 0 -1
    outer loop
      vertex 1.44913 8.89519 -6.6
      vertex 1.1593 1.04384 -6.6
      vertex 1.30481 8.75087 -6.6
    endloop
  endfacet
  facet normal 0 0 -1
    outer loop
      vertex 1.04384 1.1593 -6.6
      vertex 1.30481 8.75087 -6.6
      vertex 1.1593 1.04384 -6.6
    endloop
  endfacet
  facet normal 0 0 -1
    outer loop
      vertex 1.30481 8.75087 -6.6
      vertex 1.04384 1.1593 -6.6
      vertex 1.14618 8.62242 -6.6
    endloop
  endfacet
  facet normal 0 0 -1
    outer loop
      vertex 0.916944 1.26206 -6.6
      vertex 1.14618 8.62242 -6.6
      vertex 1.04384 1.1593 -6.6
    endloop
  endfacet
  facet normal 0 0 -1
    outer loop
      vertex 1.14618 8.62242 -6.6
      vertex 0.916944 1.26206 -6.6
      vertex 0.974999 8.51125 -6.6
    endloop
  endfacet
  facet normal 0 0 -1
    outer loop
      vertex 0.78 1.351 -6.6
      vertex 0.974999 8.51125 -6.6
      vertex 0.916944 1.26206 -6.6
    endloop
  endfacet
  facet normal 0 0 -1
    outer loop
      vertex 0.974999 8.51125 -6.6
      vertex 0.78 1.351 -6.6
      vertex 0.793136 8.41859 -6.6
    endloop
  endfacet
  facet normal 0 0 -1
    outer loop
      vertex 0.634508 1.42513 -6.6
      vertex 0.793136 8.41859 -6.6
      vertex 0.78 1.351 -6.6
    endloop
  endfacet
  facet normal 0 0 -1
    outer loop
      vertex 0.634508 1.42513 -6.6
      vertex 0.602582 8.34544 -6.6
      vertex 0.793136 8.41859 -6.6
    endloop
  endfacet
  facet normal 0 0 -1
    outer loop
      vertex 0.482066 1.48364 -6.6
      vertex 0.602582 8.34544 -6.6
      vertex 0.634508 1.42513 -6.6
    endloop
  endfacet
  facet normal 0 0 -1
    outer loop
      vertex 0.482066 1.48364 -6.6
      vertex 0.405427 8.29261 -6.6
      vertex 0.602582 8.34544 -6.6
    endloop
  endfacet
  facet normal 0 0 -1
    outer loop
      vertex 0.324342 1.52591 -6.6
      vertex 0.405427 8.29261 -6.6
      vertex 0.482066 1.48364 -6.6
    endloop
  endfacet
  facet normal 0 0 -1
    outer loop
      vertex 0.324342 1.52591 -6.6
      vertex 0.203829 8.26068 -6.6
      vertex 0.405427 8.29261 -6.6
    endloop
  endfacet
  facet normal 0 0 -1
    outer loop
      vertex 0.163063 1.55146 -6.6
      vertex 0.203829 8.26068 -6.6
      vertex 0.324342 1.52591 -6.6
    endloop
  endfacet
  facet normal 0 0 -1
    outer loop
      vertex 0 1.56 -6.6
      vertex 0.203829 8.26068 -6.6
      vertex 0.163063 1.55146 -6.6
    endloop
  endfacet
  facet normal 0 0 -1
    outer loop
      vertex 0 1.56 -6.6
      vertex 0 8.25 -6.6
      vertex 0.203829 8.26068 -6.6
    endloop
  endfacet
  facet normal 0 0 -1
    outer loop
      vertex -0.163063 1.55146 -6.6
      vertex 0 8.25 -6.6
      vertex 0 1.56 -6.6
    endloop
  endfacet
  facet normal 0 0 -1
    outer loop
      vertex -0.163063 1.55146 -6.6
      vertex -0.203829 8.26068 -6.6
      vertex 0 8.25 -6.6
    endloop
  endfacet
  facet normal 0 0 -1
    outer loop
      vertex -0.324342 1.52591 -6.6
      vertex -0.203829 8.26068 -6.6
      vertex -0.163063 1.55146 -6.6
    endloop
  endfacet
  facet normal 0 0 -1
    outer loop
      vertex -0.324342 1.52591 -6.6
      vertex -0.405427 8.29261 -6.6
      vertex -0.203829 8.26068 -6.6
    endloop
  endfacet
  facet normal 0 0 -1
    outer loop
      vertex -0.482066 1.48364 -6.6
      vertex -0.405427 8.29261 -6.6
      vertex -0.324342 1.52591 -6.6
    endloop
  endfacet
  facet normal 0 0 -1
    outer loop
      vertex -0.482066 1.48364 -6.6
      vertex -0.602582 8.34544 -6.6
      vertex -0.405427 8.29261 -6.6
    endloop
  endfacet
  facet normal 0 0 -1
    outer loop
      vertex -0.634508 1.42513 -6.6
      vertex -0.602582 8.34544 -6.6
      vertex -0.482066 1.48364 -6.6
    endloop
  endfacet
  facet normal 0 0 -1
    outer loop
      vertex -0.793136 8.41859 -6.6
      vertex -0.634508 1.42513 -6.6
      vertex -0.78 1.351 -6.6
    endloop
  endfacet
  facet normal 0 0 -1
    outer loop
      vertex -0.634508 1.42513 -6.6
      vertex -0.793136 8.41859 -6.6
      vertex -0.602582 8.34544 -6.6
    endloop
  endfacet
  facet normal 0 0 -1
    outer loop
      vertex -0.974999 8.51125 -6.6
      vertex -0.78 1.351 -6.6
      vertex -0.916944 1.26206 -6.6
    endloop
  endfacet
  facet normal 0 0 -1
    outer loop
      vertex -0.78 1.351 -6.6
      vertex -0.974999 8.51125 -6.6
      vertex -0.793136 8.41859 -6.6
    endloop
  endfacet
  facet normal 0 0 -1
    outer loop
      vertex -1.14618 8.62242 -6.6
      vertex -0.916944 1.26206 -6.6
      vertex -1.04384 1.1593 -6.6
    endloop
  endfacet
  facet normal 0 0 -1
    outer loop
      vertex -0.916944 1.26206 -6.6
      vertex -1.14618 8.62242 -6.6
      vertex -0.974999 8.51125 -6.6
    endloop
  endfacet
  facet normal 0 0 -1
    outer loop
      vertex -1.30481 8.75087 -6.6
      vertex -1.04384 1.1593 -6.6
      vertex -1.1593 1.04384 -6.6
    endloop
  endfacet
  facet normal 0 0 -1
    outer loop
      vertex -1.44913 8.89519 -6.6
      vertex -1.1593 1.04384 -6.6
      vertex -1.26206 0.916944 -6.6
    endloop
  endfacet
  facet normal 0 0 -1
    outer loop
      vertex -1.04384 1.1593 -6.6
      vertex -1.30481 8.75087 -6.6
      vertex -1.14618 8.62242 -6.6
    endloop
  endfacet
  facet normal 0 0 -1
    outer loop
      vertex -1.57758 9.05382 -6.6
      vertex -1.26206 0.916944 -6.6
      vertex -1.351 0.78 -6.6
    endloop
  endfacet
  facet normal 0 0 -1
    outer loop
      vertex -1.68875 9.225 -6.6
      vertex -1.351 0.78 -6.6
      vertex -1.42513 0.634508 -6.6
    endloop
  endfacet
  facet normal 0 0 -1
    outer loop
      vertex -1.1593 1.04384 -6.6
      vertex -1.44913 8.89519 -6.6
      vertex -1.30481 8.75087 -6.6
    endloop
  endfacet
  facet normal 0 0 -1
    outer loop
      vertex -1.78141 9.40686 -6.6
      vertex -1.42513 0.634508 -6.6
      vertex -1.48364 0.482066 -6.6
    endloop
  endfacet
  facet normal 0 0 -1
    outer loop
      vertex -1.85456 9.59742 -6.6
      vertex -1.48364 0.482066 -6.6
      vertex -1.52591 0.324342 -6.6
    endloop
  endfacet
  facet normal 0 0 -1
    outer loop
      vertex -1.90739 9.79457 -6.6
      vertex -1.52591 0.324342 -6.6
      vertex -1.55146 0.163063 -6.6
    endloop
  endfacet
  facet normal 0 0 -1
    outer loop
      vertex -2.74444 12.9115 -6.6
      vertex -1.55146 0.163063 -6.6
      vertex -1.56 0 -6.6
    endloop
  endfacet
  facet normal 0 0 -1
    outer loop
      vertex -1.26206 0.916944 -6.6
      vertex -1.57758 9.05382 -6.6
      vertex -1.44913 8.89519 -6.6
    endloop
  endfacet
  facet normal 0 0 -1
    outer loop
      vertex 9.43604 -3.24544 -6.6
      vertex 13.2 0 -6.6
      vertex 13.1276 -1.37977 -6.6
    endloop
  endfacet
  facet normal 0 0 -1
    outer loop
      vertex 9.97964 -3.52242 -6.6
      vertex 13.1276 -1.37977 -6.6
      vertex 12.9115 -2.74444 -6.6
    endloop
  endfacet
  facet normal 0 0 -1
    outer loop
      vertex 9.43604 -3.24544 -6.6
      vertex 13.1276 -1.37977 -6.6
      vertex 9.62659 -3.31859 -6.6
    endloop
  endfacet
  facet normal 0 0 -1
    outer loop
      vertex 10.411 -3.95382 -6.6
      vertex 12.9115 -2.74444 -6.6
      vertex 12.5539 -4.07903 -6.6
    endloop
  endfacet
  facet normal 0 0 -1
    outer loop
      vertex 13.1276 -1.37977 -6.6
      vertex 9.97964 -3.52242 -6.6
      vertex 9.80846 -3.41125 -6.6
    endloop
  endfacet
  facet normal 0 0 -1
    outer loop
      vertex 10.7409 -4.69457 -6.6
      vertex 12.5539 -4.07903 -6.6
      vertex 12.0588 -5.36892 -6.6
    endloop
  endfacet
  facet normal 0 0 -1
    outer loop
      vertex 12.9115 -2.74444 -6.6
      vertex 10.411 -3.95382 -6.6
      vertex 10.2826 -3.79519 -6.6
    endloop
  endfacet
  facet normal 0 0 -1
    outer loop
      vertex 10.688 -5.70258 -6.6
      vertex 12.0588 -5.36892 -6.6
      vertex 11.4315 -6.6 -6.6
    endloop
  endfacet
  facet normal 0 0 -1
    outer loop
      vertex 12.5539 -4.07903 -6.6
      vertex 10.688 -4.49742 -6.6
      vertex 10.6149 -4.30686 -6.6
    endloop
  endfacet
  facet normal 0 0 -1
    outer loop
      vertex 12.0588 -5.36892 -6.6
      vertex 10.7835 -5.1 -6.6
      vertex 10.7728 -4.89617 -6.6
    endloop
  endfacet
  facet normal 0 0 -1
    outer loop
      vertex 12.0588 -5.36892 -6.6
      vertex 10.7728 -5.30383 -6.6
      vertex 10.7835 -5.1 -6.6
    endloop
  endfacet
  facet normal -0 0 -1
    outer loop
      vertex 12.0588 -5.36892 -6.6
      vertex 10.7409 -5.50543 -6.6
      vertex 10.7728 -5.30383 -6.6
    endloop
  endfacet
  facet normal 0 0 -1
    outer loop
      vertex 12.0588 -5.36892 -6.6
      vertex 10.688 -5.70258 -6.6
      vertex 10.7409 -5.50543 -6.6
    endloop
  endfacet
  facet normal 0 0 -1
    outer loop
      vertex 10.2826 -6.40481 -6.6
      vertex 11.4315 -6.6 -6.6
      vertex 10.679 -7.75877 -6.6
    endloop
  endfacet
  facet normal 0 0 -1
    outer loop
      vertex 11.4315 -6.6 -6.6
      vertex 10.6149 -5.89314 -6.6
      vertex 10.688 -5.70258 -6.6
    endloop
  endfacet
  facet normal 0 0 -1
    outer loop
      vertex 11.4315 -6.6 -6.6
      vertex 10.5222 -6.075 -6.6
      vertex 10.6149 -5.89314 -6.6
    endloop
  endfacet
  facet normal 0 0 -1
    outer loop
      vertex 11.4315 -6.6 -6.6
      vertex 10.411 -6.24618 -6.6
      vertex 10.5222 -6.075 -6.6
    endloop
  endfacet
  facet normal 0 0 -1
    outer loop
      vertex 11.4315 -6.6 -6.6
      vertex 10.2826 -6.40481 -6.6
      vertex 10.411 -6.24618 -6.6
    endloop
  endfacet
  facet normal 0 0 -1
    outer loop
      vertex 10.679 -7.75877 -6.6
      vertex 10.1383 -6.54913 -6.6
      vertex 10.2826 -6.40481 -6.6
    endloop
  endfacet
  facet normal 0 0 -1
    outer loop
      vertex 10.679 -7.75877 -6.6
      vertex 9.97964 -6.67758 -6.6
      vertex 10.1383 -6.54913 -6.6
    endloop
  endfacet
  facet normal 0 0 -1
    outer loop
      vertex 9.43604 -6.95456 -6.6
      vertex 10.679 -7.75877 -6.6
      vertex 9.80951 -8.83253 -6.6
    endloop
  endfacet
  facet normal 0 0 -1
    outer loop
      vertex 10.679 -7.75877 -6.6
      vertex 9.80846 -6.78875 -6.6
      vertex 9.97964 -6.67758 -6.6
    endloop
  endfacet
  facet normal 0 0 -1
    outer loop
      vertex 10.679 -7.75877 -6.6
      vertex 9.62659 -6.88141 -6.6
      vertex 9.80846 -6.78875 -6.6
    endloop
  endfacet
  facet normal 0 0 -1
    outer loop
      vertex 10.679 -7.75877 -6.6
      vertex 9.43604 -6.95456 -6.6
      vertex 9.62659 -6.88141 -6.6
    endloop
  endfacet
  facet normal 0 0 -1
    outer loop
      vertex 9.80951 -8.83253 -6.6
      vertex 9.23888 -7.00739 -6.6
      vertex 9.43604 -6.95456 -6.6
    endloop
  endfacet
  facet normal 0 0 -1
    outer loop
      vertex 9.80951 -8.83253 -6.6
      vertex 9.03728 -7.03932 -6.6
      vertex 9.23888 -7.00739 -6.6
    endloop
  endfacet
  facet normal 0 0 -1
    outer loop
      vertex 9.80951 -8.83253 -6.6
      vertex 8.83346 -7.05 -6.6
      vertex 9.03728 -7.03932 -6.6
    endloop
  endfacet
  facet normal 0 0 -1
    outer loop
      vertex 8.62963 -7.03932 -6.6
      vertex 9.80951 -8.83253 -6.6
      vertex 8.83253 -9.80951 -6.6
    endloop
  endfacet
  facet normal 0 0 -1
    outer loop
      vertex 9.80951 -8.83253 -6.6
      vertex 8.62963 -7.03932 -6.6
      vertex 8.83346 -7.05 -6.6
    endloop
  endfacet
  facet normal 0 0 -1
    outer loop
      vertex 8.83253 -9.80951 -6.6
      vertex 8.42803 -7.00739 -6.6
      vertex 8.62963 -7.03932 -6.6
    endloop
  endfacet
  facet normal 0 0 -1
    outer loop
      vertex 8.83253 -9.80951 -6.6
      vertex 8.23087 -6.95456 -6.6
      vertex 8.42803 -7.00739 -6.6
    endloop
  endfacet
  facet normal 0 0 -1
    outer loop
      vertex 8.83253 -9.80951 -6.6
      vertex 8.04032 -6.88141 -6.6
      vertex 8.23087 -6.95456 -6.6
    endloop
  endfacet
  facet normal 0 0 -1
    outer loop
      vertex 7.75877 -10.679 -6.6
      vertex 8.04032 -6.88141 -6.6
      vertex 8.83253 -9.80951 -6.6
    endloop
  endfacet
  facet normal -0 0 -1
    outer loop
      vertex 8.04032 -6.88141 -6.6
      vertex 7.75877 -10.679 -6.6
      vertex 7.85846 -6.78875 -6.6
    endloop
  endfacet
  facet normal 0 0 -1
    outer loop
      vertex 7.75877 -10.679 -6.6
      vertex 7.68727 -6.67758 -6.6
      vertex 7.85846 -6.78875 -6.6
    endloop
  endfacet
  facet normal 0 0 -1
    outer loop
      vertex 7.75877 -10.679 -6.6
      vertex 7.52866 -6.54913 -6.6
      vertex 7.68727 -6.67758 -6.6
    endloop
  endfacet
  facet normal 0 0 -1
    outer loop
      vertex 6.6 -11.4315 -6.6
      vertex 7.52866 -6.54913 -6.6
      vertex 7.75877 -10.679 -6.6
    endloop
  endfacet
  facet normal -0 0 -1
    outer loop
      vertex 7.52866 -6.54913 -6.6
      vertex 6.6 -11.4315 -6.6
      vertex 7.38433 -6.40481 -6.6
    endloop
  endfacet
  facet normal -0 0 -1
    outer loop
      vertex 7.38433 -6.40481 -6.6
      vertex 6.6 -11.4315 -6.6
      vertex 7.25587 -6.24618 -6.6
    endloop
  endfacet
  facet normal 0 0 -1
    outer loop
      vertex 5.36892 -12.0588 -6.6
      vertex 7.25587 -6.24618 -6.6
      vertex 6.6 -11.4315 -6.6
    endloop
  endfacet
  facet normal -0 0 -1
    outer loop
      vertex 7.25587 -6.24618 -6.6
      vertex 5.36892 -12.0588 -6.6
      vertex 7.1447 -6.075 -6.6
    endloop
  endfacet
  facet normal 0 0 -1
    outer loop
      vertex 4.07903 -12.5539 -6.6
      vertex 7.1447 -6.075 -6.6
      vertex 5.36892 -12.0588 -6.6
    endloop
  endfacet
  facet normal 0 0 -1
    outer loop
      vertex 2.74444 -12.9115 -6.6
      vertex 6.9789 -5.70258 -6.6
      vertex 4.07903 -12.5539 -6.6
    endloop
  endfacet
  facet normal -0 0 -1
    outer loop
      vertex 7.05204 -5.89314 -6.6
      vertex 4.07903 -12.5539 -6.6
      vertex 6.9789 -5.70258 -6.6
    endloop
  endfacet
  facet normal -0 0 -1
    outer loop
      vertex 7.1447 -6.075 -6.6
      vertex 4.07903 -12.5539 -6.6
      vertex 7.05204 -5.89314 -6.6
    endloop
  endfacet
  facet normal 0 0 -1
    outer loop
      vertex 12.0588 -5.36892 -6.6
      vertex 10.7728 -4.89617 -6.6
      vertex 10.7409 -4.69457 -6.6
    endloop
  endfacet
  facet normal 0 0 -1
    outer loop
      vertex 12.5539 -4.07903 -6.6
      vertex 10.7409 -4.69457 -6.6
      vertex 10.688 -4.49742 -6.6
    endloop
  endfacet
  facet normal 0 0 -1
    outer loop
      vertex 12.5539 -4.07903 -6.6
      vertex 10.6149 -4.30686 -6.6
      vertex 10.5222 -4.125 -6.6
    endloop
  endfacet
  facet normal -0 0 -1
    outer loop
      vertex 12.5539 -4.07903 -6.6
      vertex 10.5222 -4.125 -6.6
      vertex 10.411 -3.95382 -6.6
    endloop
  endfacet
  facet normal 0 0 -1
    outer loop
      vertex 12.9115 -2.74444 -6.6
      vertex 10.2826 -3.79519 -6.6
      vertex 10.1383 -3.65087 -6.6
    endloop
  endfacet
  facet normal 0 0 -1
    outer loop
      vertex 12.9115 -2.74444 -6.6
      vertex 10.1383 -3.65087 -6.6
      vertex 9.97964 -3.52242 -6.6
    endloop
  endfacet
  facet normal 0 0 -1
    outer loop
      vertex 13.1276 -1.37977 -6.6
      vertex 9.80846 -3.41125 -6.6
      vertex 9.62659 -3.31859 -6.6
    endloop
  endfacet
  facet normal 0 0 -1
    outer loop
      vertex 13.2 0 -6.6
      vertex 9.43604 -3.24544 -6.6
      vertex 9.23888 -3.19261 -6.6
    endloop
  endfacet
  facet normal 0 0 -1
    outer loop
      vertex 9.03728 -3.16068 -6.6
      vertex 13.2 0 -6.6
      vertex 9.23888 -3.19261 -6.6
    endloop
  endfacet
  facet normal -0 0 -1
    outer loop
      vertex 13.2 0 -6.6
      vertex 9.03728 -3.16068 -6.6
      vertex 13.1276 1.37977 -6.6
    endloop
  endfacet
  facet normal 0 0 -1
    outer loop
      vertex 8.83346 -3.15 -6.6
      vertex 13.1276 1.37977 -6.6
      vertex 9.03728 -3.16068 -6.6
    endloop
  endfacet
  facet normal -0 0 -1
    outer loop
      vertex 13.1276 1.37977 -6.6
      vertex 8.83346 -3.15 -6.6
      vertex 12.9115 2.74444 -6.6
    endloop
  endfacet
  facet normal 0 0 -1
    outer loop
      vertex 8.62963 -3.16068 -6.6
      vertex 12.9115 2.74444 -6.6
      vertex 8.83346 -3.15 -6.6
    endloop
  endfacet
  facet normal -0 0 -1
    outer loop
      vertex 12.9115 2.74444 -6.6
      vertex 8.62963 -3.16068 -6.6
      vertex 12.5539 4.07903 -6.6
    endloop
  endfacet
  facet normal 0 0 -1
    outer loop
      vertex 8.42803 -3.19261 -6.6
      vertex 12.5539 4.07903 -6.6
      vertex 8.62963 -3.16068 -6.6
    endloop
  endfacet
  facet normal 0 0 -1
    outer loop
      vertex 8.04032 -3.31859 -6.6
      vertex 1.52591 0.324342 -6.6
      vertex 8.23087 -3.24544 -6.6
    endloop
  endfacet
  facet normal 0 0 -1
    outer loop
      vertex 1.48364 0.482066 -6.6
      vertex 8.23087 -3.24544 -6.6
      vertex 1.52591 0.324342 -6.6
    endloop
  endfacet
  facet normal 0 0 -1
    outer loop
      vertex 8.23087 -3.24544 -6.6
      vertex 1.48364 0.482066 -6.6
      vertex 8.42803 -3.19261 -6.6
    endloop
  endfacet
  facet normal 0 0 -1
    outer loop
      vertex 8.42803 -3.19261 -6.6
      vertex 1.48364 0.482066 -6.6
      vertex 12.5539 4.07903 -6.6
    endloop
  endfacet
  facet normal -0 0 -1
    outer loop
      vertex 12.5539 4.07903 -6.6
      vertex 1.48364 0.482066 -6.6
      vertex 12.0588 5.36892 -6.6
    endloop
  endfacet
  facet normal 0 0 -1
    outer loop
      vertex 1.52591 0.324342 -6.6
      vertex 8.04032 -3.31859 -6.6
      vertex 1.55146 0.163063 -6.6
    endloop
  endfacet
  facet normal 0 0 -1
    outer loop
      vertex 7.85846 -3.41125 -6.6
      vertex 1.55146 0.163063 -6.6
      vertex 8.04032 -3.31859 -6.6
    endloop
  endfacet
  facet normal 0 0 -1
    outer loop
      vertex 1.55146 0.163063 -6.6
      vertex 7.85846 -3.41125 -6.6
      vertex 1.56 0 -6.6
    endloop
  endfacet
  facet normal 0 0 -1
    outer loop
      vertex 1.42513 0.634508 -6.6
      vertex 12.0588 5.36892 -6.6
      vertex 1.48364 0.482066 -6.6
    endloop
  endfacet
  facet normal 0 0 -1
    outer loop
      vertex 1.56 0 -6.6
      vertex 7.85846 -3.41125 -6.6
      vertex 7.68727 -3.52242 -6.6
    endloop
  endfacet
  facet normal 0 0 -1
    outer loop
      vertex 1.55146 -0.163063 -6.6
      vertex 7.68727 -3.52242 -6.6
      vertex 7.52866 -3.65087 -6.6
    endloop
  endfacet
  facet normal 0 0 -1
    outer loop
      vertex 1.52591 -0.324342 -6.6
      vertex 7.52866 -3.65087 -6.6
      vertex 7.38433 -3.79519 -6.6
    endloop
  endfacet
  facet normal 0 0 -1
    outer loop
      vertex 1.48364 -0.482066 -6.6
      vertex 7.38433 -3.79519 -6.6
      vertex 7.25587 -3.95382 -6.6
    endloop
  endfacet
  facet normal 0 0 -1
    outer loop
      vertex 1.42513 -0.634508 -6.6
      vertex 7.25587 -3.95382 -6.6
      vertex 7.1447 -4.125 -6.6
    endloop
  endfacet
  facet normal 0 0 -1
    outer loop
      vertex 1.351 -0.78 -6.6
      vertex 7.1447 -4.125 -6.6
      vertex 7.05204 -4.30686 -6.6
    endloop
  endfacet
  facet normal 0 0 -1
    outer loop
      vertex 1.1593 -1.04384 -6.6
      vertex 7.05204 -4.30686 -6.6
      vertex 6.9789 -4.49742 -6.6
    endloop
  endfacet
  facet normal 0 0 -1
    outer loop
      vertex 1.04384 -1.1593 -6.6
      vertex 6.9789 -4.49742 -6.6
      vertex 6.92608 -4.69457 -6.6
    endloop
  endfacet
  facet normal 0 0 -1
    outer loop
      vertex 0.916944 -1.26206 -6.6
      vertex 6.92608 -4.69457 -6.6
      vertex 6.89414 -4.89617 -6.6
    endloop
  endfacet
  facet normal 0 0 -1
    outer loop
      vertex 9.80951 8.83253 -6.6
      vertex 1.57758 9.05382 -6.6
      vertex 8.83253 9.80951 -6.6
    endloop
  endfacet
  facet normal 0 0 -1
    outer loop
      vertex 0.78 -1.351 -6.6
      vertex 6.89414 -4.89617 -6.6
      vertex 6.88346 -5.1 -6.6
    endloop
  endfacet
  facet normal 0 0 -1
    outer loop
      vertex 0.324342 -1.52591 -6.6
      vertex 6.9789 -5.70258 -6.6
      vertex 2.74444 -12.9115 -6.6
    endloop
  endfacet
  facet normal 0 0 -1
    outer loop
      vertex 6.9789 -5.70258 -6.6
      vertex 0.324342 -1.52591 -6.6
      vertex 6.92608 -5.50543 -6.6
    endloop
  endfacet
  facet normal 0 -0 -1
    outer loop
      vertex 1.68875 9.225 -6.6
      vertex 8.83253 9.80951 -6.6
      vertex 1.57758 9.05382 -6.6
    endloop
  endfacet
  facet normal 0 -0 -1
    outer loop
      vertex 0.482066 -1.48364 -6.6
      vertex 6.92608 -5.50543 -6.6
      vertex 0.324342 -1.52591 -6.6
    endloop
  endfacet
  facet normal -0 0 -1
    outer loop
      vertex 8.83253 9.80951 -6.6
      vertex 1.68875 9.225 -6.6
      vertex 7.75877 10.679 -6.6
    endloop
  endfacet
  facet normal 0 0 -1
    outer loop
      vertex 6.92608 -5.50543 -6.6
      vertex 0.482066 -1.48364 -6.6
      vertex 6.89414 -5.30383 -6.6
    endloop
  endfacet
  facet normal 0 -0 -1
    outer loop
      vertex 1.78141 9.40686 -6.6
      vertex 7.75877 10.679 -6.6
      vertex 1.68875 9.225 -6.6
    endloop
  endfacet
  facet normal 0 -0 -1
    outer loop
      vertex 1.90739 9.79457 -6.6
      vertex 6.6 11.4315 -6.6
      vertex 1.85456 9.59742 -6.6
    endloop
  endfacet
  facet normal -0 0 -1
    outer loop
      vertex 5.36892 12.0588 -6.6
      vertex 1.93932 10.4038 -6.6
      vertex 4.07903 12.5539 -6.6
    endloop
  endfacet
  facet normal 0 -0 -1
    outer loop
      vertex 1.95 10.2 -6.6
      vertex 5.36892 12.0588 -6.6
      vertex 1.93932 9.99617 -6.6
    endloop
  endfacet
  facet normal 0 0 -1
    outer loop
      vertex 1.93932 10.4038 -6.6
      vertex 5.36892 12.0588 -6.6
      vertex 1.95 10.2 -6.6
    endloop
  endfacet
  facet normal 0 -0 -1
    outer loop
      vertex 1.93932 9.99617 -6.6
      vertex 5.36892 12.0588 -6.6
      vertex 1.90739 9.79457 -6.6
    endloop
  endfacet
  facet normal -0 0 -1
    outer loop
      vertex 6.6 11.4315 -6.6
      vertex 1.90739 9.79457 -6.6
      vertex 5.36892 12.0588 -6.6
    endloop
  endfacet
  facet normal 0 -0 -1
    outer loop
      vertex 1.85456 9.59742 -6.6
      vertex 6.6 11.4315 -6.6
      vertex 1.78141 9.40686 -6.6
    endloop
  endfacet
  facet normal -0 0 -1
    outer loop
      vertex 7.75877 10.679 -6.6
      vertex 1.78141 9.40686 -6.6
      vertex 6.6 11.4315 -6.6
    endloop
  endfacet
  facet normal 0 0 -1
    outer loop
      vertex 7.68727 -3.52242 -6.6
      vertex 1.55146 -0.163063 -6.6
      vertex 1.56 0 -6.6
    endloop
  endfacet
  facet normal 0 0 -1
    outer loop
      vertex 7.52866 -3.65087 -6.6
      vertex 1.52591 -0.324342 -6.6
      vertex 1.55146 -0.163063 -6.6
    endloop
  endfacet
  facet normal 0 0 -1
    outer loop
      vertex 7.38433 -3.79519 -6.6
      vertex 1.48364 -0.482066 -6.6
      vertex 1.52591 -0.324342 -6.6
    endloop
  endfacet
  facet normal 0 0 -1
    outer loop
      vertex 7.25587 -3.95382 -6.6
      vertex 1.42513 -0.634508 -6.6
      vertex 1.48364 -0.482066 -6.6
    endloop
  endfacet
  facet normal 0 0 -1
    outer loop
      vertex 0.324342 -1.52591 -6.6
      vertex 2.74444 -12.9115 -6.6
      vertex 1.37977 -13.1276 -6.6
    endloop
  endfacet
  facet normal 0 0 -1
    outer loop
      vertex 7.1447 -4.125 -6.6
      vertex 1.351 -0.78 -6.6
      vertex 1.42513 -0.634508 -6.6
    endloop
  endfacet
  facet normal 0 0 -1
    outer loop
      vertex 7.05204 -4.30686 -6.6
      vertex 1.26206 -0.916944 -6.6
      vertex 1.351 -0.78 -6.6
    endloop
  endfacet
  facet normal 0 0 -1
    outer loop
      vertex 7.05204 -4.30686 -6.6
      vertex 1.1593 -1.04384 -6.6
      vertex 1.26206 -0.916944 -6.6
    endloop
  endfacet
  facet normal 0 0 -1
    outer loop
      vertex 6.9789 -4.49742 -6.6
      vertex 1.04384 -1.1593 -6.6
      vertex 1.1593 -1.04384 -6.6
    endloop
  endfacet
  facet normal 0 0 -1
    outer loop
      vertex 6.92608 -4.69457 -6.6
      vertex 0.916944 -1.26206 -6.6
      vertex 1.04384 -1.1593 -6.6
    endloop
  endfacet
  facet normal 0 0 -1
    outer loop
      vertex 6.89414 -4.89617 -6.6
      vertex 0.78 -1.351 -6.6
      vertex 0.916944 -1.26206 -6.6
    endloop
  endfacet
  facet normal 0 0 -1
    outer loop
      vertex 6.88346 -5.1 -6.6
      vertex 0.634508 -1.42513 -6.6
      vertex 0.78 -1.351 -6.6
    endloop
  endfacet
  facet normal 0 0 -1
    outer loop
      vertex 6.89414 -5.30383 -6.6
      vertex 0.634508 -1.42513 -6.6
      vertex 6.88346 -5.1 -6.6
    endloop
  endfacet
  facet normal 0 -0 -1
    outer loop
      vertex 0.634508 -1.42513 -6.6
      vertex 6.89414 -5.30383 -6.6
      vertex 0.482066 -1.48364 -6.6
    endloop
  endfacet
  facet normal 0 0 -1
    outer loop
      vertex 1.37977 -13.1276 -6.6
      vertex 0.163063 -1.55146 -6.6
      vertex 0.324342 -1.52591 -6.6
    endloop
  endfacet
  facet normal 0 0 -1
    outer loop
      vertex 0 -13.2 -6.6
      vertex 0.163063 -1.55146 -6.6
      vertex 1.37977 -13.1276 -6.6
    endloop
  endfacet
  facet normal 0 0 -1
    outer loop
      vertex 0 -13.2 -6.6
      vertex 0 -1.56 -6.6
      vertex 0.163063 -1.55146 -6.6
    endloop
  endfacet
  facet normal 0 0 -1
    outer loop
      vertex 0 -13.2 -6.6
      vertex -0.163063 -1.55146 -6.6
      vertex 0 -1.56 -6.6
    endloop
  endfacet
  facet normal 0 0 -1
    outer loop
      vertex -1.37977 -13.1276 -6.6
      vertex -0.163063 -1.55146 -6.6
      vertex 0 -13.2 -6.6
    endloop
  endfacet
  facet normal -0 0 -1
    outer loop
      vertex -0.163063 -1.55146 -6.6
      vertex -1.37977 -13.1276 -6.6
      vertex -0.324342 -1.52591 -6.6
    endloop
  endfacet
  facet normal 0 0 -1
    outer loop
      vertex -2.74444 -12.9115 -6.6
      vertex -0.324342 -1.52591 -6.6
      vertex -1.37977 -13.1276 -6.6
    endloop
  endfacet
  facet normal 0 0 -1
    outer loop
      vertex -6.92608 -5.50543 -6.6
      vertex -0.324342 -1.52591 -6.6
      vertex -2.74444 -12.9115 -6.6
    endloop
  endfacet
  facet normal -0 0 -1
    outer loop
      vertex -0.324342 -1.52591 -6.6
      vertex -6.92608 -5.50543 -6.6
      vertex -0.482066 -1.48364 -6.6
    endloop
  endfacet
  facet normal 0 -0 -1
    outer loop
      vertex -6.89414 -5.30383 -6.6
      vertex -0.482066 -1.48364 -6.6
      vertex -6.92608 -5.50543 -6.6
    endloop
  endfacet
  facet normal -0 0 -1
    outer loop
      vertex -0.482066 -1.48364 -6.6
      vertex -6.89414 -5.30383 -6.6
      vertex -0.634508 -1.42513 -6.6
    endloop
  endfacet
  facet normal 0 -0 -1
    outer loop
      vertex -6.88346 -5.1 -6.6
      vertex -0.634508 -1.42513 -6.6
      vertex -6.89414 -5.30383 -6.6
    endloop
  endfacet
  facet normal -0 0 -1
    outer loop
      vertex -0.634508 -1.42513 -6.6
      vertex -6.88346 -5.1 -6.6
      vertex -0.78 -1.351 -6.6
    endloop
  endfacet
  facet normal 0 0 -1
    outer loop
      vertex -6.89414 -4.89617 -6.6
      vertex -0.78 -1.351 -6.6
      vertex -6.88346 -5.1 -6.6
    endloop
  endfacet
  facet normal -0 0 -1
    outer loop
      vertex -0.78 -1.351 -6.6
      vertex -6.89414 -4.89617 -6.6
      vertex -0.916944 -1.26206 -6.6
    endloop
  endfacet
  facet normal 0 0 -1
    outer loop
      vertex -6.92608 -4.69457 -6.6
      vertex -0.916944 -1.26206 -6.6
      vertex -6.89414 -4.89617 -6.6
    endloop
  endfacet
  facet normal -0 0 -1
    outer loop
      vertex -0.916944 -1.26206 -6.6
      vertex -6.92608 -4.69457 -6.6
      vertex -1.04384 -1.1593 -6.6
    endloop
  endfacet
  facet normal 0 0 -1
    outer loop
      vertex -6.9789 -4.49742 -6.6
      vertex -1.04384 -1.1593 -6.6
      vertex -6.92608 -4.69457 -6.6
    endloop
  endfacet
  facet normal -0 0 -1
    outer loop
      vertex -1.04384 -1.1593 -6.6
      vertex -6.9789 -4.49742 -6.6
      vertex -1.1593 -1.04384 -6.6
    endloop
  endfacet
  facet normal 0 0 -1
    outer loop
      vertex -1.351 0.78 -6.6
      vertex -1.68875 9.225 -6.6
      vertex -1.57758 9.05382 -6.6
    endloop
  endfacet
  facet normal 0 0 -1
    outer loop
      vertex -7.05204 -4.30686 -6.6
      vertex -1.1593 -1.04384 -6.6
      vertex -6.9789 -4.49742 -6.6
    endloop
  endfacet
  facet normal -0 0 -1
    outer loop
      vertex -1.1593 -1.04384 -6.6
      vertex -7.05204 -4.30686 -6.6
      vertex -1.26206 -0.916944 -6.6
    endloop
  endfacet
  facet normal 0 0 -1
    outer loop
      vertex -1.42513 0.634508 -6.6
      vertex -1.78141 9.40686 -6.6
      vertex -1.68875 9.225 -6.6
    endloop
  endfacet
  facet normal 0 0 -1
    outer loop
      vertex -1.48364 0.482066 -6.6
      vertex -1.85456 9.59742 -6.6
      vertex -1.78141 9.40686 -6.6
    endloop
  endfacet
  facet normal 0 0 -1
    outer loop
      vertex -1.52591 0.324342 -6.6
      vertex -1.90739 9.79457 -6.6
      vertex -1.85456 9.59742 -6.6
    endloop
  endfacet
  facet normal 0 0 -1
    outer loop
      vertex -2.74444 12.9115 -6.6
      vertex -1.90739 9.79457 -6.6
      vertex -1.55146 0.163063 -6.6
    endloop
  endfacet
  facet normal 0 0 -1
    outer loop
      vertex -1.90739 9.79457 -6.6
      vertex -2.74444 12.9115 -6.6
      vertex -1.93932 9.99617 -6.6
    endloop
  endfacet
  facet normal 0.45401 0.890997 -0
    outer loop
      vertex 6.6 11.4315 -6.6
      vertex 5.36892 12.0588 -3.6
      vertex 6.6 11.4315 -3.6
    endloop
  endfacet
  facet normal 0.45401 0.890997 0
    outer loop
      vertex 5.36892 12.0588 -3.6
      vertex 6.6 11.4315 -6.6
      vertex 5.36892 12.0588 -6.6
    endloop
  endfacet
  facet normal 0.544632 0.838675 -0
    outer loop
      vertex 7.75877 10.679 -6.6
      vertex 6.6 11.4315 -3.6
      vertex 7.75877 10.679 -3.6
    endloop
  endfacet
  facet normal 0.544632 0.838675 0
    outer loop
      vertex 6.6 11.4315 -3.6
      vertex 7.75877 10.679 -6.6
      vertex 6.6 11.4315 -6.6
    endloop
  endfacet
  facet normal 0.258817 0.965926 -0
    outer loop
      vertex 4.07903 12.5539 -6.6
      vertex 2.74444 12.9115 -3.6
      vertex 4.07903 12.5539 -3.6
    endloop
  endfacet
  facet normal 0.258817 0.965926 0
    outer loop
      vertex 2.74444 12.9115 -3.6
      vertex 4.07903 12.5539 -6.6
      vertex 2.74444 12.9115 -6.6
    endloop
  endfacet
  facet normal 0.0524004 0.998626 -0
    outer loop
      vertex 1.37977 13.1276 -6.6
      vertex 0 13.2 -3.6
      vertex 1.37977 13.1276 -3.6
    endloop
  endfacet
  facet normal 0.0524004 0.998626 0
    outer loop
      vertex 0 13.2 -3.6
      vertex 1.37977 13.1276 -6.6
      vertex 0 13.2 -6.6
    endloop
  endfacet
  facet normal -0.998626 -0.0524004 0
    outer loop
      vertex -13.1276 -1.37977 -6.6
      vertex -13.2 0 -5.5
      vertex -13.2 0 -6.6
    endloop
  endfacet
  facet normal -0.998626 -0.0524004 0
    outer loop
      vertex -13.2 0 -5.5
      vertex -13.1276 -1.37977 -6.6
      vertex -13.1276 -1.37977 -5.5
    endloop
  endfacet
  facet normal -0.0524004 -0.998626 0
    outer loop
      vertex -1.37977 -13.1276 -6.6
      vertex 0 -13.2 -3.6
      vertex -1.37977 -13.1276 -3.6
    endloop
  endfacet
  facet normal -0.0524004 -0.998626 -0
    outer loop
      vertex 0 -13.2 -3.6
      vertex -1.37977 -13.1276 -6.6
      vertex 0 -13.2 -6.6
    endloop
  endfacet
  facet normal -0.258817 -0.965926 0
    outer loop
      vertex -4.07903 -12.5539 -6.6
      vertex -2.74444 -12.9115 -3.6
      vertex -4.07903 -12.5539 -3.6
    endloop
  endfacet
  facet normal -0.258817 -0.965926 -0
    outer loop
      vertex -2.74444 -12.9115 -3.6
      vertex -4.07903 -12.5539 -6.6
      vertex -2.74444 -12.9115 -6.6
    endloop
  endfacet
  facet normal -0.62931 -0.777154 0
    outer loop
      vertex -8.83253 -9.80951 -6.6
      vertex -7.75877 -10.679 -3.6
      vertex -8.83253 -9.80951 -3.6
    endloop
  endfacet
  facet normal -0.62931 -0.777154 -0
    outer loop
      vertex -7.75877 -10.679 -3.6
      vertex -8.83253 -9.80951 -6.6
      vertex -7.75877 -10.679 -6.6
    endloop
  endfacet
  facet normal -0.45401 -0.890997 0
    outer loop
      vertex -6.6 -11.4315 -6.6
      vertex -5.36892 -12.0588 -3.6
      vertex -6.6 -11.4315 -3.6
    endloop
  endfacet
  facet normal -0.45401 -0.890997 -0
    outer loop
      vertex -5.36892 -12.0588 -3.6
      vertex -6.6 -11.4315 -6.6
      vertex -5.36892 -12.0588 -6.6
    endloop
  endfacet
  facet normal -0.777154 -0.62931 0
    outer loop
      vertex -9.80951 -8.83253 -6.6
      vertex -10.679 -7.75877 -3.6
      vertex -10.679 -7.75877 -6.6
    endloop
  endfacet
  facet normal -0.777154 -0.62931 0
    outer loop
      vertex -10.679 -7.75877 -3.6
      vertex -9.80951 -8.83253 -6.6
      vertex -9.80951 -8.83253 -3.6
    endloop
  endfacet
  facet normal -0.890997 -0.45401 0
    outer loop
      vertex -11.4315 -6.6 -6.6
      vertex -12.0588 -5.36892 -3.6
      vertex -12.0588 -5.36892 -6.6
    endloop
  endfacet
  facet normal -0.890997 -0.45401 0
    outer loop
      vertex -12.0588 -5.36892 -3.6
      vertex -11.4315 -6.6 -6.6
      vertex -11.4315 -6.6 -3.6
    endloop
  endfacet
  facet normal 0.707107 -0.707107 0
    outer loop
      vertex 8.83253 -9.80951 -3.6
      vertex 9.80951 -8.83253 -6.6
      vertex 9.80951 -8.83253 -3.6
    endloop
  endfacet
  facet normal 0.707107 -0.707107 0
    outer loop
      vertex 9.80951 -8.83253 -6.6
      vertex 8.83253 -9.80951 -3.6
      vertex 8.83253 -9.80951 -6.6
    endloop
  endfacet
  facet normal 0.544632 -0.838675 0
    outer loop
      vertex 6.6 -11.4315 -6.6
      vertex 7.75877 -10.679 -3.6
      vertex 6.6 -11.4315 -3.6
    endloop
  endfacet
  facet normal 0.544632 -0.838675 0
    outer loop
      vertex 7.75877 -10.679 -3.6
      vertex 6.6 -11.4315 -6.6
      vertex 7.75877 -10.679 -6.6
    endloop
  endfacet
  facet normal 0.358341 -0.933591 0
    outer loop
      vertex 4.07903 -12.5539 -6.6
      vertex 5.36892 -12.0588 -3.6
      vertex 4.07903 -12.5539 -3.6
    endloop
  endfacet
  facet normal 0.358341 -0.933591 0
    outer loop
      vertex 5.36892 -12.0588 -3.6
      vertex 4.07903 -12.5539 -6.6
      vertex 5.36892 -12.0588 -6.6
    endloop
  endfacet
  facet normal 0.156404 -0.987693 0
    outer loop
      vertex 1.37977 -13.1276 -6.6
      vertex 2.74444 -12.9115 -3.6
      vertex 1.37977 -13.1276 -3.6
    endloop
  endfacet
  facet normal 0.156404 -0.987693 0
    outer loop
      vertex 2.74444 -12.9115 -3.6
      vertex 1.37977 -13.1276 -6.6
      vertex 2.74444 -12.9115 -6.6
    endloop
  endfacet
  facet normal 0.890997 -0.45401 0
    outer loop
      vertex 11.4315 -6.6 -3.6
      vertex 12.0588 -5.36892 -6.6
      vertex 12.0588 -5.36892 -3.6
    endloop
  endfacet
  facet normal 0.890997 -0.45401 0
    outer loop
      vertex 12.0588 -5.36892 -6.6
      vertex 11.4315 -6.6 -3.6
      vertex 11.4315 -6.6 -6.6
    endloop
  endfacet
  facet normal 0.777154 -0.62931 0
    outer loop
      vertex 9.80951 -8.83253 -3.6
      vertex 10.679 -7.75877 -6.6
      vertex 10.679 -7.75877 -3.6
    endloop
  endfacet
  facet normal 0.777154 -0.62931 0
    outer loop
      vertex 10.679 -7.75877 -6.6
      vertex 9.80951 -8.83253 -3.6
      vertex 9.80951 -8.83253 -6.6
    endloop
  endfacet
  facet normal 0.965926 -0.258817 0
    outer loop
      vertex 12.5539 -4.07903 -3.6
      vertex 12.9115 -2.74444 -6.6
      vertex 12.9115 -2.74444 -3.6
    endloop
  endfacet
  facet normal 0.965926 -0.258817 0
    outer loop
      vertex 12.9115 -2.74444 -6.6
      vertex 12.5539 -4.07903 -3.6
      vertex 12.5539 -4.07903 -6.6
    endloop
  endfacet
  facet normal 0.998626 -0.0524004 0
    outer loop
      vertex 13.1276 -1.37977 -5.5
      vertex 13.2 0 -6.6
      vertex 13.2 0 -5.5
    endloop
  endfacet
  facet normal 0.998626 -0.0524004 0
    outer loop
      vertex 13.2 0 -6.6
      vertex 13.1276 -1.37977 -5.5
      vertex 13.1276 -1.37977 -6.6
    endloop
  endfacet
  facet normal -0.156404 -0.987693 0
    outer loop
      vertex -2.74444 -12.9115 -6.6
      vertex -1.37977 -13.1276 -3.6
      vertex -2.74444 -12.9115 -3.6
    endloop
  endfacet
  facet normal -0.156404 -0.987693 -0
    outer loop
      vertex -1.37977 -13.1276 -3.6
      vertex -2.74444 -12.9115 -6.6
      vertex -1.37977 -13.1276 -6.6
    endloop
  endfacet
  facet normal -0.358341 -0.933591 0
    outer loop
      vertex -5.36892 -12.0588 -6.6
      vertex -4.07903 -12.5539 -3.6
      vertex -5.36892 -12.0588 -3.6
    endloop
  endfacet
  facet normal -0.358341 -0.933591 -0
    outer loop
      vertex -4.07903 -12.5539 -3.6
      vertex -5.36892 -12.0588 -6.6
      vertex -4.07903 -12.5539 -6.6
    endloop
  endfacet
  facet normal -0.707107 -0.707107 0
    outer loop
      vertex -8.83253 -9.80951 -6.6
      vertex -9.80951 -8.83253 -3.6
      vertex -9.80951 -8.83253 -6.6
    endloop
  endfacet
  facet normal -0.707107 -0.707107 0
    outer loop
      vertex -9.80951 -8.83253 -3.6
      vertex -8.83253 -9.80951 -6.6
      vertex -8.83253 -9.80951 -3.6
    endloop
  endfacet
  facet normal -0.544632 -0.838675 0
    outer loop
      vertex -7.75877 -10.679 -6.6
      vertex -6.6 -11.4315 -3.6
      vertex -7.75877 -10.679 -3.6
    endloop
  endfacet
  facet normal -0.544632 -0.838675 -0
    outer loop
      vertex -6.6 -11.4315 -3.6
      vertex -7.75877 -10.679 -6.6
      vertex -6.6 -11.4315 -6.6
    endloop
  endfacet
  facet normal -0.838675 -0.544632 0
    outer loop
      vertex -10.679 -7.75877 -6.6
      vertex -11.4315 -6.6 -3.6
      vertex -11.4315 -6.6 -6.6
    endloop
  endfacet
  facet normal -0.838675 -0.544632 0
    outer loop
      vertex -11.4315 -6.6 -3.6
      vertex -10.679 -7.75877 -6.6
      vertex -10.679 -7.75877 -3.6
    endloop
  endfacet
  facet normal -0.933591 -0.358341 0
    outer loop
      vertex -12.0588 -5.36892 -6.6
      vertex -12.5539 -4.07903 -3.6
      vertex -12.5539 -4.07903 -6.6
    endloop
  endfacet
  facet normal -0.933591 -0.358341 0
    outer loop
      vertex -12.5539 -4.07903 -3.6
      vertex -12.0588 -5.36892 -6.6
      vertex -12.0588 -5.36892 -3.6
    endloop
  endfacet
  facet normal -0.987692 -0.156411 0
    outer loop
      vertex -13.1276 -1.37977 -6.6
      vertex -12.9502 -2.5 -5.5
      vertex -13.1276 -1.37977 -5.5
    endloop
  endfacet
  facet normal -0.987693 -0.156404 7.0764e-06
    outer loop
      vertex -12.9115 -2.74444 -6.6
      vertex -12.9502 -2.5 -5.5
      vertex -13.1276 -1.37977 -6.6
    endloop
  endfacet
  facet normal -0.987698 -0.156373 -0
    outer loop
      vertex -12.9115 -2.74444 -3.6
      vertex -12.9502 -2.5 -5.5
      vertex -12.9115 -2.74444 -6.6
    endloop
  endfacet
  facet normal -0.987698 -0.156373 0
    outer loop
      vertex -12.9502 -2.5 -5.5
      vertex -12.9115 -2.74444 -3.6
      vertex -12.9502 -2.5 -3.6
    endloop
  endfacet
  facet normal 0.62931 -0.777154 0
    outer loop
      vertex 7.75877 -10.679 -6.6
      vertex 8.83253 -9.80951 -3.6
      vertex 7.75877 -10.679 -3.6
    endloop
  endfacet
  facet normal 0.62931 -0.777154 0
    outer loop
      vertex 8.83253 -9.80951 -3.6
      vertex 7.75877 -10.679 -6.6
      vertex 8.83253 -9.80951 -6.6
    endloop
  endfacet
  facet normal 0.45401 -0.890997 0
    outer loop
      vertex 5.36892 -12.0588 -6.6
      vertex 6.6 -11.4315 -3.6
      vertex 5.36892 -12.0588 -3.6
    endloop
  endfacet
  facet normal 0.45401 -0.890997 0
    outer loop
      vertex 6.6 -11.4315 -3.6
      vertex 5.36892 -12.0588 -6.6
      vertex 6.6 -11.4315 -6.6
    endloop
  endfacet
  facet normal 0.258817 -0.965926 0
    outer loop
      vertex 2.74444 -12.9115 -6.6
      vertex 4.07903 -12.5539 -3.6
      vertex 2.74444 -12.9115 -3.6
    endloop
  endfacet
  facet normal 0.258817 -0.965926 0
    outer loop
      vertex 4.07903 -12.5539 -3.6
      vertex 2.74444 -12.9115 -6.6
      vertex 4.07903 -12.5539 -6.6
    endloop
  endfacet
  facet normal 0.0524004 -0.998626 0
    outer loop
      vertex 0 -13.2 -6.6
      vertex 1.37977 -13.1276 -3.6
      vertex 0 -13.2 -3.6
    endloop
  endfacet
  facet normal 0.0524004 -0.998626 0
    outer loop
      vertex 1.37977 -13.1276 -3.6
      vertex 0 -13.2 -6.6
      vertex 1.37977 -13.1276 -6.6
    endloop
  endfacet
  facet normal 0.838675 -0.544632 0
    outer loop
      vertex 10.679 -7.75877 -3.6
      vertex 11.4315 -6.6 -6.6
      vertex 11.4315 -6.6 -3.6
    endloop
  endfacet
  facet normal 0.838675 -0.544632 0
    outer loop
      vertex 11.4315 -6.6 -6.6
      vertex 10.679 -7.75877 -3.6
      vertex 10.679 -7.75877 -6.6
    endloop
  endfacet
  facet normal 0.987698 -0.156373 0
    outer loop
      vertex 12.9502 -2.5 -3.6
      vertex 12.9115 -2.74444 -3.6
      vertex 12.9502 -2.5 -5.5
    endloop
  endfacet
  facet normal 0.987692 -0.156411 0
    outer loop
      vertex 12.9502 -2.5 -5.5
      vertex 13.1276 -1.37977 -6.6
      vertex 13.1276 -1.37977 -5.5
    endloop
  endfacet
  facet normal 0.987693 -0.156404 7.0764e-06
    outer loop
      vertex 12.9502 -2.5 -5.5
      vertex 12.9115 -2.74444 -6.6
      vertex 13.1276 -1.37977 -6.6
    endloop
  endfacet
  facet normal 0.987698 -0.156373 0
    outer loop
      vertex 12.9115 -2.74444 -6.6
      vertex 12.9502 -2.5 -5.5
      vertex 12.9115 -2.74444 -3.6
    endloop
  endfacet
  facet normal 0 0 1
    outer loop
      vertex -13.2 0 -5.5
      vertex -11.1007 0.563855 -5.5
      vertex -13.1276 1.37977 -5.5
    endloop
  endfacet
  facet normal 0 0 1
    outer loop
      vertex -11.0273 0.838053 -5.5
      vertex -13.1276 1.37977 -5.5
      vertex -11.1007 0.563855 -5.5
    endloop
  endfacet
  facet normal 0 0 1
    outer loop
      vertex -10.9255 1.10307 -5.5
      vertex -13.1276 1.37977 -5.5
      vertex -11.0273 0.838053 -5.5
    endloop
  endfacet
  facet normal -0 0 1
    outer loop
      vertex -13.1276 1.37977 -5.5
      vertex -10.9255 1.10307 -5.5
      vertex -12.9502 2.5 -5.5
    endloop
  endfacet
  facet normal 0 0 1
    outer loop
      vertex -10.7967 1.356 -5.5
      vertex -12.9502 2.5 -5.5
      vertex -10.9255 1.10307 -5.5
    endloop
  endfacet
  facet normal 0 0 1
    outer loop
      vertex -10.6421 1.59407 -5.5
      vertex -12.9502 2.5 -5.5
      vertex -10.7967 1.356 -5.5
    endloop
  endfacet
  facet normal 0 0 1
    outer loop
      vertex -10.4634 1.81468 -5.5
      vertex -12.9502 2.5 -5.5
      vertex -10.6421 1.59407 -5.5
    endloop
  endfacet
  facet normal 0 0 1
    outer loop
      vertex -10.2627 2.01541 -5.5
      vertex -12.9502 2.5 -5.5
      vertex -10.4634 1.81468 -5.5
    endloop
  endfacet
  facet normal 0 0 1
    outer loop
      vertex -10.0421 2.19406 -5.5
      vertex -12.9502 2.5 -5.5
      vertex -10.2627 2.01541 -5.5
    endloop
  endfacet
  facet normal 0 0 1
    outer loop
      vertex -9.804 2.34866 -5.5
      vertex -12.9502 2.5 -5.5
      vertex -10.0421 2.19406 -5.5
    endloop
  endfacet
  facet normal 0 0 1
    outer loop
      vertex -9.55106 2.47753 -5.5
      vertex -12.9502 2.5 -5.5
      vertex -9.804 2.34866 -5.5
    endloop
  endfacet
  facet normal -0 0 1
    outer loop
      vertex -12.9502 2.5 -5.5
      vertex -9.55106 2.47753 -5.5
      vertex -9.49254 2.5 -5.5
    endloop
  endfacet
  facet normal 0 0 1
    outer loop
      vertex -11.1007 0.563855 -5.5
      vertex -13.2 0 -5.5
      vertex -11.1451 0.283481 -5.5
    endloop
  endfacet
  facet normal 0 0 1
    outer loop
      vertex -11.1451 0.283481 -5.5
      vertex -13.2 0 -5.5
      vertex -11.16 0 -5.5
    endloop
  endfacet
  facet normal 0 0 1
    outer loop
      vertex -11.16 0 -5.5
      vertex -13.2 0 -5.5
      vertex -11.1451 -0.283481 -5.5
    endloop
  endfacet
  facet normal 0 0 1
    outer loop
      vertex -11.1451 -0.283481 -5.5
      vertex -13.2 0 -5.5
      vertex -11.1007 -0.563857 -5.5
    endloop
  endfacet
  facet normal 0 -0 1
    outer loop
      vertex -13.1276 -1.37977 -5.5
      vertex -11.1007 -0.563857 -5.5
      vertex -13.2 0 -5.5
    endloop
  endfacet
  facet normal 0 0 1
    outer loop
      vertex -9.55106 -2.47753 -5.5
      vertex -12.9502 -2.5 -5.5
      vertex -9.49254 -2.5 -5.5
    endloop
  endfacet
  facet normal 0 0 1
    outer loop
      vertex -9.804 -2.34866 -5.5
      vertex -12.9502 -2.5 -5.5
      vertex -9.55106 -2.47753 -5.5
    endloop
  endfacet
  facet normal 0 0 1
    outer loop
      vertex -10.0421 -2.19406 -5.5
      vertex -12.9502 -2.5 -5.5
      vertex -9.804 -2.34866 -5.5
    endloop
  endfacet
  facet normal 0 0 1
    outer loop
      vertex -10.2627 -2.01541 -5.5
      vertex -12.9502 -2.5 -5.5
      vertex -10.0421 -2.19406 -5.5
    endloop
  endfacet
  facet normal 0 0 1
    outer loop
      vertex -10.4634 -1.81469 -5.5
      vertex -12.9502 -2.5 -5.5
      vertex -10.2627 -2.01541 -5.5
    endloop
  endfacet
  facet normal 0 0 1
    outer loop
      vertex -10.6421 -1.59408 -5.5
      vertex -12.9502 -2.5 -5.5
      vertex -10.4634 -1.81469 -5.5
    endloop
  endfacet
  facet normal 0 0 1
    outer loop
      vertex -10.7967 -1.356 -5.5
      vertex -12.9502 -2.5 -5.5
      vertex -10.6421 -1.59408 -5.5
    endloop
  endfacet
  facet normal 0 0 1
    outer loop
      vertex -11.1007 -0.563857 -5.5
      vertex -13.1276 -1.37977 -5.5
      vertex -11.0273 -0.838055 -5.5
    endloop
  endfacet
  facet normal 0 0 1
    outer loop
      vertex -11.0273 -0.838055 -5.5
      vertex -13.1276 -1.37977 -5.5
      vertex -10.9255 -1.10307 -5.5
    endloop
  endfacet
  facet normal 0 0 1
    outer loop
      vertex -10.9255 -1.10307 -5.5
      vertex -12.9502 -2.5 -5.5
      vertex -10.7967 -1.356 -5.5
    endloop
  endfacet
  facet normal 0 -0 1
    outer loop
      vertex -12.9502 -2.5 -5.5
      vertex -10.9255 -1.10307 -5.5
      vertex -13.1276 -1.37977 -5.5
    endloop
  endfacet
  facet normal -0 0 1
    outer loop
      vertex 11.1007 0.563855 -5.5
      vertex 13.2 0 -5.5
      vertex 13.1276 1.37977 -5.5
    endloop
  endfacet
  facet normal 0 0 1
    outer loop
      vertex 10.9255 1.10307 -5.5
      vertex 13.1276 1.37977 -5.5
      vertex 12.9502 2.5 -5.5
    endloop
  endfacet
  facet normal 0 0 1
    outer loop
      vertex 13.2 0 -5.5
      vertex 11.1451 0.283481 -5.5
      vertex 11.16 0 -5.5
    endloop
  endfacet
  facet normal 0 0 1
    outer loop
      vertex 11.1007 -0.563857 -5.5
      vertex 13.2 0 -5.5
      vertex 11.1451 -0.283481 -5.5
    endloop
  endfacet
  facet normal 0 0 1
    outer loop
      vertex 11.1451 -0.283481 -5.5
      vertex 13.2 0 -5.5
      vertex 11.16 0 -5.5
    endloop
  endfacet
  facet normal 0 0 1
    outer loop
      vertex 13.2 0 -5.5
      vertex 11.1007 0.563855 -5.5
      vertex 11.1451 0.283481 -5.5
    endloop
  endfacet
  facet normal 0 0 1
    outer loop
      vertex 13.1276 1.37977 -5.5
      vertex 11.0273 0.838053 -5.5
      vertex 11.1007 0.563855 -5.5
    endloop
  endfacet
  facet normal 0 0 1
    outer loop
      vertex 13.1276 1.37977 -5.5
      vertex 10.9255 1.10307 -5.5
      vertex 11.0273 0.838053 -5.5
    endloop
  endfacet
  facet normal 0 0 1
    outer loop
      vertex 12.9502 2.5 -5.5
      vertex 10.7967 1.356 -5.5
      vertex 10.9255 1.10307 -5.5
    endloop
  endfacet
  facet normal 0 0 1
    outer loop
      vertex 12.9502 2.5 -5.5
      vertex 10.6421 1.59407 -5.5
      vertex 10.7967 1.356 -5.5
    endloop
  endfacet
  facet normal 0 0 1
    outer loop
      vertex 12.9502 2.5 -5.5
      vertex 10.4634 1.81468 -5.5
      vertex 10.6421 1.59407 -5.5
    endloop
  endfacet
  facet normal 0 0 1
    outer loop
      vertex 12.9502 2.5 -5.5
      vertex 10.2627 2.01541 -5.5
      vertex 10.4634 1.81468 -5.5
    endloop
  endfacet
  facet normal 0 0 1
    outer loop
      vertex 12.9502 2.5 -5.5
      vertex 10.0421 2.19406 -5.5
      vertex 10.2627 2.01541 -5.5
    endloop
  endfacet
  facet normal 0 0 1
    outer loop
      vertex 12.9502 2.5 -5.5
      vertex 9.804 2.34866 -5.5
      vertex 10.0421 2.19406 -5.5
    endloop
  endfacet
  facet normal 0 0 1
    outer loop
      vertex 12.9502 2.5 -5.5
      vertex 9.55108 2.47753 -5.5
      vertex 9.804 2.34866 -5.5
    endloop
  endfacet
  facet normal 0 -0 1
    outer loop
      vertex 9.55108 2.47753 -5.5
      vertex 12.9502 2.5 -5.5
      vertex 9.49255 2.5 -5.5
    endloop
  endfacet
  facet normal 0 0 1
    outer loop
      vertex 13.2 0 -5.5
      vertex 11.1007 -0.563857 -5.5
      vertex 13.1276 -1.37977 -5.5
    endloop
  endfacet
  facet normal -0 0 1
    outer loop
      vertex 11.0273 -0.838055 -5.5
      vertex 13.1276 -1.37977 -5.5
      vertex 11.1007 -0.563857 -5.5
    endloop
  endfacet
  facet normal -0 0 1
    outer loop
      vertex 10.9255 -1.10307 -5.5
      vertex 13.1276 -1.37977 -5.5
      vertex 11.0273 -0.838055 -5.5
    endloop
  endfacet
  facet normal 0 0 1
    outer loop
      vertex 13.1276 -1.37977 -5.5
      vertex 10.9255 -1.10307 -5.5
      vertex 12.9502 -2.5 -5.5
    endloop
  endfacet
  facet normal -0 0 1
    outer loop
      vertex 10.7967 -1.356 -5.5
      vertex 12.9502 -2.5 -5.5
      vertex 10.9255 -1.10307 -5.5
    endloop
  endfacet
  facet normal -0 0 1
    outer loop
      vertex 10.6421 -1.59408 -5.5
      vertex 12.9502 -2.5 -5.5
      vertex 10.7967 -1.356 -5.5
    endloop
  endfacet
  facet normal -0 0 1
    outer loop
      vertex 10.4634 -1.81469 -5.5
      vertex 12.9502 -2.5 -5.5
      vertex 10.6421 -1.59408 -5.5
    endloop
  endfacet
  facet normal -0 0 1
    outer loop
      vertex 10.2627 -2.01541 -5.5
      vertex 12.9502 -2.5 -5.5
      vertex 10.4634 -1.81469 -5.5
    endloop
  endfacet
  facet normal -0 0 1
    outer loop
      vertex 10.0421 -2.19406 -5.5
      vertex 12.9502 -2.5 -5.5
      vertex 10.2627 -2.01541 -5.5
    endloop
  endfacet
  facet normal -0 0 1
    outer loop
      vertex 9.804 -2.34866 -5.5
      vertex 12.9502 -2.5 -5.5
      vertex 10.0421 -2.19406 -5.5
    endloop
  endfacet
  facet normal -0 0 1
    outer loop
      vertex 9.55108 -2.47753 -5.5
      vertex 12.9502 -2.5 -5.5
      vertex 9.804 -2.34866 -5.5
    endloop
  endfacet
  facet normal 0 0 1
    outer loop
      vertex 12.9502 -2.5 -5.5
      vertex 9.55108 -2.47753 -5.5
      vertex 9.49255 -2.5 -5.5
    endloop
  endfacet
  facet normal 0 -1 0
    outer loop
      vertex -12.9502 2.5 -5.5
      vertex -9.49254 2.5 -3.6
      vertex -12.9502 2.5 -3.6
    endloop
  endfacet
  facet normal 0 -1 -0
    outer loop
      vertex -9.49254 2.5 -3.6
      vertex -12.9502 2.5 -5.5
      vertex -9.49254 2.5 -5.5
    endloop
  endfacet
  facet normal 0 -1 0
    outer loop
      vertex 9.49255 2.5 -5.5
      vertex 12.9502 2.5 -3.6
      vertex 9.49255 2.5 -3.6
    endloop
  endfacet
  facet normal 0 -1 -0
    outer loop
      vertex 12.9502 2.5 -3.6
      vertex 9.49255 2.5 -5.5
      vertex 12.9502 2.5 -5.5
    endloop
  endfacet
  facet normal 0 1 -0
    outer loop
      vertex -9.49254 -2.5 -5.5
      vertex -12.9502 -2.5 -3.6
      vertex -9.49254 -2.5 -3.6
    endloop
  endfacet
  facet normal 0 1 0
    outer loop
      vertex -12.9502 -2.5 -3.6
      vertex -9.49254 -2.5 -5.5
      vertex -12.9502 -2.5 -5.5
    endloop
  endfacet
  facet normal 0 1 -0
    outer loop
      vertex 12.9502 -2.5 -5.5
      vertex 9.49255 -2.5 -3.6
      vertex 12.9502 -2.5 -3.6
    endloop
  endfacet
  facet normal 0 1 0
    outer loop
      vertex 9.49255 -2.5 -3.6
      vertex 12.9502 -2.5 -5.5
      vertex 9.49255 -2.5 -5.5
    endloop
  endfacet
endsolid OpenSCAD_Model
