solid OpenSCAD_Model
  facet normal -0.989176 -0.146736 0
    outer loop
      vertex 13.9326 1.37224 -2
      vertex 13.731 2.73126 9
      vertex 13.731 2.73126 -2
    endloop
  endfacet
  facet normal -0.989176 -0.146736 0
    outer loop
      vertex 13.731 2.73126 9
      vertex 13.9326 1.37224 -2
      vertex 13.9326 1.37224 9
    endloop
  endfacet
  facet normal -0.998796 -0.0490576 0
    outer loop
      vertex 14 0 -2
      vertex 13.9326 1.37224 9
      vertex 13.9326 1.37224 -2
    endloop
  endfacet
  facet normal -0.998796 -0.0490576 0
    outer loop
      vertex 13.9326 1.37224 9
      vertex 14 0 -2
      vertex 14 0 9
    endloop
  endfacet
  facet normal -0.970036 -0.24296 0
    outer loop
      vertex 13.731 2.73126 -2
      vertex 13.3972 4.06398 9
      vertex 13.3972 4.06398 -2
    endloop
  endfacet
  facet normal -0.970036 -0.24296 0
    outer loop
      vertex 13.3972 4.06398 9
      vertex 13.731 2.73126 -2
      vertex 13.731 2.73126 9
    endloop
  endfacet
  facet normal -0.33692 0.941533 0
    outer loop
      vertex 5.35757 -12.9343 -2
      vertex 4.06398 -13.3972 9
      vertex 5.35757 -12.9343 9
    endloop
  endfacet
  facet normal -0.33692 0.941533 0
    outer loop
      vertex 4.06398 -13.3972 9
      vertex 5.35757 -12.9343 -2
      vertex 4.06398 -13.3972 -2
    endloop
  endfacet
  facet normal -0.671546 -0.740963 0
    outer loop
      vertex 8.88151 10.8221 -2
      vertex 9.89949 9.89949 9
      vertex 8.88151 10.8221 9
    endloop
  endfacet
  facet normal -0.671546 -0.740963 -0
    outer loop
      vertex 9.89949 9.89949 9
      vertex 8.88151 10.8221 -2
      vertex 9.89949 9.89949 -2
    endloop
  endfacet
  facet normal -0.941533 -0.33692 0
    outer loop
      vertex 13.3972 4.06398 -2
      vertex 12.9343 5.35757 9
      vertex 12.9343 5.35757 -2
    endloop
  endfacet
  facet normal -0.941533 -0.33692 0
    outer loop
      vertex 12.9343 5.35757 9
      vertex 13.3972 4.06398 -2
      vertex 13.3972 4.06398 9
    endloop
  endfacet
  facet normal 0.51409 0.857736 -0
    outer loop
      vertex -6.59955 -12.3469 -2
      vertex -7.77798 -11.6406 9
      vertex -6.59955 -12.3469 9
    endloop
  endfacet
  facet normal 0.51409 0.857736 0
    outer loop
      vertex -7.77798 -11.6406 9
      vertex -6.59955 -12.3469 -2
      vertex -7.77798 -11.6406 -2
    endloop
  endfacet
  facet normal -0.740963 -0.671546 0
    outer loop
      vertex 10.8221 8.88151 -2
      vertex 9.89949 9.89949 9
      vertex 9.89949 9.89949 -2
    endloop
  endfacet
  facet normal -0.740963 -0.671546 0
    outer loop
      vertex 9.89949 9.89949 9
      vertex 10.8221 8.88151 -2
      vertex 10.8221 8.88151 9
    endloop
  endfacet
  facet normal -0.51409 0.857736 0
    outer loop
      vertex 7.77798 -11.6406 -2
      vertex 6.59955 -12.3469 9
      vertex 7.77798 -11.6406 9
    endloop
  endfacet
  facet normal -0.51409 0.857736 0
    outer loop
      vertex 6.59955 -12.3469 9
      vertex 7.77798 -11.6406 -2
      vertex 6.59955 -12.3469 -2
    endloop
  endfacet
  facet normal 0.427547 -0.903993 0
    outer loop
      vertex -6.59955 12.3469 -2
      vertex -5.35757 12.9343 9
      vertex -6.59955 12.3469 9
    endloop
  endfacet
  facet normal 0.427547 -0.903993 0
    outer loop
      vertex -5.35757 12.9343 9
      vertex -6.59955 12.3469 -2
      vertex -5.35757 12.9343 -2
    endloop
  endfacet
  facet normal -0.989176 0.146736 0
    outer loop
      vertex 13.731 -2.73126 -2
      vertex 13.9326 -1.37224 9
      vertex 13.9326 -1.37224 -2
    endloop
  endfacet
  facet normal -0.989176 0.146736 0
    outer loop
      vertex 13.9326 -1.37224 9
      vertex 13.731 -2.73126 -2
      vertex 13.731 -2.73126 9
    endloop
  endfacet
  facet normal -0.24296 0.970036 0
    outer loop
      vertex 4.06398 -13.3972 -2
      vertex 2.73126 -13.731 9
      vertex 4.06398 -13.3972 9
    endloop
  endfacet
  facet normal -0.24296 0.970036 0
    outer loop
      vertex 2.73126 -13.731 9
      vertex 4.06398 -13.3972 -2
      vertex 2.73126 -13.731 -2
    endloop
  endfacet
  facet normal 0.24296 -0.970036 0
    outer loop
      vertex -4.06398 13.3972 -2
      vertex -2.73126 13.731 9
      vertex -4.06398 13.3972 9
    endloop
  endfacet
  facet normal 0.24296 -0.970036 0
    outer loop
      vertex -2.73126 13.731 9
      vertex -4.06398 13.3972 -2
      vertex -2.73126 13.731 -2
    endloop
  endfacet
  facet normal 0.941533 0.33692 0
    outer loop
      vertex -12.9343 -5.35757 9
      vertex -13.3972 -4.06398 -2
      vertex -13.3972 -4.06398 9
    endloop
  endfacet
  facet normal 0.941533 0.33692 0
    outer loop
      vertex -13.3972 -4.06398 -2
      vertex -12.9343 -5.35757 9
      vertex -12.9343 -5.35757 -2
    endloop
  endfacet
  facet normal -0.803184 0.59573 0
    outer loop
      vertex 10.8221 -8.88151 -2
      vertex 11.6406 -7.77798 9
      vertex 11.6406 -7.77798 -2
    endloop
  endfacet
  facet normal -0.803184 0.59573 0
    outer loop
      vertex 11.6406 -7.77798 9
      vertex 10.8221 -8.88151 -2
      vertex 10.8221 -8.88151 9
    endloop
  endfacet
  facet normal 0.51409 -0.857736 0
    outer loop
      vertex -7.77798 11.6406 -2
      vertex -6.59955 12.3469 9
      vertex -7.77798 11.6406 9
    endloop
  endfacet
  facet normal 0.51409 -0.857736 0
    outer loop
      vertex -6.59955 12.3469 9
      vertex -7.77798 11.6406 -2
      vertex -6.59955 12.3469 -2
    endloop
  endfacet
  facet normal 0.146736 0.989176 -0
    outer loop
      vertex -1.37224 -13.9326 -2
      vertex -2.73126 -13.731 9
      vertex -1.37224 -13.9326 9
    endloop
  endfacet
  facet normal 0.146736 0.989176 0
    outer loop
      vertex -2.73126 -13.731 9
      vertex -1.37224 -13.9326 -2
      vertex -2.73126 -13.731 -2
    endloop
  endfacet
  facet normal -0.59573 0.803184 0
    outer loop
      vertex 8.88151 -10.8221 -2
      vertex 7.77798 -11.6406 9
      vertex 8.88151 -10.8221 9
    endloop
  endfacet
  facet normal -0.59573 0.803184 0
    outer loop
      vertex 7.77798 -11.6406 9
      vertex 8.88151 -10.8221 -2
      vertex 7.77798 -11.6406 -2
    endloop
  endfacet
  facet normal 0.24296 0.970036 -0
    outer loop
      vertex -2.73126 -13.731 -2
      vertex -4.06398 -13.3972 9
      vertex -2.73126 -13.731 9
    endloop
  endfacet
  facet normal 0.24296 0.970036 0
    outer loop
      vertex -4.06398 -13.3972 9
      vertex -2.73126 -13.731 -2
      vertex -4.06398 -13.3972 -2
    endloop
  endfacet
  facet normal -0.903993 0.427547 0
    outer loop
      vertex 12.3469 -6.59955 -2
      vertex 12.9343 -5.35757 9
      vertex 12.9343 -5.35757 -2
    endloop
  endfacet
  facet normal -0.903993 0.427547 0
    outer loop
      vertex 12.9343 -5.35757 9
      vertex 12.3469 -6.59955 -2
      vertex 12.3469 -6.59955 9
    endloop
  endfacet
  facet normal -0.51409 -0.857736 0
    outer loop
      vertex 6.59955 12.3469 -2
      vertex 7.77798 11.6406 9
      vertex 6.59955 12.3469 9
    endloop
  endfacet
  facet normal -0.51409 -0.857736 -0
    outer loop
      vertex 7.77798 11.6406 9
      vertex 6.59955 12.3469 -2
      vertex 7.77798 11.6406 -2
    endloop
  endfacet
  facet normal 0.857736 0.51409 0
    outer loop
      vertex -11.6406 -7.77798 9
      vertex -12.3469 -6.59955 -2
      vertex -12.3469 -6.59955 9
    endloop
  endfacet
  facet normal 0.857736 0.51409 0
    outer loop
      vertex -12.3469 -6.59955 -2
      vertex -11.6406 -7.77798 9
      vertex -11.6406 -7.77798 -2
    endloop
  endfacet
  facet normal -0.970036 0.24296 0
    outer loop
      vertex 13.3972 -4.06398 -2
      vertex 13.731 -2.73126 9
      vertex 13.731 -2.73126 -2
    endloop
  endfacet
  facet normal -0.970036 0.24296 0
    outer loop
      vertex 13.731 -2.73126 9
      vertex 13.3972 -4.06398 -2
      vertex 13.3972 -4.06398 9
    endloop
  endfacet
  facet normal 0.857736 -0.51409 0
    outer loop
      vertex -12.3469 6.59955 9
      vertex -11.6406 7.77798 -2
      vertex -11.6406 7.77798 9
    endloop
  endfacet
  facet normal 0.857736 -0.51409 0
    outer loop
      vertex -11.6406 7.77798 -2
      vertex -12.3469 6.59955 9
      vertex -12.3469 6.59955 -2
    endloop
  endfacet
  facet normal 0.59573 -0.803184 0
    outer loop
      vertex -8.88151 10.8221 -2
      vertex -7.77798 11.6406 9
      vertex -8.88151 10.8221 9
    endloop
  endfacet
  facet normal 0.59573 -0.803184 0
    outer loop
      vertex -7.77798 11.6406 9
      vertex -8.88151 10.8221 -2
      vertex -7.77798 11.6406 -2
    endloop
  endfacet
  facet normal 0.803184 0.59573 0
    outer loop
      vertex -10.8221 -8.88151 9
      vertex -11.6406 -7.77798 -2
      vertex -11.6406 -7.77798 9
    endloop
  endfacet
  facet normal 0.803184 0.59573 0
    outer loop
      vertex -11.6406 -7.77798 -2
      vertex -10.8221 -8.88151 9
      vertex -10.8221 -8.88151 -2
    endloop
  endfacet
  facet normal -0.427547 -0.903993 0
    outer loop
      vertex 5.35757 12.9343 -2
      vertex 6.59955 12.3469 9
      vertex 5.35757 12.9343 9
    endloop
  endfacet
  facet normal -0.427547 -0.903993 -0
    outer loop
      vertex 6.59955 12.3469 9
      vertex 5.35757 12.9343 -2
      vertex 6.59955 12.3469 -2
    endloop
  endfacet
  facet normal -0.146736 0.989176 0
    outer loop
      vertex 2.73126 -13.731 -2
      vertex 1.37224 -13.9326 9
      vertex 2.73126 -13.731 9
    endloop
  endfacet
  facet normal -0.146736 0.989176 0
    outer loop
      vertex 1.37224 -13.9326 9
      vertex 2.73126 -13.731 -2
      vertex 1.37224 -13.9326 -2
    endloop
  endfacet
  facet normal 0.146736 -0.989176 0
    outer loop
      vertex -2.73126 13.731 -2
      vertex -1.37224 13.9326 9
      vertex -2.73126 13.731 9
    endloop
  endfacet
  facet normal 0.146736 -0.989176 0
    outer loop
      vertex -1.37224 13.9326 9
      vertex -2.73126 13.731 -2
      vertex -1.37224 13.9326 -2
    endloop
  endfacet
  facet normal 0.903993 0.427547 0
    outer loop
      vertex -12.3469 -6.59955 9
      vertex -12.9343 -5.35757 -2
      vertex -12.9343 -5.35757 9
    endloop
  endfacet
  facet normal 0.903993 0.427547 0
    outer loop
      vertex -12.9343 -5.35757 -2
      vertex -12.3469 -6.59955 9
      vertex -12.3469 -6.59955 -2
    endloop
  endfacet
  facet normal -0.998796 0.0490576 0
    outer loop
      vertex 13.9326 -1.37224 -2
      vertex 14 0 9
      vertex 14 0 -2
    endloop
  endfacet
  facet normal -0.998796 0.0490576 0
    outer loop
      vertex 14 0 9
      vertex 13.9326 -1.37224 -2
      vertex 13.9326 -1.37224 9
    endloop
  endfacet
  facet normal -0.24296 -0.970036 0
    outer loop
      vertex 2.73126 13.731 -2
      vertex 4.06398 13.3972 9
      vertex 2.73126 13.731 9
    endloop
  endfacet
  facet normal -0.24296 -0.970036 -0
    outer loop
      vertex 4.06398 13.3972 9
      vertex 2.73126 13.731 -2
      vertex 4.06398 13.3972 -2
    endloop
  endfacet
  facet normal 0.59573 0.803184 -0
    outer loop
      vertex -7.77798 -11.6406 -2
      vertex -8.88151 -10.8221 9
      vertex -7.77798 -11.6406 9
    endloop
  endfacet
  facet normal 0.59573 0.803184 0
    outer loop
      vertex -8.88151 -10.8221 9
      vertex -7.77798 -11.6406 -2
      vertex -8.88151 -10.8221 -2
    endloop
  endfacet
  facet normal 0.740963 -0.671546 0
    outer loop
      vertex -10.8221 8.88151 9
      vertex -9.89949 9.89949 -2
      vertex -9.89949 9.89949 9
    endloop
  endfacet
  facet normal 0.740963 -0.671546 0
    outer loop
      vertex -9.89949 9.89949 -2
      vertex -10.8221 8.88151 9
      vertex -10.8221 8.88151 -2
    endloop
  endfacet
  facet normal -0.857736 0.51409 0
    outer loop
      vertex 11.6406 -7.77798 -2
      vertex 12.3469 -6.59955 9
      vertex 12.3469 -6.59955 -2
    endloop
  endfacet
  facet normal -0.857736 0.51409 0
    outer loop
      vertex 12.3469 -6.59955 9
      vertex 11.6406 -7.77798 -2
      vertex 11.6406 -7.77798 9
    endloop
  endfacet
  facet normal -0.59573 -0.803184 0
    outer loop
      vertex 7.77798 11.6406 -2
      vertex 8.88151 10.8221 9
      vertex 7.77798 11.6406 9
    endloop
  endfacet
  facet normal -0.59573 -0.803184 -0
    outer loop
      vertex 8.88151 10.8221 9
      vertex 7.77798 11.6406 -2
      vertex 8.88151 10.8221 -2
    endloop
  endfacet
  facet normal -0.33692 -0.941533 0
    outer loop
      vertex 4.06398 13.3972 -2
      vertex 5.35757 12.9343 9
      vertex 4.06398 13.3972 9
    endloop
  endfacet
  facet normal -0.33692 -0.941533 -0
    outer loop
      vertex 5.35757 12.9343 9
      vertex 4.06398 13.3972 -2
      vertex 5.35757 12.9343 -2
    endloop
  endfacet
  facet normal -0.803184 -0.59573 0
    outer loop
      vertex 11.6406 7.77798 -2
      vertex 10.8221 8.88151 9
      vertex 10.8221 8.88151 -2
    endloop
  endfacet
  facet normal -0.803184 -0.59573 0
    outer loop
      vertex 10.8221 8.88151 9
      vertex 11.6406 7.77798 -2
      vertex 11.6406 7.77798 9
    endloop
  endfacet
  facet normal -0.857736 -0.51409 0
    outer loop
      vertex 12.3469 6.59955 -2
      vertex 11.6406 7.77798 9
      vertex 11.6406 7.77798 -2
    endloop
  endfacet
  facet normal -0.857736 -0.51409 0
    outer loop
      vertex 11.6406 7.77798 9
      vertex 12.3469 6.59955 -2
      vertex 12.3469 6.59955 9
    endloop
  endfacet
  facet normal 0.427547 0.903993 -0
    outer loop
      vertex -5.35757 -12.9343 -2
      vertex -6.59955 -12.3469 9
      vertex -5.35757 -12.9343 9
    endloop
  endfacet
  facet normal 0.427547 0.903993 0
    outer loop
      vertex -6.59955 -12.3469 9
      vertex -5.35757 -12.9343 -2
      vertex -6.59955 -12.3469 -2
    endloop
  endfacet
  facet normal 0.970036 0.24296 0
    outer loop
      vertex -13.3972 -4.06398 9
      vertex -13.731 -2.73126 -2
      vertex -13.731 -2.73126 9
    endloop
  endfacet
  facet normal 0.970036 0.24296 0
    outer loop
      vertex -13.731 -2.73126 -2
      vertex -13.3972 -4.06398 9
      vertex -13.3972 -4.06398 -2
    endloop
  endfacet
  facet normal -0.903993 -0.427547 0
    outer loop
      vertex 12.9343 5.35757 -2
      vertex 12.3469 6.59955 9
      vertex 12.3469 6.59955 -2
    endloop
  endfacet
  facet normal -0.903993 -0.427547 0
    outer loop
      vertex 12.3469 6.59955 9
      vertex 12.9343 5.35757 -2
      vertex 12.9343 5.35757 9
    endloop
  endfacet
  facet normal -0.427547 0.903993 0
    outer loop
      vertex 6.59955 -12.3469 -2
      vertex 5.35757 -12.9343 9
      vertex 6.59955 -12.3469 9
    endloop
  endfacet
  facet normal -0.427547 0.903993 0
    outer loop
      vertex 5.35757 -12.9343 9
      vertex 6.59955 -12.3469 -2
      vertex 5.35757 -12.9343 -2
    endloop
  endfacet
  facet normal -0.146736 -0.989176 0
    outer loop
      vertex 1.37224 13.9326 -2
      vertex 2.73126 13.731 9
      vertex 1.37224 13.9326 9
    endloop
  endfacet
  facet normal -0.146736 -0.989176 -0
    outer loop
      vertex 2.73126 13.731 9
      vertex 1.37224 13.9326 -2
      vertex 2.73126 13.731 -2
    endloop
  endfacet
  facet normal 0.671546 -0.740963 0
    outer loop
      vertex -9.89949 9.89949 -2
      vertex -8.88151 10.8221 9
      vertex -9.89949 9.89949 9
    endloop
  endfacet
  facet normal 0.671546 -0.740963 0
    outer loop
      vertex -8.88151 10.8221 9
      vertex -9.89949 9.89949 -2
      vertex -8.88151 10.8221 -2
    endloop
  endfacet
  facet normal 0.989176 -0.146736 0
    outer loop
      vertex -13.9326 1.37224 9
      vertex -13.731 2.73126 -2
      vertex -13.731 2.73126 9
    endloop
  endfacet
  facet normal 0.989176 -0.146736 0
    outer loop
      vertex -13.731 2.73126 -2
      vertex -13.9326 1.37224 9
      vertex -13.9326 1.37224 -2
    endloop
  endfacet
  facet normal 0.941533 -0.33692 0
    outer loop
      vertex -13.3972 4.06398 9
      vertex -12.9343 5.35757 -2
      vertex -12.9343 5.35757 9
    endloop
  endfacet
  facet normal 0.941533 -0.33692 0
    outer loop
      vertex -12.9343 5.35757 -2
      vertex -13.3972 4.06398 9
      vertex -13.3972 4.06398 -2
    endloop
  endfacet
  facet normal 0.33692 -0.941533 0
    outer loop
      vertex -5.35757 12.9343 -2
      vertex -4.06398 13.3972 9
      vertex -5.35757 12.9343 9
    endloop
  endfacet
  facet normal 0.33692 -0.941533 0
    outer loop
      vertex -4.06398 13.3972 9
      vertex -5.35757 12.9343 -2
      vertex -4.06398 13.3972 -2
    endloop
  endfacet
  facet normal 0.998796 0.0490576 0
    outer loop
      vertex -13.9326 -1.37224 9
      vertex -14 0 -2
      vertex -14 0 9
    endloop
  endfacet
  facet normal 0.998796 0.0490576 0
    outer loop
      vertex -14 0 -2
      vertex -13.9326 -1.37224 9
      vertex -13.9326 -1.37224 -2
    endloop
  endfacet
  facet normal -0.671546 0.740963 0
    outer loop
      vertex 9.89949 -9.89949 -2
      vertex 8.88151 -10.8221 9
      vertex 9.89949 -9.89949 9
    endloop
  endfacet
  facet normal -0.671546 0.740963 0
    outer loop
      vertex 8.88151 -10.8221 9
      vertex 9.89949 -9.89949 -2
      vertex 8.88151 -10.8221 -2
    endloop
  endfacet
  facet normal 0.0490576 -0.998796 0
    outer loop
      vertex -1.37224 13.9326 -2
      vertex 0 14 9
      vertex -1.37224 13.9326 9
    endloop
  endfacet
  facet normal 0.0490576 -0.998796 0
    outer loop
      vertex 0 14 9
      vertex -1.37224 13.9326 -2
      vertex 0 14 -2
    endloop
  endfacet
  facet normal 0.803184 -0.59573 0
    outer loop
      vertex -11.6406 7.77798 9
      vertex -10.8221 8.88151 -2
      vertex -10.8221 8.88151 9
    endloop
  endfacet
  facet normal 0.803184 -0.59573 0
    outer loop
      vertex -10.8221 8.88151 -2
      vertex -11.6406 7.77798 9
      vertex -11.6406 7.77798 -2
    endloop
  endfacet
  facet normal 0.740963 0.671546 0
    outer loop
      vertex -9.89949 -9.89949 9
      vertex -10.8221 -8.88151 -2
      vertex -10.8221 -8.88151 9
    endloop
  endfacet
  facet normal 0.740963 0.671546 0
    outer loop
      vertex -10.8221 -8.88151 -2
      vertex -9.89949 -9.89949 9
      vertex -9.89949 -9.89949 -2
    endloop
  endfacet
  facet normal -0.0490576 0.998796 0
    outer loop
      vertex 1.37224 -13.9326 -2
      vertex 0 -14 9
      vertex 1.37224 -13.9326 9
    endloop
  endfacet
  facet normal -0.0490576 0.998796 0
    outer loop
      vertex 0 -14 9
      vertex 1.37224 -13.9326 -2
      vertex 0 -14 -2
    endloop
  endfacet
  facet normal 0.989176 0.146736 0
    outer loop
      vertex -13.731 -2.73126 9
      vertex -13.9326 -1.37224 -2
      vertex -13.9326 -1.37224 9
    endloop
  endfacet
  facet normal 0.989176 0.146736 0
    outer loop
      vertex -13.9326 -1.37224 -2
      vertex -13.731 -2.73126 9
      vertex -13.731 -2.73126 -2
    endloop
  endfacet
  facet normal -0.0490576 -0.998796 0
    outer loop
      vertex 0 14 -2
      vertex 1.37224 13.9326 9
      vertex 0 14 9
    endloop
  endfacet
  facet normal -0.0490576 -0.998796 -0
    outer loop
      vertex 1.37224 13.9326 9
      vertex 0 14 -2
      vertex 1.37224 13.9326 -2
    endloop
  endfacet
  facet normal 0.970036 -0.24296 0
    outer loop
      vertex -13.731 2.73126 9
      vertex -13.3972 4.06398 -2
      vertex -13.3972 4.06398 9
    endloop
  endfacet
  facet normal 0.970036 -0.24296 0
    outer loop
      vertex -13.3972 4.06398 -2
      vertex -13.731 2.73126 9
      vertex -13.731 2.73126 -2
    endloop
  endfacet
  facet normal 0.903993 -0.427547 0
    outer loop
      vertex -12.9343 5.35757 9
      vertex -12.3469 6.59955 -2
      vertex -12.3469 6.59955 9
    endloop
  endfacet
  facet normal 0.903993 -0.427547 0
    outer loop
      vertex -12.3469 6.59955 -2
      vertex -12.9343 5.35757 9
      vertex -12.9343 5.35757 -2
    endloop
  endfacet
  facet normal -0.941533 0.33692 0
    outer loop
      vertex 12.9343 -5.35757 -2
      vertex 13.3972 -4.06398 9
      vertex 13.3972 -4.06398 -2
    endloop
  endfacet
  facet normal -0.941533 0.33692 0
    outer loop
      vertex 13.3972 -4.06398 9
      vertex 12.9343 -5.35757 -2
      vertex 12.9343 -5.35757 9
    endloop
  endfacet
  facet normal 0.671546 0.740963 -0
    outer loop
      vertex -8.88151 -10.8221 -2
      vertex -9.89949 -9.89949 9
      vertex -8.88151 -10.8221 9
    endloop
  endfacet
  facet normal 0.671546 0.740963 0
    outer loop
      vertex -9.89949 -9.89949 9
      vertex -8.88151 -10.8221 -2
      vertex -9.89949 -9.89949 -2
    endloop
  endfacet
  facet normal 0.0490576 0.998796 -0
    outer loop
      vertex 0 -14 -2
      vertex -1.37224 -13.9326 9
      vertex 0 -14 9
    endloop
  endfacet
  facet normal 0.0490576 0.998796 0
    outer loop
      vertex -1.37224 -13.9326 9
      vertex 0 -14 -2
      vertex -1.37224 -13.9326 -2
    endloop
  endfacet
  facet normal 0.998796 -0.0490576 0
    outer loop
      vertex -14 0 9
      vertex -13.9326 1.37224 -2
      vertex -13.9326 1.37224 9
    endloop
  endfacet
  facet normal 0.998796 -0.0490576 0
    outer loop
      vertex -13.9326 1.37224 -2
      vertex -14 0 9
      vertex -14 0 -2
    endloop
  endfacet
  facet normal 0.33692 0.941533 -0
    outer loop
      vertex -4.06398 -13.3972 -2
      vertex -5.35757 -12.9343 9
      vertex -4.06398 -13.3972 9
    endloop
  endfacet
  facet normal 0.33692 0.941533 0
    outer loop
      vertex -5.35757 -12.9343 9
      vertex -4.06398 -13.3972 -2
      vertex -5.35757 -12.9343 -2
    endloop
  endfacet
  facet normal -0.740963 0.671546 0
    outer loop
      vertex 9.89949 -9.89949 -2
      vertex 10.8221 -8.88151 9
      vertex 10.8221 -8.88151 -2
    endloop
  endfacet
  facet normal -0.740963 0.671546 0
    outer loop
      vertex 10.8221 -8.88151 9
      vertex 9.89949 -9.89949 -2
      vertex 9.89949 -9.89949 9
    endloop
  endfacet
  facet normal 0 0 -1
    outer loop
      vertex 8.5 0 9
      vertex 14 0 9
      vertex 13.9326 -1.37224 9
    endloop
  endfacet
  facet normal 0 0 -1
    outer loop
      vertex 8.45907 -0.833145 9
      vertex 13.9326 -1.37224 9
      vertex 13.731 -2.73126 9
    endloop
  endfacet
  facet normal 0 0 -1
    outer loop
      vertex 14 0 9
      vertex 8.5 0 9
      vertex 13.9326 1.37224 9
    endloop
  endfacet
  facet normal 0 0 -1
    outer loop
      vertex 8.33667 -1.65827 9
      vertex 13.731 -2.73126 9
      vertex 13.3972 -4.06398 9
    endloop
  endfacet
  facet normal 0 0 -1
    outer loop
      vertex 8.45907 0.833145 9
      vertex 13.9326 1.37224 9
      vertex 8.5 0 9
    endloop
  endfacet
  facet normal 0 0 -1
    outer loop
      vertex 8.13399 -2.46742 9
      vertex 13.3972 -4.06398 9
      vertex 12.9343 -5.35757 9
    endloop
  endfacet
  facet normal -0 0 -1
    outer loop
      vertex 13.9326 1.37224 9
      vertex 8.45907 0.833145 9
      vertex 13.731 2.73126 9
    endloop
  endfacet
  facet normal 0 0 -1
    outer loop
      vertex 7.85298 -3.25281 9
      vertex 12.9343 -5.35757 9
      vertex 12.3469 -6.59955 9
    endloop
  endfacet
  facet normal 0 0 -1
    outer loop
      vertex 8.33667 1.65827 9
      vertex 13.731 2.73126 9
      vertex 8.45907 0.833145 9
    endloop
  endfacet
  facet normal 0 0 -1
    outer loop
      vertex 7.49633 -4.00687 9
      vertex 12.3469 -6.59955 9
      vertex 11.6406 -7.77798 9
    endloop
  endfacet
  facet normal -0 0 -1
    outer loop
      vertex 13.731 2.73126 9
      vertex 8.33667 1.65827 9
      vertex 13.3972 4.06398 9
    endloop
  endfacet
  facet normal 0 0 -1
    outer loop
      vertex 7.06749 -4.72235 9
      vertex 11.6406 -7.77798 9
      vertex 10.8221 -8.88151 9
    endloop
  endfacet
  facet normal 0 0 -1
    outer loop
      vertex 8.13399 2.46742 9
      vertex 13.3972 4.06398 9
      vertex 8.33667 1.65827 9
    endloop
  endfacet
  facet normal 0 0 -1
    outer loop
      vertex 6.57059 -5.39234 9
      vertex 10.8221 -8.88151 9
      vertex 9.89949 -9.89949 9
    endloop
  endfacet
  facet normal -0 0 -1
    outer loop
      vertex 13.3972 4.06398 9
      vertex 8.13399 2.46742 9
      vertex 12.9343 5.35757 9
    endloop
  endfacet
  facet normal 0 0 -1
    outer loop
      vertex 6.01041 -6.01041 9
      vertex 9.89949 -9.89949 9
      vertex 8.88151 -10.8221 9
    endloop
  endfacet
  facet normal 0 0 -1
    outer loop
      vertex 7.85298 3.25281 9
      vertex 12.9343 5.35757 9
      vertex 8.13399 2.46742 9
    endloop
  endfacet
  facet normal -0 0 -1
    outer loop
      vertex 12.9343 5.35757 9
      vertex 7.85298 3.25281 9
      vertex 12.3469 6.59955 9
    endloop
  endfacet
  facet normal 0 0 -1
    outer loop
      vertex 13.9326 -1.37224 9
      vertex 8.45907 -0.833145 9
      vertex 8.5 0 9
    endloop
  endfacet
  facet normal 0 0 -1
    outer loop
      vertex 13.731 -2.73126 9
      vertex 8.33667 -1.65827 9
      vertex 8.45907 -0.833145 9
    endloop
  endfacet
  facet normal 0 0 -1
    outer loop
      vertex 13.3972 -4.06398 9
      vertex 8.13399 -2.46742 9
      vertex 8.33667 -1.65827 9
    endloop
  endfacet
  facet normal 0 0 -1
    outer loop
      vertex 12.9343 -5.35757 9
      vertex 7.85298 -3.25281 9
      vertex 8.13399 -2.46742 9
    endloop
  endfacet
  facet normal 0 0 -1
    outer loop
      vertex 5.39234 -6.57059 9
      vertex 8.88151 -10.8221 9
      vertex 7.77798 -11.6406 9
    endloop
  endfacet
  facet normal 0 0 -1
    outer loop
      vertex 12.3469 -6.59955 9
      vertex 7.49633 -4.00687 9
      vertex 7.85298 -3.25281 9
    endloop
  endfacet
  facet normal 0 0 -1
    outer loop
      vertex 11.6406 -7.77798 9
      vertex 7.06749 -4.72235 9
      vertex 7.49633 -4.00687 9
    endloop
  endfacet
  facet normal 0 0 -1
    outer loop
      vertex 4.72235 -7.06749 9
      vertex 7.77798 -11.6406 9
      vertex 6.59955 -12.3469 9
    endloop
  endfacet
  facet normal 0 0 -1
    outer loop
      vertex 10.8221 -8.88151 9
      vertex 6.57059 -5.39234 9
      vertex 7.06749 -4.72235 9
    endloop
  endfacet
  facet normal 0 0 -1
    outer loop
      vertex 9.89949 -9.89949 9
      vertex 6.01041 -6.01041 9
      vertex 6.57059 -5.39234 9
    endloop
  endfacet
  facet normal 0 0 -1
    outer loop
      vertex 8.88151 -10.8221 9
      vertex 5.39234 -6.57059 9
      vertex 6.01041 -6.01041 9
    endloop
  endfacet
  facet normal 0 0 -1
    outer loop
      vertex 4.00687 -7.49633 9
      vertex 6.59955 -12.3469 9
      vertex 5.35757 -12.9343 9
    endloop
  endfacet
  facet normal 0 0 -1
    outer loop
      vertex 7.77798 -11.6406 9
      vertex 4.72235 -7.06749 9
      vertex 5.39234 -6.57059 9
    endloop
  endfacet
  facet normal 0 0 -1
    outer loop
      vertex 3.25281 -7.85298 9
      vertex 5.35757 -12.9343 9
      vertex 4.06398 -13.3972 9
    endloop
  endfacet
  facet normal 0 0 -1
    outer loop
      vertex 6.59955 -12.3469 9
      vertex 4.00687 -7.49633 9
      vertex 4.72235 -7.06749 9
    endloop
  endfacet
  facet normal 0 0 -1
    outer loop
      vertex 5.35757 -12.9343 9
      vertex 3.25281 -7.85298 9
      vertex 4.00687 -7.49633 9
    endloop
  endfacet
  facet normal 0 0 -1
    outer loop
      vertex 2.46742 -8.13399 9
      vertex 4.06398 -13.3972 9
      vertex 2.73126 -13.731 9
    endloop
  endfacet
  facet normal 0 0 -1
    outer loop
      vertex 4.06398 -13.3972 9
      vertex 2.46742 -8.13399 9
      vertex 3.25281 -7.85298 9
    endloop
  endfacet
  facet normal 0 0 -1
    outer loop
      vertex 2.73126 -13.731 9
      vertex 1.65827 -8.33667 9
      vertex 2.46742 -8.13399 9
    endloop
  endfacet
  facet normal 0 0 -1
    outer loop
      vertex 1.37224 -13.9326 9
      vertex 1.65827 -8.33667 9
      vertex 2.73126 -13.731 9
    endloop
  endfacet
  facet normal 0 0 -1
    outer loop
      vertex 1.37224 -13.9326 9
      vertex 0.833145 -8.45907 9
      vertex 1.65827 -8.33667 9
    endloop
  endfacet
  facet normal 0 0 -1
    outer loop
      vertex 0 -14 9
      vertex 0.833145 -8.45907 9
      vertex 1.37224 -13.9326 9
    endloop
  endfacet
  facet normal 0 0 -1
    outer loop
      vertex 0 -14 9
      vertex 0 -8.5 9
      vertex 0.833145 -8.45907 9
    endloop
  endfacet
  facet normal 0 0 -1
    outer loop
      vertex 0 -14 9
      vertex -0.833145 -8.45907 9
      vertex 0 -8.5 9
    endloop
  endfacet
  facet normal 0 0 -1
    outer loop
      vertex -1.37224 -13.9326 9
      vertex -0.833145 -8.45907 9
      vertex 0 -14 9
    endloop
  endfacet
  facet normal 0 0 -1
    outer loop
      vertex -1.37224 -13.9326 9
      vertex -1.65827 -8.33667 9
      vertex -0.833145 -8.45907 9
    endloop
  endfacet
  facet normal 0 0 -1
    outer loop
      vertex -2.73126 -13.731 9
      vertex -1.65827 -8.33667 9
      vertex -1.37224 -13.9326 9
    endloop
  endfacet
  facet normal -0 0 -1
    outer loop
      vertex -1.65827 -8.33667 9
      vertex -2.73126 -13.731 9
      vertex -2.46742 -8.13399 9
    endloop
  endfacet
  facet normal 0 0 -1
    outer loop
      vertex -4.06398 -13.3972 9
      vertex -2.46742 -8.13399 9
      vertex -2.73126 -13.731 9
    endloop
  endfacet
  facet normal -0 0 -1
    outer loop
      vertex -2.46742 -8.13399 9
      vertex -4.06398 -13.3972 9
      vertex -3.25281 -7.85298 9
    endloop
  endfacet
  facet normal 0 0 -1
    outer loop
      vertex -5.35757 -12.9343 9
      vertex -3.25281 -7.85298 9
      vertex -4.06398 -13.3972 9
    endloop
  endfacet
  facet normal -0 0 -1
    outer loop
      vertex -3.25281 -7.85298 9
      vertex -5.35757 -12.9343 9
      vertex -4.00687 -7.49633 9
    endloop
  endfacet
  facet normal 0 0 -1
    outer loop
      vertex -6.59955 -12.3469 9
      vertex -4.00687 -7.49633 9
      vertex -5.35757 -12.9343 9
    endloop
  endfacet
  facet normal -0 0 -1
    outer loop
      vertex -4.00687 -7.49633 9
      vertex -6.59955 -12.3469 9
      vertex -4.72235 -7.06749 9
    endloop
  endfacet
  facet normal 0 0 -1
    outer loop
      vertex -7.77798 -11.6406 9
      vertex -4.72235 -7.06749 9
      vertex -6.59955 -12.3469 9
    endloop
  endfacet
  facet normal -0 0 -1
    outer loop
      vertex -4.72235 -7.06749 9
      vertex -7.77798 -11.6406 9
      vertex -5.39234 -6.57059 9
    endloop
  endfacet
  facet normal 0 0 -1
    outer loop
      vertex -8.88151 -10.8221 9
      vertex -5.39234 -6.57059 9
      vertex -7.77798 -11.6406 9
    endloop
  endfacet
  facet normal -0 0 -1
    outer loop
      vertex -5.39234 -6.57059 9
      vertex -8.88151 -10.8221 9
      vertex -6.01041 -6.01041 9
    endloop
  endfacet
  facet normal 0 0 -1
    outer loop
      vertex -9.89949 -9.89949 9
      vertex -6.01041 -6.01041 9
      vertex -8.88151 -10.8221 9
    endloop
  endfacet
  facet normal -0 0 -1
    outer loop
      vertex -6.01041 -6.01041 9
      vertex -9.89949 -9.89949 9
      vertex -6.57059 -5.39234 9
    endloop
  endfacet
  facet normal 0 0 -1
    outer loop
      vertex -10.8221 -8.88151 9
      vertex -6.57059 -5.39234 9
      vertex -9.89949 -9.89949 9
    endloop
  endfacet
  facet normal -0 0 -1
    outer loop
      vertex -6.57059 -5.39234 9
      vertex -10.8221 -8.88151 9
      vertex -7.06749 -4.72235 9
    endloop
  endfacet
  facet normal 0 0 -1
    outer loop
      vertex -11.6406 -7.77798 9
      vertex -7.06749 -4.72235 9
      vertex -10.8221 -8.88151 9
    endloop
  endfacet
  facet normal -0 0 -1
    outer loop
      vertex -7.06749 -4.72235 9
      vertex -11.6406 -7.77798 9
      vertex -7.49633 -4.00687 9
    endloop
  endfacet
  facet normal -0 0 -1
    outer loop
      vertex -7.49633 -4.00687 9
      vertex -12.3469 -6.59955 9
      vertex -7.85298 -3.25281 9
    endloop
  endfacet
  facet normal 0 0 -1
    outer loop
      vertex -12.3469 -6.59955 9
      vertex -7.49633 -4.00687 9
      vertex -11.6406 -7.77798 9
    endloop
  endfacet
  facet normal 0 0 -1
    outer loop
      vertex 7.49633 4.00687 9
      vertex 12.3469 6.59955 9
      vertex 7.85298 3.25281 9
    endloop
  endfacet
  facet normal -0 0 -1
    outer loop
      vertex 12.3469 6.59955 9
      vertex 7.49633 4.00687 9
      vertex 11.6406 7.77798 9
    endloop
  endfacet
  facet normal 0 0 -1
    outer loop
      vertex 7.06749 4.72235 9
      vertex 11.6406 7.77798 9
      vertex 7.49633 4.00687 9
    endloop
  endfacet
  facet normal -0 0 -1
    outer loop
      vertex 11.6406 7.77798 9
      vertex 7.06749 4.72235 9
      vertex 10.8221 8.88151 9
    endloop
  endfacet
  facet normal 0 0 -1
    outer loop
      vertex 6.57059 5.39234 9
      vertex 10.8221 8.88151 9
      vertex 7.06749 4.72235 9
    endloop
  endfacet
  facet normal -0 0 -1
    outer loop
      vertex 10.8221 8.88151 9
      vertex 6.57059 5.39234 9
      vertex 9.89949 9.89949 9
    endloop
  endfacet
  facet normal 0 0 -1
    outer loop
      vertex 6.01041 6.01041 9
      vertex 9.89949 9.89949 9
      vertex 6.57059 5.39234 9
    endloop
  endfacet
  facet normal -0 0 -1
    outer loop
      vertex 9.89949 9.89949 9
      vertex 6.01041 6.01041 9
      vertex 8.88151 10.8221 9
    endloop
  endfacet
  facet normal 0 0 -1
    outer loop
      vertex 5.39234 6.57059 9
      vertex 8.88151 10.8221 9
      vertex 6.01041 6.01041 9
    endloop
  endfacet
  facet normal -0 0 -1
    outer loop
      vertex 8.88151 10.8221 9
      vertex 5.39234 6.57059 9
      vertex 7.77798 11.6406 9
    endloop
  endfacet
  facet normal 0 0 -1
    outer loop
      vertex 4.72235 7.06749 9
      vertex 7.77798 11.6406 9
      vertex 5.39234 6.57059 9
    endloop
  endfacet
  facet normal -0 0 -1
    outer loop
      vertex 7.77798 11.6406 9
      vertex 4.72235 7.06749 9
      vertex 6.59955 12.3469 9
    endloop
  endfacet
  facet normal 0 0 -1
    outer loop
      vertex 4.00687 7.49633 9
      vertex 6.59955 12.3469 9
      vertex 4.72235 7.06749 9
    endloop
  endfacet
  facet normal -0 0 -1
    outer loop
      vertex 6.59955 12.3469 9
      vertex 4.00687 7.49633 9
      vertex 5.35757 12.9343 9
    endloop
  endfacet
  facet normal 0 0 -1
    outer loop
      vertex 3.25281 7.85298 9
      vertex 5.35757 12.9343 9
      vertex 4.00687 7.49633 9
    endloop
  endfacet
  facet normal -0 0 -1
    outer loop
      vertex 5.35757 12.9343 9
      vertex 3.25281 7.85298 9
      vertex 4.06398 13.3972 9
    endloop
  endfacet
  facet normal 0 0 -1
    outer loop
      vertex 2.46742 8.13399 9
      vertex 4.06398 13.3972 9
      vertex 3.25281 7.85298 9
    endloop
  endfacet
  facet normal -0 0 -1
    outer loop
      vertex 4.06398 13.3972 9
      vertex 2.46742 8.13399 9
      vertex 2.73126 13.731 9
    endloop
  endfacet
  facet normal 0 0 -1
    outer loop
      vertex 1.65827 8.33667 9
      vertex 2.73126 13.731 9
      vertex 2.46742 8.13399 9
    endloop
  endfacet
  facet normal 0 0 -1
    outer loop
      vertex 1.65827 8.33667 9
      vertex 1.37224 13.9326 9
      vertex 2.73126 13.731 9
    endloop
  endfacet
  facet normal 0 0 -1
    outer loop
      vertex 0.833145 8.45907 9
      vertex 1.37224 13.9326 9
      vertex 1.65827 8.33667 9
    endloop
  endfacet
  facet normal 0 0 -1
    outer loop
      vertex 0 8.5 9
      vertex 1.37224 13.9326 9
      vertex 0.833145 8.45907 9
    endloop
  endfacet
  facet normal 0 0 -1
    outer loop
      vertex 0 8.5 9
      vertex 0 14 9
      vertex 1.37224 13.9326 9
    endloop
  endfacet
  facet normal 0 0 -1
    outer loop
      vertex -0.833145 8.45907 9
      vertex 0 14 9
      vertex 0 8.5 9
    endloop
  endfacet
  facet normal 0 0 -1
    outer loop
      vertex -0.833145 8.45907 9
      vertex -1.37224 13.9326 9
      vertex 0 14 9
    endloop
  endfacet
  facet normal 0 0 -1
    outer loop
      vertex -1.65827 8.33667 9
      vertex -1.37224 13.9326 9
      vertex -0.833145 8.45907 9
    endloop
  endfacet
  facet normal 0 0 -1
    outer loop
      vertex -2.73126 13.731 9
      vertex -1.65827 8.33667 9
      vertex -2.46742 8.13399 9
    endloop
  endfacet
  facet normal 0 0 -1
    outer loop
      vertex -1.65827 8.33667 9
      vertex -2.73126 13.731 9
      vertex -1.37224 13.9326 9
    endloop
  endfacet
  facet normal 0 0 -1
    outer loop
      vertex -4.06398 13.3972 9
      vertex -2.46742 8.13399 9
      vertex -3.25281 7.85298 9
    endloop
  endfacet
  facet normal 0 0 -1
    outer loop
      vertex -5.35757 12.9343 9
      vertex -3.25281 7.85298 9
      vertex -4.00687 7.49633 9
    endloop
  endfacet
  facet normal 0 0 -1
    outer loop
      vertex -2.46742 8.13399 9
      vertex -4.06398 13.3972 9
      vertex -2.73126 13.731 9
    endloop
  endfacet
  facet normal 0 0 -1
    outer loop
      vertex -6.59955 12.3469 9
      vertex -4.00687 7.49633 9
      vertex -4.72235 7.06749 9
    endloop
  endfacet
  facet normal 0 0 -1
    outer loop
      vertex -3.25281 7.85298 9
      vertex -5.35757 12.9343 9
      vertex -4.06398 13.3972 9
    endloop
  endfacet
  facet normal 0 0 -1
    outer loop
      vertex -7.77798 11.6406 9
      vertex -4.72235 7.06749 9
      vertex -5.39234 6.57059 9
    endloop
  endfacet
  facet normal 0 0 -1
    outer loop
      vertex -8.88151 10.8221 9
      vertex -5.39234 6.57059 9
      vertex -6.01041 6.01041 9
    endloop
  endfacet
  facet normal 0 0 -1
    outer loop
      vertex -9.89949 9.89949 9
      vertex -6.01041 6.01041 9
      vertex -6.57059 5.39234 9
    endloop
  endfacet
  facet normal 0 0 -1
    outer loop
      vertex -4.00687 7.49633 9
      vertex -6.59955 12.3469 9
      vertex -5.35757 12.9343 9
    endloop
  endfacet
  facet normal 0 0 -1
    outer loop
      vertex -10.8221 8.88151 9
      vertex -6.57059 5.39234 9
      vertex -7.06749 4.72235 9
    endloop
  endfacet
  facet normal 0 0 -1
    outer loop
      vertex -11.6406 7.77798 9
      vertex -7.06749 4.72235 9
      vertex -7.49633 4.00687 9
    endloop
  endfacet
  facet normal 0 0 -1
    outer loop
      vertex -4.72235 7.06749 9
      vertex -7.77798 11.6406 9
      vertex -6.59955 12.3469 9
    endloop
  endfacet
  facet normal 0 0 -1
    outer loop
      vertex -12.3469 6.59955 9
      vertex -7.49633 4.00687 9
      vertex -7.85298 3.25281 9
    endloop
  endfacet
  facet normal 0 0 -1
    outer loop
      vertex -12.9343 5.35757 9
      vertex -7.85298 3.25281 9
      vertex -8.13399 2.46742 9
    endloop
  endfacet
  facet normal 0 0 -1
    outer loop
      vertex -13.3972 4.06398 9
      vertex -8.13399 2.46742 9
      vertex -8.33667 1.65827 9
    endloop
  endfacet
  facet normal 0 0 -1
    outer loop
      vertex -13.731 2.73126 9
      vertex -8.33667 1.65827 9
      vertex -8.45907 0.833145 9
    endloop
  endfacet
  facet normal 0 0 -1
    outer loop
      vertex -5.39234 6.57059 9
      vertex -8.88151 10.8221 9
      vertex -7.77798 11.6406 9
    endloop
  endfacet
  facet normal 0 0 -1
    outer loop
      vertex -13.9326 1.37224 9
      vertex -8.45907 0.833145 9
      vertex -8.5 0 9
    endloop
  endfacet
  facet normal 0 0 -1
    outer loop
      vertex -12.9343 -5.35757 9
      vertex -7.85298 -3.25281 9
      vertex -12.3469 -6.59955 9
    endloop
  endfacet
  facet normal -0 0 -1
    outer loop
      vertex -7.85298 -3.25281 9
      vertex -12.9343 -5.35757 9
      vertex -8.13399 -2.46742 9
    endloop
  endfacet
  facet normal 0 0 -1
    outer loop
      vertex -6.01041 6.01041 9
      vertex -9.89949 9.89949 9
      vertex -8.88151 10.8221 9
    endloop
  endfacet
  facet normal 0 0 -1
    outer loop
      vertex -13.3972 -4.06398 9
      vertex -8.13399 -2.46742 9
      vertex -12.9343 -5.35757 9
    endloop
  endfacet
  facet normal 0 0 -1
    outer loop
      vertex -6.57059 5.39234 9
      vertex -10.8221 8.88151 9
      vertex -9.89949 9.89949 9
    endloop
  endfacet
  facet normal -0 0 -1
    outer loop
      vertex -8.13399 -2.46742 9
      vertex -13.3972 -4.06398 9
      vertex -8.33667 -1.65827 9
    endloop
  endfacet
  facet normal 0 0 -1
    outer loop
      vertex -7.06749 4.72235 9
      vertex -11.6406 7.77798 9
      vertex -10.8221 8.88151 9
    endloop
  endfacet
  facet normal 0 0 -1
    outer loop
      vertex -13.731 -2.73126 9
      vertex -8.33667 -1.65827 9
      vertex -13.3972 -4.06398 9
    endloop
  endfacet
  facet normal 0 0 -1
    outer loop
      vertex -7.49633 4.00687 9
      vertex -12.3469 6.59955 9
      vertex -11.6406 7.77798 9
    endloop
  endfacet
  facet normal -0 0 -1
    outer loop
      vertex -8.33667 -1.65827 9
      vertex -13.731 -2.73126 9
      vertex -8.45907 -0.833145 9
    endloop
  endfacet
  facet normal 0 0 -1
    outer loop
      vertex -7.85298 3.25281 9
      vertex -12.9343 5.35757 9
      vertex -12.3469 6.59955 9
    endloop
  endfacet
  facet normal 0 0 -1
    outer loop
      vertex -13.9326 -1.37224 9
      vertex -8.45907 -0.833145 9
      vertex -13.731 -2.73126 9
    endloop
  endfacet
  facet normal 0 0 -1
    outer loop
      vertex -8.13399 2.46742 9
      vertex -13.3972 4.06398 9
      vertex -12.9343 5.35757 9
    endloop
  endfacet
  facet normal -0 0 -1
    outer loop
      vertex -8.45907 -0.833145 9
      vertex -13.9326 -1.37224 9
      vertex -8.5 0 9
    endloop
  endfacet
  facet normal 0 0 -1
    outer loop
      vertex -8.33667 1.65827 9
      vertex -13.731 2.73126 9
      vertex -13.3972 4.06398 9
    endloop
  endfacet
  facet normal 0 0 -1
    outer loop
      vertex -14 0 9
      vertex -8.5 0 9
      vertex -13.9326 -1.37224 9
    endloop
  endfacet
  facet normal 0 0 -1
    outer loop
      vertex -8.45907 0.833145 9
      vertex -13.9326 1.37224 9
      vertex -13.731 2.73126 9
    endloop
  endfacet
  facet normal 0 0 -1
    outer loop
      vertex -8.5 0 9
      vertex -14 0 9
      vertex -13.9326 1.37224 9
    endloop
  endfacet
  facet normal 0 0 1
    outer loop
      vertex 8.5 0 -2
      vertex 14 0 -2
      vertex 13.9326 1.37224 -2
    endloop
  endfacet
  facet normal 0 0 1
    outer loop
      vertex 8.45907 0.833145 -2
      vertex 13.9326 1.37224 -2
      vertex 13.731 2.73126 -2
    endloop
  endfacet
  facet normal 0 0 1
    outer loop
      vertex 14 0 -2
      vertex 8.5 0 -2
      vertex 13.9326 -1.37224 -2
    endloop
  endfacet
  facet normal 0 0 1
    outer loop
      vertex 8.33667 1.65827 -2
      vertex 13.731 2.73126 -2
      vertex 13.3972 4.06398 -2
    endloop
  endfacet
  facet normal -0 0 1
    outer loop
      vertex 8.45907 -0.833145 -2
      vertex 13.9326 -1.37224 -2
      vertex 8.5 0 -2
    endloop
  endfacet
  facet normal 0 0 1
    outer loop
      vertex 8.13399 2.46742 -2
      vertex 13.3972 4.06398 -2
      vertex 12.9343 5.35757 -2
    endloop
  endfacet
  facet normal 0 0 1
    outer loop
      vertex 13.9326 -1.37224 -2
      vertex 8.45907 -0.833145 -2
      vertex 13.731 -2.73126 -2
    endloop
  endfacet
  facet normal 0 0 1
    outer loop
      vertex 7.85298 3.25281 -2
      vertex 12.9343 5.35757 -2
      vertex 12.3469 6.59955 -2
    endloop
  endfacet
  facet normal -0 0 1
    outer loop
      vertex 8.33667 -1.65827 -2
      vertex 13.731 -2.73126 -2
      vertex 8.45907 -0.833145 -2
    endloop
  endfacet
  facet normal 0 0 1
    outer loop
      vertex 7.49633 4.00687 -2
      vertex 12.3469 6.59955 -2
      vertex 11.6406 7.77798 -2
    endloop
  endfacet
  facet normal 0 0 1
    outer loop
      vertex 13.731 -2.73126 -2
      vertex 8.33667 -1.65827 -2
      vertex 13.3972 -4.06398 -2
    endloop
  endfacet
  facet normal 0 0 1
    outer loop
      vertex 7.06749 4.72235 -2
      vertex 11.6406 7.77798 -2
      vertex 10.8221 8.88151 -2
    endloop
  endfacet
  facet normal -0 0 1
    outer loop
      vertex 8.13399 -2.46742 -2
      vertex 13.3972 -4.06398 -2
      vertex 8.33667 -1.65827 -2
    endloop
  endfacet
  facet normal 0 0 1
    outer loop
      vertex 6.57059 5.39234 -2
      vertex 10.8221 8.88151 -2
      vertex 9.89949 9.89949 -2
    endloop
  endfacet
  facet normal 0 0 1
    outer loop
      vertex 13.3972 -4.06398 -2
      vertex 8.13399 -2.46742 -2
      vertex 12.9343 -5.35757 -2
    endloop
  endfacet
  facet normal 0 0 1
    outer loop
      vertex 6.01041 6.01041 -2
      vertex 9.89949 9.89949 -2
      vertex 8.88151 10.8221 -2
    endloop
  endfacet
  facet normal -0 0 1
    outer loop
      vertex 7.85298 -3.25281 -2
      vertex 12.9343 -5.35757 -2
      vertex 8.13399 -2.46742 -2
    endloop
  endfacet
  facet normal 0 0 1
    outer loop
      vertex 12.9343 -5.35757 -2
      vertex 7.85298 -3.25281 -2
      vertex 12.3469 -6.59955 -2
    endloop
  endfacet
  facet normal 0 0 1
    outer loop
      vertex 13.9326 1.37224 -2
      vertex 8.45907 0.833145 -2
      vertex 8.5 0 -2
    endloop
  endfacet
  facet normal 0 0 1
    outer loop
      vertex 13.731 2.73126 -2
      vertex 8.33667 1.65827 -2
      vertex 8.45907 0.833145 -2
    endloop
  endfacet
  facet normal 0 0 1
    outer loop
      vertex 13.3972 4.06398 -2
      vertex 8.13399 2.46742 -2
      vertex 8.33667 1.65827 -2
    endloop
  endfacet
  facet normal 0 0 1
    outer loop
      vertex 12.9343 5.35757 -2
      vertex 7.85298 3.25281 -2
      vertex 8.13399 2.46742 -2
    endloop
  endfacet
  facet normal 0 0 1
    outer loop
      vertex 5.39234 6.57059 -2
      vertex 8.88151 10.8221 -2
      vertex 7.77798 11.6406 -2
    endloop
  endfacet
  facet normal 0 0 1
    outer loop
      vertex 12.3469 6.59955 -2
      vertex 7.49633 4.00687 -2
      vertex 7.85298 3.25281 -2
    endloop
  endfacet
  facet normal 0 0 1
    outer loop
      vertex 11.6406 7.77798 -2
      vertex 7.06749 4.72235 -2
      vertex 7.49633 4.00687 -2
    endloop
  endfacet
  facet normal 0 0 1
    outer loop
      vertex 4.72235 7.06749 -2
      vertex 7.77798 11.6406 -2
      vertex 6.59955 12.3469 -2
    endloop
  endfacet
  facet normal 0 0 1
    outer loop
      vertex 10.8221 8.88151 -2
      vertex 6.57059 5.39234 -2
      vertex 7.06749 4.72235 -2
    endloop
  endfacet
  facet normal 0 0 1
    outer loop
      vertex 9.89949 9.89949 -2
      vertex 6.01041 6.01041 -2
      vertex 6.57059 5.39234 -2
    endloop
  endfacet
  facet normal 0 0 1
    outer loop
      vertex 8.88151 10.8221 -2
      vertex 5.39234 6.57059 -2
      vertex 6.01041 6.01041 -2
    endloop
  endfacet
  facet normal 0 0 1
    outer loop
      vertex 4.00687 7.49633 -2
      vertex 6.59955 12.3469 -2
      vertex 5.35757 12.9343 -2
    endloop
  endfacet
  facet normal 0 0 1
    outer loop
      vertex 7.77798 11.6406 -2
      vertex 4.72235 7.06749 -2
      vertex 5.39234 6.57059 -2
    endloop
  endfacet
  facet normal 0 0 1
    outer loop
      vertex 3.25281 7.85298 -2
      vertex 5.35757 12.9343 -2
      vertex 4.06398 13.3972 -2
    endloop
  endfacet
  facet normal 0 0 1
    outer loop
      vertex 6.59955 12.3469 -2
      vertex 4.00687 7.49633 -2
      vertex 4.72235 7.06749 -2
    endloop
  endfacet
  facet normal 0 0 1
    outer loop
      vertex 5.35757 12.9343 -2
      vertex 3.25281 7.85298 -2
      vertex 4.00687 7.49633 -2
    endloop
  endfacet
  facet normal 0 0 1
    outer loop
      vertex 2.46742 8.13399 -2
      vertex 4.06398 13.3972 -2
      vertex 2.73126 13.731 -2
    endloop
  endfacet
  facet normal 0 0 1
    outer loop
      vertex 4.06398 13.3972 -2
      vertex 2.46742 8.13399 -2
      vertex 3.25281 7.85298 -2
    endloop
  endfacet
  facet normal 0 0 1
    outer loop
      vertex 2.73126 13.731 -2
      vertex 1.65827 8.33667 -2
      vertex 2.46742 8.13399 -2
    endloop
  endfacet
  facet normal 0 0 1
    outer loop
      vertex 1.37224 13.9326 -2
      vertex 1.65827 8.33667 -2
      vertex 2.73126 13.731 -2
    endloop
  endfacet
  facet normal 0 0 1
    outer loop
      vertex 1.37224 13.9326 -2
      vertex 0.833145 8.45907 -2
      vertex 1.65827 8.33667 -2
    endloop
  endfacet
  facet normal 0 0 1
    outer loop
      vertex 0 14 -2
      vertex 0.833145 8.45907 -2
      vertex 1.37224 13.9326 -2
    endloop
  endfacet
  facet normal 0 0 1
    outer loop
      vertex 0 14 -2
      vertex 0 8.5 -2
      vertex 0.833145 8.45907 -2
    endloop
  endfacet
  facet normal 0 0 1
    outer loop
      vertex 0 14 -2
      vertex -0.833145 8.45907 -2
      vertex 0 8.5 -2
    endloop
  endfacet
  facet normal -0 0 1
    outer loop
      vertex -1.37224 13.9326 -2
      vertex -0.833145 8.45907 -2
      vertex 0 14 -2
    endloop
  endfacet
  facet normal 0 0 1
    outer loop
      vertex -1.37224 13.9326 -2
      vertex -1.65827 8.33667 -2
      vertex -0.833145 8.45907 -2
    endloop
  endfacet
  facet normal -0 0 1
    outer loop
      vertex -2.73126 13.731 -2
      vertex -1.65827 8.33667 -2
      vertex -1.37224 13.9326 -2
    endloop
  endfacet
  facet normal 0 0 1
    outer loop
      vertex -1.65827 8.33667 -2
      vertex -2.73126 13.731 -2
      vertex -2.46742 8.13399 -2
    endloop
  endfacet
  facet normal -0 0 1
    outer loop
      vertex -4.06398 13.3972 -2
      vertex -2.46742 8.13399 -2
      vertex -2.73126 13.731 -2
    endloop
  endfacet
  facet normal 0 0 1
    outer loop
      vertex -2.46742 8.13399 -2
      vertex -4.06398 13.3972 -2
      vertex -3.25281 7.85298 -2
    endloop
  endfacet
  facet normal -0 0 1
    outer loop
      vertex -5.35757 12.9343 -2
      vertex -3.25281 7.85298 -2
      vertex -4.06398 13.3972 -2
    endloop
  endfacet
  facet normal 0 0 1
    outer loop
      vertex -3.25281 7.85298 -2
      vertex -5.35757 12.9343 -2
      vertex -4.00687 7.49633 -2
    endloop
  endfacet
  facet normal -0 0 1
    outer loop
      vertex -6.59955 12.3469 -2
      vertex -4.00687 7.49633 -2
      vertex -5.35757 12.9343 -2
    endloop
  endfacet
  facet normal 0 0 1
    outer loop
      vertex -4.00687 7.49633 -2
      vertex -6.59955 12.3469 -2
      vertex -4.72235 7.06749 -2
    endloop
  endfacet
  facet normal -0 0 1
    outer loop
      vertex -7.77798 11.6406 -2
      vertex -4.72235 7.06749 -2
      vertex -6.59955 12.3469 -2
    endloop
  endfacet
  facet normal 0 0 1
    outer loop
      vertex -4.72235 7.06749 -2
      vertex -7.77798 11.6406 -2
      vertex -5.39234 6.57059 -2
    endloop
  endfacet
  facet normal -0 0 1
    outer loop
      vertex -8.88151 10.8221 -2
      vertex -5.39234 6.57059 -2
      vertex -7.77798 11.6406 -2
    endloop
  endfacet
  facet normal 0 0 1
    outer loop
      vertex -5.39234 6.57059 -2
      vertex -8.88151 10.8221 -2
      vertex -6.01041 6.01041 -2
    endloop
  endfacet
  facet normal -0 0 1
    outer loop
      vertex -9.89949 9.89949 -2
      vertex -6.01041 6.01041 -2
      vertex -8.88151 10.8221 -2
    endloop
  endfacet
  facet normal 0 0 1
    outer loop
      vertex -6.01041 6.01041 -2
      vertex -9.89949 9.89949 -2
      vertex -6.57059 5.39234 -2
    endloop
  endfacet
  facet normal -0 0 1
    outer loop
      vertex -10.8221 8.88151 -2
      vertex -6.57059 5.39234 -2
      vertex -9.89949 9.89949 -2
    endloop
  endfacet
  facet normal 0 0 1
    outer loop
      vertex -6.57059 5.39234 -2
      vertex -10.8221 8.88151 -2
      vertex -7.06749 4.72235 -2
    endloop
  endfacet
  facet normal -0 0 1
    outer loop
      vertex -11.6406 7.77798 -2
      vertex -7.06749 4.72235 -2
      vertex -10.8221 8.88151 -2
    endloop
  endfacet
  facet normal 0 0 1
    outer loop
      vertex -7.06749 4.72235 -2
      vertex -11.6406 7.77798 -2
      vertex -7.49633 4.00687 -2
    endloop
  endfacet
  facet normal 0 0 1
    outer loop
      vertex -7.49633 4.00687 -2
      vertex -12.3469 6.59955 -2
      vertex -7.85298 3.25281 -2
    endloop
  endfacet
  facet normal -0 0 1
    outer loop
      vertex -12.3469 6.59955 -2
      vertex -7.49633 4.00687 -2
      vertex -11.6406 7.77798 -2
    endloop
  endfacet
  facet normal -0 0 1
    outer loop
      vertex 7.49633 -4.00687 -2
      vertex 12.3469 -6.59955 -2
      vertex 7.85298 -3.25281 -2
    endloop
  endfacet
  facet normal 0 0 1
    outer loop
      vertex 12.3469 -6.59955 -2
      vertex 7.49633 -4.00687 -2
      vertex 11.6406 -7.77798 -2
    endloop
  endfacet
  facet normal -0 0 1
    outer loop
      vertex 7.06749 -4.72235 -2
      vertex 11.6406 -7.77798 -2
      vertex 7.49633 -4.00687 -2
    endloop
  endfacet
  facet normal 0 0 1
    outer loop
      vertex 11.6406 -7.77798 -2
      vertex 7.06749 -4.72235 -2
      vertex 10.8221 -8.88151 -2
    endloop
  endfacet
  facet normal -0 0 1
    outer loop
      vertex 6.57059 -5.39234 -2
      vertex 10.8221 -8.88151 -2
      vertex 7.06749 -4.72235 -2
    endloop
  endfacet
  facet normal 0 0 1
    outer loop
      vertex 10.8221 -8.88151 -2
      vertex 6.57059 -5.39234 -2
      vertex 9.89949 -9.89949 -2
    endloop
  endfacet
  facet normal -0 0 1
    outer loop
      vertex 6.01041 -6.01041 -2
      vertex 9.89949 -9.89949 -2
      vertex 6.57059 -5.39234 -2
    endloop
  endfacet
  facet normal 0 0 1
    outer loop
      vertex 9.89949 -9.89949 -2
      vertex 6.01041 -6.01041 -2
      vertex 8.88151 -10.8221 -2
    endloop
  endfacet
  facet normal -0 0 1
    outer loop
      vertex 5.39234 -6.57059 -2
      vertex 8.88151 -10.8221 -2
      vertex 6.01041 -6.01041 -2
    endloop
  endfacet
  facet normal 0 0 1
    outer loop
      vertex 8.88151 -10.8221 -2
      vertex 5.39234 -6.57059 -2
      vertex 7.77798 -11.6406 -2
    endloop
  endfacet
  facet normal -0 0 1
    outer loop
      vertex 4.72235 -7.06749 -2
      vertex 7.77798 -11.6406 -2
      vertex 5.39234 -6.57059 -2
    endloop
  endfacet
  facet normal 0 0 1
    outer loop
      vertex 7.77798 -11.6406 -2
      vertex 4.72235 -7.06749 -2
      vertex 6.59955 -12.3469 -2
    endloop
  endfacet
  facet normal -0 0 1
    outer loop
      vertex 4.00687 -7.49633 -2
      vertex 6.59955 -12.3469 -2
      vertex 4.72235 -7.06749 -2
    endloop
  endfacet
  facet normal 0 0 1
    outer loop
      vertex 6.59955 -12.3469 -2
      vertex 4.00687 -7.49633 -2
      vertex 5.35757 -12.9343 -2
    endloop
  endfacet
  facet normal -0 0 1
    outer loop
      vertex 3.25281 -7.85298 -2
      vertex 5.35757 -12.9343 -2
      vertex 4.00687 -7.49633 -2
    endloop
  endfacet
  facet normal 0 0 1
    outer loop
      vertex 5.35757 -12.9343 -2
      vertex 3.25281 -7.85298 -2
      vertex 4.06398 -13.3972 -2
    endloop
  endfacet
  facet normal -0 0 1
    outer loop
      vertex 2.46742 -8.13399 -2
      vertex 4.06398 -13.3972 -2
      vertex 3.25281 -7.85298 -2
    endloop
  endfacet
  facet normal 0 0 1
    outer loop
      vertex 4.06398 -13.3972 -2
      vertex 2.46742 -8.13399 -2
      vertex 2.73126 -13.731 -2
    endloop
  endfacet
  facet normal -0 0 1
    outer loop
      vertex 1.65827 -8.33667 -2
      vertex 2.73126 -13.731 -2
      vertex 2.46742 -8.13399 -2
    endloop
  endfacet
  facet normal 0 0 1
    outer loop
      vertex 1.65827 -8.33667 -2
      vertex 1.37224 -13.9326 -2
      vertex 2.73126 -13.731 -2
    endloop
  endfacet
  facet normal -0 0 1
    outer loop
      vertex 0.833145 -8.45907 -2
      vertex 1.37224 -13.9326 -2
      vertex 1.65827 -8.33667 -2
    endloop
  endfacet
  facet normal -0 0 1
    outer loop
      vertex 0 -8.5 -2
      vertex 1.37224 -13.9326 -2
      vertex 0.833145 -8.45907 -2
    endloop
  endfacet
  facet normal 0 0 1
    outer loop
      vertex 0 -8.5 -2
      vertex 0 -14 -2
      vertex 1.37224 -13.9326 -2
    endloop
  endfacet
  facet normal 0 0 1
    outer loop
      vertex -0.833145 -8.45907 -2
      vertex 0 -14 -2
      vertex 0 -8.5 -2
    endloop
  endfacet
  facet normal 0 0 1
    outer loop
      vertex -0.833145 -8.45907 -2
      vertex -1.37224 -13.9326 -2
      vertex 0 -14 -2
    endloop
  endfacet
  facet normal 0 0 1
    outer loop
      vertex -1.65827 -8.33667 -2
      vertex -1.37224 -13.9326 -2
      vertex -0.833145 -8.45907 -2
    endloop
  endfacet
  facet normal 0 0 1
    outer loop
      vertex -2.73126 -13.731 -2
      vertex -1.65827 -8.33667 -2
      vertex -2.46742 -8.13399 -2
    endloop
  endfacet
  facet normal 0 0 1
    outer loop
      vertex -1.65827 -8.33667 -2
      vertex -2.73126 -13.731 -2
      vertex -1.37224 -13.9326 -2
    endloop
  endfacet
  facet normal 0 0 1
    outer loop
      vertex -4.06398 -13.3972 -2
      vertex -2.46742 -8.13399 -2
      vertex -3.25281 -7.85298 -2
    endloop
  endfacet
  facet normal 0 0 1
    outer loop
      vertex -5.35757 -12.9343 -2
      vertex -3.25281 -7.85298 -2
      vertex -4.00687 -7.49633 -2
    endloop
  endfacet
  facet normal 0 0 1
    outer loop
      vertex -2.46742 -8.13399 -2
      vertex -4.06398 -13.3972 -2
      vertex -2.73126 -13.731 -2
    endloop
  endfacet
  facet normal 0 0 1
    outer loop
      vertex -6.59955 -12.3469 -2
      vertex -4.00687 -7.49633 -2
      vertex -4.72235 -7.06749 -2
    endloop
  endfacet
  facet normal 0 0 1
    outer loop
      vertex -3.25281 -7.85298 -2
      vertex -5.35757 -12.9343 -2
      vertex -4.06398 -13.3972 -2
    endloop
  endfacet
  facet normal 0 0 1
    outer loop
      vertex -7.77798 -11.6406 -2
      vertex -4.72235 -7.06749 -2
      vertex -5.39234 -6.57059 -2
    endloop
  endfacet
  facet normal 0 0 1
    outer loop
      vertex -8.88151 -10.8221 -2
      vertex -5.39234 -6.57059 -2
      vertex -6.01041 -6.01041 -2
    endloop
  endfacet
  facet normal 0 0 1
    outer loop
      vertex -9.89949 -9.89949 -2
      vertex -6.01041 -6.01041 -2
      vertex -6.57059 -5.39234 -2
    endloop
  endfacet
  facet normal 0 0 1
    outer loop
      vertex -4.00687 -7.49633 -2
      vertex -6.59955 -12.3469 -2
      vertex -5.35757 -12.9343 -2
    endloop
  endfacet
  facet normal 0 0 1
    outer loop
      vertex -10.8221 -8.88151 -2
      vertex -6.57059 -5.39234 -2
      vertex -7.06749 -4.72235 -2
    endloop
  endfacet
  facet normal 0 0 1
    outer loop
      vertex -11.6406 -7.77798 -2
      vertex -7.06749 -4.72235 -2
      vertex -7.49633 -4.00687 -2
    endloop
  endfacet
  facet normal 0 0 1
    outer loop
      vertex -4.72235 -7.06749 -2
      vertex -7.77798 -11.6406 -2
      vertex -6.59955 -12.3469 -2
    endloop
  endfacet
  facet normal 0 0 1
    outer loop
      vertex -12.3469 -6.59955 -2
      vertex -7.49633 -4.00687 -2
      vertex -7.85298 -3.25281 -2
    endloop
  endfacet
  facet normal 0 0 1
    outer loop
      vertex -12.9343 -5.35757 -2
      vertex -7.85298 -3.25281 -2
      vertex -8.13399 -2.46742 -2
    endloop
  endfacet
  facet normal 0 0 1
    outer loop
      vertex -13.3972 -4.06398 -2
      vertex -8.13399 -2.46742 -2
      vertex -8.33667 -1.65827 -2
    endloop
  endfacet
  facet normal 0 0 1
    outer loop
      vertex -13.731 -2.73126 -2
      vertex -8.33667 -1.65827 -2
      vertex -8.45907 -0.833145 -2
    endloop
  endfacet
  facet normal 0 0 1
    outer loop
      vertex -5.39234 -6.57059 -2
      vertex -8.88151 -10.8221 -2
      vertex -7.77798 -11.6406 -2
    endloop
  endfacet
  facet normal 0 0 1
    outer loop
      vertex -13.9326 -1.37224 -2
      vertex -8.45907 -0.833145 -2
      vertex -8.5 0 -2
    endloop
  endfacet
  facet normal -0 0 1
    outer loop
      vertex -12.9343 5.35757 -2
      vertex -7.85298 3.25281 -2
      vertex -12.3469 6.59955 -2
    endloop
  endfacet
  facet normal 0 0 1
    outer loop
      vertex -7.85298 3.25281 -2
      vertex -12.9343 5.35757 -2
      vertex -8.13399 2.46742 -2
    endloop
  endfacet
  facet normal 0 0 1
    outer loop
      vertex -6.01041 -6.01041 -2
      vertex -9.89949 -9.89949 -2
      vertex -8.88151 -10.8221 -2
    endloop
  endfacet
  facet normal -0 0 1
    outer loop
      vertex -13.3972 4.06398 -2
      vertex -8.13399 2.46742 -2
      vertex -12.9343 5.35757 -2
    endloop
  endfacet
  facet normal 0 0 1
    outer loop
      vertex -6.57059 -5.39234 -2
      vertex -10.8221 -8.88151 -2
      vertex -9.89949 -9.89949 -2
    endloop
  endfacet
  facet normal 0 0 1
    outer loop
      vertex -8.13399 2.46742 -2
      vertex -13.3972 4.06398 -2
      vertex -8.33667 1.65827 -2
    endloop
  endfacet
  facet normal 0 0 1
    outer loop
      vertex -7.06749 -4.72235 -2
      vertex -11.6406 -7.77798 -2
      vertex -10.8221 -8.88151 -2
    endloop
  endfacet
  facet normal -0 0 1
    outer loop
      vertex -13.731 2.73126 -2
      vertex -8.33667 1.65827 -2
      vertex -13.3972 4.06398 -2
    endloop
  endfacet
  facet normal 0 0 1
    outer loop
      vertex -7.49633 -4.00687 -2
      vertex -12.3469 -6.59955 -2
      vertex -11.6406 -7.77798 -2
    endloop
  endfacet
  facet normal 0 0 1
    outer loop
      vertex -8.33667 1.65827 -2
      vertex -13.731 2.73126 -2
      vertex -8.45907 0.833145 -2
    endloop
  endfacet
  facet normal 0 0 1
    outer loop
      vertex -7.85298 -3.25281 -2
      vertex -12.9343 -5.35757 -2
      vertex -12.3469 -6.59955 -2
    endloop
  endfacet
  facet normal -0 0 1
    outer loop
      vertex -13.9326 1.37224 -2
      vertex -8.45907 0.833145 -2
      vertex -13.731 2.73126 -2
    endloop
  endfacet
  facet normal 0 0 1
    outer loop
      vertex -8.13399 -2.46742 -2
      vertex -13.3972 -4.06398 -2
      vertex -12.9343 -5.35757 -2
    endloop
  endfacet
  facet normal 0 0 1
    outer loop
      vertex -8.45907 0.833145 -2
      vertex -13.9326 1.37224 -2
      vertex -8.5 0 -2
    endloop
  endfacet
  facet normal 0 0 1
    outer loop
      vertex -8.33667 -1.65827 -2
      vertex -13.731 -2.73126 -2
      vertex -13.3972 -4.06398 -2
    endloop
  endfacet
  facet normal 0 0 1
    outer loop
      vertex -14 0 -2
      vertex -8.5 0 -2
      vertex -13.9326 1.37224 -2
    endloop
  endfacet
  facet normal 0 0 1
    outer loop
      vertex -8.45907 -0.833145 -2
      vertex -13.9326 -1.37224 -2
      vertex -13.731 -2.73126 -2
    endloop
  endfacet
  facet normal 0 0 1
    outer loop
      vertex -8.5 0 -2
      vertex -14 0 -2
      vertex -13.9326 -1.37224 -2
    endloop
  endfacet
  facet normal -0.671555 -0.740955 0
    outer loop
      vertex -6.01041 -6.01041 7
      vertex -5.39234 -6.57059 9
      vertex -6.01041 -6.01041 9
    endloop
  endfacet
  facet normal -0.671555 -0.740955 -0
    outer loop
      vertex -5.39234 -6.57059 9
      vertex -6.01041 -6.01041 7
      vertex -5.39234 -6.57059 7
    endloop
  endfacet
  facet normal -0.671555 -0.740955 0
    outer loop
      vertex -6.01041 -6.01041 -2
      vertex -5.39234 -6.57059 0
      vertex -6.01041 -6.01041 0
    endloop
  endfacet
  facet normal -0.671555 -0.740955 -0
    outer loop
      vertex -5.39234 -6.57059 0
      vertex -6.01041 -6.01041 -2
      vertex -5.39234 -6.57059 -2
    endloop
  endfacet
  facet normal -0.941547 0.336882 0
    outer loop
      vertex -8.13399 2.46742 7
      vertex -7.85298 3.25281 9
      vertex -7.85298 3.25281 7
    endloop
  endfacet
  facet normal -0.941547 0.336882 0
    outer loop
      vertex -7.85298 3.25281 9
      vertex -8.13399 2.46742 7
      vertex -8.13399 2.46742 9
    endloop
  endfacet
  facet normal -0.941547 0.336882 0
    outer loop
      vertex -8.13399 2.46742 -2
      vertex -7.85298 3.25281 0
      vertex -7.85298 3.25281 -2
    endloop
  endfacet
  facet normal -0.941547 0.336882 0
    outer loop
      vertex -7.85298 3.25281 0
      vertex -8.13399 2.46742 -2
      vertex -8.13399 2.46742 0
    endloop
  endfacet
  facet normal 0.989176 0.146735 0
    outer loop
      vertex 8.45907 0.833145 9
      vertex 8.33667 1.65827 7
      vertex 8.33667 1.65827 9
    endloop
  endfacet
  facet normal 0.989176 0.146735 0
    outer loop
      vertex 8.33667 1.65827 7
      vertex 8.45907 0.833145 9
      vertex 8.45907 0.833145 7
    endloop
  endfacet
  facet normal 0.989176 0.146735 0
    outer loop
      vertex 8.45907 0.833145 0
      vertex 8.33667 1.65827 -2
      vertex 8.33667 1.65827 0
    endloop
  endfacet
  facet normal 0.989176 0.146735 0
    outer loop
      vertex 8.33667 1.65827 -2
      vertex 8.45907 0.833145 0
      vertex 8.45907 0.833145 -2
    endloop
  endfacet
  facet normal 0.998795 0.0490679 0
    outer loop
      vertex 8.5 0 9
      vertex 8.45907 0.833145 7
      vertex 8.45907 0.833145 9
    endloop
  endfacet
  facet normal 0.998795 0.0490679 0
    outer loop
      vertex 8.45907 0.833145 7
      vertex 8.5 0 9
      vertex 8.5 0 7
    endloop
  endfacet
  facet normal 0.998795 0.0490679 0
    outer loop
      vertex 8.5 0 0
      vertex 8.45907 0.833145 -2
      vertex 8.45907 0.833145 0
    endloop
  endfacet
  facet normal 0.998795 0.0490679 0
    outer loop
      vertex 8.45907 0.833145 -2
      vertex 8.5 0 0
      vertex 8.5 0 -2
    endloop
  endfacet
  facet normal -0.514101 -0.85773 0
    outer loop
      vertex -4.72235 -7.06749 7
      vertex -4.00687 -7.49633 9
      vertex -4.72235 -7.06749 9
    endloop
  endfacet
  facet normal -0.514101 -0.85773 -0
    outer loop
      vertex -4.00687 -7.49633 9
      vertex -4.72235 -7.06749 7
      vertex -4.00687 -7.49633 7
    endloop
  endfacet
  facet normal -0.514101 -0.85773 0
    outer loop
      vertex -4.72235 -7.06749 -2
      vertex -4.00687 -7.49633 0
      vertex -4.72235 -7.06749 0
    endloop
  endfacet
  facet normal -0.514101 -0.85773 -0
    outer loop
      vertex -4.00687 -7.49633 0
      vertex -4.72235 -7.06749 -2
      vertex -4.00687 -7.49633 -2
    endloop
  endfacet
  facet normal 0.671555 0.740955 -0
    outer loop
      vertex 6.01041 6.01041 7
      vertex 5.39234 6.57059 9
      vertex 6.01041 6.01041 9
    endloop
  endfacet
  facet normal 0.671555 0.740955 0
    outer loop
      vertex 5.39234 6.57059 9
      vertex 6.01041 6.01041 7
      vertex 5.39234 6.57059 7
    endloop
  endfacet
  facet normal 0.671555 0.740955 -0
    outer loop
      vertex 6.01041 6.01041 -2
      vertex 5.39234 6.57059 0
      vertex 6.01041 6.01041 0
    endloop
  endfacet
  facet normal 0.671555 0.740955 0
    outer loop
      vertex 5.39234 6.57059 0
      vertex 6.01041 6.01041 -2
      vertex 5.39234 6.57059 -2
    endloop
  endfacet
  facet normal -0.146735 -0.989176 0
    outer loop
      vertex -1.65827 -8.33667 7
      vertex -0.833145 -8.45907 9
      vertex -1.65827 -8.33667 9
    endloop
  endfacet
  facet normal -0.146735 -0.989176 -0
    outer loop
      vertex -0.833145 -8.45907 9
      vertex -1.65827 -8.33667 7
      vertex -0.833145 -8.45907 7
    endloop
  endfacet
  facet normal -0.146735 -0.989176 0
    outer loop
      vertex -1.65827 -8.33667 -2
      vertex -0.833145 -8.45907 0
      vertex -1.65827 -8.33667 0
    endloop
  endfacet
  facet normal -0.146735 -0.989176 -0
    outer loop
      vertex -0.833145 -8.45907 0
      vertex -1.65827 -8.33667 -2
      vertex -0.833145 -8.45907 -2
    endloop
  endfacet
  facet normal 0.740955 0.671555 0
    outer loop
      vertex 6.57059 5.39234 9
      vertex 6.01041 6.01041 7
      vertex 6.01041 6.01041 9
    endloop
  endfacet
  facet normal 0.740955 0.671555 0
    outer loop
      vertex 6.01041 6.01041 7
      vertex 6.57059 5.39234 9
      vertex 6.57059 5.39234 7
    endloop
  endfacet
  facet normal 0.740955 0.671555 0
    outer loop
      vertex 6.57059 5.39234 0
      vertex 6.01041 6.01041 -2
      vertex 6.01041 6.01041 0
    endloop
  endfacet
  facet normal 0.740955 0.671555 0
    outer loop
      vertex 6.01041 6.01041 -2
      vertex 6.57059 5.39234 0
      vertex 6.57059 5.39234 -2
    endloop
  endfacet
  facet normal 0.427561 0.903986 -0
    outer loop
      vertex 4.00687 7.49633 7
      vertex 3.25281 7.85298 9
      vertex 4.00687 7.49633 9
    endloop
  endfacet
  facet normal 0.427561 0.903986 0
    outer loop
      vertex 3.25281 7.85298 9
      vertex 4.00687 7.49633 7
      vertex 3.25281 7.85298 7
    endloop
  endfacet
  facet normal 0.427561 0.903986 -0
    outer loop
      vertex 4.00687 7.49633 -2
      vertex 3.25281 7.85298 0
      vertex 4.00687 7.49633 0
    endloop
  endfacet
  facet normal 0.427561 0.903986 0
    outer loop
      vertex 3.25281 7.85298 0
      vertex 4.00687 7.49633 -2
      vertex 3.25281 7.85298 -2
    endloop
  endfacet
  facet normal 0.0490679 -0.998795 0
    outer loop
      vertex 0 -8.5 7
      vertex 0.833145 -8.45907 9
      vertex 0 -8.5 9
    endloop
  endfacet
  facet normal 0.0490679 -0.998795 0
    outer loop
      vertex 0.833145 -8.45907 9
      vertex 0 -8.5 7
      vertex 0.833145 -8.45907 7
    endloop
  endfacet
  facet normal 0.0490679 -0.998795 0
    outer loop
      vertex 0 -8.5 -2
      vertex 0.833145 -8.45907 0
      vertex 0 -8.5 0
    endloop
  endfacet
  facet normal 0.0490679 -0.998795 0
    outer loop
      vertex 0.833145 -8.45907 0
      vertex 0 -8.5 -2
      vertex 0.833145 -8.45907 -2
    endloop
  endfacet
  facet normal -0.740955 0.671555 0
    outer loop
      vertex -6.57059 5.39234 7
      vertex -6.01041 6.01041 9
      vertex -6.01041 6.01041 7
    endloop
  endfacet
  facet normal -0.740955 0.671555 0
    outer loop
      vertex -6.01041 6.01041 9
      vertex -6.57059 5.39234 7
      vertex -6.57059 5.39234 9
    endloop
  endfacet
  facet normal -0.740955 0.671555 0
    outer loop
      vertex -6.57059 5.39234 -2
      vertex -6.01041 6.01041 0
      vertex -6.01041 6.01041 -2
    endloop
  endfacet
  facet normal -0.740955 0.671555 0
    outer loop
      vertex -6.01041 6.01041 0
      vertex -6.57059 5.39234 -2
      vertex -6.57059 5.39234 0
    endloop
  endfacet
  facet normal 0.989176 -0.146735 0
    outer loop
      vertex 8.33667 -1.65827 9
      vertex 8.45907 -0.833145 7
      vertex 8.45907 -0.833145 9
    endloop
  endfacet
  facet normal 0.989176 -0.146735 0
    outer loop
      vertex 8.45907 -0.833145 7
      vertex 8.33667 -1.65827 9
      vertex 8.33667 -1.65827 7
    endloop
  endfacet
  facet normal 0.989176 -0.146735 0
    outer loop
      vertex 8.33667 -1.65827 0
      vertex 8.45907 -0.833145 -2
      vertex 8.45907 -0.833145 0
    endloop
  endfacet
  facet normal 0.989176 -0.146735 0
    outer loop
      vertex 8.45907 -0.833145 -2
      vertex 8.33667 -1.65827 0
      vertex 8.33667 -1.65827 -2
    endloop
  endfacet
  facet normal 0.903986 0.427561 0
    outer loop
      vertex 7.85298 3.25281 9
      vertex 7.49633 4.00687 7
      vertex 7.49633 4.00687 9
    endloop
  endfacet
  facet normal 0.903986 0.427561 0
    outer loop
      vertex 7.49633 4.00687 7
      vertex 7.85298 3.25281 9
      vertex 7.85298 3.25281 7
    endloop
  endfacet
  facet normal 0.903986 0.427561 0
    outer loop
      vertex 7.85298 3.25281 0
      vertex 7.49633 4.00687 -2
      vertex 7.49633 4.00687 0
    endloop
  endfacet
  facet normal 0.903986 0.427561 0
    outer loop
      vertex 7.49633 4.00687 -2
      vertex 7.85298 3.25281 0
      vertex 7.85298 3.25281 -2
    endloop
  endfacet
  facet normal -0.242978 0.970032 0
    outer loop
      vertex -1.65827 8.33667 7
      vertex -2.46742 8.13399 9
      vertex -1.65827 8.33667 9
    endloop
  endfacet
  facet normal -0.242978 0.970032 0
    outer loop
      vertex -2.46742 8.13399 9
      vertex -1.65827 8.33667 7
      vertex -2.46742 8.13399 7
    endloop
  endfacet
  facet normal -0.242978 0.970032 0
    outer loop
      vertex -1.65827 8.33667 -2
      vertex -2.46742 8.13399 0
      vertex -1.65827 8.33667 0
    endloop
  endfacet
  facet normal -0.242978 0.970032 0
    outer loop
      vertex -2.46742 8.13399 0
      vertex -1.65827 8.33667 -2
      vertex -2.46742 8.13399 -2
    endloop
  endfacet
  facet normal -0.803207 0.595701 0
    outer loop
      vertex -7.06749 4.72235 7
      vertex -6.57059 5.39234 9
      vertex -6.57059 5.39234 7
    endloop
  endfacet
  facet normal -0.803207 0.595701 0
    outer loop
      vertex -6.57059 5.39234 9
      vertex -7.06749 4.72235 7
      vertex -7.06749 4.72235 9
    endloop
  endfacet
  facet normal -0.803207 0.595701 0
    outer loop
      vertex -7.06749 4.72235 -2
      vertex -6.57059 5.39234 0
      vertex -6.57059 5.39234 -2
    endloop
  endfacet
  facet normal -0.803207 0.595701 0
    outer loop
      vertex -6.57059 5.39234 0
      vertex -7.06749 4.72235 -2
      vertex -7.06749 4.72235 0
    endloop
  endfacet
  facet normal 0.242978 0.970032 -0
    outer loop
      vertex 2.46742 8.13399 7
      vertex 1.65827 8.33667 9
      vertex 2.46742 8.13399 9
    endloop
  endfacet
  facet normal 0.242978 0.970032 0
    outer loop
      vertex 1.65827 8.33667 9
      vertex 2.46742 8.13399 7
      vertex 1.65827 8.33667 7
    endloop
  endfacet
  facet normal 0.242978 0.970032 -0
    outer loop
      vertex 2.46742 8.13399 -2
      vertex 1.65827 8.33667 0
      vertex 2.46742 8.13399 0
    endloop
  endfacet
  facet normal 0.242978 0.970032 0
    outer loop
      vertex 1.65827 8.33667 0
      vertex 2.46742 8.13399 -2
      vertex 1.65827 8.33667 -2
    endloop
  endfacet
  facet normal 0.336882 0.941547 -0
    outer loop
      vertex 3.25281 7.85298 7
      vertex 2.46742 8.13399 9
      vertex 3.25281 7.85298 9
    endloop
  endfacet
  facet normal 0.336882 0.941547 0
    outer loop
      vertex 2.46742 8.13399 9
      vertex 3.25281 7.85298 7
      vertex 2.46742 8.13399 7
    endloop
  endfacet
  facet normal 0.336882 0.941547 -0
    outer loop
      vertex 3.25281 7.85298 -2
      vertex 2.46742 8.13399 0
      vertex 3.25281 7.85298 0
    endloop
  endfacet
  facet normal 0.336882 0.941547 0
    outer loop
      vertex 2.46742 8.13399 0
      vertex 3.25281 7.85298 -2
      vertex 2.46742 8.13399 -2
    endloop
  endfacet
  facet normal 0.941547 0.336882 0
    outer loop
      vertex 8.13399 2.46742 9
      vertex 7.85298 3.25281 7
      vertex 7.85298 3.25281 9
    endloop
  endfacet
  facet normal 0.941547 0.336882 0
    outer loop
      vertex 7.85298 3.25281 7
      vertex 8.13399 2.46742 9
      vertex 8.13399 2.46742 7
    endloop
  endfacet
  facet normal 0.941547 0.336882 0
    outer loop
      vertex 8.13399 2.46742 0
      vertex 7.85298 3.25281 -2
      vertex 7.85298 3.25281 0
    endloop
  endfacet
  facet normal 0.941547 0.336882 0
    outer loop
      vertex 7.85298 3.25281 -2
      vertex 8.13399 2.46742 0
      vertex 8.13399 2.46742 -2
    endloop
  endfacet
  facet normal 0.595701 0.803207 -0
    outer loop
      vertex 5.39234 6.57059 7
      vertex 4.72235 7.06749 9
      vertex 5.39234 6.57059 9
    endloop
  endfacet
  facet normal 0.595701 0.803207 0
    outer loop
      vertex 4.72235 7.06749 9
      vertex 5.39234 6.57059 7
      vertex 4.72235 7.06749 7
    endloop
  endfacet
  facet normal 0.595701 0.803207 -0
    outer loop
      vertex 5.39234 6.57059 -2
      vertex 4.72235 7.06749 0
      vertex 5.39234 6.57059 0
    endloop
  endfacet
  facet normal 0.595701 0.803207 0
    outer loop
      vertex 4.72235 7.06749 0
      vertex 5.39234 6.57059 -2
      vertex 4.72235 7.06749 -2
    endloop
  endfacet
  facet normal -0.85773 -0.514101 0
    outer loop
      vertex -7.06749 -4.72235 7
      vertex -7.49633 -4.00687 9
      vertex -7.49633 -4.00687 7
    endloop
  endfacet
  facet normal -0.85773 -0.514101 0
    outer loop
      vertex -7.49633 -4.00687 9
      vertex -7.06749 -4.72235 7
      vertex -7.06749 -4.72235 9
    endloop
  endfacet
  facet normal -0.85773 -0.514101 0
    outer loop
      vertex -7.06749 -4.72235 -2
      vertex -7.49633 -4.00687 0
      vertex -7.49633 -4.00687 -2
    endloop
  endfacet
  facet normal -0.85773 -0.514101 0
    outer loop
      vertex -7.49633 -4.00687 0
      vertex -7.06749 -4.72235 -2
      vertex -7.06749 -4.72235 0
    endloop
  endfacet
  facet normal 0.514101 0.85773 -0
    outer loop
      vertex 4.72235 7.06749 7
      vertex 4.00687 7.49633 9
      vertex 4.72235 7.06749 9
    endloop
  endfacet
  facet normal 0.514101 0.85773 0
    outer loop
      vertex 4.00687 7.49633 9
      vertex 4.72235 7.06749 7
      vertex 4.00687 7.49633 7
    endloop
  endfacet
  facet normal 0.514101 0.85773 -0
    outer loop
      vertex 4.72235 7.06749 -2
      vertex 4.00687 7.49633 0
      vertex 4.72235 7.06749 0
    endloop
  endfacet
  facet normal 0.514101 0.85773 0
    outer loop
      vertex 4.00687 7.49633 0
      vertex 4.72235 7.06749 -2
      vertex 4.00687 7.49633 -2
    endloop
  endfacet
  facet normal 0.941547 -0.336882 0
    outer loop
      vertex 7.85298 -3.25281 9
      vertex 8.13399 -2.46742 7
      vertex 8.13399 -2.46742 9
    endloop
  endfacet
  facet normal 0.941547 -0.336882 0
    outer loop
      vertex 8.13399 -2.46742 7
      vertex 7.85298 -3.25281 9
      vertex 7.85298 -3.25281 7
    endloop
  endfacet
  facet normal 0.941547 -0.336882 0
    outer loop
      vertex 7.85298 -3.25281 0
      vertex 8.13399 -2.46742 -2
      vertex 8.13399 -2.46742 0
    endloop
  endfacet
  facet normal 0.941547 -0.336882 0
    outer loop
      vertex 8.13399 -2.46742 -2
      vertex 7.85298 -3.25281 0
      vertex 7.85298 -3.25281 -2
    endloop
  endfacet
  facet normal -0.85773 0.514101 0
    outer loop
      vertex -7.49633 4.00687 7
      vertex -7.06749 4.72235 9
      vertex -7.06749 4.72235 7
    endloop
  endfacet
  facet normal -0.85773 0.514101 0
    outer loop
      vertex -7.06749 4.72235 9
      vertex -7.49633 4.00687 7
      vertex -7.49633 4.00687 9
    endloop
  endfacet
  facet normal -0.85773 0.514101 0
    outer loop
      vertex -7.49633 4.00687 -2
      vertex -7.06749 4.72235 0
      vertex -7.06749 4.72235 -2
    endloop
  endfacet
  facet normal -0.85773 0.514101 0
    outer loop
      vertex -7.06749 4.72235 0
      vertex -7.49633 4.00687 -2
      vertex -7.49633 4.00687 0
    endloop
  endfacet
  facet normal -0.970032 -0.242978 0
    outer loop
      vertex -8.13399 -2.46742 7
      vertex -8.33667 -1.65827 9
      vertex -8.33667 -1.65827 7
    endloop
  endfacet
  facet normal -0.970032 -0.242978 0
    outer loop
      vertex -8.33667 -1.65827 9
      vertex -8.13399 -2.46742 7
      vertex -8.13399 -2.46742 9
    endloop
  endfacet
  facet normal -0.970032 -0.242978 0
    outer loop
      vertex -8.13399 -2.46742 -2
      vertex -8.33667 -1.65827 0
      vertex -8.33667 -1.65827 -2
    endloop
  endfacet
  facet normal -0.970032 -0.242978 0
    outer loop
      vertex -8.33667 -1.65827 0
      vertex -8.13399 -2.46742 -2
      vertex -8.13399 -2.46742 0
    endloop
  endfacet
  facet normal 0.0490679 0.998795 -0
    outer loop
      vertex 0.833145 8.45907 7
      vertex 0 8.5 9
      vertex 0.833145 8.45907 9
    endloop
  endfacet
  facet normal 0.0490679 0.998795 0
    outer loop
      vertex 0 8.5 9
      vertex 0.833145 8.45907 7
      vertex 0 8.5 7
    endloop
  endfacet
  facet normal 0.0490679 0.998795 -0
    outer loop
      vertex 0.833145 8.45907 -2
      vertex 0 8.5 0
      vertex 0.833145 8.45907 0
    endloop
  endfacet
  facet normal 0.0490679 0.998795 0
    outer loop
      vertex 0 8.5 0
      vertex 0.833145 8.45907 -2
      vertex 0 8.5 -2
    endloop
  endfacet
  facet normal 0.85773 0.514101 0
    outer loop
      vertex 7.49633 4.00687 9
      vertex 7.06749 4.72235 7
      vertex 7.06749 4.72235 9
    endloop
  endfacet
  facet normal 0.85773 0.514101 0
    outer loop
      vertex 7.06749 4.72235 7
      vertex 7.49633 4.00687 9
      vertex 7.49633 4.00687 7
    endloop
  endfacet
  facet normal 0.85773 0.514101 0
    outer loop
      vertex 7.49633 4.00687 0
      vertex 7.06749 4.72235 -2
      vertex 7.06749 4.72235 0
    endloop
  endfacet
  facet normal 0.85773 0.514101 0
    outer loop
      vertex 7.06749 4.72235 -2
      vertex 7.49633 4.00687 0
      vertex 7.49633 4.00687 -2
    endloop
  endfacet
  facet normal -0.941547 -0.336882 0
    outer loop
      vertex -7.85298 -3.25281 7
      vertex -8.13399 -2.46742 9
      vertex -8.13399 -2.46742 7
    endloop
  endfacet
  facet normal -0.941547 -0.336882 0
    outer loop
      vertex -8.13399 -2.46742 9
      vertex -7.85298 -3.25281 7
      vertex -7.85298 -3.25281 9
    endloop
  endfacet
  facet normal -0.941547 -0.336882 0
    outer loop
      vertex -7.85298 -3.25281 -2
      vertex -8.13399 -2.46742 0
      vertex -8.13399 -2.46742 -2
    endloop
  endfacet
  facet normal -0.941547 -0.336882 0
    outer loop
      vertex -8.13399 -2.46742 0
      vertex -7.85298 -3.25281 -2
      vertex -7.85298 -3.25281 0
    endloop
  endfacet
  facet normal -0.671555 0.740955 0
    outer loop
      vertex -5.39234 6.57059 7
      vertex -6.01041 6.01041 9
      vertex -5.39234 6.57059 9
    endloop
  endfacet
  facet normal -0.671555 0.740955 0
    outer loop
      vertex -6.01041 6.01041 9
      vertex -5.39234 6.57059 7
      vertex -6.01041 6.01041 7
    endloop
  endfacet
  facet normal -0.671555 0.740955 0
    outer loop
      vertex -5.39234 6.57059 -2
      vertex -6.01041 6.01041 0
      vertex -5.39234 6.57059 0
    endloop
  endfacet
  facet normal -0.671555 0.740955 0
    outer loop
      vertex -6.01041 6.01041 0
      vertex -5.39234 6.57059 -2
      vertex -6.01041 6.01041 -2
    endloop
  endfacet
  facet normal 0.970032 -0.242978 0
    outer loop
      vertex 8.13399 -2.46742 9
      vertex 8.33667 -1.65827 7
      vertex 8.33667 -1.65827 9
    endloop
  endfacet
  facet normal 0.970032 -0.242978 0
    outer loop
      vertex 8.33667 -1.65827 7
      vertex 8.13399 -2.46742 9
      vertex 8.13399 -2.46742 7
    endloop
  endfacet
  facet normal 0.970032 -0.242978 0
    outer loop
      vertex 8.13399 -2.46742 0
      vertex 8.33667 -1.65827 -2
      vertex 8.33667 -1.65827 0
    endloop
  endfacet
  facet normal 0.970032 -0.242978 0
    outer loop
      vertex 8.33667 -1.65827 -2
      vertex 8.13399 -2.46742 0
      vertex 8.13399 -2.46742 -2
    endloop
  endfacet
  facet normal -0.514101 0.85773 0
    outer loop
      vertex -4.00687 7.49633 7
      vertex -4.72235 7.06749 9
      vertex -4.00687 7.49633 9
    endloop
  endfacet
  facet normal -0.514101 0.85773 0
    outer loop
      vertex -4.72235 7.06749 9
      vertex -4.00687 7.49633 7
      vertex -4.72235 7.06749 7
    endloop
  endfacet
  facet normal -0.514101 0.85773 0
    outer loop
      vertex -4.00687 7.49633 -2
      vertex -4.72235 7.06749 0
      vertex -4.00687 7.49633 0
    endloop
  endfacet
  facet normal -0.514101 0.85773 0
    outer loop
      vertex -4.72235 7.06749 0
      vertex -4.00687 7.49633 -2
      vertex -4.72235 7.06749 -2
    endloop
  endfacet
  facet normal -0.998795 -0.0490679 0
    outer loop
      vertex -8.45907 -0.833145 7
      vertex -8.5 0 9
      vertex -8.5 0 7
    endloop
  endfacet
  facet normal -0.998795 -0.0490679 0
    outer loop
      vertex -8.5 0 9
      vertex -8.45907 -0.833145 7
      vertex -8.45907 -0.833145 9
    endloop
  endfacet
  facet normal -0.998795 -0.0490679 0
    outer loop
      vertex -8.45907 -0.833145 -2
      vertex -8.5 0 0
      vertex -8.5 0 -2
    endloop
  endfacet
  facet normal -0.998795 -0.0490679 0
    outer loop
      vertex -8.5 0 0
      vertex -8.45907 -0.833145 -2
      vertex -8.45907 -0.833145 0
    endloop
  endfacet
  facet normal -0.970032 0.242978 0
    outer loop
      vertex -8.33667 1.65827 7
      vertex -8.13399 2.46742 9
      vertex -8.13399 2.46742 7
    endloop
  endfacet
  facet normal -0.970032 0.242978 0
    outer loop
      vertex -8.13399 2.46742 9
      vertex -8.33667 1.65827 7
      vertex -8.33667 1.65827 9
    endloop
  endfacet
  facet normal -0.970032 0.242978 0
    outer loop
      vertex -8.33667 1.65827 -2
      vertex -8.13399 2.46742 0
      vertex -8.13399 2.46742 -2
    endloop
  endfacet
  facet normal -0.970032 0.242978 0
    outer loop
      vertex -8.13399 2.46742 0
      vertex -8.33667 1.65827 -2
      vertex -8.33667 1.65827 0
    endloop
  endfacet
  facet normal 0.427561 -0.903986 0
    outer loop
      vertex 3.25281 -7.85298 7
      vertex 4.00687 -7.49633 9
      vertex 3.25281 -7.85298 9
    endloop
  endfacet
  facet normal 0.427561 -0.903986 0
    outer loop
      vertex 4.00687 -7.49633 9
      vertex 3.25281 -7.85298 7
      vertex 4.00687 -7.49633 7
    endloop
  endfacet
  facet normal 0.427561 -0.903986 0
    outer loop
      vertex 3.25281 -7.85298 -2
      vertex 4.00687 -7.49633 0
      vertex 3.25281 -7.85298 0
    endloop
  endfacet
  facet normal 0.427561 -0.903986 0
    outer loop
      vertex 4.00687 -7.49633 0
      vertex 3.25281 -7.85298 -2
      vertex 4.00687 -7.49633 -2
    endloop
  endfacet
  facet normal -0.336882 -0.941547 0
    outer loop
      vertex -3.25281 -7.85298 7
      vertex -2.46742 -8.13399 9
      vertex -3.25281 -7.85298 9
    endloop
  endfacet
  facet normal -0.336882 -0.941547 -0
    outer loop
      vertex -2.46742 -8.13399 9
      vertex -3.25281 -7.85298 7
      vertex -2.46742 -8.13399 7
    endloop
  endfacet
  facet normal -0.336882 -0.941547 0
    outer loop
      vertex -3.25281 -7.85298 -2
      vertex -2.46742 -8.13399 0
      vertex -3.25281 -7.85298 0
    endloop
  endfacet
  facet normal -0.336882 -0.941547 -0
    outer loop
      vertex -2.46742 -8.13399 0
      vertex -3.25281 -7.85298 -2
      vertex -2.46742 -8.13399 -2
    endloop
  endfacet
  facet normal -0.336882 0.941547 0
    outer loop
      vertex -2.46742 8.13399 7
      vertex -3.25281 7.85298 9
      vertex -2.46742 8.13399 9
    endloop
  endfacet
  facet normal -0.336882 0.941547 0
    outer loop
      vertex -3.25281 7.85298 9
      vertex -2.46742 8.13399 7
      vertex -3.25281 7.85298 7
    endloop
  endfacet
  facet normal -0.336882 0.941547 0
    outer loop
      vertex -2.46742 8.13399 -2
      vertex -3.25281 7.85298 0
      vertex -2.46742 8.13399 0
    endloop
  endfacet
  facet normal -0.336882 0.941547 0
    outer loop
      vertex -3.25281 7.85298 0
      vertex -2.46742 8.13399 -2
      vertex -3.25281 7.85298 -2
    endloop
  endfacet
  facet normal 0.514101 -0.85773 0
    outer loop
      vertex 4.00687 -7.49633 7
      vertex 4.72235 -7.06749 9
      vertex 4.00687 -7.49633 9
    endloop
  endfacet
  facet normal 0.514101 -0.85773 0
    outer loop
      vertex 4.72235 -7.06749 9
      vertex 4.00687 -7.49633 7
      vertex 4.72235 -7.06749 7
    endloop
  endfacet
  facet normal 0.514101 -0.85773 0
    outer loop
      vertex 4.00687 -7.49633 -2
      vertex 4.72235 -7.06749 0
      vertex 4.00687 -7.49633 0
    endloop
  endfacet
  facet normal 0.514101 -0.85773 0
    outer loop
      vertex 4.72235 -7.06749 0
      vertex 4.00687 -7.49633 -2
      vertex 4.72235 -7.06749 -2
    endloop
  endfacet
  facet normal 0.146735 -0.989176 0
    outer loop
      vertex 0.833145 -8.45907 7
      vertex 1.65827 -8.33667 9
      vertex 0.833145 -8.45907 9
    endloop
  endfacet
  facet normal 0.146735 -0.989176 0
    outer loop
      vertex 1.65827 -8.33667 9
      vertex 0.833145 -8.45907 7
      vertex 1.65827 -8.33667 7
    endloop
  endfacet
  facet normal 0.146735 -0.989176 0
    outer loop
      vertex 0.833145 -8.45907 -2
      vertex 1.65827 -8.33667 0
      vertex 0.833145 -8.45907 0
    endloop
  endfacet
  facet normal 0.146735 -0.989176 0
    outer loop
      vertex 1.65827 -8.33667 0
      vertex 0.833145 -8.45907 -2
      vertex 1.65827 -8.33667 -2
    endloop
  endfacet
  facet normal 0.740955 -0.671555 0
    outer loop
      vertex 6.01041 -6.01041 9
      vertex 6.57059 -5.39234 7
      vertex 6.57059 -5.39234 9
    endloop
  endfacet
  facet normal 0.740955 -0.671555 0
    outer loop
      vertex 6.57059 -5.39234 7
      vertex 6.01041 -6.01041 9
      vertex 6.01041 -6.01041 7
    endloop
  endfacet
  facet normal 0.740955 -0.671555 0
    outer loop
      vertex 6.01041 -6.01041 0
      vertex 6.57059 -5.39234 -2
      vertex 6.57059 -5.39234 0
    endloop
  endfacet
  facet normal 0.740955 -0.671555 0
    outer loop
      vertex 6.57059 -5.39234 -2
      vertex 6.01041 -6.01041 0
      vertex 6.01041 -6.01041 -2
    endloop
  endfacet
  facet normal 0.803207 -0.595701 0
    outer loop
      vertex 6.57059 -5.39234 9
      vertex 7.06749 -4.72235 7
      vertex 7.06749 -4.72235 9
    endloop
  endfacet
  facet normal 0.803207 -0.595701 0
    outer loop
      vertex 7.06749 -4.72235 7
      vertex 6.57059 -5.39234 9
      vertex 6.57059 -5.39234 7
    endloop
  endfacet
  facet normal 0.803207 -0.595701 0
    outer loop
      vertex 6.57059 -5.39234 0
      vertex 7.06749 -4.72235 -2
      vertex 7.06749 -4.72235 0
    endloop
  endfacet
  facet normal 0.803207 -0.595701 0
    outer loop
      vertex 7.06749 -4.72235 -2
      vertex 6.57059 -5.39234 0
      vertex 6.57059 -5.39234 -2
    endloop
  endfacet
  facet normal -0.0490679 0.998795 0
    outer loop
      vertex 0 8.5 7
      vertex -0.833145 8.45907 9
      vertex 0 8.5 9
    endloop
  endfacet
  facet normal -0.0490679 0.998795 0
    outer loop
      vertex -0.833145 8.45907 9
      vertex 0 8.5 7
      vertex -0.833145 8.45907 7
    endloop
  endfacet
  facet normal -0.0490679 0.998795 0
    outer loop
      vertex 0 8.5 -2
      vertex -0.833145 8.45907 0
      vertex 0 8.5 0
    endloop
  endfacet
  facet normal -0.0490679 0.998795 0
    outer loop
      vertex -0.833145 8.45907 0
      vertex 0 8.5 -2
      vertex -0.833145 8.45907 -2
    endloop
  endfacet
  facet normal -0.427561 0.903986 0
    outer loop
      vertex -3.25281 7.85298 7
      vertex -4.00687 7.49633 9
      vertex -3.25281 7.85298 9
    endloop
  endfacet
  facet normal -0.427561 0.903986 0
    outer loop
      vertex -4.00687 7.49633 9
      vertex -3.25281 7.85298 7
      vertex -4.00687 7.49633 7
    endloop
  endfacet
  facet normal -0.427561 0.903986 0
    outer loop
      vertex -3.25281 7.85298 -2
      vertex -4.00687 7.49633 0
      vertex -3.25281 7.85298 0
    endloop
  endfacet
  facet normal -0.427561 0.903986 0
    outer loop
      vertex -4.00687 7.49633 0
      vertex -3.25281 7.85298 -2
      vertex -4.00687 7.49633 -2
    endloop
  endfacet
  facet normal -0.595701 0.803207 0
    outer loop
      vertex -4.72235 7.06749 7
      vertex -5.39234 6.57059 9
      vertex -4.72235 7.06749 9
    endloop
  endfacet
  facet normal -0.595701 0.803207 0
    outer loop
      vertex -5.39234 6.57059 9
      vertex -4.72235 7.06749 7
      vertex -5.39234 6.57059 7
    endloop
  endfacet
  facet normal -0.595701 0.803207 0
    outer loop
      vertex -4.72235 7.06749 -2
      vertex -5.39234 6.57059 0
      vertex -4.72235 7.06749 0
    endloop
  endfacet
  facet normal -0.595701 0.803207 0
    outer loop
      vertex -5.39234 6.57059 0
      vertex -4.72235 7.06749 -2
      vertex -5.39234 6.57059 -2
    endloop
  endfacet
  facet normal -0.989176 0.146735 0
    outer loop
      vertex -8.45907 0.833145 7
      vertex -8.33667 1.65827 9
      vertex -8.33667 1.65827 7
    endloop
  endfacet
  facet normal -0.989176 0.146735 0
    outer loop
      vertex -8.33667 1.65827 9
      vertex -8.45907 0.833145 7
      vertex -8.45907 0.833145 9
    endloop
  endfacet
  facet normal -0.989176 0.146735 0
    outer loop
      vertex -8.45907 0.833145 -2
      vertex -8.33667 1.65827 0
      vertex -8.33667 1.65827 -2
    endloop
  endfacet
  facet normal -0.989176 0.146735 0
    outer loop
      vertex -8.33667 1.65827 0
      vertex -8.45907 0.833145 -2
      vertex -8.45907 0.833145 0
    endloop
  endfacet
  facet normal -0.242978 -0.970032 0
    outer loop
      vertex -2.46742 -8.13399 7
      vertex -1.65827 -8.33667 9
      vertex -2.46742 -8.13399 9
    endloop
  endfacet
  facet normal -0.242978 -0.970032 -0
    outer loop
      vertex -1.65827 -8.33667 9
      vertex -2.46742 -8.13399 7
      vertex -1.65827 -8.33667 7
    endloop
  endfacet
  facet normal -0.242978 -0.970032 0
    outer loop
      vertex -2.46742 -8.13399 -2
      vertex -1.65827 -8.33667 0
      vertex -2.46742 -8.13399 0
    endloop
  endfacet
  facet normal -0.242978 -0.970032 -0
    outer loop
      vertex -1.65827 -8.33667 0
      vertex -2.46742 -8.13399 -2
      vertex -1.65827 -8.33667 -2
    endloop
  endfacet
  facet normal 0.970032 0.242978 0
    outer loop
      vertex 8.33667 1.65827 9
      vertex 8.13399 2.46742 7
      vertex 8.13399 2.46742 9
    endloop
  endfacet
  facet normal 0.970032 0.242978 0
    outer loop
      vertex 8.13399 2.46742 7
      vertex 8.33667 1.65827 9
      vertex 8.33667 1.65827 7
    endloop
  endfacet
  facet normal 0.970032 0.242978 0
    outer loop
      vertex 8.33667 1.65827 0
      vertex 8.13399 2.46742 -2
      vertex 8.13399 2.46742 0
    endloop
  endfacet
  facet normal 0.970032 0.242978 0
    outer loop
      vertex 8.13399 2.46742 -2
      vertex 8.33667 1.65827 0
      vertex 8.33667 1.65827 -2
    endloop
  endfacet
  facet normal 0.803207 0.595701 0
    outer loop
      vertex 7.06749 4.72235 9
      vertex 6.57059 5.39234 7
      vertex 6.57059 5.39234 9
    endloop
  endfacet
  facet normal 0.803207 0.595701 0
    outer loop
      vertex 6.57059 5.39234 7
      vertex 7.06749 4.72235 9
      vertex 7.06749 4.72235 7
    endloop
  endfacet
  facet normal 0.803207 0.595701 0
    outer loop
      vertex 7.06749 4.72235 0
      vertex 6.57059 5.39234 -2
      vertex 6.57059 5.39234 0
    endloop
  endfacet
  facet normal 0.803207 0.595701 0
    outer loop
      vertex 6.57059 5.39234 -2
      vertex 7.06749 4.72235 0
      vertex 7.06749 4.72235 -2
    endloop
  endfacet
  facet normal -0.803207 -0.595701 0
    outer loop
      vertex -6.57059 -5.39234 7
      vertex -7.06749 -4.72235 9
      vertex -7.06749 -4.72235 7
    endloop
  endfacet
  facet normal -0.803207 -0.595701 0
    outer loop
      vertex -7.06749 -4.72235 9
      vertex -6.57059 -5.39234 7
      vertex -6.57059 -5.39234 9
    endloop
  endfacet
  facet normal -0.803207 -0.595701 0
    outer loop
      vertex -6.57059 -5.39234 -2
      vertex -7.06749 -4.72235 0
      vertex -7.06749 -4.72235 -2
    endloop
  endfacet
  facet normal -0.803207 -0.595701 0
    outer loop
      vertex -7.06749 -4.72235 0
      vertex -6.57059 -5.39234 -2
      vertex -6.57059 -5.39234 0
    endloop
  endfacet
  facet normal -0.903986 -0.427561 0
    outer loop
      vertex -7.49633 -4.00687 7
      vertex -7.85298 -3.25281 9
      vertex -7.85298 -3.25281 7
    endloop
  endfacet
  facet normal -0.903986 -0.427561 0
    outer loop
      vertex -7.85298 -3.25281 9
      vertex -7.49633 -4.00687 7
      vertex -7.49633 -4.00687 9
    endloop
  endfacet
  facet normal -0.903986 -0.427561 0
    outer loop
      vertex -7.49633 -4.00687 -2
      vertex -7.85298 -3.25281 0
      vertex -7.85298 -3.25281 -2
    endloop
  endfacet
  facet normal -0.903986 -0.427561 0
    outer loop
      vertex -7.85298 -3.25281 0
      vertex -7.49633 -4.00687 -2
      vertex -7.49633 -4.00687 0
    endloop
  endfacet
  facet normal 0.146735 0.989176 -0
    outer loop
      vertex 1.65827 8.33667 7
      vertex 0.833145 8.45907 9
      vertex 1.65827 8.33667 9
    endloop
  endfacet
  facet normal 0.146735 0.989176 0
    outer loop
      vertex 0.833145 8.45907 9
      vertex 1.65827 8.33667 7
      vertex 0.833145 8.45907 7
    endloop
  endfacet
  facet normal 0.146735 0.989176 -0
    outer loop
      vertex 1.65827 8.33667 -2
      vertex 0.833145 8.45907 0
      vertex 1.65827 8.33667 0
    endloop
  endfacet
  facet normal 0.146735 0.989176 0
    outer loop
      vertex 0.833145 8.45907 0
      vertex 1.65827 8.33667 -2
      vertex 0.833145 8.45907 -2
    endloop
  endfacet
  facet normal -0.427561 -0.903986 0
    outer loop
      vertex -4.00687 -7.49633 7
      vertex -3.25281 -7.85298 9
      vertex -4.00687 -7.49633 9
    endloop
  endfacet
  facet normal -0.427561 -0.903986 -0
    outer loop
      vertex -3.25281 -7.85298 9
      vertex -4.00687 -7.49633 7
      vertex -3.25281 -7.85298 7
    endloop
  endfacet
  facet normal -0.427561 -0.903986 0
    outer loop
      vertex -4.00687 -7.49633 -2
      vertex -3.25281 -7.85298 0
      vertex -4.00687 -7.49633 0
    endloop
  endfacet
  facet normal -0.427561 -0.903986 -0
    outer loop
      vertex -3.25281 -7.85298 0
      vertex -4.00687 -7.49633 -2
      vertex -3.25281 -7.85298 -2
    endloop
  endfacet
  facet normal 0.595701 -0.803207 0
    outer loop
      vertex 4.72235 -7.06749 7
      vertex 5.39234 -6.57059 9
      vertex 4.72235 -7.06749 9
    endloop
  endfacet
  facet normal 0.595701 -0.803207 0
    outer loop
      vertex 5.39234 -6.57059 9
      vertex 4.72235 -7.06749 7
      vertex 5.39234 -6.57059 7
    endloop
  endfacet
  facet normal 0.595701 -0.803207 0
    outer loop
      vertex 4.72235 -7.06749 -2
      vertex 5.39234 -6.57059 0
      vertex 4.72235 -7.06749 0
    endloop
  endfacet
  facet normal 0.595701 -0.803207 0
    outer loop
      vertex 5.39234 -6.57059 0
      vertex 4.72235 -7.06749 -2
      vertex 5.39234 -6.57059 -2
    endloop
  endfacet
  facet normal 0.998795 -0.0490679 0
    outer loop
      vertex 8.45907 -0.833145 9
      vertex 8.5 0 7
      vertex 8.5 0 9
    endloop
  endfacet
  facet normal 0.998795 -0.0490679 0
    outer loop
      vertex 8.5 0 7
      vertex 8.45907 -0.833145 9
      vertex 8.45907 -0.833145 7
    endloop
  endfacet
  facet normal 0.998795 -0.0490679 0
    outer loop
      vertex 8.45907 -0.833145 0
      vertex 8.5 0 -2
      vertex 8.5 0 0
    endloop
  endfacet
  facet normal 0.998795 -0.0490679 0
    outer loop
      vertex 8.5 0 -2
      vertex 8.45907 -0.833145 0
      vertex 8.45907 -0.833145 -2
    endloop
  endfacet
  facet normal -0.146735 0.989176 0
    outer loop
      vertex -0.833145 8.45907 7
      vertex -1.65827 8.33667 9
      vertex -0.833145 8.45907 9
    endloop
  endfacet
  facet normal -0.146735 0.989176 0
    outer loop
      vertex -1.65827 8.33667 9
      vertex -0.833145 8.45907 7
      vertex -1.65827 8.33667 7
    endloop
  endfacet
  facet normal -0.146735 0.989176 0
    outer loop
      vertex -0.833145 8.45907 -2
      vertex -1.65827 8.33667 0
      vertex -0.833145 8.45907 0
    endloop
  endfacet
  facet normal -0.146735 0.989176 0
    outer loop
      vertex -1.65827 8.33667 0
      vertex -0.833145 8.45907 -2
      vertex -1.65827 8.33667 -2
    endloop
  endfacet
  facet normal -0.989176 -0.146735 0
    outer loop
      vertex -8.33667 -1.65827 7
      vertex -8.45907 -0.833145 9
      vertex -8.45907 -0.833145 7
    endloop
  endfacet
  facet normal -0.989176 -0.146735 0
    outer loop
      vertex -8.45907 -0.833145 9
      vertex -8.33667 -1.65827 7
      vertex -8.33667 -1.65827 9
    endloop
  endfacet
  facet normal -0.989176 -0.146735 0
    outer loop
      vertex -8.33667 -1.65827 -2
      vertex -8.45907 -0.833145 0
      vertex -8.45907 -0.833145 -2
    endloop
  endfacet
  facet normal -0.989176 -0.146735 0
    outer loop
      vertex -8.45907 -0.833145 0
      vertex -8.33667 -1.65827 -2
      vertex -8.33667 -1.65827 0
    endloop
  endfacet
  facet normal 0.336882 -0.941547 0
    outer loop
      vertex 2.46742 -8.13399 7
      vertex 3.25281 -7.85298 9
      vertex 2.46742 -8.13399 9
    endloop
  endfacet
  facet normal 0.336882 -0.941547 0
    outer loop
      vertex 3.25281 -7.85298 9
      vertex 2.46742 -8.13399 7
      vertex 3.25281 -7.85298 7
    endloop
  endfacet
  facet normal 0.336882 -0.941547 0
    outer loop
      vertex 2.46742 -8.13399 -2
      vertex 3.25281 -7.85298 0
      vertex 2.46742 -8.13399 0
    endloop
  endfacet
  facet normal 0.336882 -0.941547 0
    outer loop
      vertex 3.25281 -7.85298 0
      vertex 2.46742 -8.13399 -2
      vertex 3.25281 -7.85298 -2
    endloop
  endfacet
  facet normal 0.242978 -0.970032 0
    outer loop
      vertex 1.65827 -8.33667 7
      vertex 2.46742 -8.13399 9
      vertex 1.65827 -8.33667 9
    endloop
  endfacet
  facet normal 0.242978 -0.970032 0
    outer loop
      vertex 2.46742 -8.13399 9
      vertex 1.65827 -8.33667 7
      vertex 2.46742 -8.13399 7
    endloop
  endfacet
  facet normal 0.242978 -0.970032 0
    outer loop
      vertex 1.65827 -8.33667 -2
      vertex 2.46742 -8.13399 0
      vertex 1.65827 -8.33667 0
    endloop
  endfacet
  facet normal 0.242978 -0.970032 0
    outer loop
      vertex 2.46742 -8.13399 0
      vertex 1.65827 -8.33667 -2
      vertex 2.46742 -8.13399 -2
    endloop
  endfacet
  facet normal -0.740955 -0.671555 0
    outer loop
      vertex -6.01041 -6.01041 7
      vertex -6.57059 -5.39234 9
      vertex -6.57059 -5.39234 7
    endloop
  endfacet
  facet normal -0.740955 -0.671555 0
    outer loop
      vertex -6.57059 -5.39234 9
      vertex -6.01041 -6.01041 7
      vertex -6.01041 -6.01041 9
    endloop
  endfacet
  facet normal -0.740955 -0.671555 0
    outer loop
      vertex -6.01041 -6.01041 -2
      vertex -6.57059 -5.39234 0
      vertex -6.57059 -5.39234 -2
    endloop
  endfacet
  facet normal -0.740955 -0.671555 0
    outer loop
      vertex -6.57059 -5.39234 0
      vertex -6.01041 -6.01041 -2
      vertex -6.01041 -6.01041 0
    endloop
  endfacet
  facet normal -0.903986 0.427561 0
    outer loop
      vertex -7.85298 3.25281 7
      vertex -7.49633 4.00687 9
      vertex -7.49633 4.00687 7
    endloop
  endfacet
  facet normal -0.903986 0.427561 0
    outer loop
      vertex -7.49633 4.00687 9
      vertex -7.85298 3.25281 7
      vertex -7.85298 3.25281 9
    endloop
  endfacet
  facet normal -0.903986 0.427561 0
    outer loop
      vertex -7.85298 3.25281 -2
      vertex -7.49633 4.00687 0
      vertex -7.49633 4.00687 -2
    endloop
  endfacet
  facet normal -0.903986 0.427561 0
    outer loop
      vertex -7.49633 4.00687 0
      vertex -7.85298 3.25281 -2
      vertex -7.85298 3.25281 0
    endloop
  endfacet
  facet normal -0.595701 -0.803207 0
    outer loop
      vertex -5.39234 -6.57059 7
      vertex -4.72235 -7.06749 9
      vertex -5.39234 -6.57059 9
    endloop
  endfacet
  facet normal -0.595701 -0.803207 -0
    outer loop
      vertex -4.72235 -7.06749 9
      vertex -5.39234 -6.57059 7
      vertex -4.72235 -7.06749 7
    endloop
  endfacet
  facet normal -0.595701 -0.803207 0
    outer loop
      vertex -5.39234 -6.57059 -2
      vertex -4.72235 -7.06749 0
      vertex -5.39234 -6.57059 0
    endloop
  endfacet
  facet normal -0.595701 -0.803207 -0
    outer loop
      vertex -4.72235 -7.06749 0
      vertex -5.39234 -6.57059 -2
      vertex -4.72235 -7.06749 -2
    endloop
  endfacet
  facet normal 0.903986 -0.427561 0
    outer loop
      vertex 7.49633 -4.00687 9
      vertex 7.85298 -3.25281 7
      vertex 7.85298 -3.25281 9
    endloop
  endfacet
  facet normal 0.903986 -0.427561 0
    outer loop
      vertex 7.85298 -3.25281 7
      vertex 7.49633 -4.00687 9
      vertex 7.49633 -4.00687 7
    endloop
  endfacet
  facet normal 0.903986 -0.427561 0
    outer loop
      vertex 7.49633 -4.00687 0
      vertex 7.85298 -3.25281 -2
      vertex 7.85298 -3.25281 0
    endloop
  endfacet
  facet normal 0.903986 -0.427561 0
    outer loop
      vertex 7.85298 -3.25281 -2
      vertex 7.49633 -4.00687 0
      vertex 7.49633 -4.00687 -2
    endloop
  endfacet
  facet normal 0.85773 -0.514101 0
    outer loop
      vertex 7.06749 -4.72235 9
      vertex 7.49633 -4.00687 7
      vertex 7.49633 -4.00687 9
    endloop
  endfacet
  facet normal 0.85773 -0.514101 0
    outer loop
      vertex 7.49633 -4.00687 7
      vertex 7.06749 -4.72235 9
      vertex 7.06749 -4.72235 7
    endloop
  endfacet
  facet normal 0.85773 -0.514101 0
    outer loop
      vertex 7.06749 -4.72235 0
      vertex 7.49633 -4.00687 -2
      vertex 7.49633 -4.00687 0
    endloop
  endfacet
  facet normal 0.85773 -0.514101 0
    outer loop
      vertex 7.49633 -4.00687 -2
      vertex 7.06749 -4.72235 0
      vertex 7.06749 -4.72235 -2
    endloop
  endfacet
  facet normal -0.0490679 -0.998795 0
    outer loop
      vertex -0.833145 -8.45907 7
      vertex 0 -8.5 9
      vertex -0.833145 -8.45907 9
    endloop
  endfacet
  facet normal -0.0490679 -0.998795 -0
    outer loop
      vertex 0 -8.5 9
      vertex -0.833145 -8.45907 7
      vertex 0 -8.5 7
    endloop
  endfacet
  facet normal -0.0490679 -0.998795 0
    outer loop
      vertex -0.833145 -8.45907 -2
      vertex 0 -8.5 0
      vertex -0.833145 -8.45907 0
    endloop
  endfacet
  facet normal -0.0490679 -0.998795 -0
    outer loop
      vertex 0 -8.5 0
      vertex -0.833145 -8.45907 -2
      vertex 0 -8.5 -2
    endloop
  endfacet
  facet normal -0.998795 0.0490679 0
    outer loop
      vertex -8.5 0 7
      vertex -8.45907 0.833145 9
      vertex -8.45907 0.833145 7
    endloop
  endfacet
  facet normal -0.998795 0.0490679 0
    outer loop
      vertex -8.45907 0.833145 9
      vertex -8.5 0 7
      vertex -8.5 0 9
    endloop
  endfacet
  facet normal -0.998795 0.0490679 0
    outer loop
      vertex -8.5 0 -2
      vertex -8.45907 0.833145 0
      vertex -8.45907 0.833145 -2
    endloop
  endfacet
  facet normal -0.998795 0.0490679 0
    outer loop
      vertex -8.45907 0.833145 0
      vertex -8.5 0 -2
      vertex -8.5 0 0
    endloop
  endfacet
  facet normal 0.671555 -0.740955 0
    outer loop
      vertex 5.39234 -6.57059 7
      vertex 6.01041 -6.01041 9
      vertex 5.39234 -6.57059 9
    endloop
  endfacet
  facet normal 0.671555 -0.740955 0
    outer loop
      vertex 6.01041 -6.01041 9
      vertex 5.39234 -6.57059 7
      vertex 6.01041 -6.01041 7
    endloop
  endfacet
  facet normal 0.671555 -0.740955 0
    outer loop
      vertex 5.39234 -6.57059 -2
      vertex 6.01041 -6.01041 0
      vertex 5.39234 -6.57059 0
    endloop
  endfacet
  facet normal 0.671555 -0.740955 0
    outer loop
      vertex 6.01041 -6.01041 0
      vertex 5.39234 -6.57059 -2
      vertex 6.01041 -6.01041 -2
    endloop
  endfacet
  facet normal 0.97003 -0.242985 0
    outer loop
      vertex 10.5263 -3.19313 7
      vertex 10.7886 -2.14599 0
      vertex 10.7886 -2.14599 7
    endloop
  endfacet
  facet normal 0.97003 -0.242985 0
    outer loop
      vertex 10.7886 -2.14599 0
      vertex 10.5263 -3.19313 7
      vertex 10.5263 -3.19313 0
    endloop
  endfacet
  facet normal -0.146737 0.989176 0
    outer loop
      vertex -1.07819 10.947 0
      vertex -2.14599 10.7886 7
      vertex -1.07819 10.947 7
    endloop
  endfacet
  facet normal -0.146737 0.989176 0
    outer loop
      vertex -2.14599 10.7886 7
      vertex -1.07819 10.947 0
      vertex -2.14599 10.7886 0
    endloop
  endfacet
  facet normal 0.671563 0.740948 -0
    outer loop
      vertex 7.77817 7.77817 0
      vertex 6.97833 8.50311 7
      vertex 7.77817 7.77817 7
    endloop
  endfacet
  facet normal 0.671563 0.740948 0
    outer loop
      vertex 6.97833 8.50311 7
      vertex 7.77817 7.77817 0
      vertex 6.97833 8.50311 0
    endloop
  endfacet
  facet normal 0.146737 0.989176 -0
    outer loop
      vertex 2.14599 10.7886 0
      vertex 1.07819 10.947 7
      vertex 2.14599 10.7886 7
    endloop
  endfacet
  facet normal 0.146737 0.989176 0
    outer loop
      vertex 1.07819 10.947 7
      vertex 2.14599 10.7886 0
      vertex 1.07819 10.947 0
    endloop
  endfacet
  facet normal 0.740948 0.671563 0
    outer loop
      vertex 8.50311 6.97833 7
      vertex 7.77817 7.77817 0
      vertex 7.77817 7.77817 7
    endloop
  endfacet
  facet normal 0.740948 0.671563 0
    outer loop
      vertex 7.77817 7.77817 0
      vertex 8.50311 6.97833 7
      vertex 8.50311 6.97833 0
    endloop
  endfacet
  facet normal -0.514103 -0.857728 0
    outer loop
      vertex -6.11127 -9.14616 0
      vertex -5.18536 -9.70113 7
      vertex -6.11127 -9.14616 7
    endloop
  endfacet
  facet normal -0.514103 -0.857728 -0
    outer loop
      vertex -5.18536 -9.70113 7
      vertex -6.11127 -9.14616 0
      vertex -5.18536 -9.70113 0
    endloop
  endfacet
  facet normal 0.80321 0.595696 0
    outer loop
      vertex 9.14616 6.11127 7
      vertex 8.50311 6.97833 0
      vertex 8.50311 6.97833 7
    endloop
  endfacet
  facet normal 0.80321 0.595696 0
    outer loop
      vertex 8.50311 6.97833 0
      vertex 9.14616 6.11127 7
      vertex 9.14616 6.11127 0
    endloop
  endfacet
  facet normal -0.336832 0.941565 0
    outer loop
      vertex -3.19313 10.5263 0
      vertex -4.20952 10.1627 7
      vertex -3.19313 10.5263 7
    endloop
  endfacet
  facet normal -0.336832 0.941565 0
    outer loop
      vertex -4.20952 10.1627 7
      vertex -3.19313 10.5263 0
      vertex -4.20952 10.1627 0
    endloop
  endfacet
  facet normal 0.989176 0.146737 0
    outer loop
      vertex 10.947 1.07819 7
      vertex 10.7886 2.14599 0
      vertex 10.7886 2.14599 7
    endloop
  endfacet
  facet normal 0.989176 0.146737 0
    outer loop
      vertex 10.7886 2.14599 0
      vertex 10.947 1.07819 7
      vertex 10.947 1.07819 0
    endloop
  endfacet
  facet normal -0.989176 0.146737 0
    outer loop
      vertex -10.947 1.07819 0
      vertex -10.7886 2.14599 7
      vertex -10.7886 2.14599 0
    endloop
  endfacet
  facet normal -0.989176 0.146737 0
    outer loop
      vertex -10.7886 2.14599 7
      vertex -10.947 1.07819 0
      vertex -10.947 1.07819 7
    endloop
  endfacet
  facet normal 0.740948 -0.671563 0
    outer loop
      vertex 7.77817 -7.77817 7
      vertex 8.50311 -6.97833 0
      vertex 8.50311 -6.97833 7
    endloop
  endfacet
  facet normal 0.740948 -0.671563 0
    outer loop
      vertex 8.50311 -6.97833 0
      vertex 7.77817 -7.77817 7
      vertex 7.77817 -7.77817 0
    endloop
  endfacet
  facet normal 0.903978 -0.427579 0
    outer loop
      vertex 9.70113 -5.18536 7
      vertex 10.1627 -4.20952 0
      vertex 10.1627 -4.20952 7
    endloop
  endfacet
  facet normal 0.903978 -0.427579 0
    outer loop
      vertex 10.1627 -4.20952 0
      vertex 9.70113 -5.18536 7
      vertex 9.70113 -5.18536 0
    endloop
  endfacet
  facet normal 0 0 -1
    outer loop
      vertex 8.5 0 0
      vertex 11 0 0
      vertex 10.947 -1.07819 0
    endloop
  endfacet
  facet normal 0 0 -1
    outer loop
      vertex 8.45907 -0.833145 0
      vertex 10.947 -1.07819 0
      vertex 10.7886 -2.14599 0
    endloop
  endfacet
  facet normal 0 0 -1
    outer loop
      vertex 11 0 0
      vertex 8.5 0 0
      vertex 10.947 1.07819 0
    endloop
  endfacet
  facet normal 0 0 -1
    outer loop
      vertex 8.33667 -1.65827 0
      vertex 10.7886 -2.14599 0
      vertex 10.5263 -3.19313 0
    endloop
  endfacet
  facet normal 0 0 -1
    outer loop
      vertex 8.45907 0.833145 0
      vertex 10.947 1.07819 0
      vertex 8.5 0 0
    endloop
  endfacet
  facet normal 0 0 -1
    outer loop
      vertex 8.13399 -2.46742 0
      vertex 10.5263 -3.19313 0
      vertex 10.1627 -4.20952 0
    endloop
  endfacet
  facet normal -0 0 -1
    outer loop
      vertex 10.947 1.07819 0
      vertex 8.45907 0.833145 0
      vertex 10.7886 2.14599 0
    endloop
  endfacet
  facet normal 0 0 -1
    outer loop
      vertex 7.85298 -3.25281 0
      vertex 10.1627 -4.20952 0
      vertex 9.70113 -5.18536 0
    endloop
  endfacet
  facet normal 0 0 -1
    outer loop
      vertex 8.33667 1.65827 0
      vertex 10.7886 2.14599 0
      vertex 8.45907 0.833145 0
    endloop
  endfacet
  facet normal 0 0 -1
    outer loop
      vertex 7.49633 -4.00687 0
      vertex 9.70113 -5.18536 0
      vertex 9.14616 -6.11127 0
    endloop
  endfacet
  facet normal -0 0 -1
    outer loop
      vertex 10.7886 2.14599 0
      vertex 8.33667 1.65827 0
      vertex 10.5263 3.19313 0
    endloop
  endfacet
  facet normal 0 0 -1
    outer loop
      vertex 7.06749 -4.72235 0
      vertex 9.14616 -6.11127 0
      vertex 8.50311 -6.97833 0
    endloop
  endfacet
  facet normal 0 0 -1
    outer loop
      vertex 8.13399 2.46742 0
      vertex 10.5263 3.19313 0
      vertex 8.33667 1.65827 0
    endloop
  endfacet
  facet normal -0 0 -1
    outer loop
      vertex 10.5263 3.19313 0
      vertex 8.13399 2.46742 0
      vertex 10.1627 4.20952 0
    endloop
  endfacet
  facet normal 0 0 -1
    outer loop
      vertex 10.947 -1.07819 0
      vertex 8.45907 -0.833145 0
      vertex 8.5 0 0
    endloop
  endfacet
  facet normal 0 0 -1
    outer loop
      vertex 10.7886 -2.14599 0
      vertex 8.33667 -1.65827 0
      vertex 8.45907 -0.833145 0
    endloop
  endfacet
  facet normal 0 0 -1
    outer loop
      vertex 10.5263 -3.19313 0
      vertex 8.13399 -2.46742 0
      vertex 8.33667 -1.65827 0
    endloop
  endfacet
  facet normal 0 0 -1
    outer loop
      vertex 10.1627 -4.20952 0
      vertex 7.85298 -3.25281 0
      vertex 8.13399 -2.46742 0
    endloop
  endfacet
  facet normal 0 0 -1
    outer loop
      vertex 6.57059 -5.39234 0
      vertex 8.50311 -6.97833 0
      vertex 7.77817 -7.77817 0
    endloop
  endfacet
  facet normal 0 0 -1
    outer loop
      vertex 9.70113 -5.18536 0
      vertex 7.49633 -4.00687 0
      vertex 7.85298 -3.25281 0
    endloop
  endfacet
  facet normal 0 0 -1
    outer loop
      vertex 9.14616 -6.11127 0
      vertex 7.06749 -4.72235 0
      vertex 7.49633 -4.00687 0
    endloop
  endfacet
  facet normal 0 0 -1
    outer loop
      vertex 6.01041 -6.01041 0
      vertex 7.77817 -7.77817 0
      vertex 6.97833 -8.50311 0
    endloop
  endfacet
  facet normal 0 0 -1
    outer loop
      vertex 8.50311 -6.97833 0
      vertex 6.57059 -5.39234 0
      vertex 7.06749 -4.72235 0
    endloop
  endfacet
  facet normal 0 0 -1
    outer loop
      vertex 5.39234 -6.57059 0
      vertex 6.97833 -8.50311 0
      vertex 6.11127 -9.14616 0
    endloop
  endfacet
  facet normal 0 0 -1
    outer loop
      vertex 7.77817 -7.77817 0
      vertex 6.01041 -6.01041 0
      vertex 6.57059 -5.39234 0
    endloop
  endfacet
  facet normal 0 0 -1
    outer loop
      vertex 6.97833 -8.50311 0
      vertex 5.39234 -6.57059 0
      vertex 6.01041 -6.01041 0
    endloop
  endfacet
  facet normal 0 0 -1
    outer loop
      vertex 4.72235 -7.06749 0
      vertex 6.11127 -9.14616 0
      vertex 5.18536 -9.70113 0
    endloop
  endfacet
  facet normal 0 0 -1
    outer loop
      vertex 6.11127 -9.14616 0
      vertex 4.72235 -7.06749 0
      vertex 5.39234 -6.57059 0
    endloop
  endfacet
  facet normal 0 0 -1
    outer loop
      vertex 4.00687 -7.49633 0
      vertex 5.18536 -9.70113 0
      vertex 4.20952 -10.1627 0
    endloop
  endfacet
  facet normal 0 0 -1
    outer loop
      vertex 5.18536 -9.70113 0
      vertex 4.00687 -7.49633 0
      vertex 4.72235 -7.06749 0
    endloop
  endfacet
  facet normal 0 0 -1
    outer loop
      vertex 4.20952 -10.1627 0
      vertex 3.25281 -7.85298 0
      vertex 4.00687 -7.49633 0
    endloop
  endfacet
  facet normal 0 0 -1
    outer loop
      vertex 3.19313 -10.5263 0
      vertex 3.25281 -7.85298 0
      vertex 4.20952 -10.1627 0
    endloop
  endfacet
  facet normal 0 0 -1
    outer loop
      vertex 3.19313 -10.5263 0
      vertex 2.46742 -8.13399 0
      vertex 3.25281 -7.85298 0
    endloop
  endfacet
  facet normal 0 0 -1
    outer loop
      vertex 2.14599 -10.7886 0
      vertex 2.46742 -8.13399 0
      vertex 3.19313 -10.5263 0
    endloop
  endfacet
  facet normal 0 0 -1
    outer loop
      vertex 2.14599 -10.7886 0
      vertex 1.65827 -8.33667 0
      vertex 2.46742 -8.13399 0
    endloop
  endfacet
  facet normal 0 0 -1
    outer loop
      vertex 1.07819 -10.947 0
      vertex 1.65827 -8.33667 0
      vertex 2.14599 -10.7886 0
    endloop
  endfacet
  facet normal 0 0 -1
    outer loop
      vertex 1.07819 -10.947 0
      vertex 0.833145 -8.45907 0
      vertex 1.65827 -8.33667 0
    endloop
  endfacet
  facet normal 0 0 -1
    outer loop
      vertex 0 -11 0
      vertex 0.833145 -8.45907 0
      vertex 1.07819 -10.947 0
    endloop
  endfacet
  facet normal 0 0 -1
    outer loop
      vertex 0 -11 0
      vertex 0 -8.5 0
      vertex 0.833145 -8.45907 0
    endloop
  endfacet
  facet normal 0 0 -1
    outer loop
      vertex 0 -11 0
      vertex -0.833145 -8.45907 0
      vertex 0 -8.5 0
    endloop
  endfacet
  facet normal 0 0 -1
    outer loop
      vertex -1.07819 -10.947 0
      vertex -0.833145 -8.45907 0
      vertex 0 -11 0
    endloop
  endfacet
  facet normal 0 0 -1
    outer loop
      vertex -1.07819 -10.947 0
      vertex -1.65827 -8.33667 0
      vertex -0.833145 -8.45907 0
    endloop
  endfacet
  facet normal 0 0 -1
    outer loop
      vertex -2.14599 -10.7886 0
      vertex -1.65827 -8.33667 0
      vertex -1.07819 -10.947 0
    endloop
  endfacet
  facet normal 0 0 -1
    outer loop
      vertex -2.14599 -10.7886 0
      vertex -2.46742 -8.13399 0
      vertex -1.65827 -8.33667 0
    endloop
  endfacet
  facet normal 0 0 -1
    outer loop
      vertex -3.19313 -10.5263 0
      vertex -2.46742 -8.13399 0
      vertex -2.14599 -10.7886 0
    endloop
  endfacet
  facet normal 0 0 -1
    outer loop
      vertex -3.19313 -10.5263 0
      vertex -3.25281 -7.85298 0
      vertex -2.46742 -8.13399 0
    endloop
  endfacet
  facet normal 0 0 -1
    outer loop
      vertex -4.20952 -10.1627 0
      vertex -3.25281 -7.85298 0
      vertex -3.19313 -10.5263 0
    endloop
  endfacet
  facet normal -0 0 -1
    outer loop
      vertex -3.25281 -7.85298 0
      vertex -4.20952 -10.1627 0
      vertex -4.00687 -7.49633 0
    endloop
  endfacet
  facet normal 0 0 -1
    outer loop
      vertex -5.18536 -9.70113 0
      vertex -4.00687 -7.49633 0
      vertex -4.20952 -10.1627 0
    endloop
  endfacet
  facet normal -0 0 -1
    outer loop
      vertex -4.00687 -7.49633 0
      vertex -5.18536 -9.70113 0
      vertex -4.72235 -7.06749 0
    endloop
  endfacet
  facet normal 0 0 -1
    outer loop
      vertex -6.11127 -9.14616 0
      vertex -4.72235 -7.06749 0
      vertex -5.18536 -9.70113 0
    endloop
  endfacet
  facet normal -0 0 -1
    outer loop
      vertex -4.72235 -7.06749 0
      vertex -6.11127 -9.14616 0
      vertex -5.39234 -6.57059 0
    endloop
  endfacet
  facet normal 0 0 -1
    outer loop
      vertex -6.97833 -8.50311 0
      vertex -5.39234 -6.57059 0
      vertex -6.11127 -9.14616 0
    endloop
  endfacet
  facet normal -0 0 -1
    outer loop
      vertex -5.39234 -6.57059 0
      vertex -6.97833 -8.50311 0
      vertex -6.01041 -6.01041 0
    endloop
  endfacet
  facet normal 0 0 -1
    outer loop
      vertex -7.77817 -7.77817 0
      vertex -6.01041 -6.01041 0
      vertex -6.97833 -8.50311 0
    endloop
  endfacet
  facet normal -0 0 -1
    outer loop
      vertex -6.01041 -6.01041 0
      vertex -7.77817 -7.77817 0
      vertex -6.57059 -5.39234 0
    endloop
  endfacet
  facet normal 0 0 -1
    outer loop
      vertex -8.50311 -6.97833 0
      vertex -6.57059 -5.39234 0
      vertex -7.77817 -7.77817 0
    endloop
  endfacet
  facet normal -0 0 -1
    outer loop
      vertex -6.57059 -5.39234 0
      vertex -8.50311 -6.97833 0
      vertex -7.06749 -4.72235 0
    endloop
  endfacet
  facet normal 0 0 -1
    outer loop
      vertex -9.14616 -6.11127 0
      vertex -7.06749 -4.72235 0
      vertex -8.50311 -6.97833 0
    endloop
  endfacet
  facet normal -0 0 -1
    outer loop
      vertex -7.06749 -4.72235 0
      vertex -9.14616 -6.11127 0
      vertex -7.49633 -4.00687 0
    endloop
  endfacet
  facet normal 0 0 -1
    outer loop
      vertex -9.70113 -5.18536 0
      vertex -7.49633 -4.00687 0
      vertex -9.14616 -6.11127 0
    endloop
  endfacet
  facet normal -0 0 -1
    outer loop
      vertex -7.49633 -4.00687 0
      vertex -9.70113 -5.18536 0
      vertex -7.85298 -3.25281 0
    endloop
  endfacet
  facet normal -0 0 -1
    outer loop
      vertex -7.85298 -3.25281 0
      vertex -10.1627 -4.20952 0
      vertex -8.13399 -2.46742 0
    endloop
  endfacet
  facet normal 0 0 -1
    outer loop
      vertex -10.1627 -4.20952 0
      vertex -7.85298 -3.25281 0
      vertex -9.70113 -5.18536 0
    endloop
  endfacet
  facet normal 0 0 -1
    outer loop
      vertex 7.85298 3.25281 0
      vertex 10.1627 4.20952 0
      vertex 8.13399 2.46742 0
    endloop
  endfacet
  facet normal -0 0 -1
    outer loop
      vertex 10.1627 4.20952 0
      vertex 7.85298 3.25281 0
      vertex 9.70113 5.18536 0
    endloop
  endfacet
  facet normal 0 0 -1
    outer loop
      vertex 7.49633 4.00687 0
      vertex 9.70113 5.18536 0
      vertex 7.85298 3.25281 0
    endloop
  endfacet
  facet normal -0 0 -1
    outer loop
      vertex 9.70113 5.18536 0
      vertex 7.49633 4.00687 0
      vertex 9.14616 6.11127 0
    endloop
  endfacet
  facet normal 0 0 -1
    outer loop
      vertex 7.06749 4.72235 0
      vertex 9.14616 6.11127 0
      vertex 7.49633 4.00687 0
    endloop
  endfacet
  facet normal -0 0 -1
    outer loop
      vertex 9.14616 6.11127 0
      vertex 7.06749 4.72235 0
      vertex 8.50311 6.97833 0
    endloop
  endfacet
  facet normal 0 0 -1
    outer loop
      vertex 6.57059 5.39234 0
      vertex 8.50311 6.97833 0
      vertex 7.06749 4.72235 0
    endloop
  endfacet
  facet normal -0 0 -1
    outer loop
      vertex 8.50311 6.97833 0
      vertex 6.57059 5.39234 0
      vertex 7.77817 7.77817 0
    endloop
  endfacet
  facet normal 0 0 -1
    outer loop
      vertex 6.01041 6.01041 0
      vertex 7.77817 7.77817 0
      vertex 6.57059 5.39234 0
    endloop
  endfacet
  facet normal -0 0 -1
    outer loop
      vertex 7.77817 7.77817 0
      vertex 6.01041 6.01041 0
      vertex 6.97833 8.50311 0
    endloop
  endfacet
  facet normal 0 0 -1
    outer loop
      vertex 5.39234 6.57059 0
      vertex 6.97833 8.50311 0
      vertex 6.01041 6.01041 0
    endloop
  endfacet
  facet normal -0 0 -1
    outer loop
      vertex 6.97833 8.50311 0
      vertex 5.39234 6.57059 0
      vertex 6.11127 9.14616 0
    endloop
  endfacet
  facet normal 0 0 -1
    outer loop
      vertex 4.72235 7.06749 0
      vertex 6.11127 9.14616 0
      vertex 5.39234 6.57059 0
    endloop
  endfacet
  facet normal -0 0 -1
    outer loop
      vertex 6.11127 9.14616 0
      vertex 4.72235 7.06749 0
      vertex 5.18536 9.70113 0
    endloop
  endfacet
  facet normal 0 0 -1
    outer loop
      vertex 4.00687 7.49633 0
      vertex 5.18536 9.70113 0
      vertex 4.72235 7.06749 0
    endloop
  endfacet
  facet normal -0 0 -1
    outer loop
      vertex 5.18536 9.70113 0
      vertex 4.00687 7.49633 0
      vertex 4.20952 10.1627 0
    endloop
  endfacet
  facet normal 0 0 -1
    outer loop
      vertex 3.25281 7.85298 0
      vertex 4.20952 10.1627 0
      vertex 4.00687 7.49633 0
    endloop
  endfacet
  facet normal 0 0 -1
    outer loop
      vertex 3.25281 7.85298 0
      vertex 3.19313 10.5263 0
      vertex 4.20952 10.1627 0
    endloop
  endfacet
  facet normal 0 0 -1
    outer loop
      vertex 2.46742 8.13399 0
      vertex 3.19313 10.5263 0
      vertex 3.25281 7.85298 0
    endloop
  endfacet
  facet normal 0 0 -1
    outer loop
      vertex 2.46742 8.13399 0
      vertex 2.14599 10.7886 0
      vertex 3.19313 10.5263 0
    endloop
  endfacet
  facet normal 0 0 -1
    outer loop
      vertex 1.65827 8.33667 0
      vertex 2.14599 10.7886 0
      vertex 2.46742 8.13399 0
    endloop
  endfacet
  facet normal 0 0 -1
    outer loop
      vertex 1.65827 8.33667 0
      vertex 1.07819 10.947 0
      vertex 2.14599 10.7886 0
    endloop
  endfacet
  facet normal 0 0 -1
    outer loop
      vertex 0.833145 8.45907 0
      vertex 1.07819 10.947 0
      vertex 1.65827 8.33667 0
    endloop
  endfacet
  facet normal 0 0 -1
    outer loop
      vertex 0 8.5 0
      vertex 1.07819 10.947 0
      vertex 0.833145 8.45907 0
    endloop
  endfacet
  facet normal 0 0 -1
    outer loop
      vertex 0 8.5 0
      vertex 0 11 0
      vertex 1.07819 10.947 0
    endloop
  endfacet
  facet normal 0 0 -1
    outer loop
      vertex -0.833145 8.45907 0
      vertex 0 11 0
      vertex 0 8.5 0
    endloop
  endfacet
  facet normal 0 0 -1
    outer loop
      vertex -0.833145 8.45907 0
      vertex -1.07819 10.947 0
      vertex 0 11 0
    endloop
  endfacet
  facet normal 0 0 -1
    outer loop
      vertex -1.65827 8.33667 0
      vertex -1.07819 10.947 0
      vertex -0.833145 8.45907 0
    endloop
  endfacet
  facet normal 0 0 -1
    outer loop
      vertex -1.65827 8.33667 0
      vertex -2.14599 10.7886 0
      vertex -1.07819 10.947 0
    endloop
  endfacet
  facet normal 0 0 -1
    outer loop
      vertex -2.46742 8.13399 0
      vertex -2.14599 10.7886 0
      vertex -1.65827 8.33667 0
    endloop
  endfacet
  facet normal 0 0 -1
    outer loop
      vertex -2.46742 8.13399 0
      vertex -3.19313 10.5263 0
      vertex -2.14599 10.7886 0
    endloop
  endfacet
  facet normal 0 0 -1
    outer loop
      vertex -3.25281 7.85298 0
      vertex -3.19313 10.5263 0
      vertex -2.46742 8.13399 0
    endloop
  endfacet
  facet normal 0 0 -1
    outer loop
      vertex -4.20952 10.1627 0
      vertex -3.25281 7.85298 0
      vertex -4.00687 7.49633 0
    endloop
  endfacet
  facet normal 0 0 -1
    outer loop
      vertex -3.25281 7.85298 0
      vertex -4.20952 10.1627 0
      vertex -3.19313 10.5263 0
    endloop
  endfacet
  facet normal 0 0 -1
    outer loop
      vertex -5.18536 9.70113 0
      vertex -4.00687 7.49633 0
      vertex -4.72235 7.06749 0
    endloop
  endfacet
  facet normal 0 0 -1
    outer loop
      vertex -4.00687 7.49633 0
      vertex -5.18536 9.70113 0
      vertex -4.20952 10.1627 0
    endloop
  endfacet
  facet normal 0 0 -1
    outer loop
      vertex -6.11127 9.14616 0
      vertex -4.72235 7.06749 0
      vertex -5.39234 6.57059 0
    endloop
  endfacet
  facet normal 0 0 -1
    outer loop
      vertex -6.97833 8.50311 0
      vertex -5.39234 6.57059 0
      vertex -6.01041 6.01041 0
    endloop
  endfacet
  facet normal 0 0 -1
    outer loop
      vertex -4.72235 7.06749 0
      vertex -6.11127 9.14616 0
      vertex -5.18536 9.70113 0
    endloop
  endfacet
  facet normal 0 0 -1
    outer loop
      vertex -7.77817 7.77817 0
      vertex -6.01041 6.01041 0
      vertex -6.57059 5.39234 0
    endloop
  endfacet
  facet normal 0 0 -1
    outer loop
      vertex -5.39234 6.57059 0
      vertex -6.97833 8.50311 0
      vertex -6.11127 9.14616 0
    endloop
  endfacet
  facet normal 0 0 -1
    outer loop
      vertex -8.50311 6.97833 0
      vertex -6.57059 5.39234 0
      vertex -7.06749 4.72235 0
    endloop
  endfacet
  facet normal 0 0 -1
    outer loop
      vertex -9.14616 6.11127 0
      vertex -7.06749 4.72235 0
      vertex -7.49633 4.00687 0
    endloop
  endfacet
  facet normal 0 0 -1
    outer loop
      vertex -6.01041 6.01041 0
      vertex -7.77817 7.77817 0
      vertex -6.97833 8.50311 0
    endloop
  endfacet
  facet normal 0 0 -1
    outer loop
      vertex -9.70113 5.18536 0
      vertex -7.49633 4.00687 0
      vertex -7.85298 3.25281 0
    endloop
  endfacet
  facet normal 0 0 -1
    outer loop
      vertex -10.1627 4.20952 0
      vertex -7.85298 3.25281 0
      vertex -8.13399 2.46742 0
    endloop
  endfacet
  facet normal 0 0 -1
    outer loop
      vertex -10.5263 3.19313 0
      vertex -8.13399 2.46742 0
      vertex -8.33667 1.65827 0
    endloop
  endfacet
  facet normal 0 0 -1
    outer loop
      vertex -10.7886 2.14599 0
      vertex -8.33667 1.65827 0
      vertex -8.45907 0.833145 0
    endloop
  endfacet
  facet normal 0 0 -1
    outer loop
      vertex -6.57059 5.39234 0
      vertex -8.50311 6.97833 0
      vertex -7.77817 7.77817 0
    endloop
  endfacet
  facet normal 0 0 -1
    outer loop
      vertex -10.947 1.07819 0
      vertex -8.45907 0.833145 0
      vertex -8.5 0 0
    endloop
  endfacet
  facet normal 0 0 -1
    outer loop
      vertex -10.5263 -3.19313 0
      vertex -8.13399 -2.46742 0
      vertex -10.1627 -4.20952 0
    endloop
  endfacet
  facet normal -0 0 -1
    outer loop
      vertex -8.13399 -2.46742 0
      vertex -10.5263 -3.19313 0
      vertex -8.33667 -1.65827 0
    endloop
  endfacet
  facet normal 0 0 -1
    outer loop
      vertex -7.06749 4.72235 0
      vertex -9.14616 6.11127 0
      vertex -8.50311 6.97833 0
    endloop
  endfacet
  facet normal 0 0 -1
    outer loop
      vertex -10.7886 -2.14599 0
      vertex -8.33667 -1.65827 0
      vertex -10.5263 -3.19313 0
    endloop
  endfacet
  facet normal 0 0 -1
    outer loop
      vertex -7.49633 4.00687 0
      vertex -9.70113 5.18536 0
      vertex -9.14616 6.11127 0
    endloop
  endfacet
  facet normal -0 0 -1
    outer loop
      vertex -8.33667 -1.65827 0
      vertex -10.7886 -2.14599 0
      vertex -8.45907 -0.833145 0
    endloop
  endfacet
  facet normal 0 0 -1
    outer loop
      vertex -7.85298 3.25281 0
      vertex -10.1627 4.20952 0
      vertex -9.70113 5.18536 0
    endloop
  endfacet
  facet normal 0 0 -1
    outer loop
      vertex -10.947 -1.07819 0
      vertex -8.45907 -0.833145 0
      vertex -10.7886 -2.14599 0
    endloop
  endfacet
  facet normal 0 0 -1
    outer loop
      vertex -8.13399 2.46742 0
      vertex -10.5263 3.19313 0
      vertex -10.1627 4.20952 0
    endloop
  endfacet
  facet normal -0 0 -1
    outer loop
      vertex -8.45907 -0.833145 0
      vertex -10.947 -1.07819 0
      vertex -8.5 0 0
    endloop
  endfacet
  facet normal 0 0 -1
    outer loop
      vertex -8.33667 1.65827 0
      vertex -10.7886 2.14599 0
      vertex -10.5263 3.19313 0
    endloop
  endfacet
  facet normal 0 0 -1
    outer loop
      vertex -11 0 0
      vertex -8.5 0 0
      vertex -10.947 -1.07819 0
    endloop
  endfacet
  facet normal 0 0 -1
    outer loop
      vertex -8.45907 0.833145 0
      vertex -10.947 1.07819 0
      vertex -10.7886 2.14599 0
    endloop
  endfacet
  facet normal 0 0 -1
    outer loop
      vertex -8.5 0 0
      vertex -11 0 0
      vertex -10.947 1.07819 0
    endloop
  endfacet
  facet normal 0.97003 0.242985 0
    outer loop
      vertex 10.7886 2.14599 7
      vertex 10.5263 3.19313 0
      vertex 10.5263 3.19313 7
    endloop
  endfacet
  facet normal 0.97003 0.242985 0
    outer loop
      vertex 10.5263 3.19313 0
      vertex 10.7886 2.14599 7
      vertex 10.7886 2.14599 0
    endloop
  endfacet
  facet normal 0.998794 0.0490972 0
    outer loop
      vertex 11 0 7
      vertex 10.947 1.07819 0
      vertex 10.947 1.07819 7
    endloop
  endfacet
  facet normal 0.998794 0.0490972 0
    outer loop
      vertex 10.947 1.07819 0
      vertex 11 0 7
      vertex 11 0 0
    endloop
  endfacet
  facet normal 0.941565 0.336832 0
    outer loop
      vertex 10.5263 3.19313 7
      vertex 10.1627 4.20952 0
      vertex 10.1627 4.20952 7
    endloop
  endfacet
  facet normal 0.941565 0.336832 0
    outer loop
      vertex 10.1627 4.20952 0
      vertex 10.5263 3.19313 7
      vertex 10.5263 3.19313 0
    endloop
  endfacet
  facet normal 0.0490972 0.998794 -0
    outer loop
      vertex 1.07819 10.947 0
      vertex 0 11 7
      vertex 1.07819 10.947 7
    endloop
  endfacet
  facet normal 0.0490972 0.998794 0
    outer loop
      vertex 0 11 7
      vertex 1.07819 10.947 0
      vertex 0 11 0
    endloop
  endfacet
  facet normal -0.998794 -0.0490972 0
    outer loop
      vertex -10.947 -1.07819 0
      vertex -11 0 7
      vertex -11 0 0
    endloop
  endfacet
  facet normal -0.998794 -0.0490972 0
    outer loop
      vertex -11 0 7
      vertex -10.947 -1.07819 0
      vertex -10.947 -1.07819 7
    endloop
  endfacet
  facet normal 0.989176 -0.146737 0
    outer loop
      vertex 10.7886 -2.14599 7
      vertex 10.947 -1.07819 0
      vertex 10.947 -1.07819 7
    endloop
  endfacet
  facet normal 0.989176 -0.146737 0
    outer loop
      vertex 10.947 -1.07819 0
      vertex 10.7886 -2.14599 7
      vertex 10.7886 -2.14599 0
    endloop
  endfacet
  facet normal 0.595696 -0.80321 0
    outer loop
      vertex 6.11127 -9.14616 0
      vertex 6.97833 -8.50311 7
      vertex 6.11127 -9.14616 7
    endloop
  endfacet
  facet normal 0.595696 -0.80321 0
    outer loop
      vertex 6.97833 -8.50311 7
      vertex 6.11127 -9.14616 0
      vertex 6.97833 -8.50311 0
    endloop
  endfacet
  facet normal -0.941565 0.336832 0
    outer loop
      vertex -10.5263 3.19313 0
      vertex -10.1627 4.20952 7
      vertex -10.1627 4.20952 0
    endloop
  endfacet
  facet normal -0.941565 0.336832 0
    outer loop
      vertex -10.1627 4.20952 7
      vertex -10.5263 3.19313 0
      vertex -10.5263 3.19313 7
    endloop
  endfacet
  facet normal 0.998794 -0.0490972 0
    outer loop
      vertex 10.947 -1.07819 7
      vertex 11 0 0
      vertex 11 0 7
    endloop
  endfacet
  facet normal 0.998794 -0.0490972 0
    outer loop
      vertex 11 0 0
      vertex 10.947 -1.07819 7
      vertex 10.947 -1.07819 0
    endloop
  endfacet
  facet normal -0.595696 0.80321 0
    outer loop
      vertex -6.11127 9.14616 0
      vertex -6.97833 8.50311 7
      vertex -6.11127 9.14616 7
    endloop
  endfacet
  facet normal -0.595696 0.80321 0
    outer loop
      vertex -6.97833 8.50311 7
      vertex -6.11127 9.14616 0
      vertex -6.97833 8.50311 0
    endloop
  endfacet
  facet normal -0.671563 0.740948 0
    outer loop
      vertex -6.97833 8.50311 0
      vertex -7.77817 7.77817 7
      vertex -6.97833 8.50311 7
    endloop
  endfacet
  facet normal -0.671563 0.740948 0
    outer loop
      vertex -7.77817 7.77817 7
      vertex -6.97833 8.50311 0
      vertex -7.77817 7.77817 0
    endloop
  endfacet
  facet normal 0.146737 -0.989176 0
    outer loop
      vertex 1.07819 -10.947 0
      vertex 2.14599 -10.7886 7
      vertex 1.07819 -10.947 7
    endloop
  endfacet
  facet normal 0.146737 -0.989176 0
    outer loop
      vertex 2.14599 -10.7886 7
      vertex 1.07819 -10.947 0
      vertex 2.14599 -10.7886 0
    endloop
  endfacet
  facet normal 0.857728 0.514103 0
    outer loop
      vertex 9.70113 5.18536 7
      vertex 9.14616 6.11127 0
      vertex 9.14616 6.11127 7
    endloop
  endfacet
  facet normal 0.857728 0.514103 0
    outer loop
      vertex 9.14616 6.11127 0
      vertex 9.70113 5.18536 7
      vertex 9.70113 5.18536 0
    endloop
  endfacet
  facet normal -0.97003 0.242985 0
    outer loop
      vertex -10.7886 2.14599 0
      vertex -10.5263 3.19313 7
      vertex -10.5263 3.19313 0
    endloop
  endfacet
  facet normal -0.97003 0.242985 0
    outer loop
      vertex -10.5263 3.19313 7
      vertex -10.7886 2.14599 0
      vertex -10.7886 2.14599 7
    endloop
  endfacet
  facet normal -0.97003 -0.242985 0
    outer loop
      vertex -10.5263 -3.19313 0
      vertex -10.7886 -2.14599 7
      vertex -10.7886 -2.14599 0
    endloop
  endfacet
  facet normal -0.97003 -0.242985 0
    outer loop
      vertex -10.7886 -2.14599 7
      vertex -10.5263 -3.19313 0
      vertex -10.5263 -3.19313 7
    endloop
  endfacet
  facet normal -0.0490972 -0.998794 0
    outer loop
      vertex -1.07819 -10.947 0
      vertex 0 -11 7
      vertex -1.07819 -10.947 7
    endloop
  endfacet
  facet normal -0.0490972 -0.998794 -0
    outer loop
      vertex 0 -11 7
      vertex -1.07819 -10.947 0
      vertex 0 -11 0
    endloop
  endfacet
  facet normal 0.941565 -0.336832 0
    outer loop
      vertex 10.1627 -4.20952 7
      vertex 10.5263 -3.19313 0
      vertex 10.5263 -3.19313 7
    endloop
  endfacet
  facet normal 0.941565 -0.336832 0
    outer loop
      vertex 10.5263 -3.19313 0
      vertex 10.1627 -4.20952 7
      vertex 10.1627 -4.20952 0
    endloop
  endfacet
  facet normal -0.740948 -0.671563 0
    outer loop
      vertex -7.77817 -7.77817 0
      vertex -8.50311 -6.97833 7
      vertex -8.50311 -6.97833 0
    endloop
  endfacet
  facet normal -0.740948 -0.671563 0
    outer loop
      vertex -8.50311 -6.97833 7
      vertex -7.77817 -7.77817 0
      vertex -7.77817 -7.77817 7
    endloop
  endfacet
  facet normal -0.80321 -0.595696 0
    outer loop
      vertex -8.50311 -6.97833 0
      vertex -9.14616 -6.11127 7
      vertex -9.14616 -6.11127 0
    endloop
  endfacet
  facet normal -0.80321 -0.595696 0
    outer loop
      vertex -9.14616 -6.11127 7
      vertex -8.50311 -6.97833 0
      vertex -8.50311 -6.97833 7
    endloop
  endfacet
  facet normal -0.998794 0.0490972 0
    outer loop
      vertex -11 0 0
      vertex -10.947 1.07819 7
      vertex -10.947 1.07819 0
    endloop
  endfacet
  facet normal -0.998794 0.0490972 0
    outer loop
      vertex -10.947 1.07819 7
      vertex -11 0 0
      vertex -11 0 7
    endloop
  endfacet
  facet normal 0.242985 0.97003 -0
    outer loop
      vertex 3.19313 10.5263 0
      vertex 2.14599 10.7886 7
      vertex 3.19313 10.5263 7
    endloop
  endfacet
  facet normal 0.242985 0.97003 0
    outer loop
      vertex 2.14599 10.7886 7
      vertex 3.19313 10.5263 0
      vertex 2.14599 10.7886 0
    endloop
  endfacet
  facet normal -0.336832 -0.941565 0
    outer loop
      vertex -4.20952 -10.1627 0
      vertex -3.19313 -10.5263 7
      vertex -4.20952 -10.1627 7
    endloop
  endfacet
  facet normal -0.336832 -0.941565 -0
    outer loop
      vertex -3.19313 -10.5263 7
      vertex -4.20952 -10.1627 0
      vertex -3.19313 -10.5263 0
    endloop
  endfacet
  facet normal 0.514103 -0.857728 0
    outer loop
      vertex 5.18536 -9.70113 0
      vertex 6.11127 -9.14616 7
      vertex 5.18536 -9.70113 7
    endloop
  endfacet
  facet normal 0.514103 -0.857728 0
    outer loop
      vertex 6.11127 -9.14616 7
      vertex 5.18536 -9.70113 0
      vertex 6.11127 -9.14616 0
    endloop
  endfacet
  facet normal -0.671563 -0.740948 0
    outer loop
      vertex -7.77817 -7.77817 0
      vertex -6.97833 -8.50311 7
      vertex -7.77817 -7.77817 7
    endloop
  endfacet
  facet normal -0.671563 -0.740948 -0
    outer loop
      vertex -6.97833 -8.50311 7
      vertex -7.77817 -7.77817 0
      vertex -6.97833 -8.50311 0
    endloop
  endfacet
  facet normal -0.427579 0.903978 0
    outer loop
      vertex -4.20952 10.1627 0
      vertex -5.18536 9.70113 7
      vertex -4.20952 10.1627 7
    endloop
  endfacet
  facet normal -0.427579 0.903978 0
    outer loop
      vertex -5.18536 9.70113 7
      vertex -4.20952 10.1627 0
      vertex -5.18536 9.70113 0
    endloop
  endfacet
  facet normal -0.0490972 0.998794 0
    outer loop
      vertex 0 11 0
      vertex -1.07819 10.947 7
      vertex 0 11 7
    endloop
  endfacet
  facet normal -0.0490972 0.998794 0
    outer loop
      vertex -1.07819 10.947 7
      vertex 0 11 0
      vertex -1.07819 10.947 0
    endloop
  endfacet
  facet normal -0.427579 -0.903978 0
    outer loop
      vertex -5.18536 -9.70113 0
      vertex -4.20952 -10.1627 7
      vertex -5.18536 -9.70113 7
    endloop
  endfacet
  facet normal -0.427579 -0.903978 -0
    outer loop
      vertex -4.20952 -10.1627 7
      vertex -5.18536 -9.70113 0
      vertex -4.20952 -10.1627 0
    endloop
  endfacet
  facet normal -0.941565 -0.336832 0
    outer loop
      vertex -10.1627 -4.20952 0
      vertex -10.5263 -3.19313 7
      vertex -10.5263 -3.19313 0
    endloop
  endfacet
  facet normal -0.941565 -0.336832 0
    outer loop
      vertex -10.5263 -3.19313 7
      vertex -10.1627 -4.20952 0
      vertex -10.1627 -4.20952 7
    endloop
  endfacet
  facet normal -0.242985 -0.97003 0
    outer loop
      vertex -3.19313 -10.5263 0
      vertex -2.14599 -10.7886 7
      vertex -3.19313 -10.5263 7
    endloop
  endfacet
  facet normal -0.242985 -0.97003 -0
    outer loop
      vertex -2.14599 -10.7886 7
      vertex -3.19313 -10.5263 0
      vertex -2.14599 -10.7886 0
    endloop
  endfacet
  facet normal 0.903978 0.427579 0
    outer loop
      vertex 10.1627 4.20952 7
      vertex 9.70113 5.18536 0
      vertex 9.70113 5.18536 7
    endloop
  endfacet
  facet normal 0.903978 0.427579 0
    outer loop
      vertex 9.70113 5.18536 0
      vertex 10.1627 4.20952 7
      vertex 10.1627 4.20952 0
    endloop
  endfacet
  facet normal 0.0490972 -0.998794 0
    outer loop
      vertex 0 -11 0
      vertex 1.07819 -10.947 7
      vertex 0 -11 7
    endloop
  endfacet
  facet normal 0.0490972 -0.998794 0
    outer loop
      vertex 1.07819 -10.947 7
      vertex 0 -11 0
      vertex 1.07819 -10.947 0
    endloop
  endfacet
  facet normal -0.903978 -0.427579 0
    outer loop
      vertex -9.70113 -5.18536 0
      vertex -10.1627 -4.20952 7
      vertex -10.1627 -4.20952 0
    endloop
  endfacet
  facet normal -0.903978 -0.427579 0
    outer loop
      vertex -10.1627 -4.20952 7
      vertex -9.70113 -5.18536 0
      vertex -9.70113 -5.18536 7
    endloop
  endfacet
  facet normal 0.427579 0.903978 -0
    outer loop
      vertex 5.18536 9.70113 0
      vertex 4.20952 10.1627 7
      vertex 5.18536 9.70113 7
    endloop
  endfacet
  facet normal 0.427579 0.903978 0
    outer loop
      vertex 4.20952 10.1627 7
      vertex 5.18536 9.70113 0
      vertex 4.20952 10.1627 0
    endloop
  endfacet
  facet normal 0.514103 0.857728 -0
    outer loop
      vertex 6.11127 9.14616 0
      vertex 5.18536 9.70113 7
      vertex 6.11127 9.14616 7
    endloop
  endfacet
  facet normal 0.514103 0.857728 0
    outer loop
      vertex 5.18536 9.70113 7
      vertex 6.11127 9.14616 0
      vertex 5.18536 9.70113 0
    endloop
  endfacet
  facet normal -0.740948 0.671563 0
    outer loop
      vertex -8.50311 6.97833 0
      vertex -7.77817 7.77817 7
      vertex -7.77817 7.77817 0
    endloop
  endfacet
  facet normal -0.740948 0.671563 0
    outer loop
      vertex -7.77817 7.77817 7
      vertex -8.50311 6.97833 0
      vertex -8.50311 6.97833 7
    endloop
  endfacet
  facet normal 0.595696 0.80321 -0
    outer loop
      vertex 6.97833 8.50311 0
      vertex 6.11127 9.14616 7
      vertex 6.97833 8.50311 7
    endloop
  endfacet
  facet normal 0.595696 0.80321 0
    outer loop
      vertex 6.11127 9.14616 7
      vertex 6.97833 8.50311 0
      vertex 6.11127 9.14616 0
    endloop
  endfacet
  facet normal -0.242985 0.97003 0
    outer loop
      vertex -2.14599 10.7886 0
      vertex -3.19313 10.5263 7
      vertex -2.14599 10.7886 7
    endloop
  endfacet
  facet normal -0.242985 0.97003 0
    outer loop
      vertex -3.19313 10.5263 7
      vertex -2.14599 10.7886 0
      vertex -3.19313 10.5263 0
    endloop
  endfacet
  facet normal -0.595696 -0.80321 0
    outer loop
      vertex -6.97833 -8.50311 0
      vertex -6.11127 -9.14616 7
      vertex -6.97833 -8.50311 7
    endloop
  endfacet
  facet normal -0.595696 -0.80321 -0
    outer loop
      vertex -6.11127 -9.14616 7
      vertex -6.97833 -8.50311 0
      vertex -6.11127 -9.14616 0
    endloop
  endfacet
  facet normal -0.514103 0.857728 0
    outer loop
      vertex -5.18536 9.70113 0
      vertex -6.11127 9.14616 7
      vertex -5.18536 9.70113 7
    endloop
  endfacet
  facet normal -0.514103 0.857728 0
    outer loop
      vertex -6.11127 9.14616 7
      vertex -5.18536 9.70113 0
      vertex -6.11127 9.14616 0
    endloop
  endfacet
  facet normal -0.989176 -0.146737 0
    outer loop
      vertex -10.7886 -2.14599 0
      vertex -10.947 -1.07819 7
      vertex -10.947 -1.07819 0
    endloop
  endfacet
  facet normal -0.989176 -0.146737 0
    outer loop
      vertex -10.947 -1.07819 7
      vertex -10.7886 -2.14599 0
      vertex -10.7886 -2.14599 7
    endloop
  endfacet
  facet normal -0.903978 0.427579 0
    outer loop
      vertex -10.1627 4.20952 0
      vertex -9.70113 5.18536 7
      vertex -9.70113 5.18536 0
    endloop
  endfacet
  facet normal -0.903978 0.427579 0
    outer loop
      vertex -9.70113 5.18536 7
      vertex -10.1627 4.20952 0
      vertex -10.1627 4.20952 7
    endloop
  endfacet
  facet normal 0.427579 -0.903978 0
    outer loop
      vertex 4.20952 -10.1627 0
      vertex 5.18536 -9.70113 7
      vertex 4.20952 -10.1627 7
    endloop
  endfacet
  facet normal 0.427579 -0.903978 0
    outer loop
      vertex 5.18536 -9.70113 7
      vertex 4.20952 -10.1627 0
      vertex 5.18536 -9.70113 0
    endloop
  endfacet
  facet normal 0.336832 -0.941565 0
    outer loop
      vertex 3.19313 -10.5263 0
      vertex 4.20952 -10.1627 7
      vertex 3.19313 -10.5263 7
    endloop
  endfacet
  facet normal 0.336832 -0.941565 0
    outer loop
      vertex 4.20952 -10.1627 7
      vertex 3.19313 -10.5263 0
      vertex 4.20952 -10.1627 0
    endloop
  endfacet
  facet normal 0.242985 -0.97003 0
    outer loop
      vertex 2.14599 -10.7886 0
      vertex 3.19313 -10.5263 7
      vertex 2.14599 -10.7886 7
    endloop
  endfacet
  facet normal 0.242985 -0.97003 0
    outer loop
      vertex 3.19313 -10.5263 7
      vertex 2.14599 -10.7886 0
      vertex 3.19313 -10.5263 0
    endloop
  endfacet
  facet normal -0.80321 0.595696 0
    outer loop
      vertex -9.14616 6.11127 0
      vertex -8.50311 6.97833 7
      vertex -8.50311 6.97833 0
    endloop
  endfacet
  facet normal -0.80321 0.595696 0
    outer loop
      vertex -8.50311 6.97833 7
      vertex -9.14616 6.11127 0
      vertex -9.14616 6.11127 7
    endloop
  endfacet
  facet normal 0 0 1
    outer loop
      vertex 8.5 0 7
      vertex 11 0 7
      vertex 10.947 1.07819 7
    endloop
  endfacet
  facet normal 0 0 1
    outer loop
      vertex 8.45907 0.833145 7
      vertex 10.947 1.07819 7
      vertex 10.7886 2.14599 7
    endloop
  endfacet
  facet normal 0 0 1
    outer loop
      vertex 11 0 7
      vertex 8.5 0 7
      vertex 10.947 -1.07819 7
    endloop
  endfacet
  facet normal 0 0 1
    outer loop
      vertex 8.33667 1.65827 7
      vertex 10.7886 2.14599 7
      vertex 10.5263 3.19313 7
    endloop
  endfacet
  facet normal -0 0 1
    outer loop
      vertex 8.45907 -0.833145 7
      vertex 10.947 -1.07819 7
      vertex 8.5 0 7
    endloop
  endfacet
  facet normal 0 0 1
    outer loop
      vertex 8.13399 2.46742 7
      vertex 10.5263 3.19313 7
      vertex 10.1627 4.20952 7
    endloop
  endfacet
  facet normal 0 0 1
    outer loop
      vertex 10.947 -1.07819 7
      vertex 8.45907 -0.833145 7
      vertex 10.7886 -2.14599 7
    endloop
  endfacet
  facet normal 0 0 1
    outer loop
      vertex 7.85298 3.25281 7
      vertex 10.1627 4.20952 7
      vertex 9.70113 5.18536 7
    endloop
  endfacet
  facet normal -0 0 1
    outer loop
      vertex 8.33667 -1.65827 7
      vertex 10.7886 -2.14599 7
      vertex 8.45907 -0.833145 7
    endloop
  endfacet
  facet normal 0 0 1
    outer loop
      vertex 7.49633 4.00687 7
      vertex 9.70113 5.18536 7
      vertex 9.14616 6.11127 7
    endloop
  endfacet
  facet normal 0 0 1
    outer loop
      vertex 10.7886 -2.14599 7
      vertex 8.33667 -1.65827 7
      vertex 10.5263 -3.19313 7
    endloop
  endfacet
  facet normal 0 0 1
    outer loop
      vertex 7.06749 4.72235 7
      vertex 9.14616 6.11127 7
      vertex 8.50311 6.97833 7
    endloop
  endfacet
  facet normal -0 0 1
    outer loop
      vertex 8.13399 -2.46742 7
      vertex 10.5263 -3.19313 7
      vertex 8.33667 -1.65827 7
    endloop
  endfacet
  facet normal 0 0 1
    outer loop
      vertex 10.5263 -3.19313 7
      vertex 8.13399 -2.46742 7
      vertex 10.1627 -4.20952 7
    endloop
  endfacet
  facet normal 0 0 1
    outer loop
      vertex 10.947 1.07819 7
      vertex 8.45907 0.833145 7
      vertex 8.5 0 7
    endloop
  endfacet
  facet normal 0 0 1
    outer loop
      vertex 10.7886 2.14599 7
      vertex 8.33667 1.65827 7
      vertex 8.45907 0.833145 7
    endloop
  endfacet
  facet normal 0 0 1
    outer loop
      vertex 10.5263 3.19313 7
      vertex 8.13399 2.46742 7
      vertex 8.33667 1.65827 7
    endloop
  endfacet
  facet normal 0 0 1
    outer loop
      vertex 10.1627 4.20952 7
      vertex 7.85298 3.25281 7
      vertex 8.13399 2.46742 7
    endloop
  endfacet
  facet normal 0 0 1
    outer loop
      vertex 6.57059 5.39234 7
      vertex 8.50311 6.97833 7
      vertex 7.77817 7.77817 7
    endloop
  endfacet
  facet normal 0 0 1
    outer loop
      vertex 9.70113 5.18536 7
      vertex 7.49633 4.00687 7
      vertex 7.85298 3.25281 7
    endloop
  endfacet
  facet normal 0 0 1
    outer loop
      vertex 9.14616 6.11127 7
      vertex 7.06749 4.72235 7
      vertex 7.49633 4.00687 7
    endloop
  endfacet
  facet normal 0 0 1
    outer loop
      vertex 6.01041 6.01041 7
      vertex 7.77817 7.77817 7
      vertex 6.97833 8.50311 7
    endloop
  endfacet
  facet normal 0 0 1
    outer loop
      vertex 8.50311 6.97833 7
      vertex 6.57059 5.39234 7
      vertex 7.06749 4.72235 7
    endloop
  endfacet
  facet normal 0 0 1
    outer loop
      vertex 5.39234 6.57059 7
      vertex 6.97833 8.50311 7
      vertex 6.11127 9.14616 7
    endloop
  endfacet
  facet normal 0 0 1
    outer loop
      vertex 7.77817 7.77817 7
      vertex 6.01041 6.01041 7
      vertex 6.57059 5.39234 7
    endloop
  endfacet
  facet normal 0 0 1
    outer loop
      vertex 6.97833 8.50311 7
      vertex 5.39234 6.57059 7
      vertex 6.01041 6.01041 7
    endloop
  endfacet
  facet normal 0 0 1
    outer loop
      vertex 4.72235 7.06749 7
      vertex 6.11127 9.14616 7
      vertex 5.18536 9.70113 7
    endloop
  endfacet
  facet normal 0 0 1
    outer loop
      vertex 6.11127 9.14616 7
      vertex 4.72235 7.06749 7
      vertex 5.39234 6.57059 7
    endloop
  endfacet
  facet normal 0 0 1
    outer loop
      vertex 4.00687 7.49633 7
      vertex 5.18536 9.70113 7
      vertex 4.20952 10.1627 7
    endloop
  endfacet
  facet normal 0 0 1
    outer loop
      vertex 5.18536 9.70113 7
      vertex 4.00687 7.49633 7
      vertex 4.72235 7.06749 7
    endloop
  endfacet
  facet normal 0 0 1
    outer loop
      vertex 4.20952 10.1627 7
      vertex 3.25281 7.85298 7
      vertex 4.00687 7.49633 7
    endloop
  endfacet
  facet normal 0 0 1
    outer loop
      vertex 3.19313 10.5263 7
      vertex 3.25281 7.85298 7
      vertex 4.20952 10.1627 7
    endloop
  endfacet
  facet normal 0 0 1
    outer loop
      vertex 3.19313 10.5263 7
      vertex 2.46742 8.13399 7
      vertex 3.25281 7.85298 7
    endloop
  endfacet
  facet normal 0 0 1
    outer loop
      vertex 2.14599 10.7886 7
      vertex 2.46742 8.13399 7
      vertex 3.19313 10.5263 7
    endloop
  endfacet
  facet normal 0 0 1
    outer loop
      vertex 2.14599 10.7886 7
      vertex 1.65827 8.33667 7
      vertex 2.46742 8.13399 7
    endloop
  endfacet
  facet normal 0 0 1
    outer loop
      vertex 1.07819 10.947 7
      vertex 1.65827 8.33667 7
      vertex 2.14599 10.7886 7
    endloop
  endfacet
  facet normal 0 0 1
    outer loop
      vertex 1.07819 10.947 7
      vertex 0.833145 8.45907 7
      vertex 1.65827 8.33667 7
    endloop
  endfacet
  facet normal 0 0 1
    outer loop
      vertex 0 11 7
      vertex 0.833145 8.45907 7
      vertex 1.07819 10.947 7
    endloop
  endfacet
  facet normal 0 0 1
    outer loop
      vertex 0 11 7
      vertex 0 8.5 7
      vertex 0.833145 8.45907 7
    endloop
  endfacet
  facet normal 0 0 1
    outer loop
      vertex 0 11 7
      vertex -0.833145 8.45907 7
      vertex 0 8.5 7
    endloop
  endfacet
  facet normal -0 0 1
    outer loop
      vertex -1.07819 10.947 7
      vertex -0.833145 8.45907 7
      vertex 0 11 7
    endloop
  endfacet
  facet normal 0 0 1
    outer loop
      vertex -1.07819 10.947 7
      vertex -1.65827 8.33667 7
      vertex -0.833145 8.45907 7
    endloop
  endfacet
  facet normal -0 0 1
    outer loop
      vertex -2.14599 10.7886 7
      vertex -1.65827 8.33667 7
      vertex -1.07819 10.947 7
    endloop
  endfacet
  facet normal 0 0 1
    outer loop
      vertex -2.14599 10.7886 7
      vertex -2.46742 8.13399 7
      vertex -1.65827 8.33667 7
    endloop
  endfacet
  facet normal -0 0 1
    outer loop
      vertex -3.19313 10.5263 7
      vertex -2.46742 8.13399 7
      vertex -2.14599 10.7886 7
    endloop
  endfacet
  facet normal 0 0 1
    outer loop
      vertex -3.19313 10.5263 7
      vertex -3.25281 7.85298 7
      vertex -2.46742 8.13399 7
    endloop
  endfacet
  facet normal -0 0 1
    outer loop
      vertex -4.20952 10.1627 7
      vertex -3.25281 7.85298 7
      vertex -3.19313 10.5263 7
    endloop
  endfacet
  facet normal 0 0 1
    outer loop
      vertex -3.25281 7.85298 7
      vertex -4.20952 10.1627 7
      vertex -4.00687 7.49633 7
    endloop
  endfacet
  facet normal -0 0 1
    outer loop
      vertex -5.18536 9.70113 7
      vertex -4.00687 7.49633 7
      vertex -4.20952 10.1627 7
    endloop
  endfacet
  facet normal 0 0 1
    outer loop
      vertex -4.00687 7.49633 7
      vertex -5.18536 9.70113 7
      vertex -4.72235 7.06749 7
    endloop
  endfacet
  facet normal -0 0 1
    outer loop
      vertex -6.11127 9.14616 7
      vertex -4.72235 7.06749 7
      vertex -5.18536 9.70113 7
    endloop
  endfacet
  facet normal 0 0 1
    outer loop
      vertex -4.72235 7.06749 7
      vertex -6.11127 9.14616 7
      vertex -5.39234 6.57059 7
    endloop
  endfacet
  facet normal -0 0 1
    outer loop
      vertex -6.97833 8.50311 7
      vertex -5.39234 6.57059 7
      vertex -6.11127 9.14616 7
    endloop
  endfacet
  facet normal 0 0 1
    outer loop
      vertex -5.39234 6.57059 7
      vertex -6.97833 8.50311 7
      vertex -6.01041 6.01041 7
    endloop
  endfacet
  facet normal -0 0 1
    outer loop
      vertex -7.77817 7.77817 7
      vertex -6.01041 6.01041 7
      vertex -6.97833 8.50311 7
    endloop
  endfacet
  facet normal 0 0 1
    outer loop
      vertex -6.01041 6.01041 7
      vertex -7.77817 7.77817 7
      vertex -6.57059 5.39234 7
    endloop
  endfacet
  facet normal -0 0 1
    outer loop
      vertex -8.50311 6.97833 7
      vertex -6.57059 5.39234 7
      vertex -7.77817 7.77817 7
    endloop
  endfacet
  facet normal 0 0 1
    outer loop
      vertex -6.57059 5.39234 7
      vertex -8.50311 6.97833 7
      vertex -7.06749 4.72235 7
    endloop
  endfacet
  facet normal -0 0 1
    outer loop
      vertex -9.14616 6.11127 7
      vertex -7.06749 4.72235 7
      vertex -8.50311 6.97833 7
    endloop
  endfacet
  facet normal 0 0 1
    outer loop
      vertex -7.06749 4.72235 7
      vertex -9.14616 6.11127 7
      vertex -7.49633 4.00687 7
    endloop
  endfacet
  facet normal -0 0 1
    outer loop
      vertex -9.70113 5.18536 7
      vertex -7.49633 4.00687 7
      vertex -9.14616 6.11127 7
    endloop
  endfacet
  facet normal 0 0 1
    outer loop
      vertex -7.49633 4.00687 7
      vertex -9.70113 5.18536 7
      vertex -7.85298 3.25281 7
    endloop
  endfacet
  facet normal 0 0 1
    outer loop
      vertex -7.85298 3.25281 7
      vertex -10.1627 4.20952 7
      vertex -8.13399 2.46742 7
    endloop
  endfacet
  facet normal -0 0 1
    outer loop
      vertex -10.1627 4.20952 7
      vertex -7.85298 3.25281 7
      vertex -9.70113 5.18536 7
    endloop
  endfacet
  facet normal -0 0 1
    outer loop
      vertex 7.85298 -3.25281 7
      vertex 10.1627 -4.20952 7
      vertex 8.13399 -2.46742 7
    endloop
  endfacet
  facet normal 0 0 1
    outer loop
      vertex 10.1627 -4.20952 7
      vertex 7.85298 -3.25281 7
      vertex 9.70113 -5.18536 7
    endloop
  endfacet
  facet normal -0 0 1
    outer loop
      vertex 7.49633 -4.00687 7
      vertex 9.70113 -5.18536 7
      vertex 7.85298 -3.25281 7
    endloop
  endfacet
  facet normal 0 0 1
    outer loop
      vertex 9.70113 -5.18536 7
      vertex 7.49633 -4.00687 7
      vertex 9.14616 -6.11127 7
    endloop
  endfacet
  facet normal -0 0 1
    outer loop
      vertex 7.06749 -4.72235 7
      vertex 9.14616 -6.11127 7
      vertex 7.49633 -4.00687 7
    endloop
  endfacet
  facet normal 0 0 1
    outer loop
      vertex 9.14616 -6.11127 7
      vertex 7.06749 -4.72235 7
      vertex 8.50311 -6.97833 7
    endloop
  endfacet
  facet normal -0 0 1
    outer loop
      vertex 6.57059 -5.39234 7
      vertex 8.50311 -6.97833 7
      vertex 7.06749 -4.72235 7
    endloop
  endfacet
  facet normal 0 0 1
    outer loop
      vertex 8.50311 -6.97833 7
      vertex 6.57059 -5.39234 7
      vertex 7.77817 -7.77817 7
    endloop
  endfacet
  facet normal -0 0 1
    outer loop
      vertex 6.01041 -6.01041 7
      vertex 7.77817 -7.77817 7
      vertex 6.57059 -5.39234 7
    endloop
  endfacet
  facet normal 0 0 1
    outer loop
      vertex 7.77817 -7.77817 7
      vertex 6.01041 -6.01041 7
      vertex 6.97833 -8.50311 7
    endloop
  endfacet
  facet normal -0 0 1
    outer loop
      vertex 5.39234 -6.57059 7
      vertex 6.97833 -8.50311 7
      vertex 6.01041 -6.01041 7
    endloop
  endfacet
  facet normal 0 0 1
    outer loop
      vertex 6.97833 -8.50311 7
      vertex 5.39234 -6.57059 7
      vertex 6.11127 -9.14616 7
    endloop
  endfacet
  facet normal -0 0 1
    outer loop
      vertex 4.72235 -7.06749 7
      vertex 6.11127 -9.14616 7
      vertex 5.39234 -6.57059 7
    endloop
  endfacet
  facet normal 0 0 1
    outer loop
      vertex 6.11127 -9.14616 7
      vertex 4.72235 -7.06749 7
      vertex 5.18536 -9.70113 7
    endloop
  endfacet
  facet normal -0 0 1
    outer loop
      vertex 4.00687 -7.49633 7
      vertex 5.18536 -9.70113 7
      vertex 4.72235 -7.06749 7
    endloop
  endfacet
  facet normal 0 0 1
    outer loop
      vertex 5.18536 -9.70113 7
      vertex 4.00687 -7.49633 7
      vertex 4.20952 -10.1627 7
    endloop
  endfacet
  facet normal -0 0 1
    outer loop
      vertex 3.25281 -7.85298 7
      vertex 4.20952 -10.1627 7
      vertex 4.00687 -7.49633 7
    endloop
  endfacet
  facet normal 0 0 1
    outer loop
      vertex 3.25281 -7.85298 7
      vertex 3.19313 -10.5263 7
      vertex 4.20952 -10.1627 7
    endloop
  endfacet
  facet normal -0 0 1
    outer loop
      vertex 2.46742 -8.13399 7
      vertex 3.19313 -10.5263 7
      vertex 3.25281 -7.85298 7
    endloop
  endfacet
  facet normal 0 0 1
    outer loop
      vertex 2.46742 -8.13399 7
      vertex 2.14599 -10.7886 7
      vertex 3.19313 -10.5263 7
    endloop
  endfacet
  facet normal -0 0 1
    outer loop
      vertex 1.65827 -8.33667 7
      vertex 2.14599 -10.7886 7
      vertex 2.46742 -8.13399 7
    endloop
  endfacet
  facet normal 0 0 1
    outer loop
      vertex 1.65827 -8.33667 7
      vertex 1.07819 -10.947 7
      vertex 2.14599 -10.7886 7
    endloop
  endfacet
  facet normal -0 0 1
    outer loop
      vertex 0.833145 -8.45907 7
      vertex 1.07819 -10.947 7
      vertex 1.65827 -8.33667 7
    endloop
  endfacet
  facet normal -0 0 1
    outer loop
      vertex 0 -8.5 7
      vertex 1.07819 -10.947 7
      vertex 0.833145 -8.45907 7
    endloop
  endfacet
  facet normal 0 0 1
    outer loop
      vertex 0 -8.5 7
      vertex 0 -11 7
      vertex 1.07819 -10.947 7
    endloop
  endfacet
  facet normal 0 0 1
    outer loop
      vertex -0.833145 -8.45907 7
      vertex 0 -11 7
      vertex 0 -8.5 7
    endloop
  endfacet
  facet normal 0 0 1
    outer loop
      vertex -0.833145 -8.45907 7
      vertex -1.07819 -10.947 7
      vertex 0 -11 7
    endloop
  endfacet
  facet normal 0 0 1
    outer loop
      vertex -1.65827 -8.33667 7
      vertex -1.07819 -10.947 7
      vertex -0.833145 -8.45907 7
    endloop
  endfacet
  facet normal 0 0 1
    outer loop
      vertex -1.65827 -8.33667 7
      vertex -2.14599 -10.7886 7
      vertex -1.07819 -10.947 7
    endloop
  endfacet
  facet normal 0 0 1
    outer loop
      vertex -2.46742 -8.13399 7
      vertex -2.14599 -10.7886 7
      vertex -1.65827 -8.33667 7
    endloop
  endfacet
  facet normal 0 0 1
    outer loop
      vertex -2.46742 -8.13399 7
      vertex -3.19313 -10.5263 7
      vertex -2.14599 -10.7886 7
    endloop
  endfacet
  facet normal 0 0 1
    outer loop
      vertex -3.25281 -7.85298 7
      vertex -3.19313 -10.5263 7
      vertex -2.46742 -8.13399 7
    endloop
  endfacet
  facet normal 0 0 1
    outer loop
      vertex -4.20952 -10.1627 7
      vertex -3.25281 -7.85298 7
      vertex -4.00687 -7.49633 7
    endloop
  endfacet
  facet normal 0 0 1
    outer loop
      vertex -3.25281 -7.85298 7
      vertex -4.20952 -10.1627 7
      vertex -3.19313 -10.5263 7
    endloop
  endfacet
  facet normal 0 0 1
    outer loop
      vertex -5.18536 -9.70113 7
      vertex -4.00687 -7.49633 7
      vertex -4.72235 -7.06749 7
    endloop
  endfacet
  facet normal 0 0 1
    outer loop
      vertex -4.00687 -7.49633 7
      vertex -5.18536 -9.70113 7
      vertex -4.20952 -10.1627 7
    endloop
  endfacet
  facet normal 0 0 1
    outer loop
      vertex -6.11127 -9.14616 7
      vertex -4.72235 -7.06749 7
      vertex -5.39234 -6.57059 7
    endloop
  endfacet
  facet normal 0 0 1
    outer loop
      vertex -6.97833 -8.50311 7
      vertex -5.39234 -6.57059 7
      vertex -6.01041 -6.01041 7
    endloop
  endfacet
  facet normal 0 0 1
    outer loop
      vertex -4.72235 -7.06749 7
      vertex -6.11127 -9.14616 7
      vertex -5.18536 -9.70113 7
    endloop
  endfacet
  facet normal 0 0 1
    outer loop
      vertex -7.77817 -7.77817 7
      vertex -6.01041 -6.01041 7
      vertex -6.57059 -5.39234 7
    endloop
  endfacet
  facet normal 0 0 1
    outer loop
      vertex -5.39234 -6.57059 7
      vertex -6.97833 -8.50311 7
      vertex -6.11127 -9.14616 7
    endloop
  endfacet
  facet normal 0 0 1
    outer loop
      vertex -8.50311 -6.97833 7
      vertex -6.57059 -5.39234 7
      vertex -7.06749 -4.72235 7
    endloop
  endfacet
  facet normal 0 0 1
    outer loop
      vertex -9.14616 -6.11127 7
      vertex -7.06749 -4.72235 7
      vertex -7.49633 -4.00687 7
    endloop
  endfacet
  facet normal 0 0 1
    outer loop
      vertex -6.01041 -6.01041 7
      vertex -7.77817 -7.77817 7
      vertex -6.97833 -8.50311 7
    endloop
  endfacet
  facet normal 0 0 1
    outer loop
      vertex -9.70113 -5.18536 7
      vertex -7.49633 -4.00687 7
      vertex -7.85298 -3.25281 7
    endloop
  endfacet
  facet normal 0 0 1
    outer loop
      vertex -10.1627 -4.20952 7
      vertex -7.85298 -3.25281 7
      vertex -8.13399 -2.46742 7
    endloop
  endfacet
  facet normal 0 0 1
    outer loop
      vertex -10.5263 -3.19313 7
      vertex -8.13399 -2.46742 7
      vertex -8.33667 -1.65827 7
    endloop
  endfacet
  facet normal 0 0 1
    outer loop
      vertex -10.7886 -2.14599 7
      vertex -8.33667 -1.65827 7
      vertex -8.45907 -0.833145 7
    endloop
  endfacet
  facet normal 0 0 1
    outer loop
      vertex -6.57059 -5.39234 7
      vertex -8.50311 -6.97833 7
      vertex -7.77817 -7.77817 7
    endloop
  endfacet
  facet normal 0 0 1
    outer loop
      vertex -10.947 -1.07819 7
      vertex -8.45907 -0.833145 7
      vertex -8.5 0 7
    endloop
  endfacet
  facet normal -0 0 1
    outer loop
      vertex -10.5263 3.19313 7
      vertex -8.13399 2.46742 7
      vertex -10.1627 4.20952 7
    endloop
  endfacet
  facet normal 0 0 1
    outer loop
      vertex -8.13399 2.46742 7
      vertex -10.5263 3.19313 7
      vertex -8.33667 1.65827 7
    endloop
  endfacet
  facet normal 0 0 1
    outer loop
      vertex -7.06749 -4.72235 7
      vertex -9.14616 -6.11127 7
      vertex -8.50311 -6.97833 7
    endloop
  endfacet
  facet normal -0 0 1
    outer loop
      vertex -10.7886 2.14599 7
      vertex -8.33667 1.65827 7
      vertex -10.5263 3.19313 7
    endloop
  endfacet
  facet normal 0 0 1
    outer loop
      vertex -7.49633 -4.00687 7
      vertex -9.70113 -5.18536 7
      vertex -9.14616 -6.11127 7
    endloop
  endfacet
  facet normal 0 0 1
    outer loop
      vertex -8.33667 1.65827 7
      vertex -10.7886 2.14599 7
      vertex -8.45907 0.833145 7
    endloop
  endfacet
  facet normal 0 0 1
    outer loop
      vertex -7.85298 -3.25281 7
      vertex -10.1627 -4.20952 7
      vertex -9.70113 -5.18536 7
    endloop
  endfacet
  facet normal -0 0 1
    outer loop
      vertex -10.947 1.07819 7
      vertex -8.45907 0.833145 7
      vertex -10.7886 2.14599 7
    endloop
  endfacet
  facet normal 0 0 1
    outer loop
      vertex -8.13399 -2.46742 7
      vertex -10.5263 -3.19313 7
      vertex -10.1627 -4.20952 7
    endloop
  endfacet
  facet normal 0 0 1
    outer loop
      vertex -8.45907 0.833145 7
      vertex -10.947 1.07819 7
      vertex -8.5 0 7
    endloop
  endfacet
  facet normal 0 0 1
    outer loop
      vertex -8.33667 -1.65827 7
      vertex -10.7886 -2.14599 7
      vertex -10.5263 -3.19313 7
    endloop
  endfacet
  facet normal 0 0 1
    outer loop
      vertex -11 0 7
      vertex -8.5 0 7
      vertex -10.947 1.07819 7
    endloop
  endfacet
  facet normal 0 0 1
    outer loop
      vertex -8.45907 -0.833145 7
      vertex -10.947 -1.07819 7
      vertex -10.7886 -2.14599 7
    endloop
  endfacet
  facet normal 0 0 1
    outer loop
      vertex -8.5 0 7
      vertex -11 0 7
      vertex -10.947 -1.07819 7
    endloop
  endfacet
  facet normal 0.857728 -0.514103 0
    outer loop
      vertex 9.14616 -6.11127 7
      vertex 9.70113 -5.18536 0
      vertex 9.70113 -5.18536 7
    endloop
  endfacet
  facet normal 0.857728 -0.514103 0
    outer loop
      vertex 9.70113 -5.18536 0
      vertex 9.14616 -6.11127 7
      vertex 9.14616 -6.11127 0
    endloop
  endfacet
  facet normal 0.80321 -0.595696 0
    outer loop
      vertex 8.50311 -6.97833 7
      vertex 9.14616 -6.11127 0
      vertex 9.14616 -6.11127 7
    endloop
  endfacet
  facet normal 0.80321 -0.595696 0
    outer loop
      vertex 9.14616 -6.11127 0
      vertex 8.50311 -6.97833 7
      vertex 8.50311 -6.97833 0
    endloop
  endfacet
  facet normal -0.857728 -0.514103 0
    outer loop
      vertex -9.14616 -6.11127 0
      vertex -9.70113 -5.18536 7
      vertex -9.70113 -5.18536 0
    endloop
  endfacet
  facet normal -0.857728 -0.514103 0
    outer loop
      vertex -9.70113 -5.18536 7
      vertex -9.14616 -6.11127 0
      vertex -9.14616 -6.11127 7
    endloop
  endfacet
  facet normal -0.146737 -0.989176 0
    outer loop
      vertex -2.14599 -10.7886 0
      vertex -1.07819 -10.947 7
      vertex -2.14599 -10.7886 7
    endloop
  endfacet
  facet normal -0.146737 -0.989176 -0
    outer loop
      vertex -1.07819 -10.947 7
      vertex -2.14599 -10.7886 0
      vertex -1.07819 -10.947 0
    endloop
  endfacet
  facet normal 0.336832 0.941565 -0
    outer loop
      vertex 4.20952 10.1627 0
      vertex 3.19313 10.5263 7
      vertex 4.20952 10.1627 7
    endloop
  endfacet
  facet normal 0.336832 0.941565 0
    outer loop
      vertex 3.19313 10.5263 7
      vertex 4.20952 10.1627 0
      vertex 3.19313 10.5263 0
    endloop
  endfacet
  facet normal 0.671563 -0.740948 0
    outer loop
      vertex 6.97833 -8.50311 0
      vertex 7.77817 -7.77817 7
      vertex 6.97833 -8.50311 7
    endloop
  endfacet
  facet normal 0.671563 -0.740948 0
    outer loop
      vertex 7.77817 -7.77817 7
      vertex 6.97833 -8.50311 0
      vertex 7.77817 -7.77817 0
    endloop
  endfacet
  facet normal -0.857728 0.514103 0
    outer loop
      vertex -9.70113 5.18536 0
      vertex -9.14616 6.11127 7
      vertex -9.14616 6.11127 0
    endloop
  endfacet
  facet normal -0.857728 0.514103 0
    outer loop
      vertex -9.14616 6.11127 7
      vertex -9.70113 5.18536 0
      vertex -9.70113 5.18536 7
    endloop
  endfacet
  facet normal 0.989176 0.146736 0
    outer loop
      vertex 17.9133 1.76431 11
      vertex 17.6541 3.51163 -4
      vertex 17.6541 3.51163 11
    endloop
  endfacet
  facet normal 0.989176 0.146736 0
    outer loop
      vertex 17.6541 3.51163 -4
      vertex 17.9133 1.76431 11
      vertex 17.9133 1.76431 -4
    endloop
  endfacet
  facet normal 0.998795 0.0490818 0
    outer loop
      vertex 18 0 11
      vertex 17.9133 1.76431 -4
      vertex 17.9133 1.76431 11
    endloop
  endfacet
  facet normal 0.998795 0.0490818 0
    outer loop
      vertex 17.9133 1.76431 -4
      vertex 18 0 11
      vertex 18 0 -4
    endloop
  endfacet
  facet normal 0.970032 0.242977 0
    outer loop
      vertex 17.6541 3.51163 11
      vertex 17.2249 5.22512 -4
      vertex 17.2249 5.22512 11
    endloop
  endfacet
  facet normal 0.970032 0.242977 0
    outer loop
      vertex 17.2249 5.22512 -4
      vertex 17.6541 3.51163 11
      vertex 17.6541 3.51163 -4
    endloop
  endfacet
  facet normal 0.336892 -0.941543 0
    outer loop
      vertex 5.22512 -17.2249 -4
      vertex 6.8883 -16.6298 11
      vertex 5.22512 -17.2249 11
    endloop
  endfacet
  facet normal 0.336892 -0.941543 0
    outer loop
      vertex 6.8883 -16.6298 11
      vertex 5.22512 -17.2249 -4
      vertex 6.8883 -16.6298 -4
    endloop
  endfacet
  facet normal 0.941543 0.336892 0
    outer loop
      vertex 17.2249 5.22512 11
      vertex 16.6298 6.8883 -4
      vertex 16.6298 6.8883 11
    endloop
  endfacet
  facet normal 0.941543 0.336892 0
    outer loop
      vertex 16.6298 6.8883 -4
      vertex 17.2249 5.22512 11
      vertex 17.2249 5.22512 -4
    endloop
  endfacet
  facet normal 0.740931 0.671582 0
    outer loop
      vertex 13.9142 11.4191 11
      vertex 12.7279 12.7279 -4
      vertex 12.7279 12.7279 11
    endloop
  endfacet
  facet normal 0.740931 0.671582 0
    outer loop
      vertex 12.7279 12.7279 -4
      vertex 13.9142 11.4191 11
      vertex 13.9142 11.4191 -4
    endloop
  endfacet
  facet normal 0.514081 -0.857742 0
    outer loop
      vertex 8.48514 -15.8746 -4
      vertex 10.0003 -14.9665 11
      vertex 8.48514 -15.8746 11
    endloop
  endfacet
  facet normal 0.514081 -0.857742 0
    outer loop
      vertex 10.0003 -14.9665 11
      vertex 8.48514 -15.8746 -4
      vertex 10.0003 -14.9665 -4
    endloop
  endfacet
  facet normal -0.427532 0.904 0
    outer loop
      vertex -6.8883 16.6298 -4
      vertex -8.48514 15.8746 11
      vertex -6.8883 16.6298 11
    endloop
  endfacet
  facet normal -0.427532 0.904 0
    outer loop
      vertex -8.48514 15.8746 11
      vertex -6.8883 16.6298 -4
      vertex -8.48514 15.8746 -4
    endloop
  endfacet
  facet normal 0.989176 -0.146736 0
    outer loop
      vertex 17.6541 -3.51163 11
      vertex 17.9133 -1.76431 -4
      vertex 17.9133 -1.76431 11
    endloop
  endfacet
  facet normal 0.989176 -0.146736 0
    outer loop
      vertex 17.9133 -1.76431 -4
      vertex 17.6541 -3.51163 11
      vertex 17.6541 -3.51163 -4
    endloop
  endfacet
  facet normal 0.242977 -0.970032 0
    outer loop
      vertex 3.51163 -17.6541 -4
      vertex 5.22512 -17.2249 11
      vertex 3.51163 -17.6541 11
    endloop
  endfacet
  facet normal 0.242977 -0.970032 0
    outer loop
      vertex 5.22512 -17.2249 11
      vertex 3.51163 -17.6541 -4
      vertex 5.22512 -17.2249 -4
    endloop
  endfacet
  facet normal -0.242977 0.970032 0
    outer loop
      vertex -3.51163 17.6541 -4
      vertex -5.22512 17.2249 11
      vertex -3.51163 17.6541 11
    endloop
  endfacet
  facet normal -0.242977 0.970032 0
    outer loop
      vertex -5.22512 17.2249 11
      vertex -3.51163 17.6541 -4
      vertex -5.22512 17.2249 -4
    endloop
  endfacet
  facet normal -0.941543 -0.336892 0
    outer loop
      vertex -16.6298 -6.8883 -4
      vertex -17.2249 -5.22512 11
      vertex -17.2249 -5.22512 -4
    endloop
  endfacet
  facet normal -0.941543 -0.336892 0
    outer loop
      vertex -17.2249 -5.22512 11
      vertex -16.6298 -6.8883 -4
      vertex -16.6298 -6.8883 11
    endloop
  endfacet
  facet normal 0.803195 -0.595716 0
    outer loop
      vertex 13.9142 -11.4191 11
      vertex 14.9665 -10.0003 -4
      vertex 14.9665 -10.0003 11
    endloop
  endfacet
  facet normal 0.803195 -0.595716 0
    outer loop
      vertex 14.9665 -10.0003 -4
      vertex 13.9142 -11.4191 11
      vertex 13.9142 -11.4191 -4
    endloop
  endfacet
  facet normal -0.514081 0.857742 0
    outer loop
      vertex -8.48514 15.8746 -4
      vertex -10.0003 14.9665 11
      vertex -8.48514 15.8746 11
    endloop
  endfacet
  facet normal -0.514081 0.857742 0
    outer loop
      vertex -10.0003 14.9665 11
      vertex -8.48514 15.8746 -4
      vertex -10.0003 14.9665 -4
    endloop
  endfacet
  facet normal -0.146736 -0.989176 0
    outer loop
      vertex -3.51163 -17.6541 -4
      vertex -1.76431 -17.9133 11
      vertex -3.51163 -17.6541 11
    endloop
  endfacet
  facet normal -0.146736 -0.989176 -0
    outer loop
      vertex -1.76431 -17.9133 11
      vertex -3.51163 -17.6541 -4
      vertex -1.76431 -17.9133 -4
    endloop
  endfacet
  facet normal 0.595716 -0.803195 0
    outer loop
      vertex 10.0003 -14.9665 -4
      vertex 11.4191 -13.9142 11
      vertex 10.0003 -14.9665 11
    endloop
  endfacet
  facet normal 0.595716 -0.803195 0
    outer loop
      vertex 11.4191 -13.9142 11
      vertex 10.0003 -14.9665 -4
      vertex 11.4191 -13.9142 -4
    endloop
  endfacet
  facet normal -0.242977 -0.970032 0
    outer loop
      vertex -5.22512 -17.2249 -4
      vertex -3.51163 -17.6541 11
      vertex -5.22512 -17.2249 11
    endloop
  endfacet
  facet normal -0.242977 -0.970032 -0
    outer loop
      vertex -3.51163 -17.6541 11
      vertex -5.22512 -17.2249 -4
      vertex -3.51163 -17.6541 -4
    endloop
  endfacet
  facet normal 0.904 -0.427532 0
    outer loop
      vertex 15.8746 -8.48514 11
      vertex 16.6298 -6.8883 -4
      vertex 16.6298 -6.8883 11
    endloop
  endfacet
  facet normal 0.904 -0.427532 0
    outer loop
      vertex 16.6298 -6.8883 -4
      vertex 15.8746 -8.48514 11
      vertex 15.8746 -8.48514 -4
    endloop
  endfacet
  facet normal 0.514081 0.857742 -0
    outer loop
      vertex 10.0003 14.9665 -4
      vertex 8.48514 15.8746 11
      vertex 10.0003 14.9665 11
    endloop
  endfacet
  facet normal 0.514081 0.857742 0
    outer loop
      vertex 8.48514 15.8746 11
      vertex 10.0003 14.9665 -4
      vertex 8.48514 15.8746 -4
    endloop
  endfacet
  facet normal -0.857742 -0.514081 0
    outer loop
      vertex -14.9665 -10.0003 -4
      vertex -15.8746 -8.48514 11
      vertex -15.8746 -8.48514 -4
    endloop
  endfacet
  facet normal -0.857742 -0.514081 0
    outer loop
      vertex -15.8746 -8.48514 11
      vertex -14.9665 -10.0003 -4
      vertex -14.9665 -10.0003 11
    endloop
  endfacet
  facet normal 0.970032 -0.242977 0
    outer loop
      vertex 17.2249 -5.22512 11
      vertex 17.6541 -3.51163 -4
      vertex 17.6541 -3.51163 11
    endloop
  endfacet
  facet normal 0.970032 -0.242977 0
    outer loop
      vertex 17.6541 -3.51163 -4
      vertex 17.2249 -5.22512 11
      vertex 17.2249 -5.22512 -4
    endloop
  endfacet
  facet normal -0.857742 0.514081 0
    outer loop
      vertex -15.8746 8.48514 -4
      vertex -14.9665 10.0003 11
      vertex -14.9665 10.0003 -4
    endloop
  endfacet
  facet normal -0.857742 0.514081 0
    outer loop
      vertex -14.9665 10.0003 11
      vertex -15.8746 8.48514 -4
      vertex -15.8746 8.48514 11
    endloop
  endfacet
  facet normal 0 0 -1
    outer loop
      vertex 17.9133 -1.76431 -4
      vertex 17.9133 1.76431 -4
      vertex 18 0 -4
    endloop
  endfacet
  facet normal 0 0 -1
    outer loop
      vertex 17.6541 -3.51163 -4
      vertex 17.9133 1.76431 -4
      vertex 17.9133 -1.76431 -4
    endloop
  endfacet
  facet normal 0 0 -1
    outer loop
      vertex 17.6541 -3.51163 -4
      vertex 17.6541 3.51163 -4
      vertex 17.9133 1.76431 -4
    endloop
  endfacet
  facet normal 0 0 -1
    outer loop
      vertex 17.2249 -5.22512 -4
      vertex 17.6541 3.51163 -4
      vertex 17.6541 -3.51163 -4
    endloop
  endfacet
  facet normal 0 0 -1
    outer loop
      vertex 17.2249 -5.22512 -4
      vertex 17.2249 5.22512 -4
      vertex 17.6541 3.51163 -4
    endloop
  endfacet
  facet normal 0 0 -1
    outer loop
      vertex 16.6298 -6.8883 -4
      vertex 17.2249 5.22512 -4
      vertex 17.2249 -5.22512 -4
    endloop
  endfacet
  facet normal 0 0 -1
    outer loop
      vertex 16.6298 -6.8883 -4
      vertex 16.6298 6.8883 -4
      vertex 17.2249 5.22512 -4
    endloop
  endfacet
  facet normal 0 0 -1
    outer loop
      vertex 15.8746 -8.48514 -4
      vertex 16.6298 6.8883 -4
      vertex 16.6298 -6.8883 -4
    endloop
  endfacet
  facet normal 0 0 -1
    outer loop
      vertex 15.8746 -8.48514 -4
      vertex 15.8746 8.48514 -4
      vertex 16.6298 6.8883 -4
    endloop
  endfacet
  facet normal 0 0 -1
    outer loop
      vertex 14.9665 -10.0003 -4
      vertex 15.8746 8.48514 -4
      vertex 15.8746 -8.48514 -4
    endloop
  endfacet
  facet normal 0 0 -1
    outer loop
      vertex 14.9665 -10.0003 -4
      vertex 14.9665 10.0003 -4
      vertex 15.8746 8.48514 -4
    endloop
  endfacet
  facet normal 0 0 -1
    outer loop
      vertex 13.9142 -11.4191 -4
      vertex 14.9665 10.0003 -4
      vertex 14.9665 -10.0003 -4
    endloop
  endfacet
  facet normal 0 0 -1
    outer loop
      vertex 13.9142 -11.4191 -4
      vertex 13.9142 11.4191 -4
      vertex 14.9665 10.0003 -4
    endloop
  endfacet
  facet normal 0 0 -1
    outer loop
      vertex 12.7279 -12.7279 -4
      vertex 13.9142 11.4191 -4
      vertex 13.9142 -11.4191 -4
    endloop
  endfacet
  facet normal 0 0 -1
    outer loop
      vertex 12.7279 -12.7279 -4
      vertex 12.7279 12.7279 -4
      vertex 13.9142 11.4191 -4
    endloop
  endfacet
  facet normal 0 0 -1
    outer loop
      vertex 11.4191 -13.9142 -4
      vertex 12.7279 12.7279 -4
      vertex 12.7279 -12.7279 -4
    endloop
  endfacet
  facet normal 0 0 -1
    outer loop
      vertex 11.4191 -13.9142 -4
      vertex 11.4191 13.9142 -4
      vertex 12.7279 12.7279 -4
    endloop
  endfacet
  facet normal 0 0 -1
    outer loop
      vertex 10.0003 -14.9665 -4
      vertex 11.4191 13.9142 -4
      vertex 11.4191 -13.9142 -4
    endloop
  endfacet
  facet normal 0 0 -1
    outer loop
      vertex 10.0003 -14.9665 -4
      vertex 10.0003 14.9665 -4
      vertex 11.4191 13.9142 -4
    endloop
  endfacet
  facet normal 0 0 -1
    outer loop
      vertex 8.48514 -15.8746 -4
      vertex 10.0003 14.9665 -4
      vertex 10.0003 -14.9665 -4
    endloop
  endfacet
  facet normal 0 0 -1
    outer loop
      vertex 8.48514 -15.8746 -4
      vertex 8.48514 15.8746 -4
      vertex 10.0003 14.9665 -4
    endloop
  endfacet
  facet normal 0 0 -1
    outer loop
      vertex 6.8883 -16.6298 -4
      vertex 8.48514 15.8746 -4
      vertex 8.48514 -15.8746 -4
    endloop
  endfacet
  facet normal 0 0 -1
    outer loop
      vertex 6.8883 -16.6298 -4
      vertex 6.8883 16.6298 -4
      vertex 8.48514 15.8746 -4
    endloop
  endfacet
  facet normal 0 0 -1
    outer loop
      vertex 5.22512 -17.2249 -4
      vertex 6.8883 16.6298 -4
      vertex 6.8883 -16.6298 -4
    endloop
  endfacet
  facet normal 0 0 -1
    outer loop
      vertex 5.22512 -17.2249 -4
      vertex 5.22512 17.2249 -4
      vertex 6.8883 16.6298 -4
    endloop
  endfacet
  facet normal 0 0 -1
    outer loop
      vertex 3.51163 -17.6541 -4
      vertex 5.22512 17.2249 -4
      vertex 5.22512 -17.2249 -4
    endloop
  endfacet
  facet normal 0 0 -1
    outer loop
      vertex 3.51163 -17.6541 -4
      vertex 3.51163 17.6541 -4
      vertex 5.22512 17.2249 -4
    endloop
  endfacet
  facet normal 0 0 -1
    outer loop
      vertex 1.76431 -17.9133 -4
      vertex 3.51163 17.6541 -4
      vertex 3.51163 -17.6541 -4
    endloop
  endfacet
  facet normal 0 0 -1
    outer loop
      vertex 1.76431 -17.9133 -4
      vertex 1.76431 17.9133 -4
      vertex 3.51163 17.6541 -4
    endloop
  endfacet
  facet normal 0 0 -1
    outer loop
      vertex 0 -18 -4
      vertex 1.76431 17.9133 -4
      vertex 1.76431 -17.9133 -4
    endloop
  endfacet
  facet normal 0 0 -1
    outer loop
      vertex 0 -18 -4
      vertex 0 18 -4
      vertex 1.76431 17.9133 -4
    endloop
  endfacet
  facet normal 0 0 -1
    outer loop
      vertex -1.76431 -17.9133 -4
      vertex 0 18 -4
      vertex 0 -18 -4
    endloop
  endfacet
  facet normal 0 0 -1
    outer loop
      vertex -1.76431 -17.9133 -4
      vertex -1.76431 17.9133 -4
      vertex 0 18 -4
    endloop
  endfacet
  facet normal 0 0 -1
    outer loop
      vertex -3.51163 -17.6541 -4
      vertex -1.76431 17.9133 -4
      vertex -1.76431 -17.9133 -4
    endloop
  endfacet
  facet normal 0 0 -1
    outer loop
      vertex -3.51163 -17.6541 -4
      vertex -3.51163 17.6541 -4
      vertex -1.76431 17.9133 -4
    endloop
  endfacet
  facet normal 0 0 -1
    outer loop
      vertex -5.22512 -17.2249 -4
      vertex -3.51163 17.6541 -4
      vertex -3.51163 -17.6541 -4
    endloop
  endfacet
  facet normal 0 0 -1
    outer loop
      vertex -5.22512 -17.2249 -4
      vertex -5.22512 17.2249 -4
      vertex -3.51163 17.6541 -4
    endloop
  endfacet
  facet normal 0 0 -1
    outer loop
      vertex -6.8883 -16.6298 -4
      vertex -5.22512 17.2249 -4
      vertex -5.22512 -17.2249 -4
    endloop
  endfacet
  facet normal 0 0 -1
    outer loop
      vertex -6.8883 -16.6298 -4
      vertex -6.8883 16.6298 -4
      vertex -5.22512 17.2249 -4
    endloop
  endfacet
  facet normal 0 0 -1
    outer loop
      vertex -8.48514 -15.8746 -4
      vertex -6.8883 16.6298 -4
      vertex -6.8883 -16.6298 -4
    endloop
  endfacet
  facet normal 0 0 -1
    outer loop
      vertex -8.48514 -15.8746 -4
      vertex -8.48514 15.8746 -4
      vertex -6.8883 16.6298 -4
    endloop
  endfacet
  facet normal 0 0 -1
    outer loop
      vertex -10.0003 -14.9665 -4
      vertex -8.48514 15.8746 -4
      vertex -8.48514 -15.8746 -4
    endloop
  endfacet
  facet normal 0 0 -1
    outer loop
      vertex -10.0003 -14.9665 -4
      vertex -10.0003 14.9665 -4
      vertex -8.48514 15.8746 -4
    endloop
  endfacet
  facet normal 0 0 -1
    outer loop
      vertex -11.4191 -13.9142 -4
      vertex -10.0003 14.9665 -4
      vertex -10.0003 -14.9665 -4
    endloop
  endfacet
  facet normal 0 0 -1
    outer loop
      vertex -11.4191 -13.9142 -4
      vertex -11.4191 13.9142 -4
      vertex -10.0003 14.9665 -4
    endloop
  endfacet
  facet normal 0 0 -1
    outer loop
      vertex -12.7279 -12.7279 -4
      vertex -11.4191 13.9142 -4
      vertex -11.4191 -13.9142 -4
    endloop
  endfacet
  facet normal 0 0 -1
    outer loop
      vertex -12.7279 -12.7279 -4
      vertex -12.7279 12.7279 -4
      vertex -11.4191 13.9142 -4
    endloop
  endfacet
  facet normal 0 0 -1
    outer loop
      vertex -13.9142 -11.4191 -4
      vertex -12.7279 12.7279 -4
      vertex -12.7279 -12.7279 -4
    endloop
  endfacet
  facet normal 0 0 -1
    outer loop
      vertex -13.9142 -11.4191 -4
      vertex -13.9142 11.4191 -4
      vertex -12.7279 12.7279 -4
    endloop
  endfacet
  facet normal 0 0 -1
    outer loop
      vertex -14.9665 -10.0003 -4
      vertex -13.9142 11.4191 -4
      vertex -13.9142 -11.4191 -4
    endloop
  endfacet
  facet normal 0 0 -1
    outer loop
      vertex -14.9665 -10.0003 -4
      vertex -14.9665 10.0003 -4
      vertex -13.9142 11.4191 -4
    endloop
  endfacet
  facet normal 0 0 -1
    outer loop
      vertex -15.8746 -8.48514 -4
      vertex -14.9665 10.0003 -4
      vertex -14.9665 -10.0003 -4
    endloop
  endfacet
  facet normal 0 0 -1
    outer loop
      vertex -15.8746 -8.48514 -4
      vertex -15.8746 8.48514 -4
      vertex -14.9665 10.0003 -4
    endloop
  endfacet
  facet normal 0 0 -1
    outer loop
      vertex -16.6298 -6.8883 -4
      vertex -15.8746 8.48514 -4
      vertex -15.8746 -8.48514 -4
    endloop
  endfacet
  facet normal 0 0 -1
    outer loop
      vertex -16.6298 -6.8883 -4
      vertex -16.6298 6.8883 -4
      vertex -15.8746 8.48514 -4
    endloop
  endfacet
  facet normal 0 0 -1
    outer loop
      vertex -17.2249 -5.22512 -4
      vertex -16.6298 6.8883 -4
      vertex -16.6298 -6.8883 -4
    endloop
  endfacet
  facet normal 0 0 -1
    outer loop
      vertex -17.2249 -5.22512 -4
      vertex -17.2249 5.22512 -4
      vertex -16.6298 6.8883 -4
    endloop
  endfacet
  facet normal 0 0 -1
    outer loop
      vertex -17.6541 -3.51163 -4
      vertex -17.2249 5.22512 -4
      vertex -17.2249 -5.22512 -4
    endloop
  endfacet
  facet normal 0 0 -1
    outer loop
      vertex -17.6541 -3.51163 -4
      vertex -17.6541 3.51163 -4
      vertex -17.2249 5.22512 -4
    endloop
  endfacet
  facet normal 0 0 -1
    outer loop
      vertex -17.9133 -1.76431 -4
      vertex -17.6541 3.51163 -4
      vertex -17.6541 -3.51163 -4
    endloop
  endfacet
  facet normal 0 0 -1
    outer loop
      vertex -17.9133 -1.76431 -4
      vertex -17.9133 1.76431 -4
      vertex -17.6541 3.51163 -4
    endloop
  endfacet
  facet normal 0 -0 -1
    outer loop
      vertex -17.9133 1.76431 -4
      vertex -17.9133 -1.76431 -4
      vertex -18 0 -4
    endloop
  endfacet
  facet normal -0.595716 0.803195 0
    outer loop
      vertex -10.0003 14.9665 -4
      vertex -11.4191 13.9142 11
      vertex -10.0003 14.9665 11
    endloop
  endfacet
  facet normal -0.595716 0.803195 0
    outer loop
      vertex -11.4191 13.9142 11
      vertex -10.0003 14.9665 -4
      vertex -11.4191 13.9142 -4
    endloop
  endfacet
  facet normal -0.803195 -0.595716 0
    outer loop
      vertex -13.9142 -11.4191 -4
      vertex -14.9665 -10.0003 11
      vertex -14.9665 -10.0003 -4
    endloop
  endfacet
  facet normal -0.803195 -0.595716 0
    outer loop
      vertex -14.9665 -10.0003 11
      vertex -13.9142 -11.4191 -4
      vertex -13.9142 -11.4191 11
    endloop
  endfacet
  facet normal 0.427532 0.904 -0
    outer loop
      vertex 8.48514 15.8746 -4
      vertex 6.8883 16.6298 11
      vertex 8.48514 15.8746 11
    endloop
  endfacet
  facet normal 0.427532 0.904 0
    outer loop
      vertex 6.8883 16.6298 11
      vertex 8.48514 15.8746 -4
      vertex 6.8883 16.6298 -4
    endloop
  endfacet
  facet normal 0.146736 -0.989176 0
    outer loop
      vertex 1.76431 -17.9133 -4
      vertex 3.51163 -17.6541 11
      vertex 1.76431 -17.9133 11
    endloop
  endfacet
  facet normal 0.146736 -0.989176 0
    outer loop
      vertex 3.51163 -17.6541 11
      vertex 1.76431 -17.9133 -4
      vertex 3.51163 -17.6541 -4
    endloop
  endfacet
  facet normal -0.146736 0.989176 0
    outer loop
      vertex -1.76431 17.9133 -4
      vertex -3.51163 17.6541 11
      vertex -1.76431 17.9133 11
    endloop
  endfacet
  facet normal -0.146736 0.989176 0
    outer loop
      vertex -3.51163 17.6541 11
      vertex -1.76431 17.9133 -4
      vertex -3.51163 17.6541 -4
    endloop
  endfacet
  facet normal -0.904 -0.427532 0
    outer loop
      vertex -15.8746 -8.48514 -4
      vertex -16.6298 -6.8883 11
      vertex -16.6298 -6.8883 -4
    endloop
  endfacet
  facet normal -0.904 -0.427532 0
    outer loop
      vertex -16.6298 -6.8883 11
      vertex -15.8746 -8.48514 -4
      vertex -15.8746 -8.48514 11
    endloop
  endfacet
  facet normal 0.998795 -0.0490818 0
    outer loop
      vertex 17.9133 -1.76431 11
      vertex 18 0 -4
      vertex 18 0 11
    endloop
  endfacet
  facet normal 0.998795 -0.0490818 0
    outer loop
      vertex 18 0 -4
      vertex 17.9133 -1.76431 11
      vertex 17.9133 -1.76431 -4
    endloop
  endfacet
  facet normal 0.242977 0.970032 -0
    outer loop
      vertex 5.22512 17.2249 -4
      vertex 3.51163 17.6541 11
      vertex 5.22512 17.2249 11
    endloop
  endfacet
  facet normal 0.242977 0.970032 0
    outer loop
      vertex 3.51163 17.6541 11
      vertex 5.22512 17.2249 -4
      vertex 3.51163 17.6541 -4
    endloop
  endfacet
  facet normal -0.595716 -0.803195 0
    outer loop
      vertex -11.4191 -13.9142 -4
      vertex -10.0003 -14.9665 11
      vertex -11.4191 -13.9142 11
    endloop
  endfacet
  facet normal -0.595716 -0.803195 -0
    outer loop
      vertex -10.0003 -14.9665 11
      vertex -11.4191 -13.9142 -4
      vertex -10.0003 -14.9665 -4
    endloop
  endfacet
  facet normal -0.740931 0.671582 0
    outer loop
      vertex -13.9142 11.4191 -4
      vertex -12.7279 12.7279 11
      vertex -12.7279 12.7279 -4
    endloop
  endfacet
  facet normal -0.740931 0.671582 0
    outer loop
      vertex -12.7279 12.7279 11
      vertex -13.9142 11.4191 -4
      vertex -13.9142 11.4191 11
    endloop
  endfacet
  facet normal 0.857742 -0.514081 0
    outer loop
      vertex 14.9665 -10.0003 11
      vertex 15.8746 -8.48514 -4
      vertex 15.8746 -8.48514 11
    endloop
  endfacet
  facet normal 0.857742 -0.514081 0
    outer loop
      vertex 15.8746 -8.48514 -4
      vertex 14.9665 -10.0003 11
      vertex 14.9665 -10.0003 -4
    endloop
  endfacet
  facet normal 0.595716 0.803195 -0
    outer loop
      vertex 11.4191 13.9142 -4
      vertex 10.0003 14.9665 11
      vertex 11.4191 13.9142 11
    endloop
  endfacet
  facet normal 0.595716 0.803195 0
    outer loop
      vertex 10.0003 14.9665 11
      vertex 11.4191 13.9142 -4
      vertex 10.0003 14.9665 -4
    endloop
  endfacet
  facet normal 0.336892 0.941543 -0
    outer loop
      vertex 6.8883 16.6298 -4
      vertex 5.22512 17.2249 11
      vertex 6.8883 16.6298 11
    endloop
  endfacet
  facet normal 0.336892 0.941543 0
    outer loop
      vertex 5.22512 17.2249 11
      vertex 6.8883 16.6298 -4
      vertex 5.22512 17.2249 -4
    endloop
  endfacet
  facet normal 0.803195 0.595716 0
    outer loop
      vertex 14.9665 10.0003 11
      vertex 13.9142 11.4191 -4
      vertex 13.9142 11.4191 11
    endloop
  endfacet
  facet normal 0.803195 0.595716 0
    outer loop
      vertex 13.9142 11.4191 -4
      vertex 14.9665 10.0003 11
      vertex 14.9665 10.0003 -4
    endloop
  endfacet
  facet normal 0.857742 0.514081 0
    outer loop
      vertex 15.8746 8.48514 11
      vertex 14.9665 10.0003 -4
      vertex 14.9665 10.0003 11
    endloop
  endfacet
  facet normal 0.857742 0.514081 0
    outer loop
      vertex 14.9665 10.0003 -4
      vertex 15.8746 8.48514 11
      vertex 15.8746 8.48514 -4
    endloop
  endfacet
  facet normal -0.427532 -0.904 0
    outer loop
      vertex -8.48514 -15.8746 -4
      vertex -6.8883 -16.6298 11
      vertex -8.48514 -15.8746 11
    endloop
  endfacet
  facet normal -0.427532 -0.904 -0
    outer loop
      vertex -6.8883 -16.6298 11
      vertex -8.48514 -15.8746 -4
      vertex -6.8883 -16.6298 -4
    endloop
  endfacet
  facet normal -0.970032 -0.242977 0
    outer loop
      vertex -17.2249 -5.22512 -4
      vertex -17.6541 -3.51163 11
      vertex -17.6541 -3.51163 -4
    endloop
  endfacet
  facet normal -0.970032 -0.242977 0
    outer loop
      vertex -17.6541 -3.51163 11
      vertex -17.2249 -5.22512 -4
      vertex -17.2249 -5.22512 11
    endloop
  endfacet
  facet normal 0.904 0.427532 0
    outer loop
      vertex 16.6298 6.8883 11
      vertex 15.8746 8.48514 -4
      vertex 15.8746 8.48514 11
    endloop
  endfacet
  facet normal 0.904 0.427532 0
    outer loop
      vertex 15.8746 8.48514 -4
      vertex 16.6298 6.8883 11
      vertex 16.6298 6.8883 -4
    endloop
  endfacet
  facet normal -0.514081 -0.857742 0
    outer loop
      vertex -10.0003 -14.9665 -4
      vertex -8.48514 -15.8746 11
      vertex -10.0003 -14.9665 11
    endloop
  endfacet
  facet normal -0.514081 -0.857742 -0
    outer loop
      vertex -8.48514 -15.8746 11
      vertex -10.0003 -14.9665 -4
      vertex -8.48514 -15.8746 -4
    endloop
  endfacet
  facet normal 0 0 1
    outer loop
      vertex 17.9133 1.76431 11
      vertex 17.9133 -1.76431 11
      vertex 18 0 11
    endloop
  endfacet
  facet normal 0 0 1
    outer loop
      vertex 17.6541 3.51163 11
      vertex 17.9133 -1.76431 11
      vertex 17.9133 1.76431 11
    endloop
  endfacet
  facet normal 0 0 1
    outer loop
      vertex 17.6541 3.51163 11
      vertex 17.6541 -3.51163 11
      vertex 17.9133 -1.76431 11
    endloop
  endfacet
  facet normal 0 0 1
    outer loop
      vertex 17.2249 5.22512 11
      vertex 17.6541 -3.51163 11
      vertex 17.6541 3.51163 11
    endloop
  endfacet
  facet normal 0 0 1
    outer loop
      vertex 17.2249 5.22512 11
      vertex 17.2249 -5.22512 11
      vertex 17.6541 -3.51163 11
    endloop
  endfacet
  facet normal 0 0 1
    outer loop
      vertex 16.6298 6.8883 11
      vertex 17.2249 -5.22512 11
      vertex 17.2249 5.22512 11
    endloop
  endfacet
  facet normal 0 0 1
    outer loop
      vertex 16.6298 6.8883 11
      vertex 16.6298 -6.8883 11
      vertex 17.2249 -5.22512 11
    endloop
  endfacet
  facet normal 0 0 1
    outer loop
      vertex 15.8746 8.48514 11
      vertex 16.6298 -6.8883 11
      vertex 16.6298 6.8883 11
    endloop
  endfacet
  facet normal 0 0 1
    outer loop
      vertex 15.8746 8.48514 11
      vertex 15.8746 -8.48514 11
      vertex 16.6298 -6.8883 11
    endloop
  endfacet
  facet normal 0 0 1
    outer loop
      vertex 14.9665 10.0003 11
      vertex 15.8746 -8.48514 11
      vertex 15.8746 8.48514 11
    endloop
  endfacet
  facet normal 0 0 1
    outer loop
      vertex 14.9665 10.0003 11
      vertex 14.9665 -10.0003 11
      vertex 15.8746 -8.48514 11
    endloop
  endfacet
  facet normal 0 0 1
    outer loop
      vertex 13.9142 11.4191 11
      vertex 14.9665 -10.0003 11
      vertex 14.9665 10.0003 11
    endloop
  endfacet
  facet normal 0 0 1
    outer loop
      vertex 13.9142 11.4191 11
      vertex 13.9142 -11.4191 11
      vertex 14.9665 -10.0003 11
    endloop
  endfacet
  facet normal 0 0 1
    outer loop
      vertex 12.7279 12.7279 11
      vertex 13.9142 -11.4191 11
      vertex 13.9142 11.4191 11
    endloop
  endfacet
  facet normal 0 0 1
    outer loop
      vertex 12.7279 12.7279 11
      vertex 12.7279 -12.7279 11
      vertex 13.9142 -11.4191 11
    endloop
  endfacet
  facet normal 0 0 1
    outer loop
      vertex 11.4191 13.9142 11
      vertex 12.7279 -12.7279 11
      vertex 12.7279 12.7279 11
    endloop
  endfacet
  facet normal 0 0 1
    outer loop
      vertex 11.4191 13.9142 11
      vertex 11.4191 -13.9142 11
      vertex 12.7279 -12.7279 11
    endloop
  endfacet
  facet normal 0 0 1
    outer loop
      vertex 10.0003 14.9665 11
      vertex 11.4191 -13.9142 11
      vertex 11.4191 13.9142 11
    endloop
  endfacet
  facet normal 0 0 1
    outer loop
      vertex 10.0003 14.9665 11
      vertex 10.0003 -14.9665 11
      vertex 11.4191 -13.9142 11
    endloop
  endfacet
  facet normal 0 0 1
    outer loop
      vertex 8.48514 15.8746 11
      vertex 10.0003 -14.9665 11
      vertex 10.0003 14.9665 11
    endloop
  endfacet
  facet normal 0 0 1
    outer loop
      vertex 8.48514 15.8746 11
      vertex 8.48514 -15.8746 11
      vertex 10.0003 -14.9665 11
    endloop
  endfacet
  facet normal 0 0 1
    outer loop
      vertex 6.8883 16.6298 11
      vertex 8.48514 -15.8746 11
      vertex 8.48514 15.8746 11
    endloop
  endfacet
  facet normal 0 0 1
    outer loop
      vertex 6.8883 16.6298 11
      vertex 6.8883 -16.6298 11
      vertex 8.48514 -15.8746 11
    endloop
  endfacet
  facet normal 0 0 1
    outer loop
      vertex 5.22512 17.2249 11
      vertex 6.8883 -16.6298 11
      vertex 6.8883 16.6298 11
    endloop
  endfacet
  facet normal 0 0 1
    outer loop
      vertex 5.22512 17.2249 11
      vertex 5.22512 -17.2249 11
      vertex 6.8883 -16.6298 11
    endloop
  endfacet
  facet normal 0 0 1
    outer loop
      vertex 3.51163 17.6541 11
      vertex 5.22512 -17.2249 11
      vertex 5.22512 17.2249 11
    endloop
  endfacet
  facet normal 0 0 1
    outer loop
      vertex 3.51163 17.6541 11
      vertex 3.51163 -17.6541 11
      vertex 5.22512 -17.2249 11
    endloop
  endfacet
  facet normal 0 0 1
    outer loop
      vertex 1.76431 17.9133 11
      vertex 3.51163 -17.6541 11
      vertex 3.51163 17.6541 11
    endloop
  endfacet
  facet normal 0 0 1
    outer loop
      vertex 1.76431 17.9133 11
      vertex 1.76431 -17.9133 11
      vertex 3.51163 -17.6541 11
    endloop
  endfacet
  facet normal 0 0 1
    outer loop
      vertex 0 18 11
      vertex 1.76431 -17.9133 11
      vertex 1.76431 17.9133 11
    endloop
  endfacet
  facet normal 0 0 1
    outer loop
      vertex 0 18 11
      vertex 0 -18 11
      vertex 1.76431 -17.9133 11
    endloop
  endfacet
  facet normal -0 0 1
    outer loop
      vertex -1.76431 17.9133 11
      vertex 0 -18 11
      vertex 0 18 11
    endloop
  endfacet
  facet normal 0 0 1
    outer loop
      vertex -1.76431 17.9133 11
      vertex -1.76431 -17.9133 11
      vertex 0 -18 11
    endloop
  endfacet
  facet normal -0 0 1
    outer loop
      vertex -3.51163 17.6541 11
      vertex -1.76431 -17.9133 11
      vertex -1.76431 17.9133 11
    endloop
  endfacet
  facet normal 0 0 1
    outer loop
      vertex -3.51163 17.6541 11
      vertex -3.51163 -17.6541 11
      vertex -1.76431 -17.9133 11
    endloop
  endfacet
  facet normal -0 0 1
    outer loop
      vertex -5.22512 17.2249 11
      vertex -3.51163 -17.6541 11
      vertex -3.51163 17.6541 11
    endloop
  endfacet
  facet normal 0 0 1
    outer loop
      vertex -5.22512 17.2249 11
      vertex -5.22512 -17.2249 11
      vertex -3.51163 -17.6541 11
    endloop
  endfacet
  facet normal -0 0 1
    outer loop
      vertex -6.8883 16.6298 11
      vertex -5.22512 -17.2249 11
      vertex -5.22512 17.2249 11
    endloop
  endfacet
  facet normal 0 0 1
    outer loop
      vertex -6.8883 16.6298 11
      vertex -6.8883 -16.6298 11
      vertex -5.22512 -17.2249 11
    endloop
  endfacet
  facet normal -0 0 1
    outer loop
      vertex -8.48514 15.8746 11
      vertex -6.8883 -16.6298 11
      vertex -6.8883 16.6298 11
    endloop
  endfacet
  facet normal 0 0 1
    outer loop
      vertex -8.48514 15.8746 11
      vertex -8.48514 -15.8746 11
      vertex -6.8883 -16.6298 11
    endloop
  endfacet
  facet normal -0 0 1
    outer loop
      vertex -10.0003 14.9665 11
      vertex -8.48514 -15.8746 11
      vertex -8.48514 15.8746 11
    endloop
  endfacet
  facet normal 0 0 1
    outer loop
      vertex -10.0003 14.9665 11
      vertex -10.0003 -14.9665 11
      vertex -8.48514 -15.8746 11
    endloop
  endfacet
  facet normal -0 0 1
    outer loop
      vertex -11.4191 13.9142 11
      vertex -10.0003 -14.9665 11
      vertex -10.0003 14.9665 11
    endloop
  endfacet
  facet normal 0 0 1
    outer loop
      vertex -11.4191 13.9142 11
      vertex -11.4191 -13.9142 11
      vertex -10.0003 -14.9665 11
    endloop
  endfacet
  facet normal -0 0 1
    outer loop
      vertex -12.7279 12.7279 11
      vertex -11.4191 -13.9142 11
      vertex -11.4191 13.9142 11
    endloop
  endfacet
  facet normal 0 0 1
    outer loop
      vertex -12.7279 12.7279 11
      vertex -12.7279 -12.7279 11
      vertex -11.4191 -13.9142 11
    endloop
  endfacet
  facet normal -0 0 1
    outer loop
      vertex -13.9142 11.4191 11
      vertex -12.7279 -12.7279 11
      vertex -12.7279 12.7279 11
    endloop
  endfacet
  facet normal 0 0 1
    outer loop
      vertex -13.9142 11.4191 11
      vertex -13.9142 -11.4191 11
      vertex -12.7279 -12.7279 11
    endloop
  endfacet
  facet normal -0 0 1
    outer loop
      vertex -14.9665 10.0003 11
      vertex -13.9142 -11.4191 11
      vertex -13.9142 11.4191 11
    endloop
  endfacet
  facet normal 0 0 1
    outer loop
      vertex -14.9665 10.0003 11
      vertex -14.9665 -10.0003 11
      vertex -13.9142 -11.4191 11
    endloop
  endfacet
  facet normal -0 0 1
    outer loop
      vertex -15.8746 8.48514 11
      vertex -14.9665 -10.0003 11
      vertex -14.9665 10.0003 11
    endloop
  endfacet
  facet normal 0 0 1
    outer loop
      vertex -15.8746 8.48514 11
      vertex -15.8746 -8.48514 11
      vertex -14.9665 -10.0003 11
    endloop
  endfacet
  facet normal -0 0 1
    outer loop
      vertex -16.6298 6.8883 11
      vertex -15.8746 -8.48514 11
      vertex -15.8746 8.48514 11
    endloop
  endfacet
  facet normal 0 0 1
    outer loop
      vertex -16.6298 6.8883 11
      vertex -16.6298 -6.8883 11
      vertex -15.8746 -8.48514 11
    endloop
  endfacet
  facet normal -0 0 1
    outer loop
      vertex -17.2249 5.22512 11
      vertex -16.6298 -6.8883 11
      vertex -16.6298 6.8883 11
    endloop
  endfacet
  facet normal 0 0 1
    outer loop
      vertex -17.2249 5.22512 11
      vertex -17.2249 -5.22512 11
      vertex -16.6298 -6.8883 11
    endloop
  endfacet
  facet normal -0 0 1
    outer loop
      vertex -17.6541 3.51163 11
      vertex -17.2249 -5.22512 11
      vertex -17.2249 5.22512 11
    endloop
  endfacet
  facet normal 0 0 1
    outer loop
      vertex -17.6541 3.51163 11
      vertex -17.6541 -3.51163 11
      vertex -17.2249 -5.22512 11
    endloop
  endfacet
  facet normal -0 0 1
    outer loop
      vertex -17.9133 1.76431 11
      vertex -17.6541 -3.51163 11
      vertex -17.6541 3.51163 11
    endloop
  endfacet
  facet normal 0 0 1
    outer loop
      vertex -17.9133 1.76431 11
      vertex -17.9133 -1.76431 11
      vertex -17.6541 -3.51163 11
    endloop
  endfacet
  facet normal 0 -0 1
    outer loop
      vertex -17.9133 -1.76431 11
      vertex -17.9133 1.76431 11
      vertex -18 0 11
    endloop
  endfacet
  facet normal 0.427532 -0.904 0
    outer loop
      vertex 6.8883 -16.6298 -4
      vertex 8.48514 -15.8746 11
      vertex 6.8883 -16.6298 11
    endloop
  endfacet
  facet normal 0.427532 -0.904 0
    outer loop
      vertex 8.48514 -15.8746 11
      vertex 6.8883 -16.6298 -4
      vertex 8.48514 -15.8746 -4
    endloop
  endfacet
  facet normal 0.146736 0.989176 -0
    outer loop
      vertex 3.51163 17.6541 -4
      vertex 1.76431 17.9133 11
      vertex 3.51163 17.6541 11
    endloop
  endfacet
  facet normal 0.146736 0.989176 0
    outer loop
      vertex 1.76431 17.9133 11
      vertex 3.51163 17.6541 -4
      vertex 1.76431 17.9133 -4
    endloop
  endfacet
  facet normal -0.671582 0.740931 0
    outer loop
      vertex -11.4191 13.9142 -4
      vertex -12.7279 12.7279 11
      vertex -11.4191 13.9142 11
    endloop
  endfacet
  facet normal -0.671582 0.740931 0
    outer loop
      vertex -12.7279 12.7279 11
      vertex -11.4191 13.9142 -4
      vertex -12.7279 12.7279 -4
    endloop
  endfacet
  facet normal -0.989176 0.146736 0
    outer loop
      vertex -17.9133 1.76431 -4
      vertex -17.6541 3.51163 11
      vertex -17.6541 3.51163 -4
    endloop
  endfacet
  facet normal -0.989176 0.146736 0
    outer loop
      vertex -17.6541 3.51163 11
      vertex -17.9133 1.76431 -4
      vertex -17.9133 1.76431 11
    endloop
  endfacet
  facet normal -0.941543 0.336892 0
    outer loop
      vertex -17.2249 5.22512 -4
      vertex -16.6298 6.8883 11
      vertex -16.6298 6.8883 -4
    endloop
  endfacet
  facet normal -0.941543 0.336892 0
    outer loop
      vertex -16.6298 6.8883 11
      vertex -17.2249 5.22512 -4
      vertex -17.2249 5.22512 11
    endloop
  endfacet
  facet normal -0.336892 0.941543 0
    outer loop
      vertex -5.22512 17.2249 -4
      vertex -6.8883 16.6298 11
      vertex -5.22512 17.2249 11
    endloop
  endfacet
  facet normal -0.336892 0.941543 0
    outer loop
      vertex -6.8883 16.6298 11
      vertex -5.22512 17.2249 -4
      vertex -6.8883 16.6298 -4
    endloop
  endfacet
  facet normal -0.998795 -0.0490818 0
    outer loop
      vertex -17.9133 -1.76431 -4
      vertex -18 0 11
      vertex -18 0 -4
    endloop
  endfacet
  facet normal -0.998795 -0.0490818 0
    outer loop
      vertex -18 0 11
      vertex -17.9133 -1.76431 -4
      vertex -17.9133 -1.76431 11
    endloop
  endfacet
  facet normal -0.0490818 0.998795 0
    outer loop
      vertex 0 18 -4
      vertex -1.76431 17.9133 11
      vertex 0 18 11
    endloop
  endfacet
  facet normal -0.0490818 0.998795 0
    outer loop
      vertex -1.76431 17.9133 11
      vertex 0 18 -4
      vertex -1.76431 17.9133 -4
    endloop
  endfacet
  facet normal 0.671582 0.740931 -0
    outer loop
      vertex 12.7279 12.7279 -4
      vertex 11.4191 13.9142 11
      vertex 12.7279 12.7279 11
    endloop
  endfacet
  facet normal 0.671582 0.740931 0
    outer loop
      vertex 11.4191 13.9142 11
      vertex 12.7279 12.7279 -4
      vertex 11.4191 13.9142 -4
    endloop
  endfacet
  facet normal -0.803195 0.595716 0
    outer loop
      vertex -14.9665 10.0003 -4
      vertex -13.9142 11.4191 11
      vertex -13.9142 11.4191 -4
    endloop
  endfacet
  facet normal -0.803195 0.595716 0
    outer loop
      vertex -13.9142 11.4191 11
      vertex -14.9665 10.0003 -4
      vertex -14.9665 10.0003 11
    endloop
  endfacet
  facet normal -0.740931 -0.671582 0
    outer loop
      vertex -12.7279 -12.7279 -4
      vertex -13.9142 -11.4191 11
      vertex -13.9142 -11.4191 -4
    endloop
  endfacet
  facet normal -0.740931 -0.671582 0
    outer loop
      vertex -13.9142 -11.4191 11
      vertex -12.7279 -12.7279 -4
      vertex -12.7279 -12.7279 11
    endloop
  endfacet
  facet normal 0.0490818 -0.998795 0
    outer loop
      vertex 0 -18 -4
      vertex 1.76431 -17.9133 11
      vertex 0 -18 11
    endloop
  endfacet
  facet normal 0.0490818 -0.998795 0
    outer loop
      vertex 1.76431 -17.9133 11
      vertex 0 -18 -4
      vertex 1.76431 -17.9133 -4
    endloop
  endfacet
  facet normal -0.989176 -0.146736 0
    outer loop
      vertex -17.6541 -3.51163 -4
      vertex -17.9133 -1.76431 11
      vertex -17.9133 -1.76431 -4
    endloop
  endfacet
  facet normal -0.989176 -0.146736 0
    outer loop
      vertex -17.9133 -1.76431 11
      vertex -17.6541 -3.51163 -4
      vertex -17.6541 -3.51163 11
    endloop
  endfacet
  facet normal 0.0490818 0.998795 -0
    outer loop
      vertex 1.76431 17.9133 -4
      vertex 0 18 11
      vertex 1.76431 17.9133 11
    endloop
  endfacet
  facet normal 0.0490818 0.998795 0
    outer loop
      vertex 0 18 11
      vertex 1.76431 17.9133 -4
      vertex 0 18 -4
    endloop
  endfacet
  facet normal -0.970032 0.242977 0
    outer loop
      vertex -17.6541 3.51163 -4
      vertex -17.2249 5.22512 11
      vertex -17.2249 5.22512 -4
    endloop
  endfacet
  facet normal -0.970032 0.242977 0
    outer loop
      vertex -17.2249 5.22512 11
      vertex -17.6541 3.51163 -4
      vertex -17.6541 3.51163 11
    endloop
  endfacet
  facet normal -0.904 0.427532 0
    outer loop
      vertex -16.6298 6.8883 -4
      vertex -15.8746 8.48514 11
      vertex -15.8746 8.48514 -4
    endloop
  endfacet
  facet normal -0.904 0.427532 0
    outer loop
      vertex -15.8746 8.48514 11
      vertex -16.6298 6.8883 -4
      vertex -16.6298 6.8883 11
    endloop
  endfacet
  facet normal 0.941543 -0.336892 0
    outer loop
      vertex 16.6298 -6.8883 11
      vertex 17.2249 -5.22512 -4
      vertex 17.2249 -5.22512 11
    endloop
  endfacet
  facet normal 0.941543 -0.336892 0
    outer loop
      vertex 17.2249 -5.22512 -4
      vertex 16.6298 -6.8883 11
      vertex 16.6298 -6.8883 -4
    endloop
  endfacet
  facet normal -0.671582 -0.740931 0
    outer loop
      vertex -12.7279 -12.7279 -4
      vertex -11.4191 -13.9142 11
      vertex -12.7279 -12.7279 11
    endloop
  endfacet
  facet normal -0.671582 -0.740931 -0
    outer loop
      vertex -11.4191 -13.9142 11
      vertex -12.7279 -12.7279 -4
      vertex -11.4191 -13.9142 -4
    endloop
  endfacet
  facet normal -0.0490818 -0.998795 0
    outer loop
      vertex -1.76431 -17.9133 -4
      vertex 0 -18 11
      vertex -1.76431 -17.9133 11
    endloop
  endfacet
  facet normal -0.0490818 -0.998795 -0
    outer loop
      vertex 0 -18 11
      vertex -1.76431 -17.9133 -4
      vertex 0 -18 -4
    endloop
  endfacet
  facet normal -0.998795 0.0490818 0
    outer loop
      vertex -18 0 -4
      vertex -17.9133 1.76431 11
      vertex -17.9133 1.76431 -4
    endloop
  endfacet
  facet normal -0.998795 0.0490818 0
    outer loop
      vertex -17.9133 1.76431 11
      vertex -18 0 -4
      vertex -18 0 11
    endloop
  endfacet
  facet normal -0.336892 -0.941543 0
    outer loop
      vertex -6.8883 -16.6298 -4
      vertex -5.22512 -17.2249 11
      vertex -6.8883 -16.6298 11
    endloop
  endfacet
  facet normal -0.336892 -0.941543 -0
    outer loop
      vertex -5.22512 -17.2249 11
      vertex -6.8883 -16.6298 -4
      vertex -5.22512 -17.2249 -4
    endloop
  endfacet
  facet normal 0.740931 -0.671582 0
    outer loop
      vertex 12.7279 -12.7279 11
      vertex 13.9142 -11.4191 -4
      vertex 13.9142 -11.4191 11
    endloop
  endfacet
  facet normal 0.740931 -0.671582 0
    outer loop
      vertex 13.9142 -11.4191 -4
      vertex 12.7279 -12.7279 11
      vertex 12.7279 -12.7279 -4
    endloop
  endfacet
  facet normal 0.671582 -0.740931 0
    outer loop
      vertex 11.4191 -13.9142 -4
      vertex 12.7279 -12.7279 11
      vertex 11.4191 -13.9142 11
    endloop
  endfacet
  facet normal 0.671582 -0.740931 0
    outer loop
      vertex 12.7279 -12.7279 11
      vertex 11.4191 -13.9142 -4
      vertex 12.7279 -12.7279 -4
    endloop
  endfacet
endsolid OpenSCAD_Model
