solid OpenSCAD_Model
  facet normal -0.7246056277263946 -0.5734991874677215 -0.38215882331970386
    outer loop
      vertex -7.899707794189453 -6.9954833984375 0.18529510498046875
      vertex -8.549720764160156 -6.134025573730469 0.125
      vertex -7.880950927734375 -6.97900390625 0.125
    endloop
  endfacet
  facet normal -0.6223637985846834 -0.49258527636050714 -0.6082951978473005
    outer loop
      vertex -8.517341613769531 -6.1110076904296875 0.07322311401367188
      vertex -7.851104736328125 -6.9527740478515625 0.07322311401367188
      vertex -7.880950927734375 -6.97900390625 0.125
    endloop
  endfacet
  facet normal -0.7755845255271445 -0.6299892675820838 -0.039776456531769123
    outer loop
      vertex -7.899707794189453 -6.9954833984375 0.18529510498046875
      vertex -7.8184967041015625 -7.09954833984375 0.25
      vertex -8.498550415039062 -6.2623291015625 0.25
    endloop
  endfacet
  facet normal -0.47775814520643006 -0.3781323598623835 -0.7929458197845656
    outer loop
      vertex -8.475143432617188 -6.0810089111328125 0.033493995666503906
      vertex -7.812217712402344 -6.9185943603515625 0.033493995666503906
      vertex -7.851104736328125 -6.9527740478515625 0.07322311401367188
    endloop
  endfacet
  facet normal -0.5141072622393107 -0.3270036733531495 -0.792945345232789
    outer loop
      vertex -8.517341613769531 -6.1110076904296875 0.07322311401367188
      vertex -9.093490600585938 -5.2052001953125 0.07322311401367188
      vertex -9.048431396484375 -5.1797027587890625 0.033493995666503906
    endloop
  endfacet
  facet normal -0.6697383352422766 -0.425997369506459 -0.6082571853093737
    outer loop
      vertex -8.549720764160156 -6.134025573730469 0.125
      vertex -9.128067016601562 -5.224769592285156 0.125
      vertex -9.093490600585938 -5.2052001953125 0.07322311401367188
    endloop
  endfacet
  facet normal -0.8229404093216643 -0.5234463674031574 -0.22084606212909985
    outer loop
      vertex -8.570075988769531 -6.14849853515625 0.18529510498046875
      vertex -9.089134216308594 -5.3597564697265625 0.25
      vertex -9.149803161621094 -5.2370758056640625 0.18529510498046875
    endloop
  endfacet
  facet normal -0.7796825708453007 -0.4959314244550654 -0.38229191850996863
    outer loop
      vertex -8.570075988769531 -6.14849853515625 0.18529510498046875
      vertex -9.149803161621094 -5.2370758056640625 0.18529510498046875
      vertex -9.128067016601562 -5.224769592285156 0.125
    endloop
  endfacet
  facet normal -0.6697596856198542 -0.4260081378885377 -0.6082261339100242
    outer loop
      vertex -8.517341613769531 -6.1110076904296875 0.07322311401367188
      vertex -8.549720764160156 -6.134025573730469 0.125
      vertex -9.093490600585938 -5.2052001953125 0.07322311401367188
    endloop
  endfacet
  facet normal -0.7796941252553639 -0.4959364409956775 -0.38226184420474646
    outer loop
      vertex -8.570075988769531 -6.14849853515625 0.18529510498046875
      vertex -9.128067016601562 -5.224769592285156 0.125
      vertex -8.549720764160156 -6.134025573730469 0.125
    endloop
  endfacet
  facet normal -0.836171232678951 -0.547135119866485 -0.03822080910774576
    outer loop
      vertex -8.570075988769531 -6.14849853515625 0.18529510498046875
      vertex -8.498550415039062 -6.2623291015625 0.25
      vertex -9.089134216308594 -5.3597564697265625 0.25
    endloop
  endfacet
  facet normal -0.5140955785170732 -0.32699744329357616 -0.7929554894372449
    outer loop
      vertex -8.475143432617188 -6.0810089111328125 0.033493995666503906
      vertex -8.517341613769531 -6.1110076904296875 0.07322311401367188
      vertex -9.048431396484375 -5.1797027587890625 0.033493995666503906
    endloop
  endfacet
  facet normal -0.32326655891483586 -0.20561762381449358 -0.9236991526813491
    outer loop
      vertex -8.475143432617188 -6.0810089111328125 0.033493995666503906
      vertex -8.995956420898438 -5.150001525878906 0.008518218994140625
      vertex -8.42599868774414 -6.046073913574219 0.008518218994140625
    endloop
  endfacet
  facet normal -0.3232616148332399 -0.2056149206152173 -0.923701484677709
    outer loop
      vertex -8.475143432617188 -6.0810089111328125 0.033493995666503906
      vertex -9.048431396484375 -5.1797027587890625 0.033493995666503906
      vertex -8.995956420898438 -5.150001525878906 0.008518218994140625
    endloop
  endfacet
  facet normal -0.13732517754964635 -0.08734734824550962 -0.986667236896734
    outer loop
      vertex -8.607250213623047 -5.664894104003906 0
      vertex -8.42599868774414 -6.046073913574219 0.008518218994140625
      vertex -8.995956420898438 -5.150001525878906 0.008518218994140625
    endloop
  endfacet
  facet normal -0.8367742771860682 -0.5475297122846304 -0.0044747296279030796
    outer loop
      vertex -9.089134216308594 -5.3597564697265625 0.25
      vertex -8.498550415039062 -6.2623291015625 0.25
      vertex -9.010513305664062 -5.492301940917969 1.766209602355957
    endloop
  endfacet
  facet normal -0.7649902550066263 -0.605471429717696 -0.2195319055183235
    outer loop
      vertex -7.899707794189453 -6.9954833984375 0.18529510498046875
      vertex -8.498550415039062 -6.2623291015625 0.25
      vertex -8.570075988769531 -6.14849853515625 0.18529510498046875
    endloop
  endfacet
  facet normal -0.6224090709718755 -0.49261430330719425 -0.6082253665781249
    outer loop
      vertex -8.517341613769531 -6.1110076904296875 0.07322311401367188
      vertex -7.880950927734375 -6.97900390625 0.125
      vertex -8.549720764160156 -6.134025573730469 0.125
    endloop
  endfacet
  facet normal -0.47774809933243373 -0.3781255916162562 -0.7929550999578119
    outer loop
      vertex -8.475143432617188 -6.0810089111328125 0.033493995666503906
      vertex -7.851104736328125 -6.9527740478515625 0.07322311401367188
      vertex -8.517341613769531 -6.1110076904296875 0.07322311401367188
    endloop
  endfacet
  facet normal -0.3004120192882614 -0.23776780558165417 -0.9236985922345199
    outer loop
      vertex -8.475143432617188 -6.0810089111328125 0.033493995666503906
      vertex -8.42599868774414 -6.046073913574219 0.008518218994140625
      vertex -7.812217712402344 -6.9185943603515625 0.033493995666503906
    endloop
  endfacet
  facet normal -0.7245672444762264 -0.5734775868953155 -0.38226399982322984
    outer loop
      vertex -7.899707794189453 -6.9954833984375 0.18529510498046875
      vertex -8.570075988769531 -6.14849853515625 0.18529510498046875
      vertex -8.549720764160156 -6.134025573730469 0.125
    endloop
  endfacet
  facet normal -0.08795038045873167 -0.06403487095926506 -0.9940645179657077
    outer loop
      vertex -8.607250213623047 -5.664894104003906 0
      vertex -7.981651306152344 -6.524139404296875 0
      vertex -8.42599868774414 -6.046073913574219 0.008518218994140625
    endloop
  endfacet
  facet normal -0.30039183934184843 -0.23775390016386386 -0.9237087342954446
    outer loop
      vertex -8.42599868774414 -6.046073913574219 0.008518218994140625
      vertex -7.766925811767578 -6.8787841796875 0.008518218994140625
      vertex -7.812217712402344 -6.9185943603515625 0.033493995666503906
    endloop
  endfacet
  facet normal -0.12740958613193606 -0.10084204047453782 -0.9867105351797052
    outer loop
      vertex -8.42599868774414 -6.046073913574219 0.008518218994140625
      vertex -7.981651306152344 -6.524139404296875 0
      vertex -7.766925811767578 -6.8787841796875 0.008518218994140625
    endloop
  endfacet
  facet normal -0.7758900614410766 -0.6302374472972571 0.028202350632519427
    outer loop
      vertex -8.498550415039062 -6.2623291015625 0.25
      vertex -7.8184967041015625 -7.09954833984375 0.25
      vertex -8.827919006347656 -5.78411865234375 1.8751239776611328
    endloop
  endfacet
  facet normal -0.8596571102172911 -0.5108714572893361 -0.00008354595375797838
    outer loop
      vertex -9.089134216308594 -5.3597564697265625 0.25
      vertex -9.010513305664062 -5.492301940917969 1.766209602355957
      vertex -9.08059310913086 -5.3743743896484375 1.7516231536865234
    endloop
  endfacet
  facet normal -0.842566913935932 -0.5384507417851314 -0.012320479354372808
    outer loop
      vertex -8.498550415039062 -6.2623291015625 0.25
      vertex -8.827919006347656 -5.78411865234375 1.8751239776611328
      vertex -8.955467224121094 -5.582542419433594 1.788198471069336
    endloop
  endfacet
  facet normal -0.8512210870525023 -0.5243825854827311 -0.021108410636575366
    outer loop
      vertex -8.498550415039062 -6.2623291015625 0.25
      vertex -8.955467224121094 -5.582542419433594 1.788198471069336
      vertex -9.010513305664062 -5.492301940917969 1.766209602355957
    endloop
  endfacet
  facet normal -0.7953612294960292 -0.6059472545455127 -0.015114209318408994
    outer loop
      vertex -7.8184967041015625 -7.09954833984375 0.25
      vertex -8.485416412353516 -6.2802886962890625 2.5004615783691406
      vertex -8.576000213623047 -6.154869079589844 2.239063262939453
    endloop
  endfacet
  facet normal -0.8054689838633802 -0.5920870735608454 -0.025546298288553492
    outer loop
      vertex -7.8184967041015625 -7.09954833984375 0.25
      vertex -8.576000213623047 -6.154869079589844 2.239063262939453
      vertex -8.698348999023438 -5.97906494140625 2.0220766067504883
    endloop
  endfacet
  facet normal -0.8171286259470836 -0.5749088673128859 -0.04219719117246514
    outer loop
      vertex -7.8184967041015625 -7.09954833984375 0.25
      vertex -8.698348999023438 -5.97906494140625 2.0220766067504883
      vertex -8.827919006347656 -5.78411865234375 1.8751239776611328
    endloop
  endfacet
  facet normal -0.7864853246516073 -0.6175537461184201 -0.008258617484917212
    outer loop
      vertex -7.8184967041015625 -7.09954833984375 0.25
      vertex -8.431442260742188 -6.3531951904296875 2.8121118545532227
      vertex -8.485416412353516 -6.2802886962890625 2.5004615783691406
    endloop
  endfacet
  facet normal -0.7787698259902122 -0.6272995983463633 -0.0035737993320768915
    outer loop
      vertex -7.8184967041015625 -7.09954833984375 0.25
      vertex -8.42367172241211 -6.363578796386719 2.941433906555176
      vertex -8.431442260742188 -6.3531951904296875 2.8121118545532227
    endloop
  endfacet
  facet normal -0.7530280617455062 -0.6579074459660667 0.010321374240534273
    outer loop
      vertex -7.8184967041015625 -7.09954833984375 0.25
      vertex -8.44900131225586 -6.329627990722656 3.3260116577148438
      vertex -8.422821044921875 -6.364707946777344 3
    endloop
  endfacet
  facet normal -0.774122846597173 -0.6330346716387187 -0.0009606662007712729
    outer loop
      vertex -7.8184967041015625 -7.09954833984375 0.25
      vertex -8.422821044921875 -6.364707946777344 3
      vertex -8.42367172241211 -6.363578796386719 2.941433906555176
    endloop
  endfacet
  facet normal -0.7657547571650039 -0.6427254277134977 0.022883978012300733
    outer loop
      vertex -8.44900131225586 -6.329627990722656 3.3260116577148438
      vertex -7.103969573974609 -7.819114685058594 6.5
      vertex -8.491256713867188 -6.272308349609375 3.52193546295166
    endloop
  endfacet
  facet normal -0.7726489920024104 -0.634096649867588 0.030577341028294618
    outer loop
      vertex -8.491256713867188 -6.272308349609375 3.52193546295166
      vertex -7.103969573974609 -7.819114685058594 6.5
      vertex -8.526222229003906 -6.224273681640625 3.6345205307006836
    endloop
  endfacet
  facet normal -0.8024793891085802 -0.5965179508365405 0.013898359100787737
    outer loop
      vertex -8.526222229003906 -6.224273681640625 3.6345205307006836
      vertex -7.862430572509766 -7.0504913330078125 6.5
      vertex -8.603256225585938 -6.116355895996094 3.8184776306152344
    endloop
  endfacet
  facet normal -0.5084530267271221 -0.609483339956715 -0.608280838040486
    outer loop
      vertex -6.301368713378906 -8.4410400390625 0.125
      vertex -7.128841400146484 -7.750732421875 0.125
      vertex -7.1018524169921875 -7.7215728759765625 0.07322311401367188
    endloop
  endfacet
  facet normal -0.6253597685119044 -0.7496167190759099 -0.21679468261146487
    outer loop
      vertex -6.3163604736328125 -8.461013793945312 0.18529510498046875
      vertex -7.056133270263672 -7.862579345703125 0.25
      vertex -7.145805358886719 -7.7690582275390625 0.18529510498046875
    endloop
  endfacet
  facet normal -0.591957473834838 -0.7095774971652783 -0.382212146180281
    outer loop
      vertex -6.3163604736328125 -8.461013793945312 0.18529510498046875
      vertex -7.145805358886719 -7.7690582275390625 0.18529510498046875
      vertex -7.128841400146484 -7.750732421875 0.125
    endloop
  endfacet
  facet normal -0.44307873109981316 -0.6585210437981154 -0.6083019586702151
    outer loop
      vertex -6.277523040771484 -8.409255981445312 0.07322311401367188
      vertex -5.4073028564453125 -9.0426025390625 0.125
      vertex -6.301368713378906 -8.4410400390625 0.125
    endloop
  endfacet
  facet normal -0.5158487757919402 -0.7666785786977053 -0.38223552618774576
    outer loop
      vertex -6.301368713378906 -8.4410400390625 0.125
      vertex -5.420158386230469 -9.064010620117188 0.18529510498046875
      vertex -6.3163604736328125 -8.461013793945312 0.18529510498046875
    endloop
  endfacet
  facet normal -0.5451276700178164 -0.8101942407761379 -0.2154556000528278
    outer loop
      vertex -6.3163604736328125 -8.461013793945312 0.18529510498046875
      vertex -5.420158386230469 -9.064010620117188 0.18529510498046875
      vertex -6.219516754150391 -8.543380737304688 0.25
    endloop
  endfacet
  facet normal -0.6306051885296682 -0.7749318999327367 -0.04263386759491593
    outer loop
      vertex -6.3163604736328125 -8.461013793945312 0.18529510498046875
      vertex -6.219516754150391 -8.543380737304688 0.25
      vertex -7.056133270263672 -7.862579345703125 0.25
    endloop
  endfacet
  facet normal -0.5084438449426223 -0.609474326491003 -0.6082975438782412
    outer loop
      vertex -6.277523040771484 -8.409255981445312 0.07322311401367188
      vertex -6.301368713378906 -8.4410400390625 0.125
      vertex -7.1018524169921875 -7.7215728759765625 0.07322311401367188
    endloop
  endfacet
  facet normal -0.5919490261541391 -0.7095701088985268 -0.3822389448929807
    outer loop
      vertex -6.301368713378906 -8.4410400390625 0.125
      vertex -6.3163604736328125 -8.461013793945312 0.18529510498046875
      vertex -7.128841400146484 -7.750732421875 0.125
    endloop
  endfacet
  facet normal -0.39028772788423766 -0.4678422266616982 -0.7929685620597978
    outer loop
      vertex -6.277523040771484 -8.409255981445312 0.07322311401367188
      vertex -7.066680908203125 -7.6835784912109375 0.033493995666503906
      vertex -6.2464447021484375 -8.367843627929688 0.033493995666503906
    endloop
  endfacet
  facet normal -0.24542958760945927 -0.2941992462057808 -0.9236942790002552
    outer loop
      vertex -6.2464447021484375 -8.367843627929688 0.033493995666503906
      vertex -7.025726318359375 -7.6393280029296875 0.008518218994140625
      vertex -6.210254669189453 -8.319618225097656 0.008518218994140625
    endloop
  endfacet
  facet normal -0.10371831982855777 -0.12432833306083317 -0.9868054396537626
    outer loop
      vertex -6.481254577636719 -8.025932312011719 0
      vertex -6.210254669189453 -8.319618225097656 0.008518218994140625
      vertex -7.025726318359375 -7.6393280029296875 0.008518218994140625
    endloop
  endfacet
  facet normal -0.06434822192723526 -0.08820870532434316 -0.9940213934517741
    outer loop
      vertex -6.481254577636719 -8.025932312011719 0
      vertex -5.622589111328125 -8.652328491210938 0
      vertex -6.210254669189453 -8.319618225097656 0.008518218994140625
    endloop
  endfacet
  facet normal -0.34011987935040355 -0.5054904513701439 -0.792967761793804
    outer loop
      vertex -6.277523040771484 -8.409255981445312 0.07322311401367188
      vertex -6.2464447021484375 -8.367843627929688 0.033493995666503906
      vertex -5.386852264404297 -9.008544921875 0.07322311401367188
    endloop
  endfacet
  facet normal -0.21388222443744975 -0.3178734257305916 -0.9236941481269578
    outer loop
      vertex -6.2464447021484375 -8.367843627929688 0.033493995666503906
      vertex -6.210254669189453 -8.319618225097656 0.008518218994140625
      vertex -5.360198974609375 -8.964157104492188 0.033493995666503906
    endloop
  endfacet
  facet normal -0.5158580959147411 -0.7666885994059552 -0.38220284721617725
    outer loop
      vertex -6.301368713378906 -8.4410400390625 0.125
      vertex -5.4073028564453125 -9.0426025390625 0.125
      vertex -5.420158386230469 -9.064010620117188 0.18529510498046875
    endloop
  endfacet
  facet normal -0.4431212559079252 -0.6585723953813241 -0.6082153833999004
    outer loop
      vertex -6.277523040771484 -8.409255981445312 0.07322311401367188
      vertex -5.386852264404297 -9.008544921875 0.07322311401367188
      vertex -5.4073028564453125 -9.0426025390625 0.125
    endloop
  endfacet
  facet normal -0.3401272986717314 -0.5054998371072884 -0.7929585962600922
    outer loop
      vertex -6.2464447021484375 -8.367843627929688 0.033493995666503906
      vertex -5.360198974609375 -8.964157104492188 0.033493995666503906
      vertex -5.386852264404297 -9.008544921875 0.07322311401367188
    endloop
  endfacet
  facet normal -0.5477342118871772 -0.8354868804063451 -0.04414641318620095
    outer loop
      vertex -6.219516754150391 -8.543380737304688 0.25
      vertex -5.420158386230469 -9.064010620117188 0.18529510498046875
      vertex -5.317470550537109 -9.134750366210938 0.25
    endloop
  endfacet
  facet normal -0.0902136845012414 -0.13407828182018036 -0.9868558686418492
    outer loop
      vertex -6.210254669189453 -8.319618225097656 0.008518218994140625
      vertex -5.622589111328125 -8.652328491210938 0
      vertex -5.329154968261719 -8.912460327148438 0.008518218994140625
    endloop
  endfacet
  facet normal -0.21385770340780702 -0.3178417286186103 -0.9237107329905136
    outer loop
      vertex -6.210254669189453 -8.319618225097656 0.008518218994140625
      vertex -5.329154968261719 -8.912460327148438 0.008518218994140625
      vertex -5.360198974609375 -8.964157104492188 0.033493995666503906
    endloop
  endfacet
  facet normal -0.631179003948867 -0.7756370445796547 -0.0004899488289754013
    outer loop
      vertex -6.219516754150391 -8.543380737304688 0.25
      vertex -6.270580291748047 -8.505775451660156 6.5
      vertex -7.056133270263672 -7.862579345703125 0.25
    endloop
  endfacet
  facet normal -0.5482686709030223 -0.8363021179543432 -0.0004816755271068472
    outer loop
      vertex -6.219516754150391 -8.543380737304688 0.25
      vertex -5.317470550537109 -9.134750366210938 0.25
      vertex -5.371070861816406 -9.10321044921875 6.5
    endloop
  endfacet
  facet normal -0.6358948741152898 -0.7717755236451364 0.0005001761444134216
    outer loop
      vertex -7.056133270263672 -7.862579345703125 0.25
      vertex -6.270580291748047 -8.505775451660156 6.5
      vertex -7.103969573974609 -7.819114685058594 6.5
    endloop
  endfacet
  facet normal -0.5532644996985415 -0.8330054930811791 0.0004918027086362226
    outer loop
      vertex -6.219516754150391 -8.543380737304688 0.25
      vertex -5.371070861816406 -9.10321044921875 6.5
      vertex -6.270580291748047 -8.505775451660156 6.5
    endloop
  endfacet
  facet normal -0.698887643400626 -0.6811145819915829 -0.2182635748363669
    outer loop
      vertex -7.899707794189453 -6.9954833984375 0.18529510498046875
      vertex -7.145805358886719 -7.7690582275390625 0.18529510498046875
      vertex -7.8184967041015625 -7.09954833984375 0.25
    endloop
  endfacet
  facet normal -0.6617766237188133 -0.6449528477391695 -0.3822139773640727
    outer loop
      vertex -7.880950927734375 -6.97900390625 0.125
      vertex -7.128841400146484 -7.750732421875 0.125
      vertex -7.145805358886719 -7.7690582275390625 0.18529510498046875
    endloop
  endfacet
  facet normal -0.5684259068549149 -0.5539738270938569 -0.608280352560522
    outer loop
      vertex -7.851104736328125 -6.9527740478515625 0.07322311401367188
      vertex -7.1018524169921875 -7.7215728759765625 0.07322311401367188
      vertex -7.128841400146484 -7.750732421875 0.125
    endloop
  endfacet
  facet normal -0.7068169211625571 -0.7061985305634118 -0.041151857653836395
    outer loop
      vertex -7.8184967041015625 -7.09954833984375 0.25
      vertex -7.145805358886719 -7.7690582275390625 0.18529510498046875
      vertex -7.056133270263672 -7.862579345703125 0.25
    endloop
  endfacet
  facet normal -0.43633575466273133 -0.4252432840974932 -0.7929560255984459
    outer loop
      vertex -7.812217712402344 -6.9185943603515625 0.033493995666503906
      vertex -7.066680908203125 -7.6835784912109375 0.033493995666503906
      vertex -7.1018524169921875 -7.7215728759765625 0.07322311401367188
    endloop
  endfacet
  facet normal -0.27438247316640696 -0.2674035918720083 -0.9236934434502793
    outer loop
      vertex -7.766925811767578 -6.8787841796875 0.008518218994140625
      vertex -7.025726318359375 -7.6393280029296875 0.008518218994140625
      vertex -7.066680908203125 -7.6835784912109375 0.033493995666503906
    endloop
  endfacet
  facet normal -0.5684175628656669 -0.5539671737195396 -0.6082942089704952
    outer loop
      vertex -7.880950927734375 -6.97900390625 0.125
      vertex -7.851104736328125 -6.9527740478515625 0.07322311401367188
      vertex -7.128841400146484 -7.750732421875 0.125
    endloop
  endfacet
  facet normal -0.43634474009098834 -0.42525078939123134 -0.7929470561879035
    outer loop
      vertex -7.812217712402344 -6.9185943603515625 0.033493995666503906
      vertex -7.1018524169921875 -7.7215728759765625 0.07322311401367188
      vertex -7.851104736328125 -6.9527740478515625 0.07322311401367188
    endloop
  endfacet
  facet normal -0.6617973251403428 -0.6449674890270188 -0.38215342277058
    outer loop
      vertex -7.899707794189453 -6.9954833984375 0.18529510498046875
      vertex -7.880950927734375 -6.97900390625 0.125
      vertex -7.145805358886719 -7.7690582275390625 0.18529510498046875
    endloop
  endfacet
  facet normal -0.0809428268198125 -0.07288427478960002 -0.9940503715983471
    outer loop
      vertex -7.981651306152344 -6.524139404296875 0
      vertex -7.270439147949219 -7.313987731933594 0
      vertex -7.766925811767578 -6.8787841796875 0.008518218994140625
    endloop
  endfacet
  facet normal -0.2743530925794671 -0.26737852409315976 -0.9237094269551687
    outer loop
      vertex -7.766925811767578 -6.8787841796875 0.008518218994140625
      vertex -7.066680908203125 -7.6835784912109375 0.033493995666503906
      vertex -7.812217712402344 -6.9185943603515625 0.033493995666503906
    endloop
  endfacet
  facet normal -0.1161729140742835 -0.11321807163266334 -0.9867550467523691
    outer loop
      vertex -7.270439147949219 -7.313987731933594 0
      vertex -7.025726318359375 -7.6393280029296875 0.008518218994140625
      vertex -7.766925811767578 -6.8787841796875 0.008518218994140625
    endloop
  endfacet
  facet normal -0.07304280251811553 -0.08096733135232832 -0.9940367398914297
    outer loop
      vertex -6.481254577636719 -8.025932312011719 0
      vertex -7.025726318359375 -7.6393280029296875 0.008518218994140625
      vertex -7.270439147949219 -7.313987731933594 0
    endloop
  endfacet
  facet normal -0.39030093236870667 -0.4678557922381231 -0.79295405911147
    outer loop
      vertex -6.277523040771484 -8.409255981445312 0.07322311401367188
      vertex -7.1018524169921875 -7.7215728759765625 0.07322311401367188
      vertex -7.066680908203125 -7.6835784912109375 0.033493995666503906
    endloop
  endfacet
  facet normal -0.24543011157374697 -0.2941997959068497 -0.9236939646989505
    outer loop
      vertex -6.2464447021484375 -8.367843627929688 0.033493995666503906
      vertex -7.066680908203125 -7.6835784912109375 0.033493995666503906
      vertex -7.025726318359375 -7.6393280029296875 0.008518218994140625
    endloop
  endfacet
  facet normal -0.7074160827966874 -0.7067971679940167 -0.0004991154456461393
    outer loop
      vertex -7.8184967041015625 -7.09954833984375 0.25
      vertex -7.056133270263672 -7.862579345703125 0.25
      vertex -7.103969573974609 -7.819114685058594 6.5
    endloop
  endfacet
  facet normal -0.35631811127756596 0.6175125151696808 0.7012244271161713
    outer loop
      vertex -8.698348999023438 -5.97906494140625 2.0220766067504883
      vertex -8.576000213623047 -6.154869079589844 2.239063262939453
      vertex -5.51751708984375 -4.146186828613281 2.0243053436279297
    endloop
  endfacet
  facet normal -0.42928867523718184 0.7472394485640533 0.5072912771010313
    outer loop
      vertex -8.576000213623047 -6.154869079589844 2.239063262939453
      vertex -8.485416412353516 -6.2802886962890625 2.5004615783691406
      vertex -5.391315460205078 -4.364776611328125 2.297257423400879
    endloop
  endfacet
  facet normal 0 0 -1
    outer loop
      vertex -6.481254577636719 -8.025932312011719 0
      vertex -7.270439147949219 -7.313987731933594 0
      vertex -4.399700164794922 -6.582298278808594 0
    endloop
  endfacet
  facet normal -0.7529970661365205 -0.6579426830499284 0.010336547337193316
    outer loop
      vertex -7.8184967041015625 -7.09954833984375 0.25
      vertex -7.103969573974609 -7.819114685058594 6.5
      vertex -8.44900131225586 -6.329627990722656 3.3260116577148438
    endloop
  endfacet
  facet normal -0.4778159210081633 0.833405966540517 0.27771647514288256
    outer loop
      vertex -8.485416412353516 -6.2802886962890625 2.5004615783691406
      vertex -8.431442260742188 -6.3531951904296875 2.8121118545532227
      vertex -5.3108367919921875 -4.5041656494140625 2.6323699951171875
    endloop
  endfacet
  facet normal -0.4985904006276956 0.8611540010020702 0.09910297149955019
    outer loop
      vertex -8.431442260742188 -6.3531951904296875 2.8121118545532227
      vertex -8.42367172241211 -6.363578796386719 2.941433906555176
      vertex -5.283195495605469 -4.5520477294921875 3
    endloop
  endfacet
  facet normal -0.49985583671833134 0.8657773481045736 0.023952578308585867
    outer loop
      vertex -8.42367172241211 -6.363578796386719 2.941433906555176
      vertex -8.422821044921875 -6.364707946777344 3
      vertex -5.283195495605469 -4.5520477294921875 3
    endloop
  endfacet
  facet normal -0.4950796059951474 0.8587373577509588 -0.13216025927105046
    outer loop
      vertex -8.422821044921875 -6.364707946777344 3
      vertex -8.44900131225586 -6.329627990722656 3.3260116577148438
      vertex -5.283256530761719 -4.551933288574219 3.0178794860839844
    endloop
  endfacet
  facet normal -0.46937257585444614 0.8150492560228093 -0.339682344687544
    outer loop
      vertex -8.44900131225586 -6.329627990722656 3.3260116577148438
      vertex -8.491256713867188 -6.272308349609375 3.52193546295166
      vertex -5.313526153564453 -4.49951171875 3.38468074798584
    endloop
  endfacet
  facet normal -0.33101879519863947 0.5774597805759115 -0.7463020561692575
    outer loop
      vertex -8.603256225585938 -6.116355895996094 3.8184776306152344
      vertex -8.738590240478516 -5.919517517089844 4.030810356140137
      vertex -5.5245361328125 -4.134033203125 3.9867706298828125
    endloop
  endfacet
  facet normal -0.4447190795795243 0.7656407650403292 -0.46477861306906143
    outer loop
      vertex -8.491256713867188 -6.272308349609375 3.52193546295166
      vertex -8.526222229003906 -6.224273681640625 3.6345205307006836
      vertex -5.396392822265625 -4.355979919433594 3.717456817626953
    endloop
  endfacet
  facet normal -0.40504578812476255 0.7044206592656305 -0.5828631437328703
    outer loop
      vertex -8.526222229003906 -6.224273681640625 3.6345205307006836
      vertex -8.603256225585938 -6.116355895996094 3.8184776306152344
      vertex -5.396392822265625 -4.355979919433594 3.717456817626953
    endloop
  endfacet
  facet normal -0.8236859516951938 -0.5670458493164656 0.0006765744238949959
    outer loop
      vertex -8.603256225585938 -6.116355895996094 3.8184776306152344
      vertex -8.53793716430664 -6.208038330078125 6.5
      vertex -8.738590240478516 -5.919517517089844 4.030810356140137
    endloop
  endfacet
  facet normal -0.8617154608768576 -0.5073918202203958 0.00007252047003374008
    outer loop
      vertex -9.019092559814453 -5.4780426025390625 4.23622989654541
      vertex -9.123348236083984 -5.3006591796875 6.5
      vertex -9.115150451660156 -5.314903259277344 4.249988555908203
    endloop
  endfacet
  facet normal -0.8361627672350591 -0.5484677904171765 0.0038612905496185385
    outer loop
      vertex -8.738590240478516 -5.919517517089844 4.030810356140137
      vertex -8.53793716430664 -6.208038330078125 6.5
      vertex -8.881149291992188 -5.7012176513671875 4.167519569396973
    endloop
  endfacet
  facet normal -0.8491731459360539 -0.5280156491600847 0.01021970954185852
    outer loop
      vertex -8.881149291992188 -5.7012176513671875 4.167519569396973
      vertex -8.53793716430664 -6.208038330078125 6.5
      vertex -9.019092559814453 -5.4780426025390625 4.23622989654541
    endloop
  endfacet
  facet normal -0.8402884613432076 -0.5421263741240848 0.003781033263207701
    outer loop
      vertex -9.019092559814453 -5.4780426025390625 4.23622989654541
      vertex -8.53793716430664 -6.208038330078125 6.5
      vertex -9.123348236083984 -5.3006591796875 6.5
    endloop
  endfacet
  facet normal -0.7801685304176625 -0.625564848338011 -0.002384254555639657
    outer loop
      vertex -8.603256225585938 -6.116355895996094 3.8184776306152344
      vertex -7.862430572509766 -7.0504913330078125 6.5
      vertex -8.53793716430664 -6.208038330078125 6.5
    endloop
  endfacet
  facet normal -0.711293110338729 -0.7018887486039412 -0.037607123897606884
    outer loop
      vertex -8.526222229003906 -6.224273681640625 3.6345205307006836
      vertex -7.103969573974609 -7.819114685058594 6.5
      vertex -7.862430572509766 -7.0504913330078125 6.5
    endloop
  endfacet
  facet normal 0 0 1
    outer loop
      vertex -7.862430572509766 -7.0504913330078125 6.5
      vertex -7.103969573974609 -7.819114685058594 6.5
      vertex -6.17791748046875 -3.5006866455078125 6.5
    endloop
  endfacet
  facet normal 0 0 1
    outer loop
      vertex -6.270580291748047 -8.505775451660156 6.5
      vertex -5.6998291015625 -4.2448272705078125 6.5
      vertex -7.103969573974609 -7.819114685058594 6.5
    endloop
  endfacet
  facet normal 0 0 1
    outer loop
      vertex -6.270580291748047 -8.505775451660156 6.5
      vertex -5.371070861816406 -9.10321044921875 6.5
      vertex -5.13232421875 -4.923240661621094 6.5
    endloop
  endfacet
  facet normal 0 0 1
    outer loop
      vertex -6.270580291748047 -8.505775451660156 6.5
      vertex -5.13232421875 -4.923240661621094 6.5
      vertex -5.6998291015625 -4.2448272705078125 6.5
    endloop
  endfacet
  facet normal -0.8879386172141335 -0.45849166916898015 -0.036747807587597124
    outer loop
      vertex -9.089134216308594 -5.3597564697265625 0.25
      vertex -9.584003448486328 -4.4013671875 0.25
      vertex -9.149803161621094 -5.2370758056640625 0.18529510498046875
    endloop
  endfacet
  facet normal -0.8265460964756346 -0.4131323912770981 -0.3822867741350174
    outer loop
      vertex -9.609855651855469 -4.2608642578125 0.125
      vertex -9.128067016601562 -5.224769592285156 0.125
      vertex -9.149803161621094 -5.2370758056640625 0.18529510498046875
    endloop
  endfacet
  facet normal -0.5450029703890827 -0.272407922079301 -0.7929474675257585
    outer loop
      vertex -9.526008605957031 -4.224220275878906 0.033493995666503906
      vertex -9.048431396484375 -5.1797027587890625 0.033493995666503906
      vertex -9.093490600585938 -5.2052001953125 0.07322311401367188
    endloop
  endfacet
  facet normal -0.7099891222632232 -0.354878919455426 -0.6082568526486547
    outer loop
      vertex -9.573455810546875 -4.244956970214844 0.07322311401367188
      vertex -9.093490600585938 -5.2052001953125 0.07322311401367188
      vertex -9.128067016601562 -5.224769592285156 0.125
    endloop
  endfacet
  facet normal -0.8885271396697152 -0.4587955557640352 -0.00511469271067738
    outer loop
      vertex -9.089134216308594 -5.3597564697265625 0.25
      vertex -9.178581237792969 -5.203330993652344 1.757185935974121
      vertex -9.584003448486328 -4.4013671875 0.25
    endloop
  endfacet
  facet normal -0.9303365353729678 -0.3649985702888497 -0.03535498037502286
    outer loop
      vertex -9.632743835449219 -4.270866394042969 0.18529510498046875
      vertex -9.584003448486328 -4.4013671875 0.25
      vertex -9.977943420410156 -3.3972625732421875 0.25
    endloop
  endfacet
  facet normal -0.544951105966729 -0.2723867923849876 -0.7929903703323621
    outer loop
      vertex -9.573455810546875 -4.244956970214844 0.07322311401367188
      vertex -9.526008605957031 -4.224220275878906 0.033493995666503906
      vertex -9.093490600585938 -5.2052001953125 0.07322311401367188
    endloop
  endfacet
  facet normal -0.7100327629964486 -0.35489555212055257 -0.6081962039972605
    outer loop
      vertex -9.573455810546875 -4.244956970214844 0.07322311401367188
      vertex -9.128067016601562 -5.224769592285156 0.125
      vertex -9.609855651855469 -4.2608642578125 0.125
    endloop
  endfacet
  facet normal -0.8721205147928045 -0.4359121987506971 -0.22223042693984688
    outer loop
      vertex -9.632743835449219 -4.270866394042969 0.18529510498046875
      vertex -9.149803161621094 -5.2370758056640625 0.18529510498046875
      vertex -9.584003448486328 -4.4013671875 0.25
    endloop
  endfacet
  facet normal -0.8265442659808058 -0.4131318117589208 -0.3822913581119021
    outer loop
      vertex -9.609855651855469 -4.2608642578125 0.125
      vertex -9.149803161621094 -5.2370758056640625 0.18529510498046875
      vertex -9.632743835449219 -4.270866394042969 0.18529510498046875
    endloop
  endfacet
  facet normal -0.342703753568406 -0.17129304328690012 -0.923695204389217
    outer loop
      vertex -9.470760345458984 -4.2000732421875 0.008518218994140625
      vertex -9.048431396484375 -5.1797027587890625 0.033493995666503906
      vertex -9.526008605957031 -4.224220275878906 0.033493995666503906
    endloop
  endfacet
  facet normal -0.09905765421807369 -0.044455142380794045 -0.9940881859557108
    outer loop
      vertex -9.470760345458984 -4.2000732421875 0.008518218994140625
      vertex -9.575687408447266 -3.775787353515625 0
      vertex -9.140506744384766 -4.7454833984375 0
    endloop
  endfacet
  facet normal -0.9308245665122438 -0.3651900393554931 0.014207798310329497
    outer loop
      vertex -9.584003448486328 -4.4013671875 0.25
      vertex -9.432479858398438 -4.7214508056640625 1.949808120727539
      vertex -9.977943420410156 -3.3972625732421875 0.25
    endloop
  endfacet
  facet normal -0.8918437786210468 -0.4523079758477426 -0.005671818002299818
    outer loop
      vertex -9.584003448486328 -4.4013671875 0.25
      vertex -9.3076171875 -4.9659881591796875 1.8172578811645508
      vertex -9.432479858398438 -4.7214508056640625 1.949808120727539
    endloop
  endfacet
  facet normal -0.88011152245856 -0.47450608678700085 -0.01573790449084795
    outer loop
      vertex -9.584003448486328 -4.4013671875 0.25
      vertex -9.178581237792969 -5.203330993652344 1.757185935974121
      vertex -9.3076171875 -4.9659881591796875 1.8172578811645508
    endloop
  endfacet
  facet normal -0.9109711734770932 -0.41150207256102894 -0.028241199899180332
    outer loop
      vertex -9.977943420410156 -3.3972625732421875 0.25
      vertex -9.432479858398438 -4.7214508056640625 1.949808120727539
      vertex -9.53399658203125 -4.510124206542969 2.1451778411865234
    endloop
  endfacet
  facet normal -0.9120311940347944 -0.3438248622323518 -0.22357004544073367
    outer loop
      vertex -9.632743835449219 -4.270866394042969 0.18529510498046875
      vertex -9.977943420410156 -3.3972625732421875 0.25
      vertex -10.013778686523438 -3.2601318359375 0.18529510498046875
    endloop
  endfacet
  facet normal -0.8646496932011477 -0.3259626025826351 -0.38226860944199464
    outer loop
      vertex -9.632743835449219 -4.270866394042969 0.18529510498046875
      vertex -10.013778686523438 -3.2601318359375 0.18529510498046875
      vertex -9.989986419677734 -3.252532958984375 0.125
    endloop
  endfacet
  facet normal -0.9612270202422397 -0.2671702039186509 0.06828394902384786
    outer loop
      vertex -9.977943420410156 -3.3972625732421875 0.25
      vertex -9.53399658203125 -4.510124206542969 2.1451778411865234
      vertex -10.266792297363281 -2.3580398559570312 0.25
    endloop
  endfacet
  facet normal -0.8935854878739329 -0.2353277895522217 -0.3822640544513315
    outer loop
      vertex -9.989986419677734 -3.252532958984375 0.125
      vertex -10.013778686523438 -3.2601318359375 0.18529510498046875
      vertex -10.264419555664062 -2.2104568481445312 0.125
    endloop
  endfacet
  facet normal -0.767583869479578 -0.20214598861548047 -0.6082367981316389
    outer loop
      vertex -9.952140808105469 -3.240447998046875 0.07322311401367188
      vertex -9.989986419677734 -3.252532958984375 0.125
      vertex -10.225532531738281 -2.20233154296875 0.07322311401367188
    endloop
  endfacet
  facet normal -0.9629211626906944 -0.26764108579555324 -0.0339276235032522
    outer loop
      vertex -9.977943420410156 -3.3972625732421875 0.25
      vertex -10.266792297363281 -2.3580398559570312 0.25
      vertex -10.013778686523438 -3.2601318359375 0.18529510498046875
    endloop
  endfacet
  facet normal -0.5891488989561282 -0.15515678707478422 -0.7929879862163185
    outer loop
      vertex -9.902812957763672 -3.224700927734375 0.033493995666503906
      vertex -9.952140808105469 -3.240447998046875 0.07322311401367188
      vertex -10.174850463867188 -2.191741943359375 0.033493995666503906
    endloop
  endfacet
  facet normal -0.3705051618154929 -0.0975739378719924 -0.9236911018929584
    outer loop
      vertex -9.902812957763672 -3.224700927734375 0.033493995666503906
      vertex -10.115829467773438 -2.1794052124023438 0.008518218994140625
      vertex -9.845375061035156 -3.2063674926757812 0.008518218994140625
    endloop
  endfacet
  facet normal -0.1580531089467865 -0.041623884960957425 -0.9865529215166372
    outer loop
      vertex -9.908111572265625 -2.7662506103515625 0
      vertex -9.845375061035156 -3.2063674926757812 0.008518218994140625
      vertex -10.115829467773438 -2.1794052124023438 0.008518218994140625
    endloop
  endfacet
  facet normal -0.8646400543608678 -0.32596061248526875 -0.3822921075605201
    outer loop
      vertex -9.609855651855469 -4.2608642578125 0.125
      vertex -9.632743835449219 -4.270866394042969 0.18529510498046875
      vertex -9.989986419677734 -3.252532958984375 0.125
    endloop
  endfacet
  facet normal -0.7427595799585063 -0.2800093553332406 -0.608196487416465
    outer loop
      vertex -9.573455810546875 -4.244956970214844 0.07322311401367188
      vertex -9.609855651855469 -4.2608642578125 0.125
      vertex -9.952140808105469 -3.240447998046875 0.07322311401367188
    endloop
  endfacet
  facet normal -0.5700713604274759 -0.21490866569832906 -0.7929898545556121
    outer loop
      vertex -9.573455810546875 -4.244956970214844 0.07322311401367188
      vertex -9.902812957763672 -3.224700927734375 0.033493995666503906
      vertex -9.526008605957031 -4.224220275878906 0.033493995666503906
    endloop
  endfacet
  facet normal -0.3585003019759069 -0.1351501576041674 -0.9236947376610697
    outer loop
      vertex -9.470760345458984 -4.2000732421875 0.008518218994140625
      vertex -9.526008605957031 -4.224220275878906 0.033493995666503906
      vertex -9.845375061035156 -3.2063674926757812 0.008518218994140625
    endloop
  endfacet
  facet normal -0.15273447648133553 -0.05757899910898751 -0.9865884849092754
    outer loop
      vertex -9.470760345458984 -4.2000732421875 0.008518218994140625
      vertex -9.845375061035156 -3.2063674926757812 0.008518218994140625
      vertex -9.575687408447266 -3.775787353515625 0
    endloop
  endfacet
  facet normal -0.570073826542101 -0.21490938517592023 -0.7929878867012753
    outer loop
      vertex -9.573455810546875 -4.244956970214844 0.07322311401367188
      vertex -9.952140808105469 -3.240447998046875 0.07322311401367188
      vertex -9.902812957763672 -3.224700927734375 0.033493995666503906
    endloop
  endfacet
  facet normal -0.7427273005003531 -0.2800007292740825 -0.6082398775955423
    outer loop
      vertex -9.609855651855469 -4.2608642578125 0.125
      vertex -9.989986419677734 -3.252532958984375 0.125
      vertex -9.952140808105469 -3.240447998046875 0.07322311401367188
    endloop
  endfacet
  facet normal -0.358510106163241 -0.13515312977156707 -0.9236904975649427
    outer loop
      vertex -9.526008605957031 -4.224220275878906 0.033493995666503906
      vertex -9.902812957763672 -3.224700927734375 0.033493995666503906
      vertex -9.845375061035156 -3.2063674926757812 0.008518218994140625
    endloop
  endfacet
  facet normal -0.10303292517885329 -0.0339270801486556 -0.9940991749124809
    outer loop
      vertex -9.908111572265625 -2.7662506103515625 0
      vertex -9.575687408447266 -3.775787353515625 0
      vertex -9.845375061035156 -3.2063674926757812 0.008518218994140625
    endloop
  endfacet
  facet normal -0.9459109254539464 -0.32415680053486906 -0.013224589742429722
    outer loop
      vertex -10.266792297363281 -2.3580398559570312 0.25
      vertex -9.65932846069336 -4.231048583984375 2.7107067108154297
      vertex -9.669872283935547 -4.20654296875 2.8641977310180664
    endloop
  endfacet
  facet normal -0.9490456083499499 -0.31507989262698455 -0.006090528207087949
    outer loop
      vertex -10.266792297363281 -2.3580398559570312 0.25
      vertex -9.669872283935547 -4.20654296875 2.8641977310180664
      vertex -9.67251968383789 -4.200355529785156 2.9566307067871094
    endloop
  endfacet
  facet normal -0.951148507952074 -0.30873096181847454 -0.00130730072406277
    outer loop
      vertex -10.266792297363281 -2.3580398559570312 0.25
      vertex -9.67251968383789 -4.200355529785156 2.9566307067871094
      vertex -9.672813415527344 -4.199668884277344 3.0081825256347656
    endloop
  endfacet
  facet normal -0.9329952253338466 -0.35709594396852423 -0.044748143039385256
    outer loop
      vertex -10.266792297363281 -2.3580398559570312 0.25
      vertex -9.53399658203125 -4.510124206542969 2.1451778411865234
      vertex -9.612918853759766 -4.336967468261719 2.4088878631591797
    endloop
  endfacet
  facet normal -0.94028107067437 -0.3393812583709792 -0.026303414188865733
    outer loop
      vertex -10.266792297363281 -2.3580398559570312 0.25
      vertex -9.612918853759766 -4.336967468261719 2.4088878631591797
      vertex -9.657073974609375 -4.236259460449219 2.687932014465332
    endloop
  endfacet
  facet normal -0.943893512896362 -0.3297597456968548 -0.017987396423909608
    outer loop
      vertex -10.266792297363281 -2.3580398559570312 0.25
      vertex -9.657073974609375 -4.236259460449219 2.687932014465332
      vertex -9.65932846069336 -4.231048583984375 2.7107067108154297
    endloop
  endfacet
  facet normal -0.094013690551863 -0.05452776888964695 -0.9940765304586643
    outer loop
      vertex -8.607250213623047 -5.664894104003906 0
      vertex -8.995956420898438 -5.150001525878906 0.008518218994140625
      vertex -9.140506744384766 -4.7454833984375 0
    endloop
  endfacet
  facet normal -0.3426908770773345 -0.17128763943644473 -0.9237009837302641
    outer loop
      vertex -9.470760345458984 -4.2000732421875 0.008518218994140625
      vertex -8.995956420898438 -5.150001525878906 0.008518218994140625
      vertex -9.048431396484375 -5.1797027587890625 0.033493995666503906
    endloop
  endfacet
  facet normal -0.14580527589450648 -0.07287804606398549 -0.9866253655381167
    outer loop
      vertex -9.470760345458984 -4.2000732421875 0.008518218994140625
      vertex -9.140506744384766 -4.7454833984375 0
      vertex -8.995956420898438 -5.150001525878906 0.008518218994140625
    endloop
  endfacet
  facet normal -0.8676970310544766 -0.4970934047274973 0.00009631028642864983
    outer loop
      vertex -9.089134216308594 -5.3597564697265625 0.25
      vertex -9.08059310913086 -5.3743743896484375 1.7516231536865234
      vertex -9.178581237792969 -5.203330993652344 1.757185935974121
    endloop
  endfacet
  facet normal -0.1039023779703712 0.1751821437333939 0.9790380546072123
    outer loop
      vertex -9.010513305664062 -5.492301940917969 1.766209602355957
      vertex -8.955467224121094 -5.582542419433594 1.788198471069336
      vertex -5.859367370605469 -3.5540847778320312 1.7538204193115234
    endloop
  endfacet
  facet normal -0.05253924637486631 0.09177431241423735 0.994392831415862
    outer loop
      vertex -9.08059310913086 -5.3743743896484375 1.7516231536865234
      vertex -9.010513305664062 -5.492301940917969 1.766209602355957
      vertex -5.859367370605469 -3.5540847778320312 1.7538204193115234
    endloop
  endfacet
  facet normal 0.013363061884111235 -0.024854193090931138 0.9996017695376895
    outer loop
      vertex -9.08059310913086 -5.3743743896484375 1.7516231536865234
      vertex -5.859367370605469 -3.5540847778320312 1.7538204193115234
      vertex -9.178581237792969 -5.203330993652344 1.757185935974121
    endloop
  endfacet
  facet normal 0.2191729241213918 -0.3760863255661309 0.900290122712809
    outer loop
      vertex -9.3076171875 -4.9659881591796875 1.8172578811645508
      vertex -6.218109130859375 -2.9327239990234375 1.9145002365112305
      vertex -9.432479858398438 -4.7214508056640625 1.949808120727539
    endloop
  endfacet
  facet normal 0.11042149223306708 -0.18702745254691805 0.9761290007201062
    outer loop
      vertex -9.3076171875 -4.9659881591796875 1.8172578811645508
      vertex -9.178581237792969 -5.203330993652344 1.757185935974121
      vertex -6.044776916503906 -3.232940673828125 1.7802133560180664
    endloop
  endfacet
  facet normal 0.3206974340944162 -0.5553204153909534 0.7673150539480356
    outer loop
      vertex -9.432479858398438 -4.7214508056640625 1.949808120727539
      vertex -6.3640289306640625 -2.6799850463867188 2.144804000854492
      vertex -9.53399658203125 -4.510124206542969 2.1451778411865234
    endloop
  endfacet
  facet normal 0.40614229439621996 -0.7033562639169413 0.5833852952478114
    outer loop
      vertex -9.53399658203125 -4.510124206542969 2.1451778411865234
      vertex -6.3640289306640625 -2.6799850463867188 2.144804000854492
      vertex -9.612918853759766 -4.336967468261719 2.4088878631591797
    endloop
  endfacet
  facet normal -0.9619888705257191 -0.2725753541582615 0.01673586837154201
    outer loop
      vertex -9.672813415527344 -4.199668884277344 3.0081825256347656
      vertex -9.657600402832031 -4.235069274902344 3.3060741424560547
      vertex -10.45578384399414 -1.2219696044921875 6.5
    endloop
  endfacet
  facet normal -0.9311997609189265 -0.3622037122361381 0.040932580017573814
    outer loop
      vertex -9.611618041992188 -4.339874267578125 3.5974864959716797
      vertex -9.535453796386719 -4.50701904296875 3.851163864135742
      vertex -10.282230377197266 -2.2877655029296875 6.5
    endloop
  endfacet
  facet normal -0.9392258379251334 -0.3423836468974631 0.025065189227781132
    outer loop
      vertex -9.657600402832031 -4.235069274902344 3.3060741424560547
      vertex -9.611618041992188 -4.339874267578125 3.5974864959716797
      vertex -10.282230377197266 -2.2877655029296875 6.5
    endloop
  endfacet
  facet normal -0.03539530828570587 0.06327383857313243 -0.9973683339186085
    outer loop
      vertex -9.019092559814453 -5.4780426025390625 4.23622989654541
      vertex -9.115150451660156 -5.314903259277344 4.249988555908203
      vertex -5.8682861328125 -3.5386428833007812 4.247448921203613
    endloop
  endfacet
  facet normal 0.02739401703434619 -0.05150143962295572 -0.9982971348989663
    outer loop
      vertex -9.180732727050781 -5.1994781494140625 4.242234230041504
      vertex -5.8682861328125 -3.5386428833007812 4.247448921203613
      vertex -9.115150451660156 -5.314903259277344 4.249988555908203
    endloop
  endfacet
  facet normal 0.2317406861731919 -0.3978514254719422 -0.8876995536902799
    outer loop
      vertex -9.44156265258789 -4.7030181884765625 4.036450386047363
      vertex -6.225841522216797 -2.9193344116210938 4.0765228271484375
      vertex -9.326210021972656 -4.930580139160156 4.168553352355957
    endloop
  endfacet
  facet normal 0.0990159612007375 -0.16936243599215042 -0.9805672871875233
    outer loop
      vertex -9.283134460449219 -5.012168884277344 4.199542045593262
      vertex -6.053489685058594 -3.2178573608398438 4.215754508972168
      vertex -9.180732727050781 -5.1994781494140625 4.242234230041504
    endloop
  endfacet
  facet normal 0.158337121626082 -0.27643185359781686 -0.9479001984553239
    outer loop
      vertex -9.283134460449219 -5.012168884277344 4.199542045593262
      vertex -9.326210021972656 -4.930580139160156 4.168553352355957
      vertex -6.053489685058594 -3.2178573608398438 4.215754508972168
    endloop
  endfacet
  facet normal 0.46675659070234093 -0.8057132476901488 0.36464290413021955
    outer loop
      vertex -9.612918853759766 -4.336967468261719 2.4088878631591797
      vertex -6.469627380371094 -2.4970855712890625 2.450751304626465
      vertex -9.657073974609375 -4.236259460449219 2.687932014465332
    endloop
  endfacet
  facet normal 0.4842372515051558 -0.8412577141420946 0.2404157703877808
    outer loop
      vertex -9.657073974609375 -4.236259460449219 2.687932014465332
      vertex -6.525566101074219 -2.4001922607421875 2.8052825927734375
      vertex -9.65932846069336 -4.231048583984375 2.7107067108154297
    endloop
  endfacet
  facet normal 0.493270376639929 -0.8530860429025278 0.17008391733026654
    outer loop
      vertex -9.65932846069336 -4.231048583984375 2.7107067108154297
      vertex -6.525566101074219 -2.4001922607421875 2.8052825927734375
      vertex -9.669872283935547 -4.20654296875 2.8641977310180664
    endloop
  endfacet
  facet normal 0.49785290782159 -0.8642582302275666 0.07211236826995848
    outer loop
      vertex -9.669872283935547 -4.20654296875 2.8641977310180664
      vertex -6.525566101074219 -2.4001922607421875 2.8052825927734375
      vertex -9.67251968383789 -4.200355529785156 2.9566307067871094
    endloop
  endfacet
  facet normal 0.4970046911851455 -0.8676285586927542 0.014388227155982829
    outer loop
      vertex -9.67251968383789 -4.200355529785156 2.9566307067871094
      vertex -6.525566101074219 -2.4001922607421875 2.8052825927734375
      vertex -9.672813415527344 -4.199668884277344 3.0081825256347656
    endloop
  endfacet
  facet normal 0.467452528203347 -0.8057985191827435 -0.3635613845820222
    outer loop
      vertex -9.657600402832031 -4.235069274902344 3.3060741424560547
      vertex -6.4734954833984375 -2.4903793334960938 3.5331315994262695
      vertex -9.611618041992188 -4.339874267578125 3.5974864959716797
    endloop
  endfacet
  facet normal 0.4980834565914354 -0.8577242518221599 -0.12736552950482183
    outer loop
      vertex -9.672813415527344 -4.199668884277344 3.0081825256347656
      vertex -6.526893615722656 -2.3978958129882812 3.1770362854003906
      vertex -9.657600402832031 -4.235069274902344 3.3060741424560547
    endloop
  endfacet
  facet normal 0.4060426592905364 -0.702342283786241 -0.5846748457409442
    outer loop
      vertex -9.611618041992188 -4.339874267578125 3.5974864959716797
      vertex -6.370098114013672 -2.6694717407226562 3.842068672180176
      vertex -9.535453796386719 -4.50701904296875 3.851163864135742
    endloop
  endfacet
  facet normal 0.3246384959970724 -0.5629836072764982 -0.7600390153503306
    outer loop
      vertex -9.44156265258789 -4.7030181884765625 4.036450386047363
      vertex -9.535453796386719 -4.50701904296875 3.851163864135742
      vertex -6.370098114013672 -2.6694717407226562 3.842068672180176
    endloop
  endfacet
  facet normal -0.5891773920008442 -0.15516199742010062 -0.7929657970629554
    outer loop
      vertex -9.952140808105469 -3.240447998046875 0.07322311401367188
      vertex -10.225532531738281 -2.20233154296875 0.07322311401367188
      vertex -10.174850463867188 -2.191741943359375 0.033493995666503906
    endloop
  endfacet
  facet normal -0.7675936340738492 -0.20214754562625573 -0.6082239577052047
    outer loop
      vertex -9.989986419677734 -3.252532958984375 0.125
      vertex -10.264419555664062 -2.2104568481445312 0.125
      vertex -10.225532531738281 -2.20233154296875 0.07322311401367188
    endloop
  endfacet
  facet normal -0.37048536115175235 -0.09757010222101349 -0.9236994491309588
    outer loop
      vertex -9.902812957763672 -3.224700927734375 0.033493995666503906
      vertex -10.174850463867188 -2.191741943359375 0.033493995666503906
      vertex -10.115829467773438 -2.1794052124023438 0.008518218994140625
    endloop
  endfacet
  facet normal -0.9422523742916727 -0.24814533852627363 -0.22490965766144067
    outer loop
      vertex -10.013778686523438 -3.2601318359375 0.18529510498046875
      vertex -10.266792297363281 -2.3580398559570312 0.25
      vertex -10.288867950439453 -2.2155685424804688 0.18529510498046875
    endloop
  endfacet
  facet normal -0.8935795746274101 -0.23532719268844604 -0.38227824446346886
    outer loop
      vertex -10.013778686523438 -3.2601318359375 0.18529510498046875
      vertex -10.288867950439453 -2.2155685424804688 0.18529510498046875
      vertex -10.264419555664062 -2.2104568481445312 0.125
    endloop
  endfacet
  facet normal -0.10590299918829264 -0.023055320365589157 -0.994109152440397
    outer loop
      vertex -9.908111572265625 -2.7662506103515625 0
      vertex -10.115829467773438 -2.1794052124023438 0.008518218994140625
      vertex -10.134204864501953 -1.7277069091796875 0
    endloop
  endfacet
  facet normal -0.9809297512230427 -0.166699924575392 0.0999397734240885
    outer loop
      vertex -10.266792297363281 -2.3580398559570312 0.25
      vertex -9.672813415527344 -4.199668884277344 3.0081825256347656
      vertex -10.447502136230469 -1.2946701049804688 0.25
    endloop
  endfacet
  facet normal -0.9853438026173729 -0.16745005172118335 -0.03252800058578111
    outer loop
      vertex -10.288867950439453 -2.2155685424804688 0.18529510498046875
      vertex -10.266792297363281 -2.3580398559570312 0.25
      vertex -10.447502136230469 -1.2946701049804688 0.25
    endloop
  endfacet
  facet normal -0.9130414245328128 -0.14220210806489791 -0.38227466244703023
    outer loop
      vertex -10.264419555664062 -2.2104568481445312 0.125
      vertex -10.288867950439453 -2.2155685424804688 0.18529510498046875
      vertex -10.430252075195312 -1.14569091796875 0.125
    endloop
  endfacet
  facet normal -0.7843095386045295 -0.12215206998513421 -0.6082248099611662
    outer loop
      vertex -10.225532531738281 -2.20233154296875 0.07322311401367188
      vertex -10.264419555664062 -2.2104568481445312 0.125
      vertex -10.390735626220703 -1.1416015625 0.07322311401367188
    endloop
  endfacet
  facet normal -0.6020074759180348 -0.09376000662225933 -0.7929666197873595
    outer loop
      vertex -10.225532531738281 -2.20233154296875 0.07322311401367188
      vertex -10.3392333984375 -1.1362838745117188 0.033493995666503906
      vertex -10.174850463867188 -2.191741943359375 0.033493995666503906
    endloop
  endfacet
  facet normal -0.9624722060156645 -0.14990059991185745 -0.22622347975708787
    outer loop
      vertex -10.288867950439453 -2.2155685424804688 0.18529510498046875
      vertex -10.447502136230469 -1.2946701049804688 0.25
      vertex -10.455097198486328 -1.14825439453125 0.18529510498046875
    endloop
  endfacet
  facet normal -0.7843033334519045 -0.12215172760234302 -0.6082328802194055
    outer loop
      vertex -10.264419555664062 -2.2104568481445312 0.125
      vertex -10.430252075195312 -1.14569091796875 0.125
      vertex -10.390735626220703 -1.1416015625 0.07322311401367188
    endloop
  endfacet
  facet normal -0.9130422087306307 -0.14220210617836937 -0.3822727901312452
    outer loop
      vertex -10.288867950439453 -2.2155685424804688 0.18529510498046875
      vertex -10.455097198486328 -1.14825439453125 0.18529510498046875
      vertex -10.430252075195312 -1.14569091796875 0.125
    endloop
  endfacet
  facet normal -0.602014172091864 -0.09376052905367957 -0.7929614743429354
    outer loop
      vertex -10.225532531738281 -2.20233154296875 0.07322311401367188
      vertex -10.390735626220703 -1.1416015625 0.07322311401367188
      vertex -10.3392333984375 -1.1362838745117188 0.033493995666503906
    endloop
  endfacet
  facet normal -0.37856467230737484 -0.058959776418666184 -0.9236950436401998
    outer loop
      vertex -10.174850463867188 -2.191741943359375 0.033493995666503906
      vertex -10.3392333984375 -1.1362838745117188 0.033493995666503906
      vertex -10.279258728027344 -1.1300811767578125 0.008518218994140625
    endloop
  endfacet
  facet normal -0.3785556807532297 -0.05895898003748034 -0.9236987794959993
    outer loop
      vertex -10.115829467773438 -2.1794052124023438 0.008518218994140625
      vertex -10.174850463867188 -2.191741943359375 0.033493995666503906
      vertex -10.279258728027344 -1.1300811767578125 0.008518218994140625
    endloop
  endfacet
  facet normal -0.16168068599709243 -0.025181311027168814 -0.9865217977067017
    outer loop
      vertex -10.115829467773438 -2.1794052124023438 0.008518218994140625
      vertex -10.279258728027344 -1.1300811767578125 0.008518218994140625
      vertex -10.134204864501953 -1.7277069091796875 0
    endloop
  endfacet
  facet normal 0 0 -1
    outer loop
      vertex -9.908111572265625 -2.7662506103515625 0
      vertex -10.049388885498047 2.0419464111328125 0
      vertex -9.575687408447266 -3.775787353515625 0
    endloop
  endfacet
  facet normal 0 0 -1
    outer loop
      vertex -9.575687408447266 -3.775787353515625 0
      vertex -9.776813507080078 3.0692596435546875 0
      vertex -9.140506744384766 -4.7454833984375 0
    endloop
  endfacet
  facet normal -0.10763778771467437 -0.01195591041570009 -0.994118284140284
    outer loop
      vertex -10.134204864501953 -1.7277069091796875 0
      vertex -10.279258728027344 -1.1300811767578125 0.008518218994140625
      vertex -10.251541137695312 -0.6713409423828125 0
    endloop
  endfacet
  facet normal -0.9228217243180958 -0.04756826501000925 -0.38227911961093786
    outer loop
      vertex -10.430252075195312 -1.14569091796875 0.125
      vertex -10.455097198486328 -1.14825439453125 0.18529510498046875
      vertex -10.485725402832031 -0.06951141357421875 0.125
    endloop
  endfacet
  facet normal -0.6084593924806938 -0.03136422267496711 -0.7929649760475048
    outer loop
      vertex -10.390735626220703 -1.1416015625 0.07322311401367188
      vertex -10.394222259521484 -0.06951141357421875 0.033493995666503906
      vertex -10.3392333984375 -1.1362838745117188 0.033493995666503906
    endloop
  endfacet
  facet normal -0.7927096335619593 -0.04086216459252391 -0.6082283455766243
    outer loop
      vertex -10.390735626220703 -1.1416015625 0.07322311401367188
      vertex -10.430252075195312 -1.14569091796875 0.125
      vertex -10.445999145507812 -0.06951141357421875 0.07322311401367188
    endloop
  endfacet
  facet normal -0.9973690020475185 -0.06548121679530539 -0.031101189715882674
    outer loop
      vertex -10.455097198486328 -1.14825439453125 0.18529510498046875
      vertex -10.447502136230469 -1.2946701049804688 0.25
      vertex -10.518165588378906 -0.2183685302734375 0.25
    endloop
  endfacet
  facet normal -0.3826223326267642 -0.019722758087036843 -0.9236943019141637
    outer loop
      vertex -10.279258728027344 -1.1300811767578125 0.008518218994140625
      vertex -10.3392333984375 -1.1362838745117188 0.033493995666503906
      vertex -10.333927154541016 -0.06951141357421875 0.008518218994140625
    endloop
  endfacet
  facet normal 0 0 -1
    outer loop
      vertex -10.134204864501953 -1.7277069091796875 0
      vertex -10.251541137695312 -0.6713409423828125 0
      vertex -10.269222259521484 -0.06951141357421875 0
    endloop
  endfacet
  facet normal 0 0 -1
    outer loop
      vertex -9.908111572265625 -2.7662506103515625 0
      vertex -10.134204864501953 -1.7277069091796875 0
      vertex -10.214115142822266 0.9919204711914062 0
    endloop
  endfacet
  facet normal -0.7927169467515446 -0.04086181415903132 -0.6082188376534727
    outer loop
      vertex -10.430252075195312 -1.14569091796875 0.125
      vertex -10.485725402832031 -0.06951141357421875 0.125
      vertex -10.445999145507812 -0.06951141357421875 0.07322311401367188
    endloop
  endfacet
  facet normal -0.6084553398878432 -0.031364324581219835 -0.7929680816436012
    outer loop
      vertex -10.390735626220703 -1.1416015625 0.07322311401367188
      vertex -10.445999145507812 -0.06951141357421875 0.07322311401367188
      vertex -10.394222259521484 -0.06951141357421875 0.033493995666503906
    endloop
  endfacet
  facet normal -0.38261849425594824 -0.019722814376285525 -0.9236958906731098
    outer loop
      vertex -10.3392333984375 -1.1362838745117188 0.033493995666503906
      vertex -10.394222259521484 -0.06951141357421875 0.033493995666503906
      vertex -10.333927154541016 -0.06951141357421875 0.008518218994140625
    endloop
  endfacet
  facet normal -0.9724936117731634 -0.0501299193694787 -0.2274712426756341
    outer loop
      vertex -10.455097198486328 -1.14825439453125 0.18529510498046875
      vertex -10.518165588378906 -0.2183685302734375 0.25
      vertex -10.510704040527344 -0.06951141357421875 0.18529510498046875
    endloop
  endfacet
  facet normal -0.9228142428124301 -0.04756905652145719 -0.3822970809778434
    outer loop
      vertex -10.455097198486328 -1.14825439453125 0.18529510498046875
      vertex -10.510704040527344 -0.06951141357421875 0.18529510498046875
      vertex -10.485725402832031 -0.06951141357421875 0.125
    endloop
  endfacet
  facet normal -0.16360005350983692 -0.008432974249697769 -0.9864907031679936
    outer loop
      vertex -10.279258728027344 -1.1300811767578125 0.008518218994140625
      vertex -10.333927154541016 -0.06951141357421875 0.008518218994140625
      vertex -10.251541137695312 -0.6713409423828125 0
    endloop
  endfacet
  facet normal -0.9914209867939885 -0.007037661148632433 -0.13051780824849524
    outer loop
      vertex -10.518165588378906 -0.2183685302734375 0.25
      vertex -10.519222259521484 -0.06951141357421875 0.25
      vertex -10.510704040527344 -0.06951141357421875 0.18529510498046875
    endloop
  endfacet
  facet normal -0.13052008097943144 -0.003834543408210037 -0.9914382505925285
    outer loop
      vertex -10.251541137695312 -0.6713409423828125 0
      vertex -10.333927154541016 -0.06951141357421875 0.008518218994140625
      vertex -10.269222259521484 -0.06951141357421875 0
    endloop
  endfacet
  facet normal 0 0 -1
    outer loop
      vertex -10.134204864501953 -1.7277069091796875 0
      vertex -10.269222259521484 -0.06951141357421875 0
      vertex -10.214115142822266 0.9919204711914062 0
    endloop
  endfacet
  facet normal -0.9978515652498111 -0.06551289897672659 -0.0005601751217400419
    outer loop
      vertex -10.447502136230469 -1.2946701049804688 0.25
      vertex -10.45578384399414 -1.2219696044921875 6.5
      vertex -10.518165588378906 -0.2183685302734375 0.25
    endloop
  endfacet
  facet normal -0.999974805274943 -0.007098380940524811 -0.000042466022434664494
    outer loop
      vertex -10.518165588378906 -0.2183685302734375 0.25
      vertex -10.518959045410156 -0.14398193359375 6.5
      vertex -10.519222259521484 -0.06951141357421875 0.25
    endloop
  endfacet
  facet normal 0 0 -1
    outer loop
      vertex -8.607250213623047 -5.664894104003906 0
      vertex -9.140506744384766 -4.7454833984375 0
      vertex -9.39931869506836 4.062828063964844 0
    endloop
  endfacet
  facet normal 0 0 -1
    outer loop
      vertex -8.607250213623047 -5.664894104003906 0
      vertex -8.920967102050781 5.011970520019531 0
      vertex -7.981651306152344 -6.524139404296875 0
    endloop
  endfacet
  facet normal 0 0 -1
    outer loop
      vertex -7.981651306152344 -6.524139404296875 0
      vertex -8.34689712524414 5.906463623046875 0
      vertex -7.849700927734375 -0.6067276000976562 0
    endloop
  endfacet
  facet normal -0.9666321033657516 -0.2561630157733515 0.0016988503773202432
    outer loop
      vertex -10.447502136230469 -1.2946701049804688 0.25
      vertex -9.672813415527344 -4.199668884277344 3.0081825256347656
      vertex -10.45578384399414 -1.2219696044921875 6.5
    endloop
  endfacet
  facet normal -0.9982869903636366 -0.05850436270263488 0.00056957481610458
    outer loop
      vertex -10.518165588378906 -0.2183685302734375 0.25
      vertex -10.45578384399414 -1.2219696044921875 6.5
      vertex -10.518959045410156 -0.14398193359375 6.5
    endloop
  endfacet
  facet normal -0.9999937538055531 -0.0035344518498403423 0
    outer loop
      vertex -10.518959045410156 -0.14398193359375 6.5
      vertex -10.519222259521484 -0.06951141357421875 6.5
      vertex -10.519222259521484 -0.06951141357421875 0.25
    endloop
  endfacet
  facet normal 0 0 -1
    outer loop
      vertex -7.981651306152344 -6.524139404296875 0
      vertex -7.849700927734375 -0.6067276000976562 0
      vertex -7.270439147949219 -7.313987731933594 0
    endloop
  endfacet
  facet normal -0.16990215041699966 0.2976105587152122 0.9394472920951438
    outer loop
      vertex -8.955467224121094 -5.582542419433594 1.788198471069336
      vertex -8.827919006347656 -5.78411865234375 1.8751239776611328
      vertex -5.678272247314453 -3.8677520751953125 1.837656021118164
    endloop
  endfacet
  facet normal -0.2662830404684873 0.4610863383932797 0.8464589363376914
    outer loop
      vertex -8.698348999023438 -5.97906494140625 2.0220766067504883
      vertex -5.51751708984375 -4.146186828613281 2.0243053436279297
      vertex -8.827919006347656 -5.78411865234375 1.8751239776611328
    endloop
  endfacet
  facet normal -0.2534230567138082 0.43342246341338797 0.8648246773389969
    outer loop
      vertex -8.827919006347656 -5.78411865234375 1.8751239776611328
      vertex -5.51751708984375 -4.146186828613281 2.0243053436279297
      vertex -5.678272247314453 -3.8677520751953125 1.837656021118164
    endloop
  endfacet
  facet normal -0.11592927272018967 0.1934577824295733 0.9742353361195639
    outer loop
      vertex -8.955467224121094 -5.582542419433594 1.788198471069336
      vertex -5.678272247314453 -3.8677520751953125 1.837656021118164
      vertex -5.859367370605469 -3.5540847778320312 1.7538204193115234
    endloop
  endfacet
  facet normal 0.3077939473452375 -0.5376153532561172 0.7850048521639451
    outer loop
      vertex -9.432479858398438 -4.7214508056640625 1.949808120727539
      vertex -6.218109130859375 -2.9327239990234375 1.9145002365112305
      vertex -6.3640289306640625 -2.6799850463867188 2.144804000854492
    endloop
  endfacet
  facet normal 0.41008117562668234 -0.7135169357905734 0.5680906721084839
    outer loop
      vertex -9.612918853759766 -4.336967468261719 2.4088878631591797
      vertex -6.3640289306640625 -2.6799850463867188 2.144804000854492
      vertex -6.469627380371094 -2.4970855712890625 2.450751304626465
    endloop
  endfacet
  facet normal 0.03243813620913674 -0.06324835365239002 0.9974705073732956
    outer loop
      vertex -9.178581237792969 -5.203330993652344 1.757185935974121
      vertex -5.859367370605469 -3.5540847778320312 1.7538204193115234
      vertex -6.044776916503906 -3.232940673828125 1.7802133560180664
    endloop
  endfacet
  facet normal 0.17764842992721744 -0.314529934107264 0.9324762495071254
    outer loop
      vertex -9.3076171875 -4.9659881591796875 1.8172578811645508
      vertex -6.044776916503906 -3.232940673828125 1.7802133560180664
      vertex -6.218109130859375 -2.9327239990234375 1.9145002365112305
    endloop
  endfacet
  facet normal 0 0 -1
    outer loop
      vertex -7.270439147949219 -7.313987731933594 0
      vertex -7.849700927734375 -0.6067276000976562 0
      vertex -4.399700164794922 -6.582298278808594 0
    endloop
  endfacet
  facet normal 0.07532623448727627 0.043489632589741666 -0.9962101235458196
    outer loop
      vertex -7.790523529052734 -0.6225814819335938 0.0037822723388671875
      vertex -4.383842468261719 -6.523124694824219 0.0037822723388671875
      vertex -4.399700164794922 -6.582298278808594 0
    endloop
  endfacet
  facet normal 0.22368810688112672 0.12914642088737743 -0.9660666813486106
    outer loop
      vertex -7.790523529052734 -0.6225814819335938 0.0037822723388671875
      vertex -4.36846923828125 -6.465736389160156 0.015013694763183594
      vertex -4.383842468261719 -6.523124694824219 0.0037822723388671875
    endloop
  endfacet
  facet normal 0.36524986094150286 0.21087704723695433 -0.9067102128193089
    outer loop
      vertex -7.733135223388672 -0.6379623413085938 0.015013694763183594
      vertex -4.354034423828125 -6.411872863769531 0.033355712890625
      vertex -4.36846923828125 -6.465736389160156 0.015013694763183594
    endloop
  endfacet
  facet normal 0.49582065776624645 0.2862624496670071 -0.8198876052501897
    outer loop
      vertex -7.6305694580078125 -0.6654434204101562 0.05825328826904297
      vertex -4.340984344482422 -6.363166809082031 0.05825328826904297
      vertex -4.354034423828125 -6.411872863769531 0.033355712890625
    endloop
  endfacet
  facet normal 0.6113987474394903 0.352991551327983 -0.7082291552318969
    outer loop
      vertex -7.6305694580078125 -0.6654434204101562 0.05825328826904297
      vertex -4.3297119140625 -6.321098327636719 0.08895206451416016
      vertex -4.340984344482422 -6.363166809082031 0.05825328826904297
    endloop
  endfacet
  facet normal 0.7083989809938506 0.40899352511865483 -0.5752348912730263
    outer loop
      vertex -7.588493347167969 -0.6767120361328125 0.08895206451416016
      vertex -4.320556640625 -6.28692626953125 0.12452316284179688
      vertex -4.3297119140625 -6.321098327636719 0.08895206451416016
    endloop
  endfacet
  facet normal 0.783980045181972 0.4526304693379108 -0.4248540302073355
    outer loop
      vertex -7.554325103759766 -0.6858673095703125 0.12452316284179688
      vertex -4.313793182373047 -6.261688232421875 0.16389179229736328
      vertex -4.320556640625 -6.28692626953125 0.12452316284179688
    endloop
  endfacet
  facet normal 0.8358939518746967 0.4826040596855508 -0.2614854160260708
    outer loop
      vertex -7.529090881347656 -0.6926345825195312 0.16389179229736328
      vertex -4.30963134765625 -6.24615478515625 0.20586490631103516
      vertex -4.313793182373047 -6.261688232421875 0.16389179229736328
    endloop
  endfacet
  facet normal 0.8624994690294129 0.4979643529138794 -0.09014526693644075
    outer loop
      vertex -7.513557434082031 -0.6967926025390625 0.20586490631103516
      vertex -4.308197021484375 -6.2407989501953125 0.2491741180419922
      vertex -4.30963134765625 -6.24615478515625 0.20586490631103516
    endloop
  endfacet
  facet normal 0.86602568088075 0.49999952005480297 0
    outer loop
      vertex -7.5081939697265625 -0.6982345581054688 0.2491741180419922
      vertex -4.308197021484375 -6.2407989501953125 0.25
      vertex -4.308197021484375 -6.2407989501953125 0.2491741180419922
    endloop
  endfacet
  facet normal -0.3691421774137129 0.6346552988055946 0.6789305594479045
    outer loop
      vertex -8.576000213623047 -6.154869079589844 2.239063262939453
      vertex -5.391315460205078 -4.364776611328125 2.297257423400879
      vertex -5.51751708984375 -4.146186828613281 2.0243053436279297
    endloop
  endfacet
  facet normal 0.8660262476945939 0.49999853830137136 7.16820453365045e-7
    outer loop
      vertex -5.859367370605469 -3.5540847778320312 1.7538204193115234
      vertex -5.678272247314453 -3.8677520751953125 1.837656021118164
      vertex -4.308197021484375 -6.2407989501953125 0.25
    endloop
  endfacet
  facet normal 0.8660295161363126 0.4999928769282483 0.000014202740066066218
    outer loop
      vertex -6.044776916503906 -3.232940673828125 1.7802133560180664
      vertex -5.859367370605469 -3.5540847778320312 1.7538204193115234
      vertex -4.308197021484375 -6.2407989501953125 0.25
    endloop
  endfacet
  facet normal 0.8659971716440916 0.5000488787369123 -0.0001325835219306972
    outer loop
      vertex -6.044776916503906 -3.232940673828125 1.7802133560180664
      vertex -4.308197021484375 -6.2407989501953125 0.25
      vertex -6.218109130859375 -2.9327239990234375 1.9145002365112305
    endloop
  endfacet
  facet normal 0.8660256808793872 0.49999952005401616 -0.0000017740744726749127
    outer loop
      vertex -7.5081939697265625 -0.6982345581054688 0.25
      vertex -6.218109130859375 -2.9327239990234375 1.9145002365112305
      vertex -4.308197021484375 -6.2407989501953125 0.25
    endloop
  endfacet
  facet normal -0.23252909848360942 0.4025955731134072 -0.8853513556028967
    outer loop
      vertex -8.738590240478516 -5.919517517089844 4.030810356140137
      vertex -8.881149291992188 -5.7012176513671875 4.167519569396973
      vertex -5.686607360839844 -3.8533096313476562 4.168802261352539
    endloop
  endfacet
  facet normal -0.12661848334402248 0.2195611785901641 -0.967347222320795
    outer loop
      vertex -8.881149291992188 -5.7012176513671875 4.167519569396973
      vertex -9.019092559814453 -5.4780426025390625 4.23622989654541
      vertex -5.686607360839844 -3.8533096313476562 4.168802261352539
    endloop
  endfacet
  facet normal -0.24685922764289753 0.4228655334585879 -0.8719204449606259
    outer loop
      vertex -8.738590240478516 -5.919517517089844 4.030810356140137
      vertex -5.686607360839844 -3.8533096313476562 4.168802261352539
      vertex -5.5245361328125 -4.134033203125 3.9867706298828125
    endloop
  endfacet
  facet normal -0.10836729377030134 0.18171056649647177 -0.9773626756043186
    outer loop
      vertex -9.019092559814453 -5.4780426025390625 4.23622989654541
      vertex -5.8682861328125 -3.5386428833007812 4.247448921203613
      vertex -5.686607360839844 -3.8533096313476562 4.168802261352539
    endloop
  endfacet
  facet normal 0.4739271436934085 -0.8275419136922723 0.30094425323162266
    outer loop
      vertex -9.657073974609375 -4.236259460449219 2.687932014465332
      vertex -6.469627380371094 -2.4970855712890625 2.450751304626465
      vertex -6.525566101074219 -2.4001922607421875 2.8052825927734375
    endloop
  endfacet
  facet normal 0.496691153548236 -0.8678980299266165 0.0071349587539697
    outer loop
      vertex -9.672813415527344 -4.199668884277344 3.0081825256347656
      vertex -6.525566101074219 -2.4001922607421875 2.8052825927734375
      vertex -6.526893615722656 -2.3978958129882812 3.1770362854003906
    endloop
  endfacet
  facet normal 0.47595007173892906 -0.8312372666898595 -0.2872562195630929
    outer loop
      vertex -6.526893615722656 -2.3978958129882812 3.1770362854003906
      vertex -6.4734954833984375 -2.4903793334960938 3.5331315994262695
      vertex -9.657600402832031 -4.235069274902344 3.3060741424560547
    endloop
  endfacet
  facet normal 0.31326914155887065 -0.5473432953801272 -0.7760655654964929
    outer loop
      vertex -9.44156265258789 -4.7030181884765625 4.036450386047363
      vertex -6.370098114013672 -2.6694717407226562 3.842068672180176
      vertex -6.225841522216797 -2.9193344116210938 4.0765228271484375
    endloop
  endfacet
  facet normal 0.4134415938649344 -0.7208608425230388 -0.5562604553438949
    outer loop
      vertex -9.611618041992188 -4.339874267578125 3.5974864959716797
      vertex -6.4734954833984375 -2.4903793334960938 3.5331315994262695
      vertex -6.370098114013672 -2.6694717407226562 3.842068672180176
    endloop
  endfacet
  facet normal 0.18407332241925137 -0.3261794530134325 -0.9272130156578888
    outer loop
      vertex -9.326210021972656 -4.930580139160156 4.168553352355957
      vertex -6.225841522216797 -2.9193344116210938 4.0765228271484375
      vertex -6.053489685058594 -3.2178573608398438 4.215754508972168
    endloop
  endfacet
  facet normal 0.03949408282786372 -0.07564047501465636 -0.9963527166426269
    outer loop
      vertex -9.180732727050781 -5.1994781494140625 4.242234230041504
      vertex -6.053489685058594 -3.2178573608398438 4.215754508972168
      vertex -5.8682861328125 -3.5386428833007812 4.247448921203613
    endloop
  endfacet
  facet normal -0.45376110678783316 0.7788826816737424 0.43294644721420256
    outer loop
      vertex -8.485416412353516 -6.2802886962890625 2.5004615783691406
      vertex -5.3108367919921875 -4.5041656494140625 2.6323699951171875
      vertex -5.391315460205078 -4.364776611328125 2.297257423400879
    endloop
  endfacet
  facet normal -0.49773537607999996 0.8544840532747099 0.14871616622857095
    outer loop
      vertex -8.431442260742188 -6.3531951904296875 2.8121118545532227
      vertex -5.283195495605469 -4.5520477294921875 3
      vertex -5.3108367919921875 -4.5041656494140625 2.6323699951171875
    endloop
  endfacet
  facet normal -0.49998614849623946 0.8660030551529194 -0.0072498122531528516
    outer loop
      vertex -8.422821044921875 -6.364707946777344 3
      vertex -5.283256530761719 -4.551933288574219 3.0178794860839844
      vertex -5.283195495605469 -4.5520477294921875 3
    endloop
  endfacet
  facet normal -0.49509319125893697 0.8534459565253731 -0.1628273050183308
    outer loop
      vertex -5.283256530761719 -4.551933288574219 3.0178794860839844
      vertex -8.44900131225586 -6.329627990722656 3.3260116577148438
      vertex -5.313526153564453 -4.49951171875 3.38468074798584
    endloop
  endfacet
  facet normal -0.45071013356595757 0.7733805305420454 -0.44580593365214516
    outer loop
      vertex -8.491256713867188 -6.272308349609375 3.52193546295166
      vertex -5.396392822265625 -4.355979919433594 3.717456817626953
      vertex -5.313526153564453 -4.49951171875 3.38468074798584
    endloop
  endfacet
  facet normal -0.3651610546818379 0.6256515094003163 -0.689360278032288
    outer loop
      vertex -8.603256225585938 -6.116355895996094 3.8184776306152344
      vertex -5.5245361328125 -4.134033203125 3.9867706298828125
      vertex -5.396392822265625 -4.355979919433594 3.717456817626953
    endloop
  endfacet
  facet normal 0.07532241322910234 0.04348745870125025 -0.996210507373342
    outer loop
      vertex -7.849700927734375 -0.6067276000976562 0
      vertex -7.790523529052734 -0.6225814819335938 0.0037822723388671875
      vertex -4.399700164794922 -6.582298278808594 0
    endloop
  endfacet
  facet normal 0.22368047894066057 0.1291419490262549 -0.9660690453288402
    outer loop
      vertex -7.790523529052734 -0.6225814819335938 0.0037822723388671875
      vertex -7.733135223388672 -0.6379623413085938 0.015013694763183594
      vertex -4.36846923828125 -6.465736389160156 0.015013694763183594
    endloop
  endfacet
  facet normal 0.365268048734357 0.2108877225521482 -0.9067004031379735
    outer loop
      vertex -7.733135223388672 -0.6379623413085938 0.015013694763183594
      vertex -7.6792755126953125 -0.6523895263671875 0.033355712890625
      vertex -4.354034423828125 -6.411872863769531 0.033355712890625
    endloop
  endfacet
  facet normal 0.8660246424507996 0.5000013186641371 0.0000014452920273800338
    outer loop
      vertex -7.5081939697265625 -0.6982345581054688 0.25
      vertex -6.3640289306640625 -2.6799850463867188 2.144804000854492
      vertex -6.218109130859375 -2.9327239990234375 1.9145002365112305
    endloop
  endfacet
  facet normal 0.8660242646724412 0.5000019729891058 0.0000023577608714344497
    outer loop
      vertex -7.5081939697265625 -0.6982345581054688 0.25
      vertex -6.469627380371094 -2.4970855712890625 2.450751304626465
      vertex -6.3640289306640625 -2.6799850463867188 2.144804000854492
    endloop
  endfacet
  facet normal 0.8660280640843095 0.49999539217397365 -0.000004814266317861458
    outer loop
      vertex -7.5081939697265625 -0.6982345581054688 0.25
      vertex -6.525566101074219 -2.4001922607421875 2.8052825927734375
      vertex -6.469627380371094 -2.4970855712890625 2.450751304626465
    endloop
  endfacet
  facet normal 0.8660224477510735 0.5000051199503965 0.00000382471147358065
    outer loop
      vertex -7.5081939697265625 -0.6982345581054688 0.25
      vertex -6.526893615722656 -2.3978958129882812 3.1770362854003906
      vertex -6.525566101074219 -2.4001922607421875 2.8052825927734375
    endloop
  endfacet
  facet normal 0.8660342282820197 0.4999847150669751 -0.00001197339433751727
    outer loop
      vertex -7.5081939697265625 -0.6982345581054688 0.25
      vertex -6.4734954833984375 -2.4903793334960938 3.5331315994262695
      vertex -6.526893615722656 -2.3978958129882812 3.1770362854003906
    endloop
  endfacet
  facet normal 0.21091432509924202 -0.3653151436306546 -0.9066752413637672
    outer loop
      vertex -7.733135223388672 -0.6379623413085938 0.015013694763183594
      vertex -5.080783843994141 0.8478469848632812 0.033355712890625
      vertex -7.6792755126953125 -0.6523895263671875 0.033355712890625
    endloop
  endfacet
  facet normal 0.1291275020658373 -0.22365515684805043 -0.9660768390896818
    outer loop
      vertex -7.790523529052734 -0.6225814819335938 0.0037822723388671875
      vertex -5.050975799560547 0.9590988159179688 0.0037822723388671875
      vertex -7.733135223388672 -0.6379623413085938 0.015013694763183594
    endloop
  endfacet
  facet normal 0.28624444844418634 -0.4957901289053777 -0.8199123513003522
    outer loop
      vertex -7.6792755126953125 -0.6523895263671875 0.033355712890625
      vertex -5.093833923339844 0.7991409301757812 0.05825328826904297
      vertex -7.6305694580078125 -0.6654434204101562 0.05825328826904297
    endloop
  endfacet
  facet normal 0.35298777483975957 -0.6113949314944629 -0.7082343316703562
    outer loop
      vertex -7.6305694580078125 -0.6654434204101562 0.05825328826904297
      vertex -5.105110168457031 0.7570648193359375 0.08895206451416016
      vertex -7.588493347167969 -0.6767120361328125 0.08895206451416016
    endloop
  endfacet
  facet normal 0.4090040930210997 -0.7084165748406915 -0.5752057096230623
    outer loop
      vertex -7.588493347167969 -0.6767120361328125 0.08895206451416016
      vertex -5.114265441894531 0.722900390625 0.12452316284179688
      vertex -7.554325103759766 -0.6858673095703125 0.12452316284179688
    endloop
  endfacet
  facet normal 0.482612090045894 -0.8359116006082399 -0.261414166620909
    outer loop
      vertex -7.529090881347656 -0.6926345825195312 0.16389179229736328
      vertex -5.125186920166016 0.68212890625 0.20586490631103516
      vertex -7.513557434082031 -0.6967926025390625 0.20586490631103516
    endloop
  endfacet
  facet normal 0.4979557527750288 -0.8624795334664707 -0.09038319882430286
    outer loop
      vertex -7.513557434082031 -0.6967926025390625 0.20586490631103516
      vertex -5.126625061035156 0.6767730712890625 0.2491741180419922
      vertex -7.5081939697265625 -0.6982345581054688 0.2491741180419922
    endloop
  endfacet
  facet normal 0.5000022305962534 -0.8660241159452611 0
    outer loop
      vertex -7.5081939697265625 -0.6982345581054688 0.25
      vertex -7.5081939697265625 -0.6982345581054688 0.2491741180419922
      vertex -5.126625061035156 0.6767730712890625 0.2491741180419922
    endloop
  endfacet
  facet normal 0.4526246028775311 -0.783969090574141 -0.4248804936618197
    outer loop
      vertex -7.554325103759766 -0.6858673095703125 0.12452316284179688
      vertex -5.121025085449219 0.697662353515625 0.16389179229736328
      vertex -7.529090881347656 -0.6926345825195312 0.16389179229736328
    endloop
  endfacet
  facet normal 0.495830203412342 0.2862678592680365 -0.8198799437321119
    outer loop
      vertex -7.6792755126953125 -0.6523895263671875 0.033355712890625
      vertex -7.6305694580078125 -0.6654434204101562 0.05825328826904297
      vertex -4.354034423828125 -6.411872863769531 0.033355712890625
    endloop
  endfacet
  facet normal 0.6113171854117011 0.3529434363053049 -0.7083235345442923
    outer loop
      vertex -7.6305694580078125 -0.6654434204101562 0.05825328826904297
      vertex -7.588493347167969 -0.6767120361328125 0.08895206451416016
      vertex -4.3297119140625 -6.321098327636719 0.08895206451416016
    endloop
  endfacet
  facet normal 0.7084153798306216 0.40900324929125137 -0.5752077813178771
    outer loop
      vertex -7.588493347167969 -0.6767120361328125 0.08895206451416016
      vertex -7.554325103759766 -0.6858673095703125 0.12452316284179688
      vertex -4.320556640625 -6.28692626953125 0.12452316284179688
    endloop
  endfacet
  facet normal 0.7840293735021302 0.4526600027626074 -0.42473151917983826
    outer loop
      vertex -7.554325103759766 -0.6858673095703125 0.12452316284179688
      vertex -7.529090881347656 -0.6926345825195312 0.16389179229736328
      vertex -4.313793182373047 -6.261688232421875 0.16389179229736328
    endloop
  endfacet
  facet normal 0.8358822341696832 0.4825968835887127 -0.2615361132806737
    outer loop
      vertex -7.529090881347656 -0.6926345825195312 0.16389179229736328
      vertex -7.513557434082031 -0.6967926025390625 0.20586490631103516
      vertex -4.30963134765625 -6.24615478515625 0.20586490631103516
    endloop
  endfacet
  facet normal 0.8624928983294486 0.49795986970827716 -0.09023285704987347
    outer loop
      vertex -7.513557434082031 -0.6967926025390625 0.20586490631103516
      vertex -7.5081939697265625 -0.6982345581054688 0.2491741180419922
      vertex -4.308197021484375 -6.2407989501953125 0.2491741180419922
    endloop
  endfacet
  facet normal 0.86602568088075 0.49999952005480297 0
    outer loop
      vertex -7.5081939697265625 -0.6982345581054688 0.25
      vertex -4.308197021484375 -6.2407989501953125 0.25
      vertex -7.5081939697265625 -0.6982345581054688 0.2491741180419922
    endloop
  endfacet
  facet normal 0.8660266333039762 0.49999787039333504 0.000003210923073331434
    outer loop
      vertex -6.225841522216797 -2.9193344116210938 4.0765228271484375
      vertex -6.370098114013672 -2.6694717407226562 3.842068672180176
      vertex -7.5081939697265625 -0.6982345581054688 6
    endloop
  endfacet
  facet normal 0.8660265906349092 0.4999979442993094 0.0000031209073761225044
    outer loop
      vertex -6.4734954833984375 -2.4903793334960938 3.5331315994262695
      vertex -7.5081939697265625 -0.6982345581054688 6
      vertex -6.370098114013672 -2.6694717407226562 3.842068672180176
    endloop
  endfacet
  facet normal 0.8660247304646417 0.5000011662222849 0
    outer loop
      vertex -7.5081939697265625 -0.6982345581054688 0.25
      vertex -7.5081939697265625 -0.6982345581054688 6
      vertex -6.4734954833984375 -2.4903793334960938 3.5331315994262695
    endloop
  endfacet
  facet normal 0.500000149856412 -0.8660253172647815 0
    outer loop
      vertex -7.5081939697265625 -0.6982345581054688 0.25
      vertex -5.126625061035156 0.6767654418945312 6
      vertex -7.5081939697265625 -0.6982345581054688 6
    endloop
  endfacet
  facet normal -0.8857228437181845 -0.4641228056204667 0.009223091605243802
    outer loop
      vertex -9.283134460449219 -5.012168884277344 4.199542045593262
      vertex -9.612472534179688 -4.33795166015625 6.5
      vertex -9.326210021972656 -4.930580139160156 4.168553352355957
    endloop
  endfacet
  facet normal -0.8786944833188809 -0.4771775889519857 0.0140553757308348
    outer loop
      vertex -9.283134460449219 -5.012168884277344 4.199542045593262
      vertex -9.180732727050781 -5.1994781494140625 4.242234230041504
      vertex -9.612472534179688 -4.33795166015625 6.5
    endloop
  endfacet
  facet normal -0.8915277700450108 -0.45295989270803483 0.0023602619549634558
    outer loop
      vertex -9.180732727050781 -5.1994781494140625 4.242234230041504
      vertex -9.123348236083984 -5.3006591796875 6.5
      vertex -9.612472534179688 -4.33795166015625 6.5
    endloop
  endfacet
  facet normal -0.9102473854576587 -0.41336959401433476 0.023984912172463034
    outer loop
      vertex -9.44156265258789 -4.7030181884765625 4.036450386047363
      vertex -10.000129699707031 -3.3301010131835938 6.5
      vertex -9.535453796386719 -4.50701904296875 3.851163864135742
    endloop
  endfacet
  facet normal -0.9000133025747294 -0.43420982635023603 0.03791941309443435
    outer loop
      vertex -9.44156265258789 -4.7030181884765625 4.036450386047363
      vertex -9.326210021972656 -4.930580139160156 4.168553352355957
      vertex -10.000129699707031 -3.3301010131835938 6.5
    endloop
  endfacet
  facet normal -0.9330844571727447 -0.35889928428554163 -0.023338798640259725
    outer loop
      vertex -9.326210021972656 -4.930580139160156 4.168553352355957
      vertex -9.612472534179688 -4.33795166015625 6.5
      vertex -10.000129699707031 -3.3301010131835938 6.5
    endloop
  endfacet
  facet normal -0.9639066115487416 -0.260874454990964 -0.05318423587672266
    outer loop
      vertex -9.535453796386719 -4.50701904296875 3.851163864135742
      vertex -10.000129699707031 -3.3301010131835938 6.5
      vertex -10.282230377197266 -2.2877655029296875 6.5
    endloop
  endfacet
  facet normal -0.869455952091574 -0.49401047128661396 -0.00004039445678237191
    outer loop
      vertex -9.180732727050781 -5.1994781494140625 4.242234230041504
      vertex -9.115150451660156 -5.314903259277344 4.249988555908203
      vertex -9.123348236083984 -5.3006591796875 6.5
    endloop
  endfacet
  facet normal -0.9825725189736957 -0.16000142925791455 -0.09460860210948482
    outer loop
      vertex -9.657600402832031 -4.235069274902344 3.3060741424560547
      vertex -10.282230377197266 -2.2877655029296875 6.5
      vertex -10.45578384399414 -1.2219696044921875 6.5
    endloop
  endfacet
  facet normal 0 0 1
    outer loop
      vertex -10.000129699707031 -3.3301010131835938 6.5
      vertex -9.160221099853516 5.096931457519531 6.5
      vertex -10.282230377197266 -2.2877655029296875 6.5
    endloop
  endfacet
  facet normal 0 0 1
    outer loop
      vertex -9.612472534179688 -4.33795166015625 6.5
      vertex -8.581260681152344 6.0084381103515625 6.5
      vertex -10.000129699707031 -3.3301010131835938 6.5
    endloop
  endfacet
  facet normal 0 0 1
    outer loop
      vertex -9.612472534179688 -4.33795166015625 6.5
      vertex -9.123348236083984 -5.3006591796875 6.5
      vertex -7.911746978759766 6.855659484863281 6.5
    endloop
  endfacet
  facet normal 0 0 1
    outer loop
      vertex -8.53793716430664 -6.208038330078125 6.5
      vertex -7.158756256103516 7.629646301269531 6.5
      vertex -9.123348236083984 -5.3006591796875 6.5
    endloop
  endfacet
  facet normal 0 0 1
    outer loop
      vertex -7.862430572509766 -7.0504913330078125 6.5
      vertex -6.17791748046875 -3.5006866455078125 6.5
      vertex -6.559074401855469 -2.702545166015625 6.5
    endloop
  endfacet
  facet normal 0 0 1
    outer loop
      vertex -7.862430572509766 -7.0504913330078125 6.5
      vertex -7.0081939697265625 -0.995147705078125 6.5
      vertex -7.069091796875 -0.112762451171875 6.5
    endloop
  endfacet
  facet normal 0 0 1
    outer loop
      vertex -7.862430572509766 -7.0504913330078125 6.5
      vertex -6.559074401855469 -2.702545166015625 6.5
      vertex -6.837287902832031 -1.8629608154296875 6.5
    endloop
  endfacet
  facet normal 0 0 1
    outer loop
      vertex -7.862430572509766 -7.0504913330078125 6.5
      vertex -6.837287902832031 -1.8629608154296875 6.5
      vertex -7.0081939697265625 -0.995147705078125 6.5
    endloop
  endfacet
  facet normal 0 0 1
    outer loop
      vertex -7.103969573974609 -7.819114685058594 6.5
      vertex -5.6998291015625 -4.2448272705078125 6.5
      vertex -6.17791748046875 -3.5006866455078125 6.5
    endloop
  endfacet
  facet normal 0.8660134632223344 0.5000206789731585 -0.00004600956557178482
    outer loop
      vertex -5.686607360839844 -3.8533096313476562 4.168802261352539
      vertex -5.8682861328125 -3.5386428833007812 4.247448921203613
      vertex -7.5081939697265625 -0.6982345581054688 6
    endloop
  endfacet
  facet normal 0.8660256808778233 0.4999995200531132 0.0000025998756499895716
    outer loop
      vertex -5.686607360839844 -3.8533096313476562 4.168802261352539
      vertex -7.5081939697265625 -0.6982345581054688 6
      vertex -4.308197021484375 -6.2407989501953125 6
    endloop
  endfacet
  facet normal 0.8660257947467095 0.4999993228319218 9.746932098149315e-7
    outer loop
      vertex -6.053489685058594 -3.2178573608398438 4.215754508972168
      vertex -6.225841522216797 -2.9193344116210938 4.0765228271484375
      vertex -7.5081939697265625 -0.6982345581054688 6
    endloop
  endfacet
  facet normal 0 0 1
    outer loop
      vertex -7.862430572509766 -7.0504913330078125 6.5
      vertex -7.069091796875 -0.112762451171875 6.5
      vertex -7.069221496582031 -0.06951141357421875 6.5
    endloop
  endfacet
  facet normal 0 0 1
    outer loop
      vertex -7.862430572509766 -7.0504913330078125 6.5
      vertex -7.069221496582031 -0.06951141357421875 6.5
      vertex -7.013740539550781 0.8132247924804688 6.5
    endloop
  endfacet
  facet normal 0 0 1
    outer loop
      vertex -8.53793716430664 -6.208038330078125 6.5
      vertex -7.862430572509766 -7.0504913330078125 6.5
      vertex -6.330257415771484 8.322196960449219 6.5
    endloop
  endfacet
  facet normal 0.866027523716424 0.4999963281083796 0.000006613330621184968
    outer loop
      vertex -6.053489685058594 -3.2178573608398438 4.215754508972168
      vertex -7.5081939697265625 -0.6982345581054688 6
      vertex -5.8682861328125 -3.5386428833007812 4.247448921203613
    endloop
  endfacet
  facet normal -0.45908601062333015 -0.8622178952148718 -0.21405685231076277
    outer loop
      vertex -5.420158386230469 -9.064010620117188 0.18529510498046875
      vertex -4.466712951660156 -9.571670532226562 0.18529510498046875
      vertex -5.317470550537109 -9.134750366210938 0.25
    endloop
  endfacet
  facet normal -0.4591087663604047 -0.8872087013060709 -0.04560549284705127
    outer loop
      vertex -5.317470550537109 -9.134750366210938 0.25
      vertex -4.466712951660156 -9.571670532226562 0.18529510498046875
      vertex -4.3595123291015625 -9.630470275878906 0.25
    endloop
  endfacet
  facet normal -0.4343011771523984 -0.8156673595119304 -0.38219006547904477
    outer loop
      vertex -5.4073028564453125 -9.0426025390625 0.125
      vertex -4.456123352050781 -9.549057006835938 0.125
      vertex -4.466712951660156 -9.571670532226562 0.18529510498046875
    endloop
  endfacet
  facet normal -0.37303249873299454 -0.7006071440122874 -0.6082732812214955
    outer loop
      vertex -5.386852264404297 -9.008544921875 0.07322311401367188
      vertex -4.4392852783203125 -9.513069152832031 0.07322311401367188
      vertex -4.456123352050781 -9.549057006835938 0.125
    endloop
  endfacet
  facet normal -0.28632421863941027 -0.5377630077828912 -0.792987635011309
    outer loop
      vertex -5.360198974609375 -8.964157104492188 0.033493995666503906
      vertex -4.417335510253906 -9.466171264648438 0.033493995666503906
      vertex -4.4392852783203125 -9.513069152832031 0.07322311401367188
    endloop
  endfacet
  facet normal -0.18007215561164333 -0.3381964775240641 -0.9236867225221391
    outer loop
      vertex -5.329154968261719 -8.912460327148438 0.008518218994140625
      vertex -4.391773223876953 -9.411567687988281 0.008518218994140625
      vertex -4.417335510253906 -9.466171264648438 0.033493995666503906
    endloop
  endfacet
  facet normal -0.348131560946843 -0.8560023663837875 -0.38218367968565914
    outer loop
      vertex -4.456123352050781 -9.549057006835938 0.125
      vertex -3.4661178588867188 -9.978607177734375 0.18529510498046875
      vertex -4.466712951660156 -9.571670532226562 0.18529510498046875
    endloop
  endfacet
  facet normal -0.29901552725473707 -0.7352460824505105 -0.6082786472511991
    outer loop
      vertex -4.4392852783203125 -9.513069152832031 0.07322311401367188
      vertex -3.4579124450683594 -9.95501708984375 0.125
      vertex -4.456123352050781 -9.549057006835938 0.125
    endloop
  endfacet
  facet normal -0.229518331376193 -0.5643503712559069 -0.7929880163190413
    outer loop
      vertex -4.417335510253906 -9.466171264648438 0.033493995666503906
      vertex -3.4448623657226562 -9.917495727539062 0.07322311401367188
      vertex -4.4392852783203125 -9.513069152832031 0.07322311401367188
    endloop
  endfacet
  facet normal -0.3681138434838574 -0.9051357488639975 -0.21265341371337676
    outer loop
      vertex -4.466712951660156 -9.571670532226562 0.18529510498046875
      vertex -3.4661178588867188 -9.978607177734375 0.18529510498046875
      vertex -4.3595123291015625 -9.630470275878906 0.25
    endloop
  endfacet
  facet normal -0.044923057923496684 -0.09985119872893664 -0.9939877549442933
    outer loop
      vertex -4.391773223876953 -9.411567687988281 0.008518218994140625
      vertex -4.70367431640625 -9.186447143554688 0
      vertex -3.7343902587890625 -9.622528076171875 0
    endloop
  endfacet
  facet normal -0.14434503661164086 -0.3549214192225031 -0.9236857130987078
    outer loop
      vertex -4.417335510253906 -9.466171264648438 0.033493995666503906
      vertex -4.391773223876953 -9.411567687988281 0.008518218994140625
      vertex -3.4278488159179688 -9.86859130859375 0.033493995666503906
    endloop
  endfacet
  facet normal -0.45958690226951415 -0.8881326791737376 -0.00047270074150653233
    outer loop
      vertex -5.317470550537109 -9.134750366210938 0.25
      vertex -4.3595123291015625 -9.630470275878906 0.25
      vertex -4.4149627685546875 -9.6051025390625 6.5
    endloop
  endfacet
  facet normal -0.3730571717081741 -0.7006441018404566 -0.608215577894284
    outer loop
      vertex -5.386852264404297 -9.008544921875 0.07322311401367188
      vertex -4.456123352050781 -9.549057006835938 0.125
      vertex -5.4073028564453125 -9.0426025390625 0.125
    endloop
  endfacet
  facet normal -0.28634438253302197 -0.5377947517490067 -0.7929588259064948
    outer loop
      vertex -5.360198974609375 -8.964157104492188 0.033493995666503906
      vertex -4.4392852783203125 -9.513069152832031 0.07322311401367188
      vertex -5.386852264404297 -9.008544921875 0.07322311401367188
    endloop
  endfacet
  facet normal -0.18004202557558271 -0.3381479277615082 -0.9237103701795488
    outer loop
      vertex -5.360198974609375 -8.964157104492188 0.033493995666503906
      vertex -5.329154968261719 -8.912460327148438 0.008518218994140625
      vertex -4.417335510253906 -9.466171264648438 0.033493995666503906
    endloop
  endfacet
  facet normal -0.4342981291682933 -0.815663318337265 -0.38220215347373654
    outer loop
      vertex -5.4073028564453125 -9.0426025390625 0.125
      vertex -4.466712951660156 -9.571670532226562 0.18529510498046875
      vertex -5.420158386230469 -9.064010620117188 0.18529510498046875
    endloop
  endfacet
  facet normal -0.05494404739222212 -0.09452749463073935 -0.994004881484491
    outer loop
      vertex -5.622589111328125 -8.652328491210938 0
      vertex -4.70367431640625 -9.186447143554688 0
      vertex -5.329154968261719 -8.912460327148438 0.008518218994140625
    endloop
  endfacet
  facet normal -0.07580320933345297 -0.14236725436264744 -0.9869070059230454
    outer loop
      vertex -5.329154968261719 -8.912460327148438 0.008518218994140625
      vertex -4.70367431640625 -9.186447143554688 0
      vertex -4.391773223876953 -9.411567687988281 0.008518218994140625
    endloop
  endfacet
  facet normal -0.060630916972228374 -0.14908275204330987 -0.9869641457268342
    outer loop
      vertex -4.391773223876953 -9.411567687988281 0.008518218994140625
      vertex -3.7343902587890625 -9.622528076171875 0
      vertex -3.408039093017578 -9.8116455078125 0.008518218994140625
    endloop
  endfacet
  facet normal -0.2295214227161116 -0.5643565653839794 -0.7929827133187521
    outer loop
      vertex -4.417335510253906 -9.466171264648438 0.033493995666503906
      vertex -3.4278488159179688 -9.86859130859375 0.033493995666503906
      vertex -3.4448623657226562 -9.917495727539062 0.07322311401367188
    endloop
  endfacet
  facet normal -0.2990381549687532 -0.7352889538905141 -0.6082156987117955
    outer loop
      vertex -4.4392852783203125 -9.513069152832031 0.07322311401367188
      vertex -3.4448623657226562 -9.917495727539062 0.07322311401367188
      vertex -3.4579124450683594 -9.95501708984375 0.125
    endloop
  endfacet
  facet normal -0.34811336318507274 -0.8559722261929515 -0.38226775218197545
    outer loop
      vertex -4.456123352050781 -9.549057006835938 0.125
      vertex -3.4579124450683594 -9.95501708984375 0.125
      vertex -3.4661178588867188 -9.978607177734375 0.18529510498046875
    endloop
  endfacet
  facet normal -0.36563999448973294 -0.9295663813535695 -0.047050367551999185
    outer loop
      vertex -4.3595123291015625 -9.630470275878906 0.25
      vertex -3.4661178588867188 -9.978607177734375 0.18529510498046875
      vertex -3.3557586669921875 -10.025291442871094 0.25
    endloop
  endfacet
  facet normal -0.1443391124184073 -0.3549092308249478 -0.9236913220884507
    outer loop
      vertex -4.391773223876953 -9.411567687988281 0.008518218994140625
      vertex -3.408039093017578 -9.8116455078125 0.008518218994140625
      vertex -3.4278488159179688 -9.86859130859375 0.033493995666503906
    endloop
  endfacet
  facet normal -0.2731830578002152 -0.9384946094087301 -0.21118448106259957
    outer loop
      vertex -3.4661178588867188 -9.978607177734375 0.18529510498046875
      vertex -2.428985595703125 -10.280502319335938 0.18529510498046875
      vertex -3.3557586669921875 -10.025291442871094 0.25
    endloop
  endfacet
  facet normal -0.17027169087285918 -0.5849682316240088 -0.7929815377913771
    outer loop
      vertex -3.4448623657226562 -9.917495727539062 0.07322311401367188
      vertex -3.4278488159179688 -9.86859130859375 0.033493995666503906
      vertex -2.41412353515625 -10.217521667480469 0.07322311401367188
    endloop
  endfacet
  facet normal -0.22184900849906822 -0.7621381146039463 -0.6082174871671501
    outer loop
      vertex -3.4448623657226562 -9.917495727539062 0.07322311401367188
      vertex -2.423248291015625 -10.256195068359375 0.125
      vertex -3.4579124450683594 -9.95501708984375 0.125
    endloop
  endfacet
  facet normal -0.10708040344847697 -0.36787030655193037 -0.9236910872985081
    outer loop
      vertex -3.4278488159179688 -9.86859130859375 0.033493995666503906
      vertex -3.408039093017578 -9.8116455078125 0.008518218994140625
      vertex -2.402233123779297 -10.167129516601562 0.033493995666503906
    endloop
  endfacet
  facet normal -0.25825992008384624 -0.887227578374475 -0.38226827994230717
    outer loop
      vertex -3.4579124450683594 -9.95501708984375 0.125
      vertex -2.428985595703125 -10.280502319335938 0.18529510498046875
      vertex -3.4661178588867188 -9.978607177734375 0.18529510498046875
    endloop
  endfacet
  facet normal -0.04487997285145509 -0.15418593007140238 -0.9870220296451693
    outer loop
      vertex -3.408039093017578 -9.8116455078125 0.008518218994140625
      vertex -2.72515869140625 -9.955886840820312 0
      vertex -2.3883819580078125 -10.108444213867188 0.008518218994140625
    endloop
  endfacet
  facet normal -0.2582627712157494 -0.8872336318221062 -0.3822523035479532
    outer loop
      vertex -3.4579124450683594 -9.95501708984375 0.125
      vertex -2.423248291015625 -10.256195068359375 0.125
      vertex -2.428985595703125 -10.280502319335938 0.18529510498046875
    endloop
  endfacet
  facet normal -0.1702805162452095 -0.5849916856270226 -0.7929623405525131
    outer loop
      vertex -3.4278488159179688 -9.86859130859375 0.033493995666503906
      vertex -2.402233123779297 -10.167129516601562 0.033493995666503906
      vertex -2.41412353515625 -10.217521667480469 0.07322311401367188
    endloop
  endfacet
  facet normal -0.2218238286168754 -0.7620755516838775 -0.6083050571740011
    outer loop
      vertex -3.4448623657226562 -9.917495727539062 0.07322311401367188
      vertex -2.41412353515625 -10.217521667480469 0.07322311401367188
      vertex -2.423248291015625 -10.256195068359375 0.125
    endloop
  endfacet
  facet normal -0.2683271104353446 -0.9621060005025073 -0.048503665866487196
    outer loop
      vertex -3.3557586669921875 -10.025291442871094 0.25
      vertex -2.428985595703125 -10.280502319335938 0.18529510498046875
      vertex -2.3167877197265625 -10.315055847167969 0.25
    endloop
  endfacet
  facet normal -0.10707130359245774 -0.36784533232678496 -0.9237020880307724
    outer loop
      vertex -3.408039093017578 -9.8116455078125 0.008518218994140625
      vertex -2.3883819580078125 -10.108444213867188 0.008518218994140625
      vertex -2.402233123779297 -10.167129516601562 0.033493995666503906
    endloop
  endfacet
  facet normal -0.03439085492031022 -0.10411706574285891 -0.9939702740620301
    outer loop
      vertex -3.7343902587890625 -9.622528076171875 0
      vertex -2.72515869140625 -9.955886840820312 0
      vertex -3.408039093017578 -9.8116455078125 0.008518218994140625
    endloop
  endfacet
  facet normal -0.36604534373081926 -0.9305969005333625 -0.00046373557714869196
    outer loop
      vertex -4.3595123291015625 -9.630470275878906 0.25
      vertex -3.3557586669921875 -10.025291442871094 0.25
      vertex -3.4123611450195312 -10.006141662597656 6.5
    endloop
  endfacet
  facet normal -0.26864327446890696 -0.9632396292042061 -0.00045586529487111284
    outer loop
      vertex -3.3557586669921875 -10.025291442871094 0.25
      vertex -2.3167877197265625 -10.315055847167969 0.25
      vertex -2.373870849609375 -10.302093505859375 6.5
    endloop
  endfacet
  facet normal -0.46478690352865315 -0.8854224425894942 0.00048214842153859397
    outer loop
      vertex -5.317470550537109 -9.134750366210938 0.25
      vertex -4.4149627685546875 -9.6051025390625 6.5
      vertex -5.371070861816406 -9.10321044921875 6.5
    endloop
  endfacet
  facet normal -0.3713894165510941 -0.9284770740460178 0.0004735449117549529
    outer loop
      vertex -4.3595123291015625 -9.630470275878906 0.25
      vertex -3.4123611450195312 -10.006141662597656 6.5
      vertex -4.4149627685546875 -9.6051025390625 6.5
    endloop
  endfacet
  facet normal -0.27407062651709857 -0.9617094550186358 0.0004645517016191673
    outer loop
      vertex -3.3557586669921875 -10.025291442871094 0.25
      vertex -2.373870849609375 -10.302093505859375 6.5
      vertex -3.4123611450195312 -10.006141662597656 6.5
    endloop
  endfacet
  facet normal 0 0 -1
    outer loop
      vertex -6.481254577636719 -8.025932312011719 0
      vertex -1.5851211547851562 -4.957298278808594 0
      vertex -5.622589111328125 -8.652328491210938 0
    endloop
  endfacet
  facet normal 0 0 -1
    outer loop
      vertex -6.481254577636719 -8.025932312011719 0
      vertex -4.399700164794922 -6.582298278808594 0
      vertex -1.5851211547851562 -4.957298278808594 0
    endloop
  endfacet
  facet normal 0 0 -1
    outer loop
      vertex -5.622589111328125 -8.652328491210938 0
      vertex 1.3449935913085938 -2.62860107421875 0
      vertex -4.70367431640625 -9.186447143554688 0
    endloop
  endfacet
  facet normal -0.04349265415562461 0.0753314067978688 -0.9962096005280983
    outer loop
      vertex -4.399700164794922 -6.582298278808594 0
      vertex -4.383842468261719 -6.523124694824219 0.0037822723388671875
      vertex -1.6442947387695312 -4.941444396972656 0.0037822723388671875
    endloop
  endfacet
  facet normal -0.12913061054445193 0.22366143265753058 -0.9660749706736006
    outer loop
      vertex -4.383842468261719 -6.523124694824219 0.0037822723388671875
      vertex -4.36846923828125 -6.465736389160156 0.015013694763183594
      vertex -1.7016830444335938 -4.9260711669921875 0.015013694763183594
    endloop
  endfacet
  facet normal -0.21088966220026895 0.3652718899054989 -0.9066984045546356
    outer loop
      vertex -4.36846923828125 -6.465736389160156 0.015013694763183594
      vertex -4.354034423828125 -6.411872863769531 0.033355712890625
      vertex -1.7555465698242188 -4.9116363525390625 0.033355712890625
    endloop
  endfacet
  facet normal -0.2862571722810893 0.4958123467371372 -0.8198944737834545
    outer loop
      vertex -4.354034423828125 -6.411872863769531 0.033355712890625
      vertex -4.340984344482422 -6.363166809082031 0.05825328826904297
      vertex -1.7555465698242188 -4.9116363525390625 0.033355712890625
    endloop
  endfacet
  facet normal -0.35299314769842977 0.6114019233790854 -0.7082256178410306
    outer loop
      vertex -4.340984344482422 -6.363166809082031 0.05825328826904297
      vertex -4.3297119140625 -6.321098327636719 0.08895206451416016
      vertex -1.8463249206542969 -4.8873138427734375 0.08895206451416016
    endloop
  endfacet
  facet normal -0.40898596269522425 0.7083843011041523 -0.5752583456738741
    outer loop
      vertex -4.3297119140625 -6.321098327636719 0.08895206451416016
      vertex -4.320556640625 -6.28692626953125 0.12452316284179688
      vertex -1.8463249206542969 -4.8873138427734375 0.08895206451416016
    endloop
  endfacet
  facet normal -0.45263564492042463 0.783989940433414 -0.42483025580422507
    outer loop
      vertex -4.320556640625 -6.28692626953125 0.12452316284179688
      vertex -4.313793182373047 -6.261688232421875 0.16389179229736328
      vertex -1.8804931640625 -4.8781585693359375 0.12452316284179688
    endloop
  endfacet
  facet normal -0.4826022444643963 0.8358919075465343 -0.261495301174119
    outer loop
      vertex -4.313793182373047 -6.261688232421875 0.16389179229736328
      vertex -4.30963134765625 -6.24615478515625 0.20586490631103516
      vertex -1.9057273864746094 -4.871391296386719 0.16389179229736328
    endloop
  endfacet
  facet normal -0.4979619144897199 0.8624983699506196 -0.09016924947152007
    outer loop
      vertex -4.30963134765625 -6.24615478515625 0.20586490631103516
      vertex -4.308197021484375 -6.2407989501953125 0.2491741180419922
      vertex -1.9212608337402344 -4.8672332763671875 0.20586490631103516
    endloop
  endfacet
  facet normal -0.49999954919766965 0.8660256640551289 0
    outer loop
      vertex -4.308197021484375 -6.2407989501953125 0.2491741180419922
      vertex -4.308197021484375 -6.2407989501953125 0.25
      vertex -1.9266242980957031 -4.8657989501953125 0.25
    endloop
  endfacet
  facet normal -0.3529996151405107 0.6114125966907501 -0.7082131799949262
    outer loop
      vertex -4.340984344482422 -6.363166809082031 0.05825328826904297
      vertex -1.8463249206542969 -4.8873138427734375 0.08895206451416016
      vertex -1.8042526245117188 -4.898582458496094 0.05825328826904297
    endloop
  endfacet
  facet normal -0.40900370506358524 0.7084170103886059 -0.5752054490669656
    outer loop
      vertex -4.320556640625 -6.28692626953125 0.12452316284179688
      vertex -1.8804931640625 -4.8781585693359375 0.12452316284179688
      vertex -1.8463249206542969 -4.8873138427734375 0.08895206451416016
    endloop
  endfacet
  facet normal -0.4526246028775311 0.783969090574141 -0.4248804936618197
    outer loop
      vertex -4.313793182373047 -6.261688232421875 0.16389179229736328
      vertex -1.9057273864746094 -4.871391296386719 0.16389179229736328
      vertex -1.8804931640625 -4.8781585693359375 0.12452316284179688
    endloop
  endfacet
  facet normal -0.482612090045894 0.8359116006082399 -0.261414166620909
    outer loop
      vertex -4.30963134765625 -6.24615478515625 0.20586490631103516
      vertex -1.9212608337402344 -4.8672332763671875 0.20586490631103516
      vertex -1.9057273864746094 -4.871391296386719 0.16389179229736328
    endloop
  endfacet
  facet normal -0.4979613022766192 0.862496694092157 -0.09018865846143624
    outer loop
      vertex -4.308197021484375 -6.2407989501953125 0.2491741180419922
      vertex -1.9266204833984375 -4.8657989501953125 0.2491741180419922
      vertex -1.9212608337402344 -4.8672332763671875 0.20586490631103516
    endloop
  endfacet
  facet normal -0.4999976151423159 0.8660237013249902 -0.0023094578066619673
    outer loop
      vertex -4.308197021484375 -6.2407989501953125 0.2491741180419922
      vertex -1.9266242980957031 -4.8657989501953125 0.25
      vertex -1.9266204833984375 -4.8657989501953125 0.2491741180419922
    endloop
  endfacet
  facet normal -0.4999995491976697 0.866025664055129 0
    outer loop
      vertex -4.308197021484375 -6.2407989501953125 0.25
      vertex -4.308197021484375 -6.2407989501953125 6
      vertex -1.9266242980957031 -4.8657989501953125 0.25
    endloop
  endfacet
  facet normal 0.8660261161217493 0.4999987661935562 0
    outer loop
      vertex -5.391315460205078 -4.364776611328125 2.297257423400879
      vertex -4.308197021484375 -6.2407989501953125 6
      vertex -4.308197021484375 -6.2407989501953125 0.25
    endloop
  endfacet
  facet normal -0.4999995491976697 0.866025664055129 0
    outer loop
      vertex -1.9266242980957031 -4.8657989501953125 0.25
      vertex -4.308197021484375 -6.2407989501953125 6
      vertex -1.9266242980957031 -4.8657989501953125 6
    endloop
  endfacet
  facet normal -0.1092336125379277 -0.5993970950331096 -0.792963517671389
    outer loop
      vertex -2.402233123779297 -10.167129516601562 0.033493995666503906
      vertex -1.358001708984375 -10.409988403320312 0.07322311401367188
      vertex -2.41412353515625 -10.217521667480469 0.07322311401367188
    endloop
  endfacet
  facet normal -0.14229423067765415 -0.7808425410241463 -0.6083068946204777
    outer loop
      vertex -2.423248291015625 -10.256195068359375 0.125
      vertex -2.41412353515625 -10.217521667480469 0.07322311401367188
      vertex -1.3631057739257812 -10.449386596679688 0.125
    endloop
  endfacet
  facet normal -0.1656612861832425 -0.909087682948755 -0.38225112553264984
    outer loop
      vertex -2.423248291015625 -10.256195068359375 0.125
      vertex -1.3663101196289062 -10.474151611328125 0.18529510498046875
      vertex -2.428985595703125 -10.280502319335938 0.18529510498046875
    endloop
  endfacet
  facet normal -0.17528848129514418 -0.9619181583073338 -0.209731745436567
    outer loop
      vertex -2.428985595703125 -10.280502319335938 0.18529510498046875
      vertex -1.3663101196289062 -10.474151611328125 0.18529510498046875
      vertex -2.3167877197265625 -10.315055847167969 0.25
    endloop
  endfacet
  facet normal -0.023463868275485977 -0.10729583417850075 -0.9939502255412441
    outer loop
      vertex -2.72515869140625 -9.955886840820312 0
      vertex -1.68682861328125 -10.182952880859375 0
      vertex -2.3883819580078125 -10.108444213867188 0.008518218994140625
    endloop
  endfacet
  facet normal -0.06868494978504398 -0.37690527572076216 -0.9237016784692351
    outer loop
      vertex -2.402233123779297 -10.167129516601562 0.033493995666503906
      vertex -2.3883819580078125 -10.108444213867188 0.008518218994140625
      vertex -1.3513565063476562 -10.358634948730469 0.033493995666503906
    endloop
  endfacet
  facet normal -0.16566809472172872 -0.9091071045753817 -0.38220198168224917
    outer loop
      vertex -2.423248291015625 -10.256195068359375 0.125
      vertex -1.3631057739257812 -10.449386596679688 0.125
      vertex -1.3663101196289062 -10.474151611328125 0.18529510498046875
    endloop
  endfacet
  facet normal -0.14231022593913284 -0.780898242212799 -0.6082316457585167
    outer loop
      vertex -2.41412353515625 -10.217521667480469 0.07322311401367188
      vertex -1.358001708984375 -10.409988403320312 0.07322311401367188
      vertex -1.3631057739257812 -10.449386596679688 0.125
    endloop
  endfacet
  facet normal -0.10922351777097841 -0.5993586689587447 -0.7929939527573553
    outer loop
      vertex -2.402233123779297 -10.167129516601562 0.033493995666503906
      vertex -1.3513565063476562 -10.358634948730469 0.033493995666503906
      vertex -1.358001708984375 -10.409988403320312 0.07322311401367188
    endloop
  endfacet
  facet normal -0.06869372463755355 -0.3769401607575967 -0.9236867907486049
    outer loop
      vertex -2.3883819580078125 -10.108444213867188 0.008518218994140625
      vertex -1.3436126708984375 -10.298843383789062 0.008518218994140625
      vertex -1.3513565063476562 -10.358634948730469 0.033493995666503906
    endloop
  endfacet
  facet normal -0.028725747066794243 -0.15762557314180173 -0.9870810555102215
    outer loop
      vertex -2.3883819580078125 -10.108444213867188 0.008518218994140625
      vertex -1.68682861328125 -10.182952880859375 0
      vertex -1.3436126708984375 -10.298843383789062 0.008518218994140625
    endloop
  endfacet
  facet normal -0.16819734952525545 -0.9844797361414181 -0.050092921052807146
    outer loop
      vertex -2.3167877197265625 -10.315055847167969 0.25
      vertex -1.3663101196289062 -10.474151611328125 0.18529510498046875
      vertex -1.2535781860351562 -10.4967041015625 0.25
    endloop
  endfacet
  facet normal -0.16840875957757775 -0.9857171451321981 -0.0004466430015566407
    outer loop
      vertex -2.3167877197265625 -10.315055847167969 0.25
      vertex -1.2535781860351562 -10.4967041015625 0.25
      vertex -1.3104782104492188 -10.489814758300781 6.5
    endloop
  endfacet
  facet normal -0.012245756883303881 -0.10932267587476717 -0.9939308798794491
    outer loop
      vertex -1.68682861328125 -10.182952880859375 0
      vertex -0.6305694580078125 -10.30126953125 0
      vertex -1.3436126708984375 -10.298843383789062 0.008518218994140625
    endloop
  endfacet
  facet normal -0.04701659549728545 -0.6074099041461628 -0.7929959950043846
    outer loop
      vertex -1.358001708984375 -10.409988403320312 0.07322311401367188
      vertex -1.3513565063476562 -10.358634948730469 0.033493995666503906
      vertex -0.287689208984375 -10.492835998535156 0.07322311401367188
    endloop
  endfacet
  facet normal -0.06125564534632424 -0.7913948389546255 -0.6082285382890116
    outer loop
      vertex -1.358001708984375 -10.409988403320312 0.07322311401367188
      vertex -0.2887115478515625 -10.532546997070312 0.125
      vertex -1.3631057739257812 -10.449386596679688 0.125
    endloop
  endfacet
  facet normal -0.07131897432150738 -0.9213214456632653 -0.3822046541614567
    outer loop
      vertex -1.3631057739257812 -10.449386596679688 0.125
      vertex -0.2893562316894531 -10.557518005371094 0.18529510498046875
      vertex -1.3663101196289062 -10.474151611328125 0.18529510498046875
    endloop
  endfacet
  facet normal -0.0754845798012967 -0.9751340768629396 -0.20836412923745895
    outer loop
      vertex -1.3663101196289062 -10.474151611328125 0.18529510498046875
      vertex -0.2893562316894531 -10.557518005371094 0.18529510498046875
      vertex -1.2535781860351562 -10.4967041015625 0.25
    endloop
  endfacet
  facet normal -0.0295689364729826 -0.3820071244920488 -0.9236862209826305
    outer loop
      vertex -1.3513565063476562 -10.358634948730469 0.033493995666503906
      vertex -1.3436126708984375 -10.298843383789062 0.008518218994140625
      vertex -0.28635406494140625 -10.441070556640625 0.033493995666503906
    endloop
  endfacet
  facet normal -0.012334925272555183 -0.15935960987946457 -0.9871435378695367
    outer loop
      vertex -1.3436126708984375 -10.298843383789062 0.008518218994140625
      vertex -0.6305694580078125 -10.30126953125 0
      vertex -0.2848052978515625 -10.38079833984375 0.008518218994140625
    endloop
  endfacet
  facet normal -0.07130900719401767 -0.9212796623929496 -0.38230721828672887
    outer loop
      vertex -1.3631057739257812 -10.449386596679688 0.125
      vertex -0.2887115478515625 -10.532546997070312 0.125
      vertex -0.2893562316894531 -10.557518005371094 0.18529510498046875
    endloop
  endfacet
  facet normal -0.04701550044656493 -0.6074028448252561 -0.7930014670957078
    outer loop
      vertex -1.3513565063476562 -10.358634948730469 0.033493995666503906
      vertex -0.28635406494140625 -10.441070556640625 0.033493995666503906
      vertex -0.287689208984375 -10.492835998535156 0.07322311401367188
    endloop
  endfacet
  facet normal -0.06125973065145889 -0.7914177266444299 -0.6081983454050768
    outer loop
      vertex -1.358001708984375 -10.409988403320312 0.07322311401367188
      vertex -0.287689208984375 -10.492835998535156 0.07322311401367188
      vertex -0.2887115478515625 -10.532546997070312 0.125
    endloop
  endfacet
  facet normal -0.06630902213194753 -0.9964648873997066 -0.05158334773349805
    outer loop
      vertex -1.2535781860351562 -10.4967041015625 0.25
      vertex -0.2893562316894531 -10.557518005371094 0.18529510498046875
      vertex -0.17734527587890625 -10.568321228027344 0.25
    endloop
  endfacet
  facet normal -0.02956805945152214 -0.3820010510782203 -0.9236887608038793
    outer loop
      vertex -1.3436126708984375 -10.298843383789062 0.008518218994140625
      vertex -0.2848052978515625 -10.38079833984375 0.008518218994140625
      vertex -0.28635406494140625 -10.441070556640625 0.033493995666503906
    endloop
  endfacet
  facet normal -0.0008606534711924832 -0.11019805463064967 -0.9939092755534698
    outer loop
      vertex -0.6305694580078125 -10.30126953125 0
      vertex 0.4322624206542969 -10.3095703125 0
      vertex -0.2848052978515625 -10.38079833984375 0.008518218994140625
    endloop
  endfacet
  facet normal -0.06639741112980843 -0.9977931611393733 -0.00043746857698621005
    outer loop
      vertex -1.2535781860351562 -10.4967041015625 0.25
      vertex -0.17734527587890625 -10.568321228027344 0.25
      vertex -0.233428955078125 -10.567329406738281 6.5
    endloop
  endfacet
  facet normal -0.17384254960454018 -0.9847733552704904 0.0004546386407023846
    outer loop
      vertex -2.3167877197265625 -10.315055847167969 0.25
      vertex -1.3104782104492188 -10.489814758300781 6.5
      vertex -2.373870849609375 -10.302093505859375 6.5
    endloop
  endfacet
  facet normal -0.07178378270436514 -0.9974201169446782 0.00044593129173814606
    outer loop
      vertex -1.2535781860351562 -10.4967041015625 0.25
      vertex -0.233428955078125 -10.567329406738281 6.5
      vertex -1.3104782104492188 -10.489814758300781 6.5
    endloop
  endfacet
  facet normal 0 0 -1
    outer loop
      vertex -4.70367431640625 -9.186447143554688 0
      vertex 1.8081169128417969 -2.3213653564453125 0
      vertex -3.7343902587890625 -9.622528076171875 0
    endloop
  endfacet
  facet normal 0 0 -1
    outer loop
      vertex -3.7343902587890625 -9.622528076171875 0
      vertex 2.2041244506835938 -1.931427001953125 0
      vertex -2.72515869140625 -9.955886840820312 0
    endloop
  endfacet
  facet normal -0.04349293842032165 0.07533188403783668 -0.9962095520295295
    outer loop
      vertex -4.399700164794922 -6.582298278808594 0
      vertex -1.6442947387695312 -4.941444396972656 0.0037822723388671875
      vertex -1.5851211547851562 -4.957298278808594 0
    endloop
  endfacet
  facet normal -0.21087682709667213 0.3652504473095476 -0.9067100278114363
    outer loop
      vertex -4.36846923828125 -6.465736389160156 0.015013694763183594
      vertex -1.7555465698242188 -4.9116363525390625 0.033355712890625
      vertex -1.7016830444335938 -4.9260711669921875 0.015013694763183594
    endloop
  endfacet
  facet normal -0.129146457167473 0.22368798801229953 -0.9660667040220874
    outer loop
      vertex -4.383842468261719 -6.523124694824219 0.0037822723388671875
      vertex -1.7016830444335938 -4.9260711669921875 0.015013694763183594
      vertex -1.6442947387695312 -4.941444396972656 0.0037822723388671875
    endloop
  endfacet
  facet normal -0.2862446459945363 0.4957897255119675 -0.8199125262588872
    outer loop
      vertex -4.340984344482422 -6.363166809082031 0.05825328826904297
      vertex -1.8042526245117188 -4.898582458496094 0.05825328826904297
      vertex -1.7555465698242188 -4.9116363525390625 0.033355712890625
    endloop
  endfacet
  facet normal 0 0 -1
    outer loop
      vertex -5.622589111328125 -8.652328491210938 0
      vertex -1.5851211547851562 -4.957298278808594 0
      vertex 0.8317718505859375 -2.8418426513671875 0
    endloop
  endfacet
  facet normal 0 0 -1
    outer loop
      vertex -2.72515869140625 -9.955886840820312 0
      vertex 2.5184783935546875 -1.4731063842773438 0
      vertex -1.68682861328125 -10.182952880859375 0
    endloop
  endfacet
  facet normal 0 0 1
    outer loop
      vertex -5.371070861816406 -9.10321044921875 6.5
      vertex -4.4149627685546875 -9.6051025390625 6.5
      vertex -4.484344482421875 -5.525260925292969 6.5
    endloop
  endfacet
  facet normal 0 0 1
    outer loop
      vertex -4.4149627685546875 -9.6051025390625 6.5
      vertex -3.4123611450195312 -10.006141662597656 6.5
      vertex -3.7660789489746094 -6.041412353515625 6.5
    endloop
  endfacet
  facet normal 0 0 1
    outer loop
      vertex -3.4123611450195312 -10.006141662597656 6.5
      vertex -2.373870849609375 -10.302093505859375 6.5
      vertex -2.988842010498047 -6.46356201171875 6.5
    endloop
  endfacet
  facet normal 0 0 1
    outer loop
      vertex -4.4149627685546875 -9.6051025390625 6.5
      vertex -3.7660789489746094 -6.041412353515625 6.5
      vertex -4.484344482421875 -5.525260925292969 6.5
    endloop
  endfacet
  facet normal 0 0 1
    outer loop
      vertex -5.371070861816406 -9.10321044921875 6.5
      vertex -4.484344482421875 -5.525260925292969 6.5
      vertex -5.13232421875 -4.923240661621094 6.5
    endloop
  endfacet
  facet normal 0 0 1
    outer loop
      vertex -3.4123611450195312 -10.006141662597656 6.5
      vertex -2.988842010498047 -6.46356201171875 6.5
      vertex -3.7660789489746094 -6.041412353515625 6.5
    endloop
  endfacet
  facet normal 0 0 1
    outer loop
      vertex -2.373870849609375 -10.302093505859375 6.5
      vertex -1.3104782104492188 -10.489814758300781 6.5
      vertex -2.1648635864257812 -6.785072326660156 6.5
    endloop
  endfacet
  facet normal 0 0 1
    outer loop
      vertex -1.3104782104492188 -10.489814758300781 6.5
      vertex -1.3071098327636719 -7.000877380371094 6.5
      vertex -2.1648635864257812 -6.785072326660156 6.5
    endloop
  endfacet
  facet normal 0 0 1
    outer loop
      vertex -1.3104782104492188 -10.489814758300781 6.5
      vertex -0.233428955078125 -10.567329406738281 6.5
      vertex -1.3071098327636719 -7.000877380371094 6.5
    endloop
  endfacet
  facet normal 0 0 1
    outer loop
      vertex -0.233428955078125 -10.567329406738281 6.5
      vertex -0.4290885925292969 -7.1075897216796875 6.5
      vertex -1.3071098327636719 -7.000877380371094 6.5
    endloop
  endfacet
  facet normal 0 0 1
    outer loop
      vertex -2.373870849609375 -10.302093505859375 6.5
      vertex -2.1648635864257812 -6.785072326660156 6.5
      vertex -2.988842010498047 -6.46356201171875 6.5
    endloop
  endfacet
  facet normal 0.8660251990670313 0.5000003545723563 -0.00000290285204049019
    outer loop
      vertex -5.51751708984375 -4.146186828613281 2.0243053436279297
      vertex -4.308197021484375 -6.2407989501953125 0.25
      vertex -5.678272247314453 -3.8677520751953125 1.837656021118164
    endloop
  endfacet
  facet normal 0.8660267761962082 0.49999762290360095 0.0000013968816430514
    outer loop
      vertex -5.51751708984375 -4.146186828613281 2.0243053436279297
      vertex -5.391315460205078 -4.364776611328125 2.297257423400879
      vertex -4.308197021484375 -6.2407989501953125 0.25
    endloop
  endfacet
  facet normal -0.8358822341696832 -0.4825968835887127 -0.2615361132806737
    outer loop
      vertex -1.9057273864746094 -4.871391296386719 0.16389179229736328
      vertex -1.9212608337402344 -4.8672332763671875 0.20586490631103516
      vertex -5.125186920166016 0.68212890625 0.20586490631103516
    endloop
  endfacet
  facet normal -0.8624917694310777 -0.49795971972129344 -0.09024447461611942
    outer loop
      vertex -1.9212608337402344 -4.8672332763671875 0.20586490631103516
      vertex -1.9266204833984375 -4.8657989501953125 0.2491741180419922
      vertex -5.126625061035156 0.6767730712890625 0.2491741180419922
    endloop
  endfacet
  facet normal -0.8660184942581779 -0.4999959669031345 -0.004000085423825302
    outer loop
      vertex -1.9266242980957031 -4.8657989501953125 0.25
      vertex -5.126625061035156 0.6767654418945312 0.25
      vertex -1.9266204833984375 -4.8657989501953125 0.2491741180419922
    endloop
  endfacet
  facet normal -0.7084152906368751 -0.40900368027367184 -0.5752075847156951
    outer loop
      vertex -1.8463249206542969 -4.8873138427734375 0.08895206451416016
      vertex -1.8804931640625 -4.8781585693359375 0.12452316284179688
      vertex -5.114265441894531 0.722900390625 0.12452316284179688
    endloop
  endfacet
  facet normal -0.6113500287323379 -0.3529632886345348 -0.7082852950932015
    outer loop
      vertex -1.8463249206542969 -4.8873138427734375 0.08895206451416016
      vertex -5.105110168457031 0.7570648193359375 0.08895206451416016
      vertex -1.8042526245117188 -4.898582458496094 0.05825328826904297
    endloop
  endfacet
  facet normal -0.49583018700923487 -0.2862676194184692 -0.8198800373974657
    outer loop
      vertex -1.7555465698242188 -4.9116363525390625 0.033355712890625
      vertex -1.8042526245117188 -4.898582458496094 0.05825328826904297
      vertex -5.093833923339844 0.7991409301757812 0.05825328826904297
    endloop
  endfacet
  facet normal -0.36527189653793707 -0.21088970215208688 -0.9066983925902719
    outer loop
      vertex -1.7555465698242188 -4.9116363525390625 0.033355712890625
      vertex -5.080783843994141 0.8478469848632812 0.033355712890625
      vertex -1.7016830444335938 -4.9260711669921875 0.015013694763183594
    endloop
  endfacet
  facet normal -0.7840293735021302 -0.4526600027626074 -0.42473151917983826
    outer loop
      vertex -1.8804931640625 -4.8781585693359375 0.12452316284179688
      vertex -1.9057273864746094 -4.871391296386719 0.16389179229736328
      vertex -5.121025085449219 0.697662353515625 0.16389179229736328
    endloop
  endfacet
  facet normal -0.22366151791290165 -0.12913097922632372 -0.9660749016556365
    outer loop
      vertex -1.7016830444335938 -4.9260711669921875 0.015013694763183594
      vertex -5.066352844238281 0.9017105102539062 0.015013694763183594
      vertex -1.6442947387695312 -4.941444396972656 0.0037822723388671875
    endloop
  endfacet
  facet normal -0.07532810401877926 -0.043490711964527 -0.9962099350627631
    outer loop
      vertex -1.6442947387695312 -4.941444396972656 0.0037822723388671875
      vertex -5.050975799560547 0.9590988159179688 0.0037822723388671875
      vertex -1.5851211547851562 -4.957298278808594 0
    endloop
  endfacet
  facet normal -0.8660277653747924 -0.4999959095477418 -0.000005955670377920415
    outer loop
      vertex -1.9266242980957031 -4.8657989501953125 0.25
      vertex -3.1359481811523438 -2.7711868286132812 2.0243053436279297
      vertex -3.2966995239257812 -2.4927520751953125 1.837656021118164
    endloop
  endfacet
  facet normal -0.8660263692846369 -0.4999983276962527 -0.0000021494436905028936
    outer loop
      vertex -1.9266242980957031 -4.8657989501953125 0.25
      vertex -3.009746551513672 -2.989776611328125 2.297257423400879
      vertex -3.1359481811523438 -2.7711868286132812 2.0243053436279297
    endloop
  endfacet
  facet normal 0.8660586125709477 0.4999424748365463 -0.00003802623154130461
    outer loop
      vertex -5.391315460205078 -4.364776611328125 2.297257423400879
      vertex -5.3108367919921875 -4.5041656494140625 2.6323699951171875
      vertex -4.308197021484375 -6.2407989501953125 6
    endloop
  endfacet
  facet normal 0.8660180260851008 0.5000127782260477 0.000010311867354740055
    outer loop
      vertex -5.3108367919921875 -4.5041656494140625 2.6323699951171875
      vertex -5.283195495605469 -4.5520477294921875 3
      vertex -4.308197021484375 -6.2407989501953125 6
    endloop
  endfacet
  facet normal 0.8662114833025147 0.4996775039687424 -0.0002412932336722926
    outer loop
      vertex -5.283195495605469 -4.5520477294921875 3
      vertex -5.283256530761719 -4.551933288574219 3.0178794860839844
      vertex -4.308197021484375 -6.2407989501953125 6
    endloop
  endfacet
  facet normal 0.8660209517325095 0.5000077110366837 0.000008010908783555627
    outer loop
      vertex -5.283256530761719 -4.551933288574219 3.0178794860839844
      vertex -5.313526153564453 -4.49951171875 3.38468074798584
      vertex -4.308197021484375 -6.2407989501953125 6
    endloop
  endfacet
  facet normal 0.8660273575107342 0.49999661602814327 -0.0000018385626136116851
    outer loop
      vertex -5.313526153564453 -4.49951171875 3.38468074798584
      vertex -5.396392822265625 -4.355979919433594 3.717456817626953
      vertex -4.308197021484375 -6.2407989501953125 6
    endloop
  endfacet
  facet normal 0.8660292572666567 0.4999933254468866 -0.000008168643297899474
    outer loop
      vertex -5.5245361328125 -4.134033203125 3.9867706298828125
      vertex -5.686607360839844 -3.8533096313476562 4.168802261352539
      vertex -4.308197021484375 -6.2407989501953125 6
    endloop
  endfacet
  facet normal 0.8660239460303095 0.5000025248739345 0.000004667103427838152
    outer loop
      vertex -5.396392822265625 -4.355979919433594 3.717456817626953
      vertex -5.5245361328125 -4.134033203125 3.9867706298828125
      vertex -4.308197021484375 -6.2407989501953125 6
    endloop
  endfacet
  facet normal -0.8660235067090889 -0.5000032857836774 -0.00000572879177684067
    outer loop
      vertex -3.0148239135742188 -2.9809722900390625 3.717456817626953
      vertex -1.9266242980957031 -4.8657989501953125 6
      vertex -3.142963409423828 -2.759033203125 3.9867706298828125
    endloop
  endfacet
  facet normal -0.8660262214940694 -0.4999985836820068 8.319737701361106e-7
    outer loop
      vertex -3.142963409423828 -2.759033203125 3.9867706298828125
      vertex -1.9266242980957031 -4.8657989501953125 6
      vertex -3.3050384521484375 -2.4783096313476562 4.168802261352539
    endloop
  endfacet
  facet normal -0.7840050429269909 -0.45264543573301297 -0.4247919516364663
    outer loop
      vertex -1.8804931640625 -4.8781585693359375 0.12452316284179688
      vertex -5.121025085449219 0.697662353515625 0.16389179229736328
      vertex -5.114265441894531 0.722900390625 0.12452316284179688
    endloop
  endfacet
  facet normal -0.6113281986637619 -0.352950410644515 -0.7083105541670184
    outer loop
      vertex -1.8042526245117188 -4.898582458496094 0.05825328826904297
      vertex -5.105110168457031 0.7570648193359375 0.08895206451416016
      vertex -5.093833923339844 0.7991409301757812 0.05825328826904297
    endloop
  endfacet
  facet normal -0.495821060739902 -0.2862622523419613 -0.8198874304505867
    outer loop
      vertex -1.7555465698242188 -4.9116363525390625 0.033355712890625
      vertex -5.093833923339844 0.7991409301757812 0.05825328826904297
      vertex -5.080783843994141 0.8478469848632812 0.033355712890625
    endloop
  endfacet
  facet normal -0.7084340247048045 -0.40901478921805173 -0.5751766118693158
    outer loop
      vertex -1.8463249206542969 -4.8873138427734375 0.08895206451416016
      vertex -5.114265441894531 0.722900390625 0.12452316284179688
      vertex -5.105110168457031 0.7570648193359375 0.08895206451416016
    endloop
  endfacet
  facet normal -0.8358939518746967 -0.4826040596855508 -0.2614854160260708
    outer loop
      vertex -1.9057273864746094 -4.871391296386719 0.16389179229736328
      vertex -5.125186920166016 0.68212890625 0.20586490631103516
      vertex -5.121025085449219 0.697662353515625 0.16389179229736328
    endloop
  endfacet
  facet normal -0.8624935599626261 -0.4979609413122211 -0.09022061821137282
    outer loop
      vertex -1.9212608337402344 -4.8672332763671875 0.20586490631103516
      vertex -5.126625061035156 0.6767730712890625 0.2491741180419922
      vertex -5.125186920166016 0.68212890625 0.20586490631103516
    endloop
  endfacet
  facet normal -0.8660162247173218 -0.49999456437571366 -0.004618887430722528
    outer loop
      vertex -1.9266204833984375 -4.8657989501953125 0.2491741180419922
      vertex -5.126625061035156 0.6767654418945312 0.25
      vertex -5.126625061035156 0.6767730712890625 0.2491741180419922
    endloop
  endfacet
  facet normal -0.8660246424507996 -0.5000013186641371 -0.0000014452920273800338
    outer loop
      vertex -3.9824600219726562 -1.3049850463867188 2.144804000854492
      vertex -5.126625061035156 0.6767654418945312 0.25
      vertex -3.8365402221679688 -1.5577239990234375 1.9145002365112305
    endloop
  endfacet
  facet normal -0.8660181196491379 -0.5000126152856335 -0.00003153716400440689
    outer loop
      vertex -3.4777984619140625 -2.1790847778320312 1.7538204193115234
      vertex -5.126625061035156 0.6767654418945312 0.25
      vertex -3.2966995239257812 -2.4927520751953125 1.837656021118164
    endloop
  endfacet
  facet normal -0.8660285112429995 -0.4999946174882701 0.000014035398411285146
    outer loop
      vertex -3.4777984619140625 -2.1790847778320312 1.7538204193115234
      vertex -3.6632080078125 -1.857940673828125 1.7802133560180664
      vertex -5.126625061035156 0.6767654418945312 0.25
    endloop
  endfacet
  facet normal -0.8660237037670222 -0.5000029444860097 -0.000004355392855507863
    outer loop
      vertex -3.6632080078125 -1.857940673828125 1.7802133560180664
      vertex -3.8365402221679688 -1.5577239990234375 1.9145002365112305
      vertex -5.126625061035156 0.6767654418945312 0.25
    endloop
  endfacet
  facet normal -0.8660242646724412 -0.5000019729891058 -0.0000023577608714344497
    outer loop
      vertex -3.9824600219726562 -1.3049850463867188 2.144804000854492
      vertex -4.0880584716796875 -1.1220855712890625 2.450751304626465
      vertex -5.126625061035156 0.6767654418945312 0.25
    endloop
  endfacet
  facet normal -0.8660254227832298 -0.4999999670885873 0.000002130628616978449
    outer loop
      vertex -1.9266242980957031 -4.8657989501953125 0.25
      vertex -3.2966995239257812 -2.4927520751953125 1.837656021118164
      vertex -5.126625061035156 0.6767654418945312 0.25
    endloop
  endfacet
  facet normal 0.18896594442721115 -0.30797867094218295 0.9324382071169213
    outer loop
      vertex -3.6632080078125 -1.857940673828125 1.7802133560180664
      vertex -2.5057830810546875 -0.9857635498046875 1.8337268829345703
      vertex -3.8365402221679688 -1.5577239990234375 1.9145002365112305
    endloop
  endfacet
  facet normal -0.24295325085995098 0.4394467498557271 0.8647891488321416
    outer loop
      vertex -3.1359481811523438 -2.7711868286132812 2.0243053436279297
      vertex -1.9483566284179688 -1.8863601684570312 1.9083175659179688
      vertex -3.2966995239257812 -2.4927520751953125 1.837656021118164
    endloop
  endfacet
  facet normal -0.10433965563242367 0.20013730158785834 0.9741962311442381
    outer loop
      vertex -3.4777984619140625 -2.1790847778320312 1.7538204193115234
      vertex -3.2966995239257812 -2.4927520751953125 1.837656021118164
      vertex -2.1495208740234375 -1.64569091796875 1.786503791809082
    endloop
  endfacet
  facet normal 0.04371189781390806 -0.05673637406154344 0.9974318291732298
    outer loop
      vertex -3.4777984619140625 -2.1790847778320312 1.7538204193115234
      vertex -2.3749542236328125 -1.2831878662109375 1.7564496994018555
      vertex -3.6632080078125 -1.857940673828125 1.7802133560180664
    endloop
  endfacet
  facet normal -0.04370478482175468 0.07564711595394438 0.9961763928298716
    outer loop
      vertex -3.4777984619140625 -2.1790847778320312 1.7538204193115234
      vertex -2.2495803833007812 -1.5005950927734375 1.7561826705932617
      vertex -2.2655410766601562 -1.4754180908203125 1.753570556640625
    endloop
  endfacet
  facet normal -0.05282070576905375 0.09215535602014345 0.9943426790593168
    outer loop
      vertex -3.4777984619140625 -2.1790847778320312 1.7538204193115234
      vertex -2.2403335571289062 -1.5149078369140625 1.758000373840332
      vertex -2.2495803833007812 -1.5005950927734375 1.7561826705932617
    endloop
  endfacet
  facet normal 0.06744202885649908 -0.11016539939339036 0.9916224874014374
    outer loop
      vertex -3.6632080078125 -1.857940673828125 1.7802133560180664
      vertex -2.3749542236328125 -1.2831878662109375 1.7564496994018555
      vertex -2.405670166015625 -1.2216262817382812 1.7653779983520508
    endloop
  endfacet
  facet normal 0.09690727081083425 -0.1686470421671362 0.9809011958562758
    outer loop
      vertex -3.6632080078125 -1.857940673828125 1.7802133560180664
      vertex -2.405670166015625 -1.2216262817382812 1.7653779983520508
      vertex -2.445598602294922 -1.1349639892578125 1.7842226028442383
    endloop
  endfacet
  facet normal 0.00002924733709988055 0.004285532898409203 0.9999908166340178
    outer loop
      vertex -3.4777984619140625 -2.1790847778320312 1.7538204193115234
      vertex -2.2952651977539062 -1.4267654418945312 1.7505617141723633
      vertex -2.328155517578125 -1.3700180053710938 1.750319480895996
    endloop
  endfacet
  facet normal -0.026311131000549083 0.04568267716159971 0.9986094418704546
    outer loop
      vertex -3.4777984619140625 -2.1790847778320312 1.7538204193115234
      vertex -2.2655410766601562 -1.4754180908203125 1.753570556640625
      vertex -2.2952651977539062 -1.4267654418945312 1.7505617141723633
    endloop
  endfacet
  facet normal 0.038154302230789874 -0.04989674586099958 0.9980253323306799
    outer loop
      vertex -3.4777984619140625 -2.1790847778320312 1.7538204193115234
      vertex -2.328155517578125 -1.3700180053710938 1.750319480895996
      vertex -2.3749542236328125 -1.2831878662109375 1.7564496994018555
    endloop
  endfacet
  facet normal -0.3652750584694332 -0.210891558043878 -0.9066966871043359
    outer loop
      vertex -1.7016830444335938 -4.9260711669921875 0.015013694763183594
      vertex -5.080783843994141 0.8478469848632812 0.033355712890625
      vertex -5.066352844238281 0.9017105102539062 0.015013694763183594
    endloop
  endfacet
  facet normal -0.22367169012023072 -0.12913694266369424 -0.9660717494462991
    outer loop
      vertex -1.6442947387695312 -4.941444396972656 0.0037822723388671875
      vertex -5.066352844238281 0.9017105102539062 0.015013694763183594
      vertex -5.050975799560547 0.9590988159179688 0.0037822723388671875
    endloop
  endfacet
  facet normal -0.07532625305167091 -0.043489627539113014 -0.9962101223625991
    outer loop
      vertex -1.5851211547851562 -4.957298278808594 0
      vertex -5.050975799560547 0.9590988159179688 0.0037822723388671875
      vertex -5.035118103027344 1.0182723999023438 0
    endloop
  endfacet
  facet normal 0.23219560639127892 0.06817795240340188 -0.970276747726475
    outer loop
      vertex -2.759796142578125 -1.0178070068359375 0
      vertex -2.7440719604492188 -0.5946884155273438 0.033493995666503906
      vertex -2.5954437255859375 -1.1008758544921875 0.033493995666503906
    endloop
  endfacet
  facet normal 0.6800047274422649 0.19966497498459254 -0.7054980286440019
    outer loop
      vertex -2.7440719604492188 -0.5946884155273438 0.033493995666503906
      vertex -2.6542205810546875 -0.5773696899414062 0.125
      vertex -2.5954437255859375 -1.1008758544921875 0.033493995666503906
    endloop
  endfacet
  facet normal 0.2724822862580664 0.06585969899472571 -0.9599041117340321
    outer loop
      vertex -2.759796142578125 -1.0178070068359375 0
      vertex -2.8903656005859375 -0.47760009765625 0
      vertex -2.7440719604492188 -0.5946884155273438 0.033493995666503906
    endloop
  endfacet
  facet normal 0.7055042434315432 0.0673644949561471 -0.7054968372143063
    outer loop
      vertex -2.7440719604492188 -0.5946884155273438 0.033493995666503906
      vertex -2.7027130126953125 -0.06951141357421875 0.125
      vertex -2.6542205810546875 -0.5773696899414062 0.125
    endloop
  endfacet
  facet normal 0.25877821533264056 0.018297205227019508 -0.9657634532069093
    outer loop
      vertex -2.8903656005859375 -0.47760009765625 0
      vertex -2.919219970703125 -0.06951141357421875 0
      vertex -2.794219970703125 -0.06951141357421875 0.033493995666503906
    endloop
  endfacet
  facet normal 0.24054954709774906 0.02296955333072091 -0.9703650421417988
    outer loop
      vertex -2.8903656005859375 -0.47760009765625 0
      vertex -2.794219970703125 -0.06951141357421875 0.033493995666503906
      vertex -2.7440719604492188 -0.5946884155273438 0.033493995666503906
    endloop
  endfacet
  facet normal 0.7054967752557666 0.06736635341617982 -0.7055041279334381
    outer loop
      vertex -2.7440719604492188 -0.5946884155273438 0.033493995666503906
      vertex -2.794219970703125 -0.06951141357421875 0.033493995666503906
      vertex -2.7027130126953125 -0.06951141357421875 0.125
    endloop
  endfacet
  facet normal 0.9678983023204412 0.09241897679819613 -0.23373405633921285
    outer loop
      vertex -2.6542205810546875 -0.5773696899414062 0.125
      vertex -2.7027130126953125 -0.06951141357421875 0.125
      vertex -2.6689605712890625 -0.10686492919921875 0.25
    endloop
  endfacet
  facet normal 0.9659052688558796 0.0067076754781658305 -0.25880884584212105
    outer loop
      vertex -2.6689605712890625 -0.10686492919921875 0.25
      vertex -2.7027130126953125 -0.06951141357421875 0.125
      vertex -2.669219970703125 -0.06951141357421875 0.25
    endloop
  endfacet
  facet normal 0.9999758453577537 0.00694427670387329 -0.0002927833770617598
    outer loop
      vertex -2.6689605712890625 -0.10686492919921875 0.25
      vertex -2.669219970703125 -0.06951141357421875 0.25
      vertex -2.6678237915039062 -0.1555328369140625 2.9782590866088867
    endloop
  endfacet
  facet normal 0.3172614881631266 -0.5321240187665183 0.7849771823309825
    outer loop
      vertex -3.9824600219726562 -1.3049850463867188 2.144804000854492
      vertex -3.8365402221679688 -1.5577239990234375 1.9145002365112305
      vertex -2.5925445556640625 -0.7023696899414062 1.9915504455566406
    endloop
  endfacet
  facet normal 0.41890842571732567 -0.7083866657604864 0.5680704733004285
    outer loop
      vertex -3.9824600219726562 -1.3049850463867188 2.144804000854492
      vertex -2.649444580078125 -0.3926544189453125 2.299488067626953
      vertex -4.0880584716796875 -1.1220855712890625 2.450751304626465
    endloop
  endfacet
  facet normal 0.2370927198956952 -0.41189297174594075 0.8798472719732436
    outer loop
      vertex -3.8365402221679688 -1.5577239990234375 1.9145002365112305
      vertex -2.537445068359375 -0.894775390625 1.874786376953125
      vertex -2.5670318603515625 -0.7983245849609375 1.9279117584228516
    endloop
  endfacet
  facet normal 0.27752609912448195 -0.47865892500650425 0.8329855327773501
    outer loop
      vertex -3.8365402221679688 -1.5577239990234375 1.9145002365112305
      vertex -2.5670318603515625 -0.7983245849609375 1.9279117584228516
      vertex -2.5925445556640625 -0.7023696899414062 1.9915504455566406
    endloop
  endfacet
  facet normal 0.32621758057449207 -0.5584446704588895 0.7627067851803779
    outer loop
      vertex -3.9824600219726562 -1.3049850463867188 2.144804000854492
      vertex -2.5925445556640625 -0.7023696899414062 1.9915504455566406
      vertex -2.6225204467773438 -0.5648345947265625 2.1050729751586914
    endloop
  endfacet
  facet normal 0.3680887827493543 -0.6401207262590916 0.6743560660568213
    outer loop
      vertex -3.9824600219726562 -1.3049850463867188 2.144804000854492
      vertex -2.6225204467773438 -0.5648345947265625 2.1050729751586914
      vertex -2.640033721923828 -0.4617462158203125 2.21248722076416
    endloop
  endfacet
  facet normal 0.13907305537327613 -0.23954995500436482 0.9608717418711763
    outer loop
      vertex -3.6632080078125 -1.857940673828125 1.7802133560180664
      vertex -2.445598602294922 -1.1349639892578125 1.7842226028442383
      vertex -2.4882965087890625 -1.031890869140625 1.8160991668701172
    endloop
  endfacet
  facet normal 0.17672250953631485 -0.2921882668398384 0.9398910422726235
    outer loop
      vertex -3.6632080078125 -1.857940673828125 1.7802133560180664
      vertex -2.4882965087890625 -1.031890869140625 1.8160991668701172
      vertex -2.5057830810546875 -0.9857635498046875 1.8337268829345703
    endloop
  endfacet
  facet normal 0.20314489750966985 -0.34314097695219214 0.9170531176284616
    outer loop
      vertex -3.8365402221679688 -1.5577239990234375 1.9145002365112305
      vertex -2.5057830810546875 -0.9857635498046875 1.8337268829345703
      vertex -2.537445068359375 -0.894775390625 1.874786376953125
    endloop
  endfacet
  facet normal 0.9951494611218903 0.0982836018027534 0.0042289059447067415
    outer loop
      vertex -2.6689605712890625 -0.10686492919921875 0.25
      vertex -2.659015655517578 -0.30188751220703125 2.442255973815918
      vertex -2.649444580078125 -0.3926544189453125 2.299488067626953
    endloop
  endfacet
  facet normal 0.9970302492626637 0.07697582204618503 0.0023248388212559266
    outer loop
      vertex -2.6689605712890625 -0.10686492919921875 0.25
      vertex -2.6616973876953125 -0.2690887451171875 2.5063705444335938
      vertex -2.659015655517578 -0.30188751220703125 2.442255973815918
    endloop
  endfacet
  facet normal 0.9978428945811992 0.06562993365594574 0.0015064999600505585
    outer loop
      vertex -2.6689605712890625 -0.10686492919921875 0.25
      vertex -2.6639747619628906 -0.23619842529296875 2.5819578170776367
      vertex -2.6616973876953125 -0.2690887451171875 2.5063705444335938
    endloop
  endfacet
  facet normal 0.4058296572070926 -0.6938262472648432 0.5949011917432663
    outer loop
      vertex -3.9824600219726562 -1.3049850463867188 2.144804000854492
      vertex -2.640033721923828 -0.4617462158203125 2.21248722076416
      vertex -2.649444580078125 -0.3926544189453125 2.299488067626953
    endloop
  endfacet
  facet normal 0.9983319136664552 0.05772565730194467 0.001067072692813697
    outer loop
      vertex -2.6689605712890625 -0.10686492919921875 0.25
      vertex -2.664722442626953 -0.22386932373046875 2.6145029067993164
      vertex -2.6639747619628906 -0.23619842529296875 2.5819578170776367
    endloop
  endfacet
  facet normal 0.9986802956422733 0.05135273075928176 0.0007510921554225051
    outer loop
      vertex -2.6689605712890625 -0.10686492919921875 0.25
      vertex -2.6660385131835938 -0.19937896728515625 2.6899757385253906
      vertex -2.664722442626953 -0.22386932373046875 2.6145029067993164
    endloop
  endfacet
  facet normal 0.9991185457080792 0.04197589271442668 0.00039503544123179536
    outer loop
      vertex -2.6689605712890625 -0.10686492919921875 0.25
      vertex -2.6673126220703125 -0.17026519775390625 2.8188486099243164
      vertex -2.6660385131835938 -0.19937896728515625 2.6899757385253906
    endloop
  endfacet
  facet normal 0.9994215704294178 0.03400713586201899 0.00019816876256156219
    outer loop
      vertex -2.6689605712890625 -0.10686492919921875 0.25
      vertex -2.6676406860351562 -0.1610260009765625 2.8878583908081055
      vertex -2.6673126220703125 -0.17026519775390625 2.8188486099243164
    endloop
  endfacet
  facet normal 0.999492747193219 0.03184689404469268 0.00015377860208379683
    outer loop
      vertex -2.6689605712890625 -0.10686492919921875 0.25
      vertex -2.6677322387695312 -0.15830230712890625 2.9188451766967773
      vertex -2.6676406860351562 -0.1610260009765625 2.8878583908081055
    endloop
  endfacet
  facet normal 0.9995390464353641 0.03035916673915611 0.00012508392050217672
    outer loop
      vertex -2.6689605712890625 -0.10686492919921875 0.25
      vertex -2.6678237915039062 -0.1555328369140625 2.9782590866088867
      vertex -2.6677322387695312 -0.15830230712890625 2.9188451766967773
    endloop
  endfacet
  facet normal 0.9999497243882409 0.010025488949539621 -0.00019562004904801053
    outer loop
      vertex -2.6678237915039062 -0.1555328369140625 2.9782590866088867
      vertex -2.669219970703125 -0.06951141357421875 0.25
      vertex -2.667804718017578 -0.15616607666015625 3.0433034896850586
    endloop
  endfacet
  facet normal -0.8660136020331246 -0.5000204404814254 0.000013941816361570398
    outer loop
      vertex -4.0880584716796875 -1.1220855712890625 2.450751304626465
      vertex -4.1439971923828125 -1.0251922607421875 2.8052825927734375
      vertex -5.126625061035156 0.6767654418945312 6
    endloop
  endfacet
  facet normal -0.8660281086467875 -0.49999531499646593 -0.000003905494763727774
    outer loop
      vertex -4.1439971923828125 -1.0251922607421875 2.8052825927734375
      vertex -4.14532470703125 -1.0228958129882812 3.1770362854003906
      vertex -5.126625061035156 0.6767654418945312 6
    endloop
  endfacet
  facet normal -0.86602197460243 -0.5000059394490535 0.000004623594785793533
    outer loop
      vertex -4.14532470703125 -1.0228958129882812 3.1770362854003906
      vertex -4.091926574707031 -1.1153793334960938 3.5331315994262695
      vertex -5.126625061035156 0.6767654418945312 6
    endloop
  endfacet
  facet normal -0.8660265906349092 -0.4999979442993094 -0.0000031209073761225044
    outer loop
      vertex -4.091926574707031 -1.1153793334960938 3.5331315994262695
      vertex -3.9885292053222656 -1.2944717407226562 3.842068672180176
      vertex -5.126625061035156 0.6767654418945312 6
    endloop
  endfacet
  facet normal -0.8660266333039762 -0.49999787039333504 -0.000003210923073331434
    outer loop
      vertex -3.9885292053222656 -1.2944717407226562 3.842068672180176
      vertex -3.8442726135253906 -1.5443344116210938 4.0765228271484375
      vertex -5.126625061035156 0.6767654418945312 6
    endloop
  endfacet
  facet normal 0.19530239918268022 -0.3196805939247591 -0.9271792117715983
    outer loop
      vertex -3.6719207763671875 -1.8428573608398438 4.215754508972168
      vertex -3.8442726135253906 -1.5443344116210938 4.0765228271484375
      vertex -2.5225486755371094 -0.9389190673828125 4.14619255065918
    endloop
  endfacet
  facet normal -0.23705290436553497 0.42850352653666074 -0.8718891261378994
    outer loop
      vertex -3.142963409423828 -2.759033203125 3.9867706298828125
      vertex -3.3050384521484375 -2.4783096313476562 4.168802261352539
      vertex -1.9735565185546875 -1.8592300415039062 4.111049652099609
    endloop
  endfacet
  facet normal -0.09775663233348872 0.18782858832686106 -0.9773249522251817
    outer loop
      vertex -3.3050384521484375 -2.4783096313476562 4.168802261352539
      vertex -3.486713409423828 -2.1636428833007812 4.247448921203613
      vertex -2.1968231201171875 -1.5796661376953125 4.230660438537598
    endloop
  endfacet
  facet normal 0.051028940865764996 -0.0689763012922812 -0.9963123591796674
    outer loop
      vertex -3.486713409423828 -2.1636428833007812 4.247448921203613
      vertex -3.6719207763671875 -1.8428573608398438 4.215754508972168
      vertex -2.3531570434570312 -1.3245925903320312 4.247418403625488
    endloop
  endfacet
  facet normal -0.045763994324661 0.07921949084990532 -0.9958061704432917
    outer loop
      vertex -3.486713409423828 -2.1636428833007812 4.247448921203613
      vertex -2.2735595703125 -1.4625091552734375 4.24747371673584
      vertex -2.2357940673828125 -1.5218505859375 4.2410173416137695
    endloop
  endfacet
  facet normal 0.10513332654136977 -0.18163589879292394 -0.9777297090300736
    outer loop
      vertex -3.6719207763671875 -1.8428573608398438 4.215754508972168
      vertex -2.435943603515625 -1.1566925048828125 4.221185684204102
      vertex -2.4321365356445312 -1.1651153564453125 4.2231597900390625
    endloop
  endfacet
  facet normal 0.10251227862901575 -0.17682858899582746 -0.9788885957268232
    outer loop
      vertex -3.6719207763671875 -1.8428573608398438 4.215754508972168
      vertex -2.4321365356445312 -1.1651153564453125 4.2231597900390625
      vertex -2.4302215576171875 -1.1693267822265625 4.22412109375
    endloop
  endfacet
  facet normal 0.10033193662323515 -0.17279110621769694 -0.9798350555606264
    outer loop
      vertex -3.6719207763671875 -1.8428573608398438 4.215754508972168
      vertex -2.42926025390625 -1.1714324951171875 4.224595069885254
      vertex -2.428295135498047 -1.1735382080078125 4.225065231323242
    endloop
  endfacet
  facet normal 0.10114384355707491 -0.17429838328506178 -0.9794845565371185
    outer loop
      vertex -3.6719207763671875 -1.8428573608398438 4.215754508972168
      vertex -2.4302215576171875 -1.1693267822265625 4.22412109375
      vertex -2.42926025390625 -1.1714324951171875 4.224595069885254
    endloop
  endfacet
  facet normal 0.08307196068106819 -0.1406275742534122 -0.9865713023944108
    outer loop
      vertex -3.6719207763671875 -1.8428573608398438 4.215754508972168
      vertex -2.428295135498047 -1.1735382080078125 4.225065231323242
      vertex -2.3899154663085938 -1.253692626953125 4.23972225189209
    endloop
  endfacet
  facet normal -0.015937835453885097 0.027612177850615812 -0.9994916473064649
    outer loop
      vertex -3.486713409423828 -2.1636428833007812 4.247448921203613
      vertex -2.314189910888672 -1.3945159912109375 4.25
      vertex -2.2735595703125 -1.4625091552734375 4.24747371673584
    endloop
  endfacet
  facet normal 0.015095294119074681 -0.019277521906333955 -0.9997002096851884
    outer loop
      vertex -3.486713409423828 -2.1636428833007812 4.247448921203613
      vertex -2.3339309692382812 -1.3597183227539062 4.249353408813477
      vertex -2.3241195678710938 -1.3771591186523438 4.249837875366211
    endloop
  endfacet
  facet normal 0.008341534497803388 -0.00929332439479732 -0.9999220234217842
    outer loop
      vertex -3.486713409423828 -2.1636428833007812 4.247448921203613
      vertex -2.3241195678710938 -1.3771591186523438 4.249837875366211
      vertex -2.3191680908203125 -1.3858489990234375 4.249959945678711
    endloop
  endfacet
  facet normal 0.0022080193481688 -0.000049253246445114964 -0.9999975611093639
    outer loop
      vertex -3.486713409423828 -2.1636428833007812 4.247448921203613
      vertex -2.3154373168945312 -1.3923492431640625 4.249997138977051
      vertex -2.314189910888672 -1.3945159912109375 4.25
    endloop
  endfacet
  facet normal 0.004843456164260772 -0.004042176374225265 -0.9999801006732807
    outer loop
      vertex -3.486713409423828 -2.1636428833007812 4.247448921203613
      vertex -2.3191680908203125 -1.3858489990234375 4.249959945678711
      vertex -2.316680908203125 -1.3901824951171875 4.2499895095825195
    endloop
  endfacet
  facet normal 0.003261556039025376 -0.0016491538270721493 -0.9999933212496267
    outer loop
      vertex -3.486713409423828 -2.1636428833007812 4.247448921203613
      vertex -2.316680908203125 -1.3901824951171875 4.2499895095825195
      vertex -2.3154373168945312 -1.3923492431640625 4.249997138977051
    endloop
  endfacet
  facet normal 0.028965285616721837 -0.039168409240153405 -0.9988127191554669
    outer loop
      vertex -3.486713409423828 -2.1636428833007812 4.247448921203613
      vertex -2.3531570434570312 -1.3245925903320312 4.247418403625488
      vertex -2.3339309692382812 -1.3597183227539062 4.249353408813477
    endloop
  endfacet
  facet normal 0.05512522936370279 -0.07946069600693863 -0.995312617662256
    outer loop
      vertex -3.6719207763671875 -1.8428573608398438 4.215754508972168
      vertex -2.3899154663085938 -1.253692626953125 4.23972225189209
      vertex -2.3531570434570312 -1.3245925903320312 4.247418403625488
    endloop
  endfacet
  facet normal 0.48394158779398005 -0.8217288356693726 0.300935641346948
    outer loop
      vertex -4.0880584716796875 -1.1220855712890625 2.450751304626465
      vertex -2.664722442626953 -0.22386932373046875 2.6145029067993164
      vertex -4.1439971923828125 -1.0251922607421875 2.8052825927734375
    endloop
  endfacet
  facet normal 0.5069596300124976 -0.8619402692910526 0.007134823898264423
    outer loop
      vertex -4.1439971923828125 -1.0251922607421875 2.8052825927734375
      vertex -2.6678237915039062 -0.1555328369140625 2.9782590866088867
      vertex -4.14532470703125 -1.0228958129882812 3.1770362854003906
    endloop
  endfacet
  facet normal 0.48595333633367815 -0.8254318036091809 -0.28724848562988387
    outer loop
      vertex -4.14532470703125 -1.0228958129882812 3.1770362854003906
      vertex -2.6655845642089844 -0.2082977294921875 3.3395767211914062
      vertex -4.091926574707031 -1.1153793334960938 3.5331315994262695
    endloop
  endfacet
  facet normal 0.4321073103783598 -0.7476434449072524 0.5042941122051654
    outer loop
      vertex -2.649444580078125 -0.3926544189453125 2.299488067626953
      vertex -2.659015655517578 -0.30188751220703125 2.442255973815918
      vertex -4.0880584716796875 -1.1220855712890625 2.450751304626465
    endloop
  endfacet
  facet normal 0.45343036761077665 -0.7856588744584013 0.42088125963638967
    outer loop
      vertex -4.0880584716796875 -1.1220855712890625 2.450751304626465
      vertex -2.659015655517578 -0.30188751220703125 2.442255973815918
      vertex -2.6616973876953125 -0.2690887451171875 2.5063705444335938
    endloop
  endfacet
  facet normal 0.46742131938370857 -0.8053797371828684 0.3645281732882204
    outer loop
      vertex -4.0880584716796875 -1.1220855712890625 2.450751304626465
      vertex -2.6616973876953125 -0.2690887451171875 2.5063705444335938
      vertex -2.6639747619628906 -0.23619842529296875 2.5819578170776367
    endloop
  endfacet
  facet normal 0.4788569054892967 -0.817257170033859 0.3206037774160856
    outer loop
      vertex -4.0880584716796875 -1.1220855712890625 2.450751304626465
      vertex -2.6639747619628906 -0.23619842529296875 2.5819578170776367
      vertex -2.664722442626953 -0.22386932373046875 2.6145029067993164
    endloop
  endfacet
  facet normal 0.48502082979980216 -0.8292876156702483 0.2775551209332403
    outer loop
      vertex -4.1439971923828125 -1.0251922607421875 2.8052825927734375
      vertex -2.664722442626953 -0.22386932373046875 2.6145029067993164
      vertex -2.6660385131835938 -0.19937896728515625 2.6899757385253906
    endloop
  endfacet
  facet normal 0.48989477513848856 -0.8492989010762771 0.19670914041456647
    outer loop
      vertex -4.1439971923828125 -1.0251922607421875 2.8052825927734375
      vertex -2.6660385131835938 -0.19937896728515625 2.6899757385253906
      vertex -2.6673126220703125 -0.17026519775390625 2.8188486099243164
    endloop
  endfacet
  facet normal 0.49675963800013107 -0.8598992289379959 0.11748692746777797
    outer loop
      vertex -4.1439971923828125 -1.0251922607421875 2.8052825927734375
      vertex -2.6673126220703125 -0.17026519775390625 2.8188486099243164
      vertex -2.6676406860351562 -0.1610260009765625 2.8878583908081055
    endloop
  endfacet
  facet normal 0.5004274441946273 -0.8623229505121427 0.07727549493122504
    outer loop
      vertex -4.1439971923828125 -1.0251922607421875 2.8052825927734375
      vertex -2.6676406860351562 -0.1610260009765625 2.8878583908081055
      vertex -2.6677322387695312 -0.15830230712890625 2.9188451766967773
    endloop
  endfacet
  facet normal 0.5035954926649974 -0.8629660769199105 0.041001583542074796
    outer loop
      vertex -4.1439971923828125 -1.0251922607421875 2.8052825927734375
      vertex -2.6677322387695312 -0.15830230712890625 2.9188451766967773
      vertex -2.6678237915039062 -0.1555328369140625 2.9782590866088867
    endloop
  endfacet
  facet normal 0.5053847518364736 -0.8628517693760507 -0.008548490849545879
    outer loop
      vertex -4.14532470703125 -1.0228958129882812 3.1770362854003906
      vertex -2.6678237915039062 -0.1555328369140625 2.9782590866088867
      vertex -2.667804718017578 -0.15616607666015625 3.0433034896850586
    endloop
  endfacet
  facet normal 0.5015828330653542 -0.8634113666791057 -0.054180009814063214
    outer loop
      vertex -4.14532470703125 -1.0228958129882812 3.1770362854003906
      vertex -2.667804718017578 -0.15616607666015625 3.0433034896850586
      vertex -2.667705535888672 -0.15917205810546875 3.0921249389648438
    endloop
  endfacet
  facet normal 0.4944686322709787 -0.8589778568820416 -0.13288270424100584
    outer loop
      vertex -4.14532470703125 -1.0228958129882812 3.1770362854003906
      vertex -2.667705535888672 -0.15917205810546875 3.0921249389648438
      vertex -2.6668624877929688 -0.1814422607421875 3.23922061920166
    endloop
  endfacet
  facet normal 0.4894933038197823 -0.843797673286223 -0.22000407285400597
    outer loop
      vertex -4.14532470703125 -1.0228958129882812 3.1770362854003906
      vertex -2.6668624877929688 -0.1814422607421875 3.23922061920166
      vertex -2.6660232543945312 -0.19970703125 3.3111400604248047
    endloop
  endfacet
  facet normal 0.4874596102237611 -0.83372703273529 -0.25938844092770885
    outer loop
      vertex -4.14532470703125 -1.0228958129882812 3.1770362854003906
      vertex -2.6660232543945312 -0.19970703125 3.3111400604248047
      vertex -2.6655845642089844 -0.2082977294921875 3.3395767211914062
    endloop
  endfacet
  facet normal 0.48254323394121856 -0.8228281585186198 -0.3001763630374774
    outer loop
      vertex -4.091926574707031 -1.1153793334960938 3.5331315994262695
      vertex -2.6655845642089844 -0.2082977294921875 3.3395767211914062
      vertex -2.6641006469726562 -0.23419189453125 3.4129419326782227
    endloop
  endfacet
  facet normal 0.4508393270222356 -0.7817964194267092 -0.4307415231687267
    outer loop
      vertex -4.091926574707031 -1.1153793334960938 3.5331315994262695
      vertex -2.6615219116210938 -0.27135467529296875 3.498371124267578
      vertex -2.6580123901367188 -0.31302642822265625 3.577678680419922
    endloop
  endfacet
  facet normal 0.46661332930635935 -0.8058061715345423 -0.3646209193538937
    outer loop
      vertex -4.091926574707031 -1.1153793334960938 3.5331315994262695
      vertex -2.6641006469726562 -0.23419189453125 3.4129419326782227
      vertex -2.6615219116210938 -0.27135467529296875 3.498371124267578
    endloop
  endfacet
  facet normal 0.9998666579179126 0.016329922965642965 0
    outer loop
      vertex -2.667804718017578 -0.15616607666015625 3.0433034896850586
      vertex -2.669219970703125 -0.06951141357421875 0.25
      vertex -2.669219970703125 -0.06951141357421875 6.5
    endloop
  endfacet
  facet normal 0.3231537925248292 -0.5416086241475646 -0.7760359042117844
    outer loop
      vertex -3.9885292053222656 -1.2944717407226562 3.842068672180176
      vertex -2.607128143310547 -0.6398162841796875 3.9604110717773438
      vertex -3.8442726135253906 -1.5443344116210938 4.0765228271484375
    endloop
  endfacet
  facet normal 0.4229523597153185 -0.7153369008612729 -0.5562413322267892
    outer loop
      vertex -4.091926574707031 -1.1153793334960938 3.5331315994262695
      vertex -2.6499176025390625 -0.3888092041015625 3.6952171325683594
      vertex -3.9885292053222656 -1.2944717407226562 3.842068672180176
    endloop
  endfacet
  facet normal 0.24677268073142045 -0.42906489280841503 -0.8689111357347954
    outer loop
      vertex -3.8442726135253906 -1.5443344116210938 4.0765228271484375
      vertex -2.5743026733398438 -0.7724075317382812 4.056022644042969
      vertex -2.5447425842285156 -0.872161865234375 4.113676071166992
    endloop
  endfacet
  facet normal 0.3937928963761305 -0.6819773529877826 -0.6163067781352689
    outer loop
      vertex -3.9885292053222656 -1.2944717407226562 3.842068672180176
      vertex -2.6499176025390625 -0.3888092041015625 3.6952171325683594
      vertex -2.6322593688964844 -0.5105667114257812 3.841231346130371
    endloop
  endfacet
  facet normal 0.27787928495118686 -0.4792746948810738 -0.8325135853796445
    outer loop
      vertex -3.8442726135253906 -1.5443344116210938 4.0765228271484375
      vertex -2.5866355895996094 -0.7259368896484375 4.025153160095215
      vertex -2.5743026733398438 -0.7724075317382812 4.056022644042969
    endloop
  endfacet
  facet normal 0.308329434197087 -0.5236611102209615 -0.7941737855468752
    outer loop
      vertex -3.8442726135253906 -1.5443344116210938 4.0765228271484375
      vertex -2.607128143310547 -0.6398162841796875 3.9604110717773438
      vertex -2.5866355895996094 -0.7259368896484375 4.025153160095215
    endloop
  endfacet
  facet normal 0.3456992559335843 -0.5988816544097064 -0.7223799474365683
    outer loop
      vertex -3.9885292053222656 -1.2944717407226562 3.842068672180176
      vertex -2.6322593688964844 -0.5105667114257812 3.841231346130371
      vertex -2.607128143310547 -0.6398162841796875 3.9604110717773438
    endloop
  endfacet
  facet normal 0.21641697166458257 -0.3684315762017213 -0.9041138578923821
    outer loop
      vertex -3.8442726135253906 -1.5443344116210938 4.0765228271484375
      vertex -2.5447425842285156 -0.872161865234375 4.113676071166992
      vertex -2.5225486755371094 -0.9389190673828125 4.14619255065918
    endloop
  endfacet
  facet normal 0.1214101663351571 -0.2103971539916031 -0.9700477354763027
    outer loop
      vertex -3.6719207763671875 -1.8428573608398438 4.215754508972168
      vertex -2.4580764770507812 -1.1060867309570312 4.207877159118652
      vertex -2.4434585571289062 -1.13983154296875 4.2170257568359375
    endloop
  endfacet
  facet normal 0.14408808783457752 -0.24763152576541617 -0.9580799812078671
    outer loop
      vertex -3.6719207763671875 -1.8428573608398438 4.215754508972168
      vertex -2.4856109619140625 -1.0387420654296875 4.1863298416137695
      vertex -2.4580764770507812 -1.1060867309570312 4.207877159118652
    endloop
  endfacet
  facet normal 0.11052124237979748 -0.19136047043134508 -0.9752775119621698
    outer loop
      vertex -3.6719207763671875 -1.8428573608398438 4.215754508972168
      vertex -2.4434585571289062 -1.13983154296875 4.2170257568359375
      vertex -2.435943603515625 -1.1566925048828125 4.221185684204102
    endloop
  endfacet
  facet normal 0.18490925332382302 -0.3069586593840678 -0.9335871407985235
    outer loop
      vertex -3.6719207763671875 -1.8428573608398438 4.215754508972168
      vertex -2.5225486755371094 -0.9389190673828125 4.14619255065918
      vertex -2.4856109619140625 -1.0387420654296875 4.1863298416137695
    endloop
  endfacet
  facet normal 0.43217431834921316 -0.7440668022922267 -0.5094997078370247
    outer loop
      vertex -4.091926574707031 -1.1153793334960938 3.5331315994262695
      vertex -2.6580123901367188 -0.31302642822265625 3.577678680419922
      vertex -2.6499176025390625 -0.3888092041015625 3.6952171325683594
    endloop
  endfacet
  facet normal 0.9993087188067435 0.03717626585480888 -0.00009886312448482684
    outer loop
      vertex -2.667705535888672 -0.15917205810546875 3.0921249389648438
      vertex -2.667985905275069 -0.14257306047856924 6.5
      vertex -2.6668624877929688 -0.1814422607421875 3.23922061920166
    endloop
  endfacet
  facet normal 0.9994943050348056 0.031798253482970745 -0.00007265276005110076
    outer loop
      vertex -2.667804718017578 -0.15616607666015625 3.0433034896850586
      vertex -2.668069776231902 -0.13993679796316555 6.5
      vertex -2.667705535888672 -0.15917205810546875 3.0921249389648438
    endloop
  endfacet
  facet normal 0.9989727316872785 0.045315110124011834 -0.00014879417063013746
    outer loop
      vertex -2.6668624877929688 -0.1814422607421875 3.23922061920166
      vertex -2.6672834573202664 -0.161455063541591 6.5
      vertex -2.6660232543945312 -0.19970703125 3.3111400604248047
    endloop
  endfacet
  facet normal 0.9987297018574375 0.050387978207325455 -0.0001851484057560364
    outer loop
      vertex -2.6660232543945312 -0.19970703125 3.3111400604248047
      vertex -2.66658370076712 -0.17688121418978883 6.5
      vertex -2.6655845642089844 -0.2082977294921875 3.3395767211914062
    endloop
  endfacet
  facet normal 0.9983993478473797 0.0565569467624782 -0.00023235927616002523
    outer loop
      vertex -2.6655845642089844 -0.2082977294921875 3.3395767211914062
      vertex -2.6662172269578432 -0.18414501582063658 6.5
      vertex -2.6641006469726562 -0.23419189453125 3.4129419326782227
    endloop
  endfacet
  facet normal 0.9944575153752512 0.10513685905283851 -0.0007007012100023693
    outer loop
      vertex -2.6580123901367188 -0.31302642822265625 3.577678680419922
      vertex -2.650913448552482 -0.3606968814791104 6.5
      vertex -2.6499176025390625 -0.3888092041015625 3.6952171325683594
    endloop
  endfacet
  facet normal 0.9976548938516412 0.06844411317573003 -0.00034080120053796515
    outer loop
      vertex -2.6641006469726562 -0.23419189453125 3.4129419326782227
      vertex -2.6649744015413956 -0.20608460337441284 6.5
      vertex -2.6615219116210938 -0.27135467529296875 3.498371124267578
    endloop
  endfacet
  facet normal 0.9965520488442504 0.08296842652855312 -0.0005041266733427566
    outer loop
      vertex -2.6615219116210938 -0.27135467529296875 3.498371124267578
      vertex -2.6628055019332386 -0.23769891186570688 6.5
      vertex -2.6580123901367188 -0.31302642822265625 3.577678680419922
    endloop
  endfacet
  facet normal 0 0 -1
    outer loop
      vertex -1.5851211547851562 -4.957298278808594 0
      vertex -2.5285682678222656 -1.523193359375 0
      vertex -2.2051849365234375 -1.9751815795898438 0
    endloop
  endfacet
  facet normal 0 0 -1
    outer loop
      vertex -1.5851211547851562 -4.957298278808594 0
      vertex -2.2051849365234375 -1.9751815795898438 0
      vertex -1.801513671875 -2.3571853637695312 0
    endloop
  endfacet
  facet normal 0 0 -1
    outer loop
      vertex -1.5851211547851562 -4.957298278808594 0
      vertex -1.801513671875 -2.3571853637695312 0
      vertex -1.3323860168457031 -2.6551666259765625 0
    endloop
  endfacet
  facet normal -0.8660233790283179 -0.5000035069466146 0.000004178633273254284
    outer loop
      vertex -1.9266242980957031 -4.8657989501953125 0.25
      vertex -2.9292678833007812 -3.1291656494140625 2.6323699951171875
      vertex -3.009746551513672 -2.989776611328125 2.297257423400879
    endloop
  endfacet
  facet normal -0.8660298704454656 -0.49999226339080105 -0.000006749354931836179
    outer loop
      vertex -1.9266242980957031 -4.8657989501953125 0.25
      vertex -2.9016265869140625 -3.1770477294921875 3
      vertex -2.9292678833007812 -3.1291656494140625 2.6323699951171875
    endloop
  endfacet
  facet normal -0.8658512064188635 -0.5003015366478473 0.000246517345153318
    outer loop
      vertex -1.9266242980957031 -4.8657989501953125 0.25
      vertex -2.9016876220703125 -3.1769332885742188 3.0178794860839844
      vertex -2.9016265869140625 -3.1770477294921875 3
    endloop
  endfacet
  facet normal -0.8660352680745448 -0.4999829139969087 -0.00001273621974986686
    outer loop
      vertex -1.9266242980957031 -4.8657989501953125 0.25
      vertex -2.931957244873047 -3.12451171875 3.38468074798584
      vertex -2.9016876220703125 -3.1769332885742188 3.0178794860839844
    endloop
  endfacet
  facet normal 0 0 -1
    outer loop
      vertex -5.622589111328125 -8.652328491210938 0
      vertex 0.8317718505859375 -2.8418426513671875 0
      vertex 1.3449935913085938 -2.62860107421875 0
    endloop
  endfacet
  facet normal 0 0 -1
    outer loop
      vertex -4.70367431640625 -9.186447143554688 0
      vertex 1.3449935913085938 -2.62860107421875 0
      vertex 1.8081169128417969 -2.3213653564453125 0
    endloop
  endfacet
  facet normal 0 0 -1
    outer loop
      vertex -1.5851211547851562 -4.957298278808594 0
      vertex -1.3323860168457031 -2.6551666259765625 0
      vertex -0.815032958984375 -2.858184814453125 0
    endloop
  endfacet
  facet normal 0 0 -1
    outer loop
      vertex -1.5851211547851562 -4.957298278808594 0
      vertex -0.815032958984375 -2.858184814453125 0
      vertex -0.2684478759765625 -2.9587860107421875 0
    endloop
  endfacet
  facet normal 0.1015233771033844 0.2587129260830157 -0.9606043023946375
    outer loop
      vertex -0.815032958984375 -2.858184814453125 0
      vertex -1.3323860168457031 -2.6551666259765625 0
      vertex -1.1719970703125 -2.5937423706054688 0.033493995666503906
    endloop
  endfacet
  facet normal 0.0797895261817088 0.23053796375768312 -0.9697865119592867
    outer loop
      vertex -0.815032958984375 -2.858184814453125 0
      vertex -1.1719970703125 -2.5937423706054688 0.033493995666503906
      vertex -0.6734542846679688 -2.7662887573242188 0.033493995666503906
    endloop
  endfacet
  facet normal 0 0 -1
    outer loop
      vertex -1.5851211547851562 -4.957298278808594 0
      vertex -0.2684478759765625 -2.9587860107421875 0
      vertex 0.28729248046875 -2.9532699584960938 0
    endloop
  endfacet
  facet normal 0 0 -1
    outer loop
      vertex -1.5851211547851562 -4.957298278808594 0
      vertex 0.28729248046875 -2.9532699584960938 0
      vertex 0.8317718505859375 -2.8418426513671875 0
    endloop
  endfacet
  facet normal 0.05021250500976876 0.27281391505459224 -0.960755573542631
    outer loop
      vertex -0.815032958984375 -2.858184814453125 0
      vertex -0.6734542846679688 -2.7662887573242188 0.033493995666503906
      vertex -0.2684478759765625 -2.9587860107421875 0
    endloop
  endfacet
  facet normal 0.10085973270714794 0.7014881013251438 -0.7055081558830396
    outer loop
      vertex -0.6734542846679688 -2.7662887573242188 0.033493995666503906
      vertex -0.6518783569335938 -2.6773605346679688 0.125
      vertex -0.1512603759765625 -2.84136962890625 0.033493995666503906
    endloop
  endfacet
  facet normal 0.034779839666583746 0.24189677126098208 -0.969678459493805
    outer loop
      vertex -0.6734542846679688 -2.7662887573242188 0.033493995666503906
      vertex -0.1512603759765625 -2.84136962890625 0.033493995666503906
      vertex -0.2684478759765625 -2.9587860107421875 0
    endloop
  endfacet
  facet normal 0.13982637995768069 0.9724449430964579 -0.1865460160766155
    outer loop
      vertex -0.14690780639648438 -2.749969482421875 0.125
      vertex -0.6518783569335938 -2.6773605346679688 0.125
      vertex -0.5075569152832031 -2.67413330078125 0.25
    endloop
  endfacet
  facet normal 0.10086824881487429 0.7015043835698741 -0.7054907484958762
    outer loop
      vertex -0.1512603759765625 -2.84136962890625 0.033493995666503906
      vertex -0.6518783569335938 -2.6773605346679688 0.125
      vertex -0.14690780639648438 -2.749969482421875 0.125
    endloop
  endfacet
  facet normal 0.08230447827027453 0.9394981927566047 -0.33251935081094386
    outer loop
      vertex -0.14690780639648438 -2.749969482421875 0.125
      vertex -0.5075569152832031 -2.67413330078125 0.25
      vertex 0.008792877197265625 -2.7193679809570312 0.25
    endloop
  endfacet
  facet normal -0.002747898945588572 0.2768498685955225 -0.9609092565430031
    outer loop
      vertex -0.2684478759765625 -2.9587860107421875 0
      vertex -0.1512603759765625 -2.84136962890625 0.033493995666503906
      vertex 0.28729248046875 -2.9532699584960938 0
    endloop
  endfacet
  facet normal 0.08727047334784599 0.9961845784632938 0.00038744490238972373
    outer loop
      vertex -0.5075569152832031 -2.67413330078125 0.25
      vertex -0.11242137235753677 -2.7111798454733456 6.5
      vertex 0.008792877197265625 -2.7193679809570312 0.25
    endloop
  endfacet
  facet normal -0.8660265108096309 -0.4999980825712197 0
    outer loop
      vertex -1.9266242980957031 -4.8657989501953125 0.25
      vertex -1.9266242980957031 -4.8657989501953125 6
      vertex -3.0148239135742188 -2.9809722900390625 3.717456817626953
    endloop
  endfacet
  facet normal -0.8659719347270558 -0.5000925949986632 0.00006850242916555055
    outer loop
      vertex -1.9266242980957031 -4.8657989501953125 0.25
      vertex -3.0148239135742188 -2.9809722900390625 3.717456817626953
      vertex -2.931957244873047 -3.12451171875 3.38468074798584
    endloop
  endfacet
  facet normal -0.44398269093201753 0.7845034882413007 0.4329360773717016
    outer loop
      vertex -3.009746551513672 -2.989776611328125 2.297257423400879
      vertex -2.9292678833007812 -3.1291656494140625 2.6323699951171875
      vertex -1.5550804138183594 -2.2290573120117188 2.4105758666992188
    endloop
  endfacet
  facet normal -0.4875926767039721 0.8603126823416682 0.14871271037385964
    outer loop
      vertex -2.9292678833007812 -3.1291656494140625 2.6323699951171875
      vertex -2.9016265869140625 -3.1770477294921875 3
      vertex -1.4364433288574219 -2.3087081909179688 2.7805776596069336
    endloop
  endfacet
  facet normal -0.4999888978722893 0.8660014678035935 -0.00724981147857146
    outer loop
      vertex -2.9016265869140625 -3.1770477294921875 3
      vertex -2.9016876220703125 -3.1769332885742188 3.0178794860839844
      vertex -1.4178314208984375 -2.32037353515625 3
    endloop
  endfacet
  facet normal -0.4866994693539434 0.8582612423487156 -0.16282280679508387
    outer loop
      vertex -2.9016876220703125 -3.1769332885742188 3.0178794860839844
      vertex -2.931957244873047 -3.12451171875 3.38468074798584
      vertex -1.4421119689941406 -2.3051071166992188 3.2505245208740234
    endloop
  endfacet
  facet normal -0.4405043427235213 0.7792372615644011 -0.44580849501925357
    outer loop
      vertex -2.931957244873047 -3.12451171875 3.38468074798584
      vertex -3.0148239135742188 -2.9809722900390625 3.717456817626953
      vertex -1.5272293090820312 -2.24859619140625 3.527695655822754
    endloop
  endfacet
  facet normal 0.08727047334783813 0.9961845784632946 0.0003874449023902198
    outer loop
      vertex -0.5075569152832031 -2.67413330078125 0.25
      vertex -0.13877106067437578 -2.7088714883458684 6.5
      vertex -0.11242137235753677 -2.7111798454733456 6.5
    endloop
  endfacet
  facet normal 0 0 -1
    outer loop
      vertex -2.759796142578125 -1.0178070068359375 0
      vertex -2.5285682678222656 -1.523193359375 0
      vertex -1.5851211547851562 -4.957298278808594 0
    endloop
  endfacet
  facet normal 0.191715716884063 0.20258994568275962 -0.9603136976050515
    outer loop
      vertex -2.2051849365234375 -1.9751815795898438 0
      vertex -2.0275840759277344 -1.9844818115234375 0.033493995666503906
      vertex -1.801513671875 -2.3571853637695312 0
    endloop
  endfacet
  facet normal 0.21542191987942863 0.11105819780188694 -0.9701852777364013
    outer loop
      vertex -2.5285682678222656 -1.523193359375 0
      vertex -2.5954437255859375 -1.1008758544921875 0.033493995666503906
      vertex -2.35369873046875 -1.569793701171875 0.033493995666503906
    endloop
  endfacet
  facet normal 0.22723376270702744 0.16257859802814542 -0.9601734304536911
    outer loop
      vertex -2.5285682678222656 -1.523193359375 0
      vertex -2.35369873046875 -1.569793701171875 0.033493995666503906
      vertex -2.2051849365234375 -1.9751815795898438 0
    endloop
  endfacet
  facet normal 0.6299154752406422 0.32474535335826565 -0.7055118351413895
    outer loop
      vertex -2.35369873046875 -1.569793701171875 0.033493995666503906
      vertex -2.5104904174804688 -1.066864013671875 0.125
      vertex -2.2767181396484375 -1.5203170776367188 0.125
    endloop
  endfacet
  facet normal 0.190808468930366 0.15005358575622824 -0.9700907429648774
    outer loop
      vertex -2.35369873046875 -1.569793701171875 0.033493995666503906
      vertex -2.0275840759277344 -1.9844818115234375 0.033493995666503906
      vertex -2.2051849365234375 -1.9751815795898438 0
    endloop
  endfacet
  facet normal 0.5570781971679551 0.4380888718073404 -0.7055083434224378
    outer loop
      vertex -2.0275840759277344 -1.9844818115234375 0.033493995666503906
      vertex -2.2767181396484375 -1.5203170776367188 0.125
      vertex -1.9613571166992188 -1.9213333129882812 0.125
    endloop
  endfacet
  facet normal 0.7267666587642386 0.6118686703909537 -0.312132910636913
    outer loop
      vertex -2.2036285400390625 -1.5698013305664062 0.25
      vertex -1.8698005676269531 -1.9663162231445312 0.25
      vertex -1.9613571166992188 -1.9213333129882812 0.125
    endloop
  endfacet
  facet normal 0.5570721676739211 0.4380868247256489 -0.7055143754771246
    outer loop
      vertex -2.35369873046875 -1.569793701171875 0.033493995666503906
      vertex -2.2767181396484375 -1.5203170776367188 0.125
      vertex -2.0275840759277344 -1.9844818115234375 0.033493995666503906
    endloop
  endfacet
  facet normal 0.8338355588595376 0.45972727122801166 -0.3055635725518486
    outer loop
      vertex -2.2767181396484375 -1.5203170776367188 0.125
      vertex -2.453887939453125 -1.1158905029296875 0.25
      vertex -2.2036285400390625 -1.5698013305664062 0.25
    endloop
  endfacet
  facet normal 0.7685081663491221 0.6043583778402831 -0.2101098507661446
    outer loop
      vertex -2.2767181396484375 -1.5203170776367188 0.125
      vertex -2.2036285400390625 -1.5698013305664062 0.25
      vertex -1.9613571166992188 -1.9213333129882812 0.125
    endloop
  endfacet
  facet normal 0.7649624121631029 0.6440258759601833 0.007948526361889379
    outer loop
      vertex -2.2036285400390625 -1.5698013305664062 0.25
      vertex -2.064647674560547 -1.754364013671875 1.828658103942871
      vertex -1.8698005676269531 -1.9663162231445312 0.25
    endloop
  endfacet
  facet normal 0.464102166630064 0.5355986821968622 -0.7055091994852122
    outer loop
      vertex -2.0275840759277344 -1.9844818115234375 0.033493995666503906
      vertex -1.9613571166992188 -1.9213333129882812 0.125
      vertex -1.6288795471191406 -2.3299636840820312 0.033493995666503906
    endloop
  endfacet
  facet normal 0.15922083424890437 0.18374934472127497 -0.9699922186572348
    outer loop
      vertex -2.0275840759277344 -1.9844818115234375 0.033493995666503906
      vertex -1.6288795471191406 -2.3299636840820312 0.033493995666503906
      vertex -1.801513671875 -2.3571853637695312 0
    endloop
  endfacet
  facet normal 0.46411120105006837 0.5356038273730471 -0.7054993502216753
    outer loop
      vertex -1.6288795471191406 -2.3299636840820312 0.033493995666503906
      vertex -1.9613571166992188 -1.9213333129882812 0.125
      vertex -1.5758018493652344 -2.2554244995117188 0.125
    endloop
  endfacet
  facet normal 0.6411837032847736 0.7399529353128037 -0.20335464628080044
    outer loop
      vertex -1.5758018493652344 -2.2554244995117188 0.125
      vertex -1.9613571166992188 -1.9213333129882812 0.125
      vertex -1.8698005676269531 -1.9663162231445312 0.25
    endloop
  endfacet
  facet normal 0.1492849765557818 0.2350272311218666 -0.960456243878881
    outer loop
      vertex -1.801513671875 -2.3571853637695312 0
      vertex -1.6288795471191406 -2.3299636840820312 0.033493995666503906
      vertex -1.3323860168457031 -2.6551666259765625 0
    endloop
  endfacet
  facet normal 0.35435223445688424 0.6137619709704774 -0.7055003450926499
    outer loop
      vertex -1.6288795471191406 -2.3299636840820312 0.033493995666503906
      vertex -1.5758018493652344 -2.2554244995117188 0.125
      vertex -1.1719970703125 -2.5937423706054688 0.033493995666503906
    endloop
  endfacet
  facet normal 0.12176900172499143 0.2109121242494432 -0.9698909145174454
    outer loop
      vertex -1.6288795471191406 -2.3299636840820312 0.033493995666503906
      vertex -1.1719970703125 -2.5937423706054688 0.033493995666503906
      vertex -1.3323860168457031 -2.6551666259765625 0
    endloop
  endfacet
  facet normal 0.5925067757977398 0.7400822682011547 -0.3181414102690829
    outer loop
      vertex -1.5758018493652344 -2.2554244995117188 0.125
      vertex -1.8698005676269531 -1.9663162231445312 0.25
      vertex -1.4651718139648438 -2.2902603149414062 0.25
    endloop
  endfacet
  facet normal 0.49017904025678977 0.8490166636283594 -0.1972186942820124
    outer loop
      vertex -1.5758018493652344 -2.2554244995117188 0.125
      vertex -1.4651718139648438 -2.2902603149414062 0.25
      vertex -1.1339874267578125 -2.5105056762695312 0.125
    endloop
  endfacet
  facet normal 0.624965332062517 0.7806252677485073 0.006521125099167689
    outer loop
      vertex -1.4651718139648438 -2.2902603149414062 0.25
      vertex -1.8698005676269531 -1.9663162231445312 0.25
      vertex -1.6796875 -2.1347885131835938 2.197463035583496
    endloop
  endfacet
  facet normal -0.36029744132879904 0.6397380746675313 0.6789115918826256
    outer loop
      vertex -3.1359481811523438 -2.7711868286132812 2.0243053436279297
      vertex -3.009746551513672 -2.989776611328125 2.297257423400879
      vertex -1.6796875 -2.1347885131835938 2.197463035583496
    endloop
  endfacet
  facet normal -0.25725704857398884 0.4569033779059882 0.8515034434558078
    outer loop
      vertex -3.1359481811523438 -2.7711868286132812 2.0243053436279297
      vertex -1.8840446472167969 -1.9523162841796875 1.9631385803222656
      vertex -1.9483566284179688 -1.8863601684570312 1.9083175659179688
    endloop
  endfacet
  facet normal -0.2229084759674808 0.39162177642255513 0.8927173099999224
    outer loop
      vertex -3.2966995239257812 -2.4927520751953125 1.837656021118164
      vertex -1.9483566284179688 -1.8863601684570312 1.9083175659179688
      vertex -2.012645721435547 -1.815582275390625 1.861215591430664
    endloop
  endfacet
  facet normal -0.39749754664377984 0.6890898287666118 0.60592978826146
    outer loop
      vertex -3.009746551513672 -2.989776611328125 2.297257423400879
      vertex -1.6204071044921875 -2.1810760498046875 2.288991928100586
      vertex -1.6796875 -2.1347885131835938 2.197463035583496
    endloop
  endfacet
  facet normal -0.42704723515240894 0.7389886914598961 0.5210819252699843
    outer loop
      vertex -3.009746551513672 -2.989776611328125 2.297257423400879
      vertex -1.5550804138183594 -2.2290573120117188 2.4105758666992188
      vertex -1.6204071044921875 -2.1810760498046875 2.288991928100586
    endloop
  endfacet
  facet normal -0.3097191544789507 0.5323521340507031 0.7878294553521757
    outer loop
      vertex -3.1359481811523438 -2.7711868286132812 2.0243053436279297
      vertex -1.7770042419433594 -2.0526123046875 2.072991371154785
      vertex -1.8840446472167969 -1.9523162841796875 1.9631385803222656
    endloop
  endfacet
  facet normal -0.35639765072134555 0.6270781942095599 0.6926425145103231
    outer loop
      vertex -3.1359481811523438 -2.7711868286132812 2.0243053436279297
      vertex -1.6796875 -2.1347885131835938 2.197463035583496
      vertex -1.7770042419433594 -2.0526123046875 2.072991371154785
    endloop
  endfacet
  facet normal -0.0935777869947741 0.17295298502035034 0.9804746109684386
    outer loop
      vertex -3.4777984619140625 -2.1790847778320312 1.7538204193115234
      vertex -2.1495208740234375 -1.64569091796875 1.786503791809082
      vertex -2.2133331298828125 -1.555572509765625 1.764516830444336
    endloop
  endfacet
  facet normal -0.06531912647663035 0.11546187485983317 0.9911619278252077
    outer loop
      vertex -3.4777984619140625 -2.1790847778320312 1.7538204193115234
      vertex -2.2133331298828125 -1.555572509765625 1.764516830444336
      vertex -2.2403335571289062 -1.5149078369140625 1.758000373840332
    endloop
  endfacet
  facet normal 0.8161397257825148 0.5778545736319751 -0.00019932950043398078
    outer loop
      vertex -2.2036285400390625 -1.5698013305664062 0.25
      vertex -2.2133331298828125 -1.555572509765625 1.764516830444336
      vertex -2.1495208740234375 -1.64569091796875 1.786503791809082
    endloop
  endfacet
  facet normal 0.8445326071761197 0.5355028748915114 0.0011603444455505652
    outer loop
      vertex -2.2036285400390625 -1.5698013305664062 0.25
      vertex -2.2655410766601562 -1.4754180908203125 1.753570556640625
      vertex -2.2495803833007812 -1.5005950927734375 1.7561826705932617
    endloop
  endfacet
  facet normal 0.8532761120134051 0.5214538385659595 0.0024022722811975978
    outer loop
      vertex -2.2036285400390625 -1.5698013305664062 0.25
      vertex -2.2952651977539062 -1.4267654418945312 1.7505617141723633
      vertex -2.2655410766601562 -1.4754180908203125 1.753570556640625
    endloop
  endfacet
  facet normal 0.8651643326951733 0.5014631973017133 0.005033804133910348
    outer loop
      vertex -2.2036285400390625 -1.5698013305664062 0.25
      vertex -2.328155517578125 -1.3700180053710938 1.750319480895996
      vertex -2.2952651977539062 -1.4267654418945312 1.7505617141723633
    endloop
  endfacet
  facet normal 0.8399143240684354 0.5427185781053387 0.0006878982357678665
    outer loop
      vertex -2.2036285400390625 -1.5698013305664062 0.25
      vertex -2.2495803833007812 -1.5005950927734375 1.7561826705932617
      vertex -2.2403335571289062 -1.5149078369140625 1.758000373840332
    endloop
  endfacet
  facet normal 0.8330724073303208 0.5531639397366827 0.00014113771931875197
    outer loop
      vertex -2.2036285400390625 -1.5698013305664062 0.25
      vertex -2.2403335571289062 -1.5149078369140625 1.758000373840332
      vertex -2.2133331298828125 -1.555572509765625 1.764516830444336
    endloop
  endfacet
  facet normal 0.7755122345174559 0.63130829306823 0.005532921201352548
    outer loop
      vertex -2.2036285400390625 -1.5698013305664062 0.25
      vertex -2.0904197692871094 -1.7225799560546875 1.8143863677978516
      vertex -2.064647674560547 -1.754364013671875 1.828658103942871
    endloop
  endfacet
  facet normal 0.7924538403597028 0.6099278542499896 0.0022188981865330732
    outer loop
      vertex -2.2036285400390625 -1.5698013305664062 0.25
      vertex -2.1495208740234375 -1.64569091796875 1.786503791809082
      vertex -2.0904197692871094 -1.7225799560546875 1.8143863677978516
    endloop
  endfacet
  facet normal -0.13671884574732696 0.24314973392034042 0.9603052452798465
    outer loop
      vertex -3.2966995239257812 -2.4927520751953125 1.837656021118164
      vertex -2.0904197692871094 -1.7225799560546875 1.8143863677978516
      vertex -2.1495208740234375 -1.64569091796875 1.786503791809082
    endloop
  endfacet
  facet normal -0.19081238396226327 0.32965104795731387 0.9246192841960861
    outer loop
      vertex -3.2966995239257812 -2.4927520751953125 1.837656021118164
      vertex -2.012645721435547 -1.815582275390625 1.861215591430664
      vertex -2.064647674560547 -1.754364013671875 1.828658103942871
    endloop
  endfacet
  facet normal -0.16612510659066798 0.288681407879496 0.9429026957777517
    outer loop
      vertex -3.2966995239257812 -2.4927520751953125 1.837656021118164
      vertex -2.064647674560547 -1.754364013671875 1.828658103942871
      vertex -2.0904197692871094 -1.7225799560546875 1.8143863677978516
    endloop
  endfacet
  facet normal 0.642497434496112 0.7662795258848129 0.003568595754771804
    outer loop
      vertex -1.8698005676269531 -1.9663162231445312 0.25
      vertex -1.7770042419433594 -2.0526123046875 2.072991371154785
      vertex -1.6796875 -2.1347885131835938 2.197463035583496
    endloop
  endfacet
  facet normal 0.5899359363479753 0.8074483145009088 0.0016764292049056093
    outer loop
      vertex -1.4651718139648438 -2.2902603149414062 0.25
      vertex -1.6204071044921875 -2.1810760498046875 2.288991928100586
      vertex -1.5550804138183594 -2.2290573120117188 2.4105758666992188
    endloop
  endfacet
  facet normal 0.5685306537526733 0.8226620022304317 0.00035472492860244516
    outer loop
      vertex -1.4651718139648438 -2.2902603149414062 0.25
      vertex -1.5550804138183594 -2.2290573120117188 2.4105758666992188
      vertex -1.499114990234375 -2.267791748046875 2.5438899993896484
    endloop
  endfacet
  facet normal 0.6114159039406643 0.7912983942068689 0.0041765696511893435
    outer loop
      vertex -1.4651718139648438 -2.2902603149414062 0.25
      vertex -1.6796875 -2.1347885131835938 2.197463035583496
      vertex -1.6204071044921875 -2.1810760498046875 2.288991928100586
    endloop
  endfacet
  facet normal 0.5460896106070166 0.8377267676086885 -0.00000435610726088646
    outer loop
      vertex -1.4651718139648438 -2.2902603149414062 0.25
      vertex -1.473052978515625 -2.2851104736328125 2.6231813430786133
      vertex -1.4586334228515625 -2.2945098876953125 2.6757001876831055
    endloop
  endfacet
  facet normal 0.5400784829800173 0.8416146575921117 0.00001865785591740447
    outer loop
      vertex -1.4651718139648438 -2.2902603149414062 0.25
      vertex -1.4586334228515625 -2.2945098876953125 2.6757001876831055
      vertex -1.444000244140625 -2.3039016723632812 2.739945411682129
    endloop
  endfacet
  facet normal 0.5364441250961159 0.8439358368806525 0.0000622769238338699
    outer loop
      vertex -1.4651718139648438 -2.2902603149414062 0.25
      vertex -1.444000244140625 -2.3039016723632812 2.739945411682129
      vertex -1.4364433288574219 -2.3087081909179688 2.7805776596069336
    endloop
  endfacet
  facet normal 0.5567470791980146 0.8306820567703829 0.00010180474486347043
    outer loop
      vertex -1.4651718139648438 -2.2902603149414062 0.25
      vertex -1.499114990234375 -2.267791748046875 2.5438899993896484
      vertex -1.4919586181640625 -2.2725906372070312 2.564143180847168
    endloop
  endfacet
  facet normal 0.5520829731961104 0.8337891760670173 0.000024092055182204318
    outer loop
      vertex -1.4651718139648438 -2.2902603149414062 0.25
      vertex -1.4919586181640625 -2.2725906372070312 2.564143180847168
      vertex -1.473052978515625 -2.2851104736328125 2.6231813430786133
    endloop
  endfacet
  facet normal 0.5302009523177956 0.8478719973950889 0.00016184735046062716
    outer loop
      vertex -1.4651718139648438 -2.2902603149414062 0.25
      vertex -1.4364433288574219 -2.3087081909179688 2.7805776596069336
      vertex -1.4188041687011719 -2.3197708129882812 2.949798583984375
    endloop
  endfacet
  facet normal 0.7393718976612775 0.6732923836895927 0.0025618380798697687
    outer loop
      vertex -1.8698005676269531 -1.9663162231445312 0.25
      vertex -2.012645721435547 -1.815582275390625 1.861215591430664
      vertex -1.9483566284179688 -1.8863601684570312 1.9083175659179688
    endloop
  endfacet
  facet normal 0.6838945998370908 0.7295807701677632 -0.00027588961369348684
    outer loop
      vertex -1.8698005676269531 -1.9663162231445312 0.25
      vertex -1.8840446472167969 -1.9523162841796875 1.9631385803222656
      vertex -1.7770042419433594 -2.0526123046875 2.072991371154785
    endloop
  endfacet
  facet normal 0.7158719608464358 0.6982315339985001 0.00024617875749817026
    outer loop
      vertex -1.8698005676269531 -1.9663162231445312 0.25
      vertex -1.9483566284179688 -1.8863601684570312 1.9083175659179688
      vertex -1.8840446472167969 -1.9523162841796875 1.9631385803222656
    endloop
  endfacet
  facet normal 0.760379430244962 0.6494450162929675 0.006655289067661047
    outer loop
      vertex -1.8698005676269531 -1.9663162231445312 0.25
      vertex -2.064647674560547 -1.754364013671875 1.828658103942871
      vertex -2.012645721435547 -1.815582275390625 1.861215591430664
    endloop
  endfacet
  facet normal 0.6299153529083428 0.32474533650473053 -0.70551195212327
    outer loop
      vertex -2.35369873046875 -1.569793701171875 0.033493995666503906
      vertex -2.5954437255859375 -1.1008758544921875 0.033493995666503906
      vertex -2.5104904174804688 -1.066864013671875 0.125
    endloop
  endfacet
  facet normal 0.2545027518376163 0.11644186696232837 -0.96003627063013
    outer loop
      vertex -2.759796142578125 -1.0178070068359375 0
      vertex -2.5954437255859375 -1.1008758544921875 0.033493995666503906
      vertex -2.5285682678222656 -1.523193359375 0
    endloop
  endfacet
  facet normal 0.8675700869099964 0.4472653324305409 -0.2174301421256474
    outer loop
      vertex -2.2767181396484375 -1.5203170776367188 0.125
      vertex -2.5104904174804688 -1.066864013671875 0.125
      vertex -2.453887939453125 -1.1158905029296875 0.25
    endloop
  endfacet
  facet normal 0.6799910828346045 0.1996657056612652 -0.7055109731593202
    outer loop
      vertex -2.6542205810546875 -0.5773696899414062 0.125
      vertex -2.5104904174804688 -1.066864013671875 0.125
      vertex -2.5954437255859375 -1.1008758544921875 0.033493995666503906
    endloop
  endfacet
  facet normal 0.9095417412042127 0.2893051354085192 -0.2983896104650213
    outer loop
      vertex -2.5104904174804688 -1.066864013671875 0.125
      vertex -2.6110000610351562 -0.6219482421875 0.25
      vertex -2.453887939453125 -1.1158905029296875 0.25
    endloop
  endfacet
  facet normal 0.9348152919895873 0.274489709717917 -0.22533479341059712
    outer loop
      vertex -2.6542205810546875 -0.5773696899414062 0.125
      vertex -2.6110000610351562 -0.6219482421875 0.25
      vertex -2.5104904174804688 -1.066864013671875 0.125
    endloop
  endfacet
  facet normal 0.8756889279177482 0.4828027265074036 0.008392186799765907
    outer loop
      vertex -2.2036285400390625 -1.5698013305664062 0.25
      vertex -2.453887939453125 -1.1158905029296875 0.25
      vertex -2.328155517578125 -1.3700180053710938 1.750319480895996
    endloop
  endfacet
  facet normal 0.9529257186328155 0.3031046202435138 0.007756542732898888
    outer loop
      vertex -2.453887939453125 -1.1158905029296875 0.25
      vertex -2.6110000610351562 -0.6219482421875 0.25
      vertex -2.537445068359375 -0.894775390625 1.874786376953125
    endloop
  endfacet
  facet normal 0.9508408617500919 0.10699477177307257 -0.2906093158169072
    outer loop
      vertex -2.6542205810546875 -0.5773696899414062 0.125
      vertex -2.6689605712890625 -0.10686492919921875 0.25
      vertex -2.6110000610351562 -0.6219482421875 0.25
    endloop
  endfacet
  facet normal 0.9937097220967128 0.11181865357440385 0.006130001898966061
    outer loop
      vertex -2.6689605712890625 -0.10686492919921875 0.25
      vertex -2.649444580078125 -0.3926544189453125 2.299488067626953
      vertex -2.6110000610351562 -0.6219482421875 0.25
    endloop
  endfacet
  facet normal 0.8804581051386676 0.47407919293510925 0.006514899970265996
    outer loop
      vertex -2.453887939453125 -1.1158905029296875 0.25
      vertex -2.3749542236328125 -1.2831878662109375 1.7564496994018555
      vertex -2.328155517578125 -1.3700180053710938 1.750319480895996
    endloop
  endfacet
  facet normal 0.8949544576061905 0.44614961281296367 0.0026536385684418936
    outer loop
      vertex -2.453887939453125 -1.1158905029296875 0.25
      vertex -2.405670166015625 -1.2216262817382812 1.7653779983520508
      vertex -2.3749542236328125 -1.2831878662109375 1.7564496994018555
    endloop
  endfacet
  facet normal 0.9082607840730117 0.4184044233648605 0.0002943192083628908
    outer loop
      vertex -2.453887939453125 -1.1158905029296875 0.25
      vertex -2.445598602294922 -1.1349639892578125 1.7842226028442383
      vertex -2.405670166015625 -1.2216262817382812 1.7653779983520508
    endloop
  endfacet
  facet normal 0.9238425654297326 0.3827725957848204 -0.00023284406891244577
    outer loop
      vertex -2.453887939453125 -1.1158905029296875 0.25
      vertex -2.4882965087890625 -1.031890869140625 1.8160991668701172
      vertex -2.445598602294922 -1.1349639892578125 1.7842226028442383
    endloop
  endfacet
  facet normal 0.9450165970758757 0.32699668908686463 0.0040983627658171306
    outer loop
      vertex -2.453887939453125 -1.1158905029296875 0.25
      vertex -2.537445068359375 -0.894775390625 1.874786376953125
      vertex -2.5057830810546875 -0.9857635498046875 1.8337268829345703
    endloop
  endfacet
  facet normal 0.9568560343146678 0.29051105788923876 0.005463958243137182
    outer loop
      vertex -2.6110000610351562 -0.6219482421875 0.25
      vertex -2.5670318603515625 -0.7983245849609375 1.9279117584228516
      vertex -2.537445068359375 -0.894775390625 1.874786376953125
    endloop
  endfacet
  facet normal 0.9352614993785393 0.353954068270515 0.0015637566812717386
    outer loop
      vertex -2.453887939453125 -1.1158905029296875 0.25
      vertex -2.5057830810546875 -0.9857635498046875 1.8337268829345703
      vertex -2.4882965087890625 -1.031890869140625 1.8160991668701172
    endloop
  endfacet
  facet normal 0.9666813758973439 0.2559777963381661 0.0015764755229255637
    outer loop
      vertex -2.6110000610351562 -0.6219482421875 0.25
      vertex -2.5925445556640625 -0.7023696899414062 1.9915504455566406
      vertex -2.5670318603515625 -0.7983245849609375 1.9279117584228516
    endloop
  endfacet
  facet normal 0.9769764497589692 0.21334658507787074 -0.0005012504075731482
    outer loop
      vertex -2.6110000610351562 -0.6219482421875 0.25
      vertex -2.6225204467773438 -0.5648345947265625 2.1050729751586914
      vertex -2.5925445556640625 -0.7023696899414062 1.9915504455566406
    endloop
  endfacet
  facet normal 0.9860451246387437 0.16647527115440489 0.0009981333738133002
    outer loop
      vertex -2.6110000610351562 -0.6219482421875 0.25
      vertex -2.640033721923828 -0.4617462158203125 2.21248722076416
      vertex -2.6225204467773438 -0.5648345947265625 2.1050729751586914
    endloop
  endfacet
  facet normal 0.9915138463840079 0.1299376587513848 0.004061682779188874
    outer loop
      vertex -2.6110000610351562 -0.6219482421875 0.25
      vertex -2.649444580078125 -0.3926544189453125 2.299488067626953
      vertex -2.640033721923828 -0.4617462158203125 2.21248722076416
    endloop
  endfacet
  facet normal 0.3543575966497081 0.6137665622775101 -0.7054936574673724
    outer loop
      vertex -1.5758018493652344 -2.2554244995117188 0.125
      vertex -1.1339874267578125 -2.5105056762695312 0.125
      vertex -1.1719970703125 -2.5937423706054688 0.033493995666503906
    endloop
  endfacet
  facet normal 0.43628532654903784 0.8396455609364819 -0.32349721148359223
    outer loop
      vertex -1.4651718139648438 -2.2902603149414062 0.25
      vertex -1.0052261352539062 -2.5292510986328125 0.25
      vertex -1.1339874267578125 -2.5105056762695312 0.125
    endloop
  endfacet
  facet normal 0.23179654588757675 0.6697358193767113 -0.7054957785546229
    outer loop
      vertex -0.6734542846679688 -2.7662887573242188 0.033493995666503906
      vertex -1.1719970703125 -2.5937423706054688 0.033493995666503906
      vertex -1.1339874267578125 -2.5105056762695312 0.125
    endloop
  endfacet
  facet normal 0.3210022206322977 0.9275012036568598 -0.1915700695938955
    outer loop
      vertex -1.1339874267578125 -2.5105056762695312 0.125
      vertex -1.0052261352539062 -2.5292510986328125 0.25
      vertex -0.6518783569335938 -2.6773605346679688 0.125
    endloop
  endfacet
  facet normal 0.2317872177629232 0.669724100487283 -0.7055099679722623
    outer loop
      vertex -0.6734542846679688 -2.7662887573242188 0.033493995666503906
      vertex -1.1339874267578125 -2.5105056762695312 0.125
      vertex -0.6518783569335938 -2.6773605346679688 0.125
    endloop
  endfacet
  facet normal 0.2640291702723145 0.9069381143469305 -0.32825577525787286
    outer loop
      vertex -1.0052261352539062 -2.5292510986328125 0.25
      vertex -0.5075569152832031 -2.67413330078125 0.25
      vertex -0.6518783569335938 -2.6773605346679688 0.125
    endloop
  endfacet
  facet normal 0.4610771578106898 0.8873582613176455 0.001780622515124808
    outer loop
      vertex -1.4651718139648438 -2.2902603149414062 0.25
      vertex -1.4188041687011719 -2.3197708129882812 2.949798583984375
      vertex -1.0052261352539062 -2.5292510986328125 0.25
    endloop
  endfacet
  facet normal 0.4607979948194768 0.8875033672195903 0.0017265990381252802
    outer loop
      vertex -1.0052261352539062 -2.5292510986328125 0.25
      vertex -1.4188041687011719 -2.3197708129882812 2.949798583984375
      vertex -1.4178314208984375 -2.32037353515625 3
    endloop
  endfacet
  facet normal 0.27951753677103514 0.9601405309290683 0.00032787909354547583
    outer loop
      vertex -1.0052261352539062 -2.5292510986328125 0.25
      vertex -0.6305147058823529 -2.6404719633214615 6.5
      vertex -0.5075569152832031 -2.67413330078125 0.25
    endloop
  endfacet
  facet normal -0.44956621675602887 0.7893669137386382 0.4180790502362066
    outer loop
      vertex -2.9292678833007812 -3.1291656494140625 2.6323699951171875
      vertex -1.499114990234375 -2.267791748046875 2.5438899993896484
      vertex -1.5550804138183594 -2.2290573120117188 2.4105758666992188
    endloop
  endfacet
  facet normal -0.46576165009715226 0.8099293799139945 0.3564834987077389
    outer loop
      vertex -2.9292678833007812 -3.1291656494140625 2.6323699951171875
      vertex -1.4919586181640625 -2.2725906372070312 2.564143180847168
      vertex -1.499114990234375 -2.267791748046875 2.5438899993896484
    endloop
  endfacet
  facet normal -0.4727028657223412 0.8190742934368006 0.32506815065289324
    outer loop
      vertex -2.9292678833007812 -3.1291656494140625 2.6323699951171875
      vertex -1.473052978515625 -2.2851104736328125 2.6231813430786133
      vertex -1.4919586181640625 -2.2725906372070312 2.564143180847168
    endloop
  endfacet
  facet normal -0.48000838953507136 0.8311936014206177 0.28055149782770816
    outer loop
      vertex -2.9292678833007812 -3.1291656494140625 2.6323699951171875
      vertex -1.4586334228515625 -2.2945098876953125 2.6757001876831055
      vertex -1.473052978515625 -2.2851104736328125 2.6231813430786133
    endloop
  endfacet
  facet normal -0.485125363978873 0.8426427947947089 0.2336803406470641
    outer loop
      vertex -2.9292678833007812 -3.1291656494140625 2.6323699951171875
      vertex -1.444000244140625 -2.3039016723632812 2.739945411682129
      vertex -1.4586334228515625 -2.2945098876953125 2.6757001876831055
    endloop
  endfacet
  facet normal -0.48727106809307086 0.8520143513266256 0.19141173248499477
    outer loop
      vertex -2.9292678833007812 -3.1291656494140625 2.6323699951171875
      vertex -1.4364433288574219 -2.3087081909179688 2.7805776596069336
      vertex -1.444000244140625 -2.3039016723632812 2.739945411682129
    endloop
  endfacet
  facet normal -0.4948453024411823 0.8622499184919065 0.10795001024824151
    outer loop
      vertex -2.9016265869140625 -3.1770477294921875 3
      vertex -1.4188041687011719 -2.3197708129882812 2.949798583984375
      vertex -1.4364433288574219 -2.3087081909179688 2.7805776596069336
    endloop
  endfacet
  facet normal -0.49990120584107056 0.8658495815755728 0.02008199402571531
    outer loop
      vertex -2.9016265869140625 -3.1770477294921875 3
      vertex -1.4178314208984375 -2.32037353515625 3
      vertex -1.4188041687011719 -2.3197708129882812 2.949798583984375
    endloop
  endfacet
  facet normal -0.4983021669724724 0.8611273644579887 -0.10077009760924358
    outer loop
      vertex -2.9016876220703125 -3.1769332885742188 3.0178794860839844
      vertex -1.4421119689941406 -2.3051071166992188 3.2505245208740234
      vertex -1.4178314208984375 -2.32037353515625 3
    endloop
  endfacet
  facet normal -0.48469050991948137 0.8431735038575863 -0.23266618144138193
    outer loop
      vertex -2.931957244873047 -3.12451171875 3.38468074798584
      vertex -1.4604263305664062 -2.2933425903320312 3.3313112258911133
      vertex -1.4421119689941406 -2.3051071166992188 3.2505245208740234
    endloop
  endfacet
  facet normal -0.4794989817163634 0.8307718873449889 -0.2826637538316785
    outer loop
      vertex -2.931957244873047 -3.12451171875 3.38468074798584
      vertex -1.472625732421875 -2.2853927612304688 3.375370979309082
      vertex -1.4604263305664062 -2.2933425903320312 3.3313112258911133
    endloop
  endfacet
  facet normal -0.47168674804608 0.816631386787816 -0.3326030514452961
    outer loop
      vertex -2.931957244873047 -3.12451171875 3.38468074798584
      vertex -1.498870849609375 -2.2679519653320312 3.4554128646850586
      vertex -1.472625732421875 -2.2853927612304688 3.375370979309082
    endloop
  endfacet
  facet normal -0.45738349381043725 0.797692413928122 -0.39304853688989005
    outer loop
      vertex -2.931957244873047 -3.12451171875 3.38468074798584
      vertex -1.5272293090820312 -2.24859619140625 3.527695655822754
      vertex -1.498870849609375 -2.2679519653320312 3.4554128646850586
    endloop
  endfacet
  facet normal -0.35460258563346325 0.6317334021960119 -0.6893256957432491
    outer loop
      vertex -3.0148239135742188 -2.9809722900390625 3.717456817626953
      vertex -3.142963409423828 -2.759033203125 3.9867706298828125
      vertex -1.7119369506835938 -2.1084365844726562 3.84686279296875
    endloop
  endfacet
  facet normal -0.20832031350876917 0.3633317525675425 -0.9080708587746917
    outer loop
      vertex -3.3050384521484375 -2.4783096313476562 4.168802261352539
      vertex -2.0410003662109375 -1.7826690673828125 4.1571550369262695
      vertex -1.9735565185546875 -1.8592300415039062 4.111049652099609
    endloop
  endfacet
  facet normal -0.2607933203437611 0.45642811299856156 -0.8506822095992419
    outer loop
      vertex -3.142963409423828 -2.759033203125 3.9867706298828125
      vertex -1.9735565185546875 -1.8592300415039062 4.111049652099609
      vertex -1.8556327819824219 -1.9800338745117188 4.0100812911987305
    endloop
  endfacet
  facet normal -0.41427121583803744 0.7160170723039758 -0.5618709032307305
    outer loop
      vertex -3.0148239135742188 -2.9809722900390625 3.717456817626953
      vertex -1.644256591796875 -2.16278076171875 3.7495861053466797
      vertex -1.5875778198242188 -2.2055740356445312 3.6532630920410156
    endloop
  endfacet
  facet normal -0.4370850863406661 0.7654237065026391 -0.47231681827173405
    outer loop
      vertex -3.0148239135742188 -2.9809722900390625 3.717456817626953
      vertex -1.5875778198242188 -2.2055740356445312 3.6532630920410156
      vertex -1.5272293090820312 -2.24859619140625 3.527695655822754
    endloop
  endfacet
  facet normal -0.38312956166376383 0.6668846647938215 -0.6391217277187223
    outer loop
      vertex -3.0148239135742188 -2.9809722900390625 3.717456817626953
      vertex -1.7119369506835938 -2.1084365844726562 3.84686279296875
      vertex -1.644256591796875 -2.16278076171875 3.7495861053466797
    endloop
  endfacet
  facet normal -0.30906072055335543 0.5342799814077908 -0.7867822903941925
    outer loop
      vertex -3.142963409423828 -2.759033203125 3.9867706298828125
      vertex -1.8556327819824219 -1.9800338745117188 4.0100812911987305
      vertex -1.8023948669433594 -2.029815673828125 3.9553632736206055
    endloop
  endfacet
  facet normal -0.3436790995468371 0.6007192369167669 -0.7218178959632495
    outer loop
      vertex -3.142963409423828 -2.759033203125 3.9867706298828125
      vertex -1.8023948669433594 -2.029815673828125 3.9553632736206055
      vertex -1.7119369506835938 -2.1084365844726562 3.84686279296875
    endloop
  endfacet
  facet normal -0.09846403597248002 0.18868472296958666 -0.9770889974500279
    outer loop
      vertex -3.3050384521484375 -2.4783096313476562 4.168802261352539
      vertex -2.1968231201171875 -1.5796661376953125 4.230660438537598
      vertex -2.143566131591797 -1.6537017822265625 4.210996627807617
    endloop
  endfacet
  facet normal -0.1392967108124467 0.24529247717102992 -0.9593894032144263
    outer loop
      vertex -3.3050384521484375 -2.4783096313476562 4.168802261352539
      vertex -2.143566131591797 -1.6537017822265625 4.210996627807617
      vertex -2.0913543701171875 -1.7214126586914062 4.186103820800781
    endloop
  endfacet
  facet normal -0.08072633381588465 0.15000893493186335 -0.9853834677267801
    outer loop
      vertex -3.486713409423828 -2.1636428833007812 4.247448921203613
      vertex -2.2017440795898438 -1.572540283203125 4.232165336608887
      vertex -2.1992874145507812 -1.57611083984375 4.231420516967773
    endloop
  endfacet
  facet normal -0.07408420330749352 0.13566102128021135 -0.9879815879486338
    outer loop
      vertex -3.486713409423828 -2.1636428833007812 4.247448921203613
      vertex -2.2164382934570312 -1.5509796142578125 4.236322402954102
      vertex -2.2066574096679688 -1.5653839111328125 4.233611106872559
    endloop
  endfacet
  facet normal -0.08179915101726767 0.1523720470090372 -0.9849323114727885
    outer loop
      vertex -3.486713409423828 -2.1636428833007812 4.247448921203613
      vertex -2.1992874145507812 -1.57611083984375 4.231420516967773
      vertex -2.1980514526367188 -1.5778884887695312 4.231042861938477
    endloop
  endfacet
  facet normal -0.07857276968653112 0.14530468896729562 -0.9862620682292841
    outer loop
      vertex -3.486713409423828 -2.1636428833007812 4.247448921203613
      vertex -2.2066574096679688 -1.5653839111328125 4.233611106872559
      vertex -2.2017440795898438 -1.572540283203125 4.232165336608887
    endloop
  endfacet
  facet normal -0.08279845642235678 0.15458251150078015 -0.9845042725921439
    outer loop
      vertex -3.486713409423828 -2.1636428833007812 4.247448921203613
      vertex -2.1980514526367188 -1.5778884887695312 4.231042861938477
      vertex -2.1968231201171875 -1.5796661376953125 4.230660438537598
    endloop
  endfacet
  facet normal -0.06491739198790743 0.11659904806070034 -0.9910551923121269
    outer loop
      vertex -3.486713409423828 -2.1636428833007812 4.247448921203613
      vertex -2.2357940673828125 -1.5218505859375 4.2410173416137695
      vertex -2.2164382934570312 -1.5509796142578125 4.236322402954102
    endloop
  endfacet
  facet normal -0.17389366079304538 0.3002767106498452 -0.9378672037006639
    outer loop
      vertex -3.3050384521484375 -2.4783096313476562 4.168802261352539
      vertex -2.0913543701171875 -1.7214126586914062 4.186103820800781
      vertex -2.0410003662109375 -1.7826690673828125 4.1571550369262695
    endloop
  endfacet
  facet normal 0.6256943982764618 0.7800681422409468 -0.00046198075110455113
    outer loop
      vertex -1.7119369506835938 -2.1084365844726562 3.84686279296875
      vertex -1.674243495914181 -2.137099317855139 6.5
      vertex -1.644256591796875 -2.16278076171875 3.7495861053466797
    endloop
  endfacet
  facet normal 0.5322592598602071 0.8465814079489442 -0.0000028718676704726014
    outer loop
      vertex -1.4178314208984375 -2.32037353515625 3
      vertex -1.4421119689941406 -2.3051071166992188 3.2505245208740234
      vertex -1.4164327673009924 -2.3212410179344385 6.5
    endloop
  endfacet
  facet normal 0.5403946473156449 0.8414116855862876 -0.00002261508355230885
    outer loop
      vertex -1.4421119689941406 -2.3051071166992188 3.2505245208740234
      vertex -1.4604263305664062 -2.2933425903320312 3.3313112258911133
      vertex -1.436472243141177 -2.3086418792355095 6.5
    endloop
  endfacet
  facet normal 0.5458530874247722 0.837880901460591 -0.00004377706142422838
    outer loop
      vertex -1.4604263305664062 -2.2933425903320312 3.3313112258911133
      vertex -1.472625732421875 -2.2853927612304688 3.375370979309082
      vertex -1.4517082683885634 -2.298856578376137 6.5
    endloop
  endfacet
  facet normal 0.5533010866652979 0.8329813329784715 -0.0000800275524996172
    outer loop
      vertex -1.472625732421875 -2.2853927612304688 3.375370979309082
      vertex -1.498870849609375 -2.2679519653320312 3.4554128646850586
      vertex -1.4619048556833063 -2.2922138220532164 6.5
    endloop
  endfacet
  facet normal 0.5634799944203964 0.8261296949742275 -0.0001515578424679238
    outer loop
      vertex -1.5272293090820312 -2.24859619140625 3.527695655822754
      vertex -1.4839500383168789 -2.277570488494617 6.5
      vertex -1.498870849609375 -2.2679519653320312 3.4554128646850586
    endloop
  endfacet
  facet normal 0.5800625384725757 0.8145718853081569 -0.00030842546330505906
    outer loop
      vertex -1.5272293090820312 -2.24859619140625 3.527695655822754
      vertex -1.5875778198242188 -2.2055740356445312 3.6532630920410156
      vertex -1.507914161130217 -2.2612252295464192 6.5
    endloop
  endfacet
  facet normal 0.6018737491451596 0.7985910035157877 -0.0006318176923754092
    outer loop
      vertex -1.5875778198242188 -2.2055740356445312 3.6532630920410156
      vertex -1.644256591796875 -2.16278076171875 3.7495861053466797
      vertex -1.5593222941690592 -2.224617125723433 6.5
    endloop
  endfacet
  facet normal 0.9896851854665097 0.14325914252985197 -0.0002274856735918906
    outer loop
      vertex -2.6499176025390625 -0.3888092041015625 3.6952171325683594
      vertex -2.644334377894402 -0.4229263062408322 6.5
      vertex -2.6322593688964844 -0.5105667114257812 3.841231346130371
    endloop
  endfacet
  facet normal 0.4518773082519379 0.8920800954199967 0.00004052694192889791
    outer loop
      vertex -1.0052261352539062 -2.5292510986328125 0.25
      vertex -1.4178314208984375 -2.32037353515625 3
      vertex -1.1244062535903032 -2.469165128820083 6.5
    endloop
  endfacet
  facet normal 0.4357611781652286 0.9000622631757724 -0.000343527231138699
    outer loop
      vertex -1.0052261352539062 -2.5292510986328125 0.25
      vertex -1.1244062535903032 -2.469165128820083 6.5
      vertex -0.9818106258616728 -2.538202173569623 6.5
    endloop
  endfacet
  facet normal 0.2795175367709991 0.9601405309290787 0.00032787909354561477
    outer loop
      vertex -1.0052261352539062 -2.5292510986328125 0.25
      vertex -0.9818106258616728 -2.538202173569623 6.5
      vertex -0.9768673247100836 -2.5396412747396075 6.5
    endloop
  endfacet
  facet normal 0.2795175367710362 0.960140530929068 0.0003278790935454283
    outer loop
      vertex -1.0052261352539062 -2.5292510986328125 0.25
      vertex -0.9768673247100836 -2.5396412747396075 6.5
      vertex -0.6576274099305616 -2.6325788726679256 6.5
    endloop
  endfacet
  facet normal 0.27951753677103197 0.9601405309290691 0.00032787909354570465
    outer loop
      vertex -1.0052261352539062 -2.5292510986328125 0.25
      vertex -0.6576274099305616 -2.6325788726679256 6.5
      vertex -0.6305147058823529 -2.6404719633214615 6.5
    endloop
  endfacet
  facet normal 0.24476115089002742 0.9695833195606635 -0.00040674895634728713
    outer loop
      vertex -0.5075569152832031 -2.67413330078125 0.25
      vertex -0.6305147058823529 -2.6404719633214615 6.5
      vertex -0.47690357881433826 -2.6792494829963234 6.5
    endloop
  endfacet
  facet normal 0.08727047334786674 0.996184578463292 0.0003874449023895987
    outer loop
      vertex -0.5075569152832031 -2.67413330078125 0.25
      vertex -0.47690357881433826 -2.6792494829963234 6.5
      vertex -0.47054101116931607 -2.6798068739679297 6.5
    endloop
  endfacet
  facet normal 0.08727047334784663 0.9961845784632938 0.0003874449023897203
    outer loop
      vertex -0.5075569152832031 -2.67413330078125 0.25
      vertex -0.47054101116931607 -2.6798068739679297 6.5
      vertex -0.13877106067437578 -2.7088714883458684 6.5
    endloop
  endfacet
  facet normal 0 0 -1
    outer loop
      vertex -7.5081939697265625 -0.6982345581054688 6
      vertex -1.9266242980957031 -4.8657989501953125 6
      vertex -4.308197021484375 -6.2407989501953125 6
    endloop
  endfacet
  facet normal -0.866028363325856 -0.499994873750938 0.000011744050744112757
    outer loop
      vertex -3.6719207763671875 -1.8428573608398438 4.215754508972168
      vertex -1.9266242980957031 -4.8657989501953125 6
      vertex -3.8442726135253906 -1.5443344116210938 4.0765228271484375
    endloop
  endfacet
  facet normal -0.8660229421955316 -0.5000042634831897 -0.000009467207454642987
    outer loop
      vertex -3.486713409423828 -2.1636428833007812 4.247448921203613
      vertex -1.9266242980957031 -4.8657989501953125 6
      vertex -3.6719207763671875 -1.8428573608398438 4.215754508972168
    endloop
  endfacet
  facet normal -0.8660237161505243 -0.5000029230112486 -0.000006711451457895469
    outer loop
      vertex -3.3050384521484375 -2.4783096313476562 4.168802261352539
      vertex -1.9266242980957031 -4.8657989501953125 6
      vertex -3.486713409423828 -2.1636428833007812 4.247448921203613
    endloop
  endfacet
  facet normal 0 0 -1
    outer loop
      vertex -7.5081939697265625 -0.6982345581054688 6
      vertex -5.126625061035156 0.6767654418945312 6
      vertex -1.9266242980957031 -4.8657989501953125 6
    endloop
  endfacet
  facet normal -0.8660254227851953 -0.4999999670897221 1.7232606026981837e-8
    outer loop
      vertex -3.8442726135253906 -1.5443344116210938 4.0765228271484375
      vertex -1.9266242980957031 -4.8657989501953125 6
      vertex -5.126625061035156 0.6767654418945312 6
    endloop
  endfacet
  facet normal 0.9944575153752514 0.10513685905283553 -0.0007007012100023396
    outer loop
      vertex -2.6499176025390625 -0.3888092041015625 3.6952171325683594
      vertex -2.650913448552482 -0.3606968814791104 6.5
      vertex -2.644334377894402 -0.4229263062408322 6.5
    endloop
  endfacet
  facet normal 0.9948218954391861 0.1016308054147874 -0.000758778970896938
    outer loop
      vertex -2.6580123901367188 -0.31302642822265625 3.577678680419922
      vertex -2.659839840445532 -0.2733201253249657 6.5
      vertex -2.650913448552482 -0.3606968814791104 6.5
    endloop
  endfacet
  facet normal 0.9965520488442505 0.08296842652855237 -0.0005041266733427365
    outer loop
      vertex -2.6580123901367188 -0.31302642822265625 3.577678680419922
      vertex -2.6628055019332386 -0.23769891186570688 6.5
      vertex -2.659839840445532 -0.2733201253249657 6.5
    endloop
  endfacet
  facet normal 0.9976548938516409 0.06844411317573608 -0.00034080120053809763
    outer loop
      vertex -2.6615219116210938 -0.27135467529296875 3.498371124267578
      vertex -2.6649744015413956 -0.20608460337441284 6.5
      vertex -2.6628055019332386 -0.23769891186570688 6.5
    endloop
  endfacet
  facet normal 0.9993087188067435 0.037176265854806545 -0.0000988631244847991
    outer loop
      vertex -2.6668624877929688 -0.1814422607421875 3.23922061920166
      vertex -2.667985905275069 -0.14257306047856924 6.5
      vertex -2.6672834573202664 -0.161455063541591 6.5
    endloop
  endfacet
  facet normal 0.9983993478473803 0.0565569467624682 -0.00023235927615986295
    outer loop
      vertex -2.6641006469726562 -0.23419189453125 3.4129419326782227
      vertex -2.6662172269578432 -0.18414501582063658 6.5
      vertex -2.6649744015413956 -0.20608460337441284 6.5
    endloop
  endfacet
  facet normal 0.9989727316872786 0.045315110124012514 -0.00014879417063014556
    outer loop
      vertex -2.6660232543945312 -0.19970703125 3.3111400604248047
      vertex -2.6672834573202664 -0.161455063541591 6.5
      vertex -2.66658370076712 -0.17688121418978883 6.5
    endloop
  endfacet
  facet normal 0.9987297018574369 0.050387978207336016 -0.00018514840575614157
    outer loop
      vertex -2.6655845642089844 -0.2082977294921875 3.3395767211914062
      vertex -2.66658370076712 -0.17688121418978883 6.5
      vertex -2.6662172269578432 -0.18414501582063658 6.5
    endloop
  endfacet
  facet normal 0.9998666579179127 0.016329922965634062 -2.0435527605486573e-17
    outer loop
      vertex -2.667804718017578 -0.15616607666015625 3.0433034896850586
      vertex -2.668261475310439 -0.1281992338983506 6.5
      vertex -2.668069776231902 -0.13993679796316555 6.5
    endloop
  endfacet
  facet normal 0.9994943050348073 0.031798253482923394 -0.00007265276005083322
    outer loop
      vertex -2.667705535888672 -0.15917205810546875 3.0921249389648438
      vertex -2.668069776231902 -0.13993679796316555 6.5
      vertex -2.667985905275069 -0.14257306047856924 6.5
    endloop
  endfacet
  facet normal 0.9998666579179126 0.016329922965648416 -1.365986646069191e-16
    outer loop
      vertex -2.667804718017578 -0.15616607666015625 3.0433034896850586
      vertex -2.669219970703125 -0.06951141357421875 6.5
      vertex -2.668261475310439 -0.1281992338983506 6.5
    endloop
  endfacet
  facet normal 0.7724000327044179 0.6351362028329629 -0.0004396920959843439
    outer loop
      vertex -2.0410003662109375 -1.7826690673828125 4.1571550369262695
      vertex -2.0913543701171875 -1.7214126586914062 4.186103820800781
      vertex -2.061126995557217 -1.7565708234097233 6.5
    endloop
  endfacet
  facet normal 0.824400198187934 0.56600734375993 -0.0000061256664108702725
    outer loop
      vertex -2.2017440795898438 -1.572540283203125 4.232165336608887
      vertex -2.2066574096679688 -1.5653839111328125 4.233611106872559
      vertex -2.2002000123105203 -1.5747647019961801 6.5
    endloop
  endfacet
  facet normal 0.8238359390120524 0.5668283210706424 -0.000004936227192643681
    outer loop
      vertex -2.2017440795898438 -1.572540283203125 4.232165336608887
      vertex -2.198065639744537 -1.577866827916383 6.5
      vertex -2.1992874145507812 -1.57611083984375 4.231420516967773
    endloop
  endfacet
  facet normal 0.8210487902997092 0.5708580243346713 -3.1598839375837793e-7
    outer loop
      vertex -2.1980514526367188 -1.5778884887695312 4.231042861938477
      vertex -2.1992874145507812 -1.57611083984375 4.231420516967773
      vertex -2.1969918934011616 -1.5794111666113582 6.5
    endloop
  endfacet
  facet normal 0.8272999248805175 0.5617604774920771 -0.00001485137732859801
    outer loop
      vertex -2.2066574096679688 -1.5653839111328125 4.233611106872559
      vertex -2.2164382934570312 -1.5509796142578125 4.236322402954102
      vertex -2.204469273071043 -1.5685464444843418 6.5
    endloop
  endfacet
  facet normal 0.8117886583144941 0.5839513456815205 0.000010425673738324842
    outer loop
      vertex -2.1968231201171875 -1.5796661376953125 4.230660438537598
      vertex -2.149712115836831 -1.645198717821156 6.5
      vertex -2.143566131591797 -1.6537017822265625 4.210996627807617
    endloop
  endfacet
  facet normal 0.8227000433751643 0.5684757150690687 -0.000002685839232743319
    outer loop
      vertex -2.1980514526367188 -1.5778884887695312 4.231042861938477
      vertex -2.1959248192091985 -1.5809554401145915 6.5
      vertex -2.1968231201171875 -1.5796661376953125 4.230660438537598
    endloop
  endfacet
  facet normal 0.8436369485491878 0.536914034782335 -0.00013526406915433236
    outer loop
      vertex -2.2735595703125 -1.4625091552734375 4.24747371673584
      vertex -2.229798525213937 -1.5307020992261262 6.5
      vertex -2.2357940673828125 -1.5218505859375 4.2410173416137695
    endloop
  endfacet
  facet normal 0.8584073516410481 0.5129684901926731 -0.0003830379243521161
    outer loop
      vertex -2.314189910888672 -1.3945159912109375 4.25
      vertex -2.262648182800432 -1.4790864157240342 6.5
      vertex -2.2735595703125 -1.4625091552734375 4.24747371673584
    endloop
  endfacet
  facet normal 0.8673035864236085 0.49777917380101183 -0.0006189561604179008
    outer loop
      vertex -2.3191680908203125 -1.3858489990234375 4.249959945678711
      vertex -2.30231814631031 -1.4124096545261522 6.5
      vertex -2.316680908203125 -1.3901824951171875 4.2499895095825195
    endloop
  endfacet
  facet normal 0.8666426357646787 0.498929033694353 -0.0006010088765929408
    outer loop
      vertex -2.3154373168945312 -1.3923492431640625 4.249997138977051
      vertex -2.2990742378090476 -1.4180616580160192 6.5
      vertex -2.314189910888672 -1.3945159912109375 4.25
    endloop
  endfacet
  facet normal 0.8688565550388356 0.4950634784244788 -0.0006626434201847964
    outer loop
      vertex -2.3191680908203125 -1.3858489990234375 4.249959945678711
      vertex -2.3241195678710938 -1.3771591186523438 4.249837875366211
      vertex -2.306622943155079 -1.4048545608468703 6.5
    endloop
  endfacet
  facet normal 0.8673027042941029 0.4977807108028686 -0.000618931924077585
    outer loop
      vertex -2.316680908203125 -1.3901824951171875 4.2499895095825195
      vertex -2.300155572650617 -1.4161776062398308 6.5
      vertex -2.3154373168945312 -1.3923492431640625 4.249997138977051
    endloop
  endfacet
  facet normal 0.8328852550676229 0.5534457065792925 -0.00004195102690190158
    outer loop
      vertex -2.2164382934570312 -1.5509796142578125 4.236322402954102
      vertex -2.2357940673828125 -1.5218505859375 4.2410173416137695
      vertex -2.2129699254520947 -1.556027605302782 6.5
    endloop
  endfacet
  facet normal 0.7918833129221654 0.6106724150239489 -0.00014228223268931736
    outer loop
      vertex -2.0913543701171875 -1.7214126586914062 4.186103820800781
      vertex -2.143566131591797 -1.6537017822265625 4.210996627807617
      vertex -2.104536041395869 -1.7037803380368395 6.5
    endloop
  endfacet
  facet normal 0.7724000327044187 0.635136202832962 -0.0004396920959843668
    outer loop
      vertex -2.0913543701171875 -1.7214126586914062 4.186103820800781
      vertex -2.104536041395869 -1.7037803380368395 6.5
      vertex -2.061126995557217 -1.7565708234097233 6.5
    endloop
  endfacet
  facet normal 0.7501877233785414 0.6612246205353407 -0.0006171628761327328
    outer loop
      vertex -2.0410003662109375 -1.7826690673828125 4.1571550369262695
      vertex -2.0135478416683577 -1.8116284094235622 6.5
      vertex -1.9549036243579467 -1.8781627920026547 6.5
    endloop
  endfacet
  facet normal 0.7566227389776824 0.6538512190596358 -0.0007837066659079182
    outer loop
      vertex -2.0410003662109375 -1.7826690673828125 4.1571550369262695
      vertex -2.061126995557217 -1.7565708234097233 6.5
      vertex -2.0135478416683577 -1.8116284094235622 6.5
    endloop
  endfacet
  facet normal 0.8244001981879252 0.5660073437599424 -0.000006125666410794026
    outer loop
      vertex -2.2066574096679688 -1.5653839111328125 4.233611106872559
      vertex -2.204469273071043 -1.5685464444843418 6.5
      vertex -2.2002000123105203 -1.5747647019961801 6.5
    endloop
  endfacet
  facet normal 0.8238359390120427 0.5668283210706568 -0.000004936227192593877
    outer loop
      vertex -2.2017440795898438 -1.572540283203125 4.232165336608887
      vertex -2.2002000123105203 -1.5747647019961801 6.5
      vertex -2.198065639744537 -1.577866827916383 6.5
    endloop
  endfacet
  facet normal 0.8210487902997028 0.5708580243346806 -3.1598839373845127e-7
    outer loop
      vertex -2.1992874145507812 -1.57611083984375 4.231420516967773
      vertex -2.198065639744537 -1.577866827916383 6.5
      vertex -2.1969918934011616 -1.5794111666113582 6.5
    endloop
  endfacet
  facet normal 0.8272999248805255 0.5617604774920656 -0.000014851377328728623
    outer loop
      vertex -2.2164382934570312 -1.5509796142578125 4.236322402954102
      vertex -2.2129699254520947 -1.556027605302782 6.5
      vertex -2.204469273071043 -1.5685464444843418 6.5
    endloop
  endfacet
  facet normal 0.8117886583144915 0.5839513456815244 0.000010425673738444662
    outer loop
      vertex -2.1968231201171875 -1.5796661376953125 4.230660438537598
      vertex -2.195717738717136 -1.5812433161440893 6.5
      vertex -2.1559468726539524 -1.6365313777954535 6.5
    endloop
  endfacet
  facet normal 0.8117886583144971 0.5839513456815164 0.00001042567373812746
    outer loop
      vertex -2.1968231201171875 -1.5796661376953125 4.230660438537598
      vertex -2.1559468726539524 -1.6365313777954535 6.5
      vertex -2.149712115836831 -1.645198717821156 6.5
    endloop
  endfacet
  facet normal 0.8117886583148469 0.5839513456810304 0.000010425673737928519
    outer loop
      vertex -2.1968231201171875 -1.5796661376953125 4.230660438537598
      vertex -2.1959248192091985 -1.5809554401145915 6.5
      vertex -2.195717738717136 -1.5812433161440893 6.5
    endloop
  endfacet
  facet normal 0.822700043375224 0.5684757150689826 -0.0000026858392329154666
    outer loop
      vertex -2.1980514526367188 -1.5778884887695312 4.231042861938477
      vertex -2.1969918934011616 -1.5794111666113582 6.5
      vertex -2.1959248192091985 -1.5809554401145915 6.5
    endloop
  endfacet
  facet normal 0.8436369485491858 0.5369140347823383 -0.0001352640691541919
    outer loop
      vertex -2.2735595703125 -1.4625091552734375 4.24747371673584
      vertex -2.262648182800432 -1.4790864157240342 6.5
      vertex -2.229798525213937 -1.5307020992261262 6.5
    endloop
  endfacet
  facet normal 0.8584073516410491 0.5129684901926712 -0.0003830379243522091
    outer loop
      vertex -2.314189910888672 -1.3945159912109375 4.25
      vertex -2.297989555027174 -1.419945758322011 6.5
      vertex -2.262648182800432 -1.4790864157240342 6.5
    endloop
  endfacet
  facet normal 0.8673035864235874 0.4977791738010482 -0.0006189561604174028
    outer loop
      vertex -2.316680908203125 -1.3901824951171875 4.2499895095825195
      vertex -2.30231814631031 -1.4124096545261522 6.5
      vertex -2.300155572650617 -1.4161776062398308 6.5
    endloop
  endfacet
  facet normal 0.8666426357646839 0.4989290336943439 -0.0006010088765930745
    outer loop
      vertex -2.314189910888672 -1.3945159912109375 4.25
      vertex -2.2990742378090476 -1.4180616580160192 6.5
      vertex -2.297989555027174 -1.419945758322011 6.5
    endloop
  endfacet
  facet normal 0.8673027042941136 0.49778071080285013 -0.0006189319240778513
    outer loop
      vertex -2.3154373168945312 -1.3923492431640625 4.249997138977051
      vertex -2.300155572650617 -1.4161776062398308 6.5
      vertex -2.2990742378090476 -1.4180616580160192 6.5
    endloop
  endfacet
  facet normal 0.871563746128465 0.49028163850443773 -0.0007425496081213764
    outer loop
      vertex -2.3241195678710938 -1.3771591186523438 4.249837875366211
      vertex -2.3151510011386067 -1.3896944047659752 6.5
      vertex -2.306622943155079 -1.4048545608468703 6.5
    endloop
  endfacet
  facet normal 0.8688565550388523 0.4950634784244496 -0.0006626434201851364
    outer loop
      vertex -2.3191680908203125 -1.3858489990234375 4.249959945678711
      vertex -2.306622943155079 -1.4048545608468703 6.5
      vertex -2.30231814631031 -1.4124096545261522 6.5
    endloop
  endfacet
  facet normal 0.8328852550676225 0.5534457065792932 -0.00004195102690188727
    outer loop
      vertex -2.2357940673828125 -1.5218505859375 4.2410173416137695
      vertex -2.229798525213937 -1.5307020992261262 6.5
      vertex -2.2129699254520947 -1.556027605302782 6.5
    endloop
  endfacet
  facet normal 0.7918833129221646 0.6106724150239499 -0.00014228223268928167
    outer loop
      vertex -2.143566131591797 -1.6537017822265625 4.210996627807617
      vertex -2.149712115836831 -1.645198717821156 6.5
      vertex -2.104536041395869 -1.7037803380368395 6.5
    endloop
  endfacet
  facet normal 0.6559379860613762 0.7548147791802806 -0.00008702166394490369
    outer loop
      vertex -1.7119369506835938 -2.1084365844726562 3.84686279296875
      vertex -1.8023948669433594 -2.029815673828125 3.9553632736206055
      vertex -1.730850812290651 -2.0916944630222383 6.5
    endloop
  endfacet
  facet normal 0.4518773082516705 0.8920800954201319 0.000040526941929061975
    outer loop
      vertex -1.4178314208984375 -2.32037353515625 3
      vertex -1.4164327673009924 -2.3212410179344385 6.5
      vertex -1.4163633509061966 -2.321276180352914 6.5
    endloop
  endfacet
  facet normal 0.6256943982764639 0.780068142240945 -0.00046198075110459895
    outer loop
      vertex -1.7119369506835938 -2.1084365844726562 3.84686279296875
      vertex -1.730850812290651 -2.0916944630222383 6.5
      vertex -1.674243495914181 -2.137099317855139 6.5
    endloop
  endfacet
  facet normal 0.6559379860613751 0.7548147791802817 -0.00008702166394484774
    outer loop
      vertex -1.8023948669433594 -2.029815673828125 3.9553632736206055
      vertex -1.8075276043411572 -2.025061930190971 6.5
      vertex -1.730850812290651 -2.0916944630222383 6.5
    endloop
  endfacet
  facet normal 0.5800625384725762 0.8145718853081566 -0.00030842546330508074
    outer loop
      vertex -1.5875778198242188 -2.2055740356445312 3.6532630920410156
      vertex -1.5593222941690592 -2.224617125723433 6.5
      vertex -1.507914161130217 -2.2612252295464192 6.5
    endloop
  endfacet
  facet normal 0.563479994420397 0.8261296949742272 -0.00015155784246793607
    outer loop
      vertex -1.5272293090820312 -2.24859619140625 3.527695655822754
      vertex -1.507914161130217 -2.2612252295464192 6.5
      vertex -1.4839500383168789 -2.277570488494617 6.5
    endloop
  endfacet
  facet normal 0.6087676082435108 0.7933482245769966 -0.0007705283920246947
    outer loop
      vertex -1.644256591796875 -2.16278076171875 3.7495861053466797
      vertex -1.674243495914181 -2.137099317855139 6.5
      vertex -1.6080266520947903 -2.187910132562461 6.5
    endloop
  endfacet
  facet normal 0.6018737491451606 0.798591003515787 -0.0006318176923754505
    outer loop
      vertex -1.644256591796875 -2.16278076171875 3.7495861053466797
      vertex -1.6080266520947903 -2.187910132562461 6.5
      vertex -1.5593222941690592 -2.224617125723433 6.5
    endloop
  endfacet
  facet normal 0.5322592598602166 0.8465814079489383 -0.0000028718676705773904
    outer loop
      vertex -1.4421119689941406 -2.3051071166992188 3.2505245208740234
      vertex -1.436472243141177 -2.3086418792355095 6.5
      vertex -1.4164327673009924 -2.3212410179344385 6.5
    endloop
  endfacet
  facet normal 0.5458530874247776 0.8378809014605876 -0.00004377706142427827
    outer loop
      vertex -1.472625732421875 -2.2853927612304688 3.375370979309082
      vertex -1.4619048556833063 -2.2922138220532164 6.5
      vertex -1.4517082683885634 -2.298856578376137 6.5
    endloop
  endfacet
  facet normal 0.5403946473156392 0.8414116855862913 -0.000022615083552248527
    outer loop
      vertex -1.4604263305664062 -2.2933425903320312 3.3313112258911133
      vertex -1.4517082683885634 -2.298856578376137 6.5
      vertex -1.436472243141177 -2.3086418792355095 6.5
    endloop
  endfacet
  facet normal 0.5533010866652925 0.8329813329784752 -0.0000800275524995232
    outer loop
      vertex -1.498870849609375 -2.2679519653320312 3.4554128646850586
      vertex -1.4839500383168789 -2.277570488494617 6.5
      vertex -1.4619048556833063 -2.2922138220532164 6.5
    endloop
  endfacet
  facet normal 0.715564176866392 0.6985469964008584 -0.00005103784918184153
    outer loop
      vertex -1.8556327819824219 -1.9800338745117188 4.0100812911987305
      vertex -1.9735565185546875 -1.8592300415039062 4.111049652099609
      vertex -1.8530917478383822 -1.9824548897316652 6.5
    endloop
  endfacet
  facet normal 0.7501877233785418 0.6612246205353403 -0.000617162876132762
    outer loop
      vertex -2.0410003662109375 -1.7826690673828125 4.1571550369262695
      vertex -1.9549036243579467 -1.8781627920026547 6.5
      vertex -1.9735565185546875 -1.8592300415039062 4.111049652099609
    endloop
  endfacet
  facet normal 0.6830076712574626 0.7304111998251559 0.000013169433272608076
    outer loop
      vertex -1.8023948669433594 -2.029815673828125 3.9553632736206055
      vertex -1.8556327819824219 -1.9800338745117188 4.0100812911987305
      vertex -1.8075276043411572 -2.025061930190971 6.5
    endloop
  endfacet
  facet normal 0.7155641768663924 0.6985469964008578 -0.000051037849181885514
    outer loop
      vertex -1.9735565185546875 -1.8592300415039062 4.111049652099609
      vertex -1.9549036243579467 -1.8781627920026547 6.5
      vertex -1.8530917478383822 -1.9824548897316652 6.5
    endloop
  endfacet
  facet normal 0.683007671257462 0.7304111998251565 0.000013169433272601997
    outer loop
      vertex -1.8556327819824219 -1.9800338745117188 4.0100812911987305
      vertex -1.8530917478383822 -1.9824548897316652 6.5
      vertex -1.8510454120208333 -1.9843684187981545 6.5
    endloop
  endfacet
  facet normal 0.6830076712574626 0.7304111998251562 0.000013169433272599987
    outer loop
      vertex -1.8556327819824219 -1.9800338745117188 4.0100812911987305
      vertex -1.8510454120208333 -1.9843684187981545 6.5
      vertex -1.8118883266936363 -2.0209842177740747 6.5
    endloop
  endfacet
  facet normal 0.6830076712574654 0.7304111998251535 0.000013169433272522078
    outer loop
      vertex -1.8556327819824219 -1.9800338745117188 4.0100812911987305
      vertex -1.8118883266936363 -2.0209842177740747 6.5
      vertex -1.8075276043411572 -2.025061930190971 6.5
    endloop
  endfacet
  facet normal 0.8715637461284752 0.49028163850441964 -0.0007425496081215171
    outer loop
      vertex -2.3241195678710938 -1.3771591186523438 4.249837875366211
      vertex -2.3339309692382812 -1.3597183227539062 4.249353408813477
      vertex -2.3151510011386067 -1.3896944047659752 6.5
    endloop
  endfacet
  facet normal 0.8772109082978604 0.48010475665386915 -0.0006670843812515714
    outer loop
      vertex -2.3339309692382812 -1.3597183227539062 4.249353408813477
      vertex -2.3531570434570312 -1.3245925903320312 4.247418403625488
      vertex -2.366127666984959 -1.2977637904335844 6.5
    endloop
  endfacet
  facet normal 0.8877939954440823 0.46024089896174886 -0.00036956232768930937
    outer loop
      vertex -2.3531570434570312 -1.3245925903320312 4.247418403625488
      vertex -2.3899154663085938 -1.253692626953125 4.23972225189209
      vertex -2.398110991976183 -1.2360687000024635 6.5
    endloop
  endfacet
  facet normal 0.9019441656237617 0.43185265161465425 -0.00009690535846201525
    outer loop
      vertex -2.3899154663085938 -1.253692626953125 4.23972225189209
      vertex -2.428295135498047 -1.1735382080078125 4.225065231323242
      vertex -2.4314825917781397 -1.1663705758243035 6.5
    endloop
  endfacet
  facet normal 0.9103125111823471 0.41392164853639857 -0.00002928821172304427
    outer loop
      vertex -2.4321365356445312 -1.1651153564453125 4.2231597900390625
      vertex -2.4348200682941488 -1.1590525232204363 6.5
      vertex -2.4302215576171875 -1.1693267822265625 4.22412109375
    endloop
  endfacet
  facet normal 0.9112427152602345 0.41186977719734386 -0.000022728073389048382
    outer loop
      vertex -2.4321365356445312 -1.1651153564453125 4.2231597900390625
      vertex -2.435943603515625 -1.1566925048828125 4.221185684204102
      vertex -2.438127061347811 -1.1517359549835742 6.5
    endloop
  endfacet
  facet normal 0.9096908992754391 0.41528600580281494 -0.00003405564794209794
    outer loop
      vertex -2.42926025390625 -1.1714324951171875 4.224595069885254
      vertex -2.4302215576171875 -1.1693267822265625 4.22412109375
      vertex -2.4331563806888266 -1.1627113693986422 6.5
    endloop
  endfacet
  facet normal 0.9090681218649123 0.41664751083700463 -0.00003901703688633886
    outer loop
      vertex -2.42926025390625 -1.1714324951171875 4.224595069885254
      vertex -2.4323211629994548 -1.1645409276315681 6.5
      vertex -2.428295135498047 -1.1735382080078125 4.225065231323242
    endloop
  endfacet
  facet normal 0.9133859108486602 0.40709480192862396 -0.000010288718333315726
    outer loop
      vertex -2.4434585571289062 -1.13983154296875 4.2170257568359375
      vertex -2.444652795313171 -1.137094369206334 6.5
      vertex -2.435943603515625 -1.1566925048828125 4.221185684204102
    endloop
  endfacet
  facet normal 0.9256236192753016 0.3784453927016733 -0.000013511759544149101
    outer loop
      vertex -2.4580764770507812 -1.1060867309570312 4.207877159118652
      vertex -2.4856109619140625 -1.0387420654296875 4.1863298416137695
      vertex -2.4811861775703963 -1.0494818530509267 6.5
    endloop
  endfacet
  facet normal 0.9176032155681747 0.39749759592634337 0.0000034239579644001885
    outer loop
      vertex -2.4580764770507812 -1.1060867309570312 4.207877159118652
      vertex -2.4573372173579062 -1.1078130186392985 6.5
      vertex -2.4434585571289062 -1.13983154296875 4.2170257568359375
    endloop
  endfacet
  facet normal 0.9378759811297223 0.3469706190934646 -0.00018304605615218758
    outer loop
      vertex -2.5225486755371094 -0.9389190673828125 4.14619255065918
      vertex -2.5130474446730995 -0.9633595259730411 6.5
      vertex -2.4856109619140625 -1.0387420654296875 4.1863298416137695
    endloop
  endfacet
  facet normal 0.9490135553796113 0.3152347710323628 -0.0005575284059396436
    outer loop
      vertex -2.5225486755371094 -0.9389190673828125 4.14619255065918
      vertex -2.5447425842285156 -0.872161865234375 4.113676071166992
      vertex -2.532081935353028 -0.9060562354259946 6.5
    endloop
  endfacet
  facet normal 0.9588696648973954 0.28384627195464684 -0.0005095458812255197
    outer loop
      vertex -2.5743026733398438 -0.7724075317382812 4.056022644042969
      vertex -2.5799310266838713 -0.7490069218422687 6.5
      vertex -2.5447425842285156 -0.872161865234375 4.113676071166992
    endloop
  endfacet
  facet normal 0.9665787182281121 0.256369906891526 -0.0002287114558889053
    outer loop
      vertex -2.5743026733398438 -0.7724075317382812 4.056022644042969
      vertex -2.5866355895996094 -0.7259368896484375 4.025153160095215
      vertex -2.5905783363831065 -0.7088638992603755 6.5
    endloop
  endfacet
  facet normal 0.8732120035958456 0.4873398854818318 -0.0007954839306349446
    outer loop
      vertex -2.3339309692382812 -1.3597183227539062 4.249353408813477
      vertex -2.349400279899067 -1.3283268003094562 6.5
      vertex -2.3151510011386067 -1.3896944047659752 6.5
    endloop
  endfacet
  facet normal 0.877210908297864 0.48010475665386293 -0.0006670843812513511
    outer loop
      vertex -2.3339309692382812 -1.3597183227539062 4.249353408813477
      vertex -2.366127666984959 -1.2977637904335844 6.5
      vertex -2.349400279899067 -1.3283268003094562 6.5
    endloop
  endfacet
  facet normal 0.887793995444083 0.46024089896174747 -0.0003695623276892395
    outer loop
      vertex -2.3531570434570312 -1.3245925903320312 4.247418403625488
      vertex -2.398110991976183 -1.2360687000024635 6.5
      vertex -2.366127666984959 -1.2977637904335844 6.5
    endloop
  endfacet
  facet normal 0.9176032155681549 0.39749759592638906 0.0000034239579643945316
    outer loop
      vertex -2.4434585571289062 -1.13983154296875 4.2170257568359375
      vertex -2.44562814124384 -1.134842832161972 6.5
      vertex -2.444652795313171 -1.137094369206334 6.5
    endloop
  endfacet
  facet normal 0.9019441656237607 0.43185265161465625 -0.00009690535846211173
    outer loop
      vertex -2.3899154663085938 -1.253692626953125 4.23972225189209
      vertex -2.4314825917781397 -1.1663705758243035 6.5
      vertex -2.398110991976183 -1.2360687000024635 6.5
    endloop
  endfacet
  facet normal 0.9090681218648674 0.4166475108371023 -0.00003901703688680444
    outer loop
      vertex -2.428295135498047 -1.1735382080078125 4.225065231323242
      vertex -2.4323211629994548 -1.1645409276315681 6.5
      vertex -2.4314825917781397 -1.1663705758243035 6.5
    endloop
  endfacet
  facet normal 0.9103125111823759 0.4139216485363351 -0.0000292882117227001
    outer loop
      vertex -2.4302215576171875 -1.1693267822265625 4.22412109375
      vertex -2.4348200682941488 -1.1590525232204363 6.5
      vertex -2.4331563806888266 -1.1627113693986422 6.5
    endloop
  endfacet
  facet normal 0.9112427152602174 0.4118697771973822 -0.00002272807338931888
    outer loop
      vertex -2.4321365356445312 -1.1651153564453125 4.2231597900390625
      vertex -2.438127061347811 -1.1517359549835742 6.5
      vertex -2.4348200682941488 -1.1590525232204363 6.5
    endloop
  endfacet
  facet normal 0.909690899275462 0.41528600580276487 -0.000034055647941868174
    outer loop
      vertex -2.42926025390625 -1.1714324951171875 4.224595069885254
      vertex -2.4331563806888266 -1.1627113693986422 6.5
      vertex -2.4323211629994548 -1.1645409276315681 6.5
    endloop
  endfacet
  facet normal 0.9133859108486659 0.4070948019286114 -0.000010288718333185558
    outer loop
      vertex -2.435943603515625 -1.1566925048828125 4.221185684204102
      vertex -2.444652795313171 -1.137094369206334 6.5
      vertex -2.438127061347811 -1.1517359549835742 6.5
    endloop
  endfacet
  facet normal 0.9176032155681222 0.39749759592646433 0.000003423957962387891
    outer loop
      vertex -2.4434585571289062 -1.13983154296875 4.2170257568359375
      vertex -2.4573372173579062 -1.1078130186392985 6.5
      vertex -2.4566876317343236 -1.1093125543927085 6.5
    endloop
  endfacet
  facet normal 0.9176032155681814 0.39749759592632766 0.0000034239579645538805
    outer loop
      vertex -2.4434585571289062 -1.13983154296875 4.2170257568359375
      vertex -2.4566876317343236 -1.1093125543927085 6.5
      vertex -2.44562814124384 -1.134842832161972 6.5
    endloop
  endfacet
  facet normal 0.9256236192753016 0.37844539270167343 -0.000013511759544150934
    outer loop
      vertex -2.4580764770507812 -1.1060867309570312 4.207877159118652
      vertex -2.4811861775703963 -1.0494818530509267 6.5
      vertex -2.4573372173579062 -1.1078130186392985 6.5
    endloop
  endfacet
  facet normal 0.9378759811297219 0.34697061909346566 -0.00018304605615222628
    outer loop
      vertex -2.4856109619140625 -1.0387420654296875 4.1863298416137695
      vertex -2.5130474446730995 -0.9633595259730411 6.5
      vertex -2.4811861775703963 -1.0494818530509267 6.5
    endloop
  endfacet
  facet normal 0.9490135553796111 0.31523477103236314 -0.0005575284059396493
    outer loop
      vertex -2.5225486755371094 -0.9389190673828125 4.14619255065918
      vertex -2.532081935353028 -0.9060562354259946 6.5
      vertex -2.5130474446730995 -0.9633595259730411 6.5
    endloop
  endfacet
  facet normal 0.9665787182281111 0.25636990689152933 -0.0002287114558889987
    outer loop
      vertex -2.5743026733398438 -0.7724075317382812 4.056022644042969
      vertex -2.5905783363831065 -0.7088638992603755 6.5
      vertex -2.5799310266838713 -0.7490069218422687 6.5
    endloop
  endfacet
  facet normal 0.9537172387076944 0.3007038514351187 -0.0007888750577590279
    outer loop
      vertex -2.5447425842285156 -0.872161865234375 4.113676071166992
      vertex -2.554313597066856 -0.8355459346087459 6.5
      vertex -2.532081935353028 -0.9060562354259946 6.5
    endloop
  endfacet
  facet normal 0.9588696648973959 0.28384627195464596 -0.00050954588122547
    outer loop
      vertex -2.5447425842285156 -0.872161865234375 4.113676071166992
      vertex -2.5799310266838713 -0.7490069218422687 6.5
      vertex -2.554313597066856 -0.8355459346087459 6.5
    endloop
  endfacet
  facet normal 0.9728455760027849 0.2314551426450626 -0.00004685043864232266
    outer loop
      vertex -2.607128143310547 -0.6398162841796875 3.9604110717773438
      vertex -2.6081919442638863 -0.6348308909269147 6.5
      vertex -2.5866355895996094 -0.7259368896484375 4.025153160095215
    endloop
  endfacet
  facet normal 0.9816099980516914 0.19089738184999994 0.00003643862644829939
    outer loop
      vertex -2.6322593688964844 -0.5105667114257812 3.841231346130371
      vertex -2.629581727089382 -0.5248428728923913 6.5
      vertex -2.607128143310547 -0.6398162841796875 3.9604110717773438
    endloop
  endfacet
  facet normal 0.9896851854665095 0.14325914252985394 -0.00022748567359195766
    outer loop
      vertex -2.6322593688964844 -0.5105667114257812 3.841231346130371
      vertex -2.644334377894402 -0.4229263062408322 6.5
      vertex -2.629581727089382 -0.5248428728923913 6.5
    endloop
  endfacet
  facet normal 0.9728455760027844 0.23145514264506448 -0.00004685043864239583
    outer loop
      vertex -2.5866355895996094 -0.7259368896484375 4.025153160095215
      vertex -2.6081919442638863 -0.6348308909269147 6.5
      vertex -2.5905783363831065 -0.7088638992603755 6.5
    endloop
  endfacet
  facet normal 0.9816099980516971 0.1908973818499709 0.00003643862644844332
    outer loop
      vertex -2.607128143310547 -0.6398162841796875 3.9604110717773438
      vertex -2.608730911613288 -0.632059476601223 6.5
      vertex -2.6081919442638863 -0.6348308909269147 6.5
    endloop
  endfacet
  facet normal 0.9816099980516916 0.1908973818499997 0.00003643862644835194
    outer loop
      vertex -2.607128143310547 -0.6398162841796875 3.9604110717773438
      vertex -2.627334155175967 -0.5364000720544101 6.5
      vertex -2.608730911613288 -0.632059476601223 6.5
    endloop
  endfacet
  facet normal 0.9816099980516932 0.19089738184999075 0.000036438626448732046
    outer loop
      vertex -2.607128143310547 -0.6398162841796875 3.9604110717773438
      vertex -2.629581727089382 -0.5248428728923913 6.5
      vertex -2.627334155175967 -0.5364000720544101 6.5
    endloop
  endfacet
  facet normal 0.45187730825194433 0.8920800954199932 0.0000405269419282596
    outer loop
      vertex -1.4178314208984375 -2.32037353515625 3
      vertex -1.1670075301105374 -2.447585732237989 6.5
      vertex -1.1244062535903032 -2.469165128820083 6.5
    endloop
  endfacet
  facet normal 0.4518773082519366 0.8920800954199971 0.00004052694192891544
    outer loop
      vertex -1.4178314208984375 -2.32037353515625 3
      vertex -1.4163633509061966 -2.321276180352914 6.5
      vertex -1.1670075301105374 -2.447585732237989 6.5
    endloop
  endfacet
  facet normal -0.7927169231891847 0.040862540354259215 -0.6082188195750512
    outer loop
      vertex -10.445999145507812 -0.06951141357421875 0.07322311401367188
      vertex -10.485725402832031 -0.06951141357421875 0.125
      vertex -10.390735626220703 1.0025787353515625 0.07322311401367188
    endloop
  endfacet
  facet normal -0.9228142796828633 0.04756821849176284 -0.3822970962522706
    outer loop
      vertex -10.485725402832031 -0.06951141357421875 0.125
      vertex -10.510704040527344 -0.06951141357421875 0.18529510498046875
      vertex -10.430252075195312 1.0066604614257812 0.125
    endloop
  endfacet
  facet normal -0.6084553415384508 0.03136423817353643 -0.7929680837947519
    outer loop
      vertex -10.394222259521484 -0.06951141357421875 0.033493995666503906
      vertex -10.445999145507812 -0.06951141357421875 0.07322311401367188
      vertex -10.3392333984375 0.99725341796875 0.033493995666503906
    endloop
  endfacet
  facet normal -0.9901591411148875 0.050924574001032334 -0.13035168978360712
    outer loop
      vertex -10.510704040527344 -0.06951141357421875 0.18529510498046875
      vertex -10.519222259521484 -0.06951141357421875 0.25
      vertex -10.463821411132812 1.0076828002929688 0.25
    endloop
  endfacet
  facet normal -0.3826184961737786 0.01972256033215508 -0.9236958953030271
    outer loop
      vertex -10.394222259521484 -0.06951141357421875 0.033493995666503906
      vertex -10.279258728027344 0.991058349609375 0.008518218994140625
      vertex -10.333927154541016 -0.06951141357421875 0.008518218994140625
    endloop
  endfacet
  facet normal -0.13051808668469003 0.006727721907900428 -0.9914231018117835
    outer loop
      vertex -10.333927154541016 -0.06951141357421875 0.008518218994140625
      vertex -10.279258728027344 0.991058349609375 0.008518218994140625
      vertex -10.269222259521484 -0.06951141357421875 0
    endloop
  endfacet
  facet normal 0 0 -1
    outer loop
      vertex -9.908111572265625 -2.7662506103515625 0
      vertex -10.214115142822266 0.9919204711914062 0
      vertex -10.049388885498047 2.0419464111328125 0
    endloop
  endfacet
  facet normal -0.6084564604205416 0.03136438234182929 -0.7929672195575435
    outer loop
      vertex -10.445999145507812 -0.06951141357421875 0.07322311401367188
      vertex -10.390735626220703 1.0025787353515625 0.07322311401367188
      vertex -10.3392333984375 0.99725341796875 0.033493995666503906
    endloop
  endfacet
  facet normal -0.792712567441602 0.04086187810421314 -0.6082245410520197
    outer loop
      vertex -10.485725402832031 -0.06951141357421875 0.125
      vertex -10.430252075195312 1.0066604614257812 0.125
      vertex -10.390735626220703 1.0025787353515625 0.07322311401367188
    endloop
  endfacet
  facet normal -0.9228195315655479 0.04756932914511677 -0.3822842804587006
    outer loop
      vertex -10.510704040527344 -0.06951141357421875 0.18529510498046875
      vertex -10.455097198486328 1.0092315673828125 0.18529510498046875
      vertex -10.430252075195312 1.0066604614257812 0.125
    endloop
  endfacet
  facet normal -0.9899023667350715 0.05102730262423577 -0.13224794410197316
    outer loop
      vertex -10.510704040527344 -0.06951141357421875 0.18529510498046875
      vertex -10.463821411132812 1.0076828002929688 0.25
      vertex -10.455097198486328 1.0092315673828125 0.18529510498046875
    endloop
  endfacet
  facet normal -0.38262442431161703 0.019723261110303595 -0.9236934247310513
    outer loop
      vertex -10.394222259521484 -0.06951141357421875 0.033493995666503906
      vertex -10.3392333984375 0.99725341796875 0.033493995666503906
      vertex -10.279258728027344 0.991058349609375 0.008518218994140625
    endloop
  endfacet
  facet normal -0.12974161391781344 0.006735887965616044 -0.9915249575433368
    outer loop
      vertex -10.269222259521484 -0.06951141357421875 0
      vertex -10.279258728027344 0.991058349609375 0.008518218994140625
      vertex -10.214115142822266 0.9919204711914062 0
    endloop
  endfacet
  facet normal 0 0 -1
    outer loop
      vertex -9.575687408447266 -3.775787353515625 0
      vertex -10.049388885498047 2.0419464111328125 0
      vertex -9.776813507080078 3.0692596435546875 0
    endloop
  endfacet
  facet normal 0 0 -1
    outer loop
      vertex -9.140506744384766 -4.7454833984375 0
      vertex -9.776813507080078 3.0692596435546875 0
      vertex -9.39931869506836 4.062828063964844 0
    endloop
  endfacet
  facet normal -0.9986800597133615 0.05136281077702794 0
    outer loop
      vertex -10.519222259521484 -0.06951141357421875 0.25
      vertex -10.519222259521484 -0.06951141357421875 6.5
      vertex -10.463821411132812 1.0076828002929688 0.25
    endloop
  endfacet
  facet normal -0.9130360578849368 0.1422002533224444 -0.3822881700458004
    outer loop
      vertex -10.430252075195312 1.0066604614257812 0.125
      vertex -10.455097198486328 1.0092315673828125 0.18529510498046875
      vertex -10.264419555664062 2.0714340209960938 0.125
    endloop
  endfacet
  facet normal -0.9799511516209661 0.15227581872016216 -0.12848274386020303
    outer loop
      vertex -10.455097198486328 1.0092315673828125 0.18529510498046875
      vertex -10.463821411132812 1.0076828002929688 0.25
      vertex -10.298202514648438 2.0735015869140625 0.25
    endloop
  endfacet
  facet normal -0.6020055142194372 0.09375970109636328 -0.7929681451986024
    outer loop
      vertex -10.390735626220703 1.0025787353515625 0.07322311401367188
      vertex -10.174850463867188 2.0527114868164062 0.033493995666503906
      vertex -10.3392333984375 0.99725341796875 0.033493995666503906
    endloop
  endfacet
  facet normal -0.7843120030535395 0.12215245381005681 -0.6082215549405715
    outer loop
      vertex -10.390735626220703 1.0025787353515625 0.07322311401367188
      vertex -10.430252075195312 1.0066604614257812 0.125
      vertex -10.225532531738281 2.0633087158203125 0.07322311401367188
    endloop
  endfacet
  facet normal -0.3785709044259251 0.05896135108158344 -0.923692388948167
    outer loop
      vertex -10.279258728027344 0.991058349609375 0.008518218994140625
      vertex -10.3392333984375 0.99725341796875 0.033493995666503906
      vertex -10.115829467773438 2.0403823852539062 0.008518218994140625
    endloop
  endfacet
  facet normal -0.12989360447780254 0.020230562695994592 -0.991321530003645
    outer loop
      vertex -10.279258728027344 0.991058349609375 0.008518218994140625
      vertex -10.115829467773438 2.0403823852539062 0.008518218994140625
      vertex -10.214115142822266 0.9919204711914062 0
    endloop
  endfacet
  facet normal -0.7843095814784743 0.12215182544687032 -0.6082248037864437
    outer loop
      vertex -10.430252075195312 1.0066604614257812 0.125
      vertex -10.264419555664062 2.0714340209960938 0.125
      vertex -10.225532531738281 2.0633087158203125 0.07322311401367188
    endloop
  endfacet
  facet normal -0.6019989764591956 0.09375816241411469 -0.792973290422073
    outer loop
      vertex -10.390735626220703 1.0025787353515625 0.07322311401367188
      vertex -10.225532531738281 2.0633087158203125 0.07322311401367188
      vertex -10.174850463867188 2.0527114868164062 0.033493995666503906
    endloop
  endfacet
  facet normal -0.37856209628275567 0.05895937521420442 -0.923696124995854
    outer loop
      vertex -10.3392333984375 0.99725341796875 0.033493995666503906
      vertex -10.174850463867188 2.0527114868164062 0.033493995666503906
      vertex -10.115829467773438 2.0403823852539062 0.008518218994140625
    endloop
  endfacet
  facet normal -0.9130475624977064 0.14220395650778467 -0.38225931430186105
    outer loop
      vertex -10.455097198486328 1.0092315673828125 0.18529510498046875
      vertex -10.288867950439453 2.0765380859375 0.18529510498046875
      vertex -10.264419555664062 2.0714340209960938 0.125
    endloop
  endfacet
  facet normal -0.9791630627083538 0.15250121384969773 -0.13410099329224043
    outer loop
      vertex -10.455097198486328 1.0092315673828125 0.18529510498046875
      vertex -10.298202514648438 2.0735015869140625 0.25
      vertex -10.288867950439453 2.0765380859375 0.18529510498046875
    endloop
  endfacet
  facet normal -0.12760531151218737 0.020018501048904208 -0.9916229848534333
    outer loop
      vertex -10.214115142822266 0.9919204711914062 0
      vertex -10.115829467773438 2.0403823852539062 0.008518218994140625
      vertex -10.049388885498047 2.0419464111328125 0
    endloop
  endfacet
  facet normal -0.95939649732422 0.25206470253899926 -0.12657703842302342
    outer loop
      vertex -10.288867950439453 2.0765380859375 0.18529510498046875
      vertex -10.298202514648438 2.0735015869140625 0.25
      vertex -10.024116516113281 3.1167144775390625 0.25
    endloop
  endfacet
  facet normal -0.37049569530567794 0.09757216970313864 -0.9236950857611965
    outer loop
      vertex -10.115829467773438 2.0403823852539062 0.008518218994140625
      vertex -10.174850463867188 2.0527114868164062 0.033493995666503906
      vertex -9.845375061035156 3.0673370361328125 0.008518218994140625
    endloop
  endfacet
  facet normal -0.8935899758249617 0.2353289714644277 -0.38225283556127954
    outer loop
      vertex -10.264419555664062 2.0714340209960938 0.125
      vertex -10.288867950439453 2.0765380859375 0.18529510498046875
      vertex -9.989986419677734 3.1135101318359375 0.125
    endloop
  endfacet
  facet normal -0.7675934023218012 0.2021484991239632 -0.6082239332794874
    outer loop
      vertex -10.225532531738281 2.0633087158203125 0.07322311401367188
      vertex -10.264419555664062 2.0714340209960938 0.125
      vertex -9.952140808105469 3.1014251708984375 0.07322311401367188
    endloop
  endfacet
  facet normal -0.5891632234548612 0.15515941353776236 -0.792976829749076
    outer loop
      vertex -10.225532531738281 2.0633087158203125 0.07322311401367188
      vertex -9.902812957763672 3.0856781005859375 0.033493995666503906
      vertex -10.174850463867188 2.0527114868164062 0.033493995666503906
    endloop
  endfacet
  facet normal -0.12787495301315058 0.03367660346467943 -0.9912183829868003
    outer loop
      vertex -10.115829467773438 2.0403823852539062 0.008518218994140625
      vertex -9.845375061035156 3.0673370361328125 0.008518218994140625
      vertex -10.049388885498047 2.0419464111328125 0
    endloop
  endfacet
  facet normal -0.9881411174495953 0.15354846761677476 -0.000009899753311949295
    outer loop
      vertex -10.463821411132812 1.0076828002929688 0.25
      vertex -10.463695526123047 1.0088958740234375 6.5
      vertex -10.298202514648438 2.0735015869140625 0.25
    endloop
  endfacet
  facet normal -0.967175704113844 0.2541085534920566 -0.000020348579682145803
    outer loop
      vertex -10.298202514648438 2.0735015869140625 0.25
      vertex -10.297706604003906 2.0758895874023438 6.5
      vertex -10.024116516113281 3.1167144775390625 0.25
    endloop
  endfacet
  facet normal 0 0 -1
    outer loop
      vertex -8.607250213623047 -5.664894104003906 0
      vertex -9.39931869506836 4.062828063964844 0
      vertex -8.920967102050781 5.011970520019531 0
    endloop
  endfacet
  facet normal 0 0 -1
    outer loop
      vertex -7.981651306152344 -6.524139404296875 0
      vertex -8.920967102050781 5.011970520019531 0
      vertex -8.34689712524414 5.906463623046875 0
    endloop
  endfacet
  facet normal -0.9986770417251006 0.05142145688809459 0.00001013447209870254
    outer loop
      vertex -10.463821411132812 1.0076828002929688 0.25
      vertex -10.519222259521484 -0.06951141357421875 6.5
      vertex -10.463695526123047 1.0088958740234375 6.5
    endloop
  endfacet
  facet normal -0.9881147636772261 0.1537179671222181 0.000019670087804889437
    outer loop
      vertex -10.298202514648438 2.0735015869140625 0.25
      vertex -10.463695526123047 1.0088958740234375 6.5
      vertex -10.297706604003906 2.0758895874023438 6.5
    endloop
  endfacet
  facet normal -0.7675841374481084 0.20214504466806638 -0.6082367736779722
    outer loop
      vertex -10.264419555664062 2.0714340209960938 0.125
      vertex -9.989986419677734 3.1135101318359375 0.125
      vertex -9.952140808105469 3.1014251708984375 0.07322311401367188
    endloop
  endfacet
  facet normal -0.8935954157838858 0.23533136451039474 -0.3822386450474365
    outer loop
      vertex -10.288867950439453 2.0765380859375 0.18529510498046875
      vertex -10.013778686523438 3.1211013793945312 0.18529510498046875
      vertex -9.989986419677734 3.1135101318359375 0.125
    endloop
  endfacet
  facet normal -0.958048440405659 0.25230528577627137 -0.13596039351825395
    outer loop
      vertex -10.288867950439453 2.0765380859375 0.18529510498046875
      vertex -10.024116516113281 3.1167144775390625 0.25
      vertex -10.013778686523438 3.1211013793945312 0.18529510498046875
    endloop
  endfacet
  facet normal -0.5891495332768899 0.15515466072437364 -0.7929879309895752
    outer loop
      vertex -10.225532531738281 2.0633087158203125 0.07322311401367188
      vertex -9.952140808105469 3.1014251708984375 0.07322311401367188
      vertex -9.902812957763672 3.0856781005859375 0.033493995666503906
    endloop
  endfacet
  facet normal -0.37049477222931465 0.09757186003703706 -0.9236954887189072
    outer loop
      vertex -10.174850463867188 2.0527114868164062 0.033493995666503906
      vertex -9.902812957763672 3.0856781005859375 0.033493995666503906
      vertex -9.845375061035156 3.0673370361328125 0.008518218994140625
    endloop
  endfacet
  facet normal -0.12413660917626414 0.03293696815524752 -0.9917183362179806
    outer loop
      vertex -10.049388885498047 2.0419464111328125 0
      vertex -9.845375061035156 3.0673370361328125 0.008518218994140625
      vertex -9.776813507080078 3.0692596435546875 0
    endloop
  endfacet
  facet normal -0.8646627939053226 0.32596918506503847 -0.382233362259074
    outer loop
      vertex -9.989986419677734 3.1135101318359375 0.125
      vertex -10.013778686523438 3.1211013793945312 0.18529510498046875
      vertex -9.609855651855469 4.1218414306640625 0.125
    endloop
  endfacet
  facet normal -0.928698215370741 0.34924173304033274 -0.12469898423878821
    outer loop
      vertex -10.013778686523438 3.1211013793945312 0.18529510498046875
      vertex -10.024116516113281 3.1167144775390625 0.25
      vertex -9.644454956054688 4.126304626464844 0.25
    endloop
  endfacet
  facet normal -0.570073763122446 0.2149095714796153 -0.792987881802655
    outer loop
      vertex -9.902812957763672 3.0856781005859375 0.033493995666503906
      vertex -9.952140808105469 3.1014251708984375 0.07322311401367188
      vertex -9.526008605957031 4.085197448730469 0.033493995666503906
    endloop
  endfacet
  facet normal -0.7427277443401405 0.2799994804144163 -0.6082399105246744
    outer loop
      vertex -9.952140808105469 3.1014251708984375 0.07322311401367188
      vertex -9.989986419677734 3.1135101318359375 0.125
      vertex -9.573455810546875 4.105926513671875 0.07322311401367188
    endloop
  endfacet
  facet normal -0.3584965263615199 0.1351476966182987 -0.9236965631014832
    outer loop
      vertex -9.902812957763672 3.0856781005859375 0.033493995666503906
      vertex -9.470760345458984 4.0610504150390625 0.008518218994140625
      vertex -9.845375061035156 3.0673370361328125 0.008518218994140625
    endloop
  endfacet
  facet normal -0.1244537518660313 0.04691715724809545 -0.9911155553224991
    outer loop
      vertex -9.845375061035156 3.0673370361328125 0.008518218994140625
      vertex -9.470760345458984 4.0610504150390625 0.008518218994140625
      vertex -9.776813507080078 3.0692596435546875 0
    endloop
  endfacet
  facet normal -0.7427397124214904 0.2800054084436348 -0.6082225668571949
    outer loop
      vertex -9.989986419677734 3.1135101318359375 0.125
      vertex -9.609855651855469 4.1218414306640625 0.125
      vertex -9.573455810546875 4.105926513671875 0.07322311401367188
    endloop
  endfacet
  facet normal -0.8646414360799703 0.3259570293036078 -0.38229203766379105
    outer loop
      vertex -10.013778686523438 3.1211013793945312 0.18529510498046875
      vertex -9.632743835449219 4.131843566894531 0.18529510498046875
      vertex -9.609855651855469 4.1218414306640625 0.125
    endloop
  endfacet
  facet normal -0.9267860537266772 0.3493846307463122 -0.13783319780080497
    outer loop
      vertex -10.013778686523438 3.1211013793945312 0.18529510498046875
      vertex -9.644454956054688 4.126304626464844 0.25
      vertex -9.632743835449219 4.131843566894531 0.18529510498046875
    endloop
  endfacet
  facet normal -0.5700895077610058 0.2149169290890122 -0.7929745687799594
    outer loop
      vertex -9.952140808105469 3.1014251708984375 0.07322311401367188
      vertex -9.573455810546875 4.105926513671875 0.07322311401367188
      vertex -9.526008605957031 4.085197448730469 0.033493995666503906
    endloop
  endfacet
  facet normal -0.3585005688002857 0.13514953432354196 -0.9236947252972711
    outer loop
      vertex -9.902812957763672 3.0856781005859375 0.033493995666503906
      vertex -9.526008605957031 4.085197448730469 0.033493995666503906
      vertex -9.470760345458984 4.0610504150390625 0.008518218994140625
    endloop
  endfacet
  facet normal -0.11938551817911001 0.04535914469115316 -0.991811295580965
    outer loop
      vertex -9.776813507080078 3.0692596435546875 0
      vertex -9.470760345458984 4.0610504150390625 0.008518218994140625
      vertex -9.39931869506836 4.062828063964844 0
    endloop
  endfacet
  facet normal -0.9360040827931678 0.3519891420024062 -0.000030115287901237446
    outer loop
      vertex -10.024116516113281 3.1167144775390625 0.25
      vertex -10.023006439208984 3.1202011108398438 6.5
      vertex -9.644454956054688 4.126304626464844 0.25
    endloop
  endfacet
  facet normal -0.8265443980980203 0.4131315423773113 -0.3822913635772132
    outer loop
      vertex -9.609855651855469 4.1218414306640625 0.125
      vertex -9.632743835449219 4.131843566894531 0.18529510498046875
      vertex -9.128067016601562 5.085746765136719 0.125
    endloop
  endfacet
  facet normal -0.5449746902410857 0.272395961904095 -0.792971012670057
    outer loop
      vertex -9.573455810546875 4.105926513671875 0.07322311401367188
      vertex -9.048431396484375 5.040672302246094 0.033493995666503906
      vertex -9.526008605957031 4.085197448730469 0.033493995666503906
    endloop
  endfacet
  facet normal -0.7100092721448268 0.35488617144675166 -0.6082291005733284
    outer loop
      vertex -9.573455810546875 4.105926513671875 0.07322311401367188
      vertex -9.609855651855469 4.1218414306640625 0.125
      vertex -9.093490600585938 5.0661773681640625 0.07322311401367188
    endloop
  endfacet
  facet normal -0.8881765166784654 0.4427755715505974 -0.12285059405208239
    outer loop
      vertex -9.632743835449219 4.131843566894531 0.18529510498046875
      vertex -9.644454956054688 4.126304626464844 0.25
      vertex -9.163223266601562 5.091621398925781 0.25
    endloop
  endfacet
  facet normal -0.34270287524858467 0.17129501226252766 -0.9236951651223112
    outer loop
      vertex -9.470760345458984 4.0610504150390625 0.008518218994140625
      vertex -9.526008605957031 4.085197448730469 0.033493995666503906
      vertex -8.995956420898438 5.0109710693359375 0.008518218994140625
    endloop
  endfacet
  facet normal -0.11964981900867307 0.05980520939438635 -0.9910132480146194
    outer loop
      vertex -9.470760345458984 4.0610504150390625 0.008518218994140625
      vertex -8.995956420898438 5.0109710693359375 0.008518218994140625
      vertex -9.39931869506836 4.062828063964844 0
    endloop
  endfacet
  facet normal -0.544979244097323 0.27239869258523297 -0.7929669449485055
    outer loop
      vertex -9.573455810546875 4.105926513671875 0.07322311401367188
      vertex -9.093490600585938 5.0661773681640625 0.07322311401367188
      vertex -9.048431396484375 5.040672302246094 0.033493995666503906
    endloop
  endfacet
  facet normal -0.7099912730228893 0.354874814194303 -0.6082567373090874
    outer loop
      vertex -9.609855651855469 4.1218414306640625 0.125
      vertex -9.128067016601562 5.085746765136719 0.125
      vertex -9.093490600585938 5.0661773681640625 0.07322311401367188
    endloop
  endfacet
  facet normal -0.8265611532743482 0.4131435148076171 -0.3822421955647851
    outer loop
      vertex -9.632743835449219 4.131843566894531 0.18529510498046875
      vertex -9.149803161621094 5.098045349121094 0.18529510498046875
      vertex -9.128067016601562 5.085746765136719 0.125
    endloop
  endfacet
  facet normal -0.8857090150019982 0.44270763766859716 -0.1397479455808933
    outer loop
      vertex -9.632743835449219 4.131843566894531 0.18529510498046875
      vertex -9.163223266601562 5.091621398925781 0.25
      vertex -9.149803161621094 5.098045349121094 0.18529510498046875
    endloop
  endfacet
  facet normal -0.8949556467851405 0.4461551173404638 -0.00003947540671937966
    outer loop
      vertex -9.644454956054688 4.126304626464844 0.25
      vertex -9.642501831054688 4.130775451660156 6.5
      vertex -9.163223266601562 5.091621398925781 0.25
    endloop
  endfacet
  facet normal -0.3426907310788282 0.17128790198777832 -0.9237009892087827
    outer loop
      vertex -9.526008605957031 4.085197448730469 0.033493995666503906
      vertex -9.048431396484375 5.040672302246094 0.033493995666503906
      vertex -8.995956420898438 5.0109710693359375 0.008518218994140625
    endloop
  endfacet
  facet normal -0.1134342042957528 0.05716890228797049 -0.9918993890042366
    outer loop
      vertex -9.39931869506836 4.062828063964844 0
      vertex -8.995956420898438 5.0109710693359375 0.008518218994140625
      vertex -8.920967102050781 5.011970520019531 0
    endloop
  endfacet
  facet normal -0.9671015754554891 0.25439053020939956 0.000029854500638523028
    outer loop
      vertex -10.024116516113281 3.1167144775390625 0.25
      vertex -10.297706604003906 2.0758895874023438 6.5
      vertex -10.023006439208984 3.1202011108398438 6.5
    endloop
  endfacet
  facet normal -0.9358597080978669 0.35237282120988517 0.00004039259282722319
    outer loop
      vertex -9.644454956054688 4.126304626464844 0.25
      vertex -10.023006439208984 3.1202011108398438 6.5
      vertex -9.642501831054688 4.130775451660156 6.5
    endloop
  endfacet
  facet normal -0.8947223247062371 0.44662283768294736 0.000050321947930386904
    outer loop
      vertex -9.163223266601562 5.091621398925781 0.25
      vertex -9.642501831054688 4.130775451660156 6.5
      vertex -9.160221099853516 5.096931457519531 6.5
    endloop
  endfacet
  facet normal 0.04349101900647711 -0.07532866161516157 -0.9962098794958052
    outer loop
      vertex -7.849700927734375 -0.6067276000976562 0
      vertex -5.035118103027344 1.0182723999023438 0
      vertex -7.790523529052734 -0.6225814819335938 0.0037822723388671875
    endloop
  endfacet
  facet normal 0 0 -1
    outer loop
      vertex -7.849700927734375 -0.6067276000976562 0
      vertex -8.34689712524414 5.906463623046875 0
      vertex -5.035118103027344 1.0182723999023438 0
    endloop
  endfacet
  facet normal 0.4526277969458937 -0.783975121670864 -0.42486596243175434
    outer loop
      vertex -7.554325103759766 -0.6858673095703125 0.12452316284179688
      vertex -5.114265441894531 0.722900390625 0.12452316284179688
      vertex -5.121025085449219 0.697662353515625 0.16389179229736328
    endloop
  endfacet
  facet normal 0.3529659095018268 -0.6113551362210491 -0.7082795804946594
    outer loop
      vertex -7.6305694580078125 -0.6654434204101562 0.05825328826904297
      vertex -5.093833923339844 0.7991409301757812 0.05825328826904297
      vertex -5.105110168457031 0.7570648193359375 0.08895206451416016
    endloop
  endfacet
  facet normal 0.28625673478186436 -0.4958123168394255 -0.8198946446113344
    outer loop
      vertex -7.6792755126953125 -0.6523895263671875 0.033355712890625
      vertex -5.080783843994141 0.8478469848632812 0.033355712890625
      vertex -5.093833923339844 0.7991409301757812 0.05825328826904297
    endloop
  endfacet
  facet normal 0.40902032620970946 -0.7084465019683753 -0.5751573059573143
    outer loop
      vertex -7.588493347167969 -0.6767120361328125 0.08895206451416016
      vertex -5.105110168457031 0.7570648193359375 0.08895206451416016
      vertex -5.114265441894531 0.722900390625 0.12452316284179688
    endloop
  endfacet
  facet normal 0.2108822617309996 -0.3652575279799833 -0.9067059114956569
    outer loop
      vertex -7.733135223388672 -0.6379623413085938 0.015013694763183594
      vertex -5.066352844238281 0.9017105102539062 0.015013694763183594
      vertex -5.080783843994141 0.8478469848632812 0.033355712890625
    endloop
  endfacet
  facet normal 0.129137033838478 -0.2236711298680851 -0.9660718669720871
    outer loop
      vertex -7.733135223388672 -0.6379623413085938 0.015013694763183594
      vertex -5.050975799560547 0.9590988159179688 0.0037822723388671875
      vertex -5.066352844238281 0.9017105102539062 0.015013694763183594
    endloop
  endfacet
  facet normal 0.04349265415562461 -0.0753314067978688 -0.9962096005280983
    outer loop
      vertex -7.790523529052734 -0.6225814819335938 0.0037822723388671875
      vertex -5.035118103027344 1.0182723999023438 0
      vertex -5.050975799560547 0.9590988159179688 0.0037822723388671875
    endloop
  endfacet
  facet normal 0.4826022444643963 -0.8358919075465343 -0.261495301174119
    outer loop
      vertex -7.529090881347656 -0.6926345825195312 0.16389179229736328
      vertex -5.121025085449219 0.697662353515625 0.16389179229736328
      vertex -5.125186920166016 0.68212890625 0.20586490631103516
    endloop
  endfacet
  facet normal 0.4979638834068899 -0.8625017802271895 -0.0901257450857311
    outer loop
      vertex -7.513557434082031 -0.6967926025390625 0.20586490631103516
      vertex -5.125186920166016 0.68212890625 0.20586490631103516
      vertex -5.126625061035156 0.6767730712890625 0.2491741180419922
    endloop
  endfacet
  facet normal 0.49998414968414073 -0.8659976041645525 -0.007999977867570925
    outer loop
      vertex -7.5081939697265625 -0.6982345581054688 0.25
      vertex -5.126625061035156 0.6767730712890625 0.2491741180419922
      vertex -5.126625061035156 0.6767654418945312 0.25
    endloop
  endfacet
  facet normal 0.500000149856412 -0.8660253172647815 0
    outer loop
      vertex -7.5081939697265625 -0.6982345581054688 0.25
      vertex -5.126625061035156 0.6767654418945312 0.25
      vertex -5.126625061035156 0.6767654418945312 6
    endloop
  endfacet
  facet normal 0 0 -1
    outer loop
      vertex -8.34689712524414 5.906463623046875 0
      vertex -7.68328857421875 6.7367095947265625 0
      vertex -5.035118103027344 1.0182723999023438 0
    endloop
  endfacet
  facet normal 0 0 -1
    outer loop
      vertex -1.5851211547851562 -4.957298278808594 0
      vertex -7.68328857421875 6.7367095947265625 0
      vertex -6.937267303466797 7.493766784667969 0
    endloop
  endfacet
  facet normal 0 0 1
    outer loop
      vertex -10.45578384399414 -1.2219696044921875 6.5
      vertex -10.023006439208984 3.1202011108398438 6.5
      vertex -10.518959045410156 -0.14398193359375 6.5
    endloop
  endfacet
  facet normal 0 0 1
    outer loop
      vertex -10.282230377197266 -2.2877655029296875 6.5
      vertex -9.642501831054688 4.130775451660156 6.5
      vertex -10.45578384399414 -1.2219696044921875 6.5
    endloop
  endfacet
  facet normal 0 0 1
    outer loop
      vertex -10.518959045410156 -0.14398193359375 6.5
      vertex -10.297706604003906 2.0758895874023438 6.5
      vertex -10.519222259521484 -0.06951141357421875 6.5
    endloop
  endfacet
  facet normal 0 0 1
    outer loop
      vertex -10.519222259521484 -0.06951141357421875 6.5
      vertex -10.297706604003906 2.0758895874023438 6.5
      vertex -10.463695526123047 1.0088958740234375 6.5
    endloop
  endfacet
  facet normal 0 0 1
    outer loop
      vertex -10.518959045410156 -0.14398193359375 6.5
      vertex -10.023006439208984 3.1202011108398438 6.5
      vertex -10.297706604003906 2.0758895874023438 6.5
    endloop
  endfacet
  facet normal 0 0 1
    outer loop
      vertex -10.45578384399414 -1.2219696044921875 6.5
      vertex -9.642501831054688 4.130775451660156 6.5
      vertex -10.023006439208984 3.1202011108398438 6.5
    endloop
  endfacet
  facet normal 0 0 1
    outer loop
      vertex -10.282230377197266 -2.2877655029296875 6.5
      vertex -9.160221099853516 5.096931457519531 6.5
      vertex -9.642501831054688 4.130775451660156 6.5
    endloop
  endfacet
  facet normal 0 0 1
    outer loop
      vertex -10.000129699707031 -3.3301010131835938 6.5
      vertex -8.581260681152344 6.0084381103515625 6.5
      vertex -9.160221099853516 5.096931457519531 6.5
    endloop
  endfacet
  facet normal 0 0 1
    outer loop
      vertex -9.612472534179688 -4.33795166015625 6.5
      vertex -7.911746978759766 6.855659484863281 6.5
      vertex -8.581260681152344 6.0084381103515625 6.5
    endloop
  endfacet
  facet normal 0 0 1
    outer loop
      vertex -9.123348236083984 -5.3006591796875 6.5
      vertex -7.158756256103516 7.629646301269531 6.5
      vertex -7.911746978759766 6.855659484863281 6.5
    endloop
  endfacet
  facet normal 0 0 1
    outer loop
      vertex -7.862430572509766 -7.0504913330078125 6.5
      vertex -7.013740539550781 0.8132247924804688 6.5
      vertex -6.330257415771484 8.322196960449219 6.5
    endloop
  endfacet
  facet normal 0 0 1
    outer loop
      vertex -8.53793716430664 -6.208038330078125 6.5
      vertex -6.330257415771484 8.322196960449219 6.5
      vertex -7.158756256103516 7.629646301269531 6.5
    endloop
  endfacet
  facet normal 0 0 1
    outer loop
      vertex -6.330257415771484 8.322196960449219 6.5
      vertex -7.013740539550781 0.8132247924804688 6.5
      vertex -6.848163604736328 1.6820755004882812 6.5
    endloop
  endfacet
  facet normal 0 0 1
    outer loop
      vertex -5.435009002685547 8.926002502441406 6.5
      vertex -6.848163604736328 1.6820755004882812 6.5
      vertex -6.575103759765625 2.5233535766601562 6.5
    endloop
  endfacet
  facet normal 0 0 1
    outer loop
      vertex -4.48248291015625 9.434661865234375 6.5
      vertex -6.575103759765625 2.5233535766601562 6.5
      vertex -6.1988525390625 3.3238143920898438 6.5
    endloop
  endfacet
  facet normal -0.7797023182424675 0.4959416522711428 -0.3822383712683629
    outer loop
      vertex -9.128067016601562 5.085746765136719 0.125
      vertex -9.149803161621094 5.098045349121094 0.18529510498046875
      vertex -8.549720764160156 5.995002746582031 0.125
    endloop
  endfacet
  facet normal -0.6697379942263617 0.4259979289112837 -0.6082571690107292
    outer loop
      vertex -9.093490600585938 5.0661773681640625 0.07322311401367188
      vertex -9.128067016601562 5.085746765136719 0.125
      vertex -8.517341613769531 5.971977233886719 0.07322311401367188
    endloop
  endfacet
  facet normal -0.8382480453067361 0.5316784489333619 -0.1210712248193206
    outer loop
      vertex -9.149803161621094 5.098045349121094 0.18529510498046875
      vertex -9.163223266601562 5.091621398925781 0.25
      vertex -8.585494995117188 6.002471923828125 0.25
    endloop
  endfacet
  facet normal -0.3232618009704493 0.20561459746613794 -0.9237014914690673
    outer loop
      vertex -9.048431396484375 5.040672302246094 0.033493995666503906
      vertex -8.42599868774414 5.90704345703125 0.008518218994140625
      vertex -8.995956420898438 5.0109710693359375 0.008518218994140625
    endloop
  endfacet
  facet normal -0.11352203009464419 0.07220706700072747 -0.9909081128734102
    outer loop
      vertex -8.995956420898438 5.0109710693359375 0.008518218994140625
      vertex -8.42599868774414 5.90704345703125 0.008518218994140625
      vertex -8.920967102050781 5.011970520019531 0
    endloop
  endfacet
  facet normal -0.5140811472888444 0.3269882641157508 -0.7929686306107913
    outer loop
      vertex -9.048431396484375 5.040672302246094 0.033493995666503906
      vertex -9.093490600585938 5.0661773681640625 0.07322311401367188
      vertex -8.475143432617188 5.941978454589844 0.033493995666503906
    endloop
  endfacet
  facet normal -0.6697328026914338 0.42599385044239824 -0.6082657415836739
    outer loop
      vertex -9.128067016601562 5.085746765136719 0.125
      vertex -8.549720764160156 5.995002746582031 0.125
      vertex -8.517341613769531 5.971977233886719 0.07322311401367188
    endloop
  endfacet
  facet normal -0.7796949585508551 0.4959351524777151 -0.38226181622977434
    outer loop
      vertex -9.149803161621094 5.098045349121094 0.18529510498046875
      vertex -8.570075988769531 6.0094757080078125 0.18529510498046875
      vertex -8.549720764160156 5.995002746582031 0.125
    endloop
  endfacet
  facet normal -0.8352819723046806 0.5312919979202219 -0.1415374144484136
    outer loop
      vertex -9.149803161621094 5.098045349121094 0.18529510498046875
      vertex -8.585494995117188 6.002471923828125 0.25
      vertex -8.570075988769531 6.0094757080078125 0.18529510498046875
    endloop
  endfacet
  facet normal -0.5140948395406595 0.3269985259851925 -0.7929555220573061
    outer loop
      vertex -9.093490600585938 5.0661773681640625 0.07322311401367188
      vertex -8.517341613769531 5.971977233886719 0.07322311401367188
      vertex -8.475143432617188 5.941978454589844 0.033493995666503906
    endloop
  endfacet
  facet normal -0.32326634514302593 0.20561792939271056 -0.9236991594724574
    outer loop
      vertex -9.048431396484375 5.040672302246094 0.033493995666503906
      vertex -8.475143432617188 5.941978454589844 0.033493995666503906
      vertex -8.42599868774414 5.90704345703125 0.008518218994140625
    endloop
  endfacet
  facet normal -0.10632406236481062 0.06823691743310042 -0.9919873572084837
    outer loop
      vertex -8.920967102050781 5.011970520019531 0
      vertex -8.42599868774414 5.90704345703125 0.008518218994140625
      vertex -8.34689712524414 5.906463623046875 0
    endloop
  endfacet
  facet normal -0.6223783603159782 0.4925968016041837 -0.6082709656557044
    outer loop
      vertex -8.517341613769531 5.971977233886719 0.07322311401367188
      vertex -8.549720764160156 5.995002746582031 0.125
      vertex -7.851104736328125 6.813743591308594 0.07322311401367188
    endloop
  endfacet
  facet normal -0.7245689799101952 0.5734753600114488 -0.3822640511631177
    outer loop
      vertex -8.570075988769531 6.0094757080078125 0.18529510498046875
      vertex -7.880950927734375 6.839973449707031 0.125
      vertex -8.549720764160156 5.995002746582031 0.125
    endloop
  endfacet
  facet normal -0.47774865133754774 0.3781248457277095 -0.7929551230609146
    outer loop
      vertex -8.475143432617188 5.941978454589844 0.033493995666503906
      vertex -8.517341613769531 5.971977233886719 0.07322311401367188
      vertex -7.812217712402344 6.779563903808594 0.033493995666503906
    endloop
  endfacet
  facet normal -0.7794603819745061 0.6150115739563866 -0.1191733058694156
    outer loop
      vertex -8.570075988769531 6.0094757080078125 0.18529510498046875
      vertex -8.585494995117188 6.002471923828125 0.25
      vertex -7.9173736572265625 6.8492431640625 0.25
    endloop
  endfacet
  facet normal -0.3004120706986505 0.23776773440505033 -0.9236985938359106
    outer loop
      vertex -8.475143432617188 5.941978454589844 0.033493995666503906
      vertex -7.766925811767578 6.7397613525390625 0.008518218994140625
      vertex -8.42599868774414 5.90704345703125 0.008518218994140625
    endloop
  endfacet
  facet normal -0.10608162852623104 0.08396063586267014 -0.9908063886122046
    outer loop
      vertex -8.42599868774414 5.90704345703125 0.008518218994140625
      vertex -7.766925811767578 6.7397613525390625 0.008518218994140625
      vertex -8.34689712524414 5.906463623046875 0
    endloop
  endfacet
  facet normal -0.3004130542584613 0.23776862473194602 -0.9236980447766369
    outer loop
      vertex -8.475143432617188 5.941978454589844 0.033493995666503906
      vertex -7.812217712402344 6.779563903808594 0.033493995666503906
      vertex -7.766925811767578 6.7397613525390625 0.008518218994140625
    endloop
  endfacet
  facet normal -0.09817632603910362 0.07847150325342533 -0.9920703766278939
    outer loop
      vertex -8.34689712524414 5.906463623046875 0
      vertex -7.766925811767578 6.7397613525390625 0.008518218994140625
      vertex -7.68328857421875 6.7367095947265625 0
    endloop
  endfacet
  facet normal -0.8444600421706913 0.5356185533880022 -0.000049432966996926946
    outer loop
      vertex -9.163223266601562 5.091621398925781 0.25
      vertex -9.160221099853516 5.096931457519531 6.5
      vertex -8.585494995117188 6.002471923828125 0.25
    endloop
  endfacet
  facet normal -0.7850551010118334 0.6194259316845809 -0.00005943053895968603
    outer loop
      vertex -8.585494995117188 6.002471923828125 0.25
      vertex -8.581260681152344 6.0084381103515625 6.5
      vertex -7.9173736572265625 6.8492431640625 0.25
    endloop
  endfacet
  facet normal -0.47775754602414544 0.378133068434892 -0.7929458429003836
    outer loop
      vertex -8.517341613769531 5.971977233886719 0.07322311401367188
      vertex -7.851104736328125 6.813743591308594 0.07322311401367188
      vertex -7.812217712402344 6.779563903808594 0.033493995666503906
    endloop
  endfacet
  facet normal -0.6223649731724846 0.49258384908065306 -0.6082951518735792
    outer loop
      vertex -8.549720764160156 5.995002746582031 0.125
      vertex -7.880950927734375 6.839973449707031 0.125
      vertex -7.851104736328125 6.813743591308594 0.07322311401367188
    endloop
  endfacet
  facet normal -0.7245812190932672 0.5734886474693609 -0.38222091538935676
    outer loop
      vertex -8.570075988769531 6.0094757080078125 0.18529510498046875
      vertex -7.899707794189453 6.8564605712890625 0.18529510498046875
      vertex -7.880950927734375 6.839973449707031 0.125
    endloop
  endfacet
  facet normal -0.776019075425986 0.6142004764260773 -0.14336027808628715
    outer loop
      vertex -8.570075988769531 6.0094757080078125 0.18529510498046875
      vertex -7.9173736572265625 6.8492431640625 0.25
      vertex -7.899707794189453 6.8564605712890625 0.18529510498046875
    endloop
  endfacet
  facet normal -0.8441180799952174 0.536157312191684 0.00006007143098565518
    outer loop
      vertex -8.585494995117188 6.002471923828125 0.25
      vertex -9.160221099853516 5.096931457519531 6.5
      vertex -8.581260681152344 6.0084381103515625 6.5
    endloop
  endfacet
  facet normal -0.7845877921331427 0.6200177348757541 0.00006982248738730896
    outer loop
      vertex -7.9173736572265625 6.8492431640625 0.25
      vertex -8.581260681152344 6.0084381103515625 6.5
      vertex -7.911746978759766 6.855659484863281 6.5
    endloop
  endfacet
  facet normal -0.4363441352354954 0.42525145162043104 -0.7929470338807655
    outer loop
      vertex -7.812217712402344 6.779563903808594 0.033493995666503906
      vertex -7.851104736328125 6.813743591308594 0.07322311401367188
      vertex -7.066680908203125 7.544548034667969 0.033493995666503906
    endloop
  endfacet
  facet normal -0.5684182873869277 0.553966401348847 -0.6082942353341187
    outer loop
      vertex -7.851104736328125 6.813743591308594 0.07322311401367188
      vertex -7.880950927734375 6.839973449707031 0.125
      vertex -7.1018524169921875 7.582542419433594 0.07322311401367188
    endloop
  endfacet
  facet normal -0.6617739393794071 0.6449502316414074 -0.38222303942064456
    outer loop
      vertex -7.899707794189453 6.8564605712890625 0.18529510498046875
      vertex -7.128841400146484 7.611701965332031 0.125
      vertex -7.880950927734375 6.839973449707031 0.125
    endloop
  endfacet
  facet normal -0.7124139958736533 0.6918814910181658 -0.11732988054972991
    outer loop
      vertex -7.899707794189453 6.8564605712890625 0.18529510498046875
      vertex -7.9173736572265625 6.8492431640625 0.25
      vertex -7.1659088134765625 7.623008728027344 0.25
    endloop
  endfacet
  facet normal -0.27437421429876063 0.26739822547255604 -0.9236974502195325
    outer loop
      vertex -7.766925811767578 6.7397613525390625 0.008518218994140625
      vertex -7.812217712402344 6.779563903808594 0.033493995666503906
      vertex -7.025726318359375 7.500297546386719 0.008518218994140625
    endloop
  endfacet
  facet normal -0.09743534155156615 0.09495803931790567 -0.9907014307982142
    outer loop
      vertex -7.766925811767578 6.7397613525390625 0.008518218994140625
      vertex -7.025726318359375 7.500297546386719 0.008518218994140625
      vertex -7.68328857421875 6.7367095947265625 0
    endloop
  endfacet
  facet normal -0.7085574575899006 0.6905452984966893 -0.1452360837321582
    outer loop
      vertex -7.899707794189453 6.8564605712890625 0.18529510498046875
      vertex -7.1659088134765625 7.623008728027344 0.25
      vertex -7.145805358886719 7.630027770996094 0.18529510498046875
    endloop
  endfacet
  facet normal -0.2743806103203869 0.26740534228166407 -0.9236934900709423
    outer loop
      vertex -7.812217712402344 6.779563903808594 0.033493995666503906
      vertex -7.066680908203125 7.544548034667969 0.033493995666503906
      vertex -7.025726318359375 7.500297546386719 0.008518218994140625
    endloop
  endfacet
  facet normal -0.43633640107781346 0.42524266239528175 -0.7929560033024745
    outer loop
      vertex -7.851104736328125 6.813743591308594 0.07322311401367188
      vertex -7.1018524169921875 7.582542419433594 0.07322311401367188
      vertex -7.066680908203125 7.544548034667969 0.033493995666503906
    endloop
  endfacet
  facet normal -0.5684251533883827 0.5539745712749472 -0.608280378917594
    outer loop
      vertex -7.880950927734375 6.839973449707031 0.125
      vertex -7.128841400146484 7.611701965332031 0.125
      vertex -7.1018524169921875 7.582542419433594 0.07322311401367188
    endloop
  endfacet
  facet normal -0.6617762070748312 0.6449532688667166 -0.38221398813725677
    outer loop
      vertex -7.899707794189453 6.8564605712890625 0.18529510498046875
      vertex -7.145805358886719 7.630027770996094 0.18529510498046875
      vertex -7.128841400146484 7.611701965332031 0.125
    endloop
  endfacet
  facet normal -0.08906061966655546 0.08776234812952825 -0.9921521941090493
    outer loop
      vertex -7.68328857421875 6.7367095947265625 0
      vertex -7.025726318359375 7.500297546386719 0.008518218994140625
      vertex -6.937267303466797 7.493766784667969 0
    endloop
  endfacet
  facet normal -0.3903023459420559 0.467854533022226 -0.7929541062903216
    outer loop
      vertex -7.1018524169921875 7.582542419433594 0.07322311401367188
      vertex -6.2464447021484375 8.22882080078125 0.033493995666503906
      vertex -7.066680908203125 7.544548034667969 0.033493995666503906
    endloop
  endfacet
  facet normal -0.2454316378964295 0.29419840449913437 -0.9236940023133416
    outer loop
      vertex -7.025726318359375 7.500297546386719 0.008518218994140625
      vertex -7.066680908203125 7.544548034667969 0.033493995666503906
      vertex -6.210254669189453 8.180595397949219 0.008518218994140625
    endloop
  endfacet
  facet normal -0.08763484652276744 0.10504771204926946 -0.9905983605216317
    outer loop
      vertex -7.025726318359375 7.500297546386719 0.008518218994140625
      vertex -6.210254669189453 8.180595397949219 0.008518218994140625
      vertex -6.937267303466797 7.493766784667969 0
    endloop
  endfacet
  facet normal -0.7173688636142157 0.6966935543689623 -0.00006940886512306303
    outer loop
      vertex -7.9173736572265625 6.8492431640625 0.25
      vertex -7.911746978759766 6.855659484863281 6.5
      vertex -7.1659088134765625 7.623008728027344 0.25
    endloop
  endfacet
  facet normal -0.716761813637779 0.6973180738781862 0.0000797088330217234
    outer loop
      vertex -7.1659088134765625 7.623008728027344 0.25
      vertex -7.911746978759766 6.855659484863281 6.5
      vertex -7.158756256103516 7.629646301269531 6.5
    endloop
  endfacet
  facet normal -0.5084553352749053 0.6094813382160494 -0.6082809140494686
    outer loop
      vertex -7.1018524169921875 7.582542419433594 0.07322311401367188
      vertex -7.128841400146484 7.611701965332031 0.125
      vertex -6.277523040771484 8.270233154296875 0.07322311401367188
    endloop
  endfacet
  facet normal -0.591956135495896 0.7095786308762339 -0.3822121142148347
    outer loop
      vertex -7.128841400146484 7.611701965332031 0.125
      vertex -7.145805358886719 7.630027770996094 0.18529510498046875
      vertex -6.301368713378906 8.302009582519531 0.125
    endloop
  endfacet
  facet normal -0.6378070909989221 0.7614775479962785 -0.11555976189430296
    outer loop
      vertex -7.145805358886719 7.630027770996094 0.18529510498046875
      vertex -7.1659088134765625 7.623008728027344 0.25
      vertex -6.339027404785156 8.315597534179688 0.25
    endloop
  endfacet
  facet normal -0.591950381392291 0.7095689954774819 -0.38223891301985313
    outer loop
      vertex -7.145805358886719 7.630027770996094 0.18529510498046875
      vertex -6.3163604736328125 8.321983337402344 0.18529510498046875
      vertex -6.301368713378906 8.302009582519531 0.125
    endloop
  endfacet
  facet normal -0.6336347726305732 0.759535939579232 -0.14701065063761534
    outer loop
      vertex -7.145805358886719 7.630027770996094 0.18529510498046875
      vertex -6.339027404785156 8.315597534179688 0.25
      vertex -6.3163604736328125 8.321983337402344 0.18529510498046875
    endloop
  endfacet
  facet normal -0.6421088786360639 0.7666134499769246 -0.0000793171725569025
    outer loop
      vertex -7.1659088134765625 7.623008728027344 0.25
      vertex -7.158756256103516 7.629646301269531 6.5
      vertex -6.339027404785156 8.315597534179688 0.25
    endloop
  endfacet
  facet normal -0.07908521002341472 0.09601813667132791 -0.9922328592551843
    outer loop
      vertex -6.937267303466797 7.493766784667969 0
      vertex -6.210254669189453 8.180595397949219 0.008518218994140625
      vertex -6.116859436035156 8.16949462890625 0
    endloop
  endfacet
  facet normal -0.2454313003061925 0.2941979406161152 -0.9236942397607815
    outer loop
      vertex -7.066680908203125 7.544548034667969 0.033493995666503906
      vertex -6.2464447021484375 8.22882080078125 0.033493995666503906
      vertex -6.210254669189453 8.180595397949219 0.008518218994140625
    endloop
  endfacet
  facet normal -0.3902914931213529 0.4678392869913161 -0.7929684432211421
    outer loop
      vertex -7.1018524169921875 7.582542419433594 0.07322311401367188
      vertex -6.277523040771484 8.270233154296875 0.07322311401367188
      vertex -6.2464447021484375 8.22882080078125 0.033493995666503906
    endloop
  endfacet
  facet normal -0.5084726169808573 0.6095068228207153 -0.6082409314701169
    outer loop
      vertex -7.128841400146484 7.611701965332031 0.125
      vertex -6.301368713378906 8.302009582519531 0.125
      vertex -6.277523040771484 8.270233154296875 0.07322311401367188
    endloop
  endfacet
  facet normal -0.2138782523599923 0.31787635989684715 -0.9236940581091586
    outer loop
      vertex -6.210254669189453 8.180595397949219 0.008518218994140625
      vertex -6.2464447021484375 8.22882080078125 0.033493995666503906
      vertex -5.329154968261719 8.773429870605469 0.008518218994140625
    endloop
  endfacet
  facet normal -0.3401176926658544 0.5054920279871925 -0.7929676946616747
    outer loop
      vertex -6.277523040771484 8.270233154296875 0.07322311401367188
      vertex -5.360198974609375 8.825126647949219 0.033493995666503906
      vertex -6.2464447021484375 8.22882080078125 0.033493995666503906
    endloop
  endfacet
  facet normal -0.443106469243086 0.6585588031977027 -0.6082408730476235
    outer loop
      vertex -6.277523040771484 8.270233154296875 0.07322311401367188
      vertex -6.301368713378906 8.302009582519531 0.125
      vertex -5.386852264404297 8.869514465332031 0.07322311401367188
    endloop
  endfacet
  facet normal -0.5158505412556923 0.7666773713744269 -0.38223556520633745
    outer loop
      vertex -6.301368713378906 8.302009582519531 0.125
      vertex -6.3163604736328125 8.321983337402344 0.18529510498046875
      vertex -5.4073028564453125 8.903572082519531 0.125
    endloop
  endfacet
  facet normal -0.5564400576677682 0.8230718310477662 -0.11369794702793996
    outer loop
      vertex -6.3163604736328125 8.321983337402344 0.18529510498046875
      vertex -6.339027404785156 8.315597534179688 0.25
      vertex -5.445453643798828 8.919700622558594 0.25
    endloop
  endfacet
  facet normal -0.07677662847015278 0.1141091948991914 -0.9904970676181807
    outer loop
      vertex -6.210254669189453 8.180595397949219 0.008518218994140625
      vertex -5.329154968261719 8.773429870605469 0.008518218994140625
      vertex -6.116859436035156 8.16949462890625 0
    endloop
  endfacet
  facet normal -0.21385802752622102 0.3178415306426757 -0.9237107260724621
    outer loop
      vertex -6.2464447021484375 8.22882080078125 0.033493995666503906
      vertex -5.360198974609375 8.825126647949219 0.033493995666503906
      vertex -5.329154968261719 8.773429870605469 0.008518218994140625
    endloop
  endfacet
  facet normal -0.4431156968361522 0.6585759837299382 -0.6082155480350329
    outer loop
      vertex -6.301368713378906 8.302009582519531 0.125
      vertex -5.4073028564453125 8.903572082519531 0.125
      vertex -5.386852264404297 8.869514465332031 0.07322311401367188
    endloop
  endfacet
  facet normal -0.34012347639350643 0.5055022327608337 -0.792958708559158
    outer loop
      vertex -6.277523040771484 8.270233154296875 0.07322311401367188
      vertex -5.386852264404297 8.869514465332031 0.07322311401367188
      vertex -5.360198974609375 8.825126647949219 0.033493995666503906
    endloop
  endfacet
  facet normal -0.552031553214449 0.8204447342566351 -0.14876693949329764
    outer loop
      vertex -6.3163604736328125 8.321983337402344 0.18529510498046875
      vertex -5.445453643798828 8.919700622558594 0.25
      vertex -5.420158386230469 8.92498779296875 0.18529510498046875
    endloop
  endfacet
  facet normal -0.515841699434358 0.7666583613681658 -0.382285623675482
    outer loop
      vertex -6.3163604736328125 8.321983337402344 0.18529510498046875
      vertex -5.420158386230469 8.92498779296875 0.18529510498046875
      vertex -5.4073028564453125 8.903572082519531 0.125
    endloop
  endfacet
  facet normal -0.06838454800303188 0.10318906444294394 -0.9923082034195883
    outer loop
      vertex -6.116859436035156 8.16949462890625 0
      vertex -5.329154968261719 8.773429870605469 0.008518218994140625
      vertex -5.230888366699219 8.756637573242188 0
    endloop
  endfacet
  facet normal -0.5600719184641141 0.8284439861875097 -0.00008886886935753994
    outer loop
      vertex -6.339027404785156 8.315597534179688 0.25
      vertex -6.330257415771484 8.322196960449219 6.5
      vertex -5.445453643798828 8.919700622558594 0.25
    endloop
  endfacet
  facet normal -0.6413504845570981 0.7672480354452702 0.00008979837809841989
    outer loop
      vertex -6.339027404785156 8.315597534179688 0.25
      vertex -7.158756256103516 7.629646301269531 6.5
      vertex -6.330257415771484 8.322196960449219 6.5
    endloop
  endfacet
  facet normal -0.5591628980880997 0.8290578047996486 0.00009850129482189781
    outer loop
      vertex -5.445453643798828 8.919700622558594 0.25
      vertex -6.330257415771484 8.322196960449219 6.5
      vertex -5.435009002685547 8.926002502441406 6.5
    endloop
  endfacet
  facet normal 0 0 1
    outer loop
      vertex -6.330257415771484 8.322196960449219 6.5
      vertex -6.848163604736328 1.6820755004882812 6.5
      vertex -5.435009002685547 8.926002502441406 6.5
    endloop
  endfacet
  facet normal 0 0 1
    outer loop
      vertex -5.435009002685547 8.926002502441406 6.5
      vertex -6.575103759765625 2.5233535766601562 6.5
      vertex -4.48248291015625 9.434661865234375 6.5
    endloop
  endfacet
  facet normal 0 0 -1
    outer loop
      vertex -1.5851211547851562 -4.957298278808594 0
      vertex -5.035118103027344 1.0182723999023438 0
      vertex -7.68328857421875 6.7367095947265625 0
    endloop
  endfacet
  facet normal 0 0 -1
    outer loop
      vertex -2.8903656005859375 -0.47760009765625 0
      vertex -6.116859436035156 8.16949462890625 0
      vertex -2.919219970703125 -0.06951141357421875 0
    endloop
  endfacet
  facet normal 0 0 -1
    outer loop
      vertex -2.759796142578125 -1.0178070068359375 0
      vertex -1.5851211547851562 -4.957298278808594 0
      vertex -6.116859436035156 8.16949462890625 0
    endloop
  endfacet
  facet normal 0.25874253428844535 -0.024707121055828448 -0.9656302911151479
    outer loop
      vertex -2.919219970703125 -0.06951141357421875 0
      vertex -2.7440719604492188 0.455657958984375 0.033493995666503906
      vertex -2.794219970703125 -0.06951141357421875 0.033493995666503906
    endloop
  endfacet
  facet normal 0.7054968493753816 -0.06736480094088373 -0.7055042020538256
    outer loop
      vertex -2.794219970703125 -0.06951141357421875 0.033493995666503906
      vertex -2.6542205810546875 0.4383392333984375 0.125
      vertex -2.7027130126953125 -0.06951141357421875 0.125
    endloop
  endfacet
  facet normal 0.9618445691095149 -0.09184232075805719 -0.2577208043451398
    outer loop
      vertex -2.7027130126953125 -0.06951141357421875 0.125
      vertex -2.6542205810546875 0.4383392333984375 0.125
      vertex -2.669219970703125 -0.06951141357421875 0.25
    endloop
  endfacet
  facet normal 0.2595274448587964 -0.024982782583290564 -0.9654125366595673
    outer loop
      vertex -2.919219970703125 -0.06951141357421875 0
      vertex -2.865966796875 0.48369598388671875 0
      vertex -2.7440719604492188 0.455657958984375 0.033493995666503906
    endloop
  endfacet
  facet normal 0.7055037402565223 -0.06736799716286948 -0.7054970059768654
    outer loop
      vertex -2.794219970703125 -0.06951141357421875 0.033493995666503906
      vertex -2.7440719604492188 0.455657958984375 0.033493995666503906
      vertex -2.6542205810546875 0.4383392333984375 0.125
    endloop
  endfacet
  facet normal 0.2486042248840546 -0.07299479871233899 -0.965850764212952
    outer loop
      vertex -2.865966796875 0.48369598388671875 0
      vertex -2.5954437255859375 0.96185302734375 0.033493995666503906
      vertex -2.7440719604492188 0.455657958984375 0.033493995666503906
    endloop
  endfacet
  facet normal 0.2507532675727726 -0.07425631145897789 -0.9651988391052305
    outer loop
      vertex -2.865966796875 0.48369598388671875 0
      vertex -2.708160400390625 1.0165863037109375 0
      vertex -2.5954437255859375 0.96185302734375 0.033493995666503906
    endloop
  endfacet
  facet normal 0.9952066413889189 -0.09779410653850557 0.0002316500012058158
    outer loop
      vertex -2.669219970703125 -0.06951141357421875 0.25
      vertex -2.6185302734375 0.4463348388671875 0.25
      vertex -2.6573697258444393 0.06588789995978862 6.5
    endloop
  endfacet
  facet normal 0 0 -1
    outer loop
      vertex -2.759796142578125 -1.0178070068359375 0
      vertex -6.116859436035156 8.16949462890625 0
      vertex -2.8903656005859375 -0.47760009765625 0
    endloop
  endfacet
  facet normal -0.8660255137167105 -0.49999980959167123 0
    outer loop
      vertex -4.0880584716796875 -1.1220855712890625 2.450751304626465
      vertex -5.126625061035156 0.6767654418945312 6
      vertex -5.126625061035156 0.6767654418945312 0.25
    endloop
  endfacet
  facet normal 0.996191925263437 -0.08718743051568151 0
    outer loop
      vertex -2.669219970703125 -0.06951141357421875 0.25
      vertex -2.6573697258444393 0.06588789995978862 6.5
      vertex -2.669219970703125 -0.06951141357421875 6.5
    endloop
  endfacet
  facet normal 0 0 -1
    outer loop
      vertex -1.5851211547851562 -4.957298278808594 0
      vertex -6.937267303466797 7.493766784667969 0
      vertex -6.116859436035156 8.16949462890625 0
    endloop
  endfacet
  facet normal 0 0 -1
    outer loop
      vertex -2.919219970703125 -0.06951141357421875 0
      vertex -5.230888366699219 8.756637573242188 0
      vertex -2.865966796875 0.48369598388671875 0
    endloop
  endfacet
  facet normal 0 0 -1
    outer loop
      vertex -2.865966796875 0.48369598388671875 0
      vertex -4.288883209228516 9.248878479003906 0
      vertex -2.708160400390625 1.0165863037109375 0
    endloop
  endfacet
  facet normal 0 0 -1
    outer loop
      vertex -2.708160400390625 1.0165863037109375 0
      vertex -3.30096435546875 9.64093017578125 0
      vertex -2.45159912109375 1.50958251953125 0
    endloop
  endfacet
  facet normal 0.9588695980267067 -0.09422344237483087 -0.2677518195776435
    outer loop
      vertex -2.6542205810546875 0.4383392333984375 0.125
      vertex -2.6185302734375 0.4463348388671875 0.25
      vertex -2.669219970703125 -0.06951141357421875 0.25
    endloop
  endfacet
  facet normal 0.6800043592456805 -0.1996664919549466 -0.7054979542119713
    outer loop
      vertex -2.7440719604492188 0.455657958984375 0.033493995666503906
      vertex -2.5104904174804688 0.9278411865234375 0.125
      vertex -2.6542205810546875 0.4383392333984375 0.125
    endloop
  endfacet
  facet normal 0.9295324465048334 -0.27293425435948493 -0.24794419471318788
    outer loop
      vertex -2.6542205810546875 0.4383392333984375 0.125
      vertex -2.5104904174804688 0.9278411865234375 0.125
      vertex -2.6185302734375 0.4463348388671875 0.25
    endloop
  endfacet
  facet normal 0.6799935158411613 -0.19965867369177162 -0.705510618228825
    outer loop
      vertex -2.7440719604492188 0.455657958984375 0.033493995666503906
      vertex -2.5954437255859375 0.96185302734375 0.033493995666503906
      vertex -2.5104904174804688 0.9278411865234375 0.125
    endloop
  endfacet
  facet normal 0.9196285927248699 -0.2783026983350714 -0.2771838010098964
    outer loop
      vertex -2.6185302734375 0.4463348388671875 0.25
      vertex -2.5104904174804688 0.9278411865234375 0.125
      vertex -2.468395233154297 0.94244384765625 0.25
    endloop
  endfacet
  facet normal 0.2295915404582893 -0.11836510227561145 -0.9660628484282345
    outer loop
      vertex -2.708160400390625 1.0165863037109375 0
      vertex -2.35369873046875 1.4307632446289062 0.033493995666503906
      vertex -2.5954437255859375 0.96185302734375 0.033493995666503906
    endloop
  endfacet
  facet normal 0.6299153699955551 -0.3247452991004257 -0.7055119540840807
    outer loop
      vertex -2.5954437255859375 0.96185302734375 0.033493995666503906
      vertex -2.2767181396484375 1.3812942504882812 0.125
      vertex -2.5104904174804688 0.9278411865234375 0.125
    endloop
  endfacet
  facet normal 0.8631436298418654 -0.4449833256832607 -0.23868999586759837
    outer loop
      vertex -2.5104904174804688 0.9278411865234375 0.125
      vertex -2.2767181396484375 1.3812942504882812 0.125
      vertex -2.468395233154297 0.94244384765625 0.25
    endloop
  endfacet
  facet normal 0.8455841806106108 -0.4507826460328455 -0.2859762219778214
    outer loop
      vertex -2.468395233154297 0.94244384765625 0.25
      vertex -2.2767181396484375 1.3812942504882812 0.125
      vertex -2.224559783935547 1.3998336791992188 0.25
    endloop
  endfacet
  facet normal 0.9571319668190713 -0.28965216081335304 0.00015436713272429925
    outer loop
      vertex -2.6185302734375 0.4463348388671875 0.25
      vertex -2.468395233154297 0.94244384765625 0.25
      vertex -2.5783525354721966 0.5824297736672794 6.5
    endloop
  endfacet
  facet normal 0.8824376753912575 -0.47042931903562224 0.00006958271652612715
    outer loop
      vertex -2.468395233154297 0.94244384765625 0.25
      vertex -2.224559783935547 1.3998336791992188 0.25
      vertex -2.3992089664234832 1.0731488396139706 6.5
    endloop
  endfacet
  facet normal 0.23266373982390223 -0.12108106476211249 -0.9649906527667658
    outer loop
      vertex -2.708160400390625 1.0165863037109375 0
      vertex -2.45159912109375 1.50958251953125 0
      vertex -2.35369873046875 1.4307632446289062 0.033493995666503906
    endloop
  endfacet
  facet normal 0.6299251373032415 -0.32475566457738253 -0.7054984618823736
    outer loop
      vertex -2.5954437255859375 0.96185302734375 0.033493995666503906
      vertex -2.35369873046875 1.4307632446289062 0.033493995666503906
      vertex -2.2767181396484375 1.3812942504882812 0.125
    endloop
  endfacet
  facet normal 0.5570877535184254 -0.4380963869655667 -0.705496130823912
    outer loop
      vertex -2.35369873046875 1.4307632446289062 0.033493995666503906
      vertex -1.9613571166992188 1.7823104858398438 0.125
      vertex -2.2767181396484375 1.3812942504882812 0.125
    endloop
  endfacet
  facet normal 0.7649850745209961 -0.601587802125592 -0.2299781556883301
    outer loop
      vertex -2.2767181396484375 1.3812942504882812 0.125
      vertex -1.9613571166992188 1.7823104858398438 0.125
      vertex -2.224559783935547 1.3998336791992188 0.25
    endloop
  endfacet
  facet normal 0.20242464261646573 -0.15918572599244815 -0.9662733405728698
    outer loop
      vertex -2.45159912109375 1.50958251953125 0
      vertex -2.0275840759277344 1.845458984375 0.033493995666503906
      vertex -2.35369873046875 1.4307632446289062 0.033493995666503906
    endloop
  endfacet
  facet normal 0.2059018733691827 -0.16372443628874406 -0.964779108140819
    outer loop
      vertex -2.45159912109375 1.50958251953125 0
      vertex -2.105701446533203 1.9445877075195312 0
      vertex -2.0275840759277344 1.845458984375 0.033493995666503906
    endloop
  endfacet
  facet normal 0.5570809617621607 -0.4380856806189436 -0.7055081420357835
    outer loop
      vertex -2.35369873046875 1.4307632446289062 0.033493995666503906
      vertex -2.0275840759277344 1.845458984375 0.033493995666503906
      vertex -1.9613571166992188 1.7823104858398438 0.125
    endloop
  endfacet
  facet normal 0.7397576485778182 -0.6051891146612063 -0.29411691020103353
    outer loop
      vertex -2.224559783935547 1.3998336791992188 0.25
      vertex -1.9613571166992188 1.7823104858398438 0.125
      vertex -1.8963546752929688 1.8010177612304688 0.25
    endloop
  endfacet
  facet normal 0.16814415108489764 -0.19405161414128497 -0.9664737531382324
    outer loop
      vertex -2.0275840759277344 1.845458984375 0.033493995666503906
      vertex -2.105701446533203 1.9445877075195312 0
      vertex -1.6288795471191406 2.1909332275390625 0.033493995666503906
    endloop
  endfacet
  facet normal 0.4640988685085148 -0.5356018262465927 -0.7055089822039341
    outer loop
      vertex -2.0275840759277344 1.845458984375 0.033493995666503906
      vertex -1.5758018493652344 2.11639404296875 0.125
      vertex -1.9613571166992188 1.7823104858398438 0.125
    endloop
  endfacet
  facet normal 0.46410238477596866 -0.5356107620248078 -0.7054998852221477
    outer loop
      vertex -2.0275840759277344 1.845458984375 0.033493995666503906
      vertex -1.6288795471191406 2.1909332275390625 0.033493995666503906
      vertex -1.5758018493652344 2.11639404296875 0.125
    endloop
  endfacet
  facet normal 0.638551677917482 -0.7369322962250546 -0.2217713809517281
    outer loop
      vertex -1.9613571166992188 1.7823104858398438 0.125
      vertex -1.5758018493652344 2.11639404296875 0.125
      vertex -1.8963546752929688 1.8010177612304688 0.25
    endloop
  endfacet
  facet normal 0.17137865690292536 -0.2005707209752406 -0.9645728286892709
    outer loop
      vertex -2.105701446533203 1.9445877075195312 0
      vertex -1.6831741333007812 2.3056182861328125 0
      vertex -1.6288795471191406 2.1909332275390625 0.033493995666503906
    endloop
  endfacet
  facet normal 0.6062911688980469 -0.7358067395241626 -0.30166116851040153
    outer loop
      vertex -1.8963546752929688 1.8010177612304688 0.25
      vertex -1.5758018493652344 2.11639404296875 0.125
      vertex -1.4963302612304688 2.1306304931640625 0.25
    endloop
  endfacet
  facet normal 0.4883979693593158 -0.8459317523064335 -0.21416557605148362
    outer loop
      vertex -1.5758018493652344 2.11639404296875 0.125
      vertex -1.1339874267578125 2.3714752197265625 0.125
      vertex -1.4963302612304688 2.1306304931640625 0.25
    endloop
  endfacet
  facet normal 0.3543542122202803 -0.6137607002623174 -0.7055004571899683
    outer loop
      vertex -1.6288795471191406 2.1909332275390625 0.033493995666503906
      vertex -1.1339874267578125 2.3714752197265625 0.125
      vertex -1.5758018493652344 2.11639404296875 0.125
    endloop
  endfacet
  facet normal 0.12800715112320848 -0.22171701976739105 -0.9666725052502457
    outer loop
      vertex -1.6831741333007812 2.3056182861328125 0
      vertex -1.1719970703125 2.4547119140625 0.033493995666503906
      vertex -1.6288795471191406 2.1909332275390625 0.033493995666503906
    endloop
  endfacet
  facet normal 0.1303376120653446 -0.23022449663509512 -0.964369632469947
    outer loop
      vertex -1.6831741333007812 2.3056182861328125 0
      vertex -1.1995353698730469 2.5794219970703125 0
      vertex -1.1719970703125 2.4547119140625 0.033493995666503906
    endloop
  endfacet
  facet normal 0.7739917275524174 -0.633195708422974 -0.00002269696855937532
    outer loop
      vertex -2.224559783935547 1.3998336791992188 0.25
      vertex -1.8963546752929688 1.8010177612304688 0.25
      vertex -2.1270213407628678 1.5188365263097428 6.5
    endloop
  endfacet
  facet normal 0.6359151502367928 -0.7717589787101711 0.00002189865255360946
    outer loop
      vertex -1.8963546752929688 1.8010177612304688 0.25
      vertex -1.4963302612304688 2.1306304931640625 0.25
      vertex -1.6129769717945772 2.0346931008731617 6.5
    endloop
  endfacet
  facet normal 0.35435550725478876 -0.6137676396771966 -0.7054937696133712
    outer loop
      vertex -1.6288795471191406 2.1909332275390625 0.033493995666503906
      vertex -1.1719970703125 2.4547119140625 0.033493995666503906
      vertex -1.1339874267578125 2.3714752197265625 0.125
    endloop
  endfacet
  facet normal 0.4504298902282862 -0.8377987557576759 -0.30855495270668426
    outer loop
      vertex -1.4963302612304688 2.1306304931640625 0.25
      vertex -1.1339874267578125 2.3714752197265625 0.125
      vertex -1.0398025512695312 2.3760757446289062 0.25
    endloop
  endfacet
  facet normal 0.2318012241917124 -0.6697339471399798 -0.7054960187779421
    outer loop
      vertex -1.1719970703125 2.4547119140625 0.033493995666503906
      vertex -0.6518783569335938 2.5383377075195312 0.125
      vertex -1.1339874267578125 2.3714752197265625 0.125
    endloop
  endfacet
  facet normal 0.3199837840425213 -0.9245162680001355 -0.20707498195805932
    outer loop
      vertex -1.1339874267578125 2.3714752197265625 0.125
      vertex -0.6518783569335938 2.5383377075195312 0.125
      vertex -1.0398025512695312 2.3760757446289062 0.25
    endloop
  endfacet
  facet normal 0.23180130655005085 -0.6697199618213323 -0.7055092678482137
    outer loop
      vertex -1.1719970703125 2.4547119140625 0.033493995666503906
      vertex -0.6734542846679688 2.6272659301757812 0.033493995666503906
      vertex -0.6518783569335938 2.5383377075195312 0.125
    endloop
  endfacet
  facet normal 0.27812473873801846 -0.9074748639660487 -0.3148587000095603
    outer loop
      vertex -1.0398025512695312 2.3760757446289062 0.25
      vertex -0.6518783569335938 2.5383377075195312 0.125
      vertex -0.5442237854003906 2.5279617309570312 0.25
    endloop
  endfacet
  facet normal 0.47353532447274477 -0.8807748203599547 0.00011088905256196888
    outer loop
      vertex -1.4963302612304688 2.1306304931640625 0.25
      vertex -1.0398025512695312 2.3760757446289062 0.25
      vertex -1.1678843778722428 2.308001349954044 6.5
    endloop
  endfacet
  facet normal 0.293028590788575 -0.9561036597125815 0.000192001745126056
    outer loop
      vertex -1.0398025512695312 2.3760757446289062 0.25
      vertex -0.5442237854003906 2.5279617309570312 0.25
      vertex -0.6775306252872243 2.488360685460708 6.5
    endloop
  endfacet
  facet normal 0.995206641388919 -0.09779410653850458 0.0002316500012058774
    outer loop
      vertex -2.6185302734375 0.4463348388671875 0.25
      vertex -2.6219218352153013 0.42662514094532933 6.5
      vertex -2.6573697258444393 0.06588789995978862 6.5
    endloop
  endfacet
  facet normal 0.995206641388915 -0.09779410653854465 0.00023165000120574898
    outer loop
      vertex -2.6185302734375 0.4463348388671875 0.25
      vertex -2.6215887630687043 0.43001466638901653 6.5
      vertex -2.6219218352153013 0.42662514094532933 6.5
    endloop
  endfacet
  facet normal 0.9620406520192079 -0.2729060742768464 -0.00024183725496655105
    outer loop
      vertex -2.6185302734375 0.4463348388671875 0.25
      vertex -2.5783525354721966 0.5824297736672794 6.5
      vertex -2.6215887630687043 0.43001466638901653 6.5
    endloop
  endfacet
  facet normal 0.9571319668190723 -0.28965216081334927 0.00015436713272450728
    outer loop
      vertex -2.468395233154297 0.94244384765625 0.25
      vertex -2.56831692243167 0.6155916393365779 6.5
      vertex -2.5783525354721966 0.5824297736672794 6.5
    endloop
  endfacet
  facet normal 0.9571319668190711 -0.28965216081335415 0.0001543671327242583
    outer loop
      vertex -2.468395233154297 0.94244384765625 0.25
      vertex -2.4730038848327323 0.9305458067227353 6.5
      vertex -2.56831692243167 0.6155916393365779 6.5
    endloop
  endfacet
  facet normal 0.9571319668190927 -0.2896521608132822 0.00015436713272441138
    outer loop
      vertex -2.468395233154297 0.94244384765625 0.25
      vertex -2.4723748599781707 0.9326243681066176 6.5
      vertex -2.4730038848327323 0.9305458067227353 6.5
    endloop
  endfacet
  facet normal 0.8869759606058122 -0.4618155686559964 -0.0001607928331457936
    outer loop
      vertex -2.468395233154297 0.94244384765625 0.25
      vertex -2.3992089664234832 1.0731488396139706 6.5
      vertex -2.4723748599781707 0.9326243681066176 6.5
    endloop
  endfacet
  facet normal 0.8824376753912578 -0.4704293190356213 0.00006958271652618552
    outer loop
      vertex -2.224559783935547 1.3998336791992188 0.25
      vertex -2.3797858588786256 1.1095829672867417 6.5
      vertex -2.3992089664234832 1.0731488396139706 6.5
    endloop
  endfacet
  facet normal 0.8824376753912572 -0.47042931903562263 0.00006958271652611036
    outer loop
      vertex -2.224559783935547 1.3998336791992188 0.25
      vertex -2.227531551692196 1.3951836547127003 6.5
      vertex -2.3797858588786256 1.1095829672867417 6.5
    endloop
  endfacet
  facet normal 0.8824376753913168 -0.47042931903551094 0.00006958271652622197
    outer loop
      vertex -2.224559783935547 1.3998336791992188 0.25
      vertex -2.2270898257984832 1.3960122501148897 6.5
      vertex -2.227531551692196 1.3951836547127003 6.5
    endloop
  endfacet
  facet normal 0.7752676069773684 -0.6316329094774117 -0.00007236493924241648
    outer loop
      vertex -2.224559783935547 1.3998336791992188 0.25
      vertex -2.1270213407628678 1.5188365263097428 6.5
      vertex -2.2270898257984832 1.3960122501148897 6.5
    endloop
  endfacet
  facet normal 0.7739917275524172 -0.6331957084229743 -0.000022696968559395556
    outer loop
      vertex -1.8963546752929688 1.8010177612304688 0.25
      vertex -1.8953471464269303 1.8020252900965072 6.5
      vertex -2.1270213407628678 1.5188365263097428 6.5
    endloop
  endfacet
  facet normal 0.6359151502367121 -0.7717589787102375 0.000021898652553641524
    outer loop
      vertex -1.8963546752929688 1.8010177612304688 0.25
      vertex -1.8951222013851667 1.8022106406579832 6.5
      vertex -1.8953471464269303 1.8020252900965072 6.5
    endloop
  endfacet
  facet normal 0.6359151502367928 -0.7717589787101711 0.000021898652553612867
    outer loop
      vertex -1.8963546752929688 1.8010177612304688 0.25
      vertex -1.6521447629768493 2.002419564055041 6.5
      vertex -1.8951222013851667 1.8022106406579832 6.5
    endloop
  endfacet
  facet normal 0.6359151502367925 -0.7717589787101714 0.000021898652553630007
    outer loop
      vertex -1.8963546752929688 1.8010177612304688 0.25
      vertex -1.6129769717945772 2.0346931008731617 6.5
      vertex -1.6521447629768493 2.002419564055041 6.5
    endloop
  endfacet
  facet normal 0.6315316963597946 -0.7753500520796585 -0.00011503473788722864
    outer loop
      vertex -1.4963302612304688 2.1306304931640625 0.25
      vertex -1.4901392319623161 2.1347458783318016 6.5
      vertex -1.6129769717945772 2.0346931008731617 6.5
    endloop
  endfacet
  facet normal 0.47353532447268504 -0.8807748203599867 0.00011088905256208626
    outer loop
      vertex -1.4963302612304688 2.1306304931640625 0.25
      vertex -1.4887996025056611 2.135466109944657 6.5
      vertex -1.4901392319623161 2.1347458783318016 6.5
    endloop
  endfacet
  facet normal 0.47353532447274455 -0.8807748203599549 0.00011088905256199001
    outer loop
      vertex -1.4963302612304688 2.1306304931640625 0.25
      vertex -1.2007632472573846 2.290324520731988 6.5
      vertex -1.4887996025056611 2.135466109944657 6.5
    endloop
  endfacet
  facet normal 0.4735353244727437 -0.8807748203599551 0.00011088905256203833
    outer loop
      vertex -1.4963302612304688 2.1306304931640625 0.25
      vertex -1.1678843778722428 2.308001349954044 6.5
      vertex -1.2007632472573846 2.290324520731988 6.5
    endloop
  endfacet
  facet normal 0.4616920679516629 -0.8870402439389098 -0.0002000582827442085
    outer loop
      vertex -1.0398025512695312 2.3760757446289062 0.25
      vertex -1.0273509306066178 2.3811470480526196 6.5
      vertex -1.1678843778722428 2.308001349954044 6.5
    endloop
  endfacet
  facet normal 0.2930285907885352 -0.9561036597125936 0.0001920017451261364
    outer loop
      vertex -1.0398025512695312 2.3760757446289062 0.25
      vertex -1.0247162298167938 2.3819545364998698 6.5
      vertex -1.0273509306066178 2.3811470480526196 6.5
    endloop
  endfacet
  facet normal 0.2930285907885758 -0.9561036597125812 0.00019200174512602725
    outer loop
      vertex -1.0398025512695312 2.3760757446289062 0.25
      vertex -0.7089786558082702 2.4787224292182537 6.5
      vertex -1.0247162298167938 2.3819545364998698 6.5
    endloop
  endfacet
  facet normal 0.29302859078857185 -0.9561036597125824 0.00019200174512627304
    outer loop
      vertex -1.0398025512695312 2.3760757446289062 0.25
      vertex -0.6775306252872243 2.488360685460708 6.5
      vertex -0.7089786558082702 2.4787224292182537 6.5
    endloop
  endfacet
  facet normal 0.27277879333603844 -0.9620767395372142 -0.000277754528895473
    outer loop
      vertex -0.5442237854003906 2.5279617309570312 0.25
      vertex -0.5251099081600413 2.531576717601103 6.5
      vertex -0.6775306252872243 2.488360685460708 6.5
    endloop
  endfacet
  facet normal 0.10129754760510229 -0.9948561384886749 0.0002656324421978886
    outer loop
      vertex -0.5442237854003906 2.5279617309570312 0.25
      vertex -0.5211378755331976 2.5319811551358784 6.5
      vertex -0.5251099081600413 2.531576717601103 6.5
    endloop
  endfacet
  facet normal 0.10129754760507002 -0.9948561384886783 0.0002656324421980098
    outer loop
      vertex -0.5442237854003906 2.5279617309570312 0.25
      vertex -0.19113626542429898 2.5655823488326255 6.5
      vertex -0.5211378755331976 2.5319811551358784 6.5
    endloop
  endfacet
  facet normal 0 0 -1
    outer loop
      vertex -2.45159912109375 1.50958251953125 0
      vertex -2.277759552001953 9.928558349609375 0
      vertex -2.105701446533203 1.9445877075195312 0
    endloop
  endfacet
  facet normal 0 0 -1
    outer loop
      vertex -2.105701446533203 1.9445877075195312 0
      vertex -1.2302703857421875 10.108688354492188 0
      vertex -1.6831741333007812 2.3056182861328125 0
    endloop
  endfacet
  facet normal 0.08349673125033785 -0.24123862154809778 -0.966867221155047
    outer loop
      vertex -1.1719970703125 2.4547119140625 0.033493995666503906
      vertex -1.1995353698730469 2.5794219970703125 0
      vertex -0.6734542846679688 2.6272659301757812 0.033493995666503906
    endloop
  endfacet
  facet normal 0.08426460606067697 -0.25157552155654267 -0.9641624516226466
    outer loop
      vertex -1.1995353698730469 2.5794219970703125 0
      vertex -0.67254638671875 2.7559356689453125 0
      vertex -0.6734542846679688 2.6272659301757812 0.033493995666503906
    endloop
  endfacet
  facet normal 0.10085542833007236 -0.7014889304956561 -0.7055079467790695
    outer loop
      vertex -0.6518783569335938 2.5383377075195312 0.125
      vertex -0.6734542846679688 2.6272659301757812 0.033493995666503906
      vertex -0.14690780639648438 2.6109390258789062 0.125
    endloop
  endfacet
  facet normal 0.03623085358911736 -0.2519886976838876 -0.9670517160357983
    outer loop
      vertex -0.6734542846679688 2.6272659301757812 0.033493995666503906
      vertex -0.67254638671875 2.7559356689453125 0
      vertex -0.1512603759765625 2.7023468017578125 0.033493995666503906
    endloop
  endfacet
  facet normal 0.1394183617906492 -0.9697092077573134 -0.20056563211651013
    outer loop
      vertex -0.6518783569335938 2.5383377075195312 0.125
      vertex -0.14690780639648438 2.6109390258789062 0.125
      vertex -0.5442237854003906 2.5279617309570312 0.25
    endloop
  endfacet
  facet normal 0.10085799567664681 -0.701476020128858 -0.7055204163539619
    outer loop
      vertex -0.6734542846679688 2.6272659301757812 0.033493995666503906
      vertex -0.1512603759765625 2.7023468017578125 0.033493995666503906
      vertex -0.14690780639648438 2.6109390258789062 0.125
    endloop
  endfacet
  facet normal 0.09595167302128246 -0.9423536221789394 -0.32056657219780377
    outer loop
      vertex -0.5442237854003906 2.5279617309570312 0.25
      vertex -0.14690780639648438 2.6109390258789062 0.125
      vertex -0.028560638427734375 2.5804672241210938 0.25
    endloop
  endfacet
  facet normal 0.03482308603633864 -0.2637515510136677 -0.9639618623248486
    outer loop
      vertex -0.67254638671875 2.7559356689453125 0
      vertex -0.12156295776367188 2.8286819458007812 0
      vertex -0.1512603759765625 2.7023468017578125 0.033493995666503906
    endloop
  endfacet
  facet normal 0.1012975476050701 -0.9948561384886783 0.00026563244219802247
    outer loop
      vertex -0.5442237854003906 2.5279617309570312 0.25
      vertex -0.028560638427734375 2.5804672241210938 0.25
      vertex -0.16111239264993107 2.5686394186580883 6.5
    endloop
  endfacet
  facet normal 0 0 -1
    outer loop
      vertex -1.6831741333007812 2.3056182861328125 0
      vertex -0.16976165771484375 10.17938232421875 0
      vertex -1.1995353698730469 2.5794219970703125 0
    endloop
  endfacet
  facet normal 0 0 -1
    outer loop
      vertex -1.1995353698730469 2.5794219970703125 0
      vertex 0.8923721313476562 10.139869689941406 0
      vertex -0.67254638671875 2.7559356689453125 0
    endloop
  endfacet
  facet normal 0.10129754760507355 -0.9948561384886779 0.00026563244219779733
    outer loop
      vertex -0.5442237854003906 2.5279617309570312 0.25
      vertex -0.16111239264993107 2.5686394186580883 6.5
      vertex -0.19113626542429898 2.5655823488326255 6.5
    endloop
  endfacet
  facet normal 0.07260280665935184 -0.9973608732991991 -0.00034767376026305114
    outer loop
      vertex -0.028560638427734375 2.5804672241210938 0.25
      vertex -0.0031009000890395225 2.5801418528837314 6.5
      vertex -0.16111239264993107 2.5686394186580883 6.5
    endloop
  endfacet
  facet normal 0 0 -1
    outer loop
      vertex -6.116859436035156 8.16949462890625 0
      vertex -5.230888366699219 8.756637573242188 0
      vertex -2.919219970703125 -0.06951141357421875 0
    endloop
  endfacet
  facet normal 0 0 -1
    outer loop
      vertex -2.865966796875 0.48369598388671875 0
      vertex -5.230888366699219 8.756637573242188 0
      vertex -4.288883209228516 9.248878479003906 0
    endloop
  endfacet
  facet normal 0 0 -1
    outer loop
      vertex -2.708160400390625 1.0165863037109375 0
      vertex -4.288883209228516 9.248878479003906 0
      vertex -3.30096435546875 9.64093017578125 0
    endloop
  endfacet
  facet normal 0 0 -1
    outer loop
      vertex -2.45159912109375 1.50958251953125 0
      vertex -3.30096435546875 9.64093017578125 0
      vertex -2.277759552001953 9.928558349609375 0
    endloop
  endfacet
  facet normal -0.4691677731499621 0.8759993804795185 -0.11183329574418029
    outer loop
      vertex -5.420158386230469 8.92498779296875 0.18529510498046875
      vertex -5.445453643798828 8.919700622558594 0.25
      vertex -4.494621276855469 9.428947448730469 0.25
    endloop
  endfacet
  facet normal -0.06499294020156382 0.12206431008415045 -0.9903919536868403
    outer loop
      vertex -5.329154968261719 8.773429870605469 0.008518218994140625
      vertex -4.391773223876953 9.272537231445312 0.008518218994140625
      vertex -5.230888366699219 8.756637573242188 0
    endloop
  endfacet
  facet normal -0.18004528193018024 0.33814600562085373 -0.9237104391189609
    outer loop
      vertex -5.329154968261719 8.773429870605469 0.008518218994140625
      vertex -5.360198974609375 8.825126647949219 0.033493995666503906
      vertex -4.391773223876953 9.272537231445312 0.008518218994140625
    endloop
  endfacet
  facet normal -0.2863452166741816 0.5377942723096213 -0.7929588498521097
    outer loop
      vertex -5.360198974609375 8.825126647949219 0.033493995666503906
      vertex -5.386852264404297 8.869514465332031 0.07322311401367188
      vertex -4.417335510253906 9.3271484375 0.033493995666503906
    endloop
  endfacet
  facet normal -0.37305331943999365 0.7006462482086149 -0.6082154681738982
    outer loop
      vertex -5.386852264404297 8.869514465332031 0.07322311401367188
      vertex -5.4073028564453125 8.903572082519531 0.125
      vertex -4.4392852783203125 9.374038696289062 0.07322311401367188
    endloop
  endfacet
  facet normal -0.4342816916619096 0.8156307635287466 -0.38229029528982783
    outer loop
      vertex -5.4073028564453125 8.903572082519531 0.125
      vertex -5.420158386230469 8.92498779296875 0.18529510498046875
      vertex -4.456123352050781 9.410026550292969 0.125
    endloop
  endfacet
  facet normal -0.05705316025045402 0.10918306580547874 -0.9923829880881437
    outer loop
      vertex -5.230888366699219 8.756637573242188 0
      vertex -4.391773223876953 9.272537231445312 0.008518218994140625
      vertex -4.288883209228516 9.248878479003906 0
    endloop
  endfacet
  facet normal -0.472129447521848 0.8815292251607405 -0.0000998509842838889
    outer loop
      vertex -5.445453643798828 8.919700622558594 0.25
      vertex -5.435009002685547 8.926002502441406 6.5
      vertex -4.494621276855469 9.428947448730469 0.25
    endloop
  endfacet
  facet normal -0.4342833434359185 0.8156355489808648 -0.38227820870774626
    outer loop
      vertex -5.420158386230469 8.92498779296875 0.18529510498046875
      vertex -4.466712951660156 9.432647705078125 0.18529510498046875
      vertex -4.456123352050781 9.410026550292969 0.125
    endloop
  endfacet
  facet normal -0.4646265840165434 0.8726237481897721 -0.15049894192435756
    outer loop
      vertex -5.420158386230469 8.92498779296875 0.18529510498046875
      vertex -4.494621276855469 9.428947448730469 0.25
      vertex -4.466712951660156 9.432647705078125 0.18529510498046875
    endloop
  endfacet
  facet normal -0.2863502530869483 0.5378057774693771 -0.7929492280578875
    outer loop
      vertex -5.386852264404297 8.869514465332031 0.07322311401367188
      vertex -4.4392852783203125 9.374038696289062 0.07322311401367188
      vertex -4.417335510253906 9.3271484375 0.033493995666503906
    endloop
  endfacet
  facet normal -0.18005374276068234 0.3381647952400937 -0.9237019113210146
    outer loop
      vertex -5.360198974609375 8.825126647949219 0.033493995666503906
      vertex -4.417335510253906 9.3271484375 0.033493995666503906
      vertex -4.391773223876953 9.272537231445312 0.008518218994140625
    endloop
  endfacet
  facet normal -0.37303642992183633 0.7006051463897608 -0.6082731712013548
    outer loop
      vertex -5.4073028564453125 8.903572082519531 0.125
      vertex -4.456123352050781 9.410026550292969 0.125
      vertex -4.4392852783203125 9.374038696289062 0.07322311401367188
    endloop
  endfacet
  facet normal -0.14432976751409157 0.35488625304195287 -0.9237016107007561
    outer loop
      vertex -4.391773223876953 9.272537231445312 0.008518218994140625
      vertex -4.417335510253906 9.3271484375 0.033493995666503906
      vertex -3.408039093017578 9.672615051269531 0.008518218994140625
    endloop
  endfacet
  facet normal -0.05237375698002456 0.12877957674639803 -0.9902892558201447
    outer loop
      vertex -4.391773223876953 9.272537231445312 0.008518218994140625
      vertex -3.408039093017578 9.672615051269531 0.008518218994140625
      vertex -4.288883209228516 9.248878479003906 0
    endloop
  endfacet
  facet normal -0.34811206741914824 0.855969040047976 -0.3822760664709638
    outer loop
      vertex -4.456123352050781 9.410026550292969 0.125
      vertex -4.466712951660156 9.432647705078125 0.18529510498046875
      vertex -3.4579124450683594 9.815986633300781 0.125
    endloop
  endfacet
  facet normal -0.3769068855129406 0.9196996231293785 -0.10997182761332251
    outer loop
      vertex -4.466712951660156 9.432647705078125 0.18529510498046875
      vertex -4.494621276855469 9.428947448730469 0.25
      vertex -3.496562957763672 9.837966918945312 0.25
    endloop
  endfacet
  facet normal -0.22953485711030855 0.5644002987593962 -0.7929476982321433
    outer loop
      vertex -4.417335510253906 9.3271484375 0.033493995666503906
      vertex -4.4392852783203125 9.374038696289062 0.07322311401367188
      vertex -3.4278488159179688 9.729560852050781 0.033493995666503906
    endloop
  endfacet
  facet normal -0.299019948022322 0.735244185801986 -0.608278766626867
    outer loop
      vertex -4.4392852783203125 9.374038696289062 0.07322311401367188
      vertex -4.456123352050781 9.410026550292969 0.125
      vertex -3.4448623657226562 9.778465270996094 0.07322311401367188
    endloop
  endfacet
  facet normal -0.3792068850031948 0.92531190761048 -0.00010954646577168761
    outer loop
      vertex -4.494621276855469 9.428947448730469 0.25
      vertex -4.48248291015625 9.434661865234375 6.5
      vertex -3.496562957763672 9.837966918945312 0.25
    endloop
  endfacet
  facet normal -0.34811285815813015 0.8559724271601097 -0.3822677620812512
    outer loop
      vertex -4.466712951660156 9.432647705078125 0.18529510498046875
      vertex -3.4661178588867188 9.839576721191406 0.18529510498046875
      vertex -3.4579124450683594 9.815986633300781 0.125
    endloop
  endfacet
  facet normal -0.3723233688338305 0.9155034933077765 -0.15240952319814408
    outer loop
      vertex -4.466712951660156 9.432647705078125 0.18529510498046875
      vertex -3.496562957763672 9.837966918945312 0.25
      vertex -3.4661178588867188 9.839576721191406 0.18529510498046875
    endloop
  endfacet
  facet normal -0.14433756708600537 0.3549097815082449 -0.9236913519771974
    outer loop
      vertex -4.417335510253906 9.3271484375 0.033493995666503906
      vertex -3.4278488159179688 9.729560852050781 0.033493995666503906
      vertex -3.408039093017578 9.672615051269531 0.008518218994140625
    endloop
  endfacet
  facet normal -0.045228449168745376 0.11396975967048252 -0.9924541708645507
    outer loop
      vertex -4.288883209228516 9.248878479003906 0
      vertex -3.408039093017578 9.672615051269531 0.008518218994140625
      vertex -3.30096435546875 9.64093017578125 0
    endloop
  endfacet
  facet normal -0.22952092524013512 0.5643567491694703 -0.7929827265103446
    outer loop
      vertex -4.4392852783203125 9.374038696289062 0.07322311401367188
      vertex -3.4448623657226562 9.778465270996094 0.07322311401367188
      vertex -3.4278488159179688 9.729560852050781 0.033493995666503906
    endloop
  endfacet
  facet normal -0.29903366488419897 0.73529068087364 -0.6082158185104227
    outer loop
      vertex -4.456123352050781 9.410026550292969 0.125
      vertex -3.4579124450683594 9.815986633300781 0.125
      vertex -3.4448623657226562 9.778465270996094 0.07322311401367188
    endloop
  endfacet
  facet normal -0.03906251828222115 0.1341965137557883 -0.9901845360139915
    outer loop
      vertex -3.408039093017578 9.672615051269531 0.008518218994140625
      vertex -2.3883819580078125 9.96942138671875 0.008518218994140625
      vertex -3.30096435546875 9.64093017578125 0
    endloop
  endfacet
  facet normal -0.2806072359936584 0.9536926251623792 -0.10830492056637564
    outer loop
      vertex -3.4661178588867188 9.839576721191406 0.18529510498046875
      vertex -3.496562957763672 9.837966918945312 0.25
      vertex -2.4618072509765625 10.142425537109375 0.25
    endloop
  endfacet
  facet normal -0.10708124262341903 0.3678700217144184 -0.923691103455077
    outer loop
      vertex -3.408039093017578 9.672615051269531 0.008518218994140625
      vertex -3.4278488159179688 9.729560852050781 0.033493995666503906
      vertex -2.3883819580078125 9.96942138671875 0.008518218994140625
    endloop
  endfacet
  facet normal -0.17027748941855977 0.5849663377831459 -0.7929816897368354
    outer loop
      vertex -3.4278488159179688 9.729560852050781 0.033493995666503906
      vertex -3.4448623657226562 9.778465270996094 0.07322311401367188
      vertex -2.402233123779297 10.028106689453125 0.033493995666503906
    endloop
  endfacet
  facet normal -0.2218477911025029 0.7621384942719637 -0.6082174554645765
    outer loop
      vertex -3.4448623657226562 9.778465270996094 0.07322311401367188
      vertex -3.4579124450683594 9.815986633300781 0.125
      vertex -2.41412353515625 10.078498840332031 0.07322311401367188
    endloop
  endfacet
  facet normal -0.25826092186221494 0.8872272785693893 -0.3822682989749923
    outer loop
      vertex -3.4579124450683594 9.815986633300781 0.125
      vertex -3.4661178588867188 9.839576721191406 0.18529510498046875
      vertex -2.423248291015625 10.117164611816406 0.125
    endloop
  endfacet
  facet normal -0.10707556740142632 0.3678442919421952 -0.9237020080909252
    outer loop
      vertex -3.4278488159179688 9.729560852050781 0.033493995666503906
      vertex -2.402233123779297 10.028106689453125 0.033493995666503906
      vertex -2.3883819580078125 9.96942138671875 0.008518218994140625
    endloop
  endfacet
  facet normal -0.03302709861194698 0.11749018009796687 -0.9925246940695349
    outer loop
      vertex -3.30096435546875 9.64093017578125 0
      vertex -2.3883819580078125 9.96942138671875 0.008518218994140625
      vertex -2.277759552001953 9.928558349609375 0
    endloop
  endfacet
  facet normal -0.17028268602873525 0.5849911296640432 -0.7929622847608995
    outer loop
      vertex -3.4448623657226562 9.778465270996094 0.07322311401367188
      vertex -2.41412353515625 10.078498840332031 0.07322311401367188
      vertex -2.402233123779297 10.028106689453125 0.033493995666503906
    endloop
  endfacet
  facet normal -0.22184544154469057 0.7621258607205387 -0.6082341428157577
    outer loop
      vertex -3.4579124450683594 9.815986633300781 0.125
      vertex -2.423248291015625 10.117164611816406 0.125
      vertex -2.41412353515625 10.078498840332031 0.07322311401367188
    endloop
  endfacet
  facet normal -0.25826176502982856 0.8872339165122534 -0.382252322575031
    outer loop
      vertex -3.4661178588867188 9.839576721191406 0.18529510498046875
      vertex -2.428985595703125 10.141471862792969 0.18529510498046875
      vertex -2.423248291015625 10.117164611816406 0.125
    endloop
  endfacet
  facet normal -0.2761498847549755 0.9486868633739352 -0.1540599766699265
    outer loop
      vertex -3.4661178588867188 9.839576721191406 0.18529510498046875
      vertex -2.4618072509765625 10.142425537109375 0.25
      vertex -2.428985595703125 10.141471862792969 0.18529510498046875
    endloop
  endfacet
  facet normal -0.2822676107200113 0.9593356982140111 -0.00011861977961316242
    outer loop
      vertex -3.496562957763672 9.837966918945312 0.25
      vertex -3.4827499389648438 9.842803955078125 6.5
      vertex -2.4618072509765625 10.142425537109375 0.25
    endloop
  endfacet
  facet normal -0.4710535263095175 0.8821046216942915 0.00010833715662770758
    outer loop
      vertex -4.494621276855469 9.428947448730469 0.25
      vertex -5.435009002685547 8.926002502441406 6.5
      vertex -4.48248291015625 9.434661865234375 6.5
    endloop
  endfacet
  facet normal -0.3779667035633728 0.9258191815244818 0.00011882245570674433
    outer loop
      vertex -3.496562957763672 9.837966918945312 0.25
      vertex -4.48248291015625 9.434661865234375 6.5
      vertex -3.4827499389648438 9.842803955078125 6.5
    endloop
  endfacet
  facet normal -0.28087621142605945 0.9597439957662892 0.00012824001139247402
    outer loop
      vertex -2.4618072509765625 10.142425537109375 0.25
      vertex -3.4827499389648438 9.842803955078125 6.5
      vertex -2.4463882446289062 10.146102905273438 6.5
    endloop
  endfacet
  facet normal 0 0 -1
    outer loop
      vertex -2.105701446533203 1.9445877075195312 0
      vertex -2.277759552001953 9.928558349609375 0
      vertex -1.2302703857421875 10.108688354492188 0
    endloop
  endfacet
  facet normal 0 0 -1
    outer loop
      vertex -1.6831741333007812 2.3056182861328125 0
      vertex -1.2302703857421875 10.108688354492188 0
      vertex -0.16976165771484375 10.17938232421875 0
    endloop
  endfacet
  facet normal 0 0 -1
    outer loop
      vertex -1.1995353698730469 2.5794219970703125 0
      vertex -0.16976165771484375 10.17938232421875 0
      vertex 0.8923721313476562 10.139869689941406 0
    endloop
  endfacet
  facet normal -0.06868462820115077 0.37690534906293677 -0.9237016724552443
    outer loop
      vertex -2.402233123779297 10.028106689453125 0.033493995666503906
      vertex -1.3436126708984375 10.159812927246094 0.008518218994140625
      vertex -2.3883819580078125 9.96942138671875 0.008518218994140625
    endloop
  endfacet
  facet normal -0.025186073797022358 0.13820801225262438 -0.9900829293730246
    outer loop
      vertex -2.3883819580078125 9.96942138671875 0.008518218994140625
      vertex -1.3436126708984375 10.159812927246094 0.008518218994140625
      vertex -2.277759552001953 9.928558349609375 0
    endloop
  endfacet
  facet normal -0.10923063736246016 0.5993977373659991 -0.7929634419706317
    outer loop
      vertex -2.402233123779297 10.028106689453125 0.033493995666503906
      vertex -2.41412353515625 10.078498840332031 0.07322311401367188
      vertex -1.3513565063476562 10.219612121582031 0.033493995666503906
    endloop
  endfacet
  facet normal -0.1423043863816022 0.7808971536522805 -0.6082344096105731
    outer loop
      vertex -2.41412353515625 10.078498840332031 0.07322311401367188
      vertex -2.423248291015625 10.117164611816406 0.125
      vertex -1.358001708984375 10.270957946777344 0.07322311401367188
    endloop
  endfacet
  facet normal -0.16566444606261188 0.9090870824828305 -0.38225118413632575
    outer loop
      vertex -2.423248291015625 10.117164611816406 0.125
      vertex -2.428985595703125 10.141471862792969 0.18529510498046875
      vertex -1.3631057739257812 10.310356140136719 0.125
    endloop
  endfacet
  facet normal -0.1813361892365816 0.977649135202484 -0.10639245702111597
    outer loop
      vertex -2.428985595703125 10.141471862792969 0.18529510498046875
      vertex -2.4618072509765625 10.142425537109375 0.25
      vertex -1.4012794494628906 10.339134216308594 0.25
    endloop
  endfacet
  facet normal -0.0686840608529134 0.3769003977495206 -0.923703734950231
    outer loop
      vertex -2.402233123779297 10.028106689453125 0.033493995666503906
      vertex -1.3513565063476562 10.219612121582031 0.033493995666503906
      vertex -1.3436126708984375 10.159812927246094 0.008518218994140625
    endloop
  endfacet
  facet normal -0.1092322823385094 0.5994135566302695 -0.7929512574067655
    outer loop
      vertex -2.41412353515625 10.078498840332031 0.07322311401367188
      vertex -1.358001708984375 10.270957946777344 0.07322311401367188
      vertex -1.3513565063476562 10.219612121582031 0.033493995666503906
    endloop
  endfacet
  facet normal -0.14230454942871185 0.7808991653845136 -0.6082317886411902
    outer loop
      vertex -2.423248291015625 10.117164611816406 0.125
      vertex -1.3631057739257812 10.310356140136719 0.125
      vertex -1.358001708984375 10.270957946777344 0.07322311401367188
    endloop
  endfacet
  facet normal -0.16566396734562608 0.9090665807694213 -0.3823001460259995
    outer loop
      vertex -2.428985595703125 10.141471862792969 0.18529510498046875
      vertex -1.3663101196289062 10.335128784179688 0.18529510498046875
      vertex -1.3631057739257812 10.310356140136719 0.125
    endloop
  endfacet
  facet normal -0.1770915052469419 0.9717741989256902 -0.15586373879676282
    outer loop
      vertex -2.428985595703125 10.141471862792969 0.18529510498046875
      vertex -1.4012794494628906 10.339134216308594 0.25
      vertex -1.3663101196289062 10.335128784179688 0.18529510498046875
    endloop
  endfacet
  facet normal -0.020590046217337402 0.1197349123455597 -0.9925923638444782
    outer loop
      vertex -2.277759552001953 9.928558349609375 0
      vertex -1.3436126708984375 10.159812927246094 0.008518218994140625
      vertex -1.2302703857421875 10.108688354492188 0
    endloop
  endfacet
  facet normal -0.1823712879068115 0.9832297273835585 -0.00012859418425196424
    outer loop
      vertex -2.4618072509765625 10.142425537109375 0.25
      vertex -2.4463882446289062 10.146102905273438 6.5
      vertex -1.4012794494628906 10.339134216308594 0.25
    endloop
  endfacet
  facet normal -0.08009437135157058 0.9912786382342303 -0.10464966821871179
    outer loop
      vertex -1.3663101196289062 10.335128784179688 0.18529510498046875
      vertex -1.4012794494628906 10.339134216308594 0.25
      vertex -0.32616424560546875 10.426002502441406 0.25
    endloop
  endfacet
  facet normal -0.010897424389937512 0.14078798704482665 -0.9899797921399867
    outer loop
      vertex -1.3436126708984375 10.159812927246094 0.008518218994140625
      vertex -0.2848052978515625 10.241767883300781 0.008518218994140625
      vertex -1.2302703857421875 10.108688354492188 0
    endloop
  endfacet
  facet normal -0.029565346559689922 0.3819660021926799 -0.9237033416913392
    outer loop
      vertex -1.3436126708984375 10.159812927246094 0.008518218994140625
      vertex -1.3513565063476562 10.219612121582031 0.033493995666503906
      vertex -0.2848052978515625 10.241767883300781 0.008518218994140625
    endloop
  endfacet
  facet normal -0.04702040069272413 0.6074661521053908 -0.7929526820466439
    outer loop
      vertex -1.3513565063476562 10.219612121582031 0.033493995666503906
      vertex -1.358001708984375 10.270957946777344 0.07322311401367188
      vertex -0.28635406494140625 10.302047729492188 0.033493995666503906
    endloop
  endfacet
  facet normal -0.06125794184868563 0.7913946170060235 -0.6082285957880905
    outer loop
      vertex -1.358001708984375 10.270957946777344 0.07322311401367188
      vertex -1.3631057739257812 10.310356140136719 0.125
      vertex -0.287689208984375 10.353805541992188 0.07322311401367188
    endloop
  endfacet
  facet normal -0.07131560694349126 0.9212804069904844 -0.3823041928905946
    outer loop
      vertex -1.3631057739257812 10.310356140136719 0.125
      vertex -1.3663101196289062 10.335128784179688 0.18529510498046875
      vertex -0.2887115478515625 10.393524169921875 0.125
    endloop
  endfacet
  facet normal -0.029565278575929034 0.3819598673735387 -0.9237058806886076
    outer loop
      vertex -1.3513565063476562 10.219612121582031 0.033493995666503906
      vertex -0.28635406494140625 10.302047729492188 0.033493995666503906
      vertex -0.2848052978515625 10.241767883300781 0.008518218994140625
    endloop
  endfacet
  facet normal -0.008046004657973496 0.12070135824220699 -0.992656256680796
    outer loop
      vertex -1.2302703857421875 10.108688354492188 0
      vertex -0.2848052978515625 10.241767883300781 0.008518218994140625
      vertex -0.16976165771484375 10.17938232421875 0
    endloop
  endfacet
  facet normal -0.047020396339839836 0.6074590074337831 -0.7929581556523693
    outer loop
      vertex -1.358001708984375 10.270957946777344 0.07322311401367188
      vertex -0.287689208984375 10.353805541992188 0.07322311401367188
      vertex -0.28635406494140625 10.302047729492188 0.033493995666503906
    endloop
  endfacet
  facet normal -0.06125867691743091 0.7913614034990709 -0.6082717349625136
    outer loop
      vertex -1.3631057739257812 10.310356140136719 0.125
      vertex -0.2887115478515625 10.393524169921875 0.125
      vertex -0.287689208984375 10.353805541992188 0.07322311401367188
    endloop
  endfacet
  facet normal -0.0713123899872288 0.9213207030946584 -0.3822076727166447
    outer loop
      vertex -1.3663101196289062 10.335128784179688 0.18529510498046875
      vertex -0.2893562316894531 10.418487548828125 0.18529510498046875
      vertex -0.2887115478515625 10.393524169921875 0.125
    endloop
  endfacet
  facet normal -0.07620591823315713 0.9845426605267354 -0.15769720235051304
    outer loop
      vertex -1.3663101196289062 10.335128784179688 0.18529510498046875
      vertex -0.32616424560546875 10.426002502441406 0.25
      vertex -0.2893562316894531 10.418487548828125 0.18529510498046875
    endloop
  endfacet
  facet normal -0.08053658499308937 0.9967516437522986 -0.0001384006565091
    outer loop
      vertex -1.4012794494628906 10.339134216308594 0.25
      vertex -1.3843536376953125 10.34136962890625 6.5
      vertex -0.32616424560546875 10.426002502441406 0.25
    endloop
  endfacet
  facet normal -0.18082991650603758 0.983514373188636 0.00013794123342819096
    outer loop
      vertex -1.4012794494628906 10.339134216308594 0.25
      vertex -2.4463882446289062 10.146102905273438 6.5
      vertex -1.3843536376953125 10.34136962890625 6.5
    endloop
  endfacet
  facet normal -0.0788564042559401 0.9968859742399307 0.00014789025677358053
    outer loop
      vertex -0.32616424560546875 10.426002502441406 0.25
      vertex -1.3843536376953125 10.34136962890625 6.5
      vertex -0.30788421630859375 10.426521301269531 6.5
    endloop
  endfacet
  facet normal 0 0 1
    outer loop
      vertex -3.4827499389648438 9.842803955078125 6.5
      vertex -6.1988525390625 3.3238143920898438 6.5
      vertex -5.725334167480469 4.070869445800781 6.5
    endloop
  endfacet
  facet normal 0 0 1
    outer loop
      vertex -2.4463882446289062 10.146102905273438 6.5
      vertex -5.725334167480469 4.070869445800781 6.5
      vertex -5.1620025634765625 4.7527618408203125 6.5
    endloop
  endfacet
  facet normal 0 0 1
    outer loop
      vertex -4.48248291015625 9.434661865234375 6.5
      vertex -6.1988525390625 3.3238143920898438 6.5
      vertex -3.4827499389648438 9.842803955078125 6.5
    endloop
  endfacet
  facet normal 0 0 1
    outer loop
      vertex -1.3843536376953125 10.34136962890625 6.5
      vertex -5.1620025634765625 4.7527618408203125 6.5
      vertex -4.517723083496094 5.358741760253906 6.5
    endloop
  endfacet
  facet normal 0 0 1
    outer loop
      vertex -0.30788421630859375 10.426521301269531 6.5
      vertex -4.517723083496094 5.358741760253906 6.5
      vertex -3.802642822265625 5.8792877197265625 6.5
    endloop
  endfacet
  facet normal 0 0 1
    outer loop
      vertex -3.4827499389648438 9.842803955078125 6.5
      vertex -5.725334167480469 4.070869445800781 6.5
      vertex -2.4463882446289062 10.146102905273438 6.5
    endloop
  endfacet
  facet normal 0 0 1
    outer loop
      vertex -2.4463882446289062 10.146102905273438 6.5
      vertex -5.1620025634765625 4.7527618408203125 6.5
      vertex -1.3843536376953125 10.34136962890625 6.5
    endloop
  endfacet
  facet normal 0 0 1
    outer loop
      vertex 0.7716445922851562 10.400657653808594 6.5
      vertex -3.802642822265625 5.8792877197265625 6.5
      vertex -3.0280075073242188 6.3061981201171875 6.5
    endloop
  endfacet
  facet normal 0 0 1
    outer loop
      vertex 1.842803955078125 10.264068603515625 6.5
      vertex -3.0280075073242188 6.3061981201171875 6.5
      vertex -2.2060165405273438 6.632759094238281 6.5
    endloop
  endfacet
  facet normal 0 0 1
    outer loop
      vertex -1.3843536376953125 10.34136962890625 6.5
      vertex -4.517723083496094 5.358741760253906 6.5
      vertex -0.30788421630859375 10.426521301269531 6.5
    endloop
  endfacet
  facet normal 0 0 1
    outer loop
      vertex -0.30788421630859375 10.426521301269531 6.5
      vertex -3.802642822265625 5.8792877197265625 6.5
      vertex 0.7716445922851562 10.400657653808594 6.5
    endloop
  endfacet
  facet normal 0 0 1
    outer loop
      vertex 2.8942718505859375 10.018180847167969 6.5
      vertex -2.2060165405273438 6.632759094238281 6.5
      vertex -1.3496055603027344 6.85382080078125 6.5
    endloop
  endfacet
  facet normal 0 0 1
    outer loop
      vertex 0.7716445922851562 10.400657653808594 6.5
      vertex -3.0280075073242188 6.3061981201171875 6.5
      vertex 1.842803955078125 10.264068603515625 6.5
    endloop
  endfacet
  facet normal 0.02043417762711885 -0.7935216112256052 -0.6081988958413381
    outer loop
      vertex -0.287689208984375 -10.492835998535156 0.07322311401367188
      vertex 0.7885360717773438 -10.504806518554688 0.125
      vertex -0.2887115478515625 -10.532546997070312 0.125
    endloop
  endfacet
  facet normal 0.01568648434395594 -0.6090192035068138 -0.7930003429815482
    outer loop
      vertex -0.28635406494140625 -10.441070556640625 0.033493995666503906
      vertex 0.7854690551757812 -10.465194702148438 0.07322311401367188
      vertex -0.287689208984375 -10.492835998535156 0.07322311401367188
    endloop
  endfacet
  facet normal 0.00986256780923717 -0.3830146270023454 -0.9236896260424616
    outer loop
      vertex -0.28635406494140625 -10.441070556640625 0.033493995666503906
      vertex -0.2848052978515625 -10.38079833984375 0.008518218994140625
      vertex 0.7814712524414062 -10.41357421875 0.033493995666503906
    endloop
  endfacet
  facet normal 0.023789303716203157 -0.9237298524469404 -0.3823051513216268
    outer loop
      vertex -0.2887115478515625 -10.532546997070312 0.125
      vertex 0.7904624938964844 -10.529708862304688 0.18529510498046875
      vertex -0.2893562316894531 -10.557518005371094 0.18529510498046875
    endloop
  endfacet
  facet normal 0.025187938097239147 -0.9780383074498341 -0.20689764845225583
    outer loop
      vertex -0.2893562316894531 -10.557518005371094 0.18529510498046875
      vertex 0.7904624938964844 -10.529708862304688 0.18529510498046875
      vertex -0.17734527587890625 -10.568321228027344 0.25
    endloop
  endfacet
  facet normal 0.0204375339145933 -0.793476113155012 -0.6082581401509598
    outer loop
      vertex -0.287689208984375 -10.492835998535156 0.07322311401367188
      vertex 0.7854690551757812 -10.465194702148438 0.07322311401367188
      vertex 0.7885360717773438 -10.504806518554688 0.125
    endloop
  endfacet
  facet normal 0.023787546349865924 -0.9237431743569908 -0.38227307054973547
    outer loop
      vertex -0.2887115478515625 -10.532546997070312 0.125
      vertex 0.7885360717773438 -10.504806518554688 0.125
      vertex 0.7904624938964844 -10.529708862304688 0.18529510498046875
    endloop
  endfacet
  facet normal 0.01568360595842959 -0.6090757095321094 -0.7929570004496448
    outer loop
      vertex -0.28635406494140625 -10.441070556640625 0.033493995666503906
      vertex 0.7814712524414062 -10.41357421875 0.033493995666503906
      vertex 0.7854690551757812 -10.465194702148438 0.07322311401367188
    endloop
  endfacet
  facet normal 0.004105346811077856 -0.15939031903311177 -0.9872071071087788
    outer loop
      vertex -0.2848052978515625 -10.38079833984375 0.008518218994140625
      vertex 0.4322624206542969 -10.3095703125 0
      vertex 0.7768173217773438 -10.35345458984375 0.008518218994140625
    endloop
  endfacet
  facet normal 0.009864139441503944 -0.38297576427060054 -0.9237057230170376
    outer loop
      vertex -0.2848052978515625 -10.38079833984375 0.008518218994140625
      vertex 0.7768173217773438 -10.35345458984375 0.008518218994140625
      vertex 0.7814712524414062 -10.41357421875 0.033493995666503906
    endloop
  endfacet
  facet normal 0.03626305621322932 -0.9979297823338108 -0.0531144075112303
    outer loop
      vertex -0.17734527587890625 -10.568321228027344 0.25
      vertex 0.7904624938964844 -10.529708862304688 0.18529510498046875
      vertex 0.9005622863769531 -10.529151916503906 0.25
    endloop
  endfacet
  facet normal 0.01057472216234449 -0.10989302940164522 -0.993887165296
    outer loop
      vertex 0.4322624206542969 -10.3095703125 0
      vertex 1.4902420043945312 -10.207763671875 0
      vertex 0.7768173217773438 -10.35345458984375 0.008518218994140625
    endloop
  endfacet
  facet normal 0.10191743646596241 -0.7871683344160612 -0.6082588671255443
    outer loop
      vertex 0.7854690551757812 -10.465194702148438 0.07322311401367188
      vertex 1.8572235107421875 -10.366439819335938 0.125
      vertex 0.7885360717773438 -10.504806518554688 0.125
    endloop
  endfacet
  facet normal 0.1186480696741914 -0.9164011669994797 -0.38227154835872895
    outer loop
      vertex 0.7885360717773438 -10.504806518554688 0.125
      vertex 1.8616981506347656 -10.391014099121094 0.18529510498046875
      vertex 0.7904624938964844 -10.529708862304688 0.18529510498046875
    endloop
  endfacet
  facet normal 0.12566054156175988 -0.9705633412258728 -0.20546588272235208
    outer loop
      vertex 0.7904624938964844 -10.529708862304688 0.18529510498046875
      vertex 1.8616981506347656 -10.391014099121094 0.18529510498046875
      vertex 0.9005622863769531 -10.529151916503906 0.25
    endloop
  endfacet
  facet normal 0.07823158532782251 -0.6042325849006662 -0.7929582601886146
    outer loop
      vertex 0.7814712524414062 -10.41357421875 0.033493995666503906
      vertex 1.85009765625 -10.327354431152344 0.07322311401367188
      vertex 0.7854690551757812 -10.465194702148438 0.07322311401367188
    endloop
  endfacet
  facet normal 0.04919251417478671 -0.37993131546480263 -0.9237057389008407
    outer loop
      vertex 0.7814712524414062 -10.41357421875 0.033493995666503906
      vertex 0.7768173217773438 -10.35345458984375 0.008518218994140625
      vertex 1.8408164978027344 -10.276412963867188 0.033493995666503906
    endloop
  endfacet
  facet normal 0.03631431296098868 -0.9993403262999307 -0.000427673847087808
    outer loop
      vertex -0.17734527587890625 -10.568321228027344 0.25
      vertex 0.9005622863769531 -10.529151916503906 0.25
      vertex 0.84588623046875 -10.5338134765625 6.5
    endloop
  endfacet
  facet normal 0.020417484049882594 -0.15770484329901344 -0.9872751940290542
    outer loop
      vertex 0.7768173217773438 -10.35345458984375 0.008518218994140625
      vertex 1.4902420043945312 -10.207763671875 0
      vertex 1.8300056457519531 -10.21710205078125 0.008518218994140625
    endloop
  endfacet
  facet normal 0.11864835431632104 -0.9163910581637995 -0.3822956925410756
    outer loop
      vertex 0.7885360717773438 -10.504806518554688 0.125
      vertex 1.8572235107421875 -10.366439819335938 0.125
      vertex 1.8616981506347656 -10.391014099121094 0.18529510498046875
    endloop
  endfacet
  facet normal 0.13844386819424262 -0.9888615666638152 -0.05464519498181103
    outer loop
      vertex 0.9005622863769531 -10.529151916503906 0.25
      vertex 1.8616981506347656 -10.391014099121094 0.18529510498046875
      vertex 1.9687614440917969 -10.379600524902344 0.25
    endloop
  endfacet
  facet normal 0.07822964811003362 -0.6041954474859397 -0.7929867485613145
    outer loop
      vertex 0.7814712524414062 -10.41357421875 0.033493995666503906
      vertex 1.8408164978027344 -10.276412963867188 0.033493995666503906
      vertex 1.85009765625 -10.327354431152344 0.07322311401367188
    endloop
  endfacet
  facet normal 0.10191763536744988 -0.787175103342008 -0.6082500738015627
    outer loop
      vertex 0.7854690551757812 -10.465194702148438 0.07322311401367188
      vertex 1.85009765625 -10.327354431152344 0.07322311401367188
      vertex 1.8572235107421875 -10.366439819335938 0.125
    endloop
  endfacet
  facet normal 0.04919641827125583 -0.37999360819315714 -0.9236799067651222
    outer loop
      vertex 0.7768173217773438 -10.35345458984375 0.008518218994140625
      vertex 1.8300056457519531 -10.21710205078125 0.008518218994140625
      vertex 1.8408164978027344 -10.276412963867188 0.033493995666503906
    endloop
  endfacet
  facet normal 0.18231329719057604 -0.7725218291580517 -0.6082531423197077
    outer loop
      vertex 1.85009765625 -10.327354431152344 0.07322311401367188
      vertex 2.906017303466797 -10.118927001953125 0.125
      vertex 1.8572235107421875 -10.366439819335938 0.125
    endloop
  endfacet
  facet normal 0.2122450782155185 -0.8993363061268905 -0.3822907731757707
    outer loop
      vertex 1.8572235107421875 -10.366439819335938 0.125
      vertex 2.912994384765625 -10.142906188964844 0.18529510498046875
      vertex 1.8616981506347656 -10.391014099121094 0.18529510498046875
    endloop
  endfacet
  facet normal 0.22486190607545486 -0.9527970104126796 -0.20399750033952238
    outer loop
      vertex 1.8616981506347656 -10.391014099121094 0.18529510498046875
      vertex 2.912994384765625 -10.142906188964844 0.18529510498046875
      vertex 1.9687614440917969 -10.379600524902344 0.25
    endloop
  endfacet
  facet normal 0.021937793703647734 -0.10840166230861739 -0.9938650878344326
    outer loop
      vertex 1.4902420043945312 -10.207763671875 0
      vertex 2.5319862365722656 -9.996940612792969 0
      vertex 1.8300056457519531 -10.21710205078125 0.008518218994140625
    endloop
  endfacet
  facet normal 0.08800723550726038 -0.3729196451898311 -0.9236804992690167
    outer loop
      vertex 1.8408164978027344 -10.276412963867188 0.033493995666503906
      vertex 1.8300056457519531 -10.21710205078125 0.008518218994140625
      vertex 2.8804397583007812 -10.03106689453125 0.033493995666503906
    endloop
  endfacet
  facet normal 0.1399355768071231 -0.5929520561102843 -0.7929854308234444
    outer loop
      vertex 1.8408164978027344 -10.276412963867188 0.033493995666503906
      vertex 2.8949127197265625 -10.080780029296875 0.07322311401367188
      vertex 1.85009765625 -10.327354431152344 0.07322311401367188
    endloop
  endfacet
  facet normal 0.03642411081930088 -0.15433879610703014 -0.9873463526884859
    outer loop
      vertex 1.8300056457519531 -10.21710205078125 0.008518218994140625
      vertex 2.5319862365722656 -9.996940612792969 0
      vertex 2.8635902404785156 -9.973175048828125 0.008518218994140625
    endloop
  endfacet
  facet normal 0.1823127658562455 -0.772517838823893 -0.608258369531162
    outer loop
      vertex 1.85009765625 -10.327354431152344 0.07322311401367188
      vertex 2.8949127197265625 -10.080780029296875 0.07322311401367188
      vertex 2.906017303466797 -10.118927001953125 0.125
    endloop
  endfacet
  facet normal 0.2122468799882408 -0.8993603345904535 -0.38223324096761246
    outer loop
      vertex 1.8572235107421875 -10.366439819335938 0.125
      vertex 2.906017303466797 -10.118927001953125 0.125
      vertex 2.912994384765625 -10.142906188964844 0.18529510498046875
    endloop
  endfacet
  facet normal 0.1399390229266758 -0.5929740944279787 -0.7929683431257808
    outer loop
      vertex 1.8408164978027344 -10.276412963867188 0.033493995666503906
      vertex 2.8804397583007812 -10.03106689453125 0.033493995666503906
      vertex 2.8949127197265625 -10.080780029296875 0.07322311401367188
    endloop
  endfacet
  facet normal 0.0880019575832184 -0.37288806460743557 -0.9236937515945652
    outer loop
      vertex 1.8300056457519531 -10.21710205078125 0.008518218994140625
      vertex 2.8635902404785156 -9.973175048828125 0.008518218994140625
      vertex 2.8804397583007812 -10.03106689453125 0.033493995666503906
    endloop
  endfacet
  facet normal 0.1386510235348374 -0.9903412129443995 -0.00041906629235227287
    outer loop
      vertex 0.9005622863769531 -10.529151916503906 0.25
      vertex 1.9687614440917969 -10.379600524902344 0.25
      vertex 1.916046142578125 -10.389625549316406 6.5
    endloop
  endfacet
  facet normal 0.0310379948560354 -0.9995181097868464 0.0004371309258532791
    outer loop
      vertex -0.17734527587890625 -10.568321228027344 0.25
      vertex 0.84588623046875 -10.5338134765625 6.5
      vertex -0.233428955078125 -10.567329406738281 6.5
    endloop
  endfacet
  facet normal 0.13352837090584727 -0.9910448981544729 0.00042895829751510186
    outer loop
      vertex 0.9005622863769531 -10.529151916503906 0.25
      vertex 1.916046142578125 -10.389625549316406 6.5
      vertex 0.84588623046875 -10.5338134765625 6.5
    endloop
  endfacet
  facet normal 0.23460436795742629 -0.972090846854102 0.0004195208833441737
    outer loop
      vertex 1.9687614440917969 -10.379600524902344 0.25
      vertex 2.9657440185546875 -10.13629150390625 6.5
      vertex 1.916046142578125 -10.389625549316406 6.5
    endloop
  endfacet
  facet normal 0.23913696984439167 -0.969355005206307 -0.05625285357315693
    outer loop
      vertex 1.9687614440917969 -10.379600524902344 0.25
      vertex 2.912994384765625 -10.142906188964844 0.18529510498046875
      vertex 3.0159835815429688 -10.121253967285156 0.25
    endloop
  endfacet
  facet normal 0.20016626742653745 -0.5754412140301235 -0.792969655522874
    outer loop
      vertex 2.8949127197265625 -10.080780029296875 0.07322311401367188
      vertex 2.8804397583007812 -10.03106689453125 0.033493995666503906
      vertex 3.9088363647460938 -9.72808837890625 0.07322311401367188
    endloop
  endfacet
  facet normal 0.2607734624645606 -0.7496787475194168 -0.608258971813785
    outer loop
      vertex 2.8949127197265625 -10.080780029296875 0.07322311401367188
      vertex 3.9238052368164062 -9.764892578125 0.125
      vertex 2.906017303466797 -10.118927001953125 0.125
    endloop
  endfacet
  facet normal 0.3035926726580231 -0.8727726405068509 -0.3822295214802979
    outer loop
      vertex 2.906017303466797 -10.118927001953125 0.125
      vertex 3.9332122802734375 -9.78802490234375 0.18529510498046875
      vertex 2.912994384765625 -10.142906188964844 0.18529510498046875
    endloop
  endfacet
  facet normal 0.033108914244593085 -0.10575356138306426 -0.9938410255429903
    outer loop
      vertex 2.5319862365722656 -9.996940612792969 0
      vertex 3.5463027954101562 -9.67938232421875 0
      vertex 2.8635902404785156 -9.973175048828125 0.008518218994140625
    endloop
  endfacet
  facet normal 0.12587561088856877 -0.3618646743857838 -0.9236932867652011
    outer loop
      vertex 2.8804397583007812 -10.03106689453125 0.033493995666503906
      vertex 2.8635902404785156 -9.973175048828125 0.008518218994140625
      vertex 3.8893280029296875 -9.680122375488281 0.033493995666503906
    endloop
  endfacet
  facet normal 0.3217272441469927 -0.9249061709518255 -0.20258369951408728
    outer loop
      vertex 2.912994384765625 -10.142906188964844 0.18529510498046875
      vertex 3.9332122802734375 -9.78802490234375 0.18529510498046875
      vertex 3.0159835815429688 -10.121253967285156 0.25
    endloop
  endfacet
  facet normal 0.05196123861551509 -0.14937606268966688 -0.9874142097300779
    outer loop
      vertex 2.8635902404785156 -9.973175048828125 0.008518218994140625
      vertex 3.5463027954101562 -9.67938232421875 0
      vertex 3.8666152954101562 -9.624267578125 0.008518218994140625
    endloop
  endfacet
  facet normal 0.26077115221702596 -0.7496691143070454 -0.608271834976349
    outer loop
      vertex 2.8949127197265625 -10.080780029296875 0.07322311401367188
      vertex 3.9088363647460938 -9.72808837890625 0.07322311401367188
      vertex 3.9238052368164062 -9.764892578125 0.125
    endloop
  endfacet
  facet normal 0.1258722216705987 -0.36185236103168683 -0.9236985723857656
    outer loop
      vertex 2.8635902404785156 -9.973175048828125 0.008518218994140625
      vertex 3.8666152954101562 -9.624267578125 0.008518218994140625
      vertex 3.8893280029296875 -9.680122375488281 0.033493995666503906
    endloop
  endfacet
  facet normal 0.2001583219392269 -0.5754111180303386 -0.7929935002290678
    outer loop
      vertex 2.8804397583007812 -10.03106689453125 0.033493995666503906
      vertex 3.8893280029296875 -9.680122375488281 0.033493995666503906
      vertex 3.9088363647460938 -9.72808837890625 0.07322311401367188
    endloop
  endfacet
  facet normal 0.30359414311825217 -0.872780822159205 -0.38220967116936794
    outer loop
      vertex 2.906017303466797 -10.118927001953125 0.125
      vertex 3.9238052368164062 -9.764892578125 0.125
      vertex 3.9332122802734375 -9.78802490234375 0.18529510498046875
    endloop
  endfacet
  facet normal 0.3372936308697941 -0.9396273925348562 -0.057735342493298376
    outer loop
      vertex 3.0159835815429688 -10.121253967285156 0.25
      vertex 3.9332122802734375 -9.78802490234375 0.18529510498046875
      vertex 4.0311737060546875 -9.7568359375 0.25
    endloop
  endfacet
  facet normal 0.23951621052587044 -0.9708922783975183 -0.0004106621513777487
    outer loop
      vertex 1.9687614440917969 -10.379600524902344 0.25
      vertex 3.0159835815429688 -10.121253967285156 0.25
      vertex 2.9657440185546875 -10.13629150390625 6.5
    endloop
  endfacet
  facet normal 0.3378571751779017 -0.9411973055730584 -0.000401450898129437
    outer loop
      vertex 3.0159835815429688 -10.121253967285156 0.25
      vertex 4.0311737060546875 -9.7568359375 0.25
      vertex 3.9838714599609375 -9.776481628417969 6.5
    endloop
  endfacet
  facet normal 0.04397436846656524 -0.10196916883913255 -0.9938151455498268
    outer loop
      vertex 3.5463027954101562 -9.67938232421875 0
      vertex 4.52227783203125 -9.258491516113281 0
      vertex 3.8666152954101562 -9.624267578125 0.008518218994140625
    endloop
  endfacet
  facet normal 0.2582615175424804 -0.5517802698178674 -0.792994024187053
    outer loop
      vertex 3.8893280029296875 -9.680122375488281 0.033493995666503906
      vertex 4.8811187744140625 -9.27301025390625 0.07322311401367188
      vertex 3.9088363647460938 -9.72808837890625 0.07322311401367188
    endloop
  endfacet
  facet normal 0.16240828580703218 -0.3469951222107855 -0.9236979667960428
    outer loop
      vertex 3.8893280029296875 -9.680122375488281 0.033493995666503906
      vertex 3.8666152954101562 -9.624267578125 0.008518218994140625
      vertex 4.856788635253906 -9.227310180664062 0.033493995666503906
    endloop
  endfacet
  facet normal 0.33647682276522417 -0.7188795062099993 -0.6082726389482659
    outer loop
      vertex 3.9088363647460938 -9.72808837890625 0.07322311401367188
      vertex 4.899791717529297 -9.308074951171875 0.125
      vertex 3.9238052368164062 -9.764892578125 0.125
    endloop
  endfacet
  facet normal 0.39172847459233984 -0.8369379568958601 -0.38220891996464673
    outer loop
      vertex 3.9238052368164062 -9.764892578125 0.125
      vertex 4.911529541015625 -9.330123901367188 0.18529510498046875
      vertex 3.9332122802734375 -9.78802490234375 0.18529510498046875
    endloop
  endfacet
  facet normal 0.4152588575952686 -0.8872112251231512 -0.20103811380966943
    outer loop
      vertex 3.9332122802734375 -9.78802490234375 0.18529510498046875
      vertex 4.911529541015625 -9.330123901367188 0.18529510498046875
      vertex 4.0311737060546875 -9.7568359375 0.25
    endloop
  endfacet
  facet normal 0.3364897830388399 -0.7189163335013198 -0.6082219424975505
    outer loop
      vertex 3.9088363647460938 -9.72808837890625 0.07322311401367188
      vertex 4.8811187744140625 -9.27301025390625 0.07322311401367188
      vertex 4.899791717529297 -9.308074951171875 0.125
    endloop
  endfacet
  facet normal 0.06684519379471268 -0.14281836015155291 -0.9874890561774183
    outer loop
      vertex 3.8666152954101562 -9.624267578125 0.008518218994140625
      vertex 4.52227783203125 -9.258491516113281 0
      vertex 4.828449249267578 -9.174087524414062 0.008518218994140625
    endloop
  endfacet
  facet normal 0.1624058084508309 -0.3469887650152871 -0.923700790480661
    outer loop
      vertex 3.8666152954101562 -9.624267578125 0.008518218994140625
      vertex 4.828449249267578 -9.174087524414062 0.008518218994140625
      vertex 4.856788635253906 -9.227310180664062 0.033493995666503906
    endloop
  endfacet
  facet normal 0.25828318752938567 -0.5518376465609478 -0.7929470391380087
    outer loop
      vertex 3.8893280029296875 -9.680122375488281 0.033493995666503906
      vertex 4.856788635253906 -9.227310180664062 0.033493995666503906
      vertex 4.8811187744140625 -9.27301025390625 0.07322311401367188
    endloop
  endfacet
  facet normal 0.3917180792150135 -0.8369019210458446 -0.3822984710483094
    outer loop
      vertex 3.9238052368164062 -9.764892578125 0.125
      vertex 4.899791717529297 -9.308074951171875 0.125
      vertex 4.911529541015625 -9.330123901367188 0.18529510498046875
    endloop
  endfacet
  facet normal 0.4318631840194522 -0.899983867670052 -0.05935678749928367
    outer loop
      vertex 4.0311737060546875 -9.7568359375 0.25
      vertex 4.911529541015625 -9.330123901367188 0.18529510498046875
      vertex 5.003623962402344 -9.290199279785156 0.25
    endloop
  endfacet
  facet normal 0.43262594333761134 -0.9015734245173599 -0.0003916060295845882
    outer loop
      vertex 4.0311737060546875 -9.7568359375 0.25
      vertex 5.003623962402344 -9.290199279785156 0.25
      vertex 4.959659576416016 -9.314010620117188 6.5
    endloop
  endfacet
  facet normal 0.05440645372803679 -0.09706150322076712 -0.9937902205119872
    outer loop
      vertex 4.52227783203125 -9.258491516113281 0
      vertex 5.449424743652344 -8.738792419433594 0
      vertex 4.828449249267578 -9.174087524414062 0.008518218994140625
    endloop
  endfacet
  facet normal 0.408622992803417 -0.6805072480100971 -0.6082245762529683
    outer loop
      vertex 4.8811187744140625 -9.27301025390625 0.07322311401367188
      vertex 5.823638916015625 -8.753334045410156 0.125
      vertex 4.899791717529297 -9.308074951171875 0.125
    endloop
  endfacet
  facet normal 0.4756895692143588 -0.7921926605811108 -0.38229598776612694
    outer loop
      vertex 4.899791717529297 -9.308074951171875 0.125
      vertex 5.837581634521484 -8.774055480957031 0.18529510498046875
      vertex 4.911529541015625 -9.330123901367188 0.18529510498046875
    endloop
  endfacet
  facet normal 0.3136610052823692 -0.5223540881359748 -0.7929457613058335
    outer loop
      vertex 4.8811187744140625 -9.27301025390625 0.07322311401367188
      vertex 4.856788635253906 -9.227310180664062 0.033493995666503906
      vertex 5.801460266113281 -8.720367431640625 0.07322311401367188
    endloop
  endfacet
  facet normal 0.19722538873554898 -0.32844857161900004 -0.9237010781846855
    outer loop
      vertex 4.856788635253906 -9.227310180664062 0.033493995666503906
      vertex 4.828449249267578 -9.174087524414062 0.008518218994140625
      vertex 5.772556304931641 -8.677413940429688 0.033493995666503906
    endloop
  endfacet
  facet normal 0.3332077414042416 -0.9428533465132891 0.00040992313375151103
    outer loop
      vertex 3.0159835815429688 -10.121253967285156 0.25
      vertex 3.9838714599609375 -9.776481628417969 6.5
      vertex 2.9657440185546875 -10.13629150390625 6.5
    endloop
  endfacet
  facet normal 0.4282796142698227 -0.9036461759191137 0.0004009334783705845
    outer loop
      vertex 4.0311737060546875 -9.7568359375 0.25
      vertex 4.959659576416016 -9.314010620117188 6.5
      vertex 3.9838714599609375 -9.776481628417969 6.5
    endloop
  endfacet
  facet normal 0 0 -1
    outer loop
      vertex -1.68682861328125 -10.182952880859375 0
      vertex 10.226356506347656 0.23152923583984375 0
      vertex -0.6305694580078125 -10.30126953125 0
    endloop
  endfacet
  facet normal 0 0 -1
    outer loop
      vertex -0.6305694580078125 -10.30126953125 0
      vertex 10.202445983886719 -0.8310699462890625 0
      vertex 0.4322624206542969 -10.3095703125 0
    endloop
  endfacet
  facet normal 0 0 -1
    outer loop
      vertex 0.4322624206542969 -10.3095703125 0
      vertex 10.06863021850586 -1.8854751586914062 0
      vertex 1.4902420043945312 -10.207763671875 0
    endloop
  endfacet
  facet normal 0 0 -1
    outer loop
      vertex 1.4902420043945312 -10.207763671875 0
      vertex 9.826347351074219 -2.9203567504882812 0
      vertex 2.5319862365722656 -9.996940612792969 0
    endloop
  endfacet
  facet normal 0 0 -1
    outer loop
      vertex 2.5319862365722656 -9.996940612792969 0
      vertex 9.478195190429688 -3.9245834350585938 0
      vertex 3.5463027954101562 -9.67938232421875 0
    endloop
  endfacet
  facet normal 0 0 1
    outer loop
      vertex -0.233428955078125 -10.567329406738281 6.5
      vertex 0.84588623046875 -10.5338134765625 6.5
      vertex -0.4290885925292969 -7.1075897216796875 6.5
    endloop
  endfacet
  facet normal 0 0 1
    outer loop
      vertex 0.84588623046875 -10.5338134765625 6.5
      vertex 1.916046142578125 -10.389625549316406 6.5
      vertex 0.45538330078125 -7.103523254394531 6.5
    endloop
  endfacet
  facet normal 0 0 1
    outer loop
      vertex 0.84588623046875 -10.5338134765625 6.5
      vertex 0.45538330078125 -7.103523254394531 6.5
      vertex -0.4290885925292969 -7.1075897216796875 6.5
    endloop
  endfacet
  facet normal 0 0 1
    outer loop
      vertex 1.916046142578125 -10.389625549316406 6.5
      vertex 1.3323898315429688 -6.988739013671875 6.5
      vertex 0.45538330078125 -7.103523254394531 6.5
    endloop
  endfacet
  facet normal 0 0 1
    outer loop
      vertex 1.916046142578125 -10.389625549316406 6.5
      vertex 2.9657440185546875 -10.13629150390625 6.5
      vertex 1.3323898315429688 -6.988739013671875 6.5
    endloop
  endfacet
  facet normal 0 0 1
    outer loop
      vertex 2.9657440185546875 -10.13629150390625 6.5
      vertex 2.1881179809570312 -6.765045166015625 6.5
      vertex 1.3323898315429688 -6.988739013671875 6.5
    endloop
  endfacet
  facet normal 0 0 1
    outer loop
      vertex 2.9657440185546875 -10.13629150390625 6.5
      vertex 3.9838714599609375 -9.776481628417969 6.5
      vertex 2.1881179809570312 -6.765045166015625 6.5
    endloop
  endfacet
  facet normal 0 0 1
    outer loop
      vertex 3.9838714599609375 -9.776481628417969 6.5
      vertex 4.959659576416016 -9.314010620117188 6.5
      vertex 3.009105682373047 -6.435966491699219 6.5
    endloop
  endfacet
  facet normal 0 0 1
    outer loop
      vertex 4.959659576416016 -9.314010620117188 6.5
      vertex 5.882789611816406 -8.753768920898438 6.5
      vertex 3.7824249267578125 -6.006683349609375 6.5
    endloop
  endfacet
  facet normal 0 0 1
    outer loop
      vertex 3.9838714599609375 -9.776481628417969 6.5
      vertex 3.009105682373047 -6.435966491699219 6.5
      vertex 2.1881179809570312 -6.765045166015625 6.5
    endloop
  endfacet
  facet normal 0 0 1
    outer loop
      vertex 4.959659576416016 -9.314010620117188 6.5
      vertex 3.7824249267578125 -6.006683349609375 6.5
      vertex 3.009105682373047 -6.435966491699219 6.5
    endloop
  endfacet
  facet normal 0 0 1
    outer loop
      vertex 5.882789611816406 -8.753768920898438 6.5
      vertex 4.49591064453125 -5.48394775390625 6.5
      vertex 3.7824249267578125 -6.006683349609375 6.5
    endloop
  endfacet
  facet normal 0 0 -1
    outer loop
      vertex -3.7343902587890625 -9.622528076171875 0
      vertex 1.8081169128417969 -2.3213653564453125 0
      vertex 2.2041244506835938 -1.931427001953125 0
    endloop
  endfacet
  facet normal 0 0 -1
    outer loop
      vertex -2.72515869140625 -9.955886840820312 0
      vertex 2.2041244506835938 -1.931427001953125 0
      vertex 2.5184783935546875 -1.4731063842773438 0
    endloop
  endfacet
  facet normal -0.033720002085196356 0.707915058974016 -0.7054921904154501
    outer loop
      vertex -0.1512603759765625 -2.84136962890625 0.033493995666503906
      vertex -0.14690780639648438 -2.749969482421875 0.125
      vertex 0.375701904296875 -2.8162689208984375 0.033493995666503906
    endloop
  endfacet
  facet normal -0.04678992886879715 0.9821547215490677 -0.18216148192009876
    outer loop
      vertex -0.14690780639648438 -2.749969482421875 0.125
      vertex 0.008792877197265625 -2.7193679809570312 0.25
      vertex 0.36267852783203125 -2.7256927490234375 0.125
    endloop
  endfacet
  facet normal -0.01164891574462631 0.24455641655967758 -0.9695650890381027
    outer loop
      vertex -0.1512603759765625 -2.84136962890625 0.033493995666503906
      vertex 0.375701904296875 -2.8162689208984375 0.033493995666503906
      vertex 0.28729248046875 -2.9532699584960938 0
    endloop
  endfacet
  facet normal -0.033724427005207766 0.7079003113593149 -0.7055067768636638
    outer loop
      vertex -0.14690780639648438 -2.749969482421875 0.125
      vertex 0.36267852783203125 -2.7256927490234375 0.125
      vertex 0.375701904296875 -2.8162689208984375 0.033493995666503906
    endloop
  endfacet
  facet normal -0.10201440311670107 0.9362548939933844 -0.33618422781293555
    outer loop
      vertex 0.36267852783203125 -2.7256927490234375 0.125
      vertex 0.008792877197265625 -2.7193679809570312 0.25
      vertex 0.5240707397460938 -2.6632232666015625 0.25
    endloop
  endfacet
  facet normal -0.05540109405326501 0.2707123915238145 -0.9610647844204668
    outer loop
      vertex 0.28729248046875 -2.9532699584960938 0
      vertex 0.375701904296875 -2.8162689208984375 0.033493995666503906
      vertex 0.8317718505859375 -2.8418426513671875 0
    endloop
  endfacet
  facet normal -0.16708010791654498 0.6887263017963383 -0.7055071358622356
    outer loop
      vertex 0.375701904296875 -2.8162689208984375 0.033493995666503906
      vertex 0.36267852783203125 -2.7256927490234375 0.125
      vertex 0.8883895874023438 -2.69189453125 0.033493995666503906
    endloop
  endfacet
  facet normal -0.05782969766910631 0.23838166198419058 -0.9694482499324834
    outer loop
      vertex 0.375701904296875 -2.8162689208984375 0.033493995666503906
      vertex 0.8883895874023438 -2.69189453125 0.033493995666503906
      vertex 0.8317718505859375 -2.8418426513671875 0
    endloop
  endfacet
  facet normal -0.10581080070821969 0.25466142228412275 -0.9612240292739842
    outer loop
      vertex 0.8317718505859375 -2.8418426513671875 0
      vertex 0.8883895874023438 -2.69189453125 0.033493995666503906
      vertex 1.3449935913085938 -2.62860107421875 0
    endloop
  endfacet
  facet normal 0.043638208977078166 0.9990472925696616 -0.00046252189329561475
    outer loop
      vertex 0.008792877197265625 -2.7193679809570312 0.25
      vertex -0.11242137235753677 -2.7111798454733456 6.5
      vertex 0.04585714901194853 -2.718093423282399 6.5
    endloop
  endfacet
  facet normal -0.1083189638120301 0.9941160942272579 0.0004396328352065758
    outer loop
      vertex 0.008792877197265625 -2.7193679809570312 0.25
      vertex 0.04585714901194853 -2.718093423282399 6.5
      vertex 0.05343974976944827 -2.717267222538017 6.5
    endloop
  endfacet
  facet normal -0.10831896381202533 0.9941160942272584 0.00043963283520654127
    outer loop
      vertex 0.008792877197265625 -2.7193679809570312 0.25
      vertex 0.05343974976944827 -2.717267222538017 6.5
      vertex 0.3848924814763954 -2.6811521081568648 6.5
    endloop
  endfacet
  facet normal -0.2319809710537651 0.9562280642227939 -0.17836120167144098
    outer loop
      vertex 0.36267852783203125 -2.7256927490234375 0.125
      vertex 0.5240707397460938 -2.6632232666015625 0.25
      vertex 0.8584632873535156 -2.6054153442382812 0.125
    endloop
  endfacet
  facet normal -0.16708155970421537 0.6887119908048766 -0.7055207623652123
    outer loop
      vertex 0.36267852783203125 -2.7256927490234375 0.125
      vertex 0.8584632873535156 -2.6054153442382812 0.125
      vertex 0.8883895874023438 -2.69189453125 0.033493995666503906
    endloop
  endfacet
  facet normal -0.28197295203891354 0.8974258230494565 -0.3392906518642474
    outer loop
      vertex 0.5240707397460938 -2.6632232666015625 0.25
      vertex 1.0185699462890625 -2.5078506469726562 0.25
      vertex 0.8584632873535156 -2.6054153442382812 0.125
    endloop
  endfacet
  facet normal -0.2944060857123203 0.6446474549643162 -0.7055173389106607
    outer loop
      vertex 0.8883895874023438 -2.69189453125 0.033493995666503906
      vertex 0.8584632873535156 -2.6054153442382812 0.125
      vertex 1.3682785034179688 -2.4727325439453125 0.033493995666503906
    endloop
  endfacet
  facet normal -0.4089925426225178 0.8955711678769513 -0.1751496027591313
    outer loop
      vertex 0.8584632873535156 -2.6054153442382812 0.125
      vertex 1.0185699462890625 -2.5078506469726562 0.25
      vertex 1.3225250244140625 -2.3934860229492188 0.125
    endloop
  endfacet
  facet normal -0.1020925657699674 0.22354739215104608 -0.9693315591050212
    outer loop
      vertex 0.8883895874023438 -2.69189453125 0.033493995666503906
      vertex 1.3682785034179688 -2.4727325439453125 0.033493995666503906
      vertex 1.3449935913085938 -2.62860107421875 0
    endloop
  endfacet
  facet normal -0.2944076108578777 0.6446644875165901 -0.705501139052184
    outer loop
      vertex 0.8584632873535156 -2.6054153442382812 0.125
      vertex 1.3225250244140625 -2.3934860229492188 0.125
      vertex 1.3682785034179688 -2.4727325439453125 0.033493995666503906
    endloop
  endfacet
  facet normal -0.4508283182452049 0.8245543707227745 -0.34185364878873137
    outer loop
      vertex 1.0185699462890625 -2.5078506469726562 0.25
      vertex 1.473358154296875 -2.2591934204101562 0.25
      vertex 1.3225250244140625 -2.3934860229492188 0.125
    endloop
  endfacet
  facet normal -0.10831896381202419 0.9941160942272586 0.00043963283520649443
    outer loop
      vertex 0.008792877197265625 -2.7193679809570312 0.25
      vertex 0.4095826990464154 -2.67846186020795 6.5
      vertex 0.5240707397460938 -2.6632232666015625 0.25
    endloop
  endfacet
  facet normal -0.2997538401699676 0.9540164571871569 0.000484478506479189
    outer loop
      vertex 0.5240707397460938 -2.6632232666015625 0.25
      vertex 0.915046916288488 -2.5435517254997704 6.5
      vertex 1.0185699462890625 -2.5078506469726562 0.25
    endloop
  endfacet
  facet normal -0.15212783669154817 0.2293156197359996 -0.9613903826482997
    outer loop
      vertex 1.3449935913085938 -2.62860107421875 0
      vertex 1.3682785034179688 -2.4727325439453125 0.033493995666503906
      vertex 1.8081169128417969 -2.3213653564453125 0
    endloop
  endfacet
  facet normal -0.41108929662272686 0.5772981004953461 -0.7055015899108215
    outer loop
      vertex 1.3682785034179688 -2.4727325439453125 0.033493995666503906
      vertex 1.3225250244140625 -2.3934860229492188 0.125
      vertex 1.7980194091796875 -2.166717529296875 0.033493995666503906
    endloop
  endfacet
  facet normal -0.5713522011867369 0.8023560225446766 -0.1725731012798834
    outer loop
      vertex 1.3225250244140625 -2.3934860229492188 0.125
      vertex 1.473358154296875 -2.2591934204101562 0.25
      vertex 1.7380905151367188 -2.097564697265625 0.125
    endloop
  endfacet
  facet normal -0.14283632554797773 0.20058692867466824 -0.969207236946163
    outer loop
      vertex 1.3682785034179688 -2.4727325439453125 0.033493995666503906
      vertex 1.7980194091796875 -2.166717529296875 0.033493995666503906
      vertex 1.8081169128417969 -2.3213653564453125 0
    endloop
  endfacet
  facet normal -0.41108881844801304 0.5772964357141522 -0.7055032307925686
    outer loop
      vertex 1.3225250244140625 -2.3934860229492188 0.125
      vertex 1.7380905151367188 -2.097564697265625 0.125
      vertex 1.7980194091796875 -2.166717529296875 0.033493995666503906
    endloop
  endfacet
  facet normal -0.6022347968669272 0.7204647714469257 -0.34386590779921783
    outer loop
      vertex 1.7380905151367188 -2.097564697265625 0.125
      vertex 1.473358154296875 -2.2591934204101562 0.25
      vertex 1.8710479736328125 -1.9267654418945312 0.25
    endloop
  endfacet
  facet normal -0.192676341319613 0.19567524622119298 -0.9615544839019593
    outer loop
      vertex 1.8081169128417969 -2.3213653564453125 0
      vertex 1.7980194091796875 -2.166717529296875 0.033493995666503906
      vertex 2.2041244506835938 -1.931427001953125 0
    endloop
  endfacet
  facet normal -0.5129137069119425 0.4890590430526649 -0.7055074639366062
    outer loop
      vertex 1.7980194091796875 -2.166717529296875 0.033493995666503906
      vertex 1.7380905151367188 -2.097564697265625 0.125
      vertex 2.1620750427246094 -1.7849044799804688 0.033493995666503906
    endloop
  endfacet
  facet normal -0.7131229393120212 0.6799681379182398 -0.17058430421051282
    outer loop
      vertex 1.7380905151367188 -2.097564697265625 0.125
      vertex 1.8710479736328125 -1.9267654418945312 0.25
      vertex 2.09014892578125 -1.7283401489257812 0.125
    endloop
  endfacet
  facet normal -0.17858058220500625 0.17027513100943922 -0.9690796434860447
    outer loop
      vertex 1.7980194091796875 -2.166717529296875 0.033493995666503906
      vertex 2.1620750427246094 -1.7849044799804688 0.033493995666503906
      vertex 2.2041244506835938 -1.931427001953125 0
    endloop
  endfacet
  facet normal -0.5129216619527712 0.48907469967580597 -0.705490826897577
    outer loop
      vertex 1.7380905151367188 -2.097564697265625 0.125
      vertex 2.09014892578125 -1.7283401489257812 0.125
      vertex 2.1620750427246094 -1.7849044799804688 0.033493995666503906
    endloop
  endfacet
  facet normal -0.7305398463578899 0.589114736269735 -0.34533369426285504
    outer loop
      vertex 1.8710479736328125 -1.9267654418945312 0.25
      vertex 2.1964187622070312 -1.523284912109375 0.25
      vertex 2.09014892578125 -1.7283401489257812 0.125
    endloop
  endfacet
  facet normal -0.5962114114077438 0.38316455810924344 -0.7054905203588028
    outer loop
      vertex 2.1620750427246094 -1.7849044799804688 0.033493995666503906
      vertex 2.09014892578125 -1.7283401489257812 0.125
      vertex 2.447296142578125 -1.341094970703125 0.033493995666503906
    endloop
  endfacet
  facet normal -0.8291230321528797 0.5328434269616702 -0.16921252878365156
    outer loop
      vertex 2.09014892578125 -1.7283401489257812 0.125
      vertex 2.1964187622070312 -1.523284912109375 0.25
      vertex 2.3659629821777344 -1.299163818359375 0.125
    endloop
  endfacet
  facet normal -0.22597504466934845 0.15499225551431034 -0.9617238064627873
    outer loop
      vertex 2.2041244506835938 -1.931427001953125 0
      vertex 2.1620750427246094 -1.7849044799804688 0.033493995666503906
      vertex 2.5184783935546875 -1.4731063842773438 0
    endloop
  endfacet
  facet normal -0.5962053695788866 0.3831567812975507 -0.7054998499156494
    outer loop
      vertex 2.09014892578125 -1.7283401489257812 0.125
      vertex 2.3659629821777344 -1.299163818359375 0.125
      vertex 2.447296142578125 -1.341094970703125 0.033493995666503906
    endloop
  endfacet
  facet normal -0.20800962401056367 0.1336806276120905 -0.9689486498882289
    outer loop
      vertex 2.1620750427246094 -1.7849044799804688 0.033493995666503906
      vertex 2.447296142578125 -1.341094970703125 0.033493995666503906
      vertex 2.5184783935546875 -1.4731063842773438 0
    endloop
  endfacet
  facet normal -0.47973048180820704 0.8774157468270503 0.0005215783692398101
    outer loop
      vertex 1.0185699462890625 -2.5078506469726562 0.25
      vertex 1.3841458488913143 -2.311685898724724 6.5
      vertex 1.473358154296875 -2.2591934204101562 0.25
    endloop
  endfacet
  facet normal -0.6413446982257164 0.7672526792369799 0.0005515989853017463
    outer loop
      vertex 1.473358154296875 -2.2591934204101562 0.25
      vertex 1.798487943761489 -1.9919114954331343 6.5
      vertex 1.8710479736328125 -1.9267654418945312 0.25
    endloop
  endfacet
  facet normal -0.7784286882402092 0.6277327837265804 0.0005740727355519807
    outer loop
      vertex 1.8710479736328125 -1.9267654418945312 0.25
      vertex 2.1418091269100414 -1.5967200784122242 6.5
      vertex 2.1964187622070312 -1.523284912109375 0.25
    endloop
  endfacet
  facet normal -0.8309425312419858 0.4354729316756329 -0.3462626684339378
    outer loop
      vertex 2.1964187622070312 -1.523284912109375 0.25
      vertex 2.437023162841797 -1.064178466796875 0.25
      vertex 2.3659629821777344 -1.299163818359375 0.125
    endloop
  endfacet
  facet normal -0.25083676355841267 0.10879827390632703 -0.9618959682016268
    outer loop
      vertex 2.5184783935546875 -1.4731063842773438 0
      vertex 2.447296142578125 -1.341094970703125 0.033493995666503906
      vertex 2.7396278381347656 -0.9632415771484375 0
    endloop
  endfacet
  facet normal -0.6579451454414603 0.2633994366914688 -0.7054990590643141
    outer loop
      vertex 2.447296142578125 -1.341094970703125 0.033493995666503906
      vertex 2.3659629821777344 -1.299163818359375 0.125
      vertex 2.64337158203125 -0.851318359375 0.033493995666503906
    endloop
  endfacet
  facet normal -0.915098878732986 0.3663476358142292 -0.16847389078120287
    outer loop
      vertex 2.3659629821777344 -1.299163818359375 0.125
      vertex 2.437023162841797 -1.064178466796875 0.25
      vertex 2.555572509765625 -0.8255386352539062 0.125
    endloop
  endfacet
  facet normal -0.657945419136418 0.26339967668757275 -0.7054987142144808
    outer loop
      vertex 2.3659629821777344 -1.299163818359375 0.125
      vertex 2.555572509765625 -0.8255386352539062 0.125
      vertex 2.64337158203125 -0.851318359375 0.033493995666503906
    endloop
  endfacet
  facet normal -0.8996763936083871 0.2653550396230437 -0.34665413560270625
    outer loop
      vertex 2.555572509765625 -0.8255386352539062 0.125
      vertex 2.437023162841797 -1.064178466796875 0.25
      vertex 2.5836563110351562 -0.5670242309570312 0.25
    endloop
  endfacet
  facet normal -0.9679126154842583 0.18655377250572333 -0.16835337463295746
    outer loop
      vertex 2.555572509765625 -0.8255386352539062 0.125
      vertex 2.5836563110351562 -0.5670242309570312 0.25
      vertex 2.6521224975585938 -0.3246002197265625 0.125
    endloop
  endfacet
  facet normal -0.8857361472148453 0.4641886799827335 0.0005889761364409097
    outer loop
      vertex 2.1964187622070312 -1.523284912109375 0.25
      vertex 2.4006253410788143 -1.141560722799862 6.5
      vertex 2.437023162841797 -1.064178466796875 0.25
    endloop
  endfacet
  facet normal -0.9591502407917665 0.28289655253590773 0.0005967850489214748
    outer loop
      vertex 2.437023162841797 -1.064178466796875 0.25
      vertex 2.5647645838120403 -0.6442606308880974 6.5
      vertex 2.5836563110351562 -0.5670242309570312 0.25
    endloop
  endfacet
  facet normal -0.10831896381201873 0.9941160942272592 0.00043963283520614434
    outer loop
      vertex 0.008792877197265625 -2.7193679809570312 0.25
      vertex 0.3848924814763954 -2.6811521081568648 6.5
      vertex 0.4095826990464154 -2.67846186020795 6.5
    endloop
  endfacet
  facet normal -0.15928518701912578 0.9872324793716619 -0.0005107543081808444
    outer loop
      vertex 0.5240707397460938 -2.6632232666015625 0.25
      vertex 0.4095826990464154 -2.67846186020795 6.5
      vertex 0.5659886528463924 -2.653226515826057 6.5
    endloop
  endfacet
  facet normal -0.2997538401699459 0.9540164571871637 0.0004844785064790208
    outer loop
      vertex 0.5240707397460938 -2.6632232666015625 0.25
      vertex 0.5659886528463924 -2.653226515826057 6.5
      vertex 0.5744501626864361 -2.650567892854639 6.5
    endloop
  endfacet
  facet normal -0.29975384016996776 0.9540164571871569 0.00048447850647921224
    outer loop
      vertex 0.5240707397460938 -2.6632232666015625 0.25
      vertex 0.5744501626864361 -2.650567892854639 6.5
      vertex 0.8927839177496276 -2.550546803263311 6.5
    endloop
  endfacet
  facet normal -0.2997538401699706 0.9540164571871559 0.0004844785064793996
    outer loop
      vertex 0.5240707397460938 -2.6632232666015625 0.25
      vertex 0.8927839177496276 -2.550546803263311 6.5
      vertex 0.915046916288488 -2.5435517254997704 6.5
    endloop
  endfacet
  facet normal -0.35563537778813953 0.9346246163445324 -0.0005518952100059434
    outer loop
      vertex 1.0185699462890625 -2.5078506469726562 0.25
      vertex 0.915046916288488 -2.5435517254997704 6.5
      vertex 1.0631188785328585 -2.487208646886489 6.5
    endloop
  endfacet
  facet normal -0.47973048180821654 0.877415746827045 0.000521578369239935
    outer loop
      vertex 1.0185699462890625 -2.5078506469726562 0.25
      vertex 1.0631188785328585 -2.487208646886489 6.5
      vertex 1.071998971528503 -2.4823534214056293 6.5
    endloop
  endfacet
  facet normal -0.4797304818082073 0.8774157468270499 0.0005215783692398344
    outer loop
      vertex 1.0185699462890625 -2.5078506469726562 0.25
      vertex 1.071998971528503 -2.4823534214056293 6.5
      vertex 1.3649235704805598 -2.322195754419462 6.5
    endloop
  endfacet
  facet normal -0.47973048180820593 0.8774157468270508 0.0005215783692396717
    outer loop
      vertex 1.0185699462890625 -2.5078506469726562 0.25
      vertex 1.3649235704805598 -2.322195754419462 6.5
      vertex 1.3841458488913143 -2.311685898724724 6.5
    endloop
  endfacet
  facet normal -0.5372730916359093 0.8434081350708758 -0.0005854060634679061
    outer loop
      vertex 1.473358154296875 -2.2591934204101562 0.25
      vertex 1.3841458488913143 -2.311685898724724 6.5
      vertex 1.517765718347886 -2.2265665390912224 6.5
    endloop
  endfacet
  facet normal -0.6413446982257228 0.7672526792369748 0.0005515989853018166
    outer loop
      vertex 1.473358154296875 -2.2591934204101562 0.25
      vertex 1.517765718347886 -2.2265665390912224 6.5
      vertex 1.5264911529720107 -2.219272968944993 6.5
    endloop
  endfacet
  facet normal -0.6413446982257164 0.76725267923698 0.0005515989853017271
    outer loop
      vertex 1.473358154296875 -2.2591934204101562 0.25
      vertex 1.5264911529720107 -2.219272968944993 6.5
      vertex 1.7827416063403383 -2.005073821606529 6.5
    endloop
  endfacet
  facet normal -0.6413446982257138 0.7672526792369823 0.0005515989853014685
    outer loop
      vertex 1.473358154296875 -2.2591934204101562 0.25
      vertex 1.7827416063403383 -2.005073821606529 6.5
      vertex 1.798487943761489 -1.9919114954331343 6.5
    endloop
  endfacet
  facet normal -0.6967239237485956 0.7173391108969784 -0.0006115994552696677
    outer loop
      vertex 1.8710479736328125 -1.9267654418945312 0.25
      vertex 1.798487943761489 -1.9919114954331343 6.5
      vertex 1.9121356290929459 -1.8815298641429228 6.5
    endloop
  endfacet
  facet normal -0.7784286882402107 0.6277327837265781 0.0005740727355520196
    outer loop
      vertex 1.8710479736328125 -1.9267654418945312 0.25
      vertex 1.9121356290929459 -1.8815298641429228 6.5
      vertex 1.9200652017522604 -1.8716966883019996 6.5
    endloop
  endfacet
  facet normal -0.7784286882402094 0.62773278372658 0.0005740727355519914
    outer loop
      vertex 1.8710479736328125 -1.9267654418945312 0.25
      vertex 1.9200652017522604 -1.8716966883019996 6.5
      vertex 2.1297709671131217 -1.611648164346993 6.5
    endloop
  endfacet
  facet normal -0.7784286882402055 0.6277327837265848 0.0005740727355515455
    outer loop
      vertex 1.8710479736328125 -1.9267654418945312 0.25
      vertex 2.1297709671131217 -1.611648164346993 6.5
      vertex 2.1418091269100414 -1.5967200784122242 6.5
    endloop
  endfacet
  facet normal -0.8273940461396119 0.5616214871450262 -0.000630547167813837
    outer loop
      vertex 2.1964187622070312 -1.523284912109375 0.25
      vertex 2.1418091269100414 -1.5967200784122242 6.5
      vertex 2.2307869406307446 -1.4656358606675093 6.5
    endloop
  endfacet
  facet normal -0.8857361472148473 0.46418867998272956 0.0005889761364409843
    outer loop
      vertex 2.1964187622070312 -1.523284912109375 0.25
      vertex 2.2307869406307446 -1.4656358606675093 6.5
      vertex 2.2372406577723787 -1.4533212765280208 6.5
    endloop
  endfacet
  facet normal -0.8857361472148455 0.46418867998273305 0.0005889761364409338
    outer loop
      vertex 2.1964187622070312 -1.523284912109375 0.25
      vertex 2.2372406577723787 -1.4533212765280208 6.5
      vertex 2.392337162091409 -1.1573757136436809 6.5
    endloop
  endfacet
  facet normal -0.885736147214843 0.46418867998273783 0.0005889761364406985
    outer loop
      vertex 2.1964187622070312 -1.523284912109375 0.25
      vertex 2.392337162091409 -1.1573757136436809 6.5
      vertex 2.4006253410788143 -1.141560722799862 6.5
    endloop
  endfacet
  facet normal -0.9238659325361266 0.3827157258088338 -0.0006418082039093477
    outer loop
      vertex 2.437023162841797 -1.064178466796875 0.25
      vertex 2.4006253410788143 -1.141560722799862 6.5
      vertex 2.4612588321461395 -0.9951930326573989 6.5
    endloop
  endfacet
  facet normal -0.9591502407917649 0.2828965525359133 0.0005967850489213977
    outer loop
      vertex 2.437023162841797 -1.064178466796875 0.25
      vertex 2.4612588321461395 -0.9951930326573989 6.5
      vertex 2.4655522369145455 -0.9806364034566583 6.5
    endloop
  endfacet
  facet normal -0.9591502407917665 0.28289655253590784 0.0005967850489214759
    outer loop
      vertex 2.437023162841797 -1.064178466796875 0.25
      vertex 2.4655522369145455 -0.9806364034566583 6.5
      vertex 2.5600832356221024 -0.660132567832395 6.5
    endloop
  endfacet
  facet normal -0.9591502407917675 0.2828965525359049 0.0005967850489217174
    outer loop
      vertex 2.437023162841797 -1.064178466796875 0.25
      vertex 2.5600832356221024 -0.660132567832395 6.5
      vertex 2.5647645838120403 -0.6442606308880974 6.5
    endloop
  endfacet
  facet normal -0.9821710430591 0.18798836480448156 -0.0006456580648783497
    outer loop
      vertex 2.5836563110351562 -0.5670242309570312 0.25
      vertex 2.5647645838120403 -0.6442606308880974 6.5
      vertex 2.5945472717285156 -0.4886568854836857 6.5
    endloop
  endfacet
  facet normal 0 0 -1
    outer loop
      vertex -1.68682861328125 -10.182952880859375 0
      vertex 2.5184783935546875 -1.4731063842773438 0
      vertex 10.140098571777344 1.2908859252929688 0
    endloop
  endfacet
  facet normal -0.2300351435633247 0.09209145724932152 -0.9688152539197021
    outer loop
      vertex 2.447296142578125 -1.341094970703125 0.033493995666503906
      vertex 2.64337158203125 -0.851318359375 0.033493995666503906
      vertex 2.7396278381347656 -0.9632415771484375 0
    endloop
  endfacet
  facet normal -0.26637932432211686 0.05881675853066366 -0.962072057846832
    outer loop
      vertex 2.7396278381347656 -0.9632415771484375 0
      vertex 2.64337158203125 -0.851318359375 0.033493995666503906
      vertex 2.859455108642578 -0.4205474853515625 0
    endloop
  endfacet
  facet normal -0.6959031111132635 0.13412672042746066 -0.7054990310484165
    outer loop
      vertex 2.555572509765625 -0.8255386352539062 0.125
      vertex 2.743213653564453 -0.3332977294921875 0.033493995666503906
      vertex 2.64337158203125 -0.851318359375 0.033493995666503906
    endloop
  endfacet
  facet normal -0.6959041795069781 0.13412734570524693 -0.7054978583091409
    outer loop
      vertex 2.555572509765625 -0.8255386352539062 0.125
      vertex 2.6521224975585938 -0.3246002197265625 0.125
      vertex 2.743213653564453 -0.3332977294921875 0.033493995666503906
    endloop
  endfacet
  facet normal -0.24384018437620925 0.046997180665693576 -0.9686760188488474
    outer loop
      vertex 2.64337158203125 -0.851318359375 0.033493995666503906
      vertex 2.743213653564453 -0.3332977294921875 0.033493995666503906
      vertex 2.859455108642578 -0.4205474853515625 0
    endloop
  endfacet
  facet normal -0.9341727617597202 0.0851632858573111 -0.3465089694772747
    outer loop
      vertex 2.5836563110351562 -0.5670242309570312 0.25
      vertex 2.6307144165039062 -0.05083465576171875 0.25
      vertex 2.6521224975585938 -0.3246002197265625 0.125
    endloop
  endfacet
  facet normal -0.7087114506277717 0 -0.7054984619041204
    outer loop
      vertex 2.743213653564453 -0.3332977294921875 0.033493995666503906
      vertex 2.6521224975585938 -0.3246002197265625 0.125
      vertex 2.743213653564453 0.19426727294921875 0.033493995666503906
    endloop
  endfacet
  facet normal -0.27208153624193854 0.006904598596236061 -0.9622494292824763
    outer loop
      vertex 2.859455108642578 -0.4205474853515625 0
      vertex 2.743213653564453 -0.3332977294921875 0.033493995666503906
      vertex 2.873554229736328 0.135040283203125 0
    endloop
  endfacet
  facet normal -0.9958700737711518 0.09078788339916144 0.0005969882249597787
    outer loop
      vertex 2.5836563110351562 -0.5670242309570312 0.25
      vertex 2.5945472717285156 -0.4886568854836857 6.5
      vertex 2.6307144165039062 -0.05083465576171875 0.25
    endloop
  endfacet
  facet normal -0.9958700737711512 0.09078788339916836 0.000596988224960259
    outer loop
      vertex 2.6307144165039062 -0.05083465576171875 0.25
      vertex 2.5945472717285156 -0.4886568854836857 6.5
      vertex 2.5960419749362864 -0.4722611932607045 6.5
    endloop
  endfacet
  facet normal -0.9958700737711518 0.0907878833991616 0.0005969882249598082
    outer loop
      vertex 2.6307144165039062 -0.05083465576171875 0.25
      vertex 2.5960419749362864 -0.4722611932607045 6.5
      vertex 2.6263791759549857 -0.1394864937595447 6.5
    endloop
  endfacet
  facet normal -0.9958700737711517 0.0907878833991639 0.0005969882249598403
    outer loop
      vertex 2.6307144165039062 -0.05083465576171875 0.25
      vertex 2.6263791759549857 -0.1394864937595447 6.5
      vertex 2.627764757941751 -0.12428777358111213 6.5
    endloop
  endfacet
  facet normal 0.5044323429000271 -0.8400596222135397 -0.1996192439691987
    outer loop
      vertex 4.911529541015625 -9.330123901367188 0.18529510498046875
      vertex 5.837581634521484 -8.774055480957031 0.18529510498046875
      vertex 5.003623962402344 -9.290199279785156 0.25
    endloop
  endfacet
  facet normal 0.47569580035018366 -0.792208088353948 -0.3822562625723502
    outer loop
      vertex 4.899791717529297 -9.308074951171875 0.125
      vertex 5.823638916015625 -8.753334045410156 0.125
      vertex 5.837581634521484 -8.774055480957031 0.18529510498046875
    endloop
  endfacet
  facet normal 0.08092926036700177 -0.1347761254485392 -0.9875656184910093
    outer loop
      vertex 4.828449249267578 -9.174087524414062 0.008518218994140625
      vertex 5.449424743652344 -8.738792419433594 0
      vertex 5.738899230957031 -8.627388000488281 0.008518218994140625
    endloop
  endfacet
  facet normal 0.1972330285031656 -0.32846344167228625 -0.923694159314795
    outer loop
      vertex 4.828449249267578 -9.174087524414062 0.008518218994140625
      vertex 5.738899230957031 -8.627388000488281 0.008518218994140625
      vertex 5.772556304931641 -8.677413940429688 0.033493995666503906
    endloop
  endfacet
  facet normal 0.3136613267823081 -0.522354730363375 -0.7929452110632662
    outer loop
      vertex 4.856788635253906 -9.227310180664062 0.033493995666503906
      vertex 5.772556304931641 -8.677413940429688 0.033493995666503906
      vertex 5.801460266113281 -8.720367431640625 0.07322311401367188
    endloop
  endfacet
  facet normal 0.4086039367363274 -0.6804669155176971 -0.6082824999697153
    outer loop
      vertex 4.8811187744140625 -9.27301025390625 0.07322311401367188
      vertex 5.801460266113281 -8.720367431640625 0.07322311401367188
      vertex 5.823638916015625 -8.753334045410156 0.125
    endloop
  endfacet
  facet normal 0.5218644057687541 -0.8508457729184847 -0.060983708466863296
    outer loop
      vertex 5.003623962402344 -9.290199279785156 0.25
      vertex 5.837581634521484 -8.774055480957031 0.18529510498046875
      vertex 5.923072814941406 -8.72625732421875 0.25
    endloop
  endfacet
  facet normal 0.06430434724452057 -0.09110389536078585 -0.9937630659143794
    outer loop
      vertex 5.449424743652344 -8.738792419433594 0
      vertex 6.317768096923828 -8.125885009765625 0
      vertex 5.738899230957031 -8.627388000488281 0.008518218994140625
    endloop
  endfacet
  facet normal 0.47640472274704726 -0.6348494584679901 -0.6082801206904666
    outer loop
      vertex 5.801460266113281 -8.720367431640625 0.07322311401367188
      vertex 6.685550689697266 -8.106536865234375 0.125
      vertex 5.823638916015625 -8.753334045410156 0.125
    endloop
  endfacet
  facet normal 0.36570314866530235 -0.4873364471998183 -0.792946652863194
    outer loop
      vertex 5.772556304931641 -8.677413940429688 0.033493995666503906
      vertex 6.660099029541016 -8.076034545898438 0.07322311401367188
      vertex 5.801460266113281 -8.720367431640625 0.07322311401367188
    endloop
  endfacet
  facet normal 0.22996256657058473 -0.30644298914897955 -0.9236936247358795
    outer loop
      vertex 5.738899230957031 -8.627388000488281 0.008518218994140625
      vertex 6.626930236816406 -8.036270141601562 0.033493995666503906
      vertex 5.772556304931641 -8.677413940429688 0.033493995666503906
    endloop
  endfacet
  facet normal 0.5546320840044804 -0.739096087937436 -0.382256751658391
    outer loop
      vertex 5.837581634521484 -8.774055480957031 0.18529510498046875
      vertex 5.823638916015625 -8.753334045410156 0.125
      vertex 6.701549530029297 -8.125717163085938 0.18529510498046875
    endloop
  endfacet
  facet normal 0.5883106483910379 -0.7839757404193731 -0.1981732056147155
    outer loop
      vertex 5.837581634521484 -8.774055480957031 0.18529510498046875
      vertex 6.701549530029297 -8.125717163085938 0.18529510498046875
      vertex 5.923072814941406 -8.72625732421875 0.25
    endloop
  endfacet
  facet normal 0.5546283547746449 -0.7390890431340879 -0.38227578317114097
    outer loop
      vertex 5.823638916015625 -8.753334045410156 0.125
      vertex 6.685550689697266 -8.106536865234375 0.125
      vertex 6.701549530029297 -8.125717163085938 0.18529510498046875
    endloop
  endfacet
  facet normal 0.47642990278486175 -0.6348910503240591 -0.6082169859111305
    outer loop
      vertex 5.801460266113281 -8.720367431640625 0.07322311401367188
      vertex 6.660099029541016 -8.076034545898438 0.07322311401367188
      vertex 6.685550689697266 -8.106536865234375 0.125
    endloop
  endfacet
  facet normal 0.606344489662884 -0.7927390680565918 -0.06253902647325842
    outer loop
      vertex 5.923072814941406 -8.72625732421875 0.25
      vertex 6.701549530029297 -8.125717163085938 0.18529510498046875
      vertex 6.779811859130859 -8.070960998535156 0.25
    endloop
  endfacet
  facet normal 0.09407641421810216 -0.12536484209308627 -0.987640260750259
    outer loop
      vertex 5.738899230957031 -8.627388000488281 0.008518218994140625
      vertex 6.317768096923828 -8.125885009765625 0
      vertex 6.588306427001953 -7.9899749755859375 0.008518218994140625
    endloop
  endfacet
  facet normal 0.2299711692501661 -0.3064561883935194 -0.9236871038988405
    outer loop
      vertex 5.738899230957031 -8.627388000488281 0.008518218994140625
      vertex 6.588306427001953 -7.9899749755859375 0.008518218994140625
      vertex 6.626930236816406 -8.036270141601562 0.033493995666503906
    endloop
  endfacet
  facet normal 0.3656669985274569 -0.487279689616331 -0.7929982031980481
    outer loop
      vertex 5.772556304931641 -8.677413940429688 0.033493995666503906
      vertex 6.626930236816406 -8.036270141601562 0.033493995666503906
      vertex 6.660099029541016 -8.076034545898438 0.07322311401367188
    endloop
  endfacet
  facet normal 0.5228374928527878 -0.8524322904563344 -0.0003824327113315701
    outer loop
      vertex 5.003623962402344 -9.290199279785156 0.25
      vertex 5.923072814941406 -8.72625732421875 0.25
      vertex 5.882789611816406 -8.753768920898438 6.5
    endloop
  endfacet
  facet normal 0.6075336830151219 -0.7942938278439139 -0.00037289562104648517
    outer loop
      vertex 5.923072814941406 -8.72625732421875 0.25
      vertex 6.779811859130859 -8.070960998535156 0.25
      vertex 6.743499755859375 -8.101669311523438 6.5
    endloop
  endfacet
  facet normal 0.5188223846657148 -0.8548819678914529 0.0003926115354577117
    outer loop
      vertex 5.003623962402344 -9.290199279785156 0.25
      vertex 5.882789611816406 -8.753768920898438 6.5
      vertex 4.959659576416016 -9.314010620117188 6.5
    endloop
  endfacet
  facet normal 0.6038849851574914 -0.7970713754275365 0.0003836344504881083
    outer loop
      vertex 5.923072814941406 -8.72625732421875 0.25
      vertex 6.743499755859375 -8.101669311523438 6.5
      vertex 5.882789611816406 -8.753768920898438 6.5
    endloop
  endfacet
  facet normal 0 0 -1
    outer loop
      vertex 3.5463027954101562 -9.67938232421875 0
      vertex 9.027923583984375 -4.887359619140625 0
      vertex 4.52227783203125 -9.258491516113281 0
    endloop
  endfacet
  facet normal 0 0 -1
    outer loop
      vertex 4.52227783203125 -9.258491516113281 0
      vertex 8.480377197265625 -5.798332214355469 0
      vertex 5.449424743652344 -8.738792419433594 0
    endloop
  endfacet
  facet normal 0 0 -1
    outer loop
      vertex 5.449424743652344 -8.738792419433594 0
      vertex 7.841434478759766 -6.647705078125 0
      vertex 6.317768096923828 -8.125885009765625 0
    endloop
  endfacet
  facet normal 0.07356232998309398 -0.08414819717648403 -0.993734202148344
    outer loop
      vertex 6.317768096923828 -8.125885009765625 0
      vertex 7.117973327636719 -7.4263458251953125 0
      vertex 6.588306427001953 -7.9899749755859375 0.008518218994140625
    endloop
  endfacet
  facet normal 0.4138309158468363 -0.44710269806704167 -0.7929963117635165
    outer loop
      vertex 6.626930236816406 -8.036270141601562 0.033493995666503906
      vertex 7.44793701171875 -7.346824645996094 0.07322311401367188
      vertex 6.660099029541016 -8.076034545898438 0.07322311401367188
    endloop
  endfacet
  facet normal 0.5391853831220587 -0.5825341053082734 -0.608221290962597
    outer loop
      vertex 6.660099029541016 -8.076034545898438 0.07322311401367188
      vertex 7.476387023925781 -7.374549865722656 0.125
      vertex 6.685550689697266 -8.106536865234375 0.125
    endloop
  endfacet
  facet normal 0.627681995997915 -0.6781461351762192 -0.3822736339922362
    outer loop
      vertex 6.685550689697266 -8.106536865234375 0.125
      vertex 7.494274139404297 -7.3919830322265625 0.18529510498046875
      vertex 6.701549530029297 -8.125717163085938 0.18529510498046875
    endloop
  endfacet
  facet normal 0.6660114022611154 -0.7195571345146087 -0.19663759108397316
    outer loop
      vertex 6.701549530029297 -8.125717163085938 0.18529510498046875
      vertex 7.494274139404297 -7.3919830322265625 0.18529510498046875
      vertex 6.779811859130859 -8.070960998535156 0.25
    endloop
  endfacet
  facet normal 0.2602600001250952 -0.28118665116981045 -0.9236876092807528
    outer loop
      vertex 6.588306427001953 -7.9899749755859375 0.008518218994140625
      vertex 7.410858154296875 -7.3106842041015625 0.033493995666503906
      vertex 6.626930236816406 -8.036270141601562 0.033493995666503906
    endloop
  endfacet
  facet normal 0.10613164780166776 -0.11466409260203557 -0.9877186943673055
    outer loop
      vertex 6.588306427001953 -7.9899749755859375 0.008518218994140625
      vertex 7.117973327636719 -7.4263458251953125 0
      vertex 7.36767578125 -7.2686004638671875 0.008518218994140625
    endloop
  endfacet
  facet normal 0.41384745311519633 -0.4471235663593491 -0.792975915117327
    outer loop
      vertex 6.626930236816406 -8.036270141601562 0.033493995666503906
      vertex 7.410858154296875 -7.3106842041015625 0.033493995666503906
      vertex 7.44793701171875 -7.346824645996094 0.07322311401367188
    endloop
  endfacet
  facet normal 0.26024015036232595 -0.2811621351218151 -0.9237006646707234
    outer loop
      vertex 6.588306427001953 -7.9899749755859375 0.008518218994140625
      vertex 7.36767578125 -7.2686004638671875 0.008518218994140625
      vertex 7.410858154296875 -7.3106842041015625 0.033493995666503906
    endloop
  endfacet
  facet normal 0 0 -1
    outer loop
      vertex 6.317768096923828 -8.125885009765625 0
      vertex 7.841434478759766 -6.647705078125 0
      vertex 7.117973327636719 -7.4263458251953125 0
    endloop
  endfacet
  facet normal 0.6276805889989356 -0.6781440331610245 -0.38227967312171907
    outer loop
      vertex 6.685550689697266 -8.106536865234375 0.125
      vertex 7.476387023925781 -7.374549865722656 0.125
      vertex 7.494274139404297 -7.3919830322265625 0.18529510498046875
    endloop
  endfacet
  facet normal 0.5391915415830945 -0.5825422504343619 -0.6082080301542518
    outer loop
      vertex 6.660099029541016 -8.076034545898438 0.07322311401367188
      vertex 7.44793701171875 -7.346824645996094 0.07322311401367188
      vertex 7.476387023925781 -7.374549865722656 0.125
    endloop
  endfacet
  facet normal 0.6844039788327346 -0.7262801170000359 -0.06409668796697669
    outer loop
      vertex 6.779811859130859 -8.070960998535156 0.25
      vertex 7.494274139404297 -7.3919830322265625 0.18529510498046875
      vertex 7.5648040771484375 -7.331230163574219 0.25
    endloop
  endfacet
  facet normal 0 0 -1
    outer loop
      vertex 5.449424743652344 -8.738792419433594 0
      vertex 8.480377197265625 -5.798332214355469 0
      vertex 7.841434478759766 -6.647705078125 0
    endloop
  endfacet
  facet normal 0.08207219391270719 -0.07625601936026 -0.9937047723029625
    outer loop
      vertex 7.117973327636719 -7.4263458251953125 0
      vertex 7.841434478759766 -6.647705078125 0
      vertex 7.36767578125 -7.2686004638671875 0.008518218994140625
    endloop
  endfacet
  facet normal 0 0 -1
    outer loop
      vertex 4.52227783203125 -9.258491516113281 0
      vertex 9.027923583984375 -4.887359619140625 0
      vertex 8.480377197265625 -5.798332214355469 0
    endloop
  endfacet
  facet normal 0.4576329118556668 -0.402199191349359 -0.7929741032747698
    outer loop
      vertex 7.410858154296875 -7.3106842041015625 0.033493995666503906
      vertex 8.156620025634766 -6.54046630859375 0.07322311401367188
      vertex 7.44793701171875 -7.346824645996094 0.07322311401367188
    endloop
  endfacet
  facet normal 0.2877697369633956 -0.25291393028398956 -0.9237007753359978
    outer loop
      vertex 7.410858154296875 -7.3106842041015625 0.033493995666503906
      vertex 7.36767578125 -7.2686004638671875 0.008518218994140625
      vertex 8.116020202636719 -6.508338928222656 0.033493995666503906
    endloop
  endfacet
  facet normal 0.5962301041195182 -0.5240146248896367 -0.6082091218021989
    outer loop
      vertex 7.44793701171875 -7.346824645996094 0.07322311401367188
      vertex 8.187774658203125 -6.56512451171875 0.125
      vertex 7.476387023925781 -7.374549865722656 0.125
    endloop
  endfacet
  facet normal 0.6940811744246803 -0.6100116315385886 -0.38227886770901404
    outer loop
      vertex 7.476387023925781 -7.374549865722656 0.125
      vertex 8.207355499267578 -6.58062744140625 0.18529510498046875
      vertex 7.494274139404297 -7.3919830322265625 0.18529510498046875
    endloop
  endfacet
  facet normal 0.7366979177515107 -0.6474664856472735 -0.19509825202742623
    outer loop
      vertex 7.494274139404297 -7.3919830322265625 0.18529510498046875
      vertex 8.207355499267578 -6.58062744140625 0.18529510498046875
      vertex 7.5648040771484375 -7.331230163574219 0.25
    endloop
  endfacet
  facet normal 0.11697665854324393 -0.10280797629491635 -0.9877990592049585
    outer loop
      vertex 7.36767578125 -7.2686004638671875 0.008518218994140625
      vertex 7.841434478759766 -6.647705078125 0
      vertex 8.068740844726562 -6.470916748046875 0.008518218994140625
    endloop
  endfacet
  facet normal 0.6858141776950951 -0.7277766006944986 -0.00036490267302754386
    outer loop
      vertex 6.779811859130859 -8.070960998535156 0.25
      vertex 7.5648040771484375 -7.331230163574219 0.25
      vertex 7.532684326171875 -7.364631652832031 6.5
    endloop
  endfacet
  facet normal 0 0 -1
    outer loop
      vertex 3.5463027954101562 -9.67938232421875 0
      vertex 9.478195190429688 -3.9245834350585938 0
      vertex 9.027923583984375 -4.887359619140625 0
    endloop
  endfacet
  facet normal 0 0 -1
    outer loop
      vertex 2.5319862365722656 -9.996940612792969 0
      vertex 9.826347351074219 -2.9203567504882812 0
      vertex 9.478195190429688 -3.9245834350585938 0
    endloop
  endfacet
  facet normal 0.6825485058399582 -0.7308401992038226 0.000374704360046259
    outer loop
      vertex 6.779811859130859 -8.070960998535156 0.25
      vertex 7.532684326171875 -7.364631652832031 6.5
      vertex 6.743499755859375 -8.101669311523438 6.5
    endloop
  endfacet
  facet normal 0.7540056301974611 -0.6568678533557573 0.0003644973646726148
    outer loop
      vertex 7.5648040771484375 -7.331230163574219 0.25
      vertex 8.241992950439453 -6.5504302978515625 6.5
      vertex 7.532684326171875 -7.364631652832031 6.5
    endloop
  endfacet
  facet normal 0.6940883200819957 -0.6100202391242168 -0.38225215733150075
    outer loop
      vertex 7.476387023925781 -7.374549865722656 0.125
      vertex 8.187774658203125 -6.56512451171875 0.125
      vertex 8.207355499267578 -6.58062744140625 0.18529510498046875
    endloop
  endfacet
  facet normal 0.5961954396257547 -0.5239774445664902 -0.6082751312975269
    outer loop
      vertex 7.44793701171875 -7.346824645996094 0.07322311401367188
      vertex 8.156620025634766 -6.54046630859375 0.07322311401367188
      vertex 8.187774658203125 -6.56512451171875 0.125
    endloop
  endfacet
  facet normal 0.2877695883826203 -0.2529137811702946 -0.9237008624529056
    outer loop
      vertex 7.36767578125 -7.2686004638671875 0.008518218994140625
      vertex 8.068740844726562 -6.470916748046875 0.008518218994140625
      vertex 8.116020202636719 -6.508338928222656 0.033493995666503906
    endloop
  endfacet
  facet normal 0.4576563126220486 -0.4022231731728054 -0.7929484336827893
    outer loop
      vertex 7.410858154296875 -7.3106842041015625 0.033493995666503906
      vertex 8.116020202636719 -6.508338928222656 0.033493995666503906
      vertex 8.156620025634766 -6.54046630859375 0.07322311401367188
    endloop
  endfacet
  facet normal 0.7552229470038204 -0.6521687026980805 -0.06568320592029206
    outer loop
      vertex 7.5648040771484375 -7.331230163574219 0.25
      vertex 8.207355499267578 -6.58062744140625 0.18529510498046875
      vertex 8.269767761230469 -6.514869689941406 0.25
    endloop
  endfacet
  facet normal 0.7568573126148561 -0.653580050306773 -0.00035522164050962534
    outer loop
      vertex 7.5648040771484375 -7.331230163574219 0.25
      vertex 8.269767761230469 -6.514869689941406 0.25
      vertex 8.241992950439453 -6.5504302978515625 6.5
    endloop
  endfacet
  facet normal 0.08974353517401946 -0.06750978372199692 -0.9936742559794325
    outer loop
      vertex 7.841434478759766 -6.647705078125 0
      vertex 8.480377197265625 -5.798332214355469 0
      vertex 8.068740844726562 -6.470916748046875 0.008518218994140625
    endloop
  endfacet
  facet normal 0.31225074792424506 -0.2219839252191396 -0.9237004965707515
    outer loop
      vertex 8.068740844726562 -6.470916748046875 0.008518218994140625
      vertex 8.734947204589844 -5.637733459472656 0.033493995666503906
      vertex 8.116020202636719 -6.508338928222656 0.033493995666503906
    endloop
  endfacet
  facet normal 0.49658340372797827 -0.353034080245364 -0.7929513612619917
    outer loop
      vertex 8.116020202636719 -6.508338928222656 0.033493995666503906
      vertex 8.778636932373047 -5.66552734375 0.07322311401367188
      vertex 8.156620025634766 -6.54046630859375 0.07322311401367188
    endloop
  endfacet
  facet normal 0.6469104778045169 -0.45990053725987917 -0.6082748799143409
    outer loop
      vertex 8.156620025634766 -6.54046630859375 0.07322311401367188
      vertex 8.81216049194336 -5.6868438720703125 0.125
      vertex 8.187774658203125 -6.56512451171875 0.125
    endloop
  endfacet
  facet normal 0.7531364557144782 -0.5354185188402868 -0.3822466334144845
    outer loop
      vertex 8.187774658203125 -6.56512451171875 0.125
      vertex 8.833232879638672 -5.700248718261719 0.18529510498046875
      vertex 8.207355499267578 -6.58062744140625 0.18529510498046875
    endloop
  endfacet
  facet normal 0.7996141208937223 -0.5684603434135217 -0.19357193916872442
    outer loop
      vertex 8.207355499267578 -6.58062744140625 0.18529510498046875
      vertex 8.833232879638672 -5.700248718261719 0.18529510498046875
      vertex 8.269767761230469 -6.514869689941406 0.25
    endloop
  endfacet
  facet normal 0.12650181869925808 -0.08993328382652196 -0.9878812146842141
    outer loop
      vertex 8.068740844726562 -6.470916748046875 0.008518218994140625
      vertex 8.480377197265625 -5.798332214355469 0
      vertex 8.684074401855469 -5.605377197265625 0.008518218994140625
    endloop
  endfacet
  facet normal 0.31227830285653774 -0.2220063990576153 -0.9236857800911039
    outer loop
      vertex 8.068740844726562 -6.470916748046875 0.008518218994140625
      vertex 8.684074401855469 -5.605377197265625 0.008518218994140625
      vertex 8.734947204589844 -5.637733459472656 0.033493995666503906
    endloop
  endfacet
  facet normal 0.7531365177188627 -0.5354185795605628 -0.3822464261960531
    outer loop
      vertex 8.187774658203125 -6.56512451171875 0.125
      vertex 8.81216049194336 -5.6868438720703125 0.125
      vertex 8.833232879638672 -5.700248718261719 0.18529510498046875
    endloop
  endfacet
  facet normal 0.4965409134631731 -0.35299867729762385 -0.7929937295359186
    outer loop
      vertex 8.116020202636719 -6.508338928222656 0.033493995666503906
      vertex 8.734947204589844 -5.637733459472656 0.033493995666503906
      vertex 8.778636932373047 -5.66552734375 0.07322311401367188
    endloop
  endfacet
  facet normal 0.6469412834829664 -0.45992741455426206 -0.6082217926602465
    outer loop
      vertex 8.156620025634766 -6.54046630859375 0.07322311401367188
      vertex 8.778636932373047 -5.66552734375 0.07322311401367188
      vertex 8.81216049194336 -5.6868438720703125 0.125
    endloop
  endfacet
  facet normal 0.8180513063335072 -0.571187761218544 -0.06735429934451156
    outer loop
      vertex 8.269767761230469 -6.514869689941406 0.25
      vertex 8.833232879638672 -5.700248718261719 0.18529510498046875
      vertex 8.887260437011719 -5.630500793457031 0.25
    endloop
  endfacet
  facet normal 0.09648932575796111 -0.05799557742265565 -0.993642955499704
    outer loop
      vertex 8.480377197265625 -5.798332214355469 0
      vertex 9.027923583984375 -4.887359619140625 0
      vertex 8.684074401855469 -5.605377197265625 0.008518218994140625
    endloop
  endfacet
  facet normal 0.5302060184265605 -0.3000767068176487 -0.7929915182709893
    outer loop
      vertex 8.778636932373047 -5.66552734375 0.07322311401367188
      vertex 8.734947204589844 -5.637733459472656 0.033493995666503906
      vertex 9.307395935058594 -4.73126220703125 0.07322311401367188
    endloop
  endfacet
  facet normal 0.6907991570080756 -0.3909678654225714 -0.608227468044522
    outer loop
      vertex 8.778636932373047 -5.66552734375 0.07322311401367188
      vertex 9.342933654785156 -4.7490234375 0.125
      vertex 8.81216049194336 -5.6868438720703125 0.125
    endloop
  endfacet
  facet normal 0.8041952310100218 -0.4551471536103508 -0.3822448155058923
    outer loop
      vertex 8.81216049194336 -5.6868438720703125 0.125
      vertex 9.365272521972656 -4.76019287109375 0.18529510498046875
      vertex 8.833232879638672 -5.700248718261719 0.18529510498046875
    endloop
  endfacet
  facet normal 0.8540769170278532 -0.4833784916397829 -0.19208814023839718
    outer loop
      vertex 8.833232879638672 -5.700248718261719 0.18529510498046875
      vertex 9.365272521972656 -4.76019287109375 0.18529510498046875
      vertex 8.887260437011719 -5.630500793457031 0.25
    endloop
  endfacet
  facet normal 0.819913181359647 -0.5724877777573794 -0.00034547231468709305
    outer loop
      vertex 8.269767761230469 -6.514869689941406 0.25
      vertex 8.887260437011719 -5.630500793457031 0.25
      vertex 8.863929748535156 -5.667686462402344 6.5
    endloop
  endfacet
  facet normal 0.8174807936814485 -0.5759557494595746 0.000355846046345503
    outer loop
      vertex 8.269767761230469 -6.514869689941406 0.25
      vertex 8.863929748535156 -5.667686462402344 6.5
      vertex 8.241992950439453 -6.5504302978515625 6.5
    endloop
  endfacet
  facet normal 0.8723094485657323 -0.48895409339856655 0.0003471191924919385
    outer loop
      vertex 8.887260437011719 -5.630500793457031 0.25
      vertex 9.391918182373047 -4.725738525390625 6.5
      vertex 8.863929748535156 -5.667686462402344 6.5
    endloop
  endfacet
  facet normal 0 0 1
    outer loop
      vertex 5.882789611816406 -8.753768920898438 6.5
      vertex 6.743499755859375 -8.101669311523438 6.5
      vertex 4.49591064453125 -5.48394775390625 6.5
    endloop
  endfacet
  facet normal 0 0 1
    outer loop
      vertex 6.743499755859375 -8.101669311523438 6.5
      vertex 7.532684326171875 -7.364631652832031 6.5
      vertex 5.138324737548828 -4.8759918212890625 6.5
    endloop
  endfacet
  facet normal 0 0 1
    outer loop
      vertex 6.743499755859375 -8.101669311523438 6.5
      vertex 5.138324737548828 -4.8759918212890625 6.5
      vertex 4.49591064453125 -5.48394775390625 6.5
    endloop
  endfacet
  facet normal 0 0 1
    outer loop
      vertex 7.532684326171875 -7.364631652832031 6.5
      vertex 5.699562072753906 -4.1923828125 6.5
      vertex 5.138324737548828 -4.8759918212890625 6.5
    endloop
  endfacet
  facet normal 0 0 1
    outer loop
      vertex 7.532684326171875 -7.364631652832031 6.5
      vertex 8.241992950439453 -6.5504302978515625 6.5
      vertex 5.699562072753906 -4.1923828125 6.5
    endloop
  endfacet
  facet normal 0 0 -1
    outer loop
      vertex -1.68682861328125 -10.182952880859375 0
      vertex 10.140098571777344 1.2908859252929688 0
      vertex 10.226356506347656 0.23152923583984375 0
    endloop
  endfacet
  facet normal 0 0 -1
    outer loop
      vertex 1.4902420043945312 -10.207763671875 0
      vertex 10.06863021850586 -1.8854751586914062 0
      vertex 9.826347351074219 -2.9203567504882812 0
    endloop
  endfacet
  facet normal 0 0 -1
    outer loop
      vertex 0.4322624206542969 -10.3095703125 0
      vertex 10.202445983886719 -0.8310699462890625 0
      vertex 10.06863021850586 -1.8854751586914062 0
    endloop
  endfacet
  facet normal 0 0 -1
    outer loop
      vertex -0.6305694580078125 -10.30126953125 0
      vertex 10.226356506347656 0.23152923583984375 0
      vertex 10.202445983886719 -0.8310699462890625 0
    endloop
  endfacet
  facet normal 0.33344864452768225 -0.1887212545207987 -0.9236862506039306
    outer loop
      vertex 8.684074401855469 -5.605377197265625 0.008518218994140625
      vertex 9.26108169555664 -4.7081146240234375 0.033493995666503906
      vertex 8.734947204589844 -5.637733459472656 0.033493995666503906
    endloop
  endfacet
  facet normal 0.13461311402744128 -0.07618519975005261 -0.9879651435505606
    outer loop
      vertex 8.684074401855469 -5.605377197265625 0.008518218994140625
      vertex 9.027923583984375 -4.887359619140625 0
      vertex 9.207145690917969 -4.68115234375 0.008518218994140625
    endloop
  endfacet
  facet normal 0.3334074430069777 -0.1886941909572263 -0.9237066521610346
    outer loop
      vertex 8.684074401855469 -5.605377197265625 0.008518218994140625
      vertex 9.207145690917969 -4.68115234375 0.008518218994140625
      vertex 9.26108169555664 -4.7081146240234375 0.033493995666503906
    endloop
  endfacet
  facet normal 0.5302335705632397 -0.3000952208622031 -0.7929660894788778
    outer loop
      vertex 8.734947204589844 -5.637733459472656 0.033493995666503906
      vertex 9.26108169555664 -4.7081146240234375 0.033493995666503906
      vertex 9.307395935058594 -4.73126220703125 0.07322311401367188
    endloop
  endfacet
  facet normal 0.6907886245821726 -0.3909604349397315 -0.6082442062688359
    outer loop
      vertex 8.778636932373047 -5.66552734375 0.07322311401367188
      vertex 9.307395935058594 -4.73126220703125 0.07322311401367188
      vertex 9.342933654785156 -4.7490234375 0.125
    endloop
  endfacet
  facet normal 0.8041903276995376 -0.45514325346880935 -0.3822597750958602
    outer loop
      vertex 8.81216049194336 -5.6868438720703125 0.125
      vertex 9.342933654785156 -4.7490234375 0.125
      vertex 9.365272521972656 -4.76019287109375 0.18529510498046875
    endloop
  endfacet
  facet normal 0.8722418188699064 -0.48419695234447907 -0.06890225507801485
    outer loop
      vertex 8.887260437011719 -5.630500793457031 0.25
      vertex 9.365272521972656 -4.76019287109375 0.18529510498046875
      vertex 9.4107666015625 -4.687446594238281 0.25
    endloop
  endfacet
  facet normal 0.1022406376893008 -0.04781594823125811 -0.9936098263904352
    outer loop
      vertex 9.027923583984375 -4.887359619140625 0
      vertex 9.478195190429688 -3.9245834350585938 0
      vertex 9.207145690917969 -4.68115234375 0.008518218994140625
    endloop
  endfacet
  facet normal 0.3510434230714396 -0.1534140724852206 -0.923705925866986
    outer loop
      vertex 9.207145690917969 -4.68115234375 0.008518218994140625
      vertex 9.688838958740234 -3.7293167114257812 0.033493995666503906
      vertex 9.26108169555664 -4.7081146240234375 0.033493995666503906
    endloop
  endfacet
  facet normal 0.558279352089258 -0.2439822749193257 -0.7929670955064836
    outer loop
      vertex 9.26108169555664 -4.7081146240234375 0.033493995666503906
      vertex 9.737289428710938 -3.7475814819335938 0.07322311401367188
      vertex 9.307395935058594 -4.73126220703125 0.07322311401367188
    endloop
  endfacet
  facet normal 0.7273256465699515 -0.3178593580670224 -0.608245700626665
    outer loop
      vertex 9.307395935058594 -4.73126220703125 0.07322311401367188
      vertex 9.774463653564453 -3.7615966796875 0.125
      vertex 9.342933654785156 -4.7490234375 0.125
    endloop
  endfacet
  facet normal 0.1412350146482425 -0.0617235338268639 -0.9880500371991465
    outer loop
      vertex 9.207145690917969 -4.68115234375 0.008518218994140625
      vertex 9.478195190429688 -3.9245834350585938 0
      vertex 9.63241958618164 -3.7080459594726562 0.008518218994140625
    endloop
  endfacet
  facet normal 0.8467291555972337 -0.3700413893945146 -0.38225529060638613
    outer loop
      vertex 9.342933654785156 -4.7490234375 0.125
      vertex 9.797832489013672 -3.7704086303710938 0.18529510498046875
      vertex 9.365272521972656 -4.76019287109375 0.18529510498046875
    endloop
  endfacet
  facet normal 0.899538697037048 -0.3931204530579035 -0.19049000477830536
    outer loop
      vertex 9.365272521972656 -4.76019287109375 0.18529510498046875
      vertex 9.797832489013672 -3.7704086303710938 0.18529510498046875
      vertex 9.4107666015625 -4.687446594238281 0.25
    endloop
  endfacet
  facet normal 0.35106100598398216 -0.15342318568885305 -0.9236977298719524
    outer loop
      vertex 9.207145690917969 -4.68115234375 0.008518218994140625
      vertex 9.63241958618164 -3.7080459594726562 0.008518218994140625
      vertex 9.688838958740234 -3.7293167114257812 0.033493995666503906
    endloop
  endfacet
  facet normal 0.5582653862338656 -0.2439748498357209 -0.7929792123257647
    outer loop
      vertex 9.26108169555664 -4.7081146240234375 0.033493995666503906
      vertex 9.688838958740234 -3.7293167114257812 0.033493995666503906
      vertex 9.737289428710938 -3.7475814819335938 0.07322311401367188
    endloop
  endfacet
  facet normal 0.8467304668073319 -0.37004222785822494 -0.3822515744662922
    outer loop
      vertex 9.342933654785156 -4.7490234375 0.125
      vertex 9.774463653564453 -3.7615966796875 0.125
      vertex 9.797832489013672 -3.7704086303710938 0.18529510498046875
    endloop
  endfacet
  facet normal 0.7273292441749478 -0.31786137700608674 -0.6082403435942849
    outer loop
      vertex 9.307395935058594 -4.73126220703125 0.07322311401367188
      vertex 9.737289428710938 -3.7475814819335938 0.07322311401367188
      vertex 9.774463653564453 -3.7615966796875 0.125
    endloop
  endfacet
  facet normal 0.9172076590129578 -0.39211481157739947 -0.07054136934870517
    outer loop
      vertex 9.4107666015625 -4.687446594238281 0.25
      vertex 9.797832489013672 -3.7704086303710938 0.18529510498046875
      vertex 9.834766387939453 -3.6956558227539062 0.25
    endloop
  endfacet
  facet normal 0.8743196638984764 -0.48535040108829325 -0.00033687369799921627
    outer loop
      vertex 8.887260437011719 -5.630500793457031 0.25
      vertex 9.4107666015625 -4.687446594238281 0.25
      vertex 9.391918182373047 -4.725738525390625 6.5
    endloop
  endfacet
  facet normal 0.9194982133945327 -0.3930940448959542 -0.0003277676002919863
    outer loop
      vertex 9.4107666015625 -4.687446594238281 0.25
      vertex 9.834766387939453 -3.6956558227539062 0.25
      vertex 9.820369720458984 -3.7345428466796875 6.5
    endloop
  endfacet
  facet normal 0.10692482994618016 -0.03706942978540744 -0.9935758341044559
    outer loop
      vertex 9.478195190429688 -3.9245834350585938 0
      vertex 9.826347351074219 -2.9203567504882812 0
      vertex 9.63241958618164 -3.7080459594726562 0.008518218994140625
    endloop
  endfacet
  facet normal 0.3649762833010076 -0.11651340675878784 -0.9236974280971253
    outer loop
      vertex 9.63241958618164 -3.7080459594726562 0.008518218994140625
      vertex 10.013690948486328 -2.7117233276367188 0.033493995666503906
      vertex 9.688838958740234 -3.7293167114257812 0.033493995666503906
    endloop
  endfacet
  facet normal 0.14630405889176626 -0.04670570782474475 -0.9881364780273949
    outer loop
      vertex 9.63241958618164 -3.7080459594726562 0.008518218994140625
      vertex 9.826347351074219 -2.9203567504882812 0
      vertex 9.95538330078125 -2.6963729858398438 0.008518218994140625
    endloop
  endfacet
  facet normal 0.5803919975723695 -0.18528049930335236 -0.7929793602180671
    outer loop
      vertex 9.688838958740234 -3.7293167114257812 0.033493995666503906
      vertex 10.063758850097656 -2.72491455078125 0.07322311401367188
      vertex 9.737289428710938 -3.7475814819335938 0.07322311401367188
    endloop
  endfacet
  facet normal 0.7561576153703297 -0.24139284071394998 -0.6082393913333025
    outer loop
      vertex 9.737289428710938 -3.7475814819335938 0.07322311401367188
      vertex 10.102180480957031 -2.7350311279296875 0.125
      vertex 9.774463653564453 -3.7615966796875 0.125
    endloop
  endfacet
  facet normal 0.8802914661131571 -0.28102101691517484 -0.38224877075055386
    outer loop
      vertex 9.774463653564453 -3.7615966796875 0.125
      vertex 10.126331329345703 -2.74139404296875 0.18529510498046875
      vertex 9.797832489013672 -3.7704086303710938 0.18529510498046875
    endloop
  endfacet
  facet normal 0.9354729530426175 -0.2986369522828988 -0.18896117288190878
    outer loop
      vertex 9.797832489013672 -3.7704086303710938 0.18529510498046875
      vertex 10.126331329345703 -2.74139404296875 0.18529510498046875
      vertex 9.834766387939453 -3.6956558227539062 0.25
    endloop
  endfacet
  facet normal 0.36498465185452655 -0.1165167025382716 -0.923693705694825
    outer loop
      vertex 9.63241958618164 -3.7080459594726562 0.008518218994140625
      vertex 9.95538330078125 -2.6963729858398438 0.008518218994140625
      vertex 10.013690948486328 -2.7117233276367188 0.033493995666503906
    endloop
  endfacet
  facet normal 0.5804065551321685 -0.1852864093851505 -0.7929673242049557
    outer loop
      vertex 9.688838958740234 -3.7293167114257812 0.033493995666503906
      vertex 10.013690948486328 -2.7117233276367188 0.033493995666503906
      vertex 10.063758850097656 -2.72491455078125 0.07322311401367188
    endloop
  endfacet
  facet normal 0.7561392067819317 -0.2413848749834429 -0.6082654372035443
    outer loop
      vertex 9.737289428710938 -3.7475814819335938 0.07322311401367188
      vertex 10.063758850097656 -2.72491455078125 0.07322311401367188
      vertex 10.102180480957031 -2.7350311279296875 0.125
    endloop
  endfacet
  facet normal 0.8802905704434564 -0.2810205665243207 -0.3822511645223389
    outer loop
      vertex 9.774463653564453 -3.7615966796875 0.125
      vertex 10.102180480957031 -2.7350311279296875 0.125
      vertex 10.126331329345703 -2.74139404296875 0.18529510498046875
    endloop
  endfacet
  facet normal 0.952487376773265 -0.29591371647544434 -0.07213091909350956
    outer loop
      vertex 9.834766387939453 -3.6956558227539062 0.25
      vertex 10.126331329345703 -2.74139404296875 0.18529510498046875
      vertex 10.154777526855469 -2.6656036376953125 0.25
    endloop
  endfacet
  facet normal 0.954974873082085 -0.29668651860953194 -0.0003185234867507799
    outer loop
      vertex 9.834766387939453 -3.6956558227539062 0.25
      vertex 10.154777526855469 -2.6656036376953125 0.25
      vertex 10.144752502441406 -2.7045822143554688 6.5
    endloop
  endfacet
  facet normal 0.9179155487355182 -0.3967756691596948 0.000337272069871325
    outer loop
      vertex 9.4107666015625 -4.687446594238281 0.25
      vertex 9.820369720458984 -3.7345428466796875 6.5
      vertex 9.391918182373047 -4.725738525390625 6.5
    endloop
  endfacet
  facet normal 0.953813140606791 -0.3004003748601785 0.00032800864949058205
    outer loop
      vertex 9.834766387939453 -3.6956558227539062 0.25
      vertex 10.144752502441406 -2.7045822143554688 6.5
      vertex 9.820369720458984 -3.7345428466796875 6.5
    endloop
  endfacet
  facet normal 0.1104889872669254 -0.025867296188125655 -0.9935406718804445
    outer loop
      vertex 9.826347351074219 -2.9203567504882812 0
      vertex 10.06863021850586 -1.8854751586914062 0
      vertex 9.95538330078125 -2.6963729858398438 0.008518218994140625
    endloop
  endfacet
  facet normal 0.5963858901924693 -0.12462647797927623 -0.7929641296841976
    outer loop
      vertex 10.013690948486328 -2.7117233276367188 0.033493995666503906
      vertex 10.283348083496094 -1.6740951538085938 0.07322311401367188
      vertex 10.063758850097656 -2.72491455078125 0.07322311401367188
    endloop
  endfacet
  facet normal 0.3750275604666715 -0.0783710949301357 -0.9236949173671297
    outer loop
      vertex 9.95538330078125 -2.6963729858398438 0.008518218994140625
      vertex 10.232192993164062 -1.6661300659179688 0.033493995666503906
      vertex 10.013690948486328 -2.7117233276367188 0.033493995666503906
    endloop
  endfacet
  facet normal 0.14976478395267673 -0.03129657837614265 -0.9882262057188901
    outer loop
      vertex 9.95538330078125 -2.6963729858398438 0.008518218994140625
      vertex 10.06863021850586 -1.8854751586914062 0
      vertex 10.172615051269531 -1.6568450927734375 0.008518218994140625
    endloop
  endfacet
  facet normal 0.7769491843058254 -0.16236033960395713 -0.6082672809959454
    outer loop
      vertex 10.063758850097656 -2.72491455078125 0.07322311401367188
      vertex 10.322608947753906 -1.680206298828125 0.125
      vertex 10.102180480957031 -2.7350311279296875 0.125
    endloop
  endfacet
  facet normal 0.9045217218325049 -0.1890163746149036 -0.3822476486004839
    outer loop
      vertex 10.102180480957031 -2.7350311279296875 0.125
      vertex 10.347282409667969 -1.684051513671875 0.18529510498046875
      vertex 10.126331329345703 -2.74139404296875 0.18529510498046875
    endloop
  endfacet
  facet normal 0.9615214701573326 -0.20092751563260478 -0.18736220506866155
    outer loop
      vertex 10.126331329345703 -2.74139404296875 0.18529510498046875
      vertex 10.347282409667969 -1.684051513671875 0.18529510498046875
      vertex 10.154777526855469 -2.6656036376953125 0.25
    endloop
  endfacet
  facet normal 0.375013215678586 -0.07836709129352293 -0.9237010810151729
    outer loop
      vertex 9.95538330078125 -2.6963729858398438 0.008518218994140625
      vertex 10.172615051269531 -1.6568450927734375 0.008518218994140625
      vertex 10.232192993164062 -1.6661300659179688 0.033493995666503906
    endloop
  endfacet
  facet normal 0.5964203042402674 -0.12463647264673061 -0.7929366748840211
    outer loop
      vertex 10.013690948486328 -2.7117233276367188 0.033493995666503906
      vertex 10.232192993164062 -1.6661300659179688 0.033493995666503906
      vertex 10.283348083496094 -1.6740951538085938 0.07322311401367188
    endloop
  endfacet
  facet normal 0.7769337973158658 -0.16235548891220877 -0.608288229220677
    outer loop
      vertex 10.063758850097656 -2.72491455078125 0.07322311401367188
      vertex 10.283348083496094 -1.6740951538085938 0.07322311401367188
      vertex 10.322608947753906 -1.680206298828125 0.125
    endloop
  endfacet
  facet normal 0.9045393259112766 -0.18902305981736034 -0.3822026827970414
    outer loop
      vertex 10.102180480957031 -2.7350311279296875 0.125
      vertex 10.322608947753906 -1.680206298828125 0.125
      vertex 10.347282409667969 -1.684051513671875 0.18529510498046875
    endloop
  endfacet
  facet normal 0.9776950390618745 -0.19661686296470898 -0.0738526898069155
    outer loop
      vertex 10.154777526855469 -2.6656036376953125 0.25
      vertex 10.347282409667969 -1.684051513671875 0.18529510498046875
      vertex 10.367431640625 -1.6081619262695312 0.25
    endloop
  endfacet
  facet normal 0.11288501152686628 -0.014326365271922253 -0.9935047707135959
    outer loop
      vertex 10.06863021850586 -1.8854751586914062 0
      vertex 10.202445983886719 -0.8310699462890625 0
      vertex 10.172615051269531 -1.6568450927734375 0.008518218994140625
    endloop
  endfacet
  facet normal 0.980372230760207 -0.19715525276137436 -0.0003089706363769952
    outer loop
      vertex 10.154777526855469 -2.6656036376953125 0.25
      vertex 10.367431640625 -1.6081619262695312 0.25
      vertex 10.361640930175781 -1.6467514038085938 6.5
    endloop
  endfacet
  facet normal 0.38108682230518937 -0.03939149511725214 -0.923699704437411
    outer loop
      vertex 10.172615051269531 -1.6568450927734375 0.008518218994140625
      vertex 10.342021942138672 -0.603607177734375 0.033493995666503906
      vertex 10.232192993164062 -1.6661300659179688 0.033493995666503906
    endloop
  endfacet
  facet normal 0.6060728532048434 -0.06265030536979806 -0.7929379773003759
    outer loop
      vertex 10.232192993164062 -1.6661300659179688 0.033493995666503906
      vertex 10.393730163574219 -0.6062698364257812 0.07322311401367188
      vertex 10.283348083496094 -1.6740951538085938 0.07322311401367188
    endloop
  endfacet
  facet normal 0.7895069715627698 -0.0816087048971161 -0.6082916743954326
    outer loop
      vertex 10.283348083496094 -1.6740951538085938 0.07322311401367188
      vertex 10.433406829833984 -0.6083145141601562 0.125
      vertex 10.322608947753906 -1.680206298828125 0.125
    endloop
  endfacet
  facet normal 0.9191817067653831 -0.09501844271171234 -0.38219953622750247
    outer loop
      vertex 10.322608947753906 -1.680206298828125 0.125
      vertex 10.458351135253906 -0.6096038818359375 0.18529510498046875
      vertex 10.347282409667969 -1.684051513671875 0.18529510498046875
    endloop
  endfacet
  facet normal 0.9773686640995324 -0.10103339495818357 -0.185856793094896
    outer loop
      vertex 10.347282409667969 -1.684051513671875 0.18529510498046875
      vertex 10.458351135253906 -0.6096038818359375 0.18529510498046875
      vertex 10.367431640625 -1.6081619262695312 0.25
    endloop
  endfacet
  facet normal 0.1516125627434969 -0.015671862007590284 -0.9883157509417546
    outer loop
      vertex 10.172615051269531 -1.6568450927734375 0.008518218994140625
      vertex 10.202445983886719 -0.8310699462890625 0
      vertex 10.281806945800781 -0.6005020141601562 0.008518218994140625
    endloop
  endfacet
  facet normal 0.3810960722064621 -0.0393930750010392 -0.9236958208148229
    outer loop
      vertex 10.172615051269531 -1.6568450927734375 0.008518218994140625
      vertex 10.281806945800781 -0.6005020141601562 0.008518218994140625
      vertex 10.342021942138672 -0.603607177734375 0.033493995666503906
    endloop
  endfacet
  facet normal 0.6060362953482349 -0.06264366640830574 -0.7929664430349572
    outer loop
      vertex 10.232192993164062 -1.6661300659179688 0.033493995666503906
      vertex 10.342021942138672 -0.603607177734375 0.033493995666503906
      vertex 10.393730163574219 -0.6062698364257812 0.07322311401367188
    endloop
  endfacet
  facet normal 0.789539903072762 -0.08161546218013975 -0.6082480232511863
    outer loop
      vertex 10.283348083496094 -1.6740951538085938 0.07322311401367188
      vertex 10.393730163574219 -0.6062698364257812 0.07322311401367188
      vertex 10.433406829833984 -0.6083145141601562 0.125
    endloop
  endfacet
  facet normal 0.9191466918504649 -0.09500913080464342 -0.38228604986854103
    outer loop
      vertex 10.322608947753906 -1.680206298828125 0.125
      vertex 10.433406829833984 -0.6083145141601562 0.125
      vertex 10.458351135253906 -0.6096038818359375 0.18529510498046875
    endloop
  endfacet
  facet normal 0.9925906632131861 -0.09526345336949406 -0.07542313805541226
    outer loop
      vertex 10.367431640625 -1.6081619262695312 0.25
      vertex 10.458351135253906 -0.6096038818359375 0.18529510498046875
      vertex 10.470478057861328 -0.5344772338867188 0.25
    endloop
  endfacet
  facet normal 0.11409269263960205 -0.002567304714579671 -0.9934667918117585
    outer loop
      vertex 10.202445983886719 -0.8310699462890625 0
      vertex 10.226356506347656 0.23152923583984375 0
      vertex 10.281806945800781 -0.6005020141601562 0.008518218994140625
    endloop
  endfacet
  facet normal 0.38312736862098845 0 -0.9236955231100543
    outer loop
      vertex 10.281806945800781 -0.6005020141601562 0.008518218994140625
      vertex 10.342021942138672 0.46457672119140625 0.033493995666503906
      vertex 10.342021942138672 -0.603607177734375 0.033493995666503906
    endloop
  endfacet
  facet normal 0.6092632689163952 0 -0.7929680126898615
    outer loop
      vertex 10.342021942138672 -0.603607177734375 0.033493995666503906
      vertex 10.393730163574219 0.46724700927734375 0.07322311401367188
      vertex 10.393730163574219 -0.6062698364257812 0.07322311401367188
    endloop
  endfacet
  facet normal 0.7937465853737727 0 -0.6082485990180956
    outer loop
      vertex 10.393730163574219 -0.6062698364257812 0.07322311401367188
      vertex 10.433406829833984 0.46929168701171875 0.125
      vertex 10.433406829833984 -0.6083145141601562 0.125
    endloop
  endfacet
  facet normal 0.924046030913776 0 -0.38228122207675447
    outer loop
      vertex 10.433406829833984 -0.6083145141601562 0.125
      vertex 10.458351135253906 0.47057342529296875 0.18529510498046875
      vertex 10.458351135253906 -0.6096038818359375 0.18529510498046875
    endloop
  endfacet
  facet normal 0.9828866158508289 0 -0.18421156418994136
    outer loop
      vertex 10.458351135253906 -0.6096038818359375 0.18529510498046875
      vertex 10.458351135253906 0.47057342529296875 0.18529510498046875
      vertex 10.470478057861328 -0.5344772338867188 0.25
    endloop
  endfacet
  facet normal 0.9954259715983237 -0.09553557084767114 -0.000299616993634955
    outer loop
      vertex 10.367431640625 -1.6081619262695312 0.25
      vertex 10.470478057861328 -0.5344772338867188 0.25
      vertex 10.468734741210938 -0.5722427368164062 6.5
    endloop
  endfacet
  facet normal 0.9796213329963442 -0.20085303677134173 0.00031868196617726
    outer loop
      vertex 10.154777526855469 -2.6656036376953125 0.25
      vertex 10.361640930175781 -1.6467514038085938 6.5
      vertex 10.144752502441406 -2.7045822143554688 6.5
    endloop
  endfacet
  facet normal 0.9950698271197721 -0.09917632431077011 0.00030959979299320287
    outer loop
      vertex 10.367431640625 -1.6081619262695312 0.25
      vertex 10.468734741210938 -0.5722427368164062 6.5
      vertex 10.361640930175781 -1.6467514038085938 6.5
    endloop
  endfacet
  facet normal 0.9999936649645584 0.0035468034041912485 0.00030036038732317907
    outer loop
      vertex 10.470478057861328 -0.5344772338867188 0.25
      vertex 10.46490478515625 0.5075836181640625 6.5
      vertex 10.468734741210938 -0.5722427368164062 6.5
    endloop
  endfacet
  facet normal 0 0 1
    outer loop
      vertex 8.241992950439453 -6.5504302978515625 6.5
      vertex 6.170783996582031 -3.443878173828125 6.5
      vertex 5.699562072753906 -4.1923828125 6.5
    endloop
  endfacet
  facet normal 0 0 1
    outer loop
      vertex 8.241992950439453 -6.5504302978515625 6.5
      vertex 8.863929748535156 -5.667686462402344 6.5
      vertex 6.170783996582031 -3.443878173828125 6.5
    endloop
  endfacet
  facet normal 0 0 1
    outer loop
      vertex 8.863929748535156 -5.667686462402344 6.5
      vertex 6.544578552246094 -2.6422576904296875 6.5
      vertex 6.170783996582031 -3.443878173828125 6.5
    endloop
  endfacet
  facet normal 0 0 1
    outer loop
      vertex 9.391918182373047 -4.725738525390625 6.5
      vertex 6.815059661865234 -1.8001480102539062 6.5
      vertex 6.544578552246094 -2.6422576904296875 6.5
    endloop
  endfacet
  facet normal 0 0 1
    outer loop
      vertex 8.863929748535156 -5.667686462402344 6.5
      vertex 9.391918182373047 -4.725738525390625 6.5
      vertex 6.544578552246094 -2.6422576904296875 6.5
    endloop
  endfacet
  facet normal 0 0 1
    outer loop
      vertex 9.391918182373047 -4.725738525390625 6.5
      vertex 9.820369720458984 -3.7345428466796875 6.5
      vertex 6.815059661865234 -1.8001480102539062 6.5
    endloop
  endfacet
  facet normal 0 0 1
    outer loop
      vertex 9.820369720458984 -3.7345428466796875 6.5
      vertex 6.977970123291016 -0.9308013916015625 6.5
      vertex 6.815059661865234 -1.8001480102539062 6.5
    endloop
  endfacet
  facet normal 0 0 1
    outer loop
      vertex 9.820369720458984 -3.7345428466796875 6.5
      vertex 10.144752502441406 -2.7045822143554688 6.5
      vertex 6.977970123291016 -0.9308013916015625 6.5
    endloop
  endfacet
  facet normal 0 0 1
    outer loop
      vertex 10.144752502441406 -2.7045822143554688 6.5
      vertex 7.0307464599609375 -0.04788970947265625 6.5
      vertex 6.977970123291016 -0.9308013916015625 6.5
    endloop
  endfacet
  facet normal 0 0 1
    outer loop
      vertex 10.361640930175781 -1.6467514038085938 6.5
      vertex 6.972553253173828 0.8346786499023438 6.5
      vertex 7.0307464599609375 -0.04788970947265625 6.5
    endloop
  endfacet
  facet normal 0 0 1
    outer loop
      vertex 10.144752502441406 -2.7045822143554688 6.5
      vertex 10.361640930175781 -1.6467514038085938 6.5
      vertex 7.0307464599609375 -0.04788970947265625 6.5
    endloop
  endfacet
  facet normal 0 0 1
    outer loop
      vertex 10.361640930175781 -1.6467514038085938 6.5
      vertex 10.468734741210938 -0.5722427368164062 6.5
      vertex 6.972553253173828 0.8346786499023438 6.5
    endloop
  endfacet
  facet normal -0.23149596203312772 -0.9542288518096895 -0.1893592298683072
    outer loop
      vertex 0.487457275390625 2.5315933227539062 0.25
      vertex 0.36267852783203125 2.586669921875 0.125
      vertex 0.8584632873535156 2.4663925170898438 0.125
    endloop
  endfacet
  facet normal -0.2702107211767076 -0.904384127461452 -0.3302658265048801
    outer loop
      vertex 0.487457275390625 2.5315933227539062 0.25
      vertex 0.8584632873535156 2.4663925170898438 0.125
      vertex 0.9840927124023438 2.383209228515625 0.25
    endloop
  endfacet
  facet normal -0.4082749784300329 -0.893999917218517 -0.18459601837862272
    outer loop
      vertex 0.8584632873535156 2.4663925170898438 0.125
      vertex 1.3225250244140625 2.2544631958007812 0.125
      vertex 0.9840927124023438 2.383209228515625 0.25
    endloop
  endfacet
  facet normal -0.29441196312776013 -0.6446740176840512 -0.7054906143176976
    outer loop
      vertex 0.8883895874023438 2.5528640747070312 0.033493995666503906
      vertex 1.3225250244140625 2.2544631958007812 0.125
      vertex 0.8584632873535156 2.4663925170898438 0.125
    endloop
  endfacet
  facet normal -0.10490335616266959 -0.22971004708901363 -0.9675890554011921
    outer loop
      vertex 0.8883895874023438 2.5528640747070312 0.033493995666503906
      vertex 0.9713058471679688 2.6560821533203125 0
      vertex 1.3682785034179688 2.333709716796875 0.033493995666503906
    endloop
  endfacet
  facet normal -0.2944043765807038 -0.6446661544621851 -0.7055009655139142
    outer loop
      vertex 0.8883895874023438 2.5528640747070312 0.033493995666503906
      vertex 1.3682785034179688 2.333709716796875 0.033493995666503906
      vertex 1.3225250244140625 2.2544631958007812 0.125
    endloop
  endfacet
  facet normal -0.4404323356118573 -0.8332533641864243 -0.334227749924345
    outer loop
      vertex 0.9840927124023438 2.383209228515625 0.25
      vertex 1.3225250244140625 2.2544631958007812 0.125
      vertex 1.4423446655273438 2.1409912109375 0.25
    endloop
  endfacet
  facet normal -0.11532783331376842 -0.2421085631525515 -0.9633706111935109
    outer loop
      vertex 1.3682785034179688 2.333709716796875 0.033493995666503906
      vertex 0.9713058471679688 2.6560821533203125 0
      vertex 1.473052978515625 2.4170761108398438 0
    endloop
  endfacet
  facet normal -0.09429158506493161 -0.9955445678518859 0.0003322748024644599
    outer loop
      vertex -0.028560638427734375 2.5804672241210938 0.25
      vertex 0.487457275390625 2.5315933227539062 0.25
      vertex 0.3611470390768612 2.5456426283892464 6.5
    endloop
  endfacet
  facet normal -0.2862741252115237 -0.9581476775486727 0.0003914619543944514
    outer loop
      vertex 0.487457275390625 2.5315933227539062 0.25
      vertex 0.9840927124023438 2.383209228515625 0.25
      vertex 0.8687856337603401 2.4202140359317554 6.5
    endloop
  endfacet
  facet normal -0.467305964915005 -0.8840955485906155 0.00044285112032268044
    outer loop
      vertex 0.9840927124023438 2.383209228515625 0.25
      vertex 1.4423446655273438 2.1409912109375 0.25
      vertex 1.3419014425838696 2.1972131168141082 6.5
    endloop
  endfacet
  facet normal -0.9676483389642012 -0.18649999588169308 -0.16992481759869732
    outer loop
      vertex 2.576385498046875 0.46463775634765625 0.25
      vertex 2.555572509765625 0.6865158081054688 0.125
      vertex 2.6521224975585938 0.18556976318359375 0.125
    endloop
  endfacet
  facet normal -0.8965746258424533 -0.27823300351329466 -0.3445871965866347
    outer loop
      vertex 2.576385498046875 0.46463775634765625 0.25
      vertex 2.422760009765625 0.9596786499023438 0.25
      vertex 2.555572509765625 0.6865158081054688 0.125
    endloop
  endfacet
  facet normal -0.6579442111399135 -0.26340316576518075 -0.7054985381220557
    outer loop
      vertex 2.555572509765625 0.6865158081054688 0.125
      vertex 2.447296142578125 1.2020645141601562 0.033493995666503906
      vertex 2.64337158203125 0.7122955322265625 0.033493995666503906
    endloop
  endfacet
  facet normal -0.8258356199276009 -0.44775569768933565 -0.3427978472008411
    outer loop
      vertex 2.3659629821777344 1.1601333618164062 0.125
      vertex 2.422760009765625 0.9596786499023438 0.25
      vertex 2.1757049560546875 1.41534423828125 0.25
    endloop
  endfacet
  facet normal -0.6579434572587446 -0.26340313430720946 -0.7054992529319566
    outer loop
      vertex 2.555572509765625 0.6865158081054688 0.125
      vertex 2.3659629821777344 1.1601333618164062 0.125
      vertex 2.447296142578125 1.2020645141601562 0.033493995666503906
    endloop
  endfacet
  facet normal -0.2321293030804149 -0.09293127329490868 -0.9682353872355565
    outer loop
      vertex 2.447296142578125 1.2020645141601562 0.033493995666503906
      vertex 2.5864105224609375 1.2035446166992188 0
      vertex 2.64337158203125 0.7122955322265625 0.033493995666503906
    endloop
  endfacet
  facet normal -0.9145953141603469 -0.3661519386122301 -0.17160468864935496
    outer loop
      vertex 2.555572509765625 0.6865158081054688 0.125
      vertex 2.422760009765625 0.9596786499023438 0.25
      vertex 2.3659629821777344 1.1601333618164062 0.125
    endloop
  endfacet
  facet normal -0.9550682890813083 -0.2963852767768274 0.0005752401464858159
    outer loop
      vertex 2.576385498046875 0.46463775634765625 0.25
      vertex 2.5528331083409928 0.5526630177217371 6.5
      vertex 2.422760009765625 0.9596786499023438 0.25
    endloop
  endfacet
  facet normal -0.8791009262418004 -0.4766353485736623 0.0005531463386435343
    outer loop
      vertex 2.422760009765625 0.9596786499023438 0.25
      vertex 2.379537245806526 1.0466515036190258 6.5
      vertex 2.1757049560546875 1.41534423828125 0.25
    endloop
  endfacet
  facet normal -0.5128947198984831 -0.48904901022245073 -0.7055282219023544
    outer loop
      vertex 1.7980194091796875 2.0276947021484375 0.033493995666503906
      vertex 2.09014892578125 1.5893096923828125 0.125
      vertex 1.7380905151367188 1.9585342407226562 0.125
    endloop
  endfacet
  facet normal -0.7123243089081485 -0.6792066377635398 -0.17684010336028472
    outer loop
      vertex 1.8446807861328125 1.8142013549804688 0.25
      vertex 1.7380905151367188 1.9585342407226562 0.125
      vertex 2.09014892578125 1.5893096923828125 0.125
    endloop
  endfacet
  facet normal -0.4110970523355593 -0.5772931149753939 -0.7055011502209058
    outer loop
      vertex 1.3682785034179688 2.333709716796875 0.033493995666503906
      vertex 1.7380905151367188 1.9585342407226562 0.125
      vertex 1.3225250244140625 2.2544631958007812 0.125
    endloop
  endfacet
  facet normal -0.570546623519681 -0.8012040846780836 -0.18041220880374428
    outer loop
      vertex 1.3225250244140625 2.2544631958007812 0.125
      vertex 1.7380905151367188 1.9585342407226562 0.125
      vertex 1.4423446655273438 2.1409912109375 0.25
    endloop
  endfacet
  facet normal -0.1461097644858035 -0.20518386198433944 -0.9677559193841672
    outer loop
      vertex 1.3682785034179688 2.333709716796875 0.033493995666503906
      vertex 1.473052978515625 2.4170761108398438 0
      vertex 1.7980194091796875 2.0276947021484375 0.033493995666503906
    endloop
  endfacet
  facet normal -0.5934522361285116 -0.7306446821898317 -0.337598566083728
    outer loop
      vertex 1.8446807861328125 1.8142013549804688 0.25
      vertex 1.4423446655273438 2.1409912109375 0.25
      vertex 1.7380905151367188 1.9585342407226562 0.125
    endloop
  endfacet
  facet normal -0.4110744056299117 -0.577277188878485 -0.7055273773827411
    outer loop
      vertex 1.3682785034179688 2.333709716796875 0.033493995666503906
      vertex 1.7980194091796875 2.0276947021484375 0.033493995666503906
      vertex 1.7380905151367188 1.9585342407226562 0.125
    endloop
  endfacet
  facet normal -0.15980701542536616 -0.21622132420585924 -0.9631770640850527
    outer loop
      vertex 1.473052978515625 2.4170761108398438 0
      vertex 1.9199943542480469 2.0867462158203125 0
      vertex 1.7980194091796875 2.0276947021484375 0.033493995666503906
    endloop
  endfacet
  facet normal -0.8284313263743908 -0.5323988959775263 -0.17393376050519635
    outer loop
      vertex 2.3659629821777344 1.1601333618164062 0.125
      vertex 2.1757049560546875 1.41534423828125 0.25
      vertex 2.09014892578125 1.5893096923828125 0.125
    endloop
  endfacet
  facet normal -0.5962133134377097 -0.38316188649038024 -0.7054903639460713
    outer loop
      vertex 2.3659629821777344 1.1601333618164062 0.125
      vertex 2.09014892578125 1.5893096923828125 0.125
      vertex 2.1620750427246094 1.6458740234375 0.033493995666503906
    endloop
  endfacet
  facet normal -0.7235293220929422 -0.60047992935918 -0.3404837360411237
    outer loop
      vertex 1.8446807861328125 1.8142013549804688 0.25
      vertex 2.09014892578125 1.5893096923828125 0.125
      vertex 2.1757049560546875 1.41534423828125 0.25
    endloop
  endfacet
  facet normal -0.5129301297162713 -0.48906492955952874 -0.7054914433954409
    outer loop
      vertex 1.7980194091796875 2.0276947021484375 0.033493995666503906
      vertex 2.1620750427246094 1.6458740234375 0.033493995666503906
      vertex 2.09014892578125 1.5893096923828125 0.125
    endloop
  endfacet
  facet normal -0.19861337573482737 -0.1822179760686571 -0.9629897902764382
    outer loop
      vertex 1.9199943542480469 2.0867462158203125 0
      vertex 2.2957115173339844 1.6772232055664062 0
      vertex 2.1620750427246094 1.6458740234375 0.033493995666503906
    endloop
  endfacet
  facet normal -0.5962037295175314 -0.3831596212227425 -0.7054996935320601
    outer loop
      vertex 2.447296142578125 1.2020645141601562 0.033493995666503906
      vertex 2.3659629821777344 1.1601333618164062 0.125
      vertex 2.1620750427246094 1.6458740234375 0.033493995666503906
    endloop
  endfacet
  facet normal -0.21084780101369943 -0.13550462630858412 -0.968081453730345
    outer loop
      vertex 2.447296142578125 1.2020645141601562 0.033493995666503906
      vertex 2.1620750427246094 1.6458740234375 0.033493995666503906
      vertex 2.2957115173339844 1.6772232055664062 0
    endloop
  endfacet
  facet normal -0.23030544170968148 -0.14133964328098345 -0.9627993086599682
    outer loop
      vertex 2.447296142578125 1.2020645141601562 0.033493995666503906
      vertex 2.2957115173339844 1.6772232055664062 0
      vertex 2.5864105224609375 1.2035446166992188 0
    endloop
  endfacet
  facet normal -0.18184705716614546 -0.17338622368072468 -0.9679198650909848
    outer loop
      vertex 1.7980194091796875 2.0276947021484375 0.033493995666503906
      vertex 1.9199943542480469 2.0867462158203125 0
      vertex 2.1620750427246094 1.6458740234375 0.033493995666503906
    endloop
  endfacet
  facet normal -0.6304667536038253 -0.7762161009338063 0.0004870845642134349
    outer loop
      vertex 1.8446807861328125 1.8142013549804688 0.25
      vertex 1.7619377585018383 1.885329751407399 6.5
      vertex 1.4423446655273438 2.1409912109375 0.25
    endloop
  endfacet
  facet normal -0.7695069510096236 -0.6386382216646369 0.0005236190434813325
    outer loop
      vertex 1.8446807861328125 1.8142013549804688 0.25
      vertex 2.1757049560546875 1.41534423828125 0.25
      vertex 2.1124022988712086 1.4967431461109835 6.5
    endloop
  endfacet
  facet normal -0.13057522478554026 -0.9914383200076602 -0.00041023480368138456
    outer loop
      vertex 0.487457275390625 2.5315933227539062 0.25
      vertex 0.5182194429285386 2.5249557495117188 6.5
      vertex 0.3611470390768612 2.5456426283892464 6.5
    endloop
  endfacet
  facet normal -0.28627412521151974 -0.9581476775486738 0.00039146195439444017
    outer loop
      vertex 0.487457275390625 2.5315933227539062 0.25
      vertex 0.5244109024497497 2.5231058732350764 6.5
      vertex 0.5182194429285386 2.5249557495117188 6.5
    endloop
  endfacet
  facet normal -0.28627412521152384 -0.9581476775486726 0.0003914619543944669
    outer loop
      vertex 0.487457275390625 2.5315933227539062 0.25
      vertex 0.8435631920204321 2.427749964488472 6.5
      vertex 0.5244109024497497 2.5231058732350764 6.5
    endloop
  endfacet
  facet normal -0.28627412521152523 -0.9581476775486721 0.0003914619543945147
    outer loop
      vertex 0.487457275390625 2.5315933227539062 0.25
      vertex 0.8687856337603401 2.4202140359317554 6.5
      vertex 0.8435631920204321 2.427749964488472 6.5
    endloop
  endfacet
  facet normal -0.32837116177914194 -0.9445486558284797 -0.0004657085233497363
    outer loop
      vertex 0.9840927124023438 2.383209228515625 0.25
      vertex 1.0184294756721048 2.3681905409869026 6.5
      vertex 0.8687856337603401 2.4202140359317554 6.5
    endloop
  endfacet
  facet normal -0.4673059649149904 -0.8840955485906232 0.00044285112032261664
    outer loop
      vertex 0.9840927124023438 2.383209228515625 0.25
      vertex 1.0252425233016789 2.3645893716318196 6.5
      vertex 1.0184294756721048 2.3681905409869026 6.5
    endloop
  endfacet
  facet normal -0.46730596491500576 -0.8840955485906151 0.00044285112032274083
    outer loop
      vertex 0.9840927124023438 2.383209228515625 0.25
      vertex 1.3200325875828 2.208772327132668 6.5
      vertex 1.0252425233016789 2.3645893716318196 6.5
    endloop
  endfacet
  facet normal -0.4673059649150073 -0.8840955485906142 0.0004428511203229423
    outer loop
      vertex 0.9840927124023438 2.383209228515625 0.25
      vertex 1.3419014425838696 2.1972131168141082 6.5
      vertex 1.3200325875828 2.208772327132668 6.5
    endloop
  endfacet
  facet normal -0.994491479544231 -0.10481578689589795 0.0005898570335974609
    outer loop
      vertex 2.576385498046875 0.46463775634765625 0.25
      vertex 2.623604620095609 0.05179528890505022 6.5
      vertex 2.588582685900614 0.3840831644773935 6.5
    endloop
  endfacet
  facet normal -0.9944914795442292 -0.10481578689591434 0.0005898570335972457
    outer loop
      vertex 2.576385498046875 0.46463775634765625 0.25
      vertex 2.588582685900614 0.3840831644773935 6.5
      vertex 2.587117139030905 0.39798826329848347 6.5
    endloop
  endfacet
  facet normal -0.9763045304491292 -0.21640024326805293 -0.0006312986876273975
    outer loop
      vertex 2.576385498046875 0.46463775634765625 0.25
      vertex 2.587117139030905 0.39798826329848347 6.5
      vertex 2.5528331083409928 0.5526630177217371 6.5
    endloop
  endfacet
  facet normal -0.9550682890813106 -0.2963852767768197 0.0005752401464864545
    outer loop
      vertex 2.422760009765625 0.9596786499023438 0.25
      vertex 2.5528331083409928 0.5526630177217371 6.5
      vertex 2.5471758849535497 0.5708927851391804 6.5
    endloop
  endfacet
  facet normal -0.955068289081308 -0.29638527677682786 0.0005752401464858095
    outer loop
      vertex 2.422760009765625 0.9596786499023438 0.25
      vertex 2.5471758849535497 0.5708927851391804 6.5
      vertex 2.4481607349499006 0.8899579928833583 6.5
    endloop
  endfacet
  facet normal -0.9123747461335316 -0.4093555259132099 -0.000613206403361219
    outer loop
      vertex 2.422760009765625 0.9596786499023438 0.25
      vertex 2.4443915872012867 0.9021036484662224 6.5
      vertex 2.379537245806526 1.0466515036190258 6.5
    endloop
  endfacet
  facet normal -0.8791009262418029 -0.4766353485736579 0.0005531463386439943
    outer loop
      vertex 2.1757049560546875 1.41534423828125 0.25
      vertex 2.379537245806526 1.0466515036190258 6.5
      vertex 2.3697953972881813 1.0646192604826579 6.5
    endloop
  endfacet
  facet normal -0.9550682890813041 -0.2963852767768407 0.0005752401464856495
    outer loop
      vertex 2.422760009765625 0.9596786499023438 0.25
      vertex 2.4481607349499006 0.8899579928833583 6.5
      vertex 2.4443915872012867 0.9021036484662224 6.5
    endloop
  endfacet
  facet normal -0.769506951009624 -0.6386382216646365 0.0005236190434813727
    outer loop
      vertex 1.8446807861328125 1.8142013549804688 0.25
      vertex 2.0984662326511385 1.5135349688711717 6.5
      vertex 1.8852557938092982 1.7704361519681704 6.5
    endloop
  endfacet
  facet normal -0.6756331240039827 -0.7372378003876838 -0.000554462035355151
    outer loop
      vertex 1.8446807861328125 1.8142013549804688 0.25
      vertex 1.8787381789263558 1.7782893461339615 6.5
      vertex 1.7619377585018383 1.885329751407399 6.5
    endloop
  endfacet
  facet normal -0.7695069510096204 -0.6386382216646407 0.0005236190434813187
    outer loop
      vertex 1.8446807861328125 1.8142013549804688 0.25
      vertex 1.8852557938092982 1.7704361519681704 6.5
      vertex 1.8787381789263558 1.7782893461339615 6.5
    endloop
  endfacet
  facet normal -0.5125802384229055 -0.8586391763998855 -0.0005137408330893205
    outer loop
      vertex 1.4423446655273438 2.1409912109375 0.25
      vertex 1.477935791015625 2.1160049438476562 6.5
      vertex 1.3419014425838696 2.1972131168141082 6.5
    endloop
  endfacet
  facet normal -0.6304667536038249 -0.7762161009338067 0.00048708456421338217
    outer loop
      vertex 1.4423446655273438 2.1409912109375 0.25
      vertex 1.7438949143741276 1.8999847081253705 6.5
      vertex 1.4848845039700702 2.1103609840111575 6.5
    endloop
  endfacet
  facet normal -0.6304667536038404 -0.7762161009337938 0.00048708456421354723
    outer loop
      vertex 1.4423446655273438 2.1409912109375 0.25
      vertex 1.4848845039700702 2.1103609840111575 6.5
      vertex 1.477935791015625 2.1160049438476562 6.5
    endloop
  endfacet
  facet normal -0.6304667536038205 -0.7762161009338099 0.00048708456421306265
    outer loop
      vertex 1.4423446655273438 2.1409912109375 0.25
      vertex 1.7619377585018383 1.885329751407399 6.5
      vertex 1.7438949143741276 1.8999847081253705 6.5
    endloop
  endfacet
  facet normal -0.8791009262417998 -0.4766353485736635 0.0005531463386434697
    outer loop
      vertex 2.1757049560546875 1.41534423828125 0.25
      vertex 2.3697953972881813 1.0646192604826579 6.5
      vertex 2.2106066360731154 1.3582252379877466 6.5
    endloop
  endfacet
  facet normal -0.8791009262418034 -0.47663534857365675 0.0005531463386435512
    outer loop
      vertex 2.1757049560546875 1.41534423828125 0.25
      vertex 2.2106066360731154 1.3582252379877466 6.5
      vertex 2.2051454431870403 1.3682978012982536 6.5
    endloop
  endfacet
  facet normal -0.8107478044350017 -0.5853952958753481 -0.0005875124149584196
    outer loop
      vertex 2.1757049560546875 1.41534423828125 0.25
      vertex 2.2051454431870403 1.3682978012982536 6.5
      vertex 2.1124022988712086 1.4967431461109835 6.5
    endloop
  endfacet
  facet normal -0.7695069510096259 -0.6386382216646341 0.0005236190434815068
    outer loop
      vertex 1.8446807861328125 1.8142013549804688 0.25
      vertex 2.1124022988712086 1.4967431461109835 6.5
      vertex 2.0984662326511385 1.5135349688711717 6.5
    endloop
  endfacet
  facet normal -0.033713127036713315 -0.7078855823953706 -0.7055220955449752
    outer loop
      vertex -0.1512603759765625 2.7023468017578125 0.033493995666503906
      vertex 0.36267852783203125 2.586669921875 0.125
      vertex -0.14690780639648438 2.6109390258789062 0.125
    endloop
  endfacet
  facet normal -0.04666116422349444 -0.9797597646644931 -0.1946626294332971
    outer loop
      vertex -0.14690780639648438 2.6109390258789062 0.125
      vertex 0.36267852783203125 2.586669921875 0.125
      vertex -0.028560638427734375 2.5804672241210938 0.25
    endloop
  endfacet
  facet normal -0.012083039393686221 -0.25359329411179193 -0.9672354632355767
    outer loop
      vertex -0.1512603759765625 2.7023468017578125 0.033493995666503906
      vertex -0.12156295776367188 2.8286819458007812 0
      vertex 0.375701904296875 2.6772384643554688 0.033493995666503906
    endloop
  endfacet
  facet normal -0.03373093000538804 -0.7079293027870411 -0.7054773749854957
    outer loop
      vertex -0.1512603759765625 2.7023468017578125 0.033493995666503906
      vertex 0.375701904296875 2.6772384643554688 0.033493995666503906
      vertex 0.36267852783203125 2.586669921875 0.125
    endloop
  endfacet
  facet normal -0.08914903176617386 -0.9412487258852721 -0.32573499375183135
    outer loop
      vertex -0.028560638427734375 2.5804672241210938 0.25
      vertex 0.36267852783203125 2.586669921875 0.125
      vertex 0.487457275390625 2.5315933227539062 0.25
    endloop
  endfacet
  facet normal -0.016174483459976338 -0.26626012091919166 -0.9637654974592629
    outer loop
      vertex -0.12156295776367188 2.8286819458007812 0
      vertex 0.4331817626953125 2.79498291015625 0
      vertex 0.375701904296875 2.6772384643554688 0.033493995666503906
    endloop
  endfacet
  facet normal -0.16709158063576915 -0.6887532971928008 -0.7054780643554311
    outer loop
      vertex 0.8584632873535156 2.4663925170898438 0.125
      vertex 0.36267852783203125 2.586669921875 0.125
      vertex 0.375701904296875 2.6772384643554688 0.033493995666503906
    endloop
  endfacet
  facet normal -0.05969115944659306 -0.24605485361621932 -0.9674161330553788
    outer loop
      vertex 0.8883895874023438 2.5528640747070312 0.033493995666503906
      vertex 0.375701904296875 2.6772384643554688 0.033493995666503906
      vertex 0.4331817626953125 2.79498291015625 0
    endloop
  endfacet
  facet normal -0.167083732252059 -0.6887412417866589 -0.7054916925654714
    outer loop
      vertex 0.8883895874023438 2.5528640747070312 0.033493995666503906
      vertex 0.8584632873535156 2.4663925170898438 0.125
      vertex 0.375701904296875 2.6772384643554688 0.033493995666503906
    endloop
  endfacet
  facet normal -0.06684702441397765 -0.2589762261337518 -0.9635677400289597
    outer loop
      vertex 0.8883895874023438 2.5528640747070312 0.033493995666503906
      vertex 0.4331817626953125 2.79498291015625 0
      vertex 0.9713058471679688 2.6560821533203125 0
    endloop
  endfacet
  facet normal 0 0 -1
    outer loop
      vertex -0.12156295776367188 2.8286819458007812 0
      vertex 2.975910186767578 9.733123779296875 0
      vertex 0.4331817626953125 2.79498291015625 0
    endloop
  endfacet
  facet normal 0 0 -1
    outer loop
      vertex 0.4331817626953125 2.79498291015625 0
      vertex 3.97491455078125 9.370262145996094 0
      vertex 0.9713058471679688 2.6560821533203125 0
    endloop
  endfacet
  facet normal 0 0 -1
    outer loop
      vertex 1.473052978515625 2.4170761108398438 0
      vertex 0.9713058471679688 2.6560821533203125 0
      vertex 4.930973052978516 8.905899047851562 0
    endloop
  endfacet
  facet normal -0.09429158506498399 -0.9955445678518811 0.0003322748024646371
    outer loop
      vertex -0.028560638427734375 2.5804672241210938 0.25
      vertex 0.0021017276923092527 2.5796490934073124 6.5
      vertex -0.0031009000890395225 2.5801418528837314 6.5
    endloop
  endfacet
  facet normal -0.09429158506492971 -0.9955445678518863 0.00033227480246437015
    outer loop
      vertex -0.028560638427734375 2.5804672241210938 0.25
      vertex 0.33318097700309257 2.5482913941061343 6.5
      vertex 0.0021017276923092527 2.5796490934073124 6.5
    endloop
  endfacet
  facet normal -0.09429158506493603 -0.9955445678518855 0.000332274802464733
    outer loop
      vertex -0.028560638427734375 2.5804672241210938 0.25
      vertex 0.3611470390768612 2.5456426283892464 6.5
      vertex 0.33318097700309257 2.5482913941061343 6.5
    endloop
  endfacet
  facet normal -0.7087114506277717 0 -0.7054984619041202
    outer loop
      vertex 2.6521224975585938 -0.3246002197265625 0.125
      vertex 2.6521224975585938 0.18556976318359375 0.125
      vertex 2.743213653564453 0.19426727294921875 0.033493995666503906
    endloop
  endfacet
  facet normal -0.9856491493869866 0 -0.16880685505248316
    outer loop
      vertex 2.6521224975585938 -0.3246002197265625 0.125
      vertex 2.6307144165039062 -0.05083465576171875 0.25
      vertex 2.6521224975585938 0.18556976318359375 0.125
    endloop
  endfacet
  facet normal -0.9331345654415327 -0.09834899118627012 -0.34581405221720624
    outer loop
      vertex 2.576385498046875 0.46463775634765625 0.25
      vertex 2.6521224975585938 0.18556976318359375 0.125
      vertex 2.6307144165039062 -0.05083465576171875 0.25
    endloop
  endfacet
  facet normal -0.24888663564286537 0 -0.9685326234042794
    outer loop
      vertex 2.743213653564453 -0.3332977294921875 0.033493995666503906
      vertex 2.743213653564453 0.19426727294921875 0.033493995666503906
      vertex 2.873554229736328 0.135040283203125 0
    endloop
  endfacet
  facet normal -0.6959045147810227 -0.13412501557728176 -0.7054979705879978
    outer loop
      vertex 2.743213653564453 0.19426727294921875 0.033493995666503906
      vertex 2.6521224975585938 0.18556976318359375 0.125
      vertex 2.64337158203125 0.7122955322265625 0.033493995666503906
    endloop
  endfacet
  facet normal -0.6959034871812722 -0.13412516951384404 -0.7054989549473676
    outer loop
      vertex 2.555572509765625 0.6865158081054688 0.125
      vertex 2.64337158203125 0.7122955322265625 0.033493995666503906
      vertex 2.6521224975585938 0.18556976318359375 0.125
    endloop
  endfacet
  facet normal -0.24495179565573189 -0.047210734677222574 -0.9683851322362759
    outer loop
      vertex 2.743213653564453 0.19426727294921875 0.033493995666503906
      vertex 2.64337158203125 0.7122955322265625 0.033493995666503906
      vertex 2.7814102172851562 0.6831130981445312 0
    endloop
  endfacet
  facet normal -0.26777505783333605 -0.045019325152527476 -0.9624291032409424
    outer loop
      vertex 2.743213653564453 0.19426727294921875 0.033493995666503906
      vertex 2.7814102172851562 0.6831130981445312 0
      vertex 2.873554229736328 0.135040283203125 0
    endloop
  endfacet
  facet normal -0.25366341003498244 -0.09504475763163157 -0.9626117433608261
    outer loop
      vertex 2.5864105224609375 1.2035446166992188 0
      vertex 2.7814102172851562 0.6831130981445312 0
      vertex 2.64337158203125 0.7122955322265625 0.033493995666503906
    endloop
  endfacet
  facet normal -0.994491479544231 -0.10481578689589824 0.0005898570335974658
    outer loop
      vertex 2.576385498046875 0.46463775634765625 0.25
      vertex 2.6307144165039062 -0.05083465576171875 0.25
      vertex 2.625466963824104 0.034125384162454045 6.5
    endloop
  endfacet
  facet normal 0 0 -1
    outer loop
      vertex 2.5184783935546875 -1.4731063842773438 0
      vertex 2.7396278381347656 -0.9632415771484375 0
      vertex 9.944602966308594 2.3356170654296875 0
    endloop
  endfacet
  facet normal 0 0 -1
    outer loop
      vertex 2.7396278381347656 -0.9632415771484375 0
      vertex 2.859455108642578 -0.4205474853515625 0
      vertex 9.641975402832031 3.3544921875 0
    endloop
  endfacet
  facet normal 0 0 -1
    outer loop
      vertex 2.859455108642578 -0.4205474853515625 0
      vertex 2.873554229736328 0.135040283203125 0
      vertex 9.235462188720703 4.336540222167969 0
    endloop
  endfacet
  facet normal 0 0 -1
    outer loop
      vertex 2.873554229736328 0.135040283203125 0
      vertex 2.7814102172851562 0.6831130981445312 0
      vertex 8.729438781738281 5.271217346191406 0
    endloop
  endfacet
  facet normal -0.9998946117691359 -0.014503542445062799 -0.0006423484983797398
    outer loop
      vertex 2.6307144165039062 -0.05083465576171875 0.25
      vertex 2.627764757941751 -0.12428777358111213 6.5
      vertex 2.625466963824104 0.034125384162454045 6.5
    endloop
  endfacet
  facet normal -0.99449147954423 -0.10481578689590738 0.0005898570335968159
    outer loop
      vertex 2.576385498046875 0.46463775634765625 0.25
      vertex 2.625466963824104 0.034125384162454045 6.5
      vertex 2.623604620095609 0.05179528890505022 6.5
    endloop
  endfacet
  facet normal 0 0 -1
    outer loop
      vertex 1.9199943542480469 2.0867462158203125 0
      vertex 6.6737060546875 7.693687438964844 0
      vertex 2.2957115173339844 1.6772232055664062 0
    endloop
  endfacet
  facet normal 0 0 -1
    outer loop
      vertex 1.473052978515625 2.4170761108398438 0
      vertex 5.833805084228516 8.34503173828125 0
      vertex 1.9199943542480469 2.0867462158203125 0
    endloop
  endfacet
  facet normal 0 0 -1
    outer loop
      vertex 2.5864105224609375 1.2035446166992188 0
      vertex 8.129344940185547 6.148468017578125 0
      vertex 2.7814102172851562 0.6831130981445312 0
    endloop
  endfacet
  facet normal 0 0 -1
    outer loop
      vertex 2.5864105224609375 1.2035446166992188 0
      vertex 2.2957115173339844 1.6772232055664062 0
      vertex 7.4416351318359375 6.9588623046875 0
    endloop
  endfacet
  facet normal 0 0 -1
    outer loop
      vertex -0.67254638671875 2.7559356689453125 0
      vertex 1.9446983337402344 9.990585327148438 0
      vertex -0.12156295776367188 2.8286819458007812 0
    endloop
  endfacet
  facet normal 0 0 -1
    outer loop
      vertex -0.67254638671875 2.7559356689453125 0
      vertex 0.8923721313476562 10.139869689941406 0
      vertex 1.9446983337402344 9.990585327148438 0
    endloop
  endfacet
  facet normal 0 0 -1
    outer loop
      vertex -0.12156295776367188 2.8286819458007812 0
      vertex 1.9446983337402344 9.990585327148438 0
      vertex 2.975910186767578 9.733123779296875 0
    endloop
  endfacet
  facet normal 0 0 -1
    outer loop
      vertex 0.4331817626953125 2.79498291015625 0
      vertex 2.975910186767578 9.733123779296875 0
      vertex 3.97491455078125 9.370262145996094 0
    endloop
  endfacet
  facet normal 0.009864075576588418 0.38297328471169134 -0.9237067517400515
    outer loop
      vertex -0.2848052978515625 10.241767883300781 0.008518218994140625
      vertex -0.28635406494140625 10.302047729492188 0.033493995666503906
      vertex 0.7768173217773438 10.214424133300781 0.008518218994140625
    endloop
  endfacet
  facet normal 0.0036548235099530192 0.14189872672613077 -0.9898744332583875
    outer loop
      vertex -0.2848052978515625 10.241767883300781 0.008518218994140625
      vertex 0.7768173217773438 10.214424133300781 0.008518218994140625
      vertex -0.16976165771484375 10.17938232421875 0
    endloop
  endfacet
  facet normal 0.015687957181300675 0.6090756901551192 -0.7929569292600593
    outer loop
      vertex -0.28635406494140625 10.302047729492188 0.033493995666503906
      vertex -0.287689208984375 10.353805541992188 0.07322311401367188
      vertex 0.7814712524414062 10.274543762207031 0.033493995666503906
    endloop
  endfacet
  facet normal 0.02043725155282304 0.793465150613205 -0.6082724500676736
    outer loop
      vertex -0.287689208984375 10.353805541992188 0.07322311401367188
      vertex -0.2887115478515625 10.393524169921875 0.125
      vertex 0.7854690551757812 10.326164245605469 0.07322311401367188
    endloop
  endfacet
  facet normal 0.023794806481886296 0.9237710450434147 -0.3822052636004471
    outer loop
      vertex -0.2887115478515625 10.393524169921875 0.125
      vertex -0.2893562316894531 10.418487548828125 0.18529510498046875
      vertex 0.7885360717773438 10.365776062011719 0.125
    endloop
  endfacet
  facet normal 0.022028879197985546 0.9944410185761974 -0.10296498945960066
    outer loop
      vertex -0.2893562316894531 10.418487548828125 0.18529510498046875
      vertex -0.32616424560546875 10.426002502441406 0.25
      vertex 0.7521858215332031 10.402114868164062 0.25
    endloop
  endfacet
  facet normal 0.009864303089440992 0.38297575284447716 -0.9237057260068087
    outer loop
      vertex -0.28635406494140625 10.302047729492188 0.033493995666503906
      vertex 0.7814712524414062 10.274543762207031 0.033493995666503906
      vertex 0.7768173217773438 10.214424133300781 0.008518218994140625
    endloop
  endfacet
  facet normal 0.015687933276064055 0.6090754575060574 -0.7929571084322988
    outer loop
      vertex -0.287689208984375 10.353805541992188 0.07322311401367188
      vertex 0.7854690551757812 10.326164245605469 0.07322311401367188
      vertex 0.7814712524414062 10.274543762207031 0.033493995666503906
    endloop
  endfacet
  facet normal 0.020438624373305674 0.7934760642391094 -0.6082581673215244
    outer loop
      vertex -0.2887115478515625 10.393524169921875 0.125
      vertex 0.7885360717773438 10.365776062011719 0.125
      vertex 0.7854690551757812 10.326164245605469 0.07322311401367188
    endloop
  endfacet
  facet normal 0.025415838282658296 0.9868875872421836 -0.15939549965946664
    outer loop
      vertex -0.2893562316894531 10.418487548828125 0.18529510498046875
      vertex 0.7521858215332031 10.402114868164062 0.25
      vertex 0.7904624938964844 10.390678405761719 0.18529510498046875
    endloop
  endfacet
  facet normal 0.023789645003408823 0.9237431045027338 -0.38227310875114306
    outer loop
      vertex -0.2893562316894531 10.418487548828125 0.18529510498046875
      vertex 0.7904624938964844 10.390678405761719 0.18529510498046875
      vertex 0.7885360717773438 10.365776062011719 0.125
    endloop
  endfacet
  facet normal 0.0044776576404990985 0.12036331069313043 -0.9927198114377709
    outer loop
      vertex -0.16976165771484375 10.17938232421875 0
      vertex 0.7768173217773438 10.214424133300781 0.008518218994140625
      vertex 0.8923721313476562 10.139869689941406 0
    endloop
  endfacet
  facet normal 0.1239577156869387 0.9871193067912281 -0.10114325920041026
    outer loop
      vertex 0.7904624938964844 10.390678405761719 0.18529510498046875
      vertex 0.7521858215332031 10.402114868164062 0.25
      vertex 1.8223953247070312 10.267723083496094 0.25
    endloop
  endfacet
  facet normal 0.01831634986890437 0.14147566266383732 -0.9897722708791694
    outer loop
      vertex 0.7768173217773438 10.214424133300781 0.008518218994140625
      vertex 1.8300056457519531 10.078071594238281 0.008518218994140625
      vertex 0.8923721313476562 10.139869689941406 0
    endloop
  endfacet
  facet normal 0.04918839874719258 0.37993166531211275 -0.9237058141647978
    outer loop
      vertex 0.7768173217773438 10.214424133300781 0.008518218994140625
      vertex 0.7814712524414062 10.274543762207031 0.033493995666503906
      vertex 1.8300056457519531 10.078071594238281 0.008518218994140625
    endloop
  endfacet
  facet normal 0.07823012318954516 0.6042327262574367 -0.7929582967251521
    outer loop
      vertex 0.7814712524414062 10.274543762207031 0.033493995666503906
      vertex 0.7854690551757812 10.326164245605469 0.07322311401367188
      vertex 1.8408164978027344 10.13739013671875 0.033493995666503906
    endloop
  endfacet
  facet normal 0.1019167685016959 0.787168407983182 -0.608258883840914
    outer loop
      vertex 0.7854690551757812 10.326164245605469 0.07322311401367188
      vertex 0.7885360717773438 10.365776062011719 0.125
      vertex 1.85009765625 10.188323974609375 0.07322311401367188
    endloop
  endfacet
  facet normal 0.11864319775681728 0.9164017604514023 -0.3822716378017175
    outer loop
      vertex 0.7885360717773438 10.365776062011719 0.125
      vertex 0.7904624938964844 10.390678405761719 0.18529510498046875
      vertex 1.8572235107421875 10.2274169921875 0.125
    endloop
  endfacet
  facet normal 0.02214658850153074 0.9997547233117556 -0.0001477618984800623
    outer loop
      vertex -0.32616424560546875 10.426002502441406 0.25
      vertex -0.30788421630859375 10.426521301269531 6.5
      vertex 0.7521858215332031 10.402114868164062 0.25
    endloop
  endfacet
  facet normal 0.12459666183382118 0.9922074618454924 -0.0001565822275325584
    outer loop
      vertex 0.7521858215332031 10.402114868164062 0.25
      vertex 0.7716445922851562 10.400657653808594 6.5
      vertex 1.8223953247070312 10.267723083496094 0.25
    endloop
  endfacet
  facet normal 0.016845735695998402 0.11874793005657011 -0.9927815219352849
    outer loop
      vertex 0.8923721313476562 10.139869689941406 0
      vertex 1.8300056457519531 10.078071594238281 0.008518218994140625
      vertex 1.9446983337402344 9.990585327148438 0
    endloop
  endfacet
  facet normal 0.04919253710691932 0.3799526268879291 -0.9236969717466581
    outer loop
      vertex 0.7814712524414062 10.274543762207031 0.033493995666503906
      vertex 1.8408164978027344 10.13739013671875 0.033493995666503906
      vertex 1.8300056457519531 10.078071594238281 0.008518218994140625
    endloop
  endfacet
  facet normal 0.07823403417326585 0.6042514989007604 -0.7929436057962513
    outer loop
      vertex 0.7854690551757812 10.326164245605469 0.07322311401367188
      vertex 1.85009765625 10.188323974609375 0.07322311401367188
      vertex 1.8408164978027344 10.13739013671875 0.033493995666503906
    endloop
  endfacet
  facet normal 0.10190559663509653 0.7871202894216237 -0.6083230222137449
    outer loop
      vertex 0.7885360717773438 10.365776062011719 0.125
      vertex 1.8572235107421875 10.2274169921875 0.125
      vertex 1.85009765625 10.188323974609375 0.07322311401367188
    endloop
  endfacet
  facet normal 0.12672266403247515 0.9787668482389462 -0.16111121379007787
    outer loop
      vertex 0.7904624938964844 10.390678405761719 0.18529510498046875
      vertex 1.8223953247070312 10.267723083496094 0.25
      vertex 1.8616981506347656 10.251983642578125 0.18529510498046875
    endloop
  endfacet
  facet normal 0.11865204771084242 0.9164318921300222 -0.38219664920170576
    outer loop
      vertex 0.7904624938964844 10.390678405761719 0.18529510498046875
      vertex 1.8616981506347656 10.251983642578125 0.18529510498046875
      vertex 1.8572235107421875 10.2274169921875 0.125
    endloop
  endfacet
  facet normal 0.08799742334157754 0.37288051452181276 -0.9236972314428529
    outer loop
      vertex 1.8300056457519531 10.078071594238281 0.008518218994140625
      vertex 1.8408164978027344 10.13739013671875 0.033493995666503906
      vertex 2.8635902404785156 9.834152221679688 0.008518218994140625
    endloop
  endfacet
  facet normal 0.03292777437152312 0.13952823825365873 -0.9896704665719638
    outer loop
      vertex 1.8300056457519531 10.078071594238281 0.008518218994140625
      vertex 2.8635902404785156 9.834152221679688 0.008518218994140625
      vertex 1.9446983337402344 9.990585327148438 0
    endloop
  endfacet
  facet normal 0.13994653805067686 0.5930059388253158 -0.7929432028875311
    outer loop
      vertex 1.8408164978027344 10.13739013671875 0.033493995666503906
      vertex 1.85009765625 10.188323974609375 0.07322311401367188
      vertex 2.8804397583007812 9.892044067382812 0.033493995666503906
    endloop
  endfacet
  facet normal 0.18229569748536237 0.7724694160477268 -0.6083249788963208
    outer loop
      vertex 1.85009765625 10.188323974609375 0.07322311401367188
      vertex 1.8572235107421875 10.2274169921875 0.125
      vertex 2.8949127197265625 9.941757202148438 0.07322311401367188
    endloop
  endfacet
  facet normal 0.21225063938315036 0.8993762643919371 -0.38219366966218593
    outer loop
      vertex 1.8572235107421875 10.2274169921875 0.125
      vertex 1.8616981506347656 10.251983642578125 0.18529510498046875
      vertex 2.906017303466797 9.979904174804688 0.125
    endloop
  endfacet
  facet normal 0.22461274186208363 0.9693687121605946 -0.09936506467218285
    outer loop
      vertex 1.8616981506347656 10.251983642578125 0.18529510498046875
      vertex 1.8223953247070312 10.267723083496094 0.25
      vertex 2.8731765747070312 10.024246215820312 0.25
    endloop
  endfacet
  facet normal 0.0289305125541256 0.11587550727058847 -0.9928423300092212
    outer loop
      vertex 1.9446983337402344 9.990585327148438 0
      vertex 2.8635902404785156 9.834152221679688 0.008518218994140625
      vertex 2.975910186767578 9.733123779296875 0
    endloop
  endfacet
  facet normal 0.0879999187538408 0.37288864136300437 -0.9236937130032715
    outer loop
      vertex 1.8408164978027344 10.13739013671875 0.033493995666503906
      vertex 2.8804397583007812 9.892044067382812 0.033493995666503906
      vertex 2.8635902404785156 9.834152221679688 0.008518218994140625
    endloop
  endfacet
  facet normal 0.13993660234594593 0.5929747492068789 -0.7929682806562389
    outer loop
      vertex 1.85009765625 10.188323974609375 0.07322311401367188
      vertex 2.8949127197265625 9.941757202148438 0.07322311401367188
      vertex 2.8804397583007812 9.892044067382812 0.033493995666503906
    endloop
  endfacet
  facet normal 0.18231237888130677 0.7725179379774996 -0.6082583595887777
    outer loop
      vertex 1.8572235107421875 10.2274169921875 0.125
      vertex 2.906017303466797 9.979904174804688 0.125
      vertex 2.8949127197265625 9.941757202148438 0.07322311401367188
    endloop
  endfacet
  facet normal 0.22662307462894396 0.9602890580901211 -0.16274798603396706
    outer loop
      vertex 1.8616981506347656 10.251983642578125 0.18529510498046875
      vertex 2.8731765747070312 10.024246215820312 0.25
      vertex 2.912994384765625 10.003883361816406 0.18529510498046875
    endloop
  endfacet
  facet normal 0.2122443668808879 0.8993609476470799 -0.38223319397283867
    outer loop
      vertex 1.8616981506347656 10.251983642578125 0.18529510498046875
      vertex 2.912994384765625 10.003883361816406 0.18529510498046875
      vertex 2.906017303466797 9.979904174804688 0.125
    endloop
  endfacet
  facet normal 0.22572986545823595 0.9741899197766403 -0.00016746877261690732
    outer loop
      vertex 1.8223953247070312 10.267723083496094 0.25
      vertex 1.842803955078125 10.264068603515625 6.5
      vertex 2.8731765747070312 10.024246215820312 0.25
    endloop
  endfacet
  facet normal 0.023951401084878764 0.9997131114766978 0.00015851703591927003
    outer loop
      vertex -0.30788421630859375 10.426521301269531 6.5
      vertex 0.7716445922851562 10.400657653808594 6.5
      vertex 0.7521858215332031 10.402114868164062 0.25
    endloop
  endfacet
  facet normal 0.12649091979915197 0.9919677511523843 0.0001669791776602302
    outer loop
      vertex 1.8223953247070312 10.267723083496094 0.25
      vertex 0.7716445922851562 10.400657653808594 6.5
      vertex 1.842803955078125 10.264068603515625 6.5
    endloop
  endfacet
  facet normal 0.22770844854276803 0.973729341936368 0.00017639278151691766
    outer loop
      vertex 2.8731765747070312 10.024246215820312 0.25
      vertex 1.842803955078125 10.264068603515625 6.5
      vertex 2.8942718505859375 10.018180847167969 6.5
    endloop
  endfacet
  facet normal 0 0 -1
    outer loop
      vertex 0.9713058471679688 2.6560821533203125 0
      vertex 3.97491455078125 9.370262145996094 0
      vertex 4.930973052978516 8.905899047851562 0
    endloop
  endfacet
  facet normal 0 0 -1
    outer loop
      vertex 1.9199943542480469 2.0867462158203125 0
      vertex 5.833805084228516 8.34503173828125 0
      vertex 6.6737060546875 7.693687438964844 0
    endloop
  endfacet
  facet normal 0 0 -1
    outer loop
      vertex 1.473052978515625 2.4170761108398438 0
      vertex 4.930973052978516 8.905899047851562 0
      vertex 5.833805084228516 8.34503173828125 0
    endloop
  endfacet
  facet normal 0.047326151808907764 0.13605130300641544 -0.989570754572515
    outer loop
      vertex 2.975910186767578 9.733123779296875 0
      vertex 2.8635902404785156 9.834152221679688 0.008518218994140625
      vertex 3.8666152954101562 9.485244750976562 0.008518218994140625
    endloop
  endfacet
  facet normal 0.12587642063924653 0.361864432056564 -0.923693271351173
    outer loop
      vertex 2.8635902404785156 9.834152221679688 0.008518218994140625
      vertex 2.8804397583007812 9.892044067382812 0.033493995666503906
      vertex 3.8666152954101562 9.485244750976562 0.008518218994140625
    endloop
  endfacet
  facet normal 0.200168543889707 0.5754405038879798 -0.792969596215531
    outer loop
      vertex 2.8804397583007812 9.892044067382812 0.033493995666503906
      vertex 2.8949127197265625 9.941757202148438 0.07322311401367188
      vertex 3.8893280029296875 9.541099548339844 0.033493995666503906
    endloop
  endfacet
  facet normal 0.26077946246659056 0.7496767878046785 -0.6082588148004885
    outer loop
      vertex 2.8949127197265625 9.941757202148438 0.07322311401367188
      vertex 2.906017303466797 9.979904174804688 0.125
      vertex 3.9088363647460938 9.589057922363281 0.07322311401367188
    endloop
  endfacet
  facet normal 0.30359729389483214 0.8727710719986906 -0.38222943243815116
    outer loop
      vertex 2.906017303466797 9.979904174804688 0.125
      vertex 2.912994384765625 10.003883361816406 0.18529510498046875
      vertex 3.9238052368164062 9.625862121582031 0.125
    endloop
  endfacet
  facet normal 0.322927524581167 0.9413844544648425 -0.09753523855412735
    outer loop
      vertex 2.912994384765625 10.003883361816406 0.18529510498046875
      vertex 2.8731765747070312 10.024246215820312 0.25
      vertex 3.8934326171875 9.674263000488281 0.25
    endloop
  endfacet
  facet normal 0.12587143634562542 0.3618526734936949 -0.9236985569966831
    outer loop
      vertex 2.8804397583007812 9.892044067382812 0.033493995666503906
      vertex 3.8893280029296875 9.541099548339844 0.033493995666503906
      vertex 3.8666152954101562 9.485244750976562 0.008518218994140625
    endloop
  endfacet
  facet normal 0.20017745529274833 0.5754609287685301 -0.7929525243376052
    outer loop
      vertex 2.8949127197265625 9.941757202148438 0.07322311401367188
      vertex 3.9088363647460938 9.589057922363281 0.07322311401367188
      vertex 3.8893280029296875 9.541099548339844 0.033493995666503906
    endloop
  endfacet
  facet normal 0.2607752097792953 0.7496676155110918 -0.6082719426526906
    outer loop
      vertex 2.906017303466797 9.979904174804688 0.125
      vertex 3.9238052368164062 9.625862121582031 0.125
      vertex 3.9088363647460938 9.589057922363281 0.07322311401367188
    endloop
  endfacet
  facet normal 0.0406109433394516 0.11180710744691663 -0.9928997542579177
    outer loop
      vertex 2.975910186767578 9.733123779296875 0
      vertex 3.8666152954101562 9.485244750976562 0.008518218994140625
      vertex 3.97491455078125 9.370262145996094 0
    endloop
  endfacet
  facet normal 0.3036011740196955 0.8727783169718316 -0.3822098069878373
    outer loop
      vertex 2.912994384765625 10.003883361816406 0.18529510498046875
      vertex 3.9332122802734375 9.648994445800781 0.18529510498046875
      vertex 3.9238052368164062 9.625862121582031 0.125
    endloop
  endfacet
  facet normal 0.3240656490374402 0.9316086232819799 -0.16458076479527228
    outer loop
      vertex 2.912994384765625 10.003883361816406 0.18529510498046875
      vertex 3.8934326171875 9.674263000488281 0.25
      vertex 3.9332122802734375 9.648994445800781 0.18529510498046875
    endloop
  endfacet
  facet normal 0.324474590980427 0.9458943960072279 -0.00017722924711320137
    outer loop
      vertex 2.8731765747070312 10.024246215820312 0.25
      vertex 2.8942718505859375 10.018180847167969 6.5
      vertex 3.8934326171875 9.674263000488281 0.25
    endloop
  endfacet
  facet normal 0.05176562544459307 0.10657816378091793 -0.99295589782599
    outer loop
      vertex 4.828449249267578 9.035057067871094 0.008518218994140625
      vertex 4.930973052978516 8.905899047851562 0
      vertex 3.97491455078125 9.370262145996094 0
    endloop
  endfacet
  facet normal 0.07486565869284593 0.124678062817051 -0.9893687451100696
    outer loop
      vertex 4.828449249267578 9.035057067871094 0.008518218994140625
      vertex 5.738899230957031 8.488357543945312 0.008518218994140625
      vertex 4.930973052978516 8.905899047851562 0
    endloop
  endfacet
  facet normal 0.19722441611390387 0.32844909896792585 -0.9237010983406305
    outer loop
      vertex 4.828449249267578 9.035057067871094 0.008518218994140625
      vertex 4.856788635253906 9.088279724121094 0.033493995666503906
      vertex 5.738899230957031 8.488357543945312 0.008518218994140625
    endloop
  endfacet
  facet normal 0.3136609572205738 0.5223541149151077 -0.7929457626765702
    outer loop
      vertex 4.856788635253906 9.088279724121094 0.033493995666503906
      vertex 4.8811187744140625 9.133979797363281 0.07322311401367188
      vertex 5.772556304931641 8.538383483886719 0.033493995666503906
    endloop
  endfacet
  facet normal 0.40859771577549103 0.6804659494955927 -0.6082877594034855
    outer loop
      vertex 4.8811187744140625 9.133979797363281 0.07322311401367188
      vertex 4.899791717529297 9.169052124023438 0.125
      vertex 5.801460266113281 8.581344604492188 0.07322311401367188
    endloop
  endfacet
  facet normal 0.4757103879516716 0.7922214865807828 -0.38221033868094756
    outer loop
      vertex 4.899791717529297 9.169052124023438 0.125
      vertex 4.911529541015625 9.191093444824219 0.18529510498046875
      vertex 5.823638916015625 8.614303588867188 0.125
    endloop
  endfacet
  facet normal 0.5084348122227142 0.8559437848265924 -0.0940971781552541
    outer loop
      vertex 4.911529541015625 9.191093444824219 0.18529510498046875
      vertex 4.872398376464844 9.221450805664062 0.25
      vertex 5.799747467041016 8.670600891113281 0.25
    endloop
  endfacet
  facet normal 0.5107007729895217 0.8597585020496926 -0.00019652270530180202
    outer loop
      vertex 4.872398376464844 9.221450805664062 0.25
      vertex 4.8939666748046875 9.210067749023438 6.5
      vertex 5.799747467041016 8.670600891113281 0.25
    endloop
  endfacet
  facet normal 0.16241100711623996 0.34699399158813043 -0.9236979130479971
    outer loop
      vertex 3.8666152954101562 9.485244750976562 0.008518218994140625
      vertex 3.8893280029296875 9.541099548339844 0.033493995666503906
      vertex 4.828449249267578 9.035057067871094 0.008518218994140625
    endloop
  endfacet
  facet normal 0.06135936962856216 0.13109537935139928 -0.989469064332735
    outer loop
      vertex 3.8666152954101562 9.485244750976562 0.008518218994140625
      vertex 4.828449249267578 9.035057067871094 0.008518218994140625
      vertex 3.97491455078125 9.370262145996094 0
    endloop
  endfacet
  facet normal 0.2582825256382944 0.5518269347050679 -0.7929547093522507
    outer loop
      vertex 3.8893280029296875 9.541099548339844 0.033493995666503906
      vertex 3.9088363647460938 9.589057922363281 0.07322311401367188
      vertex 4.856788635253906 9.088279724121094 0.033493995666503906
    endloop
  endfacet
  facet normal 0.33647328322857956 0.7188810813668011 -0.6082727353139205
    outer loop
      vertex 3.9088363647460938 9.589057922363281 0.07322311401367188
      vertex 3.9238052368164062 9.625862121582031 0.125
      vertex 4.8811187744140625 9.133979797363281 0.07322311401367188
    endloop
  endfacet
  facet normal 0.4178733739355346 0.9034291246404967 -0.0959044321553411
    outer loop
      vertex 3.8934326171875 9.674263000488281 0.25
      vertex 4.872398376464844 9.221450805664062 0.25
      vertex 3.9332122802734375 9.648994445800781 0.18529510498046875
    endloop
  endfacet
  facet normal 0.1624076066911694 0.34698782487004853 -0.9237008274765153
    outer loop
      vertex 3.8893280029296875 9.541099548339844 0.033493995666503906
      vertex 4.856788635253906 9.088279724121094 0.033493995666503906
      vertex 4.828449249267578 9.035057067871094 0.008518218994140625
    endloop
  endfacet
  facet normal 0.2582873765252472 0.5518355179888844 -0.7929471560032514
    outer loop
      vertex 3.9088363647460938 9.589057922363281 0.07322311401367188
      vertex 4.8811187744140625 9.133979797363281 0.07322311401367188
      vertex 4.856788635253906 9.088279724121094 0.033493995666503906
    endloop
  endfacet
  facet normal 0.3917284161702691 0.8369379837056132 -0.3822089211354373
    outer loop
      vertex 3.9238052368164062 9.625862121582031 0.125
      vertex 3.9332122802734375 9.648994445800781 0.18529510498046875
      vertex 4.899791717529297 9.169052124023438 0.125
    endloop
  endfacet
  facet normal 0.3364670112604502 0.7188705500123167 -0.6082886507723527
    outer loop
      vertex 3.9238052368164062 9.625862121582031 0.125
      vertex 4.899791717529297 9.169052124023438 0.125
      vertex 4.8811187744140625 9.133979797363281 0.07322311401367188
    endloop
  endfacet
  facet normal 0.3917286465907226 0.836938324374827 -0.3822079389976846
    outer loop
      vertex 3.9332122802734375 9.648994445800781 0.18529510498046875
      vertex 4.911529541015625 9.191093444824219 0.18529510498046875
      vertex 4.899791717529297 9.169052124023438 0.125
    endloop
  endfacet
  facet normal 0.4180170362400343 0.893104144707581 -0.16621294810945986
    outer loop
      vertex 3.9332122802734375 9.648994445800781 0.18529510498046875
      vertex 4.872398376464844 9.221450805664062 0.25
      vertex 4.911529541015625 9.191093444824219 0.18529510498046875
    endloop
  endfacet
  facet normal 0.41980845428321456 0.9076127076435221 -0.00018610838933156483
    outer loop
      vertex 3.8934326171875 9.674263000488281 0.25
      vertex 3.9149246215820312 9.665603637695312 6.5
      vertex 4.872398376464844 9.221450805664062 0.25
    endloop
  endfacet
  facet normal 0.3265103773146977 0.9451935984849056 0.00018678589036238337
    outer loop
      vertex 3.8934326171875 9.674263000488281 0.25
      vertex 2.8942718505859375 10.018180847167969 6.5
      vertex 3.9149246215820312 9.665603637695312 6.5
    endloop
  endfacet
  facet normal 0.421858259460111 0.9066617730491517 0.00019549080309521534
    outer loop
      vertex 4.872398376464844 9.221450805664062 0.25
      vertex 3.9149246215820312 9.665603637695312 6.5
      vertex 4.8939666748046875 9.210067749023438 6.5
    endloop
  endfacet
  facet normal 0 0 1
    outer loop
      vertex 4.8939666748046875 9.210067749023438 6.5
      vertex -0.47225189208984375 6.965911865234375 6.5
      vertex 0.4122314453125 6.9672698974609375 6.5
    endloop
  endfacet
  facet normal 0 0 1
    outer loop
      vertex 5.821048736572266 8.656379699707031 6.5
      vertex 0.4122314453125 6.9672698974609375 6.5
      vertex 1.2899208068847656 6.857872009277344 6.5
    endloop
  endfacet
  facet normal 0 0 1
    outer loop
      vertex 3.9149246215820312 9.665603637695312 6.5
      vertex -1.3496055603027344 6.85382080078125 6.5
      vertex -0.47225189208984375 6.965911865234375 6.5
    endloop
  endfacet
  facet normal 0 0 1
    outer loop
      vertex 1.842803955078125 10.264068603515625 6.5
      vertex -2.2060165405273438 6.632759094238281 6.5
      vertex 2.8942718505859375 10.018180847167969 6.5
    endloop
  endfacet
  facet normal 0 0 1
    outer loop
      vertex 2.8942718505859375 10.018180847167969 6.5
      vertex -1.3496055603027344 6.85382080078125 6.5
      vertex 3.9149246215820312 9.665603637695312 6.5
    endloop
  endfacet
  facet normal 0 0 1
    outer loop
      vertex 6.686359405517578 8.010406494140625 6.5
      vertex 1.2899208068847656 6.857872009277344 6.5
      vertex 2.147003173828125 6.639434814453125 6.5
    endloop
  endfacet
  facet normal 0 0 1
    outer loop
      vertex 8.195819854736328 6.4698333740234375 6.5
      vertex 2.9699935913085938 6.315399169921875 6.5
      vertex 3.7459335327148438 5.890861511230469 6.5
    endloop
  endfacet
  facet normal 0 0 1
    outer loop
      vertex 7.480751037597656 7.278984069824219 6.5
      vertex 2.147003173828125 6.639434814453125 6.5
      vertex 2.9699935913085938 6.315399169921875 6.5
    endloop
  endfacet
  facet normal 0 0 1
    outer loop
      vertex 3.9149246215820312 9.665603637695312 6.5
      vertex -0.47225189208984375 6.965911865234375 6.5
      vertex 4.8939666748046875 9.210067749023438 6.5
    endloop
  endfacet
  facet normal 0 0 1
    outer loop
      vertex 4.8939666748046875 9.210067749023438 6.5
      vertex 0.4122314453125 6.9672698974609375 6.5
      vertex 5.821048736572266 8.656379699707031 6.5
    endloop
  endfacet
  facet normal 0 0 1
    outer loop
      vertex 5.821048736572266 8.656379699707031 6.5
      vertex 1.2899208068847656 6.857872009277344 6.5
      vertex 6.686359405517578 8.010406494140625 6.5
    endloop
  endfacet
  facet normal 0 0 -1
    outer loop
      vertex 2.5184783935546875 -1.4731063842773438 0
      vertex 9.944602966308594 2.3356170654296875 0
      vertex 10.140098571777344 1.2908859252929688 0
    endloop
  endfacet
  facet normal 0 0 -1
    outer loop
      vertex 2.7396278381347656 -0.9632415771484375 0
      vertex 9.641975402832031 3.3544921875 0
      vertex 9.944602966308594 2.3356170654296875 0
    endloop
  endfacet
  facet normal 0 0 -1
    outer loop
      vertex 2.859455108642578 -0.4205474853515625 0
      vertex 9.235462188720703 4.336540222167969 0
      vertex 9.641975402832031 3.3544921875 0
    endloop
  endfacet
  facet normal 0 0 -1
    outer loop
      vertex 2.5864105224609375 1.2035446166992188 0
      vertex 7.4416351318359375 6.9588623046875 0
      vertex 8.129344940185547 6.148468017578125 0
    endloop
  endfacet
  facet normal 0 0 -1
    outer loop
      vertex 2.873554229736328 0.135040283203125 0
      vertex 8.729438781738281 5.271217346191406 0
      vertex 9.235462188720703 4.336540222167969 0
    endloop
  endfacet
  facet normal 0 0 -1
    outer loop
      vertex 2.7814102172851562 0.6831130981445312 0
      vertex 8.129344940185547 6.148468017578125 0
      vertex 8.729438781738281 5.271217346191406 0
    endloop
  endfacet
  facet normal 0.15183746740637466 0 -0.9884054752436463
    outer loop
      vertex 10.281806945800781 -0.6005020141601562 0.008518218994140625
      vertex 10.226356506347656 0.23152923583984375 0
      vertex 10.281806945800781 0.4614715576171875 0.008518218994140625
    endloop
  endfacet
  facet normal 0.38312736862098856 0 -0.9236955231100545
    outer loop
      vertex 10.281806945800781 -0.6005020141601562 0.008518218994140625
      vertex 10.281806945800781 0.4614715576171875 0.008518218994140625
      vertex 10.342021942138672 0.46457672119140625 0.033493995666503906
    endloop
  endfacet
  facet normal 0.609263268916395 0 -0.7929680126898615
    outer loop
      vertex 10.342021942138672 -0.603607177734375 0.033493995666503906
      vertex 10.342021942138672 0.46457672119140625 0.033493995666503906
      vertex 10.393730163574219 0.46724700927734375 0.07322311401367188
    endloop
  endfacet
  facet normal 0.7937465853737727 0 -0.6082485990180955
    outer loop
      vertex 10.393730163574219 -0.6062698364257812 0.07322311401367188
      vertex 10.393730163574219 0.46724700927734375 0.07322311401367188
      vertex 10.433406829833984 0.46929168701171875 0.125
    endloop
  endfacet
  facet normal 0.924046030913776 0 -0.3822812220767545
    outer loop
      vertex 10.433406829833984 -0.6083145141601562 0.125
      vertex 10.433406829833984 0.46929168701171875 0.125
      vertex 10.458351135253906 0.47057342529296875 0.18529510498046875
    endloop
  endfacet
  facet normal 0.9969986491222704 0.007066360948841116 -0.0770957858206831
    outer loop
      vertex 10.470478057861328 -0.5344772338867188 0.25
      vertex 10.458351135253906 0.47057342529296875 0.18529510498046875
      vertex 10.462833404541016 0.5441131591796875 0.25
    endloop
  endfacet
  facet normal 0.11408706405778964 0.009289519389258849 -0.9934273232824787
    outer loop
      vertex 10.226356506347656 0.23152923583984375 0
      vertex 10.140098571777344 1.2908859252929688 0
      vertex 10.281806945800781 0.4614715576171875 0.008518218994140625
    endloop
  endfacet
  facet normal 0.3810961088694048 0.039392455034067776 -0.9236958321281891
    outer loop
      vertex 10.281806945800781 0.4614715576171875 0.008518218994140625
      vertex 10.232192993164062 1.527099609375 0.033493995666503906
      vertex 10.342021942138672 0.46457672119140625 0.033493995666503906
    endloop
  endfacet
  facet normal 0.6060303133200952 0.06264590798298922 -0.7929708377677795
    outer loop
      vertex 10.342021942138672 0.46457672119140625 0.033493995666503906
      vertex 10.283348083496094 1.5350723266601562 0.07322311401367188
      vertex 10.393730163574219 0.46724700927734375 0.07322311401367188
    endloop
  endfacet
  facet normal 0.7895401827415147 0.08161213782599842 -0.6082481062822684
    outer loop
      vertex 10.393730163574219 0.46724700927734375 0.07322311401367188
      vertex 10.322608947753906 1.5411834716796875 0.125
      vertex 10.433406829833984 0.46929168701171875 0.125
    endloop
  endfacet
  facet normal 0.9191504403611689 0.09501453593866334 -0.38227569363514324
    outer loop
      vertex 10.433406829833984 0.46929168701171875 0.125
      vertex 10.347282409667969 1.5450286865234375 0.18529510498046875
      vertex 10.458351135253906 0.47057342529296875 0.18529510498046875
    endloop
  endfacet
  facet normal 0.9779677460804975 0.10109460592795537 -0.18264437653128807
    outer loop
      vertex 10.458351135253906 0.47057342529296875 0.18529510498046875
      vertex 10.347282409667969 1.5450286865234375 0.18529510498046875
      vertex 10.462833404541016 0.5441131591796875 0.25
    endloop
  endfacet
  facet normal 0.15043074222471772 0.01554958747576998 -0.9884982560040528
    outer loop
      vertex 10.281806945800781 0.4614715576171875 0.008518218994140625
      vertex 10.140098571777344 1.2908859252929688 0
      vertex 10.172615051269531 1.517822265625 0.008518218994140625
    endloop
  endfacet
  facet normal 0.3810910086278392 0.039392267080859425 -0.9236979443721017
    outer loop
      vertex 10.281806945800781 0.4614715576171875 0.008518218994140625
      vertex 10.172615051269531 1.517822265625 0.008518218994140625
      vertex 10.232192993164062 1.527099609375 0.033493995666503906
    endloop
  endfacet
  facet normal 0.6060674557964332 0.06264688734529754 -0.7929423727676459
    outer loop
      vertex 10.342021942138672 0.46457672119140625 0.033493995666503906
      vertex 10.232192993164062 1.527099609375 0.033493995666503906
      vertex 10.283348083496094 1.5350723266601562 0.07322311401367188
    endloop
  endfacet
  facet normal 0.7895065654489481 0.08161201603946344 -0.6082917572604284
    outer loop
      vertex 10.393730163574219 0.46724700927734375 0.07322311401367188
      vertex 10.283348083496094 1.5350723266601562 0.07322311401367188
      vertex 10.322608947753906 1.5411834716796875 0.125
    endloop
  endfacet
  facet normal 0.9191823314691516 0.09501281475327061 -0.382199432950384
    outer loop
      vertex 10.433406829833984 0.46929168701171875 0.125
      vertex 10.322608947753906 1.5411834716796875 0.125
      vertex 10.347282409667969 1.5450286865234375 0.18529510498046875
    endloop
  endfacet
  facet normal 0.9908813484994307 0.10929916841546942 -0.07878987866240571
    outer loop
      vertex 10.462833404541016 0.5441131591796875 0.25
      vertex 10.347282409667969 1.5450286865234375 0.18529510498046875
      vertex 10.344573974609375 1.6162261962890625 0.25
    endloop
  endfacet
  facet normal 0.9999748416269439 0.007087455110312421 -0.0002899883232831292
    outer loop
      vertex 10.470478057861328 -0.5344772338867188 0.25
      vertex 10.462833404541016 0.5441131591796875 0.25
      vertex 10.46490478515625 0.5075836181640625 6.5
    endloop
  endfacet
  facet normal 0.11285228883035202 0.021117515967349034 -0.9933873420902439
    outer loop
      vertex 10.140098571777344 1.2908859252929688 0
      vertex 9.944602966308594 2.3356170654296875 0
      vertex 10.172615051269531 1.517822265625 0.008518218994140625
    endloop
  endfacet
  facet normal 0.3750214396751677 0.07836924400453098 -0.9236975594739454
    outer loop
      vertex 10.172615051269531 1.517822265625 0.008518218994140625
      vertex 10.013690948486328 2.5727005004882812 0.033493995666503906
      vertex 10.232192993164062 1.527099609375 0.033493995666503906
    endloop
  endfacet
  facet normal 0.5964093064052097 0.12463227613738816 -0.7929456065696251
    outer loop
      vertex 10.232192993164062 1.527099609375 0.033493995666503906
      vertex 10.063758850097656 2.5858840942382812 0.07322311401367188
      vertex 10.283348083496094 1.5350723266601562 0.07322311401367188
    endloop
  endfacet
  facet normal 0.7769332861988008 0.16235819166375484 -0.6082881606574371
    outer loop
      vertex 10.283348083496094 1.5350723266601562 0.07322311401367188
      vertex 10.102180480957031 2.5960006713867188 0.125
      vertex 10.322608947753906 1.5411834716796875 0.125
    endloop
  endfacet
  facet normal 0.9045396429750256 0.18902148347520495 -0.38220271201477113
    outer loop
      vertex 10.322608947753906 1.5411834716796875 0.125
      vertex 10.126331329345703 2.6023635864257812 0.18529510498046875
      vertex 10.347282409667969 1.5450286865234375 0.18529510498046875
    endloop
  endfacet
  facet normal 0.1474400125584668 0.030810993435525534 -0.9885909798193969
    outer loop
      vertex 10.172615051269531 1.517822265625 0.008518218994140625
      vertex 9.944602966308594 2.3356170654296875 0
      vertex 9.95538330078125 2.557342529296875 0.008518218994140625
    endloop
  endfacet
  facet normal 0.37501937192262125 0.07836895294566534 -0.9236984236735293
    outer loop
      vertex 10.172615051269531 1.517822265625 0.008518218994140625
      vertex 9.95538330078125 2.557342529296875 0.008518218994140625
      vertex 10.013690948486328 2.5727005004882812 0.033493995666503906
    endloop
  endfacet
  facet normal 0.5963967704823663 0.1246306453037215 -0.7929552915577156
    outer loop
      vertex 10.232192993164062 1.527099609375 0.033493995666503906
      vertex 10.013690948486328 2.5727005004882812 0.033493995666503906
      vertex 10.063758850097656 2.5858840942382812 0.07322311401367188
    endloop
  endfacet
  facet normal 0.9626773016553933 0.2011704993584609 -0.18106032990514
    outer loop
      vertex 10.347282409667969 1.5450286865234375 0.18529510498046875
      vertex 10.126331329345703 2.6023635864257812 0.18529510498046875
      vertex 10.344573974609375 1.6162261962890625 0.25
    endloop
  endfacet
  facet normal 0.7769492840392157 0.16235990396724584 -0.608267269886106
    outer loop
      vertex 10.283348083496094 1.5350723266601562 0.07322311401367188
      vertex 10.063758850097656 2.5858840942382812 0.07322311401367188
      vertex 10.102180480957031 2.5960006713867188 0.125
    endloop
  endfacet
  facet normal 0.9045208144919805 0.18902055861404704 -0.38224772670612167
    outer loop
      vertex 10.322608947753906 1.5411834716796875 0.125
      vertex 10.102180480957031 2.5960006713867188 0.125
      vertex 10.126331329345703 2.6023635864257812 0.18529510498046875
    endloop
  endfacet
  facet normal 0.9743120321872695 0.21034784309123605 -0.08043537059016863
    outer loop
      vertex 10.344573974609375 1.6162261962890625 0.25
      vertex 10.126331329345703 2.6023635864257812 0.18529510498046875
      vertex 10.116950988769531 2.6705551147460938 0.25
    endloop
  endfacet
  facet normal 0.9939713223149749 0.10964000798115103 -0.0002811855497598045
    outer loop
      vertex 10.462833404541016 0.5441131591796875 0.25
      vertex 10.344573974609375 1.6162261962890625 0.25
      vertex 10.35019302368164 1.5813140869140625 6.5
    endloop
  endfacet
  facet normal 0.9774791987032725 0.21103161443280147 -0.00027168418029968085
    outer loop
      vertex 10.344573974609375 1.6162261962890625 0.25
      vertex 10.116950988769531 2.6705551147460938 0.25
      vertex 10.125808715820312 2.6375732421875 6.5
    endloop
  endfacet
  facet normal 0.9943415142851626 0.10623025976320602 0.00029134126296119235
    outer loop
      vertex 10.462833404541016 0.5441131591796875 0.25
      vertex 10.35019302368164 1.5813140869140625 6.5
      vertex 10.46490478515625 0.5075836181640625 6.5
    endloop
  endfacet
  facet normal 0.9781721339551703 0.2077960471641545 0.00028131217671531754
    outer loop
      vertex 10.344573974609375 1.6162261962890625 0.25
      vertex 10.125808715820312 2.6375732421875 6.5
      vertex 10.35019302368164 1.5813140869140625 6.5
    endloop
  endfacet
  facet normal 0.1019528480451844 0.05519609520056222 -0.9932567683384221
    outer loop
      vertex 9.235462188720703 4.336540222167969 0
      vertex 8.729438781738281 5.271217346191406 0
      vertex 9.207145690917969 4.5421295166015625 0.008518218994140625
    endloop
  endfacet
  facet normal 0.12944964211202342 0.0732635027794544 -0.9888757501918802
    outer loop
      vertex 9.207145690917969 4.5421295166015625 0.008518218994140625
      vertex 8.729438781738281 5.271217346191406 0
      vertex 8.684074401855469 5.466346740722656 0.008518218994140625
    endloop
  endfacet
  facet normal 0.33343189996058137 0.1887095903160622 -0.9236946782413662
    outer loop
      vertex 9.207145690917969 4.5421295166015625 0.008518218994140625
      vertex 8.684074401855469 5.466346740722656 0.008518218994140625
      vertex 8.734947204589844 5.498710632324219 0.033493995666503906
    endloop
  endfacet
  facet normal 0.33342432732145416 0.18870594304853966 -0.9236981568718198
    outer loop
      vertex 9.207145690917969 4.5421295166015625 0.008518218994140625
      vertex 8.734947204589844 5.498710632324219 0.033493995666503906
      vertex 9.26108169555664 4.569084167480469 0.033493995666503906
    endloop
  endfacet
  facet normal 0.5302347507479456 0.30009296823317555 -0.7929661528188114
    outer loop
      vertex 9.26108169555664 4.569084167480469 0.033493995666503906
      vertex 8.778636932373047 5.526496887207031 0.07322311401367188
      vertex 9.307395935058594 4.592231750488281 0.07322311401367188
    endloop
  endfacet
  facet normal 0.690789333300188 0.3909591250053076 -0.6082442433543994
    outer loop
      vertex 9.307395935058594 4.592231750488281 0.07322311401367188
      vertex 8.81216049194336 5.547821044921875 0.125
      vertex 9.342933654785156 4.609992980957031 0.125
    endloop
  endfacet
  facet normal 0.14291242685732877 0.045622628428549986 -0.9886832728558823
    outer loop
      vertex 9.641975402832031 3.3544921875 0
      vertex 9.63241958618164 3.5690231323242188 0.008518218994140625
      vertex 9.95538330078125 2.557342529296875 0.008518218994140625
    endloop
  endfacet
  facet normal 0.36498836641335136 0.11651700966664995 -0.9236921991882658
    outer loop
      vertex 9.63241958618164 3.5690231323242188 0.008518218994140625
      vertex 9.688838958740234 3.5902862548828125 0.033493995666503906
      vertex 9.95538330078125 2.557342529296875 0.008518218994140625
    endloop
  endfacet
  facet normal 0.5803911512760191 0.18528288108280752 -0.7929794231240501
    outer loop
      vertex 9.688838958740234 3.5902862548828125 0.033493995666503906
      vertex 9.737289428710938 3.608551025390625 0.07322311401367188
      vertex 10.013690948486328 2.5727005004882812 0.033493995666503906
    endloop
  endfacet
  facet normal 0.10676801691725483 0.04419601505134153 -0.9933012145452852
    outer loop
      vertex 9.641975402832031 3.3544921875 0
      vertex 9.235462188720703 4.336540222167969 0
      vertex 9.63241958618164 3.5690231323242188 0.008518218994140625
    endloop
  endfacet
  facet normal 0.11040977319427761 0.03279404896832713 -0.9933449714653269
    outer loop
      vertex 9.944602966308594 2.3356170654296875 0
      vertex 9.641975402832031 3.3544921875 0
      vertex 9.95538330078125 2.557342529296875 0.008518218994140625
    endloop
  endfacet
  facet normal 0.36497259046016217 0.11651310142830656 -0.9236989257373616
    outer loop
      vertex 9.688838958740234 3.5902862548828125 0.033493995666503906
      vertex 10.013690948486328 2.5727005004882812 0.033493995666503906
      vertex 9.95538330078125 2.557342529296875 0.008518218994140625
    endloop
  endfacet
  facet normal 0.5804232603172299 0.18529047941507265 -0.7929541456609264
    outer loop
      vertex 9.737289428710938 3.608551025390625 0.07322311401367188
      vertex 10.063758850097656 2.5858840942382812 0.07322311401367188
      vertex 10.013690948486328 2.5727005004882812 0.033493995666503906
    endloop
  endfacet
  facet normal 0.756138637754634 0.24138678237310984 -0.6082653876311913
    outer loop
      vertex 9.774463653564453 3.6225662231445312 0.125
      vertex 10.102180480957031 2.5960006713867188 0.125
      vertex 10.063758850097656 2.5858840942382812 0.07322311401367188
    endloop
  endfacet
  facet normal 0.8802905239192679 0.28102071613265556 -0.3822511616754495
    outer loop
      vertex 9.797832489013672 3.631378173828125 0.18529510498046875
      vertex 10.126331329345703 2.6023635864257812 0.18529510498046875
      vertex 10.102180480957031 2.5960006713867188 0.125
    endloop
  endfacet
  facet normal 0.9371731395683476 0.29917971358957807 -0.17943802676150988
    outer loop
      vertex 9.797832489013672 3.631378173828125 0.18529510498046875
      vertex 10.116950988769531 2.6705551147460938 0.25
      vertex 10.126331329345703 2.6023635864257812 0.18529510498046875
    endloop
  endfacet
  facet normal 0.7561582567747698 0.24139095637705194 -0.6082393417814352
    outer loop
      vertex 9.737289428710938 3.608551025390625 0.07322311401367188
      vertex 9.774463653564453 3.6225662231445312 0.125
      vertex 10.063758850097656 2.5858840942382812 0.07322311401367188
    endloop
  endfacet
  facet normal 0.8802915148852015 0.2810208680242608 -0.3822487678933814
    outer loop
      vertex 9.774463653564453 3.6225662231445312 0.125
      vertex 9.797832489013672 3.631378173828125 0.18529510498046875
      vertex 10.102180480957031 2.5960006713867188 0.125
    endloop
  endfacet
  facet normal 0.9474610510921065 0.3091503896156217 -0.08211938421560401
    outer loop
      vertex 9.797832489013672 3.631378173828125 0.18529510498046875
      vertex 9.782367706298828 3.6959609985351562 0.25
      vertex 10.116950988769531 2.6705551147460938 0.25
    endloop
  endfacet
  facet normal 0.9506719131995469 0.31019807307487635 -0.00026251504105502326
    outer loop
      vertex 9.782367706298828 3.6959609985351562 0.25
      vertex 9.79412841796875 3.6652069091796875 6.5
      vertex 10.116950988769531 2.6705551147460938 0.25
    endloop
  endfacet
  facet normal 0.13688312567987104 0.05982164025876368 -0.9887792378791433
    outer loop
      vertex 9.63241958618164 3.5690231323242188 0.008518218994140625
      vertex 9.235462188720703 4.336540222167969 0
      vertex 9.207145690917969 4.5421295166015625 0.008518218994140625
    endloop
  endfacet
  facet normal 0.35105804263961304 0.15342189062695313 -0.9236990712209767
    outer loop
      vertex 9.63241958618164 3.5690231323242188 0.008518218994140625
      vertex 9.207145690917969 4.5421295166015625 0.008518218994140625
      vertex 9.26108169555664 4.569084167480469 0.033493995666503906
    endloop
  endfacet
  facet normal 0.5582798730189528 0.24398118089493287 -0.7929670653634084
    outer loop
      vertex 9.688838958740234 3.5902862548828125 0.033493995666503906
      vertex 9.26108169555664 4.569084167480469 0.033493995666503906
      vertex 9.307395935058594 4.592231750488281 0.07322311401367188
    endloop
  endfacet
  facet normal 0.7273254755115256 0.3178597300043273 -0.6082457108056819
    outer loop
      vertex 9.737289428710938 3.608551025390625 0.07322311401367188
      vertex 9.307395935058594 4.592231750488281 0.07322311401367188
      vertex 9.342933654785156 4.609992980957031 0.125
    endloop
  endfacet
  facet normal 0.3510766757043012 0.15342860465273284 -0.9236908741839622
    outer loop
      vertex 9.63241958618164 3.5690231323242188 0.008518218994140625
      vertex 9.26108169555664 4.569084167480469 0.033493995666503906
      vertex 9.688838958740234 3.5902862548828125 0.033493995666503906
    endloop
  endfacet
  facet normal 0.5582649372389856 0.2439759752631609 -0.7929791821630255
    outer loop
      vertex 9.688838958740234 3.5902862548828125 0.033493995666503906
      vertex 9.307395935058594 4.592231750488281 0.07322311401367188
      vertex 9.737289428710938 3.608551025390625 0.07322311401367188
    endloop
  endfacet
  facet normal 0.7273294009377659 0.31786099881893193 -0.6082403537758259
    outer loop
      vertex 9.737289428710938 3.608551025390625 0.07322311401367188
      vertex 9.342933654785156 4.609992980957031 0.125
      vertex 9.774463653564453 3.6225662231445312 0.125
    endloop
  endfacet
  facet normal 0.8467305625299568 0.37004200425859035 -0.38225157888750216
    outer loop
      vertex 9.774463653564453 3.6225662231445312 0.125
      vertex 9.365272521972656 4.621162414550781 0.18529510498046875
      vertex 9.797832489013672 3.631378173828125 0.18529510498046875
    endloop
  endfacet
  facet normal 0.9017149557050566 0.3940715314232442 -0.17781385429590998
    outer loop
      vertex 9.797832489013672 3.631378173828125 0.18529510498046875
      vertex 9.365272521972656 4.621162414550781 0.18529510498046875
      vertex 9.782367706298828 3.6959609985351562 0.25
    endloop
  endfacet
  facet normal 0.8467290565158793 0.37004161152586 -0.3822552950464828
    outer loop
      vertex 9.774463653564453 3.6225662231445312 0.125
      vertex 9.342933654785156 4.609992980957031 0.125
      vertex 9.365272521972656 4.621162414550781 0.18529510498046875
    endloop
  endfacet
  facet normal 0.9106185254522684 0.40465943321338216 -0.08381315060633891
    outer loop
      vertex 9.782367706298828 3.6959609985351562 0.25
      vertex 9.365272521972656 4.621162414550781 0.18529510498046875
      vertex 9.344352722167969 4.681640625 0.25
    endloop
  endfacet
  facet normal 0.8041914142364885 0.4551412995673342 -0.3822598156966995
    outer loop
      vertex 9.342933654785156 4.609992980957031 0.125
      vertex 8.833232879638672 5.561225891113281 0.18529510498046875
      vertex 9.365272521972656 4.621162414550781 0.18529510498046875
    endloop
  endfacet
  facet normal 0.8566691677992923 0.48484168250119747 -0.17620011308587818
    outer loop
      vertex 9.365272521972656 4.621162414550781 0.18529510498046875
      vertex 8.833232879638672 5.561225891113281 0.18529510498046875
      vertex 9.344352722167969 4.681640625 0.25
    endloop
  endfacet
  facet normal 0.9138338316760379 0.4060882466602334 -0.0002529994232541083
    outer loop
      vertex 9.782367706298828 3.6959609985351562 0.25
      vertex 9.344352722167969 4.681640625 0.25
      vertex 9.358657836914062 4.653343200683594 6.5
    endloop
  endfacet
  facet normal 0.9516583599467308 0.30715841492809015 0.00027218075175290435
    outer loop
      vertex 10.116950988769531 2.6705551147460938 0.25
      vertex 9.79412841796875 3.6652069091796875 6.5
      vertex 10.125808715820312 2.6375732421875 6.5
    endloop
  endfacet
  facet normal 0.9150790839890437 0.4032743497450268 0.00026245665997691914
    outer loop
      vertex 9.782367706298828 3.6959609985351562 0.25
      vertex 9.358657836914062 4.653343200683594 6.5
      vertex 9.79412841796875 3.6652069091796875 6.5
    endloop
  endfacet
  facet normal 0.8688207974522163 0.49512660787561424 0.00025315624192840313
    outer loop
      vertex 9.344352722167969 4.681640625 0.25
      vertex 8.824005126953125 5.591522216796875 6.5
      vertex 9.358657836914062 4.653343200683594 6.5
    endloop
  endfacet
  facet normal 0 0 1
    outer loop
      vertex 10.35019302368164 1.5813140869140625 6.5
      vertex 6.149971008300781 3.3427581787109375 6.5
      vertex 6.5286712646484375 2.5434494018554688 6.5
    endloop
  endfacet
  facet normal 0 0 1
    outer loop
      vertex 9.358657836914062 4.653343200683594 6.5
      vertex 4.462608337402344 5.3725128173828125 6.5
      vertex 5.108741760253906 4.7685089111328125 6.5
    endloop
  endfacet
  facet normal 0 0 1
    outer loop
      vertex 10.125808715820312 2.6375732421875 6.5
      vertex 5.674163818359375 4.088356018066406 6.5
      vertex 6.149971008300781 3.3427581787109375 6.5
    endloop
  endfacet
  facet normal 0 0 1
    outer loop
      vertex 9.79412841796875 3.6652069091796875 6.5
      vertex 5.108741760253906 4.7685089111328125 6.5
      vertex 5.674163818359375 4.088356018066406 6.5
    endloop
  endfacet
  facet normal 0 0 1
    outer loop
      vertex 10.468734741210938 -0.5722427368164062 6.5
      vertex 6.804313659667969 1.7030105590820312 6.5
      vertex 6.972553253173828 0.8346786499023438 6.5
    endloop
  endfacet
  facet normal 0 0 1
    outer loop
      vertex 10.46490478515625 0.5075836181640625 6.5
      vertex 6.5286712646484375 2.5434494018554688 6.5
      vertex 6.804313659667969 1.7030105590820312 6.5
    endloop
  endfacet
  facet normal 0 0 1
    outer loop
      vertex 10.46490478515625 0.5075836181640625 6.5
      vertex 10.35019302368164 1.5813140869140625 6.5
      vertex 6.5286712646484375 2.5434494018554688 6.5
    endloop
  endfacet
  facet normal 0 0 1
    outer loop
      vertex 10.35019302368164 1.5813140869140625 6.5
      vertex 10.125808715820312 2.6375732421875 6.5
      vertex 6.149971008300781 3.3427581787109375 6.5
    endloop
  endfacet
  facet normal 0 0 1
    outer loop
      vertex 10.468734741210938 -0.5722427368164062 6.5
      vertex 10.46490478515625 0.5075836181640625 6.5
      vertex 6.804313659667969 1.7030105590820312 6.5
    endloop
  endfacet
  facet normal 0 0 1
    outer loop
      vertex 9.79412841796875 3.6652069091796875 6.5
      vertex 5.674163818359375 4.088356018066406 6.5
      vertex 10.125808715820312 2.6375732421875 6.5
    endloop
  endfacet
  facet normal 0 0 1
    outer loop
      vertex 9.79412841796875 3.6652069091796875 6.5
      vertex 9.358657836914062 4.653343200683594 6.5
      vertex 5.108741760253906 4.7685089111328125 6.5
    endloop
  endfacet
  facet normal 0 0 -1
    outer loop
      vertex 2.2957115173339844 1.6772232055664062 0
      vertex 6.6737060546875 7.693687438964844 0
      vertex 7.4416351318359375 6.9588623046875 0
    endloop
  endfacet
  facet normal 0.2602394027609298 0.2811643010643848 -0.9237002160103733
    outer loop
      vertex 7.36767578125 7.12957763671875 0.008518218994140625
      vertex 6.588306427001953 7.850944519042969 0.008518218994140625
      vertex 6.626930236816406 7.897247314453125 0.033493995666503906
    endloop
  endfacet
  facet normal 0.08099404975758749 0.08464283947775747 -0.9931140687901908
    outer loop
      vertex 6.6737060546875 7.693687438964844 0
      vertex 7.36767578125 7.12957763671875 0.008518218994140625
      vertex 7.4416351318359375 6.9588623046875 0
    endloop
  endfacet
  facet normal 0.2602607432905324 0.2811844974906208 -0.9236880554996943
    outer loop
      vertex 7.36767578125 7.12957763671875 0.008518218994140625
      vertex 6.626930236816406 7.897247314453125 0.033493995666503906
      vertex 7.410858154296875 7.171653747558594 0.033493995666503906
    endloop
  endfacet
  facet normal 0.413848904520389 0.44712213302023657 -0.7929759658342161
    outer loop
      vertex 7.410858154296875 7.171653747558594 0.033493995666503906
      vertex 6.660099029541016 7.937004089355469 0.07322311401367188
      vertex 7.44793701171875 7.207794189453125 0.07322311401367188
    endloop
  endfacet
  facet normal 0.09971301946005444 0.10773057855985312 -0.9891670416028419
    outer loop
      vertex 6.6737060546875 7.693687438964844 0
      vertex 6.588306427001953 7.850944519042969 0.008518218994140625
      vertex 7.36767578125 7.12957763671875 0.008518218994140625
    endloop
  endfacet
  facet normal 0.4138599662693235 0.44713238414530526 -0.792964412422203
    outer loop
      vertex 7.410858154296875 7.171653747558594 0.033493995666503906
      vertex 6.626930236816406 7.897247314453125 0.033493995666503906
      vertex 6.660099029541016 7.937004089355469 0.07322311401367188
    endloop
  endfacet
  facet normal 0.5391564769159568 0.5825043665869166 -0.608275395118649
    outer loop
      vertex 7.44793701171875 7.207794189453125 0.07322311401367188
      vertex 6.660099029541016 7.937004089355469 0.07322311401367188
      vertex 6.685550689697266 7.9675140380859375 0.125
    endloop
  endfacet
  facet normal 0.6277028762849858 0.6781681122711883 -0.3822003540057082
    outer loop
      vertex 7.476387023925781 7.235527038574219 0.125
      vertex 6.685550689697266 7.9675140380859375 0.125
      vertex 6.701549530029297 7.986686706542969 0.18529510498046875
    endloop
  endfacet
  facet normal 0.6726453978091724 0.7343838059052923 -0.09071160030667597
    outer loop
      vertex 7.461093902587891 7.298988342285156 0.25
      vertex 6.701549530029297 7.986686706542969 0.18529510498046875
      vertex 6.6656951904296875 8.027519226074219 0.25
    endloop
  endfacet
  facet normal 0.11074499911240239 0.09733018955036733 -0.9890714733393556
    outer loop
      vertex 7.4416351318359375 6.9588623046875 0
      vertex 7.36767578125 7.12957763671875 0.008518218994140625
      vertex 8.068740844726562 6.331886291503906 0.008518218994140625
    endloop
  endfacet
  facet normal 0.287791543627151 0.2529306579685228 -0.923689401084754
    outer loop
      vertex 7.36767578125 7.12957763671875 0.008518218994140625
      vertex 7.410858154296875 7.171653747558594 0.033493995666503906
      vertex 8.068740844726562 6.331886291503906 0.008518218994140625
    endloop
  endfacet
  facet normal 0.4576311557347734 0.4022010633870385 -0.7929741672407691
    outer loop
      vertex 7.410858154296875 7.171653747558594 0.033493995666503906
      vertex 7.44793701171875 7.207794189453125 0.07322311401367188
      vertex 8.116020202636719 6.3693084716796875 0.033493995666503906
    endloop
  endfacet
  facet normal 0.5962029939460989 0.5239890415664888 -0.6082577367596242
    outer loop
      vertex 7.44793701171875 7.207794189453125 0.07322311401367188
      vertex 7.476387023925781 7.235527038574219 0.125
      vertex 8.156620025634766 6.4014434814453125 0.07322311401367188
    endloop
  endfacet
  facet normal 0.6941004896235905 0.6100309346891166 -0.3822129890867329
    outer loop
      vertex 7.476387023925781 7.235527038574219 0.125
      vertex 7.494274139404297 7.252952575683594 0.18529510498046875
      vertex 8.187774658203125 6.4261016845703125 0.125
    endloop
  endfacet
  facet normal 0.7445543503150833 0.6616135559520065 -0.0889175011312475
    outer loop
      vertex 7.494274139404297 7.252952575683594 0.18529510498046875
      vertex 7.461093902587891 7.298988342285156 0.25
      vertex 8.177558898925781 6.492706298828125 0.25
    endloop
  endfacet
  facet normal 0.5391641223187966 0.58251113520672 -0.6082621363888927
    outer loop
      vertex 7.44793701171875 7.207794189453125 0.07322311401367188
      vertex 6.685550689697266 7.9675140380859375 0.125
      vertex 7.476387023925781 7.235527038574219 0.125
    endloop
  endfacet
  facet normal 0.6277008893332205 0.6781665474907348 -0.38220639371258686
    outer loop
      vertex 7.476387023925781 7.235527038574219 0.125
      vertex 6.701549530029297 7.986686706542969 0.18529510498046875
      vertex 7.494274139404297 7.252952575683594 0.18529510498046875
    endloop
  endfacet
  facet normal 0.6692394612547723 0.7230447217715745 -0.1712450694697177
    outer loop
      vertex 7.494274139404297 7.252952575683594 0.18529510498046875
      vertex 6.701549530029297 7.986686706542969 0.18529510498046875
      vertex 7.461093902587891 7.298988342285156 0.25
    endloop
  endfacet
  facet normal 0.6754300426342734 0.7374240379077899 -0.00021406268731415622
    outer loop
      vertex 7.461093902587891 7.298988342285156 0.25
      vertex 6.6656951904296875 8.027519226074219 0.25
      vertex 6.686359405517578 8.010406494140625 6.5
    endloop
  endfacet
  facet normal 0.7475152436739709 0.6642446159721909 -0.00022500444610217498
    outer loop
      vertex 7.461093902587891 7.298988342285156 0.25
      vertex 7.480751037597656 7.278984069824219 6.5
      vertex 8.177558898925781 6.492706298828125 0.25
    endloop
  endfacet
  facet normal 0.6773484267778742 0.7356623263743151 0.00022426562275422497
    outer loop
      vertex 7.461093902587891 7.298988342285156 0.25
      vertex 6.686359405517578 8.010406494140625 6.5
      vertex 7.480751037597656 7.278984069824219 6.5
    endloop
  endfacet
  facet normal 0.06228466896213165 0.1002600672838209 -0.9930098382798236
    outer loop
      vertex 4.930973052978516 8.905899047851562 0
      vertex 5.738899230957031 8.488357543945312 0.008518218994140625
      vertex 5.833805084228516 8.34503173828125 0
    endloop
  endfacet
  facet normal 0.1972339511406172 0.3284628309886092 -0.923694179464399
    outer loop
      vertex 4.856788635253906 9.088279724121094 0.033493995666503906
      vertex 5.772556304931641 8.538383483886719 0.033493995666503906
      vertex 5.738899230957031 8.488357543945312 0.008518218994140625
    endloop
  endfacet
  facet normal 0.3136333050461277 0.5223151683719118 -0.7929823546930056
    outer loop
      vertex 4.8811187744140625 9.133979797363281 0.07322311401367188
      vertex 5.801460266113281 8.581344604492188 0.07322311401367188
      vertex 5.772556304931641 8.538383483886719 0.033493995666503906
    endloop
  endfacet
  facet normal 0.40862919035403483 0.6805082101243983 -0.6082193360490061
    outer loop
      vertex 4.899791717529297 9.169052124023438 0.125
      vertex 5.823638916015625 8.614303588867188 0.125
      vertex 5.801460266113281 8.581344604492188 0.07322311401367188
    endloop
  endfacet
  facet normal 0.47569801934673905 0.7922067330630104 -0.382256309927281
    outer loop
      vertex 4.911529541015625 9.191093444824219 0.18529510498046875
      vertex 5.837581634521484 8.635025024414062 0.18529510498046875
      vertex 5.823638916015625 8.614303588867188 0.125
    endloop
  endfacet
  facet normal 0.507482039379386 0.8451384537127005 -0.16793741025585987
    outer loop
      vertex 4.911529541015625 9.191093444824219 0.18529510498046875
      vertex 5.799747467041016 8.670600891113281 0.25
      vertex 5.837581634521484 8.635025024414062 0.18529510498046875
    endloop
  endfacet
  facet normal 0.22996170591145648 0.30644357768792585 -0.9236936437521462
    outer loop
      vertex 5.738899230957031 8.488357543945312 0.008518218994140625
      vertex 5.772556304931641 8.538383483886719 0.033493995666503906
      vertex 6.588306427001953 7.850944519042969 0.008518218994140625
    endloop
  endfacet
  facet normal 0.08769879255908272 0.11686611753116971 -0.9892680285730808
    outer loop
      vertex 5.833805084228516 8.34503173828125 0
      vertex 5.738899230957031 8.488357543945312 0.008518218994140625
      vertex 6.588306427001953 7.850944519042969 0.008518218994140625
    endloop
  endfacet
  facet normal 0.36567738152916873 0.48729932447019925 -0.792981349723219
    outer loop
      vertex 5.772556304931641 8.538383483886719 0.033493995666503906
      vertex 5.801460266113281 8.581344604492188 0.07322311401367188
      vertex 6.626930236816406 7.897247314453125 0.033493995666503906
    endloop
  endfacet
  facet normal 0.47643157829540184 0.634885765577983 -0.6082211899214057
    outer loop
      vertex 5.801460266113281 8.581344604492188 0.07322311401367188
      vertex 5.823638916015625 8.614303588867188 0.125
      vertex 6.660099029541016 7.937004089355469 0.07322311401367188
    endloop
  endfacet
  facet normal 0.5546288769029305 0.7390984570623328 -0.3822568242340126
    outer loop
      vertex 5.823638916015625 8.614303588867188 0.125
      vertex 5.837581634521484 8.635025024414062 0.18529510498046875
      vertex 6.685550689697266 7.9675140380859375 0.125
    endloop
  endfacet
  facet normal 0.593657703432503 0.7993954185092448 -0.09239857153482206
    outer loop
      vertex 5.837581634521484 8.635025024414062 0.18529510498046875
      vertex 5.799747467041016 8.670600891113281 0.25
      vertex 6.6656951904296875 8.027519226074219 0.25
    endloop
  endfacet
  facet normal 0.07206511012519809 0.09292712931380816 -0.9930615129689289
    outer loop
      vertex 6.6737060546875 7.693687438964844 0
      vertex 5.833805084228516 8.34503173828125 0
      vertex 6.588306427001953 7.850944519042969 0.008518218994140625
    endloop
  endfacet
  facet normal 0.22995039805992806 0.30643042008141863 -0.9237008239039338
    outer loop
      vertex 5.772556304931641 8.538383483886719 0.033493995666503906
      vertex 6.626930236816406 7.897247314453125 0.033493995666503906
      vertex 6.588306427001953 7.850944519042969 0.008518218994140625
    endloop
  endfacet
  facet normal 0.3656928159894769 0.4873169076586548 -0.7929634265485972
    outer loop
      vertex 5.801460266113281 8.581344604492188 0.07322311401367188
      vertex 6.660099029541016 7.937004089355469 0.07322311401367188
      vertex 6.626930236816406 7.897247314453125 0.033493995666503906
    endloop
  endfacet
  facet normal 0.47640305365919905 0.634854722793171 -0.6082759336118734
    outer loop
      vertex 5.823638916015625 8.614303588867188 0.125
      vertex 6.685550689697266 7.9675140380859375 0.125
      vertex 6.660099029541016 7.937004089355469 0.07322311401367188
    endloop
  endfacet
  facet normal 0.5546471909487214 0.7391162192708212 -0.38219590262521097
    outer loop
      vertex 5.837581634521484 8.635025024414062 0.18529510498046875
      vertex 6.701549530029297 7.986686706542969 0.18529510498046875
      vertex 6.685550689697266 7.9675140380859375 0.125
    endloop
  endfacet
  facet normal 0.5915134613625214 0.7882437707152902 -0.16965725140844992
    outer loop
      vertex 5.837581634521484 8.635025024414062 0.18529510498046875
      vertex 6.6656951904296875 8.027519226074219 0.25
      vertex 6.701549530029297 7.986686706542969 0.18529510498046875
    endloop
  endfacet
  facet normal 0.5962082089624956 0.8028298259527429 -0.00020524722149337777
    outer loop
      vertex 5.799747467041016 8.670600891113281 0.25
      vertex 5.821048736572266 8.656379699707031 6.5
      vertex 6.6656951904296875 8.027519226074219 0.25
    endloop
  endfacet
  facet normal 0.512750691946393 0.8585375271315774 0.00020594972980826555
    outer loop
      vertex 5.799747467041016 8.670600891113281 0.25
      vertex 4.8939666748046875 9.210067749023438 6.5
      vertex 5.821048736572266 8.656379699707031 6.5
    endloop
  endfacet
  facet normal 0.598214639189488 0.8013358838251704 0.000216225631317296
    outer loop
      vertex 6.6656951904296875 8.027519226074219 0.25
      vertex 5.821048736572266 8.656379699707031 6.5
      vertex 6.686359405517578 8.010406494140625 6.5
    endloop
  endfacet
  facet normal 0.0890086023324759 0.07553371220060451 -0.9931626891058761
    outer loop
      vertex 7.4416351318359375 6.9588623046875 0
      vertex 8.068740844726562 6.331886291503906 0.008518218994140625
      vertex 8.129344940185547 6.148468017578125 0
    endloop
  endfacet
  facet normal 0.12070471024346097 0.08581197548890995 -0.9889725364173328
    outer loop
      vertex 8.129344940185547 6.148468017578125 0
      vertex 8.068740844726562 6.331886291503906 0.008518218994140625
      vertex 8.684074401855469 5.466346740722656 0.008518218994140625
    endloop
  endfacet
  facet normal 0.31224930149968694 0.22198578127295546 -0.92370053947456
    outer loop
      vertex 8.068740844726562 6.331886291503906 0.008518218994140625
      vertex 8.116020202636719 6.3693084716796875 0.033493995666503906
      vertex 8.684074401855469 5.466346740722656 0.008518218994140625
    endloop
  endfacet
  facet normal 0.49655774732390856 0.35301373832412963 -0.7929764839684896
    outer loop
      vertex 8.116020202636719 6.3693084716796875 0.033493995666503906
      vertex 8.156620025634766 6.4014434814453125 0.07322311401367188
      vertex 8.734947204589844 5.498710632324219 0.033493995666503906
    endloop
  endfacet
  facet normal 0.6469100091676446 0.4599011705289359 -0.6082748995189858
    outer loop
      vertex 8.156620025634766 6.4014434814453125 0.07322311401367188
      vertex 8.187774658203125 6.4261016845703125 0.125
      vertex 8.778636932373047 5.526496887207031 0.07322311401367188
    endloop
  endfacet
  facet normal 0.7531559505800689 0.5354323947384211 -0.38218878158642033
    outer loop
      vertex 8.187774658203125 6.4261016845703125 0.125
      vertex 8.207355499267578 6.441596984863281 0.18529510498046875
      vertex 8.81216049194336 5.547821044921875 0.125
    endloop
  endfacet
  facet normal 0.8086213658301831 0.5818301202423117 -0.08720778578628298
    outer loop
      vertex 8.207355499267578 6.441596984863281 0.18529510498046875
      vertex 8.177558898925781 6.492706298828125 0.25
      vertex 8.80752944946289 5.617179870605469 0.25
    endloop
  endfacet
  facet normal 0.0960139478876919 0.06567949243001443 -0.993210715852963
    outer loop
      vertex 8.129344940185547 6.148468017578125 0
      vertex 8.684074401855469 5.466346740722656 0.008518218994140625
      vertex 8.729438781738281 5.271217346191406 0
    endloop
  endfacet
  facet normal 0.312259158519888 0.22199184982838985 -0.9236957488969088
    outer loop
      vertex 8.116020202636719 6.3693084716796875 0.033493995666503906
      vertex 8.734947204589844 5.498710632324219 0.033493995666503906
      vertex 8.684074401855469 5.466346740722656 0.008518218994140625
    endloop
  endfacet
  facet normal 0.49656665201231837 0.3530190927172967 -0.7929685241460305
    outer loop
      vertex 8.156620025634766 6.4014434814453125 0.07322311401367188
      vertex 8.778636932373047 5.526496887207031 0.07322311401367188
      vertex 8.734947204589844 5.498710632324219 0.033493995666503906
    endloop
  endfacet
  facet normal 0.6469169041159569 0.4599051058426819 -0.6082645911023076
    outer loop
      vertex 8.187774658203125 6.4261016845703125 0.125
      vertex 8.81216049194336 5.547821044921875 0.125
      vertex 8.778636932373047 5.526496887207031 0.07322311401367188
    endloop
  endfacet
  facet normal 0.5302300402909527 0.3000907599921585 -0.7929701382400118
    outer loop
      vertex 9.26108169555664 4.569084167480469 0.033493995666503906
      vertex 8.734947204589844 5.498710632324219 0.033493995666503906
      vertex 8.778636932373047 5.526496887207031 0.07322311401367188
    endloop
  endfacet
  facet normal 0.6907756028271664 0.3909530651151286 -0.6082637317939076
    outer loop
      vertex 9.307395935058594 4.592231750488281 0.07322311401367188
      vertex 8.778636932373047 5.526496887207031 0.07322311401367188
      vertex 8.81216049194336 5.547821044921875 0.125
    endloop
  endfacet
  facet normal 0.8041973280233615 0.45514351270243364 -0.38224473893694805
    outer loop
      vertex 9.342933654785156 4.609992980957031 0.125
      vertex 8.81216049194336 5.547821044921875 0.125
      vertex 8.833232879638672 5.561225891113281 0.18529510498046875
    endloop
  endfacet
  facet normal 0.8641734849444893 0.4958727712941832 -0.08552416388321604
    outer loop
      vertex 9.344352722167969 4.681640625 0.25
      vertex 8.833232879638672 5.561225891113281 0.18529510498046875
      vertex 8.80752944946289 5.617179870605469 0.25
    endloop
  endfacet
  facet normal 0.7531343574756402 0.5354216671477584 -0.3822463576523257
    outer loop
      vertex 8.207355499267578 6.441596984863281 0.18529510498046875
      vertex 8.833232879638672 5.561225891113281 0.18529510498046875
      vertex 8.81216049194336 5.547821044921875 0.125
    endloop
  endfacet
  facet normal 0.802511508122083 0.5705250933235847 -0.17457490432400333
    outer loop
      vertex 8.207355499267578 6.441596984863281 0.18529510498046875
      vertex 8.80752944946289 5.617179870605469 0.25
      vertex 8.833232879638672 5.561225891113281 0.18529510498046875
    endloop
  endfacet
  facet normal 0.8117138569344907 0.5840552710324102 -0.00023417897218937702
    outer loop
      vertex 8.80752944946289 5.617179870605469 0.25
      vertex 8.177558898925781 6.492706298828125 0.25
      vertex 8.195819854736328 6.4698333740234375 6.5
    endloop
  endfacet
  facet normal 0.8673513509339132 0.49769626766664876 -0.00024327721457378647
    outer loop
      vertex 9.344352722167969 4.681640625 0.25
      vertex 8.80752944946289 5.617179870605469 0.25
      vertex 8.824005126953125 5.591522216796875 6.5
    endloop
  endfacet
  facet normal 0.28776957965408284 0.25291379202860187 -0.923700862199135
    outer loop
      vertex 7.410858154296875 7.171653747558594 0.033493995666503906
      vertex 8.116020202636719 6.3693084716796875 0.033493995666503906
      vertex 8.068740844726562 6.331886291503906 0.008518218994140625
    endloop
  endfacet
  facet normal 0.4576280969565097 0.4021987651068668 -0.7929770981702277
    outer loop
      vertex 7.44793701171875 7.207794189453125 0.07322311401367188
      vertex 8.156620025634766 6.4014434814453125 0.07322311401367188
      vertex 8.116020202636719 6.3693084716796875 0.033493995666503906
    endloop
  endfacet
  facet normal 0.5961921824703185 0.5239812963162499 -0.6082750057926273
    outer loop
      vertex 7.476387023925781 7.235527038574219 0.125
      vertex 8.187774658203125 6.4261016845703125 0.125
      vertex 8.156620025634766 6.4014434814453125 0.07322311401367188
    endloop
  endfacet
  facet normal 0.6941099425256161 0.6100369151463779 -0.3821862763702755
    outer loop
      vertex 7.494274139404297 7.252952575683594 0.18529510498046875
      vertex 8.207355499267578 6.441596984863281 0.18529510498046875
      vertex 8.187774658203125 6.4261016845703125 0.125
    endloop
  endfacet
  facet normal 0.7398189839777246 0.6502095174005419 -0.17290302029727944
    outer loop
      vertex 7.494274139404297 7.252952575683594 0.18529510498046875
      vertex 8.177558898925781 6.492706298828125 0.25
      vertex 8.207355499267578 6.441596984863281 0.18529510498046875
    endloop
  endfacet
  facet normal 0.8133740581011317 0.5817409922421599 0.0002440352520031614
    outer loop
      vertex 8.80752944946289 5.617179870605469 0.25
      vertex 8.195819854736328 6.4698333740234375 6.5
      vertex 8.824005126953125 5.591522216796875 6.5
    endloop
  endfacet
  facet normal 0.7493265782448146 0.6622005922219596 0.00023408717096248924
    outer loop
      vertex 8.177558898925781 6.492706298828125 0.25
      vertex 7.480751037597656 7.278984069824219 6.5
      vertex 8.195819854736328 6.4698333740234375 6.5
    endloop
  endfacet
  facet normal 0 0 1
    outer loop
      vertex 8.824005126953125 5.591522216796875 6.5
      vertex 3.7459335327148438 5.890861511230469 6.5
      vertex 4.462608337402344 5.3725128173828125 6.5
    endloop
  endfacet
  facet normal 0 0 1
    outer loop
      vertex 7.480751037597656 7.278984069824219 6.5
      vertex 6.686359405517578 8.010406494140625 6.5
      vertex 2.147003173828125 6.639434814453125 6.5
    endloop
  endfacet
  facet normal 0 0 1
    outer loop
      vertex 7.480751037597656 7.278984069824219 6.5
      vertex 2.9699935913085938 6.315399169921875 6.5
      vertex 8.195819854736328 6.4698333740234375 6.5
    endloop
  endfacet
  facet normal 0 0 1
    outer loop
      vertex 8.195819854736328 6.4698333740234375 6.5
      vertex 3.7459335327148438 5.890861511230469 6.5
      vertex 8.824005126953125 5.591522216796875 6.5
    endloop
  endfacet
  facet normal 0 0 1
    outer loop
      vertex 9.358657836914062 4.653343200683594 6.5
      vertex 8.824005126953125 5.591522216796875 6.5
      vertex 4.462608337402344 5.3725128173828125 6.5
    endloop
  endfacet
  facet normal 0 0 1
    outer loop
      vertex -0.47054101116931607 -2.6798068739679297 6.5
      vertex -0.1609070721794577 -2.7079045912798714 6.5
      vertex -0.13877106067437578 -2.7088714883458684 6.5
    endloop
  endfacet
  facet normal 0 0 1
    outer loop
      vertex -2.1559468726539524 -1.6365313777954535 6.5
      vertex -2.195717738717136 -1.5812433161440893 6.5
      vertex -2.1949352131105297 -1.582375789939243 6.5
    endloop
  endfacet
  facet normal 0 0 1
    outer loop
      vertex -2.1559468726539524 -1.6365313777954535 6.5
      vertex -2.1949352131105297 -1.582375789939243 6.5
      vertex -2.1564246269668903 -1.6359118546947133 6.5
    endloop
  endfacet
  facet normal 0 0 1
    outer loop
      vertex -1.8510454120208333 -1.9843684187981545 6.5
      vertex -1.8505404254447455 -1.9848857072633668 6.5
      vertex -1.8125703058637248 -2.020391574312788 6.5
    endloop
  endfacet
  facet normal 0 0 1
    outer loop
      vertex -1.8510454120208333 -1.9843684187981545 6.5
      vertex -1.8125703058637248 -2.020391574312788 6.5
      vertex -1.8118883266936363 -2.0209842177740747 6.5
    endloop
  endfacet
  facet normal 0 0 1
    outer loop
      vertex -2.4566876317343236 -1.1093125543927085 6.5
      vertex -2.4565309127396615 -1.1096958667697279 6.5
      vertex -2.4459605610357156 -1.1340969922422575 6.5
    endloop
  endfacet
  facet normal 0 0 1
    outer loop
      vertex -2.44562814124384 -1.134842832161972 6.5
      vertex -2.4566876317343236 -1.1093125543927085 6.5
      vertex -2.4459605610357156 -1.1340969922422575 6.5
    endloop
  endfacet
  facet normal 0 0 1
    outer loop
      vertex -2.608730911613288 -0.632059476601223 6.5
      vertex -2.627334155175967 -0.5364000720544101 6.5
      vertex -2.609239161927262 -0.6299232135491216 6.5
    endloop
  endfacet
  facet normal 0 0 1
    outer loop
      vertex -2.627334155175967 -0.5364000720544101 6.5
      vertex -2.6270639809485083 -0.5382665318536854 6.5
      vertex -2.609239161927262 -0.6299232135491216 6.5
    endloop
  endfacet
  facet normal 0 0 1
    outer loop
      vertex -1.4163633509061966 -2.321276180352914 6.5
      vertex -1.172078300924862 -2.445130740894991 6.5
      vertex -1.1670075301105374 -2.447585732237989 6.5
    endloop
  endfacet
  facet normal 0 0 1
    outer loop
      vertex -1.4163633509061966 -2.321276180352914 6.5
      vertex -1.415433729017103 -2.3218606484902873 6.5
      vertex -1.172078300924862 -2.445130740894991 6.5
    endloop
  endfacet
  facet normal 0 0 1
    outer loop
      vertex -0.9768673247100836 -2.5396412747396075 6.5
      vertex -0.9724444221047794 -2.5417826035443474 6.5
      vertex -0.6796978221220129 -2.6270074283375457 6.5
    endloop
  endfacet
  facet normal 0 0 1
    outer loop
      vertex -0.9768673247100836 -2.5396412747396075 6.5
      vertex -0.6796978221220129 -2.6270074283375457 6.5
      vertex -0.6576274099305616 -2.6325788726679256 6.5
    endloop
  endfacet
  facet normal 0 0 1
    outer loop
      vertex -0.47054101116931607 -2.6798068739679297 6.5
      vertex -0.4646422442267923 -2.681295955882353 6.5
      vertex -0.1609070721794577 -2.7079045912798714 6.5
    endloop
  endfacet
  facet normal 0 0 1
    outer loop
      vertex -2.6573697258444393 0.06588789995978862 6.5
      vertex -2.6219218352153013 0.42662514094532933 6.5
      vertex -2.652629627900965 0.12004762537339153 6.5
    endloop
  endfacet
  facet normal 0 0 1
    outer loop
      vertex -2.6219218352153013 0.42662514094532933 6.5
      vertex -2.6228121589211857 0.4234865973977482 6.5
      vertex -2.652629627900965 0.12004762537339153 6.5
    endloop
  endfacet
  facet normal 0 0 1
    outer loop
      vertex -2.56831692243167 0.6155916393365779 6.5
      vertex -2.4730038848327323 0.9305458067227353 6.5
      vertex -2.562281440286075 0.6368677475873161 6.5
    endloop
  endfacet
  facet normal 0 0 1
    outer loop
      vertex -2.4730038848327323 0.9305458067227353 6.5
      vertex -2.4739667107077206 0.9286965762867647 6.5
      vertex -2.562281440286075 0.6368677475873161 6.5
    endloop
  endfacet
  facet normal 0 0 1
    outer loop
      vertex -2.3797858588786256 1.1095829672867417 6.5
      vertex -2.227531551692196 1.3951836547127003 6.5
      vertex -2.371534459731158 1.1254308363970589 6.5
    endloop
  endfacet
  facet normal 0 0 1
    outer loop
      vertex -2.227531551692196 1.3951836547127003 6.5
      vertex -2.228101842543658 1.394483678481158 6.5
      vertex -2.371534459731158 1.1254308363970589 6.5
    endloop
  endfacet
  facet normal 0 0 1
    outer loop
      vertex -1.8951222013851667 1.8022106406579832 6.5
      vertex -1.6596356560202206 1.9963181439568014 6.5
      vertex -1.8949441348805147 1.8024283016429228 6.5
    endloop
  endfacet
  facet normal 0 0 1
    outer loop
      vertex -1.8951222013851667 1.8022106406579832 6.5
      vertex -1.6521447629768493 2.002419564055041 6.5
      vertex -1.6596356560202206 1.9963181439568014 6.5
    endloop
  endfacet
  facet normal 0 0 1
    outer loop
      vertex -1.4887996025056611 2.135466109944657 6.5
      vertex -1.2191171085133272 2.280771592084099 6.5
      vertex -1.4876628202550553 2.136392032398897 6.5
    endloop
  endfacet
  facet normal 0 0 1
    outer loop
      vertex -1.4887996025056611 2.135466109944657 6.5
      vertex -1.2007632472573846 2.290324520731988 6.5
      vertex -1.2191171085133272 2.280771592084099 6.5
    endloop
  endfacet
  facet normal 0 0 1
    outer loop
      vertex -1.0247162298167938 2.3819545364998698 6.5
      vertex -0.7308533612419577 2.4725202672621784 6.5
      vertex -1.0223702823414522 2.3831755694221046 6.5
    endloop
  endfacet
  facet normal 0 0 1
    outer loop
      vertex -1.0247162298167938 2.3819545364998698 6.5
      vertex -0.7089786558082702 2.4787224292182537 6.5
      vertex -0.7308533612419577 2.4725202672621784 6.5
    endloop
  endfacet
  facet normal 0 0 1
    outer loop
      vertex -0.5211378755331976 2.5319811551358784 6.5
      vertex -0.21413309433880973 2.563908296472886 6.5
      vertex -0.5174643572639016 2.5330227122587314 6.5
    endloop
  endfacet
  facet normal 0 0 1
    outer loop
      vertex -0.5211378755331976 2.5319811551358784 6.5
      vertex -0.19113626542429898 2.5655823488326255 6.5
      vertex -0.21413309433880973 2.563908296472886 6.5
    endloop
  endfacet
  facet normal 0 0 1
    outer loop
      vertex 0.05343974976944827 -2.717267222538017 6.5
      vertex 0.060682857737821685 -2.7175836002125457 6.5
      vertex 0.36378748276654416 -2.6845572976505054 6.5
    endloop
  endfacet
  facet normal 0 0 1
    outer loop
      vertex 0.05343974976944827 -2.717267222538017 6.5
      vertex 0.36378748276654416 -2.6845572976505054 6.5
      vertex 0.3848924814763954 -2.6811521081568648 6.5
    endloop
  endfacet
  facet normal 0 0 1
    outer loop
      vertex 0.5744501626864361 -2.650567892854639 6.5
      vertex 0.582755818086512 -2.6492278155158546 6.5
      vertex 0.8736377042882583 -2.557832156910616 6.5
    endloop
  endfacet
  facet normal 0 0 1
    outer loop
      vertex 0.5744501626864361 -2.650567892854639 6.5
      vertex 0.8736377042882583 -2.557832156910616 6.5
      vertex 0.8927839177496276 -2.550546803263311 6.5
    endloop
  endfacet
  facet normal 0 0 1
    outer loop
      vertex 1.071998971528503 -2.4823534214056293 6.5
      vertex 1.0809384514303768 -2.478951846852022 6.5
      vertex 1.3484609267290901 -2.3326828900505516 6.5
    endloop
  endfacet
  facet normal 0 0 1
    outer loop
      vertex 1.071998971528503 -2.4823534214056293 6.5
      vertex 1.3484609267290901 -2.3326828900505516 6.5
      vertex 1.3649235704805598 -2.322195754419462 6.5
    endloop
  endfacet
  facet normal 0 0 1
    outer loop
      vertex 1.5264911529720107 -2.219272968944993 6.5
      vertex 1.5355287439682905 -2.213515786563649 6.5
      vertex 1.7694639318129595 -2.017969916848575 6.5
    endloop
  endfacet
  facet normal 0 0 1
    outer loop
      vertex 1.5264911529720107 -2.219272968944993 6.5
      vertex 1.7694639318129595 -2.017969916848575 6.5
      vertex 1.7827416063403383 -2.005073821606529 6.5
    endloop
  endfacet
  facet normal 0 0 1
    outer loop
      vertex 1.9200652017522604 -1.8716966883019996 6.5
      vertex 1.928570691276999 -1.8634356330422794 6.5
      vertex 2.1199652727912452 -1.626094144933364 6.5
    endloop
  endfacet
  facet normal 0 0 1
    outer loop
      vertex 1.9200652017522604 -1.8716966883019996 6.5
      vertex 2.1199652727912452 -1.626094144933364 6.5
      vertex 2.1297709671131217 -1.611648164346993 6.5
    endloop
  endfacet
  facet normal 0 0 1
    outer loop
      vertex 2.2372406577723787 -1.4533212765280208 6.5
      vertex 2.2445342120002296 -1.442576240090763 6.5
      vertex 2.3860662123736214 -1.172513625201057 6.5
    endloop
  endfacet
  facet normal 0 0 1
    outer loop
      vertex 2.2372406577723787 -1.4533212765280208 6.5
      vertex 2.3860662123736214 -1.172513625201057 6.5
      vertex 2.392337162091409 -1.1573757136436809 6.5
    endloop
  endfacet
  facet normal 0 0 1
    outer loop
      vertex 2.4655522369145455 -0.9806364034566583 6.5
      vertex 2.470953099867877 -0.9675988590016085 6.5
      vertex 2.557207892922794 -0.6751551908605239 6.5
    endloop
  endfacet
  facet normal 0 0 1
    outer loop
      vertex 2.4655522369145455 -0.9806364034566583 6.5
      vertex 2.557207892922794 -0.6751551908605239 6.5
      vertex 2.5600832356221024 -0.660132567832395 6.5
    endloop
  endfacet
  facet normal 0 0 1
    outer loop
      vertex 2.5960419749362864 -0.4722611932607045 6.5
      vertex 2.5989036560058594 -0.45730994729434743 6.5
      vertex 2.6263791759549857 -0.1394864937595447 6.5
    endloop
  endfacet
  facet normal 0 0 1
    outer loop
      vertex 2.6263791759549857 -0.1394864937595447 6.5
      vertex 2.5989036560058594 -0.45730994729434743 6.5
      vertex 2.626584894516889 -0.15366902070886948 6.5
    endloop
  endfacet
  facet normal 0 0 1
    outer loop
      vertex 0.5244109024497497 2.5231058732350764 6.5
      vertex 0.8226628023035386 2.435015958898208 6.5
      vertex 0.530524309943704 2.5223007202148438 6.5
    endloop
  endfacet
  facet normal 0 0 1
    outer loop
      vertex 0.5244109024497497 2.5231058732350764 6.5
      vertex 0.8435631920204321 2.427749964488472 6.5
      vertex 0.8226628023035386 2.435015958898208 6.5
    endloop
  endfacet
  facet normal 0 0 1
    outer loop
      vertex 1.0252425233016789 2.3645893716318196 6.5
      vertex 1.3017241534064798 2.219701879164752 6.5
      vertex 1.0321641809800093 2.3621830659754135 6.5
    endloop
  endfacet
  facet normal 0 0 1
    outer loop
      vertex 1.0252425233016789 2.3645893716318196 6.5
      vertex 1.3200325875828 2.208772327132668 6.5
      vertex 1.3017241534064798 2.219701879164752 6.5
    endloop
  endfacet
  facet normal 0 0 1
    outer loop
      vertex 2.5471758849535497 0.5708927851391804 6.5
      vertex 2.5434121524586395 0.5878731222713695 6.5
      vertex 2.4481607349499006 0.8899579928833583 6.5
    endloop
  endfacet
  facet normal 0 0 1
    outer loop
      vertex 2.4481607349499006 0.8899579928833583 6.5
      vertex 2.5434121524586395 0.5878731222713695 6.5
      vertex 2.4530442181755516 0.8790736478917739 6.5
    endloop
  endfacet
  facet normal 0 0 1
    outer loop
      vertex 2.3697953972881813 1.0646192604826579 6.5
      vertex 2.362248140222886 1.0814406451056986 6.5
      vertex 2.2106066360731154 1.3582252379877466 6.5
    endloop
  endfacet
  facet normal 0 0 1
    outer loop
      vertex 1.4848845039700702 2.1103609840111575 6.5
      vertex 1.7288405474494486 1.913781109978171 6.5
      vertex 1.4921722412109375 2.1060104370117188 6.5
    endloop
  endfacet
  facet normal 0 0 1
    outer loop
      vertex 1.4848845039700702 2.1103609840111575 6.5
      vertex 1.7438949143741276 1.8999847081253705 6.5
      vertex 1.7288405474494486 1.913781109978171 6.5
    endloop
  endfacet
  facet normal 0 0 1
    outer loop
      vertex 2.2106066360731154 1.3582252379877466 6.5
      vertex 2.362248140222886 1.0814406451056986 6.5
      vertex 2.2169216380399814 1.3494792265050553 6.5
    endloop
  endfacet
  facet normal 0 0 1
    outer loop
      vertex 2.0984662326511385 1.5135349688711717 6.5
      vertex 2.0870812359978173 1.5293027092428768 6.5
      vertex 1.8852557938092982 1.7704361519681704 6.5
    endloop
  endfacet
  facet normal 0 0 1
    outer loop
      vertex 1.8852557938092982 1.7704361519681704 6.5
      vertex 2.0870812359978173 1.5293027092428768 6.5
      vertex 1.8923611360437729 1.7639245425953585 6.5
    endloop
  endfacet
  facet normal 0 0 1
    outer loop
      vertex 0.0021017276923092527 2.5796490934073124 6.5
      vertex 0.3106229445513557 2.5512623506433822 6.5
      vertex 0.00708299524643842 2.5800117043887867 6.5
    endloop
  endfacet
  facet normal 0 0 1
    outer loop
      vertex 0.0021017276923092527 2.5796490934073124 6.5
      vertex 0.33318097700309257 2.5482913941061343 6.5
      vertex 0.3106229445513557 2.5512623506433822 6.5
    endloop
  endfacet
  facet normal 0 0 1
    outer loop
      vertex 2.623604620095609 0.05179528890505022 6.5
      vertex 2.6233679827521827 0.06810940013212316 6.5
      vertex 2.588582685900614 0.3840831644773935 6.5
    endloop
  endfacet
  facet normal 0 0 1
    outer loop
      vertex 2.588582685900614 0.3840831644773935 6.5
      vertex 2.6233679827521827 0.06810940013212316 6.5
      vertex 2.5914097954245174 0.3713284660788143 6.5
    endloop
  endfacet
  facet normal -0.7670186723316741 -0.6416247784293839 0
    outer loop
      vertex -5.6998291015625 -4.2448272705078125 10.5
      vertex -5.6998291015625 -4.2448272705078125 6.5
      vertex -5.13232421875 -4.923240661621094 6.5
    endloop
  endfacet
  facet normal -0.7670186723316741 -0.6416247784293839 0
    outer loop
      vertex -5.6998291015625 -4.2448272705078125 10.5
      vertex -5.13232421875 -4.923240661621094 6.5
      vertex -5.13232421875 -4.923240661621094 10.5
    endloop
  endfacet
  facet normal -0.8413264215734659 -0.5405273835453542 0
    outer loop
      vertex -6.17791748046875 -3.5006866455078125 10.5
      vertex -6.17791748046875 -3.5006866455078125 6.5
      vertex -5.6998291015625 -4.2448272705078125 6.5
    endloop
  endfacet
  facet normal -0.9023817932931811 -0.4309374654552358 0
    outer loop
      vertex -6.559074401855469 -2.702545166015625 10.5
      vertex -6.559074401855469 -2.702545166015625 6.5
      vertex -6.17791748046875 -3.5006866455078125 6.5
    endloop
  endfacet
  facet normal -0.9023817932931811 -0.4309374654552358 0
    outer loop
      vertex -6.559074401855469 -2.702545166015625 10.5
      vertex -6.17791748046875 -3.5006866455078125 6.5
      vertex -6.17791748046875 -3.5006866455078125 10.5
    endloop
  endfacet
  facet normal -0.8413264215734659 -0.5405273835453542 0
    outer loop
      vertex -5.6998291015625 -4.2448272705078125 10.5
      vertex -6.17791748046875 -3.5006866455078125 10.5
      vertex -5.6998291015625 -4.2448272705078125 6.5
    endloop
  endfacet
  facet normal -0.9492407714225424 -0.31455040592747063 0
    outer loop
      vertex -6.837287902832031 -1.8629608154296875 10.5
      vertex -6.837287902832031 -1.8629608154296875 6.5
      vertex -6.559074401855469 -2.702545166015625 6.5
    endloop
  endfacet
  facet normal -0.9492407714225424 -0.31455040592747063 0
    outer loop
      vertex -6.837287902832031 -1.8629608154296875 10.5
      vertex -6.559074401855469 -2.702545166015625 6.5
      vertex -6.559074401855469 -2.702545166015625 10.5
    endloop
  endfacet
  facet normal -0.9811540218967034 -0.19322728926298993 0
    outer loop
      vertex -6.837287902832031 -1.8629608154296875 10.5
      vertex -7.0081939697265625 -0.995147705078125 10.5
      vertex -6.837287902832031 -1.8629608154296875 6.5
    endloop
  endfacet
  facet normal -0.9811540218967034 -0.19322728926298993 0
    outer loop
      vertex -7.0081939697265625 -0.995147705078125 10.5
      vertex -7.0081939697265625 -0.995147705078125 6.5
      vertex -6.837287902832031 -1.8629608154296875 6.5
    endloop
  endfacet
  facet normal -0.9976269381361488 -0.0688512331414085 0
    outer loop
      vertex -7.069091796875 -0.112762451171875 10.5
      vertex -7.069091796875 -0.112762451171875 6.5
      vertex -7.0081939697265625 -0.995147705078125 6.5
    endloop
  endfacet
  facet normal -0.9999955037339194 -0.002998751731077197 0
    outer loop
      vertex -7.069221496582031 -0.06951141357421875 10.5
      vertex -7.069221496582031 -0.06951141357421875 6.5
      vertex -7.069091796875 -0.112762451171875 6.5
    endloop
  endfacet
  facet normal -0.9976269381361488 -0.0688512331414085 0
    outer loop
      vertex -7.0081939697265625 -0.995147705078125 10.5
      vertex -7.069091796875 -0.112762451171875 10.5
      vertex -7.0081939697265625 -0.995147705078125 6.5
    endloop
  endfacet
  facet normal -0.9999955037339194 -0.002998751731077197 0
    outer loop
      vertex -7.069091796875 -0.112762451171875 10.5
      vertex -7.069221496582031 -0.06951141357421875 10.5
      vertex -7.069091796875 -0.112762451171875 6.5
    endloop
  endfacet
  facet normal -0.58356006317342 -0.8120699801550566 0
    outer loop
      vertex -4.484344482421875 -5.525260925292969 10.5
      vertex -4.484344482421875 -5.525260925292969 6.5
      vertex -3.7660789489746094 -6.041412353515625 6.5
    endloop
  endfacet
  facet normal -0.680648263936345 -0.7326103608333966 0
    outer loop
      vertex -4.484344482421875 -5.525260925292969 10.5
      vertex -5.13232421875 -4.923240661621094 10.5
      vertex -4.484344482421875 -5.525260925292969 6.5
    endloop
  endfacet
  facet normal -0.58356006317342 -0.8120699801550566 0
    outer loop
      vertex -4.484344482421875 -5.525260925292969 10.5
      vertex -3.7660789489746094 -6.041412353515625 6.5
      vertex -3.7660789489746094 -6.041412353515625 10.5
    endloop
  endfacet
  facet normal -0.47728487220038424 -0.8787486277478121 0
    outer loop
      vertex -3.7660789489746094 -6.041412353515625 10.5
      vertex -3.7660789489746094 -6.041412353515625 6.5
      vertex -2.988842010498047 -6.46356201171875 6.5
    endloop
  endfacet
  facet normal -0.36350103945606044 -0.9315937925482133 0
    outer loop
      vertex -2.988842010498047 -6.46356201171875 10.5
      vertex -2.988842010498047 -6.46356201171875 6.5
      vertex -2.1648635864257812 -6.785072326660156 6.5
    endloop
  endfacet
  facet normal -0.47728487220038424 -0.8787486277478121 0
    outer loop
      vertex -3.7660789489746094 -6.041412353515625 10.5
      vertex -2.988842010498047 -6.46356201171875 6.5
      vertex -2.988842010498047 -6.46356201171875 10.5
    endloop
  endfacet
  facet normal -0.24398956205227595 -0.9697778578672225 0
    outer loop
      vertex -2.1648635864257812 -6.785072326660156 10.5
      vertex -2.1648635864257812 -6.785072326660156 6.5
      vertex -1.3071098327636719 -7.000877380371094 6.5
    endloop
  endfacet
  facet normal -0.36350103945606044 -0.9315937925482133 0
    outer loop
      vertex -2.988842010498047 -6.46356201171875 10.5
      vertex -2.1648635864257812 -6.785072326660156 6.5
      vertex -2.1648635864257812 -6.785072326660156 10.5
    endloop
  endfacet
  facet normal -0.24398956205227595 -0.9697778578672225 0
    outer loop
      vertex -2.1648635864257812 -6.785072326660156 10.5
      vertex -1.3071098327636719 -7.000877380371094 6.5
      vertex -1.3071098327636719 -7.000877380371094 10.5
    endloop
  endfacet
  facet normal -0.1206495022943344 -0.992695168516564 0
    outer loop
      vertex -1.3071098327636719 -7.000877380371094 10.5
      vertex -1.3071098327636719 -7.000877380371094 6.5
      vertex -0.4290885925292969 -7.1075897216796875 6.5
    endloop
  endfacet
  facet normal 0.004597573238723495 -0.9999894311043065 0
    outer loop
      vertex -0.4290885925292969 -7.1075897216796875 10.5
      vertex -0.4290885925292969 -7.1075897216796875 6.5
      vertex 0.45538330078125 -7.103523254394531 6.5
    endloop
  endfacet
  facet normal -0.1206495022943344 -0.992695168516564 0
    outer loop
      vertex -1.3071098327636719 -7.000877380371094 10.5
      vertex -0.4290885925292969 -7.1075897216796875 6.5
      vertex -0.4290885925292969 -7.1075897216796875 10.5
    endloop
  endfacet
  facet normal -0.680648263936345 -0.7326103608333966 0
    outer loop
      vertex -5.13232421875 -4.923240661621094 10.5
      vertex -5.13232421875 -4.923240661621094 6.5
      vertex -4.484344482421875 -5.525260925292969 6.5
    endloop
  endfacet
  facet normal 0 0 1
    outer loop
      vertex -5.867149353027344 -3.8279266357421875 10.5
      vertex -5.6998291015625 -4.2448272705078125 10.5
      vertex -5.584442138671875 -3.9989166259765625 10.5
    endloop
  endfacet
  facet normal 0 0 1
    outer loop
      vertex -5.6998291015625 -4.2448272705078125 10.5
      vertex -5.261444091796875 -4.068450927734375 10.5
      vertex -5.584442138671875 -3.9989166259765625 10.5
    endloop
  endfacet
  facet normal 0 0 1
    outer loop
      vertex -5.867149353027344 -3.8279266357421875 10.5
      vertex -6.078708648681641 -3.5741500854492188 10.5
      vertex -6.17791748046875 -3.5006866455078125 10.5
    endloop
  endfacet
  facet normal 0 0 1
    outer loop
      vertex -6.559074401855469 -2.702545166015625 10.5
      vertex -6.17791748046875 -3.5006866455078125 10.5
      vertex -6.078708648681641 -3.5741500854492188 10.5
    endloop
  endfacet
  facet normal 0 0 1
    outer loop
      vertex -6.196022033691406 -3.2652816772460938 10.5
      vertex -6.559074401855469 -2.702545166015625 10.5
      vertex -6.078708648681641 -3.5741500854492188 10.5
    endloop
  endfacet
  facet normal 0 0 1
    outer loop
      vertex -5.867149353027344 -3.8279266357421875 10.5
      vertex -6.17791748046875 -3.5006866455078125 10.5
      vertex -5.6998291015625 -4.2448272705078125 10.5
    endloop
  endfacet
  facet normal -0.21045626049427094 -0.9776032745540327 0
    outer loop
      vertex -5.584442138671875 -3.9989166259765625 10.5
      vertex -5.261444091796875 -4.068450927734375 10.5
      vertex -5.261444091796875 -4.068450927734375 19
    endloop
  endfacet
  facet normal -0.7681039147103228 -0.6403252112846074 0
    outer loop
      vertex -5.867149353027344 -3.8279266357421875 10.5
      vertex -5.867149353027344 -3.8279266357421875 19
      vertex -6.078708648681641 -3.5741500854492188 10.5
    endloop
  endfacet
  facet normal -0.9348404622406618 -0.35506803595602054 0
    outer loop
      vertex -6.196022033691406 -3.2652816772460938 10.5
      vertex -6.078708648681641 -3.5741500854492188 10.5
      vertex -6.078708648681641 -3.5741500854492188 19
    endloop
  endfacet
  facet normal -0.9995168628245678 -0.031081198968739013 0
    outer loop
      vertex -6.196022033691406 -3.2652816772460938 10.5
      vertex -6.196022033691406 -3.2652816772460938 19
      vertex -6.206291198730469 -2.9350433349609375 10.5
    endloop
  endfacet
  facet normal -0.9550893793769437 0.29631786547787575 0
    outer loop
      vertex -6.206291198730469 -2.9350433349609375 10.5
      vertex -6.206291198730469 -2.9350433349609375 19
      vertex -6.108390808105469 -2.6194915771484375 10.5
    endloop
  endfacet
  facet normal -0.5175318025860859 -0.8556639721946909 0
    outer loop
      vertex -5.867149353027344 -3.8279266357421875 10.5
      vertex -5.584442138671875 -3.9989166259765625 10.5
      vertex -5.584442138671875 -3.9989166259765625 19
    endloop
  endfacet
  facet normal 0 0 1
    outer loop
      vertex -6.206291198730469 -2.9350433349609375 10.5
      vertex -7.0081939697265625 -0.995147705078125 10.5
      vertex -6.837287902832031 -1.8629608154296875 10.5
    endloop
  endfacet
  facet normal 0 0 1
    outer loop
      vertex -6.108390808105469 -2.6194915771484375 10.5
      vertex -7.069091796875 -0.112762451171875 10.5
      vertex -7.0081939697265625 -0.995147705078125 10.5
    endloop
  endfacet
  facet normal 0 0 1
    outer loop
      vertex -5.913005828857422 -2.353057861328125 10.5
      vertex -6.808197021484375 0.49764251708984375 10.5
      vertex -7.069091796875 -0.112762451171875 10.5
    endloop
  endfacet
  facet normal 0 0 1
    outer loop
      vertex -6.196022033691406 -3.2652816772460938 10.5
      vertex -6.837287902832031 -1.8629608154296875 10.5
      vertex -6.559074401855469 -2.702545166015625 10.5
    endloop
  endfacet
  facet normal 0 0 1
    outer loop
      vertex -6.196022033691406 -3.2652816772460938 10.5
      vertex -6.206291198730469 -2.9350433349609375 10.5
      vertex -6.837287902832031 -1.8629608154296875 10.5
    endloop
  endfacet
  facet normal 0 0 1
    outer loop
      vertex -6.206291198730469 -2.9350433349609375 10.5
      vertex -6.108390808105469 -2.6194915771484375 10.5
      vertex -7.0081939697265625 -0.995147705078125 10.5
    endloop
  endfacet
  facet normal 0 0 1
    outer loop
      vertex -6.108390808105469 -2.6194915771484375 10.5
      vertex -5.913005828857422 -2.353057861328125 10.5
      vertex -7.069091796875 -0.112762451171875 10.5
    endloop
  endfacet
  facet normal 0 0 1
    outer loop
      vertex -5.913005828857422 -2.353057861328125 10.5
      vertex -5.6414642333984375 -2.1648330688476562 10.5
      vertex -6.605464935302734 0.23675537109375 10.5
    endloop
  endfacet
  facet normal 0 0 1
    outer loop
      vertex -5.6414642333984375 -2.1648330688476562 10.5
      vertex -5.3423614501953125 -2.0657272338867188 10.5
      vertex -6.328788757324219 0.05617523193359375 10.5
    endloop
  endfacet
  facet normal 0 0 1
    outer loop
      vertex -5.913005828857422 -2.353057861328125 10.5
      vertex -6.605464935302734 0.23675537109375 10.5
      vertex -6.808197021484375 0.49764251708984375 10.5
    endloop
  endfacet
  facet normal 0 0 1
    outer loop
      vertex -5.6414642333984375 -2.1648330688476562 10.5
      vertex -6.328788757324219 0.05617523193359375 10.5
      vertex -6.605464935302734 0.23675537109375 10.5
    endloop
  endfacet
  facet normal 0 0 1
    outer loop
      vertex -5.3423614501953125 -2.0657272338867188 10.5
      vertex -5.0640106201171875 -1.8654251098632812 10.5
      vertex -6.01904296875 -0.02347564697265625 10.5
    endloop
  endfacet
  facet normal 0 0 1
    outer loop
      vertex -5.3423614501953125 -2.0657272338867188 10.5
      vertex -6.01904296875 -0.02347564697265625 10.5
      vertex -6.328788757324219 0.05617523193359375 10.5
    endloop
  endfacet
  facet normal 0 0 1
    outer loop
      vertex -5.0640106201171875 -1.8654251098632812 10.5
      vertex -5.676158905029297 -0.01793670654296875 10.5
      vertex -6.01904296875 -0.02347564697265625 10.5
    endloop
  endfacet
  facet normal 0 0 1
    outer loop
      vertex -5.348606109619141 -0.119476318359375 10.5
      vertex -5.676158905029297 -0.01793670654296875 10.5
      vertex -4.8618927001953125 -1.5883865356445312 10.5
    endloop
  endfacet
  facet normal -0.8064046287926474 0.5913641641677253 0
    outer loop
      vertex -6.108390808105469 -2.6194915771484375 10.5
      vertex -6.108390808105469 -2.6194915771484375 19
      vertex -5.913005828857422 -2.353057861328125 10.5
    endloop
  endfacet
  facet normal -0.5696895840861009 0.8218599502249792 0
    outer loop
      vertex -5.913005828857422 -2.353057861328125 10.5
      vertex -5.6414642333984375 -2.1648330688476562 19
      vertex -5.6414642333984375 -2.1648330688476562 10.5
    endloop
  endfacet
  facet normal -0.31452750242319455 0.9492483606619646 0
    outer loop
      vertex -5.6414642333984375 -2.1648330688476562 10.5
      vertex -5.6414642333984375 -2.1648330688476562 19
      vertex -5.3423614501953125 -2.0657272338867188 10.5
    endloop
  endfacet
  facet normal -0.29609410277578624 -0.9551587733468202 0
    outer loop
      vertex -5.348606109619141 -0.119476318359375 10.5
      vertex -5.348606109619141 -0.119476318359375 19
      vertex -5.676158905029297 -0.01793670654296875 10.5
    endloop
  endfacet
  facet normal -0.21045626049427094 -0.9776032745540327 0
    outer loop
      vertex -5.584442138671875 -3.9989166259765625 10.5
      vertex -5.261444091796875 -4.068450927734375 19
      vertex -5.584442138671875 -3.9989166259765625 19
    endloop
  endfacet
  facet normal -0.9348404622406618 -0.35506803595602054 0
    outer loop
      vertex -6.196022033691406 -3.2652816772460938 10.5
      vertex -6.078708648681641 -3.5741500854492188 19
      vertex -6.196022033691406 -3.2652816772460938 19
    endloop
  endfacet
  facet normal -0.7681039147103228 -0.6403252112846074 0
    outer loop
      vertex -6.078708648681641 -3.5741500854492188 10.5
      vertex -5.867149353027344 -3.8279266357421875 19
      vertex -6.078708648681641 -3.5741500854492188 19
    endloop
  endfacet
  facet normal -0.9995168628245678 -0.031081198968739013 0
    outer loop
      vertex -6.206291198730469 -2.9350433349609375 10.5
      vertex -6.196022033691406 -3.2652816772460938 19
      vertex -6.206291198730469 -2.9350433349609375 19
    endloop
  endfacet
  facet normal -0.9550893793769437 0.29631786547787575 0
    outer loop
      vertex -6.108390808105469 -2.6194915771484375 10.5
      vertex -6.206291198730469 -2.9350433349609375 19
      vertex -6.108390808105469 -2.6194915771484375 19
    endloop
  endfacet
  facet normal -0.5175318025860859 -0.8556639721946909 0
    outer loop
      vertex -5.867149353027344 -3.8279266357421875 10.5
      vertex -5.584442138671875 -3.9989166259765625 19
      vertex -5.867149353027344 -3.8279266357421875 19
    endloop
  endfacet
  facet normal 0 0 1
    outer loop
      vertex -6.196022033691406 -3.2652816772460938 19
      vertex -6.078708648681641 -3.5741500854492188 19
      vertex -5.0640106201171875 -1.8654251098632812 19
    endloop
  endfacet
  facet normal 0 0 1
    outer loop
      vertex -6.196022033691406 -3.2652816772460938 19
      vertex -5.3423614501953125 -2.0657272338867188 19
      vertex -6.206291198730469 -2.9350433349609375 19
    endloop
  endfacet
  facet normal 0 0 1
    outer loop
      vertex -5.867149353027344 -3.8279266357421875 19
      vertex -4.8618927001953125 -1.5883865356445312 19
      vertex -6.078708648681641 -3.5741500854492188 19
    endloop
  endfacet
  facet normal -0.8064046287926474 0.5913641641677253 0
    outer loop
      vertex -5.913005828857422 -2.353057861328125 10.5
      vertex -6.108390808105469 -2.6194915771484375 19
      vertex -5.913005828857422 -2.353057861328125 19
    endloop
  endfacet
  facet normal -0.5696895840861009 0.8218599502249792 0
    outer loop
      vertex -5.913005828857422 -2.353057861328125 10.5
      vertex -5.913005828857422 -2.353057861328125 19
      vertex -5.6414642333984375 -2.1648330688476562 19
    endloop
  endfacet
  facet normal -0.31452750242319455 0.9492483606619646 0
    outer loop
      vertex -5.3423614501953125 -2.0657272338867188 10.5
      vertex -5.6414642333984375 -2.1648330688476562 19
      vertex -5.3423614501953125 -2.0657272338867188 19
    endloop
  endfacet
  facet normal 0 0 1
    outer loop
      vertex -6.206291198730469 -2.9350433349609375 19
      vertex -5.6414642333984375 -2.1648330688476562 19
      vertex -6.108390808105469 -2.6194915771484375 19
    endloop
  endfacet
  facet normal 0 0 1
    outer loop
      vertex -6.108390808105469 -2.6194915771484375 19
      vertex -5.6414642333984375 -2.1648330688476562 19
      vertex -5.913005828857422 -2.353057861328125 19
    endloop
  endfacet
  facet normal 0 0 1
    outer loop
      vertex -6.206291198730469 -2.9350433349609375 19
      vertex -5.3423614501953125 -2.0657272338867188 19
      vertex -5.6414642333984375 -2.1648330688476562 19
    endloop
  endfacet
  facet normal 0 0 1
    outer loop
      vertex -6.196022033691406 -3.2652816772460938 19
      vertex -5.0640106201171875 -1.8654251098632812 19
      vertex -5.3423614501953125 -2.0657272338867188 19
    endloop
  endfacet
  facet normal 0 0 1
    outer loop
      vertex -6.078708648681641 -3.5741500854492188 19
      vertex -4.8618927001953125 -1.5883865356445312 19
      vertex -5.0640106201171875 -1.8654251098632812 19
    endloop
  endfacet
  facet normal 0 0 1
    outer loop
      vertex -4.484344482421875 -5.525260925292969 10.5
      vertex -3.0447006225585938 -5.93695068359375 10.5
      vertex -5.13232421875 -4.923240661621094 10.5
    endloop
  endfacet
  facet normal 0 0 1
    outer loop
      vertex -4.484344482421875 -5.525260925292969 10.5
      vertex -3.7660789489746094 -6.041412353515625 10.5
      vertex -2.9168624877929688 -6.241607666015625 10.5
    endloop
  endfacet
  facet normal 0 0 1
    outer loop
      vertex -5.13232421875 -4.923240661621094 10.5
      vertex -3.0447006225585938 -5.93695068359375 10.5
      vertex -3.0662918090820312 -5.607261657714844 10.5
    endloop
  endfacet
  facet normal 0 0 1
    outer loop
      vertex -4.484344482421875 -5.525260925292969 10.5
      vertex -2.9168624877929688 -6.241607666015625 10.5
      vertex -3.0447006225585938 -5.93695068359375 10.5
    endloop
  endfacet
  facet normal 0 0 1
    outer loop
      vertex -3.7660789489746094 -6.041412353515625 10.5
      vertex -2.988842010498047 -6.46356201171875 10.5
      vertex -2.696727752685547 -6.487983703613281 10.5
    endloop
  endfacet
  facet normal 0 0 1
    outer loop
      vertex -3.7660789489746094 -6.041412353515625 10.5
      vertex -2.696727752685547 -6.487983703613281 10.5
      vertex -2.9168624877929688 -6.241607666015625 10.5
    endloop
  endfacet
  facet normal 0 0 1
    outer loop
      vertex -2.988842010498047 -6.46356201171875 10.5
      vertex -2.4083213806152344 -6.6491851806640625 10.5
      vertex -2.696727752685547 -6.487983703613281 10.5
    endloop
  endfacet
  facet normal -0.7457028461230006 -0.6662786693899606 0
    outer loop
      vertex -2.9168624877929688 -6.241607666015625 10.5
      vertex -2.696727752685547 -6.487983703613281 10.5
      vertex -2.696727752685547 -6.487983703613281 19
    endloop
  endfacet
  facet normal -0.9221093483272669 -0.38692938597044185 0
    outer loop
      vertex -2.9168624877929688 -6.241607666015625 10.5
      vertex -2.9168624877929688 -6.241607666015625 19
      vertex -3.0447006225585938 -5.93695068359375 10.5
    endloop
  endfacet
  facet normal -0.997862432682749 -0.06534956342980537 0
    outer loop
      vertex -3.0447006225585938 -5.93695068359375 10.5
      vertex -3.0447006225585938 -5.93695068359375 19
      vertex -3.0662918090820312 -5.607261657714844 10.5
    endloop
  endfacet
  facet normal -0.9646859790850882 0.2634026608761664 0
    outer loop
      vertex -3.0662918090820312 -5.607261657714844 10.5
      vertex -2.9792633056640625 -5.2885284423828125 19
      vertex -2.9792633056640625 -5.2885284423828125 10.5
    endloop
  endfacet
  facet normal 0 0 1
    outer loop
      vertex -2.988842010498047 -6.46356201171875 10.5
      vertex -2.1648635864257812 -6.785072326660156 10.5
      vertex -2.4083213806152344 -6.6491851806640625 10.5
    endloop
  endfacet
  facet normal 0 0 1
    outer loop
      vertex -2.4083213806152344 -6.6491851806640625 10.5
      vertex -2.1648635864257812 -6.785072326660156 10.5
      vertex -2.0831298828125 -6.7075958251953125 10.5
    endloop
  endfacet
  facet normal 0 0 1
    outer loop
      vertex -2.1648635864257812 -6.785072326660156 10.5
      vertex -1.75665283203125 -6.6568603515625 10.5
      vertex -2.0831298828125 -6.7075958251953125 10.5
    endloop
  endfacet
  facet normal 0 0 1
    outer loop
      vertex -2.1648635864257812 -6.785072326660156 10.5
      vertex -1.3071098327636719 -7.000877380371094 10.5
      vertex 1.2061843872070312 -6.270294189453125 10.5
    endloop
  endfacet
  facet normal 0 0 1
    outer loop
      vertex -1.3071098327636719 -7.000877380371094 10.5
      vertex -0.4290885925292969 -7.1075897216796875 10.5
      vertex 1.4346389770507812 -6.50897216796875 10.5
    endloop
  endfacet
  facet normal 0 0 1
    outer loop
      vertex -2.1648635864257812 -6.785072326660156 10.5
      vertex 1.0679702758789062 -5.970191955566406 10.5
      vertex -1.75665283203125 -6.6568603515625 10.5
    endloop
  endfacet
  facet normal 0 0 1
    outer loop
      vertex -1.75665283203125 -6.6568603515625 10.5
      vertex 1.0679702758789062 -5.970191955566406 10.5
      vertex -1.4645309448242188 -6.5025177001953125 10.5
    endloop
  endfacet
  facet normal 0 0 1
    outer loop
      vertex -1.4645309448242188 -6.5025177001953125 10.5
      vertex 1.0223121643066406 -5.658424377441406 10.5
      vertex -1.2386474609375 -6.2613983154296875 10.5
    endloop
  endfacet
  facet normal 0 0 1
    outer loop
      vertex -1.2386474609375 -6.2613983154296875 10.5
      vertex 0.8733901977539062 -5.349517822265625 10.5
      vertex -1.106414794921875 -5.970191955566406 10.5
    endloop
  endfacet
  facet normal 0 0 1
    outer loop
      vertex -1.106414794921875 -5.970191955566406 10.5
      vertex 0.6356582641601562 -5.102363586425781 10.5
      vertex -1.0523300170898438 -5.631553649902344 10.5
    endloop
  endfacet
  facet normal -0.1767899698849335 -0.984248599972631 0
    outer loop
      vertex -2.4083213806152344 -6.6491851806640625 10.5
      vertex -2.0831298828125 -6.7075958251953125 10.5
      vertex -2.4083213806152344 -6.6491851806640625 19
    endloop
  endfacet
  facet normal 0.15355970322945905 -0.9881393715180468 0
    outer loop
      vertex -2.0831298828125 -6.7075958251953125 10.5
      vertex -1.75665283203125 -6.6568603515625 10.5
      vertex -2.0831298828125 -6.7075958251953125 19
    endloop
  endfacet
  facet normal -0.48789795161295363 -0.8729006752270753 0
    outer loop
      vertex -2.696727752685547 -6.487983703613281 10.5
      vertex -2.4083213806152344 -6.6491851806640625 10.5
      vertex -2.696727752685547 -6.487983703613281 19
    endloop
  endfacet
  facet normal 0.4671544145281867 -0.8841757477938575 0
    outer loop
      vertex -1.75665283203125 -6.6568603515625 10.5
      vertex -1.4645309448242188 -6.5025177001953125 10.5
      vertex -1.75665283203125 -6.6568603515625 19
    endloop
  endfacet
  facet normal 0.7297877545219522 -0.6836737769944133 0
    outer loop
      vertex -1.4645309448242188 -6.5025177001953125 10.5
      vertex -1.2386474609375 -6.2613983154296875 10.5
      vertex -1.4645309448242188 -6.5025177001953125 19
    endloop
  endfacet
  facet normal 0.9105240835714512 -0.41345603543347725 0
    outer loop
      vertex -1.2386474609375 -6.2613983154296875 10.5
      vertex -1.106414794921875 -5.970191955566406 10.5
      vertex -1.106414794921875 -5.970191955566406 19
    endloop
  endfacet
  facet normal 0.9874848802064212 -0.1577137006214419 0
    outer loop
      vertex -1.106414794921875 -5.970191955566406 10.5
      vertex -1.0523300170898438 -5.631553649902344 10.5
      vertex -1.106414794921875 -5.970191955566406 19
    endloop
  endfacet
  facet normal 0.8892425556095775 -0.4574359816334382 0
    outer loop
      vertex -1.0523300170898438 -5.631553649902344 10.5
      vertex -0.8954620361328125 -5.326606750488281 10.5
      vertex -0.8954620361328125 -5.326606750488281 19
    endloop
  endfacet
  facet normal -0.9221093483272669 -0.38692938597044185 0
    outer loop
      vertex -3.0447006225585938 -5.93695068359375 10.5
      vertex -2.9168624877929688 -6.241607666015625 19
      vertex -3.0447006225585938 -5.93695068359375 19
    endloop
  endfacet
  facet normal -0.7457028461230006 -0.6662786693899606 0
    outer loop
      vertex -2.9168624877929688 -6.241607666015625 10.5
      vertex -2.696727752685547 -6.487983703613281 19
      vertex -2.9168624877929688 -6.241607666015625 19
    endloop
  endfacet
  facet normal -0.997862432682749 -0.06534956342980537 0
    outer loop
      vertex -3.0662918090820312 -5.607261657714844 10.5
      vertex -3.0447006225585938 -5.93695068359375 19
      vertex -3.0662918090820312 -5.607261657714844 19
    endloop
  endfacet
  facet normal -0.9646859790850882 0.2634026608761664 0
    outer loop
      vertex -3.0662918090820312 -5.607261657714844 10.5
      vertex -3.0662918090820312 -5.607261657714844 19
      vertex -2.9792633056640625 -5.2885284423828125 19
    endloop
  endfacet
  facet normal -0.1767899698849335 -0.984248599972631 0
    outer loop
      vertex -2.0831298828125 -6.7075958251953125 10.5
      vertex -2.0831298828125 -6.7075958251953125 19
      vertex -2.4083213806152344 -6.6491851806640625 19
    endloop
  endfacet
  facet normal 0.15355970322945905 -0.9881393715180468 0
    outer loop
      vertex -1.75665283203125 -6.6568603515625 10.5
      vertex -1.75665283203125 -6.6568603515625 19
      vertex -2.0831298828125 -6.7075958251953125 19
    endloop
  endfacet
  facet normal -0.48789795161295363 -0.8729006752270753 0
    outer loop
      vertex -2.4083213806152344 -6.6491851806640625 10.5
      vertex -2.4083213806152344 -6.6491851806640625 19
      vertex -2.696727752685547 -6.487983703613281 19
    endloop
  endfacet
  facet normal 0.4671544145281867 -0.8841757477938575 0
    outer loop
      vertex -1.4645309448242188 -6.5025177001953125 10.5
      vertex -1.4645309448242188 -6.5025177001953125 19
      vertex -1.75665283203125 -6.6568603515625 19
    endloop
  endfacet
  facet normal 0.7297877545219522 -0.6836737769944133 0
    outer loop
      vertex -1.2386474609375 -6.2613983154296875 10.5
      vertex -1.2386474609375 -6.2613983154296875 19
      vertex -1.4645309448242188 -6.5025177001953125 19
    endloop
  endfacet
  facet normal 0.9105240835714512 -0.41345603543347725 0
    outer loop
      vertex -1.2386474609375 -6.2613983154296875 10.5
      vertex -1.106414794921875 -5.970191955566406 19
      vertex -1.2386474609375 -6.2613983154296875 19
    endloop
  endfacet
  facet normal 0.9874848802064212 -0.1577137006214419 0
    outer loop
      vertex -1.0523300170898438 -5.631553649902344 10.5
      vertex -1.0523300170898438 -5.631553649902344 19
      vertex -1.106414794921875 -5.970191955566406 19
    endloop
  endfacet
  facet normal 0.8892425556095775 -0.4574359816334382 0
    outer loop
      vertex -1.0523300170898438 -5.631553649902344 10.5
      vertex -0.8954620361328125 -5.326606750488281 19
      vertex -1.0523300170898438 -5.631553649902344 19
    endloop
  endfacet
  facet normal 0 0 1
    outer loop
      vertex -2.696727752685547 -6.487983703613281 19
      vertex -2.4083213806152344 -6.6491851806640625 19
      vertex -0.6514053344726562 -5.085693359375 19
    endloop
  endfacet
  facet normal 0 0 1
    outer loop
      vertex -2.4083213806152344 -6.6491851806640625 19
      vertex -2.0831298828125 -6.7075958251953125 19
      vertex -0.8954620361328125 -5.326606750488281 19
    endloop
  endfacet
  facet normal 0 0 1
    outer loop
      vertex -2.0831298828125 -6.7075958251953125 19
      vertex -1.75665283203125 -6.6568603515625 19
      vertex -1.0523300170898438 -5.631553649902344 19
    endloop
  endfacet
  facet normal 0 0 1
    outer loop
      vertex -1.75665283203125 -6.6568603515625 19
      vertex -1.4645309448242188 -6.5025177001953125 19
      vertex -1.106414794921875 -5.970191955566406 19
    endloop
  endfacet
  facet normal 0 0 1
    outer loop
      vertex -2.0831298828125 -6.7075958251953125 19
      vertex -1.0523300170898438 -5.631553649902344 19
      vertex -0.8954620361328125 -5.326606750488281 19
    endloop
  endfacet
  facet normal 0 0 1
    outer loop
      vertex -1.4645309448242188 -6.5025177001953125 19
      vertex -1.2386474609375 -6.2613983154296875 19
      vertex -1.106414794921875 -5.970191955566406 19
    endloop
  endfacet
  facet normal 0 0 1
    outer loop
      vertex -1.75665283203125 -6.6568603515625 19
      vertex -1.106414794921875 -5.970191955566406 19
      vertex -1.0523300170898438 -5.631553649902344 19
    endloop
  endfacet
  facet normal 0 0 1
    outer loop
      vertex -2.4083213806152344 -6.6491851806640625 19
      vertex -0.8954620361328125 -5.326606750488281 19
      vertex -0.6514053344726562 -5.085693359375 19
    endloop
  endfacet
  facet normal 0 0 1
    outer loop
      vertex -5.6998291015625 -4.2448272705078125 10.5
      vertex -5.13232421875 -4.923240661621094 10.5
      vertex -3.0662918090820312 -5.607261657714844 10.5
    endloop
  endfacet
  facet normal 0 0 1
    outer loop
      vertex -5.6998291015625 -4.2448272705078125 10.5
      vertex -2.9792633056640625 -5.2885284423828125 10.5
      vertex -5.261444091796875 -4.068450927734375 10.5
    endloop
  endfacet
  facet normal 0 0 1
    outer loop
      vertex -5.261444091796875 -4.068450927734375 10.5
      vertex -2.9792633056640625 -5.2885284423828125 10.5
      vertex -4.933418273925781 -4.028938293457031 10.5
    endloop
  endfacet
  facet normal 0 0 1
    outer loop
      vertex -4.933418273925781 -4.028938293457031 10.5
      vertex -2.8138427734375 -5.020347595214844 10.5
      vertex -4.6449432373046875 -3.8908615112304688 10.5
    endloop
  endfacet
  facet normal 0 0 1
    outer loop
      vertex -5.6998291015625 -4.2448272705078125 10.5
      vertex -3.0662918090820312 -5.607261657714844 10.5
      vertex -2.9792633056640625 -5.2885284423828125 10.5
    endloop
  endfacet
  facet normal 0 0 1
    outer loop
      vertex -4.933418273925781 -4.028938293457031 10.5
      vertex -2.9792633056640625 -5.2885284423828125 10.5
      vertex -2.8138427734375 -5.020347595214844 10.5
    endloop
  endfacet
  facet normal 0 0 1
    outer loop
      vertex -4.6449432373046875 -3.8908615112304688 10.5
      vertex -2.7293624877929688 -4.68798828125 10.5
      vertex -4.385841369628906 -3.6662139892578125 10.5
    endloop
  endfacet
  facet normal 0 0 1
    outer loop
      vertex -4.6449432373046875 -3.8908615112304688 10.5
      vertex -2.8138427734375 -5.020347595214844 10.5
      vertex -2.7293624877929688 -4.68798828125 10.5
    endloop
  endfacet
  facet normal 0 0 1
    outer loop
      vertex -4.385841369628906 -3.6662139892578125 10.5
      vertex -2.7293624877929688 -4.68798828125 10.5
      vertex -2.7526092529296875 -4.345848083496094 10.5
    endloop
  endfacet
  facet normal 0 0 1
    outer loop
      vertex -4.385841369628906 -3.6662139892578125 10.5
      vertex -2.7526092529296875 -4.345848083496094 10.5
      vertex -4.0696563720703125 -3.533447265625 10.5
    endloop
  endfacet
  facet normal 0 0 1
    outer loop
      vertex -4.0696563720703125 -3.533447265625 10.5
      vertex -2.8812713623046875 -4.0279693603515625 10.5
      vertex -3.72784423828125 -3.505767822265625 10.5
    endloop
  endfacet
  facet normal 0 0 1
    outer loop
      vertex -3.72784423828125 -3.505767822265625 10.5
      vertex -3.1025428771972656 -3.7659759521484375 10.5
      vertex -3.3944129943847656 -3.5859375 10.5
    endloop
  endfacet
  facet normal 0 0 1
    outer loop
      vertex -4.0696563720703125 -3.533447265625 10.5
      vertex -2.7526092529296875 -4.345848083496094 10.5
      vertex -2.8812713623046875 -4.0279693603515625 10.5
    endloop
  endfacet
  facet normal 0 0 1
    outer loop
      vertex -3.72784423828125 -3.505767822265625 10.5
      vertex -2.8812713623046875 -4.0279693603515625 10.5
      vertex -3.1025428771972656 -3.7659759521484375 10.5
    endloop
  endfacet
  facet normal 0.11959137902857904 -0.992823197786012 0
    outer loop
      vertex -5.261444091796875 -4.068450927734375 10.5
      vertex -4.933418273925781 -4.028938293457031 10.5
      vertex -4.933418273925781 -4.028938293457031 19
    endloop
  endfacet
  facet normal 0.43173656737479243 -0.9019997430107347 0
    outer loop
      vertex -4.933418273925781 -4.028938293457031 10.5
      vertex -4.6449432373046875 -3.8908615112304688 10.5
      vertex -4.933418273925781 -4.028938293457031 19
    endloop
  endfacet
  facet normal 0.6550846779074898 -0.7555554676996523 0
    outer loop
      vertex -4.6449432373046875 -3.8908615112304688 10.5
      vertex -4.385841369628906 -3.6662139892578125 10.5
      vertex -4.6449432373046875 -3.8908615112304688 19
    endloop
  endfacet
  facet normal 0.3871557013495718 -0.9220143507085566 0
    outer loop
      vertex -4.385841369628906 -3.6662139892578125 10.5
      vertex -4.0696563720703125 -3.533447265625 10.5
      vertex -4.0696563720703125 -3.533447265625 19
    endloop
  endfacet
  facet normal -0.8511108262700539 0.5249860582967002 0
    outer loop
      vertex -2.9792633056640625 -5.2885284423828125 10.5
      vertex -2.9792633056640625 -5.2885284423828125 19
      vertex -2.8138427734375 -5.020347595214844 10.5
    endloop
  endfacet
  facet normal -0.969180956452607 0.24634990085163366 0
    outer loop
      vertex -2.8138427734375 -5.020347595214844 10.5
      vertex -2.8138427734375 -5.020347595214844 19
      vertex -2.7293624877929688 -4.68798828125 10.5
    endloop
  endfacet
  facet normal -0.9976996902287586 -0.06778884950667917 0
    outer loop
      vertex -2.7293624877929688 -4.68798828125 10.5
      vertex -2.7293624877929688 -4.68798828125 19
      vertex -2.7526092529296875 -4.345848083496094 10.5
    endloop
  endfacet
  facet normal -0.9269499449892105 -0.3751850203359665 0
    outer loop
      vertex -2.7526092529296875 -4.345848083496094 10.5
      vertex -2.7526092529296875 -4.345848083496094 19
      vertex -2.8812713623046875 -4.0279693603515625 10.5
    endloop
  endfacet
  facet normal 0.08071431722443659 -0.9967372768162095 0
    outer loop
      vertex -4.0696563720703125 -3.533447265625 10.5
      vertex -3.72784423828125 -3.505767822265625 10.5
      vertex -3.72784423828125 -3.505767822265625 19
    endloop
  endfacet
  facet normal -0.23377597774634976 -0.9722904875749522 0
    outer loop
      vertex -3.72784423828125 -3.505767822265625 10.5
      vertex -3.3944129943847656 -3.5859375 10.5
      vertex -3.3944129943847656 -3.5859375 19
    endloop
  endfacet
  facet normal -0.524998302320499 -0.8511032737339187 0
    outer loop
      vertex -3.1025428771972656 -3.7659759521484375 10.5
      vertex -3.1025428771972656 -3.7659759521484375 19
      vertex -3.3944129943847656 -3.5859375 10.5
    endloop
  endfacet
  facet normal -0.7639830008023906 -0.6452363710183847 0
    outer loop
      vertex -3.1025428771972656 -3.7659759521484375 10.5
      vertex -2.8812713623046875 -4.0279693603515625 10.5
      vertex -2.8812713623046875 -4.0279693603515625 19
    endloop
  endfacet
  facet normal 0 0 1
    outer loop
      vertex -5.0640106201171875 -1.8654251098632812 10.5
      vertex -4.8618927001953125 -1.5883865356445312 10.5
      vertex -5.676158905029297 -0.01793670654296875 10.5
    endloop
  endfacet
  facet normal 0 0 1
    outer loop
      vertex -5.348606109619141 -0.119476318359375 10.5
      vertex -4.8618927001953125 -1.5883865356445312 10.5
      vertex -4.756122589111328 -1.262176513671875 10.5
    endloop
  endfacet
  facet normal 0 0 1
    outer loop
      vertex -4.756122589111328 -1.262176513671875 10.5
      vertex -4.757225036621094 -0.91925048828125 10.5
      vertex -5.068973541259766 -0.31798553466796875 10.5
    endloop
  endfacet
  facet normal 0 0 1
    outer loop
      vertex -5.348606109619141 -0.119476318359375 10.5
      vertex -4.756122589111328 -1.262176513671875 10.5
      vertex -5.068973541259766 -0.31798553466796875 10.5
    endloop
  endfacet
  facet normal 0 0 1
    outer loop
      vertex -5.068973541259766 -0.31798553466796875 10.5
      vertex -4.757225036621094 -0.91925048828125 10.5
      vertex -4.865081787109375 -0.593719482421875 10.5
    endloop
  endfacet
  facet normal 0.9948218954391859 0.10163080541478951 -0.0007587789708969565
    outer loop
      vertex -2.6448404155010916 -0.4014782056759514 6.5
      vertex -2.6614031954884645 -0.2393520066998412 6.5
      vertex -2.669219970703125 -0.06951141357421875 19
    endloop
  endfacet
  facet normal 0.9965520488442504 0.08296842652855482 -0.0005041266733427595
    outer loop
      vertex -2.6638745800615533 -0.20966766215045884 6.5
      vertex -2.669219970703125 -0.06951141357421875 19
      vertex -2.6614031954884645 -0.2393520066998412 6.5
    endloop
  endfacet
  facet normal 0.9976548938516423 0.06844411317571382 -0.0003408012005378311
    outer loop
      vertex -2.6638745800615533 -0.20966766215045884 6.5
      vertex -2.6656819964016836 -0.1833224050743805 6.5
      vertex -2.669219970703125 -0.06951141357421875 19
    endloop
  endfacet
  facet normal 0.9983993478473789 0.05655694676249235 -0.0002323592761600969
    outer loop
      vertex -2.6656819964016836 -0.1833224050743805 6.5
      vertex -2.6667176842487237 -0.1650394154462336 6.5
      vertex -2.669219970703125 -0.06951141357421875 19
    endloop
  endfacet
  facet normal 0.9987297018574383 0.05038797820731162 -0.00018514840575591815
    outer loop
      vertex -2.6670230790897875 -0.15898624742052714 6.5
      vertex -2.669219970703125 -0.06951141357421875 19
      vertex -2.6667176842487237 -0.1650394154462336 6.5
    endloop
  endfacet
  facet normal 0.9993087188067429 0.03717626585482533 -0.00009886312448488734
    outer loop
      vertex -2.6676062095507427 -0.1461311218803623 6.5
      vertex -2.668191582846412 -0.13039611932784417 6.5
      vertex -2.669219970703125 -0.06951141357421875 19
    endloop
  endfacet
  facet normal 0.998972731687279 0.045315110124001134 -0.00014879417063004495
    outer loop
      vertex -2.6670230790897875 -0.15898624742052714 6.5
      vertex -2.6676062095507427 -0.1461311218803623 6.5
      vertex -2.669219970703125 -0.06951141357421875 19
    endloop
  endfacet
  facet normal 0.9998666579179125 0.016329922965648412 0
    outer loop
      vertex -2.669219970703125 -0.06951141357421875 19
      vertex -2.668261475310439 -0.1281992338983506 6.5
      vertex -2.669219970703125 -0.06951141357421875 6.5
    endloop
  endfacet
  facet normal 0.9994943050348093 0.031798253482859126 -0.00007265276005050048
    outer loop
      vertex -2.668191582846412 -0.13039611932784417 6.5
      vertex -2.668261475310439 -0.1281992338983506 6.5
      vertex -2.669219970703125 -0.06951141357421875 19
    endloop
  endfacet
  facet normal -0.5840925434144514 0.8116870706914316 0
    outer loop
      vertex -5.3423614501953125 -2.0657272338867188 10.5
      vertex -5.3423614501953125 -2.0657272338867188 19
      vertex -5.0640106201171875 -1.8654251098632812 10.5
    endloop
  endfacet
  facet normal -0.807853932090863 0.5893827486492383 0
    outer loop
      vertex -5.0640106201171875 -1.8654251098632812 10.5
      vertex -5.0640106201171875 -1.8654251098632812 19
      vertex -4.8618927001953125 -1.5883865356445312 10.5
    endloop
  endfacet
  facet normal -0.9512465490155797 0.30843152073993707 0
    outer loop
      vertex -4.8618927001953125 -1.5883865356445312 10.5
      vertex -4.8618927001953125 -1.5883865356445312 19
      vertex -4.756122589111328 -1.262176513671875 10.5
    endloop
  endfacet
  facet normal -0.9999948324868819 -0.0032148094085243935 0
    outer loop
      vertex -4.756122589111328 -1.262176513671875 10.5
      vertex -4.756122589111328 -1.262176513671875 19
      vertex -4.757225036621094 -0.91925048828125 10.5
    endloop
  endfacet
  facet normal -0.9492535064357984 -0.3145119719809431 0
    outer loop
      vertex -4.757225036621094 -0.91925048828125 10.5
      vertex -4.757225036621094 -0.91925048828125 19
      vertex -4.865081787109375 -0.593719482421875 10.5
    endloop
  endfacet
  facet normal -0.5788639353422065 -0.815424149973579 0
    outer loop
      vertex -5.348606109619141 -0.119476318359375 10.5
      vertex -5.068973541259766 -0.31798553466796875 10.5
      vertex -5.068973541259766 -0.31798553466796875 19
    endloop
  endfacet
  facet normal -0.8040529052970126 -0.5945577562217429 0
    outer loop
      vertex -5.068973541259766 -0.31798553466796875 10.5
      vertex -4.865081787109375 -0.593719482421875 10.5
      vertex -4.865081787109375 -0.593719482421875 19
    endloop
  endfacet
  facet normal 0 0 1
    outer loop
      vertex -1.0523300170898438 -5.631553649902344 10.5
      vertex 0.332763671875 -4.941551208496094 10.5
      vertex -0.8954620361328125 -5.326606750488281 10.5
    endloop
  endfacet
  facet normal 0 0 1
    outer loop
      vertex -0.8954620361328125 -5.326606750488281 10.5
      vertex -0.0051422119140625 -4.883087158203125 10.5
      vertex -0.6514053344726562 -5.085693359375 10.5
    endloop
  endfacet
  facet normal 0 0 1
    outer loop
      vertex -0.8954620361328125 -5.326606750488281 10.5
      vertex 0.332763671875 -4.941551208496094 10.5
      vertex -0.0051422119140625 -4.883087158203125 10.5
    endloop
  endfacet
  facet normal 0 0 1
    outer loop
      vertex -1.0523300170898438 -5.631553649902344 10.5
      vertex 0.6356582641601562 -5.102363586425781 10.5
      vertex 0.332763671875 -4.941551208496094 10.5
    endloop
  endfacet
  facet normal 0 0 1
    outer loop
      vertex -0.6514053344726562 -5.085693359375 10.5
      vertex -0.0051422119140625 -4.883087158203125 10.5
      vertex -0.344451904296875 -4.9327850341796875 10.5
    endloop
  endfacet
  facet normal 0.04363820897708464 0.9990472925696614 -0.00046252189329580373
    outer loop
      vertex 0.1348114013671875 -2.7150344848632812 19
      vertex -0.13877106067437578 -2.7088714883458684 6.5
      vertex -0.1609070721794577 -2.7079045912798714 6.5
    endloop
  endfacet
  facet normal 0.7025089465057435 -0.7116749117956812 0
    outer loop
      vertex -0.8954620361328125 -5.326606750488281 10.5
      vertex -0.6514053344726562 -5.085693359375 10.5
      vertex -0.6514053344726562 -5.085693359375 19
    endloop
  endfacet
  facet normal 0.44588714489933773 -0.8950891877424936 0
    outer loop
      vertex -0.6514053344726562 -5.085693359375 10.5
      vertex -0.344451904296875 -4.9327850341796875 10.5
      vertex -0.344451904296875 -4.9327850341796875 19
    endloop
  endfacet
  facet normal 0.14492136631173141 -0.989443175521637 0
    outer loop
      vertex -0.344451904296875 -4.9327850341796875 10.5
      vertex -0.0051422119140625 -4.883087158203125 10.5
      vertex -0.0051422119140625 -4.883087158203125 19
    endloop
  endfacet
  facet normal 0.756622738977683 0.6538512190596352 -0.0007837066659079027
    outer loop
      vertex -1.9842538369697251 -1.8425303070066144 6.5
      vertex -2.082603693400545 -1.728721942685186 6.5
      vertex -2.1899871826171875 -1.5894775390625 19
    endloop
  endfacet
  facet normal 0.8272999248805134 0.5617604774920831 -0.00001485137732860787
    outer loop
      vertex -2.2091394683129435 -1.561602594262735 6.5
      vertex -2.1899871826171875 -1.5894775390625 19
      vertex -2.2020555913287336 -1.572034960247368 6.5
    endloop
  endfacet
  facet normal 0.8328852550676233 0.5534457065792918 -0.000041951026901840346
    outer loop
      vertex -2.223163301447812 -1.5404980058655218 6.5
      vertex -2.1899871826171875 -1.5894775390625 19
      vertex -2.2091394683129435 -1.561602594262735 6.5
    endloop
  endfacet
  facet normal 0.8117886583144953 0.5839513456815192 0.000010425673738317087
    outer loop
      vertex -2.1899871826171875 -1.5894775390625 19
      vertex -2.1564246269668903 -1.6359118546947133 6.5
      vertex -2.1949352131105297 -1.582375789939243 6.5
    endloop
  endfacet
  facet normal 0.7918833129221569 0.6106724150239601 -0.0001422822326893581
    outer loop
      vertex -2.1899871826171875 -1.5894775390625 19
      vertex -2.1559468726539524 -1.6365313777954535 6.5
      vertex -2.1564246269668903 -1.6359118546947133 6.5
    endloop
  endfacet
  facet normal 0.8238359390120427 0.5668283210706567 -0.000004936227192587524
    outer loop
      vertex -2.1984978740282983 -1.5772168415072334 6.5
      vertex -2.1899871826171875 -1.5894775390625 19
      vertex -2.1967192302233123 -1.5798019464407358 6.5
    endloop
  endfacet
  facet normal 0.8244001981879585 0.5660073437598943 -0.0000061256664109156625
    outer loop
      vertex -2.2020555913287336 -1.572034960247368 6.5
      vertex -2.1899871826171875 -1.5894775390625 19
      vertex -2.1984978740282983 -1.5772168415072334 6.5
    endloop
  endfacet
  facet normal 0.822700043375726 0.568475715068256 -0.000002685839233580795
    outer loop
      vertex -2.1958244416038326 -1.5810888953532152 6.5
      vertex -2.1899871826171875 -1.5894775390625 19
      vertex -2.195717738717136 -1.5812433161440893 6.5
    endloop
  endfacet
  facet normal 0.82270004337508 0.5684757150691908 -0.0000026858392326686904
    outer loop
      vertex -2.1899871826171875 -1.5894775390625 19
      vertex -2.1949352131105297 -1.582375789939243 6.5
      vertex -2.195717738717136 -1.5812433161440893 6.5
    endloop
  endfacet
  facet normal 0.821048790299674 0.5708580243347221 -3.1598839365108416e-7
    outer loop
      vertex -2.1958244416038326 -1.5810888953532152 6.5
      vertex -2.1967192302233123 -1.5798019464407358 6.5
      vertex -2.1899871826171875 -1.5894775390625 19
    endloop
  endfacet
  facet normal 0.8584073516410513 0.5129684901926677 -0.000383037924352241
    outer loop
      vertex -2.2799891596255093 -1.4482010551120923 6.5
      vertex -2.1899871826171875 -1.5894775390625 19
      vertex -2.2505380161032247 -1.4974849362804452 6.5
    endloop
  endfacet
  facet normal 0.8673035864236176 0.49777917380099573 -0.000618956160418188
    outer loop
      vertex -2.281794174311712 -1.4450609283769424 6.5
      vertex -2.2835963190281228 -1.4419209686155434 6.5
      vertex -2.1899871826171875 -1.5894775390625 19
    endloop
  endfacet
  facet normal 0.866642635764651 0.49892903369440106 -0.0006010088765921636
    outer loop
      vertex -2.2799891596255093 -1.4482010551120923 6.5
      vertex -2.2808930619437375 -1.446630971523766 6.5
      vertex -2.1899871826171875 -1.5894775390625 19
    endloop
  endfacet
  facet normal 0.8688565550388178 0.4950634784245101 -0.0006626434201841918
    outer loop
      vertex -2.2835963190281228 -1.4419209686155434 6.5
      vertex -2.287183649732097 -1.435625057216142 6.5
      vertex -2.1899871826171875 -1.5894775390625 19
    endloop
  endfacet
  facet normal 0.867302704294106 0.4977807108028633 -0.0006189319240776216
    outer loop
      vertex -2.2808930619437375 -1.446630971523766 6.5
      vertex -2.281794174311712 -1.4450609283769424 6.5
      vertex -2.1899871826171875 -1.5894775390625 19
    endloop
  endfacet
  facet normal 0.8715637461284826 0.4902816385044062 -0.0007425496081218206
    outer loop
      vertex -2.29429036471837 -1.4229915938153959 6.5
      vertex -2.1899871826171875 -1.5894775390625 19
      vertex -2.287183649732097 -1.435625057216142 6.5
    endloop
  endfacet
  facet normal 0.8436369485491853 0.5369140347823393 -0.0001352640691542514
    outer loop
      vertex -2.223163301447812 -1.5404980058655218 6.5
      vertex -2.2505380161032247 -1.4974849362804452 6.5
      vertex -2.1899871826171875 -1.5894775390625 19
    endloop
  endfacet
  facet normal 0.7918833129221658 0.6106724150239484 -0.00014228223268928725
    outer loop
      vertex -2.1187778982660888 -1.6847298715411163 6.5
      vertex -2.1559468726539524 -1.6365313777954535 6.5
      vertex -2.1899871826171875 -1.5894775390625 19
    endloop
  endfacet
  facet normal 0.7724000327044165 0.6351362028329647 -0.00043969209598437387
    outer loop
      vertex -2.1187778982660888 -1.6847298715411163 6.5
      vertex -2.1899871826171875 -1.5894775390625 19
      vertex -2.082603693400545 -1.728721942685186 6.5
    endloop
  endfacet
  facet normal 0.6256943982764616 0.780068142240947 -0.00046198075110458697
    outer loop
      vertex -1.7486729791549696 -2.075918685005511 6.5
      vertex -1.8377838134765625 -1.997039794921875 19
      vertex -1.7015002155079113 -2.1137560640329283 6.5
    endloop
  endfacet
  facet normal 0.6087676082435117 0.7933482245769957 -0.0007705283920247078
    outer loop
      vertex -1.7015002155079113 -2.1137560640329283 6.5
      vertex -1.8377838134765625 -1.997039794921875 19
      vertex -1.5750952996786014 -2.2107515773469726 6.5
    endloop
  endfacet
  facet normal 0.601873749145161 0.7985910035157867 -0.0006318176923754354
    outer loop
      vertex -1.5750952996786014 -2.2107515773469726 6.5
      vertex -1.4104385375976562 -2.3249588012695312 19
      vertex -1.534508334740492 -2.2413407383144492 6.5
    endloop
  endfacet
  facet normal 0.5634799944203881 0.8261296949742335 -0.0001515578424678789
    outer loop
      vertex -1.49166822387479 -2.2718474915002713 6.5
      vertex -1.4104385375976562 -2.3249588012695312 19
      vertex -1.4716981215303417 -2.285468540623769 6.5
    endloop
  endfacet
  facet normal 0.5533010866653025 0.8329813329784685 -0.00008002755249960856
    outer loop
      vertex -1.4533271360023645 -2.297671318589269 6.5
      vertex -1.4716981215303417 -2.285468540623769 6.5
      vertex -1.4104385375976562 -2.3249588012695312 19
    endloop
  endfacet
  facet normal 0.5403946473156346 0.8414116855862942 -0.00002261508355223505
    outer loop
      vertex -1.444829979923412 -2.3032069488583695 6.5
      vertex -1.4104385375976562 -2.3249588012695312 19
      vertex -1.4321332922172567 -2.31136136624118 6.5
    endloop
  endfacet
  facet normal 0.5458530874247843 0.8378809014605832 -0.00004377706142427934
    outer loop
      vertex -1.4533271360023645 -2.297671318589269 6.5
      vertex -1.4104385375976562 -2.3249588012695312 19
      vertex -1.444829979923412 -2.3032069488583695 6.5
    endloop
  endfacet
  facet normal 0.5322592598602187 0.8465814079489371 -0.0000028718676705328056
    outer loop
      vertex -1.4321332922172567 -2.31136136624118 6.5
      vertex -1.4104385375976562 -2.3249588012695312 19
      vertex -1.4163633509061966 -2.321276180352914 6.5
    endloop
  endfacet
  facet normal 0.5800625384725768 0.8145718853081562 -0.00030842546330509647
    outer loop
      vertex -1.49166822387479 -2.2718474915002713 6.5
      vertex -1.534508334740492 -2.2413407383144492 6.5
      vertex -1.4104385375976562 -2.3249588012695312 19
    endloop
  endfacet
  facet normal 0.5322592598601795 0.8465814079489616 -0.000002871867670507069
    outer loop
      vertex -1.4104385375976562 -2.3249588012695312 19
      vertex -1.415433729017103 -2.3218606484902873 6.5
      vertex -1.4163633509061966 -2.321276180352914 6.5
    endloop
  endfacet
  facet normal 0.7501877233785406 0.6612246205353417 -0.0006171628761327073
    outer loop
      vertex -1.9842538369697251 -1.8425303070066144 6.5
      vertex -1.8377838134765625 -1.997039794921875 19
      vertex -1.935383655877716 -1.8979756258225247 6.5
    endloop
  endfacet
  facet normal 0.7155641768663925 0.6985469964008578 -0.00005103784918185389
    outer loop
      vertex -1.935383655877716 -1.8979756258225247 6.5
      vertex -1.8377838134765625 -1.997039794921875 19
      vertex -1.8510454120208333 -1.9843684187981545 6.5
    endloop
  endfacet
  facet normal 0.6830076712574616 0.7304111998251569 0.000013169433272590969
    outer loop
      vertex -1.8377838134765625 -1.997039794921875 19
      vertex -1.8125703058637248 -2.020391574312788 6.5
      vertex -1.8505404254447455 -1.9848857072633668 6.5
    endloop
  endfacet
  facet normal 0.715564176866402 0.698546996400848 -0.00005103784918187466
    outer loop
      vertex -1.8377838134765625 -1.997039794921875 19
      vertex -1.8505404254447455 -1.9848857072633668 6.5
      vertex -1.8510454120208333 -1.9843684187981545 6.5
    endloop
  endfacet
  facet normal 0.6559379860614114 0.7548147791802503 -0.00008702166394472929
    outer loop
      vertex -1.8377838134765625 -1.997039794921875 19
      vertex -1.8118883266936363 -2.0209842177740747 6.5
      vertex -1.8125703058637248 -2.020391574312788 6.5
    endloop
  endfacet
  facet normal 0.6559379860613764 0.7548147791802803 -0.00008702166394485987
    outer loop
      vertex -1.7486729791549696 -2.075918685005511 6.5
      vertex -1.8118883266936363 -2.0209842177740747 6.5
      vertex -1.8377838134765625 -1.997039794921875 19
    endloop
  endfacet
  facet normal 0.8732120035958458 0.4873398854818315 -0.0007954839306350178
    outer loop
      vertex -2.29429036471837 -1.4229915938153959 6.5
      vertex -2.366583464857295 -1.2934573514948593 6.5
      vertex -2.4524993896484375 -1.119110107421875 19
    endloop
  endfacet
  facet normal 0.87721090829786 0.4801047566538702 -0.0006670843812515594
    outer loop
      vertex -2.366583464857295 -1.2934573514948593 6.5
      vertex -2.3805229540955386 -1.2679881765982994 6.5
      vertex -2.4524993896484375 -1.119110107421875 19
    endloop
  endfacet
  facet normal 0.9112427152602123 0.4118697771973935 -0.000022728073389269816
    outer loop
      vertex -2.437766621853197 -1.152395453920676 6.5
      vertex -2.4405224493979154 -1.146298313723291 6.5
      vertex -2.4524993896484375 -1.119110107421875 19
    endloop
  endfacet
  facet normal 0.8877939954440813 0.4602408989617507 -0.00036956232768925993
    outer loop
      vertex -2.407175724921559 -1.216575601239032 6.5
      vertex -2.4524993896484375 -1.119110107421875 19
      vertex -2.3805229540955386 -1.2679881765982994 6.5
    endloop
  endfacet
  facet normal 0.9019441656237627 0.4318526516146521 -0.00009690535846200279
    outer loop
      vertex -2.407175724921559 -1.216575601239032 6.5
      vertex -2.434985391423189 -1.1584938310905655 6.5
      vertex -2.4524993896484375 -1.119110107421875 19
    endloop
  endfacet
  facet normal 0.9090681218649072 0.41664751083701573 -0.00003901703688647305
    outer loop
      vertex -2.434985391423189 -1.1584938310905655 6.5
      vertex -2.435684200774285 -1.1569691242632858 6.5
      vertex -2.4524993896484375 -1.119110107421875 19
    endloop
  endfacet
  facet normal 0.9103125111823842 0.4139216485363169 -0.000029288211722697844
    outer loop
      vertex -2.437766621853197 -1.152395453920676 6.5
      vertex -2.4524993896484375 -1.119110107421875 19
      vertex -2.4363802155154284 -1.1554444924025142 6.5
    endloop
  endfacet
  facet normal 0.9096908992753876 0.41528600580292796 -0.000034055647942554426
    outer loop
      vertex -2.435684200774285 -1.1569691242632858 6.5
      vertex -2.4363802155154284 -1.1554444924025142 6.5
      vertex -2.4524993896484375 -1.119110107421875 19
    endloop
  endfacet
  facet normal 0.9133859108486565 0.40709480192863257 -0.000010288718333333048
    outer loop
      vertex -2.4405224493979154 -1.146298313723291 6.5
      vertex -2.44562814124384 -1.134842832161972 6.5
      vertex -2.4524993896484375 -1.119110107421875 19
    endloop
  endfacet
  facet normal 0.9133859108487096 0.40709480192851305 -0.00001028871833315311
    outer loop
      vertex -2.4524993896484375 -1.119110107421875 19
      vertex -2.44562814124384 -1.134842832161972 6.5
      vertex -2.4459605610357156 -1.1340969922422575 6.5
    endloop
  endfacet
  facet normal 0.9176032155681783 0.3974975959263347 0.0000034239579644753224
    outer loop
      vertex -2.4524993896484375 -1.119110107421875 19
      vertex -2.4459605610357156 -1.1340969922422575 6.5
      vertex -2.4565309127396615 -1.1096958667697279 6.5
    endloop
  endfacet
  facet normal 0.9256236192753008 0.3784453927016753 -0.0000135117595440482
    outer loop
      vertex -2.4764050462500697 -1.0610865621127514 6.5
      vertex -2.4524993896484375 -1.119110107421875 19
      vertex -2.4566876317343236 -1.1093125543927085 6.5
    endloop
  endfacet
  facet normal 0.9256236192754994 0.3784453927011899 -0.000013511759544494647
    outer loop
      vertex -2.4524993896484375 -1.119110107421875 19
      vertex -2.4565309127396615 -1.1096958667697279 6.5
      vertex -2.4566876317343236 -1.1093125543927085 6.5
    endloop
  endfacet
  facet normal 0.9378759811297223 0.34697061909346494 -0.0001830460561521396
    outer loop
      vertex -2.4764050462500697 -1.0610865621127514 6.5
      vertex -2.502956102168989 -0.9893179562145135 6.5
      vertex -2.4524993896484375 -1.119110107421875 19
    endloop
  endfacet
  facet normal 0.9490135553796099 0.31523477103236713 -0.0005575284059395577
    outer loop
      vertex -2.502956102168989 -0.9893179562145135 6.5
      vertex -2.5188181777355965 -0.9415652140919747 6.5
      vertex -2.4524993896484375 -1.119110107421875 19
    endloop
  endfacet
  facet normal 0.9537172387076943 0.30070385143511885 -0.0007888750577590086
    outer loop
      vertex -2.5643405392630703 -0.7971857499506476 6.5
      vertex -2.4524993896484375 -1.119110107421875 19
      vertex -2.5188181777355965 -0.9415652140919747 6.5
    endloop
  endfacet
  facet normal 0.9588696648973963 0.28384627195464407 -0.0005095458812254312
    outer loop
      vertex -2.5643405392630703 -0.7971857499506476 6.5
      vertex -2.5856883972772495 -0.7250699059785832 6.5
      vertex -2.6144752502441406 -0.6053848266601562 19
    endloop
  endfacet
  facet normal 0.9665787182281117 0.25636990689152755 -0.00022871145588891992
    outer loop
      vertex -2.5856883972772495 -0.7250699059785832 6.5
      vertex -2.5945611553599455 -0.6916173871603389 6.5
      vertex -2.6144752502441406 -0.6053848266601562 19
    endloop
  endfacet
  facet normal 0.9728455760027758 0.23145514264510011 -0.00004685043864246803
    outer loop
      vertex -2.6144752502441406 -0.6053848266601562 19
      vertex -2.608730911613288 -0.632059476601223 6.5
      vertex -2.609239161927262 -0.6299232135491216 6.5
    endloop
  endfacet
  facet normal 0.9816099980516918 0.19089738184999885 0.0000364386264483182
    outer loop
      vertex -2.6144752502441406 -0.6053848266601562 19
      vertex -2.609239161927262 -0.6299232135491216 6.5
      vertex -2.6270639809485083 -0.5382665318536854 6.5
    endloop
  endfacet
  facet normal 0.9728455760027849 0.23145514264506215 -0.00004685043864238308
    outer loop
      vertex -2.5945611553599455 -0.6916173871603389 6.5
      vertex -2.608730911613288 -0.632059476601223 6.5
      vertex -2.6144752502441406 -0.6053848266601562 19
    endloop
  endfacet
  facet normal 0.9896851854665034 0.14325914252989502 -0.00022748567359170534
    outer loop
      vertex -2.6144752502441406 -0.6053848266601562 19
      vertex -2.6270639809485083 -0.5382665318536854 6.5
      vertex -2.627334155175967 -0.5364000720544101 6.5
    endloop
  endfacet
  facet normal 0.9896851854665097 0.14325914252985303 -0.00022748567359194381
    outer loop
      vertex -2.6393578566193585 -0.4533360596440529 6.5
      vertex -2.6144752502441406 -0.6053848266601562 19
      vertex -2.627334155175967 -0.5364000720544101 6.5
    endloop
  endfacet
  facet normal 0.9944575153752514 0.10513685905283557 -0.0007007012100024061
    outer loop
      vertex -2.6393578566193585 -0.4533360596440529 6.5
      vertex -2.6448404155010916 -0.4014782056759514 6.5
      vertex -2.6144752502441406 -0.6053848266601562 19
    endloop
  endfacet
  facet normal 0.4357611781651972 0.9000622631757877 -0.0003435272311378761
    outer loop
      vertex -0.9256134033203125 -2.5596847534179688 19
      vertex -1.1670075301105374 -2.447585732237989 6.5
      vertex -1.172078300924862 -2.445130740894991 6.5
    endloop
  endfacet
  facet normal 0.4357611781652285 0.9000622631757723 -0.00034352723113868447
    outer loop
      vertex -0.9256134033203125 -2.5596847534179688 19
      vertex -0.9768673247100836 -2.5396412747396075 6.5
      vertex -1.1670075301105374 -2.447585732237989 6.5
    endloop
  endfacet
  facet normal 0.4518773082519377 0.8920800954199967 0.00004052694192887048
    outer loop
      vertex -1.4104385375976562 -2.3249588012695312 19
      vertex -1.172078300924862 -2.445130740894991 6.5
      vertex -1.415433729017103 -2.3218606484902873 6.5
    endloop
  endfacet
  facet normal 0.43576117816526216 0.9000622631757561 -0.00034352723113884883
    outer loop
      vertex -0.9256134033203125 -2.5596847534179688 19
      vertex -0.9724444221047794 -2.5417826035443474 6.5
      vertex -0.9768673247100836 -2.5396412747396075 6.5
    endloop
  endfacet
  facet normal 0.27951753677103464 0.9601405309290684 0.0003278790935454664
    outer loop
      vertex -0.9256134033203125 -2.5596847534179688 19
      vertex -0.6796978221220129 -2.6270074283375457 6.5
      vertex -0.9724444221047794 -2.5417826035443474 6.5
    endloop
  endfacet
  facet normal 0.24476115089003475 0.9695833195606616 -0.0004067489563474053
    outer loop
      vertex -0.4033355712890625 -2.6915283203125 19
      vertex -0.6576274099305616 -2.6325788726679256 6.5
      vertex -0.6796978221220129 -2.6270074283375457 6.5
    endloop
  endfacet
  facet normal 0.24476115089002895 0.9695833195606631 -0.00040674895634726865
    outer loop
      vertex -0.4033355712890625 -2.6915283203125 19
      vertex -0.47054101116931607 -2.6798068739679297 6.5
      vertex -0.6576274099305616 -2.6325788726679256 6.5
    endloop
  endfacet
  facet normal 0.24476115089001552 0.9695833195606665 -0.00040674895634719205
    outer loop
      vertex -0.4033355712890625 -2.6915283203125 19
      vertex -0.4646422442267923 -2.681295955882353 6.5
      vertex -0.47054101116931607 -2.6798068739679297 6.5
    endloop
  endfacet
  facet normal 0.08727047334784659 0.9961845784632939 0.00038744490238973474
    outer loop
      vertex -0.4033355712890625 -2.6915283203125 19
      vertex -0.1609070721794577 -2.7079045912798714 6.5
      vertex -0.4646422442267923 -2.681295955882353 6.5
    endloop
  endfacet
  facet normal 0.11959137902857904 -0.992823197786012 0
    outer loop
      vertex -5.261444091796875 -4.068450927734375 10.5
      vertex -4.933418273925781 -4.028938293457031 19
      vertex -5.261444091796875 -4.068450927734375 19
    endloop
  endfacet
  facet normal 0.43173656737479243 -0.9019997430107347 0
    outer loop
      vertex -4.6449432373046875 -3.8908615112304688 10.5
      vertex -4.6449432373046875 -3.8908615112304688 19
      vertex -4.933418273925781 -4.028938293457031 19
    endloop
  endfacet
  facet normal 0.6550846779074898 -0.7555554676996523 0
    outer loop
      vertex -4.385841369628906 -3.6662139892578125 10.5
      vertex -4.385841369628906 -3.6662139892578125 19
      vertex -4.6449432373046875 -3.8908615112304688 19
    endloop
  endfacet
  facet normal 0.3871557013495718 -0.9220143507085566 0
    outer loop
      vertex -4.385841369628906 -3.6662139892578125 10.5
      vertex -4.0696563720703125 -3.533447265625 19
      vertex -4.385841369628906 -3.6662139892578125 19
    endloop
  endfacet
  facet normal -0.8511108262700539 0.5249860582967002 0
    outer loop
      vertex -2.8138427734375 -5.020347595214844 10.5
      vertex -2.9792633056640625 -5.2885284423828125 19
      vertex -2.8138427734375 -5.020347595214844 19
    endloop
  endfacet
  facet normal -0.969180956452607 0.24634990085163366 0
    outer loop
      vertex -2.7293624877929688 -4.68798828125 10.5
      vertex -2.8138427734375 -5.020347595214844 19
      vertex -2.7293624877929688 -4.68798828125 19
    endloop
  endfacet
  facet normal -0.9976996902287586 -0.06778884950667917 0
    outer loop
      vertex -2.7526092529296875 -4.345848083496094 10.5
      vertex -2.7293624877929688 -4.68798828125 19
      vertex -2.7526092529296875 -4.345848083496094 19
    endloop
  endfacet
  facet normal -0.9269499449892105 -0.3751850203359665 0
    outer loop
      vertex -2.8812713623046875 -4.0279693603515625 10.5
      vertex -2.7526092529296875 -4.345848083496094 19
      vertex -2.8812713623046875 -4.0279693603515625 19
    endloop
  endfacet
  facet normal 0.08071431722443659 -0.9967372768162095 0
    outer loop
      vertex -4.0696563720703125 -3.533447265625 10.5
      vertex -3.72784423828125 -3.505767822265625 19
      vertex -4.0696563720703125 -3.533447265625 19
    endloop
  endfacet
  facet normal -0.23377597774634976 -0.9722904875749522 0
    outer loop
      vertex -3.72784423828125 -3.505767822265625 10.5
      vertex -3.3944129943847656 -3.5859375 19
      vertex -3.72784423828125 -3.505767822265625 19
    endloop
  endfacet
  facet normal -0.7639830008023906 -0.6452363710183847 0
    outer loop
      vertex -3.1025428771972656 -3.7659759521484375 10.5
      vertex -2.8812713623046875 -4.0279693603515625 19
      vertex -3.1025428771972656 -3.7659759521484375 19
    endloop
  endfacet
  facet normal -0.524998302320499 -0.8511032737339187 0
    outer loop
      vertex -3.3944129943847656 -3.5859375 10.5
      vertex -3.1025428771972656 -3.7659759521484375 19
      vertex -3.3944129943847656 -3.5859375 19
    endloop
  endfacet
  facet normal 0 0 1
    outer loop
      vertex -4.0696563720703125 -3.533447265625 19
      vertex -3.72784423828125 -3.505767822265625 19
      vertex -2.4524993896484375 -1.119110107421875 19
    endloop
  endfacet
  facet normal 0 0 1
    outer loop
      vertex -3.72784423828125 -3.505767822265625 19
      vertex -3.3944129943847656 -3.5859375 19
      vertex -2.1899871826171875 -1.5894775390625 19
    endloop
  endfacet
  facet normal 0 0 1
    outer loop
      vertex -3.1025428771972656 -3.7659759521484375 19
      vertex -1.8377838134765625 -1.997039794921875 19
      vertex -3.3944129943847656 -3.5859375 19
    endloop
  endfacet
  facet normal -0.5840925434144514 0.8116870706914316 0
    outer loop
      vertex -5.0640106201171875 -1.8654251098632812 10.5
      vertex -5.3423614501953125 -2.0657272338867188 19
      vertex -5.0640106201171875 -1.8654251098632812 19
    endloop
  endfacet
  facet normal -0.807853932090863 0.5893827486492383 0
    outer loop
      vertex -4.8618927001953125 -1.5883865356445312 10.5
      vertex -5.0640106201171875 -1.8654251098632812 19
      vertex -4.8618927001953125 -1.5883865356445312 19
    endloop
  endfacet
  facet normal -0.9512465490155797 0.30843152073993707 0
    outer loop
      vertex -4.756122589111328 -1.262176513671875 10.5
      vertex -4.8618927001953125 -1.5883865356445312 19
      vertex -4.756122589111328 -1.262176513671875 19
    endloop
  endfacet
  facet normal -0.9999948324868819 -0.0032148094085243935 0
    outer loop
      vertex -4.757225036621094 -0.91925048828125 10.5
      vertex -4.756122589111328 -1.262176513671875 19
      vertex -4.757225036621094 -0.91925048828125 19
    endloop
  endfacet
  facet normal -0.8040529052970126 -0.5945577562217429 0
    outer loop
      vertex -5.068973541259766 -0.31798553466796875 10.5
      vertex -4.865081787109375 -0.593719482421875 19
      vertex -5.068973541259766 -0.31798553466796875 19
    endloop
  endfacet
  facet normal -0.5788639353422065 -0.815424149973579 0
    outer loop
      vertex -5.348606109619141 -0.119476318359375 10.5
      vertex -5.068973541259766 -0.31798553466796875 19
      vertex -5.348606109619141 -0.119476318359375 19
    endloop
  endfacet
  facet normal -0.9492535064357984 -0.3145119719809431 0
    outer loop
      vertex -4.865081787109375 -0.593719482421875 10.5
      vertex -4.757225036621094 -0.91925048828125 19
      vertex -4.865081787109375 -0.593719482421875 19
    endloop
  endfacet
  facet normal 0 0 1
    outer loop
      vertex -5.584442138671875 -3.9989166259765625 19
      vertex -5.261444091796875 -4.068450927734375 19
      vertex -2.2331619262695312 1.3868408203125 19
    endloop
  endfacet
  facet normal 0 0 1
    outer loop
      vertex -5.261444091796875 -4.068450927734375 19
      vertex -4.933418273925781 -4.028938293457031 19
      vertex -2.4819259643554688 0.9090576171875 19
    endloop
  endfacet
  facet normal 0 0 1
    outer loop
      vertex -4.933418273925781 -4.028938293457031 19
      vertex -4.6449432373046875 -3.8908615112304688 19
      vertex -2.6289291381835938 0.39084625244140625 19
    endloop
  endfacet
  facet normal 0 0 1
    outer loop
      vertex -4.6449432373046875 -3.8908615112304688 19
      vertex -4.385841369628906 -3.6662139892578125 19
      vertex -2.669219970703125 -0.06951141357421875 19
    endloop
  endfacet
  facet normal 0 0 1
    outer loop
      vertex -4.385841369628906 -3.6662139892578125 19
      vertex -4.0696563720703125 -3.533447265625 19
      vertex -2.6144752502441406 -0.6053848266601562 19
    endloop
  endfacet
  facet normal 0 0 1
    outer loop
      vertex -3.72784423828125 -3.505767822265625 19
      vertex -2.1899871826171875 -1.5894775390625 19
      vertex -2.4524993896484375 -1.119110107421875 19
    endloop
  endfacet
  facet normal 0 0 1
    outer loop
      vertex -4.0696563720703125 -3.533447265625 19
      vertex -2.4524993896484375 -1.119110107421875 19
      vertex -2.6144752502441406 -0.6053848266601562 19
    endloop
  endfacet
  facet normal 0 0 1
    outer loop
      vertex -4.385841369628906 -3.6662139892578125 19
      vertex -2.6144752502441406 -0.6053848266601562 19
      vertex -2.669219970703125 -0.06951141357421875 19
    endloop
  endfacet
  facet normal 0 0 1
    outer loop
      vertex -4.6449432373046875 -3.8908615112304688 19
      vertex -2.669219970703125 -0.06951141357421875 19
      vertex -2.6289291381835938 0.39084625244140625 19
    endloop
  endfacet
  facet normal 0 0 1
    outer loop
      vertex -4.933418273925781 -4.028938293457031 19
      vertex -2.6289291381835938 0.39084625244140625 19
      vertex -2.4819259643554688 0.9090576171875 19
    endloop
  endfacet
  facet normal 0 0 1
    outer loop
      vertex -5.261444091796875 -4.068450927734375 19
      vertex -2.4819259643554688 0.9090576171875 19
      vertex -2.2331619262695312 1.3868408203125 19
    endloop
  endfacet
  facet normal 0 0 1
    outer loop
      vertex -5.867149353027344 -3.8279266357421875 19
      vertex -5.584442138671875 -3.9989166259765625 19
      vertex 0.5926895141601562 6.721412658691406 19
    endloop
  endfacet
  facet normal 0.7025089465057435 -0.7116749117956812 0
    outer loop
      vertex -0.8954620361328125 -5.326606750488281 10.5
      vertex -0.6514053344726562 -5.085693359375 19
      vertex -0.8954620361328125 -5.326606750488281 19
    endloop
  endfacet
  facet normal 0.44588714489933773 -0.8950891877424936 0
    outer loop
      vertex -0.6514053344726562 -5.085693359375 10.5
      vertex -0.344451904296875 -4.9327850341796875 19
      vertex -0.6514053344726562 -5.085693359375 19
    endloop
  endfacet
  facet normal 0.14492136631173141 -0.989443175521637 0
    outer loop
      vertex -0.344451904296875 -4.9327850341796875 10.5
      vertex -0.0051422119140625 -4.883087158203125 19
      vertex -0.344451904296875 -4.9327850341796875 19
    endloop
  endfacet
  facet normal 0.04363820897707734 0.9990472925696616 -0.0004625218932956307
    outer loop
      vertex -0.4033355712890625 -2.6915283203125 19
      vertex 0.1348114013671875 -2.7150344848632812 19
      vertex -0.1609070721794577 -2.7079045912798714 6.5
    endloop
  endfacet
  facet normal 0 0 1
    outer loop
      vertex -2.9792633056640625 -5.2885284423828125 19
      vertex 0.6665916442871094 -2.6292343139648438 19
      vertex -2.8138427734375 -5.020347595214844 19
    endloop
  endfacet
  facet normal 0 0 1
    outer loop
      vertex -2.8138427734375 -5.020347595214844 19
      vertex 0.1348114013671875 -2.7150344848632812 19
      vertex -2.7293624877929688 -4.68798828125 19
    endloop
  endfacet
  facet normal 0 0 1
    outer loop
      vertex -3.0662918090820312 -5.607261657714844 19
      vertex 1.1700363159179688 -2.4376678466796875 19
      vertex -2.9792633056640625 -5.2885284423828125 19
    endloop
  endfacet
  facet normal 0 0 1
    outer loop
      vertex -3.0447006225585938 -5.93695068359375 19
      vertex 1.6243438720703125 -2.1482620239257812 19
      vertex -3.0662918090820312 -5.607261657714844 19
    endloop
  endfacet
  facet normal 0 0 1
    outer loop
      vertex -3.1025428771972656 -3.7659759521484375 19
      vertex -2.8812713623046875 -4.0279693603515625 19
      vertex -1.4104385375976562 -2.3249588012695312 19
    endloop
  endfacet
  facet normal 0 0 1
    outer loop
      vertex -2.7526092529296875 -4.345848083496094 19
      vertex -0.9256134033203125 -2.5596847534179688 19
      vertex -2.8812713623046875 -4.0279693603515625 19
    endloop
  endfacet
  facet normal 0 0 1
    outer loop
      vertex -3.1025428771972656 -3.7659759521484375 19
      vertex -1.4104385375976562 -2.3249588012695312 19
      vertex -1.8377838134765625 -1.997039794921875 19
    endloop
  endfacet
  facet normal 0 0 1
    outer loop
      vertex -2.7293624877929688 -4.68798828125 19
      vertex -0.4033355712890625 -2.6915283203125 19
      vertex -2.7526092529296875 -4.345848083496094 19
    endloop
  endfacet
  facet normal 0 0 1
    outer loop
      vertex -2.8812713623046875 -4.0279693603515625 19
      vertex -0.9256134033203125 -2.5596847534179688 19
      vertex -1.4104385375976562 -2.3249588012695312 19
    endloop
  endfacet
  facet normal 0 0 1
    outer loop
      vertex -2.7526092529296875 -4.345848083496094 19
      vertex -0.4033355712890625 -2.6915283203125 19
      vertex -0.9256134033203125 -2.5596847534179688 19
    endloop
  endfacet
  facet normal 0 0 1
    outer loop
      vertex -2.9168624877929688 -6.241607666015625 19
      vertex -2.696727752685547 -6.487983703613281 19
      vertex 4.839923858642578 -0.5688934326171875 19
    endloop
  endfacet
  facet normal 0 0 1
    outer loop
      vertex -2.9168624877929688 -6.241607666015625 19
      vertex 5.050884246826172 -0.29853057861328125 19
      vertex -3.0447006225585938 -5.93695068359375 19
    endloop
  endfacet
  facet normal 0 0 1
    outer loop
      vertex -2.7293624877929688 -4.68798828125 19
      vertex 0.1348114013671875 -2.7150344848632812 19
      vertex -0.4033355712890625 -2.6915283203125 19
    endloop
  endfacet
  facet normal 0 0 1
    outer loop
      vertex -2.8138427734375 -5.020347595214844 19
      vertex 0.6665916442871094 -2.6292343139648438 19
      vertex 0.1348114013671875 -2.7150344848632812 19
    endloop
  endfacet
  facet normal 0 0 1
    outer loop
      vertex -2.9792633056640625 -5.2885284423828125 19
      vertex 1.1700363159179688 -2.4376678466796875 19
      vertex 0.6665916442871094 -2.6292343139648438 19
    endloop
  endfacet
  facet normal 0 0 1
    outer loop
      vertex -3.0662918090820312 -5.607261657714844 19
      vertex 1.6243438720703125 -2.1482620239257812 19
      vertex 1.1700363159179688 -2.4376678466796875 19
    endloop
  endfacet
  facet normal 0.7566227389776825 0.6538512190596356 -0.0007837066659079199
    outer loop
      vertex -1.9842538369697251 -1.8425303070066144 6.5
      vertex -2.1899871826171875 -1.5894775390625 19
      vertex -1.8377838134765625 -1.997039794921875 19
    endloop
  endfacet
  facet normal 0.6087676082435121 0.7933482245769955 -0.0007705283920246972
    outer loop
      vertex -1.5750952996786014 -2.2107515773469726 6.5
      vertex -1.8377838134765625 -1.997039794921875 19
      vertex -1.4104385375976562 -2.3249588012695312 19
    endloop
  endfacet
  facet normal 0.9537172387076944 0.3007038514351185 -0.0007888750577590182
    outer loop
      vertex -2.5643405392630703 -0.7971857499506476 6.5
      vertex -2.6144752502441406 -0.6053848266601562 19
      vertex -2.4524993896484375 -1.119110107421875 19
    endloop
  endfacet
  facet normal 0.8732120035958458 0.4873398854818313 -0.0007954839306350138
    outer loop
      vertex -2.29429036471837 -1.4229915938153959 6.5
      vertex -2.4524993896484375 -1.119110107421875 19
      vertex -2.1899871826171875 -1.5894775390625 19
    endloop
  endfacet
  facet normal 0.9948218954391861 0.10163080541478801 -0.0007587789708969159
    outer loop
      vertex -2.6448404155010916 -0.4014782056759514 6.5
      vertex -2.669219970703125 -0.06951141357421875 19
      vertex -2.6144752502441406 -0.6053848266601562 19
    endloop
  endfacet
  facet normal 0.435761178165229 0.9000622631757722 -0.0003435272311387119
    outer loop
      vertex -1.4104385375976562 -2.3249588012695312 19
      vertex -0.9256134033203125 -2.5596847534179688 19
      vertex -1.172078300924862 -2.445130740894991 6.5
    endloop
  endfacet
  facet normal 0.24476115089002892 0.9695833195606631 -0.0004067489563472555
    outer loop
      vertex -0.9256134033203125 -2.5596847534179688 19
      vertex -0.4033355712890625 -2.6915283203125 19
      vertex -0.6796978221220129 -2.6270074283375457 6.5
    endloop
  endfacet
  facet normal 0 0 1
    outer loop
      vertex -3.3944129943847656 -3.5859375 19
      vertex -1.8377838134765625 -1.997039794921875 19
      vertex -2.1899871826171875 -1.5894775390625 19
    endloop
  endfacet
  facet normal -0.9980307010326143 0.06272734488521521 0
    outer loop
      vertex -7.013740539550781 0.8132247924804688 10.5
      vertex -7.013740539550781 0.8132247924804688 6.5
      vertex -7.069221496582031 -0.06951141357421875 6.5
    endloop
  endfacet
  facet normal -0.9980307010326143 0.06272734488521521 0
    outer loop
      vertex -7.069221496582031 -0.06951141357421875 10.5
      vertex -7.013740539550781 0.8132247924804688 10.5
      vertex -7.069221496582031 -0.06951141357421875 6.5
    endloop
  endfacet
  facet normal -0.9823216128195499 0.18720109237821853 0
    outer loop
      vertex -7.013740539550781 0.8132247924804688 10.5
      vertex -6.848163604736328 1.6820755004882812 10.5
      vertex -7.013740539550781 0.8132247924804688 6.5
    endloop
  endfacet
  facet normal -0.9823216128195499 0.18720109237821853 0
    outer loop
      vertex -6.848163604736328 1.6820755004882812 10.5
      vertex -6.848163604736328 1.6820755004882812 6.5
      vertex -7.013740539550781 0.8132247924804688 6.5
    endloop
  endfacet
  facet normal -0.9511521569118777 0.3087224876841383 0
    outer loop
      vertex -6.575103759765625 2.5233535766601562 10.5
      vertex -6.575103759765625 2.5233535766601562 6.5
      vertex -6.848163604736328 1.6820755004882812 6.5
    endloop
  endfacet
  facet normal -0.9511521569118777 0.3087224876841383 0
    outer loop
      vertex -6.848163604736328 1.6820755004882812 10.5
      vertex -6.575103759765625 2.5233535766601562 10.5
      vertex -6.848163604736328 1.6820755004882812 6.5
    endloop
  endfacet
  facet normal -0.9050086255214871 0.4253932154274544 0
    outer loop
      vertex -6.1988525390625 3.3238143920898438 10.5
      vertex -6.1988525390625 3.3238143920898438 6.5
      vertex -6.575103759765625 2.5233535766601562 6.5
    endloop
  endfacet
  facet normal -0.8446230260205676 0.5353615076897662 0
    outer loop
      vertex -5.725334167480469 4.070869445800781 10.5
      vertex -5.725334167480469 4.070869445800781 6.5
      vertex -6.1988525390625 3.3238143920898438 6.5
    endloop
  endfacet
  facet normal -0.9050086255214871 0.4253932154274544 0
    outer loop
      vertex -6.575103759765625 2.5233535766601562 10.5
      vertex -6.1988525390625 3.3238143920898438 10.5
      vertex -6.575103759765625 2.5233535766601562 6.5
    endloop
  endfacet
  facet normal -0.8446230260205676 0.5353615076897662 0
    outer loop
      vertex -6.1988525390625 3.3238143920898438 10.5
      vertex -5.725334167480469 4.070869445800781 10.5
      vertex -6.1988525390625 3.3238143920898438 6.5
    endloop
  endfacet
  facet normal -0.7709455465580531 0.636901063150553 0
    outer loop
      vertex -5.1620025634765625 4.7527618408203125 10.5
      vertex -5.1620025634765625 4.7527618408203125 6.5
      vertex -5.725334167480469 4.070869445800781 6.5
    endloop
  endfacet
  facet normal -0.7709455465580531 0.636901063150553 0
    outer loop
      vertex -5.725334167480469 4.070869445800781 10.5
      vertex -5.1620025634765625 4.7527618408203125 10.5
      vertex -5.725334167480469 4.070869445800781 6.5
    endloop
  endfacet
  facet normal -0.6851243886001407 0.7284260924385421 0
    outer loop
      vertex -4.517723083496094 5.358741760253906 10.5
      vertex -4.517723083496094 5.358741760253906 6.5
      vertex -5.1620025634765625 4.7527618408203125 6.5
    endloop
  endfacet
  facet normal -0.6851243886001407 0.7284260924385421 0
    outer loop
      vertex -5.1620025634765625 4.7527618408203125 10.5
      vertex -4.517723083496094 5.358741760253906 10.5
      vertex -5.1620025634765625 4.7527618408203125 6.5
    endloop
  endfacet
  facet normal -0.588532199186959 0.8084737784988216 0
    outer loop
      vertex -3.802642822265625 5.8792877197265625 10.5
      vertex -3.802642822265625 5.8792877197265625 6.5
      vertex -4.517723083496094 5.358741760253906 6.5
    endloop
  endfacet
  facet normal -0.588532199186959 0.8084737784988216 0
    outer loop
      vertex -4.517723083496094 5.358741760253906 10.5
      vertex -3.802642822265625 5.8792877197265625 10.5
      vertex -4.517723083496094 5.358741760253906 6.5
    endloop
  endfacet
  facet normal -0.4826659240815765 0.875804547676294 0
    outer loop
      vertex -3.0280075073242188 6.3061981201171875 10.5
      vertex -3.0280075073242188 6.3061981201171875 6.5
      vertex -3.802642822265625 5.8792877197265625 6.5
    endloop
  endfacet
  facet normal -0.4826659240815765 0.875804547676294 0
    outer loop
      vertex -3.802642822265625 5.8792877197265625 10.5
      vertex -3.0280075073242188 6.3061981201171875 10.5
      vertex -3.802642822265625 5.8792877197265625 6.5
    endloop
  endfacet
  facet normal -0.3692108911467135 0.9293456396081329 0
    outer loop
      vertex -3.0280075073242188 6.3061981201171875 10.5
      vertex -2.2060165405273438 6.632759094238281 10.5
      vertex -3.0280075073242188 6.3061981201171875 6.5
    endloop
  endfacet
  facet normal -0.3692108911467135 0.9293456396081329 0
    outer loop
      vertex -2.2060165405273438 6.632759094238281 10.5
      vertex -2.2060165405273438 6.632759094238281 6.5
      vertex -3.0280075073242188 6.3061981201171875 6.5
    endloop
  endfacet
  facet normal -0.24993358582231184 0.9682629821892402 0
    outer loop
      vertex -1.3496055603027344 6.85382080078125 10.5
      vertex -1.3496055603027344 6.85382080078125 6.5
      vertex -2.2060165405273438 6.632759094238281 6.5
    endloop
  endfacet
  facet normal -0.24993358582231184 0.9682629821892402 0
    outer loop
      vertex -2.2060165405273438 6.632759094238281 10.5
      vertex -1.3496055603027344 6.85382080078125 10.5
      vertex -2.2060165405273438 6.632759094238281 6.5
    endloop
  endfacet
  facet normal -0.1267303048234279 0.9919372106334963 0
    outer loop
      vertex -0.47225189208984375 6.965911865234375 10.5
      vertex -0.47225189208984375 6.965911865234375 6.5
      vertex -1.3496055603027344 6.85382080078125 6.5
    endloop
  endfacet
  facet normal -0.1267303048234279 0.9919372106334963 0
    outer loop
      vertex -1.3496055603027344 6.85382080078125 10.5
      vertex -0.47225189208984375 6.965911865234375 10.5
      vertex -1.3496055603027344 6.85382080078125 6.5
    endloop
  endfacet
  facet normal -0.0015353942447500497 0.9999988212815619 0
    outer loop
      vertex -0.47225189208984375 6.965911865234375 10.5
      vertex 0.4122314453125 6.9672698974609375 10.5
      vertex -0.47225189208984375 6.965911865234375 6.5
    endloop
  endfacet
  facet normal 0 0 1
    outer loop
      vertex -7.069091796875 -0.112762451171875 10.5
      vertex -6.808197021484375 0.49764251708984375 10.5
      vertex -6.91485595703125 0.8103485107421875 10.5
    endloop
  endfacet
  facet normal 0 0 1
    outer loop
      vertex -7.069091796875 -0.112762451171875 10.5
      vertex -6.848163604736328 1.6820755004882812 10.5
      vertex -7.069221496582031 -0.06951141357421875 10.5
    endloop
  endfacet
  facet normal 0 0 1
    outer loop
      vertex -7.069091796875 -0.112762451171875 10.5
      vertex -6.91485595703125 0.8103485107421875 10.5
      vertex -6.913795471191406 1.1407470703125 10.5
    endloop
  endfacet
  facet normal 0 0 1
    outer loop
      vertex -7.069221496582031 -0.06951141357421875 10.5
      vertex -6.848163604736328 1.6820755004882812 10.5
      vertex -7.013740539550781 0.8132247924804688 10.5
    endloop
  endfacet
  facet normal 0 0 1
    outer loop
      vertex -7.069091796875 -0.112762451171875 10.5
      vertex -6.913795471191406 1.1407470703125 10.5
      vertex -6.848163604736328 1.6820755004882812 10.5
    endloop
  endfacet
  facet normal 0 0 1
    outer loop
      vertex -6.913795471191406 1.1407470703125 10.5
      vertex -6.8051300048828125 1.4527587890625 10.5
      vertex -6.575103759765625 2.5233535766601562 10.5
    endloop
  endfacet
  facet normal 0 0 1
    outer loop
      vertex -6.913795471191406 1.1407470703125 10.5
      vertex -6.575103759765625 2.5233535766601562 10.5
      vertex -6.848163604736328 1.6820755004882812 10.5
    endloop
  endfacet
  facet normal 0 0 1
    outer loop
      vertex -6.8051300048828125 1.4527587890625 10.5
      vertex -6.6007232666015625 1.7123336791992188 10.5
      vertex -6.1988525390625 3.3238143920898438 10.5
    endloop
  endfacet
  facet normal 0 0 1
    outer loop
      vertex -6.8051300048828125 1.4527587890625 10.5
      vertex -6.1988525390625 3.3238143920898438 10.5
      vertex -6.575103759765625 2.5233535766601562 10.5
    endloop
  endfacet
  facet normal -0.7896163651676844 -0.6136008440830032 0
    outer loop
      vertex -6.808197021484375 0.49764251708984375 10.5
      vertex -6.605464935302734 0.23675537109375 10.5
      vertex -6.808197021484375 0.49764251708984375 19
    endloop
  endfacet
  facet normal -0.9999948488985172 0.0032097003647737934 0
    outer loop
      vertex -6.91485595703125 0.8103485107421875 10.5
      vertex -6.913795471191406 1.1407470703125 19
      vertex -6.913795471191406 1.1407470703125 10.5
    endloop
  endfacet
  facet normal -0.9464596868630432 -0.32282202704138735 0
    outer loop
      vertex -6.808197021484375 0.49764251708984375 10.5
      vertex -6.91485595703125 0.8103485107421875 19
      vertex -6.91485595703125 0.8103485107421875 10.5
    endloop
  endfacet
  facet normal -0.944365568901411 0.32889766231080786 0
    outer loop
      vertex -6.913795471191406 1.1407470703125 10.5
      vertex -6.8051300048828125 1.4527587890625 19
      vertex -6.8051300048828125 1.4527587890625 10.5
    endloop
  endfacet
  facet normal -0.7856488012713654 0.6186727414884761 0
    outer loop
      vertex -6.8051300048828125 1.4527587890625 10.5
      vertex -6.8051300048828125 1.4527587890625 19
      vertex -6.6007232666015625 1.7123336791992188 10.5
    endloop
  endfacet
  facet normal -0.5465632407570106 -0.8374178311053534 0
    outer loop
      vertex -6.605464935302734 0.23675537109375 10.5
      vertex -6.328788757324219 0.05617523193359375 10.5
      vertex -6.605464935302734 0.23675537109375 19
    endloop
  endfacet
  facet normal -0.24904679351442252 -0.9684914530547931 0
    outer loop
      vertex -6.328788757324219 0.05617523193359375 10.5
      vertex -6.01904296875 -0.02347564697265625 10.5
      vertex -6.01904296875 -0.02347564697265625 19
    endloop
  endfacet
  facet normal 0.01615186723837825 -0.9998695500837665 0
    outer loop
      vertex -6.01904296875 -0.02347564697265625 10.5
      vertex -5.676158905029297 -0.01793670654296875 10.5
      vertex -6.01904296875 -0.02347564697265625 19
    endloop
  endfacet
  facet normal -0.5411724222924875 0.8409116537128508 0
    outer loop
      vertex -6.6007232666015625 1.7123336791992188 10.5
      vertex -6.6007232666015625 1.7123336791992188 19
      vertex -6.322887420654297 1.8911361694335938 10.5
    endloop
  endfacet
  facet normal -0.23761263564423607 0.9713599926814979 0
    outer loop
      vertex -6.322887420654297 1.8911361694335938 10.5
      vertex -6.322887420654297 1.8911361694335938 19
      vertex -6.001953125 1.9696426391601562 10.5
    endloop
  endfacet
  facet normal 0.09188275505611813 0.9957698325031229 0
    outer loop
      vertex -6.001953125 1.9696426391601562 10.5
      vertex -5.6729583740234375 1.9392852783203125 19
      vertex -5.6729583740234375 1.9392852783203125 10.5
    endloop
  endfacet
  facet normal 0.36922302506689664 0.9293408189466607 0
    outer loop
      vertex -5.6729583740234375 1.9392852783203125 10.5
      vertex -5.6729583740234375 1.9392852783203125 19
      vertex -5.380126953125 1.8229446411132812 10.5
    endloop
  endfacet
  facet normal 0 0 1
    outer loop
      vertex -6.6007232666015625 1.7123336791992188 10.5
      vertex -6.322887420654297 1.8911361694335938 10.5
      vertex -5.725334167480469 4.070869445800781 10.5
    endloop
  endfacet
  facet normal 0 0 1
    outer loop
      vertex -6.6007232666015625 1.7123336791992188 10.5
      vertex -5.725334167480469 4.070869445800781 10.5
      vertex -6.1988525390625 3.3238143920898438 10.5
    endloop
  endfacet
  facet normal 0 0 1
    outer loop
      vertex -6.322887420654297 1.8911361694335938 10.5
      vertex -6.001953125 1.9696426391601562 10.5
      vertex -5.1620025634765625 4.7527618408203125 10.5
    endloop
  endfacet
  facet normal 0 0 1
    outer loop
      vertex -6.001953125 1.9696426391601562 10.5
      vertex -5.6729583740234375 1.9392852783203125 10.5
      vertex -4.867710113525391 4.398658752441406 10.5
    endloop
  endfacet
  facet normal 0 0 1
    outer loop
      vertex -5.6729583740234375 1.9392852783203125 10.5
      vertex -5.380126953125 1.8229446411132812 10.5
      vertex -4.771839141845703 4.082481384277344 10.5
    endloop
  endfacet
  facet normal 0 0 1
    outer loop
      vertex -6.322887420654297 1.8911361694335938 10.5
      vertex -5.1620025634765625 4.7527618408203125 10.5
      vertex -5.725334167480469 4.070869445800781 10.5
    endloop
  endfacet
  facet normal 0 0 1
    outer loop
      vertex -6.001953125 1.9696426391601562 10.5
      vertex -4.855316162109375 4.72882080078125 10.5
      vertex -5.1620025634765625 4.7527618408203125 10.5
    endloop
  endfacet
  facet normal -0.7896163651676844 -0.6136008440830032 0
    outer loop
      vertex -6.605464935302734 0.23675537109375 10.5
      vertex -6.605464935302734 0.23675537109375 19
      vertex -6.808197021484375 0.49764251708984375 19
    endloop
  endfacet
  facet normal -0.9999948488985172 0.0032097003647737934 0
    outer loop
      vertex -6.91485595703125 0.8103485107421875 10.5
      vertex -6.91485595703125 0.8103485107421875 19
      vertex -6.913795471191406 1.1407470703125 19
    endloop
  endfacet
  facet normal -0.9464596868630432 -0.32282202704138735 0
    outer loop
      vertex -6.808197021484375 0.49764251708984375 10.5
      vertex -6.808197021484375 0.49764251708984375 19
      vertex -6.91485595703125 0.8103485107421875 19
    endloop
  endfacet
  facet normal -0.944365568901411 0.32889766231080786 0
    outer loop
      vertex -6.913795471191406 1.1407470703125 10.5
      vertex -6.913795471191406 1.1407470703125 19
      vertex -6.8051300048828125 1.4527587890625 19
    endloop
  endfacet
  facet normal -0.7856488012713654 0.6186727414884761 0
    outer loop
      vertex -6.6007232666015625 1.7123336791992188 10.5
      vertex -6.8051300048828125 1.4527587890625 19
      vertex -6.6007232666015625 1.7123336791992188 19
    endloop
  endfacet
  facet normal -0.5465632407570106 -0.8374178311053534 0
    outer loop
      vertex -6.328788757324219 0.05617523193359375 10.5
      vertex -6.328788757324219 0.05617523193359375 19
      vertex -6.605464935302734 0.23675537109375 19
    endloop
  endfacet
  facet normal -0.24904679351442252 -0.9684914530547931 0
    outer loop
      vertex -6.328788757324219 0.05617523193359375 10.5
      vertex -6.01904296875 -0.02347564697265625 19
      vertex -6.328788757324219 0.05617523193359375 19
    endloop
  endfacet
  facet normal 0.01615186723837825 -0.9998695500837665 0
    outer loop
      vertex -5.676158905029297 -0.01793670654296875 10.5
      vertex -5.676158905029297 -0.01793670654296875 19
      vertex -6.01904296875 -0.02347564697265625 19
    endloop
  endfacet
  facet normal -0.29609410277578624 -0.9551587733468202 0
    outer loop
      vertex -5.348606109619141 -0.119476318359375 19
      vertex -5.676158905029297 -0.01793670654296875 19
      vertex -5.676158905029297 -0.01793670654296875 10.5
    endloop
  endfacet
  facet normal -0.5411724222924875 0.8409116537128508 0
    outer loop
      vertex -6.322887420654297 1.8911361694335938 10.5
      vertex -6.6007232666015625 1.7123336791992188 19
      vertex -6.322887420654297 1.8911361694335938 19
    endloop
  endfacet
  facet normal -0.23761263564423607 0.9713599926814979 0
    outer loop
      vertex -6.001953125 1.9696426391601562 10.5
      vertex -6.322887420654297 1.8911361694335938 19
      vertex -6.001953125 1.9696426391601562 19
    endloop
  endfacet
  facet normal 0.36922302506689664 0.9293408189466607 0
    outer loop
      vertex -5.380126953125 1.8229446411132812 10.5
      vertex -5.6729583740234375 1.9392852783203125 19
      vertex -5.380126953125 1.8229446411132812 19
    endloop
  endfacet
  facet normal 0.09188275505611813 0.9957698325031229 0
    outer loop
      vertex -6.001953125 1.9696426391601562 10.5
      vertex -6.001953125 1.9696426391601562 19
      vertex -5.6729583740234375 1.9392852783203125 19
    endloop
  endfacet
  facet normal 0 0 1
    outer loop
      vertex -6.808197021484375 0.49764251708984375 19
      vertex -5.380126953125 1.8229446411132812 19
      vertex -6.91485595703125 0.8103485107421875 19
    endloop
  endfacet
  facet normal 0 0 1
    outer loop
      vertex -6.808197021484375 0.49764251708984375 19
      vertex -6.605464935302734 0.23675537109375 19
      vertex -5.038143157958984 1.7974624633789062 19
    endloop
  endfacet
  facet normal 0 0 1
    outer loop
      vertex -6.605464935302734 0.23675537109375 19
      vertex -6.328788757324219 0.05617523193359375 19
      vertex -4.705238342285156 1.8797683715820312 19
    endloop
  endfacet
  facet normal 0 0 1
    outer loop
      vertex -6.328788757324219 0.05617523193359375 19
      vertex -6.01904296875 -0.02347564697265625 19
      vertex -4.414527893066406 2.061676025390625 19
    endloop
  endfacet
  facet normal 0 0 1
    outer loop
      vertex -6.01904296875 -0.02347564697265625 19
      vertex -5.676158905029297 -0.01793670654296875 19
      vertex -4.194938659667969 2.3250808715820312 19
    endloop
  endfacet
  facet normal 0 0 1
    outer loop
      vertex -6.91485595703125 0.8103485107421875 19
      vertex -5.6729583740234375 1.9392852783203125 19
      vertex -6.913795471191406 1.1407470703125 19
    endloop
  endfacet
  facet normal 0 0 1
    outer loop
      vertex -6.913795471191406 1.1407470703125 19
      vertex -6.001953125 1.9696426391601562 19
      vertex -6.8051300048828125 1.4527587890625 19
    endloop
  endfacet
  facet normal 0 0 1
    outer loop
      vertex -6.8051300048828125 1.4527587890625 19
      vertex -6.322887420654297 1.8911361694335938 19
      vertex -6.6007232666015625 1.7123336791992188 19
    endloop
  endfacet
  facet normal 0 0 1
    outer loop
      vertex -6.8051300048828125 1.4527587890625 19
      vertex -6.001953125 1.9696426391601562 19
      vertex -6.322887420654297 1.8911361694335938 19
    endloop
  endfacet
  facet normal 0 0 1
    outer loop
      vertex -6.91485595703125 0.8103485107421875 19
      vertex -5.380126953125 1.8229446411132812 19
      vertex -5.6729583740234375 1.9392852783203125 19
    endloop
  endfacet
  facet normal 0 0 1
    outer loop
      vertex -6.913795471191406 1.1407470703125 19
      vertex -5.6729583740234375 1.9392852783203125 19
      vertex -6.001953125 1.9696426391601562 19
    endloop
  endfacet
  facet normal 0 0 1
    outer loop
      vertex -6.808197021484375 0.49764251708984375 19
      vertex -5.038143157958984 1.7974624633789062 19
      vertex -5.380126953125 1.8229446411132812 19
    endloop
  endfacet
  facet normal 0 0 1
    outer loop
      vertex -6.605464935302734 0.23675537109375 19
      vertex -4.705238342285156 1.8797683715820312 19
      vertex -5.038143157958984 1.7974624633789062 19
    endloop
  endfacet
  facet normal 0 0 1
    outer loop
      vertex -5.380126953125 1.8229446411132812 10.5
      vertex -5.038143157958984 1.7974624633789062 10.5
      vertex -4.585762023925781 3.8223648071289062 10.5
    endloop
  endfacet
  facet normal 0 0 1
    outer loop
      vertex -5.038143157958984 1.7974624633789062 10.5
      vertex -4.705238342285156 1.8797683715820312 10.5
      vertex -4.3195343017578125 3.6062088012695312 10.5
    endloop
  endfacet
  facet normal 0 0 1
    outer loop
      vertex -4.705238342285156 1.8797683715820312 10.5
      vertex -4.414527893066406 2.061676025390625 10.5
      vertex -4.133880615234375 3.3178787231445312 10.5
    endloop
  endfacet
  facet normal 0 0 1
    outer loop
      vertex -4.414527893066406 2.061676025390625 10.5
      vertex -4.194938659667969 2.3250808715820312 10.5
      vertex -4.047271728515625 2.9860610961914062 10.5
    endloop
  endfacet
  facet normal 0.996191925263437 -0.08718743051568151 0
    outer loop
      vertex -2.669219970703125 -0.06951141357421875 19
      vertex -2.669219970703125 -0.06951141357421875 6.5
      vertex -2.6573697258444393 0.06588789995978862 6.5
    endloop
  endfacet
  facet normal 0.996191925263437 -0.0871874305156799 1.7230210332740125e-17
    outer loop
      vertex -2.669219970703125 -0.06951141357421875 19
      vertex -2.6573697258444393 0.06588789995978862 6.5
      vertex -2.652629627900965 0.12004762537339153 6.5
    endloop
  endfacet
  facet normal 0.07430682604532395 0.9972354263678512 0
    outer loop
      vertex -5.380126953125 1.8229446411132812 10.5
      vertex -5.380126953125 1.8229446411132812 19
      vertex -5.038143157958984 1.7974624633789062 10.5
    endloop
  endfacet
  facet normal -0.2400090259322772 0.9707706564740405 0
    outer loop
      vertex -5.038143157958984 1.7974624633789062 10.5
      vertex -5.038143157958984 1.7974624633789062 19
      vertex -4.705238342285156 1.8797683715820312 10.5
    endloop
  endfacet
  facet normal -0.5304468154442045 0.8477182173252513 0
    outer loop
      vertex -4.705238342285156 1.8797683715820312 10.5
      vertex -4.705238342285156 1.8797683715820312 19
      vertex -4.414527893066406 2.061676025390625 10.5
    endloop
  endfacet
  facet normal -0.7680990860532114 0.6403310034694722 0
    outer loop
      vertex -4.414527893066406 2.061676025390625 10.5
      vertex -4.414527893066406 2.061676025390625 19
      vertex -4.194938659667969 2.3250808715820312 10.5
    endloop
  endfacet
  facet normal -0.9293425701763891 0.3692186171605428 0
    outer loop
      vertex -4.194938659667969 2.3250808715820312 10.5
      vertex -4.194938659667969 2.3250808715820312 19
      vertex -4.068321228027344 2.6437835693359375 10.5
    endloop
  endfacet
  facet normal 0 0 1
    outer loop
      vertex -5.038143157958984 1.7974624633789062 10.5
      vertex -4.3195343017578125 3.6062088012695312 10.5
      vertex -4.585762023925781 3.8223648071289062 10.5
    endloop
  endfacet
  facet normal 0 0 1
    outer loop
      vertex -5.6729583740234375 1.9392852783203125 10.5
      vertex -4.771839141845703 4.082481384277344 10.5
      vertex -4.867710113525391 4.398658752441406 10.5
    endloop
  endfacet
  facet normal 0 0 1
    outer loop
      vertex -6.001953125 1.9696426391601562 10.5
      vertex -4.867710113525391 4.398658752441406 10.5
      vertex -4.855316162109375 4.72882080078125 10.5
    endloop
  endfacet
  facet normal 0 0 1
    outer loop
      vertex -5.380126953125 1.8229446411132812 10.5
      vertex -4.585762023925781 3.8223648071289062 10.5
      vertex -4.771839141845703 4.082481384277344 10.5
    endloop
  endfacet
  facet normal 0 0 1
    outer loop
      vertex -4.705238342285156 1.8797683715820312 10.5
      vertex -4.133880615234375 3.3178787231445312 10.5
      vertex -4.3195343017578125 3.6062088012695312 10.5
    endloop
  endfacet
  facet normal 0 0 1
    outer loop
      vertex -4.414527893066406 2.061676025390625 10.5
      vertex -4.047271728515625 2.9860610961914062 10.5
      vertex -4.133880615234375 3.3178787231445312 10.5
    endloop
  endfacet
  facet normal 0 0 1
    outer loop
      vertex -4.194938659667969 2.3250808715820312 10.5
      vertex -4.068321228027344 2.6437835693359375 10.5
      vertex -4.047271728515625 2.9860610961914062 10.5
    endloop
  endfacet
  facet normal 0 0 1
    outer loop
      vertex -5.1620025634765625 4.7527618408203125 10.5
      vertex -4.855316162109375 4.72882080078125 10.5
      vertex -4.736019134521484 5.03692626953125 10.5
    endloop
  endfacet
  facet normal 0 0 1
    outer loop
      vertex -5.1620025634765625 4.7527618408203125 10.5
      vertex -4.736019134521484 5.03692626953125 10.5
      vertex -4.517723083496094 5.358741760253906 10.5
    endloop
  endfacet
  facet normal -0.9981143242276382 0.06138237346017997 0
    outer loop
      vertex -4.068321228027344 2.6437835693359375 10.5
      vertex -4.068321228027344 2.6437835693359375 19
      vertex -4.047271728515625 2.9860610961914062 10.5
    endloop
  endfacet
  facet normal -0.967583242829485 -0.2525523078405296 0
    outer loop
      vertex -4.047271728515625 2.9860610961914062 10.5
      vertex -4.047271728515625 2.9860610961914062 19
      vertex -4.133880615234375 3.3178787231445312 10.5
    endloop
  endfacet
  facet normal -0.6303220546593711 -0.7763337603183239 0
    outer loop
      vertex -4.585762023925781 3.8223648071289062 10.5
      vertex -4.3195343017578125 3.6062088012695312 10.5
      vertex -4.585762023925781 3.8223648071289062 19
    endloop
  endfacet
  facet normal -0.840782129575483 -0.5413736330728673 0
    outer loop
      vertex -4.133880615234375 3.3178787231445312 10.5
      vertex -4.133880615234375 3.3178787231445312 19
      vertex -4.3195343017578125 3.6062088012695312 10.5
    endloop
  endfacet
  facet normal -0.9569742832629715 -0.290172743677489 0
    outer loop
      vertex -4.771839141845703 4.082481384277344 10.5
      vertex -4.771839141845703 4.082481384277344 19
      vertex -4.867710113525391 4.398658752441406 10.5
    endloop
  endfacet
  facet normal -0.8133198286207819 -0.5818168581024977 0
    outer loop
      vertex -4.585762023925781 3.8223648071289062 10.5
      vertex -4.585762023925781 3.8223648071289062 19
      vertex -4.771839141845703 4.082481384277344 10.5
    endloop
  endfacet
  facet normal -0.9992961557277945 0.03751257319421842 0
    outer loop
      vertex -4.867710113525391 4.398658752441406 10.5
      vertex -4.867710113525391 4.398658752441406 19
      vertex -4.855316162109375 4.72882080078125 10.5
    endloop
  endfacet
  facet normal -0.9325371247339781 0.36107410734208717 0
    outer loop
      vertex -4.855316162109375 4.72882080078125 10.5
      vertex -4.855316162109375 4.72882080078125 19
      vertex -4.736019134521484 5.03692626953125 10.5
    endloop
  endfacet
  facet normal -0.7639780593026289 0.6452422218858503 0
    outer loop
      vertex -4.736019134521484 5.03692626953125 10.5
      vertex -4.736019134521484 5.03692626953125 19
      vertex -4.522830963134766 5.289344787597656 10.5
    endloop
  endfacet
  facet normal 0.8802101230675192 0.47458417509379996 0
    outer loop
      vertex -2.9094619750976562 4.826118469238281 10.5
      vertex -3.059001922607422 5.1034698486328125 10.5
      vertex -3.059001922607422 5.1034698486328125 19
    endloop
  endfacet
  facet normal 0.697932029632398 0.7161640049689747 0
    outer loop
      vertex -2.663867950439453 4.5867767333984375 10.5
      vertex -2.9094619750976562 4.826118469238281 10.5
      vertex -2.9094619750976562 4.826118469238281 19
    endloop
  endfacet
  facet normal 0.995206641388919 -0.09779410653850566 0.00023165000120581726
    outer loop
      vertex -2.6289291381835938 0.39084625244140625 19
      vertex -2.652629627900965 0.12004762537339153 6.5
      vertex -2.6228121589211857 0.4234865973977482 6.5
    endloop
  endfacet
  facet normal 0.9620406520192188 -0.2729060742768074 -0.00024183725496647855
    outer loop
      vertex -2.6289291381835938 0.39084625244140625 19
      vertex -2.6228121589211857 0.4234865973977482 6.5
      vertex -2.6219218352153013 0.42662514094532933 6.5
    endloop
  endfacet
  facet normal 0.9620406520192081 -0.27290607427684543 -0.000241837254966593
    outer loop
      vertex -2.6289291381835938 0.39084625244140625 19
      vertex -2.6219218352153013 0.42662514094532933 6.5
      vertex -2.56831692243167 0.6155916393365779 6.5
    endloop
  endfacet
  facet normal 0.9620406520192063 -0.2729060742768512 -0.0002418372549667043
    outer loop
      vertex -2.6289291381835938 0.39084625244140625 19
      vertex -2.56831692243167 0.6155916393365779 6.5
      vertex -2.562281440286075 0.6368677475873161 6.5
    endloop
  endfacet
  facet normal 0.9571319668190714 -0.2896521608133525 0.00015436713272432115
    outer loop
      vertex -2.4819259643554688 0.9090576171875 19
      vertex -2.562281440286075 0.6368677475873161 6.5
      vertex -2.4739667107077206 0.9286965762867647 6.5
    endloop
  endfacet
  facet normal 0.8869759606057832 -0.46181556865605233 -0.0001607928331458684
    outer loop
      vertex -2.4819259643554688 0.9090576171875 19
      vertex -2.4739667107077206 0.9286965762867647 6.5
      vertex -2.4730038848327323 0.9305458067227353 6.5
    endloop
  endfacet
  facet normal 0.8869759606058127 -0.46181556865599543 -0.00016079283314574975
    outer loop
      vertex -2.4819259643554688 0.9090576171875 19
      vertex -2.4730038848327323 0.9305458067227353 6.5
      vertex -2.3797858588786256 1.1095829672867417 6.5
    endloop
  endfacet
  facet normal 0.886975960605811 -0.4618155686559991 -0.00016079283314582204
    outer loop
      vertex -2.4819259643554688 0.9090576171875 19
      vertex -2.3797858588786256 1.1095829672867417 6.5
      vertex -2.371534459731158 1.1254308363970589 6.5
    endloop
  endfacet
  facet normal 0.8824376753912574 -0.47042931903562235 0.00006958271652616103
    outer loop
      vertex -2.2331619262695312 1.3868408203125 19
      vertex -2.371534459731158 1.1254308363970589 6.5
      vertex -2.228101842543658 1.394483678481158 6.5
    endloop
  endfacet
  facet normal 0.7752676069772921 -0.6316329094775052 -0.00007236493924247682
    outer loop
      vertex -2.2331619262695312 1.3868408203125 19
      vertex -2.228101842543658 1.394483678481158 6.5
      vertex -2.227531551692196 1.3951836547127003 6.5
    endloop
  endfacet
  facet normal 0.7752676069773671 -0.6316329094774132 -0.00007236493924238265
    outer loop
      vertex -2.0880059634937957 1.5664376651539522 6.5
      vertex -2.2331619262695312 1.3868408203125 19
      vertex -2.227531551692196 1.3951836547127003 6.5
    endloop
  endfacet
  facet normal 0.7739917275524177 -0.6331957084229737 -0.000022696968559395977
    outer loop
      vertex -2.0880059634937957 1.5664376651539522 6.5
      vertex -1.8951222013851667 1.8022106406579832 6.5
      vertex -1.8929290771484375 1.804443359375 19
    endloop
  endfacet
  facet normal 0.7739917275524727 -0.6331957084229066 -0.000022696968559417877
    outer loop
      vertex -1.8929290771484375 1.804443359375 19
      vertex -1.8951222013851667 1.8022106406579832 6.5
      vertex -1.8949441348805147 1.8024283016429228 6.5
    endloop
  endfacet
  facet normal 0.6359151502367927 -0.7717589787101711 0.000021898652553620232
    outer loop
      vertex -1.8929290771484375 1.804443359375 19
      vertex -1.8949441348805147 1.8024283016429228 6.5
      vertex -1.6596356560202206 1.9963181439568014 6.5
    endloop
  endfacet
  facet normal 0.631531696359791 -0.7753500520796615 -0.00011503473788719684
    outer loop
      vertex -1.47528076171875 2.144622802734375 19
      vertex -1.6596356560202206 1.9963181439568014 6.5
      vertex -1.6521447629768493 2.002419564055041 6.5
    endloop
  endfacet
  facet normal 0.631531696359795 -0.7753500520796585 -0.0001150347378872559
    outer loop
      vertex -1.47528076171875 2.144622802734375 19
      vertex -1.6521447629768493 2.002419564055041 6.5
      vertex -1.4887996025056611 2.135466109944657 6.5
    endloop
  endfacet
  facet normal 0.6315316963597992 -0.7753500520796549 -0.00011503473788726332
    outer loop
      vertex -1.47528076171875 2.144622802734375 19
      vertex -1.4887996025056611 2.135466109944657 6.5
      vertex -1.4876628202550553 2.136392032398897 6.5
    endloop
  endfacet
  facet normal 0.47353532447274405 -0.8807748203599549 0.00011088905256197578
    outer loop
      vertex -1.47528076171875 2.144622802734375 19
      vertex -1.4876628202550553 2.136392032398897 6.5
      vertex -1.2191171085133272 2.280771592084099 6.5
    endloop
  endfacet
  facet normal 0.46169206795166473 -0.8870402439389087 -0.00020005828274427905
    outer loop
      vertex -0.997467041015625 2.3933181762695312 19
      vertex -1.2191171085133272 2.280771592084099 6.5
      vertex -1.2007632472573846 2.290324520731988 6.5
    endloop
  endfacet
  facet normal 0.46169206795166 -0.8870402439389112 -0.00020005828274419145
    outer loop
      vertex -0.997467041015625 2.3933181762695312 19
      vertex -1.2007632472573846 2.290324520731988 6.5
      vertex -1.0247162298167938 2.3819545364998698 6.5
    endloop
  endfacet
  facet normal 0.4616920679517362 -0.8870402439388716 -0.00020005828274439444
    outer loop
      vertex -0.997467041015625 2.3933181762695312 19
      vertex -1.0247162298167938 2.3819545364998698 6.5
      vertex -1.0223702823414522 2.3831755694221046 6.5
    endloop
  endfacet
  facet normal 0.2930285907885758 -0.9561036597125812 0.00019200174512604089
    outer loop
      vertex -0.997467041015625 2.3933181762695312 19
      vertex -1.0223702823414522 2.3831755694221046 6.5
      vertex -0.7308533612419577 2.4725202672621784 6.5
    endloop
  endfacet
  facet normal 0.2727787933360424 -0.962076739537213 -0.0002777545288955174
    outer loop
      vertex -0.4792366027832031 2.540252685546875 19
      vertex -0.7308533612419577 2.4725202672621784 6.5
      vertex -0.7089786558082702 2.4787224292182537 6.5
    endloop
  endfacet
  facet normal 0.27277879333603966 -0.9620767395372137 -0.00027775452889545983
    outer loop
      vertex -0.4792366027832031 2.540252685546875 19
      vertex -0.7089786558082702 2.4787224292182537 6.5
      vertex -0.5211378755331976 2.5319811551358784 6.5
    endloop
  endfacet
  facet normal 0.2727787933359787 -0.962076739537231 -0.0002777545288952434
    outer loop
      vertex -0.4792366027832031 2.540252685546875 19
      vertex -0.5211378755331976 2.5319811551358784 6.5
      vertex -0.5174643572639016 2.5330227122587314 6.5
    endloop
  endfacet
  facet normal 0.1012975476050702 -0.9948561384886783 0.0002656324421980247
    outer loop
      vertex -0.4792366027832031 2.540252685546875 19
      vertex -0.5174643572639016 2.5330227122587314 6.5
      vertex -0.21413309433880973 2.563908296472886 6.5
    endloop
  endfacet
  facet normal 0 0 1
    outer loop
      vertex -2.663867950439453 4.5867767333984375 10.5
      vertex -1.0157432556152344 5.8471527099609375 10.5
      vertex -2.9094619750976562 4.826118469238281 10.5
    endloop
  endfacet
  facet normal 0 0 1
    outer loop
      vertex -2.663867950439453 4.5867767333984375 10.5
      vertex -2.3559417724609375 4.4358367919921875 10.5
      vertex -0.95074462890625 5.51043701171875 10.5
    endloop
  endfacet
  facet normal 0 0 1
    outer loop
      vertex -2.3559417724609375 4.4358367919921875 10.5
      vertex -2.0163192749023438 4.3883209228515625 10.5
      vertex -0.9938583374023438 5.17022705078125 10.5
    endloop
  endfacet
  facet normal 0 0 1
    outer loop
      vertex -2.0163192749023438 4.3883209228515625 10.5
      vertex -1.6787910461425781 4.448951721191406 10.5
      vertex -1.1408004760742188 4.860374450683594 10.5
    endloop
  endfacet
  facet normal 0 0 1
    outer loop
      vertex -1.6787910461425781 4.448951721191406 10.5
      vertex -1.3769378662109375 4.611701965332031 10.5
      vertex -1.1408004760742188 4.860374450683594 10.5
    endloop
  endfacet
  facet normal 0 0 1
    outer loop
      vertex -2.0163192749023438 4.3883209228515625 10.5
      vertex -1.1408004760742188 4.860374450683594 10.5
      vertex -0.9938583374023438 5.17022705078125 10.5
    endloop
  endfacet
  facet normal 0 0 1
    outer loop
      vertex -2.3559417724609375 4.4358367919921875 10.5
      vertex -0.9938583374023438 5.17022705078125 10.5
      vertex -0.95074462890625 5.51043701171875 10.5
    endloop
  endfacet
  facet normal 0.0726028066593547 -0.997360873299199 -0.0003476737602630429
    outer loop
      vertex 0.058002471923828125 2.5793609619140625 19
      vertex -0.21413309433880973 2.563908296472886 6.5
      vertex -0.19113626542429898 2.5655823488326255 6.5
    endloop
  endfacet
  facet normal 0.07260280665935316 -0.997360873299199 -0.0003476737602630119
    outer loop
      vertex 0.058002471923828125 2.5793609619140625 19
      vertex -0.19113626542429898 2.5655823488326255 6.5
      vertex 0.0021017276923092527 2.5796490934073124 6.5
    endloop
  endfacet
  facet normal 0.13855838204564583 0.9903542673028136 0
    outer loop
      vertex -2.3559417724609375 4.4358367919921875 10.5
      vertex -2.3559417724609375 4.4358367919921875 19
      vertex -2.0163192749023438 4.3883209228515625 10.5
    endloop
  endfacet
  facet normal 0.4401471931468202 0.8979256363223937 0
    outer loop
      vertex -2.663867950439453 4.5867767333984375 10.5
      vertex -2.663867950439453 4.5867767333984375 19
      vertex -2.3559417724609375 4.4358367919921875 10.5
    endloop
  endfacet
  facet normal -0.17680194679395278 0.9842464486143033 0
    outer loop
      vertex -2.0163192749023438 4.3883209228515625 10.5
      vertex -2.0163192749023438 4.3883209228515625 19
      vertex -1.6787910461425781 4.448951721191406 10.5
    endloop
  endfacet
  facet normal -0.4745833281478053 0.8802105797160998 0
    outer loop
      vertex -1.6787910461425781 4.448951721191406 10.5
      vertex -1.6787910461425781 4.448951721191406 19
      vertex -1.3769378662109375 4.611701965332031 10.5
    endloop
  endfacet
  facet normal -0.725147170853851 0.6885939156009555 0
    outer loop
      vertex -1.3769378662109375 4.611701965332031 10.5
      vertex -1.3769378662109375 4.611701965332031 19
      vertex -1.1408004760742188 4.860374450683594 10.5
    endloop
  endfacet
  facet normal -0.9035461261345277 0.42849083764683726 0
    outer loop
      vertex -1.1408004760742188 4.860374450683594 10.5
      vertex -1.1408004760742188 4.860374450683594 19
      vertex -0.9938583374023438 5.17022705078125 10.5
    endloop
  endfacet
  facet normal 0.07430682604532395 0.9972354263678512 0
    outer loop
      vertex -5.038143157958984 1.7974624633789062 10.5
      vertex -5.380126953125 1.8229446411132812 19
      vertex -5.038143157958984 1.7974624633789062 19
    endloop
  endfacet
  facet normal -0.2400090259322772 0.9707706564740405 0
    outer loop
      vertex -4.705238342285156 1.8797683715820312 10.5
      vertex -5.038143157958984 1.7974624633789062 19
      vertex -4.705238342285156 1.8797683715820312 19
    endloop
  endfacet
  facet normal -0.5304468154442045 0.8477182173252513 0
    outer loop
      vertex -4.414527893066406 2.061676025390625 10.5
      vertex -4.705238342285156 1.8797683715820312 19
      vertex -4.414527893066406 2.061676025390625 19
    endloop
  endfacet
  facet normal -0.7680990860532114 0.6403310034694722 0
    outer loop
      vertex -4.194938659667969 2.3250808715820312 10.5
      vertex -4.414527893066406 2.061676025390625 19
      vertex -4.194938659667969 2.3250808715820312 19
    endloop
  endfacet
  facet normal -0.9293425701763891 0.3692186171605428 0
    outer loop
      vertex -4.068321228027344 2.6437835693359375 10.5
      vertex -4.194938659667969 2.3250808715820312 19
      vertex -4.068321228027344 2.6437835693359375 19
    endloop
  endfacet
  facet normal 0.996191925263437 -0.08718743051568133 -4.054167137115323e-18
    outer loop
      vertex -2.669219970703125 -0.06951141357421875 19
      vertex -2.652629627900965 0.12004762537339153 6.5
      vertex -2.6289291381835938 0.39084625244140625 19
    endloop
  endfacet
  facet normal 0 0 1
    outer loop
      vertex -6.328788757324219 0.05617523193359375 19
      vertex -4.414527893066406 2.061676025390625 19
      vertex -4.705238342285156 1.8797683715820312 19
    endloop
  endfacet
  facet normal 0 0 1
    outer loop
      vertex -6.01904296875 -0.02347564697265625 19
      vertex -4.194938659667969 2.3250808715820312 19
      vertex -4.414527893066406 2.061676025390625 19
    endloop
  endfacet
  facet normal 0 0 1
    outer loop
      vertex -5.348606109619141 -0.119476318359375 19
      vertex -2.3559417724609375 4.4358367919921875 19
      vertex -5.676158905029297 -0.01793670654296875 19
    endloop
  endfacet
  facet normal 0 0 1
    outer loop
      vertex -5.348606109619141 -0.119476318359375 19
      vertex -5.068973541259766 -0.31798553466796875 19
      vertex -2.0163192749023438 4.3883209228515625 19
    endloop
  endfacet
  facet normal 0 0 1
    outer loop
      vertex -5.676158905029297 -0.01793670654296875 19
      vertex -2.663867950439453 4.5867767333984375 19
      vertex -4.194938659667969 2.3250808715820312 19
    endloop
  endfacet
  facet normal 0 0 1
    outer loop
      vertex -5.867149353027344 -3.8279266357421875 19
      vertex 0.3015632629394531 6.8776397705078125 19
      vertex -4.8618927001953125 -1.5883865356445312 19
    endloop
  endfacet
  facet normal 0 0 1
    outer loop
      vertex -5.068973541259766 -0.31798553466796875 19
      vertex -4.865081787109375 -0.593719482421875 19
      vertex -1.6787910461425781 4.448951721191406 19
    endloop
  endfacet
  facet normal 0 0 1
    outer loop
      vertex -4.757225036621094 -0.91925048828125 19
      vertex -1.3769378662109375 4.611701965332031 19
      vertex -4.865081787109375 -0.593719482421875 19
    endloop
  endfacet
  facet normal 0 0 1
    outer loop
      vertex -4.756122589111328 -1.262176513671875 19
      vertex -1.1408004760742188 4.860374450683594 19
      vertex -4.757225036621094 -0.91925048828125 19
    endloop
  endfacet
  facet normal 0 0 1
    outer loop
      vertex -4.8618927001953125 -1.5883865356445312 19
      vertex 0.3015632629394531 6.8776397705078125 19
      vertex -4.756122589111328 -1.262176513671875 19
    endloop
  endfacet
  facet normal -0.9981143242276382 0.06138237346017997 0
    outer loop
      vertex -4.047271728515625 2.9860610961914062 10.5
      vertex -4.068321228027344 2.6437835693359375 19
      vertex -4.047271728515625 2.9860610961914062 19
    endloop
  endfacet
  facet normal -0.967583242829485 -0.2525523078405296 0
    outer loop
      vertex -4.133880615234375 3.3178787231445312 10.5
      vertex -4.047271728515625 2.9860610961914062 19
      vertex -4.133880615234375 3.3178787231445312 19
    endloop
  endfacet
  facet normal -0.6303220546593711 -0.7763337603183239 0
    outer loop
      vertex -4.3195343017578125 3.6062088012695312 10.5
      vertex -4.3195343017578125 3.6062088012695312 19
      vertex -4.585762023925781 3.8223648071289062 19
    endloop
  endfacet
  facet normal -0.840782129575483 -0.5413736330728673 0
    outer loop
      vertex -4.3195343017578125 3.6062088012695312 10.5
      vertex -4.133880615234375 3.3178787231445312 19
      vertex -4.3195343017578125 3.6062088012695312 19
    endloop
  endfacet
  facet normal -0.8133198286207819 -0.5818168581024977 0
    outer loop
      vertex -4.771839141845703 4.082481384277344 10.5
      vertex -4.585762023925781 3.8223648071289062 19
      vertex -4.771839141845703 4.082481384277344 19
    endloop
  endfacet
  facet normal -0.9569742832629715 -0.290172743677489 0
    outer loop
      vertex -4.867710113525391 4.398658752441406 10.5
      vertex -4.771839141845703 4.082481384277344 19
      vertex -4.867710113525391 4.398658752441406 19
    endloop
  endfacet
  facet normal -0.9992961557277945 0.03751257319421842 0
    outer loop
      vertex -4.855316162109375 4.72882080078125 10.5
      vertex -4.867710113525391 4.398658752441406 19
      vertex -4.855316162109375 4.72882080078125 19
    endloop
  endfacet
  facet normal -0.9325371247339781 0.36107410734208717 0
    outer loop
      vertex -4.736019134521484 5.03692626953125 10.5
      vertex -4.855316162109375 4.72882080078125 19
      vertex -4.736019134521484 5.03692626953125 19
    endloop
  endfacet
  facet normal 0.697932029632398 0.7161640049689747 0
    outer loop
      vertex -2.663867950439453 4.5867767333984375 10.5
      vertex -2.9094619750976562 4.826118469238281 19
      vertex -2.663867950439453 4.5867767333984375 19
    endloop
  endfacet
  facet normal 0.8802101230675192 0.47458417509379996 0
    outer loop
      vertex -2.9094619750976562 4.826118469238281 10.5
      vertex -3.059001922607422 5.1034698486328125 19
      vertex -2.9094619750976562 4.826118469238281 19
    endloop
  endfacet
  facet normal 0 0 1
    outer loop
      vertex -4.867710113525391 4.398658752441406 19
      vertex -4.736019134521484 5.03692626953125 19
      vertex -4.855316162109375 4.72882080078125 19
    endloop
  endfacet
  facet normal 0 0 1
    outer loop
      vertex -4.771839141845703 4.082481384277344 19
      vertex -4.522830963134766 5.289344787597656 19
      vertex -4.867710113525391 4.398658752441406 19
    endloop
  endfacet
  facet normal 0 0 1
    outer loop
      vertex -4.867710113525391 4.398658752441406 19
      vertex -4.522830963134766 5.289344787597656 19
      vertex -4.736019134521484 5.03692626953125 19
    endloop
  endfacet
  facet normal 0 0 1
    outer loop
      vertex -4.585762023925781 3.8223648071289062 19
      vertex -4.2390289306640625 5.4585113525390625 19
      vertex -4.771839141845703 4.082481384277344 19
    endloop
  endfacet
  facet normal 0 0 1
    outer loop
      vertex -4.133880615234375 3.3178787231445312 19
      vertex -3.58782958984375 5.484344482421875 19
      vertex -4.3195343017578125 3.6062088012695312 19
    endloop
  endfacet
  facet normal 0 0 1
    outer loop
      vertex -4.585762023925781 3.8223648071289062 19
      vertex -4.3195343017578125 3.6062088012695312 19
      vertex -3.9155960083007812 5.525970458984375 19
    endloop
  endfacet
  facet normal 0 0 1
    outer loop
      vertex -4.771839141845703 4.082481384277344 19
      vertex -4.2390289306640625 5.4585113525390625 19
      vertex -4.522830963134766 5.289344787597656 19
    endloop
  endfacet
  facet normal 0 0 1
    outer loop
      vertex -4.585762023925781 3.8223648071289062 19
      vertex -3.9155960083007812 5.525970458984375 19
      vertex -4.2390289306640625 5.4585113525390625 19
    endloop
  endfacet
  facet normal 0 0 1
    outer loop
      vertex -5.676158905029297 -0.01793670654296875 19
      vertex -2.3559417724609375 4.4358367919921875 19
      vertex -2.663867950439453 4.5867767333984375 19
    endloop
  endfacet
  facet normal 0 0 1
    outer loop
      vertex -4.194938659667969 2.3250808715820312 19
      vertex -2.9094619750976562 4.826118469238281 19
      vertex -4.068321228027344 2.6437835693359375 19
    endloop
  endfacet
  facet normal 0 0 1
    outer loop
      vertex -4.068321228027344 2.6437835693359375 19
      vertex -3.059001922607422 5.1034698486328125 19
      vertex -4.047271728515625 2.9860610961914062 19
    endloop
  endfacet
  facet normal 0 0 1
    outer loop
      vertex -5.348606109619141 -0.119476318359375 19
      vertex -2.0163192749023438 4.3883209228515625 19
      vertex -2.3559417724609375 4.4358367919921875 19
    endloop
  endfacet
  facet normal 0 0 1
    outer loop
      vertex -5.068973541259766 -0.31798553466796875 19
      vertex -1.6787910461425781 4.448951721191406 19
      vertex -2.0163192749023438 4.3883209228515625 19
    endloop
  endfacet
  facet normal 0 0 1
    outer loop
      vertex -4.047271728515625 2.9860610961914062 19
      vertex -3.2915191650390625 5.33819580078125 19
      vertex -4.133880615234375 3.3178787231445312 19
    endloop
  endfacet
  facet normal 0 0 1
    outer loop
      vertex -4.068321228027344 2.6437835693359375 19
      vertex -2.9094619750976562 4.826118469238281 19
      vertex -3.059001922607422 5.1034698486328125 19
    endloop
  endfacet
  facet normal 0 0 1
    outer loop
      vertex -4.047271728515625 2.9860610961914062 19
      vertex -3.059001922607422 5.1034698486328125 19
      vertex -3.2915191650390625 5.33819580078125 19
    endloop
  endfacet
  facet normal 0 0 1
    outer loop
      vertex -4.133880615234375 3.3178787231445312 19
      vertex -3.2915191650390625 5.33819580078125 19
      vertex -3.58782958984375 5.484344482421875 19
    endloop
  endfacet
  facet normal 0 0 1
    outer loop
      vertex -4.3195343017578125 3.6062088012695312 19
      vertex -3.58782958984375 5.484344482421875 19
      vertex -3.9155960083007812 5.525970458984375 19
    endloop
  endfacet
  facet normal 0 0 1
    outer loop
      vertex -4.194938659667969 2.3250808715820312 19
      vertex -2.663867950439453 4.5867767333984375 19
      vertex -2.9094619750976562 4.826118469238281 19
    endloop
  endfacet
  facet normal 0.9620406520192084 -0.2729060742768445 -0.00024183725496656222
    outer loop
      vertex -2.6289291381835938 0.39084625244140625 19
      vertex -2.562281440286075 0.6368677475873161 6.5
      vertex -2.4819259643554688 0.9090576171875 19
    endloop
  endfacet
  facet normal 0.8869759606058123 -0.4618155686559963 -0.00016079283314576396
    outer loop
      vertex -2.4819259643554688 0.9090576171875 19
      vertex -2.371534459731158 1.1254308363970589 6.5
      vertex -2.2331619262695312 1.3868408203125 19
    endloop
  endfacet
  facet normal 0.7752676069773672 -0.6316329094774132 -0.00007236493924238093
    outer loop
      vertex -2.0880059634937957 1.5664376651539522 6.5
      vertex -1.8929290771484375 1.804443359375 19
      vertex -2.2331619262695312 1.3868408203125 19
    endloop
  endfacet
  facet normal 0.6315316963597939 -0.7753500520796591 -0.00011503473788723787
    outer loop
      vertex -1.8929290771484375 1.804443359375 19
      vertex -1.6596356560202206 1.9963181439568014 6.5
      vertex -1.47528076171875 2.144622802734375 19
    endloop
  endfacet
  facet normal 0.4616920679516616 -0.8870402439389105 -0.00020005828274421753
    outer loop
      vertex -1.47528076171875 2.144622802734375 19
      vertex -1.2191171085133272 2.280771592084099 6.5
      vertex -0.997467041015625 2.3933181762695312 19
    endloop
  endfacet
  facet normal 0.27277879333604016 -0.9620767395372136 -0.00027775452889546574
    outer loop
      vertex -0.997467041015625 2.3933181762695312 19
      vertex -0.7308533612419577 2.4725202672621784 6.5
      vertex -0.4792366027832031 2.540252685546875 19
    endloop
  endfacet
  facet normal 0 0 1
    outer loop
      vertex -5.584442138671875 -3.9989166259765625 19
      vertex -2.2331619262695312 1.3868408203125 19
      vertex 0.8170166015625 6.478851318359375 19
    endloop
  endfacet
  facet normal 0.4401471931468202 0.8979256363223937 0
    outer loop
      vertex -2.3559417724609375 4.4358367919921875 10.5
      vertex -2.663867950439453 4.5867767333984375 19
      vertex -2.3559417724609375 4.4358367919921875 19
    endloop
  endfacet
  facet normal 0.13855838204564583 0.9903542673028136 0
    outer loop
      vertex -2.0163192749023438 4.3883209228515625 10.5
      vertex -2.3559417724609375 4.4358367919921875 19
      vertex -2.0163192749023438 4.3883209228515625 19
    endloop
  endfacet
  facet normal -0.17680194679395278 0.9842464486143033 0
    outer loop
      vertex -1.6787910461425781 4.448951721191406 10.5
      vertex -2.0163192749023438 4.3883209228515625 19
      vertex -1.6787910461425781 4.448951721191406 19
    endloop
  endfacet
  facet normal -0.4745833281478053 0.8802105797160998 0
    outer loop
      vertex -1.3769378662109375 4.611701965332031 10.5
      vertex -1.6787910461425781 4.448951721191406 19
      vertex -1.3769378662109375 4.611701965332031 19
    endloop
  endfacet
  facet normal 0.07260280665935348 -0.9973608732991991 -0.00034767376026301607
    outer loop
      vertex -0.4792366027832031 2.540252685546875 19
      vertex -0.21413309433880973 2.563908296472886 6.5
      vertex 0.058002471923828125 2.5793609619140625 19
    endloop
  endfacet
  facet normal -0.725147170853851 0.6885939156009555 0
    outer loop
      vertex -1.1408004760742188 4.860374450683594 10.5
      vertex -1.3769378662109375 4.611701965332031 19
      vertex -1.1408004760742188 4.860374450683594 19
    endloop
  endfacet
  facet normal -0.9035461261345277 0.42849083764683726 0
    outer loop
      vertex -0.9938583374023438 5.17022705078125 10.5
      vertex -1.1408004760742188 4.860374450683594 19
      vertex -0.9938583374023438 5.17022705078125 19
    endloop
  endfacet
  facet normal 0 0 1
    outer loop
      vertex -4.865081787109375 -0.593719482421875 19
      vertex -1.3769378662109375 4.611701965332031 19
      vertex -1.6787910461425781 4.448951721191406 19
    endloop
  endfacet
  facet normal 0 0 1
    outer loop
      vertex -4.757225036621094 -0.91925048828125 19
      vertex -1.1408004760742188 4.860374450683594 19
      vertex -1.3769378662109375 4.611701965332031 19
    endloop
  endfacet
  facet normal 0 0 1
    outer loop
      vertex -5.584442138671875 -3.9989166259765625 19
      vertex 0.8170166015625 6.478851318359375 19
      vertex 0.5926895141601562 6.721412658691406 19
    endloop
  endfacet
  facet normal 0 0 1
    outer loop
      vertex -4.756122589111328 -1.262176513671875 19
      vertex 0.3015632629394531 6.8776397705078125 19
      vertex -1.1408004760742188 4.860374450683594 19
    endloop
  endfacet
  facet normal 0 0 1
    outer loop
      vertex -5.867149353027344 -3.8279266357421875 19
      vertex 0.5926895141601562 6.721412658691406 19
      vertex 0.3015632629394531 6.8776397705078125 19
    endloop
  endfacet
  facet normal 0 0 1
    outer loop
      vertex -2.2331619262695312 1.3868408203125 19
      vertex -1.8929290771484375 1.804443359375 19
      vertex 0.91357421875 5.538566589355469 19
    endloop
  endfacet
  facet normal 0 0 1
    outer loop
      vertex -1.8929290771484375 1.804443359375 19
      vertex -1.47528076171875 2.144622802734375 19
      vertex 1.3163528442382812 4.629096984863281 19
    endloop
  endfacet
  facet normal 0 0 1
    outer loop
      vertex -2.2331619262695312 1.3868408203125 19
      vertex 0.91357421875 5.538566589355469 19
      vertex 0.9773025512695312 5.8471527099609375 19
    endloop
  endfacet
  facet normal 0 0 1
    outer loop
      vertex -2.2331619262695312 1.3868408203125 19
      vertex 0.9773025512695312 5.8471527099609375 19
      vertex 0.9500656127929688 6.176422119140625 19
    endloop
  endfacet
  facet normal 0 0 1
    outer loop
      vertex -2.2331619262695312 1.3868408203125 19
      vertex 0.9500656127929688 6.176422119140625 19
      vertex 0.8170166015625 6.478851318359375 19
    endloop
  endfacet
  facet normal 0 0 1
    outer loop
      vertex -4.736019134521484 5.03692626953125 10.5
      vertex -4.522830963134766 5.289344787597656 10.5
      vertex -4.517723083496094 5.358741760253906 10.5
    endloop
  endfacet
  facet normal 0 0 1
    outer loop
      vertex -4.522830963134766 5.289344787597656 10.5
      vertex -3.802642822265625 5.8792877197265625 10.5
      vertex -4.517723083496094 5.358741760253906 10.5
    endloop
  endfacet
  facet normal 0 0 1
    outer loop
      vertex -4.522830963134766 5.289344787597656 10.5
      vertex -4.2390289306640625 5.4585113525390625 10.5
      vertex -3.802642822265625 5.8792877197265625 10.5
    endloop
  endfacet
  facet normal 0 0 1
    outer loop
      vertex -4.2390289306640625 5.4585113525390625 10.5
      vertex -3.9155960083007812 5.525970458984375 10.5
      vertex -3.0280075073242188 6.3061981201171875 10.5
    endloop
  endfacet
  facet normal 0 0 1
    outer loop
      vertex -4.2390289306640625 5.4585113525390625 10.5
      vertex -3.0280075073242188 6.3061981201171875 10.5
      vertex -3.802642822265625 5.8792877197265625 10.5
    endloop
  endfacet
  facet normal 0 0 1
    outer loop
      vertex -3.9155960083007812 5.525970458984375 10.5
      vertex -3.58782958984375 5.484344482421875 10.5
      vertex -2.2060165405273438 6.632759094238281 10.5
    endloop
  endfacet
  facet normal 0 0 1
    outer loop
      vertex -3.9155960083007812 5.525970458984375 10.5
      vertex -2.2060165405273438 6.632759094238281 10.5
      vertex -3.0280075073242188 6.3061981201171875 10.5
    endloop
  endfacet
  facet normal 0 0 1
    outer loop
      vertex -3.58782958984375 5.484344482421875 10.5
      vertex -3.2915191650390625 5.33819580078125 10.5
      vertex -1.3496055603027344 6.85382080078125 10.5
    endloop
  endfacet
  facet normal -0.512012939408301 0.8589777353799524 0
    outer loop
      vertex -4.522830963134766 5.289344787597656 10.5
      vertex -4.522830963134766 5.289344787597656 19
      vertex -4.2390289306640625 5.4585113525390625 10.5
    endloop
  endfacet
  facet normal -0.20417832829496632 0.9789337108582342 0
    outer loop
      vertex -4.2390289306640625 5.4585113525390625 10.5
      vertex -4.2390289306640625 5.4585113525390625 19
      vertex -3.9155960083007812 5.525970458984375 10.5
    endloop
  endfacet
  facet normal 0.1259869656099075 0.992031896914816 0
    outer loop
      vertex -3.9155960083007812 5.525970458984375 10.5
      vertex -3.9155960083007812 5.525970458984375 19
      vertex -3.58782958984375 5.484344482421875 10.5
    endloop
  endfacet
  facet normal 0.44234846151328644 0.8968432631161526 0
    outer loop
      vertex -3.58782958984375 5.484344482421875 10.5
      vertex -3.58782958984375 5.484344482421875 19
      vertex -3.2915191650390625 5.33819580078125 10.5
    endloop
  endfacet
  facet normal 0.7104414147657833 0.7037563471725085 0
    outer loop
      vertex -3.059001922607422 5.1034698486328125 10.5
      vertex -3.2915191650390625 5.33819580078125 10.5
      vertex -3.059001922607422 5.1034698486328125 19
    endloop
  endfacet
  facet normal 0 0 1
    outer loop
      vertex -2.9094619750976562 4.826118469238281 10.5
      vertex -0.9910888671875 6.166023254394531 10.5
      vertex -3.059001922607422 5.1034698486328125 10.5
    endloop
  endfacet
  facet normal 0 0 1
    outer loop
      vertex -3.059001922607422 5.1034698486328125 10.5
      vertex -0.47225189208984375 6.965911865234375 10.5
      vertex -3.2915191650390625 5.33819580078125 10.5
    endloop
  endfacet
  facet normal 0 0 1
    outer loop
      vertex -3.58782958984375 5.484344482421875 10.5
      vertex -1.3496055603027344 6.85382080078125 10.5
      vertex -2.2060165405273438 6.632759094238281 10.5
    endloop
  endfacet
  facet normal 0 0 1
    outer loop
      vertex -2.663867950439453 4.5867767333984375 10.5
      vertex -0.95074462890625 5.51043701171875 10.5
      vertex -1.0157432556152344 5.8471527099609375 10.5
    endloop
  endfacet
  facet normal 0 0 1
    outer loop
      vertex -2.9094619750976562 4.826118469238281 10.5
      vertex -1.0157432556152344 5.8471527099609375 10.5
      vertex -0.9910888671875 6.166023254394531 10.5
    endloop
  endfacet
  facet normal 0 0 1
    outer loop
      vertex -3.2915191650390625 5.33819580078125 10.5
      vertex -0.47225189208984375 6.965911865234375 10.5
      vertex -1.3496055603027344 6.85382080078125 10.5
    endloop
  endfacet
  facet normal 0 0 1
    outer loop
      vertex -3.059001922607422 5.1034698486328125 10.5
      vertex -0.9910888671875 6.166023254394531 10.5
      vertex -0.8612899780273438 6.469856262207031 10.5
    endloop
  endfacet
  facet normal 0 0 1
    outer loop
      vertex -3.059001922607422 5.1034698486328125 10.5
      vertex -0.8612899780273438 6.469856262207031 10.5
      vertex -0.47225189208984375 6.965911865234375 10.5
    endloop
  endfacet
  facet normal 0 0 1
    outer loop
      vertex -0.8612899780273438 6.469856262207031 10.5
      vertex -0.6395759582519531 6.714805603027344 10.5
      vertex -0.47225189208984375 6.965911865234375 10.5
    endloop
  endfacet
  facet normal 0 0 1
    outer loop
      vertex -0.6395759582519531 6.714805603027344 10.5
      vertex -0.3501396179199219 6.8741455078125 10.5
      vertex -0.47225189208984375 6.965911865234375 10.5
    endloop
  endfacet
  facet normal 0 0 1
    outer loop
      vertex -0.47225189208984375 6.965911865234375 10.5
      vertex -0.3501396179199219 6.8741455078125 10.5
      vertex -0.0245819091796875 6.930473327636719 10.5
    endloop
  endfacet
  facet normal 0 0 1
    outer loop
      vertex -0.47225189208984375 6.965911865234375 10.5
      vertex -0.0245819091796875 6.930473327636719 10.5
      vertex 0.4122314453125 6.9672698974609375 10.5
    endloop
  endfacet
  facet normal -0.9920656042180698 0.12572126680651938 0
    outer loop
      vertex -0.9938583374023438 5.17022705078125 10.5
      vertex -0.9938583374023438 5.17022705078125 19
      vertex -0.95074462890625 5.51043701171875 10.5
    endloop
  endfacet
  facet normal -0.9818733852788325 -0.18953800484621863 0
    outer loop
      vertex -0.95074462890625 5.51043701171875 10.5
      vertex -1.0157432556152344 5.8471527099609375 19
      vertex -1.0157432556152344 5.8471527099609375 10.5
    endloop
  endfacet
  facet normal -0.9970243091844828 0.07708778693933858 0
    outer loop
      vertex -1.0157432556152344 5.8471527099609375 10.5
      vertex -0.9910888671875 6.166023254394531 19
      vertex -0.9910888671875 6.166023254394531 10.5
    endloop
  endfacet
  facet normal -0.9195994802781229 0.39285722072046264 0
    outer loop
      vertex -0.9910888671875 6.166023254394531 10.5
      vertex -0.9910888671875 6.166023254394531 19
      vertex -0.8612899780273438 6.469856262207031 10.5
    endloop
  endfacet
  facet normal -0.7413954394360609 0.6710684036545085 0
    outer loop
      vertex -0.8612899780273438 6.469856262207031 10.5
      vertex -0.8612899780273438 6.469856262207031 19
      vertex -0.6395759582519531 6.714805603027344 10.5
    endloop
  endfacet
  facet normal -0.4822670794467042 0.8760242371543988 0
    outer loop
      vertex -0.6395759582519531 6.714805603027344 10.5
      vertex -0.6395759582519531 6.714805603027344 19
      vertex -0.3501396179199219 6.8741455078125 10.5
    endloop
  endfacet
  facet normal -0.17048646095704376 0.9853600187902604 0
    outer loop
      vertex -0.3501396179199219 6.8741455078125 10.5
      vertex -0.3501396179199219 6.8741455078125 19
      vertex -0.0245819091796875 6.930473327636719 10.5
    endloop
  endfacet
  facet normal -0.7639780593026289 0.6452422218858503 0
    outer loop
      vertex -4.522830963134766 5.289344787597656 10.5
      vertex -4.736019134521484 5.03692626953125 19
      vertex -4.522830963134766 5.289344787597656 19
    endloop
  endfacet
  facet normal -0.512012939408301 0.8589777353799524 0
    outer loop
      vertex -4.2390289306640625 5.4585113525390625 10.5
      vertex -4.522830963134766 5.289344787597656 19
      vertex -4.2390289306640625 5.4585113525390625 19
    endloop
  endfacet
  facet normal -0.20417832829496632 0.9789337108582342 0
    outer loop
      vertex -3.9155960083007812 5.525970458984375 10.5
      vertex -4.2390289306640625 5.4585113525390625 19
      vertex -3.9155960083007812 5.525970458984375 19
    endloop
  endfacet
  facet normal 0.1259869656099075 0.992031896914816 0
    outer loop
      vertex -3.58782958984375 5.484344482421875 10.5
      vertex -3.9155960083007812 5.525970458984375 19
      vertex -3.58782958984375 5.484344482421875 19
    endloop
  endfacet
  facet normal 0.44234846151328644 0.8968432631161526 0
    outer loop
      vertex -3.2915191650390625 5.33819580078125 10.5
      vertex -3.58782958984375 5.484344482421875 19
      vertex -3.2915191650390625 5.33819580078125 19
    endloop
  endfacet
  facet normal 0.7104414147657833 0.7037563471725085 0
    outer loop
      vertex -3.2915191650390625 5.33819580078125 10.5
      vertex -3.2915191650390625 5.33819580078125 19
      vertex -3.059001922607422 5.1034698486328125 19
    endloop
  endfacet
  facet normal -0.9920656042180698 0.12572126680651938 0
    outer loop
      vertex -0.95074462890625 5.51043701171875 10.5
      vertex -0.9938583374023438 5.17022705078125 19
      vertex -0.95074462890625 5.51043701171875 19
    endloop
  endfacet
  facet normal -0.9818733852788325 -0.18953800484621863 0
    outer loop
      vertex -0.95074462890625 5.51043701171875 10.5
      vertex -0.95074462890625 5.51043701171875 19
      vertex -1.0157432556152344 5.8471527099609375 19
    endloop
  endfacet
  facet normal -0.9970243091844828 0.07708778693933858 0
    outer loop
      vertex -1.0157432556152344 5.8471527099609375 10.5
      vertex -1.0157432556152344 5.8471527099609375 19
      vertex -0.9910888671875 6.166023254394531 19
    endloop
  endfacet
  facet normal -0.9195994802781229 0.39285722072046264 0
    outer loop
      vertex -0.8612899780273438 6.469856262207031 10.5
      vertex -0.9910888671875 6.166023254394531 19
      vertex -0.8612899780273438 6.469856262207031 19
    endloop
  endfacet
  facet normal -0.7413954394360609 0.6710684036545085 0
    outer loop
      vertex -0.6395759582519531 6.714805603027344 10.5
      vertex -0.8612899780273438 6.469856262207031 19
      vertex -0.6395759582519531 6.714805603027344 19
    endloop
  endfacet
  facet normal -0.4822670794467042 0.8760242371543988 0
    outer loop
      vertex -0.3501396179199219 6.8741455078125 10.5
      vertex -0.6395759582519531 6.714805603027344 19
      vertex -0.3501396179199219 6.8741455078125 19
    endloop
  endfacet
  facet normal -0.17048646095704376 0.9853600187902604 0
    outer loop
      vertex -0.0245819091796875 6.930473327636719 10.5
      vertex -0.3501396179199219 6.8741455078125 19
      vertex -0.0245819091796875 6.930473327636719 19
    endloop
  endfacet
  facet normal 0 0 1
    outer loop
      vertex -0.95074462890625 5.51043701171875 19
      vertex -0.3501396179199219 6.8741455078125 19
      vertex -1.0157432556152344 5.8471527099609375 19
    endloop
  endfacet
  facet normal 0 0 1
    outer loop
      vertex -1.0157432556152344 5.8471527099609375 19
      vertex -0.6395759582519531 6.714805603027344 19
      vertex -0.9910888671875 6.166023254394531 19
    endloop
  endfacet
  facet normal 0 0 1
    outer loop
      vertex -0.9910888671875 6.166023254394531 19
      vertex -0.6395759582519531 6.714805603027344 19
      vertex -0.8612899780273438 6.469856262207031 19
    endloop
  endfacet
  facet normal 0 0 1
    outer loop
      vertex -1.1408004760742188 4.860374450683594 19
      vertex 0.3015632629394531 6.8776397705078125 19
      vertex -0.9938583374023438 5.17022705078125 19
    endloop
  endfacet
  facet normal 0 0 1
    outer loop
      vertex -0.9938583374023438 5.17022705078125 19
      vertex -0.0245819091796875 6.930473327636719 19
      vertex -0.95074462890625 5.51043701171875 19
    endloop
  endfacet
  facet normal 0 0 1
    outer loop
      vertex -1.0157432556152344 5.8471527099609375 19
      vertex -0.3501396179199219 6.8741455078125 19
      vertex -0.6395759582519531 6.714805603027344 19
    endloop
  endfacet
  facet normal 0 0 1
    outer loop
      vertex -0.95074462890625 5.51043701171875 19
      vertex -0.0245819091796875 6.930473327636719 19
      vertex -0.3501396179199219 6.8741455078125 19
    endloop
  endfacet
  facet normal 0 0 1
    outer loop
      vertex -0.9938583374023438 5.17022705078125 19
      vertex 0.3015632629394531 6.8776397705078125 19
      vertex -0.0245819091796875 6.930473327636719 19
    endloop
  endfacet
  facet normal 0.12977504665073808 -0.9915434621169154 0
    outer loop
      vertex 0.45538330078125 -7.103523254394531 10.5
      vertex 0.45538330078125 -7.103523254394531 6.5
      vertex 1.3323898315429688 -6.988739013671875 6.5
    endloop
  endfacet
  facet normal 0.004597573238723495 -0.9999894311043065 0
    outer loop
      vertex -0.4290885925292969 -7.1075897216796875 10.5
      vertex 0.45538330078125 -7.103523254394531 6.5
      vertex 0.45538330078125 -7.103523254394531 10.5
    endloop
  endfacet
  facet normal 0.12977504665073808 -0.9915434621169154 0
    outer loop
      vertex 0.45538330078125 -7.103523254394531 10.5
      vertex 1.3323898315429688 -6.988739013671875 6.5
      vertex 1.3323898315429688 -6.988739013671875 10.5
    endloop
  endfacet
  facet normal 0.2529092472516121 -0.9674900064882442 0
    outer loop
      vertex 1.3323898315429688 -6.988739013671875 10.5
      vertex 1.3323898315429688 -6.988739013671875 6.5
      vertex 2.1881179809570312 -6.765045166015625 6.5
    endloop
  endfacet
  facet normal 0.372056849812767 -0.9282099441976477 0
    outer loop
      vertex 2.1881179809570312 -6.765045166015625 10.5
      vertex 2.1881179809570312 -6.765045166015625 6.5
      vertex 3.009105682373047 -6.435966491699219 6.5
    endloop
  endfacet
  facet normal 0.2529092472516121 -0.9674900064882442 0
    outer loop
      vertex 1.3323898315429688 -6.988739013671875 10.5
      vertex 2.1881179809570312 -6.765045166015625 6.5
      vertex 2.1881179809570312 -6.765045166015625 10.5
    endloop
  endfacet
  facet normal 0.48535031700314196 -0.8743197754740251 0
    outer loop
      vertex 3.009105682373047 -6.435966491699219 10.5
      vertex 3.009105682373047 -6.435966491699219 6.5
      vertex 3.7824249267578125 -6.006683349609375 6.5
    endloop
  endfacet
  facet normal 0.372056849812767 -0.9282099441976477 0
    outer loop
      vertex 2.1881179809570312 -6.765045166015625 10.5
      vertex 3.009105682373047 -6.435966491699219 6.5
      vertex 3.009105682373047 -6.435966491699219 10.5
    endloop
  endfacet
  facet normal 0.48535031700314196 -0.8743197754740251 0
    outer loop
      vertex 3.009105682373047 -6.435966491699219 10.5
      vertex 3.7824249267578125 -6.006683349609375 6.5
      vertex 3.7824249267578125 -6.006683349609375 10.5
    endloop
  endfacet
  facet normal 0.5910053603130345 -0.8066676292508955 0
    outer loop
      vertex 3.7824249267578125 -6.006683349609375 10.5
      vertex 3.7824249267578125 -6.006683349609375 6.5
      vertex 4.49591064453125 -5.48394775390625 6.5
    endloop
  endfacet
  facet normal 0.5910053603130345 -0.8066676292508955 0
    outer loop
      vertex 3.7824249267578125 -6.006683349609375 10.5
      vertex 4.49591064453125 -5.48394775390625 6.5
      vertex 4.49591064453125 -5.48394775390625 10.5
    endloop
  endfacet
  facet normal 0.6873591079076632 -0.7263177381672441 0
    outer loop
      vertex 4.49591064453125 -5.48394775390625 10.5
      vertex 4.49591064453125 -5.48394775390625 6.5
      vertex 5.138324737548828 -4.8759918212890625 6.5
    endloop
  endfacet
  facet normal 0.6873591079076632 -0.7263177381672441 0
    outer loop
      vertex 4.49591064453125 -5.48394775390625 10.5
      vertex 5.138324737548828 -4.8759918212890625 6.5
      vertex 5.138324737548828 -4.8759918212890625 10.5
    endloop
  endfacet
  facet normal 0.7728918336959023 -0.6345377950967033 0
    outer loop
      vertex 5.138324737548828 -4.8759918212890625 10.5
      vertex 5.138324737548828 -4.8759918212890625 6.5
      vertex 5.699562072753906 -4.1923828125 6.5
    endloop
  endfacet
  facet normal 0.7728918336959023 -0.6345377950967033 0
    outer loop
      vertex 5.138324737548828 -4.8759918212890625 10.5
      vertex 5.699562072753906 -4.1923828125 6.5
      vertex 5.699562072753906 -4.1923828125 10.5
    endloop
  endfacet
  facet normal 0.8462628003728411 -0.532765682739717 0
    outer loop
      vertex 5.699562072753906 -4.1923828125 10.5
      vertex 5.699562072753906 -4.1923828125 6.5
      vertex 6.170783996582031 -3.443878173828125 6.5
    endloop
  endfacet
  facet normal 0.906310911287641 -0.4226115616981696 0
    outer loop
      vertex 6.170783996582031 -3.443878173828125 10.5
      vertex 6.170783996582031 -3.443878173828125 6.5
      vertex 6.544578552246094 -2.6422576904296875 6.5
    endloop
  endfacet
  facet normal 0.8462628003728411 -0.532765682739717 0
    outer loop
      vertex 5.699562072753906 -4.1923828125 10.5
      vertex 6.170783996582031 -3.443878173828125 6.5
      vertex 6.170783996582031 -3.443878173828125 10.5
    endloop
  endfacet
  facet normal 0.906310911287641 -0.4226115616981696 0
    outer loop
      vertex 6.170783996582031 -3.443878173828125 10.5
      vertex 6.544578552246094 -2.6422576904296875 6.5
      vertex 6.544578552246094 -2.6422576904296875 10.5
    endloop
  endfacet
  facet normal 0.952093428074968 -0.3058072991549671 0
    outer loop
      vertex 6.544578552246094 -2.6422576904296875 10.5
      vertex 6.544578552246094 -2.6422576904296875 6.5
      vertex 6.815059661865234 -1.8001480102539062 6.5
    endloop
  endfacet
  facet normal 0.9828910284879764 -0.18418801838840654 0
    outer loop
      vertex 6.815059661865234 -1.8001480102539062 10.5
      vertex 6.815059661865234 -1.8001480102539062 6.5
      vertex 6.977970123291016 -0.9308013916015625 6.5
    endloop
  endfacet
  facet normal 0.952093428074968 -0.3058072991549671 0
    outer loop
      vertex 6.544578552246094 -2.6422576904296875 10.5
      vertex 6.815059661865234 -1.8001480102539062 6.5
      vertex 6.815059661865234 -1.8001480102539062 10.5
    endloop
  endfacet
  facet normal 0.9982182283984101 -0.059668823460324066 0
    outer loop
      vertex 6.977970123291016 -0.9308013916015625 10.5
      vertex 6.977970123291016 -0.9308013916015625 6.5
      vertex 7.0307464599609375 -0.04788970947265625 6.5
    endloop
  endfacet
  facet normal 0.9828910284879764 -0.18418801838840654 0
    outer loop
      vertex 6.815059661865234 -1.8001480102539062 10.5
      vertex 6.977970123291016 -0.9308013916015625 6.5
      vertex 6.977970123291016 -0.9308013916015625 10.5
    endloop
  endfacet
  facet normal 0.9982182283984101 -0.059668823460324066 0
    outer loop
      vertex 6.977970123291016 -0.9308013916015625 10.5
      vertex 7.0307464599609375 -0.04788970947265625 6.5
      vertex 7.0307464599609375 -0.04788970947265625 10.5
    endloop
  endfacet
  facet normal 0 0 1
    outer loop
      vertex -0.4290885925292969 -7.1075897216796875 10.5
      vertex 0.45538330078125 -7.103523254394531 10.5
      vertex 1.7284011840820312 -6.660186767578125 10.5
    endloop
  endfacet
  facet normal 0 0 1
    outer loop
      vertex -0.4290885925292969 -7.1075897216796875 10.5
      vertex 1.7284011840820312 -6.660186767578125 10.5
      vertex 1.4346389770507812 -6.50897216796875 10.5
    endloop
  endfacet
  facet normal 0 0 1
    outer loop
      vertex 0.45538330078125 -7.103523254394531 10.5
      vertex 1.3323898315429688 -6.988739013671875 10.5
      vertex 2.0554046630859375 -6.7074127197265625 10.5
    endloop
  endfacet
  facet normal 0 0 1
    outer loop
      vertex -2.1648635864257812 -6.785072326660156 10.5
      vertex 1.2061843872070312 -6.270294189453125 10.5
      vertex 1.0679702758789062 -5.970191955566406 10.5
    endloop
  endfacet
  facet normal 0 0 1
    outer loop
      vertex -1.4645309448242188 -6.5025177001953125 10.5
      vertex 1.0679702758789062 -5.970191955566406 10.5
      vertex 1.0223121643066406 -5.658424377441406 10.5
    endloop
  endfacet
  facet normal 0 0 1
    outer loop
      vertex -1.3071098327636719 -7.000877380371094 10.5
      vertex 1.4346389770507812 -6.50897216796875 10.5
      vertex 1.2061843872070312 -6.270294189453125 10.5
    endloop
  endfacet
  facet normal 0 0 1
    outer loop
      vertex -1.2386474609375 -6.2613983154296875 10.5
      vertex 1.0223121643066406 -5.658424377441406 10.5
      vertex 0.8733901977539062 -5.349517822265625 10.5
    endloop
  endfacet
  facet normal 0 0 1
    outer loop
      vertex -1.106414794921875 -5.970191955566406 10.5
      vertex 0.8733901977539062 -5.349517822265625 10.5
      vertex 0.6356582641601562 -5.102363586425781 10.5
    endloop
  endfacet
  facet normal 0 0 1
    outer loop
      vertex 0.45538330078125 -7.103523254394531 10.5
      vertex 2.0554046630859375 -6.7074127197265625 10.5
      vertex 1.7284011840820312 -6.660186767578125 10.5
    endloop
  endfacet
  facet normal 0 0 1
    outer loop
      vertex 1.3323898315429688 -6.988739013671875 10.5
      vertex 2.3799514770507812 -6.645515441894531 10.5
      vertex 2.0554046630859375 -6.7074127197265625 10.5
    endloop
  endfacet
  facet normal 0 0 1
    outer loop
      vertex 1.3323898315429688 -6.988739013671875 10.5
      vertex 2.1881179809570312 -6.765045166015625 10.5
      vertex 2.3799514770507812 -6.645515441894531 10.5
    endloop
  endfacet
  facet normal 0 0 1
    outer loop
      vertex 2.1881179809570312 -6.765045166015625 10.5
      vertex 2.6666107177734375 -6.481239318847656 10.5
      vertex 2.3799514770507812 -6.645515441894531 10.5
    endloop
  endfacet
  facet normal -0.908298360855142 -0.4183229466188319 0
    outer loop
      vertex 1.2061843872070312 -6.270294189453125 10.5
      vertex 1.0679702758789062 -5.970191955566406 19
      vertex 1.0679702758789062 -5.970191955566406 10.5
    endloop
  endfacet
  facet normal -0.9894457861601015 -0.1449035411921282 0
    outer loop
      vertex 1.0679702758789062 -5.970191955566406 10.5
      vertex 1.0679702758789062 -5.970191955566406 19
      vertex 1.0223121643066406 -5.658424377441406 10.5
    endloop
  endfacet
  facet normal -0.9007859319567219 -0.43426340484648257 0
    outer loop
      vertex 1.0223121643066406 -5.658424377441406 10.5
      vertex 1.0223121643066406 -5.658424377441406 19
      vertex 0.8733901977539062 -5.349517822265625 10.5
    endloop
  endfacet
  facet normal -0.14293738890483038 -0.9897317327705872 0
    outer loop
      vertex 1.7284011840820312 -6.660186767578125 10.5
      vertex 2.0554046630859375 -6.7074127197265625 10.5
      vertex 2.0554046630859375 -6.7074127197265625 19
    endloop
  endfacet
  facet normal 0.18734236213684857 -0.982294680505288 0
    outer loop
      vertex 2.0554046630859375 -6.7074127197265625 10.5
      vertex 2.3799514770507812 -6.645515441894531 10.5
      vertex 2.3799514770507812 -6.645515441894531 19
    endloop
  endfacet
  facet normal -0.7224091184628474 -0.6914658817047532 0
    outer loop
      vertex 1.2061843872070312 -6.270294189453125 10.5
      vertex 1.4346389770507812 -6.50897216796875 10.5
      vertex 1.4346389770507812 -6.50897216796875 19
    endloop
  endfacet
  facet normal -0.457675646854912 -0.8891192283805012 0
    outer loop
      vertex 1.4346389770507812 -6.50897216796875 10.5
      vertex 1.7284011840820312 -6.660186767578125 10.5
      vertex 1.7284011840820312 -6.660186767578125 19
    endloop
  endfacet
  facet normal 0.4972128606363772 -0.8676285905949563 0
    outer loop
      vertex 2.3799514770507812 -6.645515441894531 10.5
      vertex 2.6666107177734375 -6.481239318847656 10.5
      vertex 2.6666107177734375 -6.481239318847656 19
    endloop
  endfacet
  facet normal 0 0 1
    outer loop
      vertex 2.1881179809570312 -6.765045166015625 10.5
      vertex 3.009105682373047 -6.435966491699219 10.5
      vertex 2.6666107177734375 -6.481239318847656 10.5
    endloop
  endfacet
  facet normal 0 0 1
    outer loop
      vertex 2.6666107177734375 -6.481239318847656 10.5
      vertex 3.009105682373047 -6.435966491699219 10.5
      vertex 2.88409423828125 -6.232513427734375 10.5
    endloop
  endfacet
  facet normal 0 0 1
    outer loop
      vertex 2.88409423828125 -6.232513427734375 10.5
      vertex 3.009105682373047 -6.435966491699219 10.5
      vertex 3.0086593627929688 -5.926506042480469 10.5
    endloop
  endfacet
  facet normal 0 0 1
    outer loop
      vertex 3.009105682373047 -6.435966491699219 10.5
      vertex 3.0267105102539062 -5.5966033935546875 10.5
      vertex 3.0086593627929688 -5.926506042480469 10.5
    endloop
  endfacet
  facet normal 0 0 1
    outer loop
      vertex 3.009105682373047 -6.435966491699219 10.5
      vertex 3.7824249267578125 -6.006683349609375 10.5
      vertex 4.905277252197266 -4.0319061279296875 10.5
    endloop
  endfacet
  facet normal 0.7528040903011303 -0.6582446366100432 0
    outer loop
      vertex 2.6666107177734375 -6.481239318847656 10.5
      vertex 2.88409423828125 -6.232513427734375 10.5
      vertex 2.88409423828125 -6.232513427734375 19
    endloop
  endfacet
  facet normal 0.9262028906305064 -0.3770254704760597 0
    outer loop
      vertex 2.88409423828125 -6.232513427734375 10.5
      vertex 3.0086593627929688 -5.926506042480469 10.5
      vertex 3.0086593627929688 -5.926506042480469 19
    endloop
  endfacet
  facet normal 0.9985064004116945 -0.05463486374908233 0
    outer loop
      vertex 3.0086593627929688 -5.926506042480469 10.5
      vertex 3.0267105102539062 -5.5966033935546875 10.5
      vertex 3.0267105102539062 -5.5966033935546875 19
    endloop
  endfacet
  facet normal 0.9632662897022809 0.2685480499337154 0
    outer loop
      vertex 3.0267105102539062 -5.5966033935546875 10.5
      vertex 2.9408226013183594 -5.2885284423828125 10.5
      vertex 2.9408226013183594 -5.2885284423828125 19
    endloop
  endfacet
  facet normal -0.7224091184628474 -0.6914658817047532 0
    outer loop
      vertex 1.2061843872070312 -6.270294189453125 10.5
      vertex 1.4346389770507812 -6.50897216796875 19
      vertex 1.2061843872070312 -6.270294189453125 19
    endloop
  endfacet
  facet normal -0.908298360855142 -0.4183229466188319 0
    outer loop
      vertex 1.2061843872070312 -6.270294189453125 10.5
      vertex 1.2061843872070312 -6.270294189453125 19
      vertex 1.0679702758789062 -5.970191955566406 19
    endloop
  endfacet
  facet normal -0.9007859319567219 -0.43426340484648257 0
    outer loop
      vertex 0.8733901977539062 -5.349517822265625 10.5
      vertex 1.0223121643066406 -5.658424377441406 19
      vertex 0.8733901977539062 -5.349517822265625 19
    endloop
  endfacet
  facet normal -0.9894457861601015 -0.1449035411921282 0
    outer loop
      vertex 1.0223121643066406 -5.658424377441406 10.5
      vertex 1.0679702758789062 -5.970191955566406 19
      vertex 1.0223121643066406 -5.658424377441406 19
    endloop
  endfacet
  facet normal -0.14293738890483038 -0.9897317327705872 0
    outer loop
      vertex 1.7284011840820312 -6.660186767578125 10.5
      vertex 2.0554046630859375 -6.7074127197265625 19
      vertex 1.7284011840820312 -6.660186767578125 19
    endloop
  endfacet
  facet normal 0.18734236213684857 -0.982294680505288 0
    outer loop
      vertex 2.0554046630859375 -6.7074127197265625 10.5
      vertex 2.3799514770507812 -6.645515441894531 19
      vertex 2.0554046630859375 -6.7074127197265625 19
    endloop
  endfacet
  facet normal -0.457675646854912 -0.8891192283805012 0
    outer loop
      vertex 1.4346389770507812 -6.50897216796875 10.5
      vertex 1.7284011840820312 -6.660186767578125 19
      vertex 1.4346389770507812 -6.50897216796875 19
    endloop
  endfacet
  facet normal 0.4972128606363772 -0.8676285905949563 0
    outer loop
      vertex 2.3799514770507812 -6.645515441894531 10.5
      vertex 2.6666107177734375 -6.481239318847656 19
      vertex 2.3799514770507812 -6.645515441894531 19
    endloop
  endfacet
  facet normal 0 0 1
    outer loop
      vertex 1.2061843872070312 -6.270294189453125 19
      vertex 1.4346389770507812 -6.50897216796875 19
      vertex 1.0223121643066406 -5.658424377441406 19
    endloop
  endfacet
  facet normal 0 0 1
    outer loop
      vertex 1.2061843872070312 -6.270294189453125 19
      vertex 1.0223121643066406 -5.658424377441406 19
      vertex 1.0679702758789062 -5.970191955566406 19
    endloop
  endfacet
  facet normal 0 0 1
    outer loop
      vertex 1.7284011840820312 -6.660186767578125 19
      vertex 0.8733901977539062 -5.349517822265625 19
      vertex 1.0223121643066406 -5.658424377441406 19
    endloop
  endfacet
  facet normal 0 0 1
    outer loop
      vertex 0.332763671875 -4.941551208496094 19
      vertex 0.6356582641601562 -5.102363586425781 19
      vertex 2.88409423828125 -6.232513427734375 19
    endloop
  endfacet
  facet normal 0 0 1
    outer loop
      vertex 1.4346389770507812 -6.50897216796875 19
      vertex 1.7284011840820312 -6.660186767578125 19
      vertex 1.0223121643066406 -5.658424377441406 19
    endloop
  endfacet
  facet normal 0 0 1
    outer loop
      vertex 1.7284011840820312 -6.660186767578125 19
      vertex 2.0554046630859375 -6.7074127197265625 19
      vertex 0.8733901977539062 -5.349517822265625 19
    endloop
  endfacet
  facet normal 0 0 1
    outer loop
      vertex 0.8733901977539062 -5.349517822265625 19
      vertex 2.0554046630859375 -6.7074127197265625 19
      vertex 2.3799514770507812 -6.645515441894531 19
    endloop
  endfacet
  facet normal 0 0 1
    outer loop
      vertex 0.8733901977539062 -5.349517822265625 19
      vertex 2.6666107177734375 -6.481239318847656 19
      vertex 0.6356582641601562 -5.102363586425781 19
    endloop
  endfacet
  facet normal 0 0 1
    outer loop
      vertex 0.8733901977539062 -5.349517822265625 19
      vertex 2.3799514770507812 -6.645515441894531 19
      vertex 2.6666107177734375 -6.481239318847656 19
    endloop
  endfacet
  facet normal 0 0 1
    outer loop
      vertex 0.6356582641601562 -5.102363586425781 19
      vertex 2.6666107177734375 -6.481239318847656 19
      vertex 2.88409423828125 -6.232513427734375 19
    endloop
  endfacet
  facet normal 0 0 1
    outer loop
      vertex 0.332763671875 -4.941551208496094 19
      vertex 2.88409423828125 -6.232513427734375 19
      vertex 3.0086593627929688 -5.926506042480469 19
    endloop
  endfacet
  facet normal 0 0 1
    outer loop
      vertex 0.332763671875 -4.941551208496094 19
      vertex 3.0086593627929688 -5.926506042480469 19
      vertex 3.0267105102539062 -5.5966033935546875 19
    endloop
  endfacet
  facet normal 0.7528040903011303 -0.6582446366100432 0
    outer loop
      vertex 2.6666107177734375 -6.481239318847656 10.5
      vertex 2.88409423828125 -6.232513427734375 19
      vertex 2.6666107177734375 -6.481239318847656 19
    endloop
  endfacet
  facet normal 0.9262028906305064 -0.3770254704760597 0
    outer loop
      vertex 2.88409423828125 -6.232513427734375 10.5
      vertex 3.0086593627929688 -5.926506042480469 19
      vertex 2.88409423828125 -6.232513427734375 19
    endloop
  endfacet
  facet normal 0.9985064004116945 -0.05463486374908233 0
    outer loop
      vertex 3.0086593627929688 -5.926506042480469 10.5
      vertex 3.0267105102539062 -5.5966033935546875 19
      vertex 3.0086593627929688 -5.926506042480469 19
    endloop
  endfacet
  facet normal 0.9632662897022809 0.2685480499337154 0
    outer loop
      vertex 3.0267105102539062 -5.5966033935546875 10.5
      vertex 2.9408226013183594 -5.2885284423828125 19
      vertex 3.0267105102539062 -5.5966033935546875 19
    endloop
  endfacet
  facet normal 0.043638208977075085 0.9990472925696618 -0.0004625218932955942
    outer loop
      vertex 0.1348114013671875 -2.7150344848632812 19
      vertex 0.05343974976944827 -2.717267222538017 6.5
      vertex -0.13877106067437578 -2.7088714883458684 6.5
    endloop
  endfacet
  facet normal 0.0436382089770794 0.9990472925696616 -0.0004625218932956223
    outer loop
      vertex 0.1348114013671875 -2.7150344848632812 19
      vertex 0.060682857737821685 -2.7175836002125457 6.5
      vertex 0.05343974976944827 -2.717267222538017 6.5
    endloop
  endfacet
  facet normal -0.10831896381202374 0.9941160942272586 0.0004396328352065379
    outer loop
      vertex 0.1348114013671875 -2.7150344848632812 19
      vertex 0.36378748276654416 -2.6845572976505054 6.5
      vertex 0.060682857737821685 -2.7175836002125457 6.5
    endloop
  endfacet
  facet normal -0.17048576971045074 -0.9853601383891247 0
    outer loop
      vertex 0.332763671875 -4.941551208496094 10.5
      vertex 0.332763671875 -4.941551208496094 19
      vertex -0.0051422119140625 -4.883087158203125 10.5
    endloop
  endfacet
  facet normal -0.4689269432873791 -0.8832369568010361 0
    outer loop
      vertex 0.332763671875 -4.941551208496094 10.5
      vertex 0.6356582641601562 -5.102363586425781 10.5
      vertex 0.6356582641601562 -5.102363586425781 19
    endloop
  endfacet
  facet normal -0.7207112134904265 -0.6932354194277417 0
    outer loop
      vertex 0.8733901977539062 -5.349517822265625 10.5
      vertex 0.8733901977539062 -5.349517822265625 19
      vertex 0.6356582641601562 -5.102363586425781 10.5
    endloop
  endfacet
  facet normal -0.15928518701913252 0.9872324793716609 -0.0005107543081807241
    outer loop
      vertex 0.6665916442871094 -2.6292343139648438 19
      vertex 0.3848924814763954 -2.6811521081568648 6.5
      vertex 0.36378748276654416 -2.6845572976505054 6.5
    endloop
  endfacet
  facet normal -0.1592851870191264 0.9872324793716618 -0.0005107543081808531
    outer loop
      vertex 0.6665916442871094 -2.6292343139648438 19
      vertex 0.5744501626864361 -2.650567892854639 6.5
      vertex 0.3848924814763954 -2.6811521081568648 6.5
    endloop
  endfacet
  facet normal -0.15928518701914543 0.9872324793716587 -0.0005107543081807063
    outer loop
      vertex 0.6665916442871094 -2.6292343139648438 19
      vertex 0.582755818086512 -2.6492278155158546 6.5
      vertex 0.5744501626864361 -2.650567892854639 6.5
    endloop
  endfacet
  facet normal -0.29975384016996676 0.9540164571871571 0.0004844785064791725
    outer loop
      vertex 0.6665916442871094 -2.6292343139648438 19
      vertex 0.8736377042882583 -2.557832156910616 6.5
      vertex 0.582755818086512 -2.6492278155158546 6.5
    endloop
  endfacet
  facet normal -0.35563537778813925 0.9346246163445324 -0.0005518952100059795
    outer loop
      vertex 1.1700363159179688 -2.4376678466796875 19
      vertex 0.8927839177496276 -2.550546803263311 6.5
      vertex 0.8736377042882583 -2.557832156910616 6.5
    endloop
  endfacet
  facet normal -0.3556353777881397 0.9346246163445323 -0.000551895210005975
    outer loop
      vertex 1.1700363159179688 -2.4376678466796875 19
      vertex 1.071998971528503 -2.4823534214056293 6.5
      vertex 0.8927839177496276 -2.550546803263311 6.5
    endloop
  endfacet
  facet normal -0.35563537778813953 0.9346246163445324 -0.0005518952100059767
    outer loop
      vertex 1.1700363159179688 -2.4376678466796875 19
      vertex 1.0809384514303768 -2.478951846852022 6.5
      vertex 1.071998971528503 -2.4823534214056293 6.5
    endloop
  endfacet
  facet normal -0.4797304818082068 0.8774157468270504 0.0005215783692398151
    outer loop
      vertex 1.1700363159179688 -2.4376678466796875 19
      vertex 1.3484609267290901 -2.3326828900505516 6.5
      vertex 1.0809384514303768 -2.478951846852022 6.5
    endloop
  endfacet
  facet normal -0.5372730916359142 0.8434081350708725 -0.0005854060634677815
    outer loop
      vertex 1.6243438720703125 -2.1482620239257812 19
      vertex 1.3649235704805598 -2.322195754419462 6.5
      vertex 1.3484609267290901 -2.3326828900505516 6.5
    endloop
  endfacet
  facet normal -0.5372730916359097 0.8434081350708755 -0.000585406063467909
    outer loop
      vertex 1.6243438720703125 -2.1482620239257812 19
      vertex 1.5264911529720107 -2.219272968944993 6.5
      vertex 1.3649235704805598 -2.322195754419462 6.5
    endloop
  endfacet
  facet normal -0.5372730916359046 0.8434081350708786 -0.0005854060634679636
    outer loop
      vertex 1.6243438720703125 -2.1482620239257812 19
      vertex 1.5355287439682905 -2.213515786563649 6.5
      vertex 1.5264911529720107 -2.219272968944993 6.5
    endloop
  endfacet
  facet normal -0.6413446982257173 0.7672526792369793 0.0005515989853017414
    outer loop
      vertex 1.6243438720703125 -2.1482620239257812 19
      vertex 1.7694639318129595 -2.017969916848575 6.5
      vertex 1.5355287439682905 -2.213515786563649 6.5
    endloop
  endfacet
  facet normal -0.6967239237485974 0.7173391108969768 -0.000611599455269569
    outer loop
      vertex 2.0107460021972656 -1.7729644775390625 19
      vertex 1.7827416063403383 -2.005073821606529 6.5
      vertex 1.7694639318129595 -2.017969916848575 6.5
    endloop
  endfacet
  facet normal -0.6967239237485949 0.717339110896979 -0.0006115994552696869
    outer loop
      vertex 2.0107460021972656 -1.7729644775390625 19
      vertex 1.9200652017522604 -1.8716966883019996 6.5
      vertex 1.7827416063403383 -2.005073821606529 6.5
    endloop
  endfacet
  facet normal -0.6967239237485929 0.7173391108969811 -0.0006115994552697236
    outer loop
      vertex 2.0107460021972656 -1.7729644775390625 19
      vertex 1.928570691276999 -1.8634356330422794 6.5
      vertex 1.9200652017522604 -1.8716966883019996 6.5
    endloop
  endfacet
  facet normal -0.7784286882402095 0.6277327837265798 0.0005740727355519829
    outer loop
      vertex 2.0107460021972656 -1.7729644775390625 19
      vertex 2.1199652727912452 -1.626094144933364 6.5
      vertex 1.928570691276999 -1.8634356330422794 6.5
    endloop
  endfacet
  facet normal -0.8273940461396162 0.56162148714502 -0.0006305471678136273
    outer loop
      vertex 2.3132705688476562 -1.3272781372070312 19
      vertex 2.1297709671131217 -1.611648164346993 6.5
      vertex 2.1199652727912452 -1.626094144933364 6.5
    endloop
  endfacet
  facet normal -0.8273940461396118 0.5616214871450267 -0.0006305471678138507
    outer loop
      vertex 2.3132705688476562 -1.3272781372070312 19
      vertex 2.2372406577723787 -1.4533212765280208 6.5
      vertex 2.1297709671131217 -1.611648164346993 6.5
    endloop
  endfacet
  facet normal -0.8273940461396119 0.5616214871450264 -0.0006305471678138512
    outer loop
      vertex 2.3132705688476562 -1.3272781372070312 19
      vertex 2.2445342120002296 -1.442576240090763 6.5
      vertex 2.2372406577723787 -1.4533212765280208 6.5
    endloop
  endfacet
  facet normal -0.885736147214845 0.464188679982734 0.0005889761364409224
    outer loop
      vertex 2.3132705688476562 -1.3272781372070312 19
      vertex 2.3860662123736214 -1.172513625201057 6.5
      vertex 2.2445342120002296 -1.442576240090763 6.5
    endloop
  endfacet
  facet normal -0.9238659325361276 0.38271572580883173 -0.0006418082039092437
    outer loop
      vertex 2.5194244384765625 -0.8296279907226562 19
      vertex 2.392337162091409 -1.1573757136436809 6.5
      vertex 2.3860662123736214 -1.172513625201057 6.5
    endloop
  endfacet
  facet normal -0.9238659325361264 0.38271572580883484 -0.0006418082039093344
    outer loop
      vertex 2.5194244384765625 -0.8296279907226562 19
      vertex 2.4655522369145455 -0.9806364034566583 6.5
      vertex 2.392337162091409 -1.1573757136436809 6.5
    endloop
  endfacet
  facet normal -0.9238659325361286 0.38271572580882907 -0.0006418082039092569
    outer loop
      vertex 2.5194244384765625 -0.8296279907226562 19
      vertex 2.470953099867877 -0.9675988590016085 6.5
      vertex 2.4655522369145455 -0.9806364034566583 6.5
    endloop
  endfacet
  facet normal -0.9591502407917668 0.2828965525359073 0.0005967850489215031
    outer loop
      vertex 2.5194244384765625 -0.8296279907226562 19
      vertex 2.557207892922794 -0.6751551908605239 6.5
      vertex 2.470953099867877 -0.9675988590016085 6.5
    endloop
  endfacet
  facet normal -0.9821710430590992 0.18798836480448558 -0.0006456580648784578
    outer loop
      vertex 2.620685577392578 -0.30057525634765625 19
      vertex 2.5600832356221024 -0.660132567832395 6.5
      vertex 2.557207892922794 -0.6751551908605239 6.5
    endloop
  endfacet
  facet normal -0.9821710430590999 0.1879883648044817 -0.0006456580648783605
    outer loop
      vertex 2.620685577392578 -0.30057525634765625 19
      vertex 2.5960419749362864 -0.4722611932607045 6.5
      vertex 2.5600832356221024 -0.660132567832395 6.5
    endloop
  endfacet
  facet normal 0 0 1
    outer loop
      vertex 2.7645797729492188 -4.994354248046875 10.5
      vertex 4.058475494384766 -3.54046630859375 10.5
      vertex 2.6887359619140625 -4.659912109375 10.5
    endloop
  endfacet
  facet normal 0 0 1
    outer loop
      vertex 2.6887359619140625 -4.659912109375 10.5
      vertex 3.7174949645996094 -3.5039520263671875 10.5
      vertex 2.720836639404297 -4.318489074707031 10.5
    endloop
  endfacet
  facet normal 0 0 1
    outer loop
      vertex 3.009105682373047 -6.435966491699219 10.5
      vertex 4.606498718261719 -3.8908615112304688 10.5
      vertex 3.0267105102539062 -5.5966033935546875 10.5
    endloop
  endfacet
  facet normal 0 0 1
    outer loop
      vertex 3.0267105102539062 -5.5966033935546875 10.5
      vertex 4.606498718261719 -3.8908615112304688 10.5
      vertex 2.9408226013183594 -5.2885284423828125 10.5
    endloop
  endfacet
  facet normal 0 0 1
    outer loop
      vertex 2.7645797729492188 -4.994354248046875 10.5
      vertex 2.9408226013183594 -5.2885284423828125 10.5
      vertex 4.371120452880859 -3.6813812255859375 10.5
    endloop
  endfacet
  facet normal 0 0 1
    outer loop
      vertex 2.7645797729492188 -4.994354248046875 10.5
      vertex 4.371120452880859 -3.6813812255859375 10.5
      vertex 4.058475494384766 -3.54046630859375 10.5
    endloop
  endfacet
  facet normal 0 0 1
    outer loop
      vertex 2.720836639404297 -4.318489074707031 10.5
      vertex 3.3821029663085938 -3.5754547119140625 10.5
      vertex 2.857685089111328 -4.004051208496094 10.5
    endloop
  endfacet
  facet normal 0 0 1
    outer loop
      vertex 2.857685089111328 -4.004051208496094 10.5
      vertex 3.3821029663085938 -3.5754547119140625 10.5
      vertex 3.0856704711914062 -3.7478790283203125 10.5
    endloop
  endfacet
  facet normal 0 0 1
    outer loop
      vertex 2.720836639404297 -4.318489074707031 10.5
      vertex 3.7174949645996094 -3.5039520263671875 10.5
      vertex 3.3821029663085938 -3.5754547119140625 10.5
    endloop
  endfacet
  facet normal 0 0 1
    outer loop
      vertex 2.6887359619140625 -4.659912109375 10.5
      vertex 4.058475494384766 -3.54046630859375 10.5
      vertex 3.7174949645996094 -3.5039520263671875 10.5
    endloop
  endfacet
  facet normal 0 0 1
    outer loop
      vertex 3.009105682373047 -6.435966491699219 10.5
      vertex 4.905277252197266 -4.0319061279296875 10.5
      vertex 4.606498718261719 -3.8908615112304688 10.5
    endloop
  endfacet
  facet normal 0 0 1
    outer loop
      vertex 3.7824249267578125 -6.006683349609375 10.5
      vertex 4.49591064453125 -5.48394775390625 10.5
      vertex 5.23370361328125 -4.067901611328125 10.5
    endloop
  endfacet
  facet normal 0 0 1
    outer loop
      vertex 2.9408226013183594 -5.2885284423828125 10.5
      vertex 4.606498718261719 -3.8908615112304688 10.5
      vertex 4.371120452880859 -3.6813812255859375 10.5
    endloop
  endfacet
  facet normal 0 0 1
    outer loop
      vertex 3.7824249267578125 -6.006683349609375 10.5
      vertex 5.23370361328125 -4.067901611328125 10.5
      vertex 4.905277252197266 -4.0319061279296875 10.5
    endloop
  endfacet
  facet normal 0 0 1
    outer loop
      vertex 4.49591064453125 -5.48394775390625 10.5
      vertex 5.138324737548828 -4.8759918212890625 10.5
      vertex 5.555938720703125 -3.994903564453125 10.5
    endloop
  endfacet
  facet normal 0 0 1
    outer loop
      vertex 4.49591064453125 -5.48394775390625 10.5
      vertex 5.555938720703125 -3.994903564453125 10.5
      vertex 5.23370361328125 -4.067901611328125 10.5
    endloop
  endfacet
  facet normal 0.8578294031972916 0.5139345435074183 0
    outer loop
      vertex 2.7645797729492188 -4.994354248046875 10.5
      vertex 2.9408226013183594 -5.2885284423828125 19
      vertex 2.9408226013183594 -5.2885284423828125 10.5
    endloop
  endfacet
  facet normal 0.975237209737117 0.22116144497665574 0
    outer loop
      vertex 2.7645797729492188 -4.994354248046875 10.5
      vertex 2.6887359619140625 -4.659912109375 10.5
      vertex 2.6887359619140625 -4.659912109375 19
    endloop
  endfacet
  facet normal 0.9956091858422396 -0.09360741993321317 0
    outer loop
      vertex 2.6887359619140625 -4.659912109375 10.5
      vertex 2.720836639404297 -4.318489074707031 10.5
      vertex 2.720836639404297 -4.318489074707031 19
    endloop
  endfacet
  facet normal 0.9169246235429354 -0.3990604399594708 0
    outer loop
      vertex 2.720836639404297 -4.318489074707031 10.5
      vertex 2.857685089111328 -4.004051208496094 10.5
      vertex 2.857685089111328 -4.004051208496094 19
    endloop
  endfacet
  facet normal 0.7470084186300232 -0.6648145775296086 0
    outer loop
      vertex 2.857685089111328 -4.004051208496094 10.5
      vertex 3.0856704711914062 -3.7478790283203125 10.5
      vertex 3.0856704711914062 -3.7478790283203125 19
    endloop
  endfacet
  facet normal 0.5027944528282422 -0.8644060031056868 0
    outer loop
      vertex 3.0856704711914062 -3.7478790283203125 10.5
      vertex 3.3821029663085938 -3.5754547119140625 10.5
      vertex 3.3821029663085938 -3.5754547119140625 19
    endloop
  endfacet
  facet normal 0.2085056871270666 -0.9780211543906756 0
    outer loop
      vertex 3.3821029663085938 -3.5754547119140625 10.5
      vertex 3.7174949645996094 -3.5039520263671875 10.5
      vertex 3.7174949645996094 -3.5039520263671875 19
    endloop
  endfacet
  facet normal -0.10894746837917368 -0.9940475084892919 0
    outer loop
      vertex 4.905277252197266 -4.0319061279296875 10.5
      vertex 5.23370361328125 -4.067901611328125 10.5
      vertex 5.23370361328125 -4.067901611328125 19
    endloop
  endfacet
  facet normal -0.10647734998806979 -0.9943151280854164 0
    outer loop
      vertex 3.7174949645996094 -3.5039520263671875 10.5
      vertex 4.058475494384766 -3.54046630859375 10.5
      vertex 4.058475494384766 -3.54046630859375 19
    endloop
  endfacet
  facet normal -0.6648160826033448 -0.7470070791578501 0
    outer loop
      vertex 4.371120452880859 -3.6813812255859375 10.5
      vertex 4.606498718261719 -3.8908615112304688 10.5
      vertex 4.606498718261719 -3.8908615112304688 19
    endloop
  endfacet
  facet normal -0.41090945721946825 -0.9116761584946719 0
    outer loop
      vertex 4.371120452880859 -3.6813812255859375 10.5
      vertex 4.371120452880859 -3.6813812255859375 19
      vertex 4.058475494384766 -3.54046630859375 10.5
    endloop
  endfacet
  facet normal -0.4268943261066658 -0.9043015173811971 0
    outer loop
      vertex 4.606498718261719 -3.8908615112304688 10.5
      vertex 4.905277252197266 -4.0319061279296875 10.5
      vertex 4.905277252197266 -4.0319061279296875 19
    endloop
  endfacet
  facet normal -0.9821710430591012 0.1879883648044746 -0.0006456580648782633
    outer loop
      vertex 2.620685577392578 -0.30057525634765625 19
      vertex 2.5989036560058594 -0.45730994729434743 6.5
      vertex 2.5960419749362864 -0.4722611932607045 6.5
    endloop
  endfacet
  facet normal -0.9958700737711519 0.09078788339916152 0.0005969882249597773
    outer loop
      vertex 2.620685577392578 -0.30057525634765625 19
      vertex 2.626584894516889 -0.15366902070886948 6.5
      vertex 2.5989036560058594 -0.45730994729434743 6.5
    endloop
  endfacet
  facet normal -0.9998946117691359 -0.014503542445064728 -0.0006423484983797987
    outer loop
      vertex 2.620685577392578 -0.30057525634765625 19
      vertex 2.6263791759549857 -0.1394864937595447 6.5
      vertex 2.626584894516889 -0.15366902070886948 6.5
    endloop
  endfacet
  facet normal -0.9998946117691359 -0.01450354244506343 -0.0006423484983797812
    outer loop
      vertex 2.620685577392578 -0.30057525634765625 19
      vertex 2.623604620095609 0.05179528890505022 6.5
      vertex 2.6263791759549857 -0.1394864937595447 6.5
    endloop
  endfacet
  facet normal 0 0 1
    outer loop
      vertex 4.81097412109375 -1.563140869140625 10.5
      vertex 4.839923858642578 -0.5688934326171875 10.5
      vertex 4.713687896728516 -1.2342987060546875 10.5
    endloop
  endfacet
  facet normal 0 0 1
    outer loop
      vertex 4.713687896728516 -1.2342987060546875 10.5
      vertex 4.839923858642578 -0.5688934326171875 10.5
      vertex 4.723667144775391 -0.8915176391601562 10.5
    endloop
  endfacet
  facet normal 0 0 1
    outer loop
      vertex 5.005847930908203 -1.8453216552734375 10.5
      vertex 5.050884246826172 -0.29853057861328125 10.5
      vertex 4.81097412109375 -1.563140869140625 10.5
    endloop
  endfacet
  facet normal 0 0 1
    outer loop
      vertex 5.005847930908203 -1.8453216552734375 10.5
      vertex 5.278919219970703 -2.052764892578125 10.5
      vertex 5.335563659667969 -0.107330322265625 10.5
    endloop
  endfacet
  facet normal 0 0 1
    outer loop
      vertex 4.81097412109375 -1.563140869140625 10.5
      vertex 5.050884246826172 -0.29853057861328125 10.5
      vertex 4.839923858642578 -0.5688934326171875 10.5
    endloop
  endfacet
  facet normal 0 0 1
    outer loop
      vertex 5.005847930908203 -1.8453216552734375 10.5
      vertex 5.335563659667969 -0.107330322265625 10.5
      vertex 5.050884246826172 -0.29853057861328125 10.5
    endloop
  endfacet
  facet normal 0.8228495927849345 0.5682592257532362 0
    outer loop
      vertex 5.005847930908203 -1.8453216552734375 10.5
      vertex 4.81097412109375 -1.563140869140625 10.5
      vertex 4.81097412109375 -1.563140869140625 19
    endloop
  endfacet
  facet normal 0.6049151552457972 0.7962899314658909 0
    outer loop
      vertex 5.005847930908203 -1.8453216552734375 10.5
      vertex 5.005847930908203 -1.8453216552734375 19
      vertex 5.278919219970703 -2.052764892578125 10.5
    endloop
  endfacet
  facet normal 0.9589159732091709 0.2836902471434445 0
    outer loop
      vertex 4.81097412109375 -1.563140869140625 10.5
      vertex 4.713687896728516 -1.2342987060546875 10.5
      vertex 4.713687896728516 -1.2342987060546875 19
    endloop
  endfacet
  facet normal 0.9995764974477314 -0.02910027061945809 0
    outer loop
      vertex 4.713687896728516 -1.2342987060546875 10.5
      vertex 4.723667144775391 -0.8915176391601562 10.5
      vertex 4.723667144775391 -0.8915176391601562 19
    endloop
  endfacet
  facet normal 0.9407832828198789 -0.33900857624351016 0
    outer loop
      vertex 4.723667144775391 -0.8915176391601562 10.5
      vertex 4.839923858642578 -0.5688934326171875 10.5
      vertex 4.839923858642578 -0.5688934326171875 19
    endloop
  endfacet
  facet normal 0.7883928917993445 -0.6151720476096644 0
    outer loop
      vertex 4.839923858642578 -0.5688934326171875 10.5
      vertex 5.050884246826172 -0.29853057861328125 10.5
      vertex 5.050884246826172 -0.29853057861328125 19
    endloop
  endfacet
  facet normal -0.17048576971045074 -0.9853601383891247 0
    outer loop
      vertex -0.0051422119140625 -4.883087158203125 10.5
      vertex 0.332763671875 -4.941551208496094 19
      vertex -0.0051422119140625 -4.883087158203125 19
    endloop
  endfacet
  facet normal -0.4689269432873791 -0.8832369568010361 0
    outer loop
      vertex 0.332763671875 -4.941551208496094 10.5
      vertex 0.6356582641601562 -5.102363586425781 19
      vertex 0.332763671875 -4.941551208496094 19
    endloop
  endfacet
  facet normal -0.7207112134904265 -0.6932354194277417 0
    outer loop
      vertex 0.6356582641601562 -5.102363586425781 10.5
      vertex 0.8733901977539062 -5.349517822265625 19
      vertex 0.6356582641601562 -5.102363586425781 19
    endloop
  endfacet
  facet normal 0 0 1
    outer loop
      vertex -2.696727752685547 -6.487983703613281 19
      vertex -0.6514053344726562 -5.085693359375 19
      vertex 4.723667144775391 -0.8915176391601562 19
    endloop
  endfacet
  facet normal 0 0 1
    outer loop
      vertex -0.344451904296875 -4.9327850341796875 19
      vertex -0.0051422119140625 -4.883087158203125 19
      vertex 2.720836639404297 -4.318489074707031 19
    endloop
  endfacet
  facet normal 0 0 1
    outer loop
      vertex 0.332763671875 -4.941551208496094 19
      vertex 2.9408226013183594 -5.2885284423828125 19
      vertex -0.0051422119140625 -4.883087158203125 19
    endloop
  endfacet
  facet normal 0 0 1
    outer loop
      vertex -0.0051422119140625 -4.883087158203125 19
      vertex 2.9408226013183594 -5.2885284423828125 19
      vertex 2.7645797729492188 -4.994354248046875 19
    endloop
  endfacet
  facet normal 0 0 1
    outer loop
      vertex -0.0051422119140625 -4.883087158203125 19
      vertex 2.7645797729492188 -4.994354248046875 19
      vertex 2.6887359619140625 -4.659912109375 19
    endloop
  endfacet
  facet normal 0 0 1
    outer loop
      vertex -0.344451904296875 -4.9327850341796875 19
      vertex 2.720836639404297 -4.318489074707031 19
      vertex 2.857685089111328 -4.004051208496094 19
    endloop
  endfacet
  facet normal 0 0 1
    outer loop
      vertex -0.0051422119140625 -4.883087158203125 19
      vertex 2.6887359619140625 -4.659912109375 19
      vertex 2.720836639404297 -4.318489074707031 19
    endloop
  endfacet
  facet normal 0 0 1
    outer loop
      vertex -0.344451904296875 -4.9327850341796875 19
      vertex 2.857685089111328 -4.004051208496094 19
      vertex 3.0856704711914062 -3.7478790283203125 19
    endloop
  endfacet
  facet normal 0 0 1
    outer loop
      vertex 0.332763671875 -4.941551208496094 19
      vertex 3.0267105102539062 -5.5966033935546875 19
      vertex 2.9408226013183594 -5.2885284423828125 19
    endloop
  endfacet
  facet normal 0 0 1
    outer loop
      vertex -0.344451904296875 -4.9327850341796875 19
      vertex 3.0856704711914062 -3.7478790283203125 19
      vertex 3.3821029663085938 -3.5754547119140625 19
    endloop
  endfacet
  facet normal 0 0 1
    outer loop
      vertex -0.6514053344726562 -5.085693359375 19
      vertex -0.344451904296875 -4.9327850341796875 19
      vertex 5.005847930908203 -1.8453216552734375 19
    endloop
  endfacet
  facet normal -0.1592851870191274 0.9872324793716617 -0.0005107543081808392
    outer loop
      vertex 0.1348114013671875 -2.7150344848632812 19
      vertex 0.6665916442871094 -2.6292343139648438 19
      vertex 0.36378748276654416 -2.6845572976505054 6.5
    endloop
  endfacet
  facet normal -0.35563537778813964 0.9346246163445324 -0.0005518952100059763
    outer loop
      vertex 0.6665916442871094 -2.6292343139648438 19
      vertex 1.1700363159179688 -2.4376678466796875 19
      vertex 0.8736377042882583 -2.557832156910616 6.5
    endloop
  endfacet
  facet normal -0.5372730916359097 0.8434081350708754 -0.0005854060634679137
    outer loop
      vertex 1.1700363159179688 -2.4376678466796875 19
      vertex 1.6243438720703125 -2.1482620239257812 19
      vertex 1.3484609267290901 -2.3326828900505516 6.5
    endloop
  endfacet
  facet normal -0.6967239237485958 0.7173391108969782 -0.0006115994552696599
    outer loop
      vertex 1.6243438720703125 -2.1482620239257812 19
      vertex 2.0107460021972656 -1.7729644775390625 19
      vertex 1.7694639318129595 -2.017969916848575 6.5
    endloop
  endfacet
  facet normal -0.8273940461396122 0.5616214871450258 -0.0006305471678138353
    outer loop
      vertex 2.0107460021972656 -1.7729644775390625 19
      vertex 2.3132705688476562 -1.3272781372070312 19
      vertex 2.1199652727912452 -1.626094144933364 6.5
    endloop
  endfacet
  facet normal -0.9238659325361264 0.3827157258088347 -0.0006418082039093344
    outer loop
      vertex 2.3132705688476562 -1.3272781372070312 19
      vertex 2.5194244384765625 -0.8296279907226562 19
      vertex 2.3860662123736214 -1.172513625201057 6.5
    endloop
  endfacet
  facet normal -0.9821710430591002 0.18798836480448067 -0.0006456580648783245
    outer loop
      vertex 2.5194244384765625 -0.8296279907226562 19
      vertex 2.620685577392578 -0.30057525634765625 19
      vertex 2.557207892922794 -0.6751551908605239 6.5
    endloop
  endfacet
  facet normal 0 0 1
    outer loop
      vertex -3.0447006225585938 -5.93695068359375 19
      vertex 6.5543060302734375 1.7194976806640625 19
      vertex 1.6243438720703125 -2.1482620239257812 19
    endloop
  endfacet
  facet normal 0 0 1
    outer loop
      vertex -2.696727752685547 -6.487983703613281 19
      vertex 4.723667144775391 -0.8915176391601562 19
      vertex 4.839923858642578 -0.5688934326171875 19
    endloop
  endfacet
  facet normal 0 0 1
    outer loop
      vertex -2.9168624877929688 -6.241607666015625 19
      vertex 4.839923858642578 -0.5688934326171875 19
      vertex 5.050884246826172 -0.29853057861328125 19
    endloop
  endfacet
  facet normal 0.8578294031972916 0.5139345435074183 0
    outer loop
      vertex 2.7645797729492188 -4.994354248046875 10.5
      vertex 2.7645797729492188 -4.994354248046875 19
      vertex 2.9408226013183594 -5.2885284423828125 19
    endloop
  endfacet
  facet normal 0.975237209737117 0.22116144497665574 0
    outer loop
      vertex 2.7645797729492188 -4.994354248046875 10.5
      vertex 2.6887359619140625 -4.659912109375 19
      vertex 2.7645797729492188 -4.994354248046875 19
    endloop
  endfacet
  facet normal 0.9956091858422396 -0.09360741993321317 0
    outer loop
      vertex 2.6887359619140625 -4.659912109375 10.5
      vertex 2.720836639404297 -4.318489074707031 19
      vertex 2.6887359619140625 -4.659912109375 19
    endloop
  endfacet
  facet normal 0.9169246235429354 -0.3990604399594708 0
    outer loop
      vertex 2.720836639404297 -4.318489074707031 10.5
      vertex 2.857685089111328 -4.004051208496094 19
      vertex 2.720836639404297 -4.318489074707031 19
    endloop
  endfacet
  facet normal 0.7470084186300232 -0.6648145775296086 0
    outer loop
      vertex 2.857685089111328 -4.004051208496094 10.5
      vertex 3.0856704711914062 -3.7478790283203125 19
      vertex 2.857685089111328 -4.004051208496094 19
    endloop
  endfacet
  facet normal 0.5027944528282422 -0.8644060031056868 0
    outer loop
      vertex 3.0856704711914062 -3.7478790283203125 10.5
      vertex 3.3821029663085938 -3.5754547119140625 19
      vertex 3.0856704711914062 -3.7478790283203125 19
    endloop
  endfacet
  facet normal 0.2085056871270666 -0.9780211543906756 0
    outer loop
      vertex 3.3821029663085938 -3.5754547119140625 10.5
      vertex 3.7174949645996094 -3.5039520263671875 19
      vertex 3.3821029663085938 -3.5754547119140625 19
    endloop
  endfacet
  facet normal -0.10647734998806979 -0.9943151280854164 0
    outer loop
      vertex 3.7174949645996094 -3.5039520263671875 10.5
      vertex 4.058475494384766 -3.54046630859375 19
      vertex 3.7174949645996094 -3.5039520263671875 19
    endloop
  endfacet
  facet normal -0.10894746837917368 -0.9940475084892919 0
    outer loop
      vertex 4.905277252197266 -4.0319061279296875 10.5
      vertex 5.23370361328125 -4.067901611328125 19
      vertex 4.905277252197266 -4.0319061279296875 19
    endloop
  endfacet
  facet normal -0.41090945721946825 -0.9116761584946719 0
    outer loop
      vertex 4.058475494384766 -3.54046630859375 10.5
      vertex 4.371120452880859 -3.6813812255859375 19
      vertex 4.058475494384766 -3.54046630859375 19
    endloop
  endfacet
  facet normal -0.6648160826033448 -0.7470070791578501 0
    outer loop
      vertex 4.371120452880859 -3.6813812255859375 10.5
      vertex 4.606498718261719 -3.8908615112304688 19
      vertex 4.371120452880859 -3.6813812255859375 19
    endloop
  endfacet
  facet normal -0.4268943261066658 -0.9043015173811971 0
    outer loop
      vertex 4.606498718261719 -3.8908615112304688 10.5
      vertex 4.905277252197266 -4.0319061279296875 19
      vertex 4.606498718261719 -3.8908615112304688 19
    endloop
  endfacet
  facet normal 0 0 1
    outer loop
      vertex -0.344451904296875 -4.9327850341796875 19
      vertex 3.3821029663085938 -3.5754547119140625 19
      vertex 5.866844177246094 -2.3456192016601562 19
    endloop
  endfacet
  facet normal 0 0 1
    outer loop
      vertex -0.6514053344726562 -5.085693359375 19
      vertex 5.005847930908203 -1.8453216552734375 19
      vertex 4.81097412109375 -1.563140869140625 19
    endloop
  endfacet
  facet normal 0 0 1
    outer loop
      vertex -0.344451904296875 -4.9327850341796875 19
      vertex 5.603023529052734 -2.1648330688476562 19
      vertex 5.278919219970703 -2.052764892578125 19
    endloop
  endfacet
  facet normal 0 0 1
    outer loop
      vertex -0.344451904296875 -4.9327850341796875 19
      vertex 5.278919219970703 -2.052764892578125 19
      vertex 5.005847930908203 -1.8453216552734375 19
    endloop
  endfacet
  facet normal 0 0 1
    outer loop
      vertex -0.344451904296875 -4.9327850341796875 19
      vertex 5.866844177246094 -2.3456192016601562 19
      vertex 5.603023529052734 -2.1648330688476562 19
    endloop
  endfacet
  facet normal 0 0 1
    outer loop
      vertex 4.371120452880859 -3.6813812255859375 19
      vertex 5.23370361328125 -4.067901611328125 19
      vertex 4.058475494384766 -3.54046630859375 19
    endloop
  endfacet
  facet normal 0 0 1
    outer loop
      vertex 3.3821029663085938 -3.5754547119140625 19
      vertex 3.7174949645996094 -3.5039520263671875 19
      vertex 6.065071105957031 -2.6099395751953125 19
    endloop
  endfacet
  facet normal 0 0 1
    outer loop
      vertex 4.371120452880859 -3.6813812255859375 19
      vertex 4.606498718261719 -3.8908615112304688 19
      vertex 4.905277252197266 -4.0319061279296875 19
    endloop
  endfacet
  facet normal 0 0 1
    outer loop
      vertex 4.371120452880859 -3.6813812255859375 19
      vertex 4.905277252197266 -4.0319061279296875 19
      vertex 5.23370361328125 -4.067901611328125 19
    endloop
  endfacet
  facet normal 0 0 1
    outer loop
      vertex 3.7174949645996094 -3.5039520263671875 19
      vertex 4.058475494384766 -3.54046630859375 19
      vertex 6.045623779296875 -3.5648651123046875 19
    endloop
  endfacet
  facet normal 0 0 1
    outer loop
      vertex 5.23370361328125 -4.067901611328125 19
      vertex 5.555938720703125 -3.994903564453125 19
      vertex 4.058475494384766 -3.54046630859375 19
    endloop
  endfacet
  facet normal 0 0 1
    outer loop
      vertex 5.555938720703125 -3.994903564453125 19
      vertex 5.836795806884766 -3.8208999633789062 19
      vertex 4.058475494384766 -3.54046630859375 19
    endloop
  endfacet
  facet normal 0 0 1
    outer loop
      vertex 3.3821029663085938 -3.5754547119140625 19
      vertex 6.065071105957031 -2.6099395751953125 19
      vertex 5.866844177246094 -2.3456192016601562 19
    endloop
  endfacet
  facet normal 0.9589159732091709 0.2836902471434445 0
    outer loop
      vertex 4.81097412109375 -1.563140869140625 10.5
      vertex 4.713687896728516 -1.2342987060546875 19
      vertex 4.81097412109375 -1.563140869140625 19
    endloop
  endfacet
  facet normal 0.8228495927849345 0.5682592257532362 0
    outer loop
      vertex 5.005847930908203 -1.8453216552734375 10.5
      vertex 4.81097412109375 -1.563140869140625 19
      vertex 5.005847930908203 -1.8453216552734375 19
    endloop
  endfacet
  facet normal 0.6049151552457972 0.7962899314658909 0
    outer loop
      vertex 5.278919219970703 -2.052764892578125 10.5
      vertex 5.005847930908203 -1.8453216552734375 19
      vertex 5.278919219970703 -2.052764892578125 19
    endloop
  endfacet
  facet normal 0.9995764974477314 -0.02910027061945809 0
    outer loop
      vertex 4.713687896728516 -1.2342987060546875 10.5
      vertex 4.723667144775391 -0.8915176391601562 19
      vertex 4.713687896728516 -1.2342987060546875 19
    endloop
  endfacet
  facet normal 0.9407832828198789 -0.33900857624351016 0
    outer loop
      vertex 4.723667144775391 -0.8915176391601562 10.5
      vertex 4.839923858642578 -0.5688934326171875 19
      vertex 4.723667144775391 -0.8915176391601562 19
    endloop
  endfacet
  facet normal 0.7883928917993445 -0.6151720476096644 0
    outer loop
      vertex 4.839923858642578 -0.5688934326171875 10.5
      vertex 5.050884246826172 -0.29853057861328125 19
      vertex 4.839923858642578 -0.5688934326171875 19
    endloop
  endfacet
  facet normal 0.5575514924684475 -0.8301423572172466 0
    outer loop
      vertex 5.050884246826172 -0.29853057861328125 10.5
      vertex 5.335563659667969 -0.107330322265625 19
      vertex 5.050884246826172 -0.29853057861328125 19
    endloop
  endfacet
  facet normal 0 0 1
    outer loop
      vertex -0.6514053344726562 -5.085693359375 19
      vertex 4.81097412109375 -1.563140869140625 19
      vertex 4.713687896728516 -1.2342987060546875 19
    endloop
  endfacet
  facet normal 0 0 1
    outer loop
      vertex -0.6514053344726562 -5.085693359375 19
      vertex 4.713687896728516 -1.2342987060546875 19
      vertex 4.723667144775391 -0.8915176391601562 19
    endloop
  endfacet
  facet normal 0 0 1
    outer loop
      vertex -3.0447006225585938 -5.93695068359375 19
      vertex 5.050884246826172 -0.29853057861328125 19
      vertex 6.5543060302734375 1.7194976806640625 19
    endloop
  endfacet
  facet normal 0 0 1
    outer loop
      vertex 1.6243438720703125 -2.1482620239257812 19
      vertex 6.5543060302734375 1.7194976806640625 19
      vertex 2.0107460021972656 -1.7729644775390625 19
    endloop
  endfacet
  facet normal 0 0 1
    outer loop
      vertex 2.0107460021972656 -1.7729644775390625 19
      vertex 6.5543060302734375 1.7194976806640625 19
      vertex 2.3132705688476562 -1.3272781372070312 19
    endloop
  endfacet
  facet normal 0 0 1
    outer loop
      vertex 2.3132705688476562 -1.3272781372070312 19
      vertex 6.274574279785156 1.8953094482421875 19
      vertex 2.5194244384765625 -0.8296279907226562 19
    endloop
  endfacet
  facet normal 0 0 1
    outer loop
      vertex 5.138324737548828 -4.8759918212890625 10.5
      vertex 5.836795806884766 -3.8208999633789062 10.5
      vertex 5.555938720703125 -3.994903564453125 10.5
    endloop
  endfacet
  facet normal 0 0 1
    outer loop
      vertex 5.138324737548828 -4.8759918212890625 10.5
      vertex 5.699562072753906 -4.1923828125 10.5
      vertex 5.836795806884766 -3.8208999633789062 10.5
    endloop
  endfacet
  facet normal 0 0 1
    outer loop
      vertex 5.699562072753906 -4.1923828125 10.5
      vertex 6.045623779296875 -3.5648651123046875 10.5
      vertex 5.836795806884766 -3.8208999633789062 10.5
    endloop
  endfacet
  facet normal 0 0 1
    outer loop
      vertex 5.699562072753906 -4.1923828125 10.5
      vertex 6.170783996582031 -3.443878173828125 10.5
      vertex 6.045623779296875 -3.5648651123046875 10.5
    endloop
  endfacet
  facet normal 0 0 1
    outer loop
      vertex 6.045623779296875 -3.5648651123046875 10.5
      vertex 6.170783996582031 -3.443878173828125 10.5
      vertex 6.1596221923828125 -3.2547607421875 10.5
    endloop
  endfacet
  facet normal 0 0 1
    outer loop
      vertex 6.170783996582031 -3.443878173828125 10.5
      vertex 6.166351318359375 -2.9244308471679688 10.5
      vertex 6.1596221923828125 -3.2547607421875 10.5
    endloop
  endfacet
  facet normal 0 0 1
    outer loop
      vertex 6.170783996582031 -3.443878173828125 10.5
      vertex 6.544578552246094 -2.6422576904296875 10.5
      vertex 6.166351318359375 -2.9244308471679688 10.5
    endloop
  endfacet
  facet normal 0 0 1
    outer loop
      vertex 6.065071105957031 -2.6099395751953125 10.5
      vertex 6.166351318359375 -2.9244308471679688 10.5
      vertex 6.544578552246094 -2.6422576904296875 10.5
    endloop
  endfacet
  facet normal 0.22093837899857172 -0.9752877691663541 0
    outer loop
      vertex 5.23370361328125 -4.067901611328125 10.5
      vertex 5.555938720703125 -3.994903564453125 10.5
      vertex 5.555938720703125 -3.994903564453125 19
    endloop
  endfacet
  facet normal 0.5266602473404149 -0.850075869479503 0
    outer loop
      vertex 5.555938720703125 -3.994903564453125 10.5
      vertex 5.836795806884766 -3.8208999633789062 10.5
      vertex 5.836795806884766 -3.8208999633789062 19
    endloop
  endfacet
  facet normal 0.7749281177137005 -0.6320493749515943 0
    outer loop
      vertex 5.836795806884766 -3.8208999633789062 10.5
      vertex 6.045623779296875 -3.5648651123046875 10.5
      vertex 6.045623779296875 -3.5648651123046875 19
    endloop
  endfacet
  facet normal 0.9385888912692015 -0.34503752431590834 0
    outer loop
      vertex 6.045623779296875 -3.5648651123046875 10.5
      vertex 6.1596221923828125 -3.2547607421875 10.5
      vertex 6.1596221923828125 -3.2547607421875 19
    endloop
  endfacet
  facet normal 0.9997925772331226 -0.020366700998212674 0
    outer loop
      vertex 6.1596221923828125 -3.2547607421875 10.5
      vertex 6.166351318359375 -2.9244308471679688 10.5
      vertex 6.166351318359375 -2.9244308471679688 19
    endloop
  endfacet
  facet normal 0.9518575887242727 0.30654058587406224 0
    outer loop
      vertex 6.065071105957031 -2.6099395751953125 10.5
      vertex 6.065071105957031 -2.6099395751953125 19
      vertex 6.166351318359375 -2.9244308471679688 10.5
    endloop
  endfacet
  facet normal 0 0 1
    outer loop
      vertex 5.278919219970703 -2.052764892578125 10.5
      vertex 5.603023529052734 -2.1648330688476562 10.5
      vertex 5.665637969970703 -0.01430511474609375 10.5
    endloop
  endfacet
  facet normal 0 0 1
    outer loop
      vertex 5.603023529052734 -2.1648330688476562 10.5
      vertex 5.866844177246094 -2.3456192016601562 10.5
      vertex 5.980602264404297 -0.02347564697265625 10.5
    endloop
  endfacet
  facet normal 0 0 1
    outer loop
      vertex 5.866844177246094 -2.3456192016601562 10.5
      vertex 6.065071105957031 -2.6099395751953125 10.5
      vertex 6.544578552246094 -2.6422576904296875 10.5
    endloop
  endfacet
  facet normal 0 0 1
    outer loop
      vertex 5.866844177246094 -2.3456192016601562 10.5
      vertex 6.544578552246094 -2.6422576904296875 10.5
      vertex 5.980602264404297 -0.02347564697265625 10.5
    endloop
  endfacet
  facet normal 0 0 1
    outer loop
      vertex 5.603023529052734 -2.1648330688476562 10.5
      vertex 5.980602264404297 -0.02347564697265625 10.5
      vertex 5.665637969970703 -0.01430511474609375 10.5
    endloop
  endfacet
  facet normal 0 0 1
    outer loop
      vertex 5.278919219970703 -2.052764892578125 10.5
      vertex 5.665637969970703 -0.01430511474609375 10.5
      vertex 5.335563659667969 -0.107330322265625 10.5
    endloop
  endfacet
  facet normal 0 0 1
    outer loop
      vertex 6.544578552246094 -2.6422576904296875 10.5
      vertex 6.300140380859375 0.06052398681640625 10.5
      vertex 5.980602264404297 -0.02347564697265625 10.5
    endloop
  endfacet
  facet normal 0 0 1
    outer loop
      vertex 6.544578552246094 -2.6422576904296875 10.5
      vertex 6.815059661865234 -1.8001480102539062 10.5
      vertex 6.300140380859375 0.06052398681640625 10.5
    endloop
  endfacet
  facet normal 0 0 1
    outer loop
      vertex 6.815059661865234 -1.8001480102539062 10.5
      vertex 6.977970123291016 -0.9308013916015625 10.5
      vertex 6.574867248535156 0.2440643310546875 10.5
    endloop
  endfacet
  facet normal 0 0 1
    outer loop
      vertex 6.815059661865234 -1.8001480102539062 10.5
      vertex 6.574867248535156 0.2440643310546875 10.5
      vertex 6.300140380859375 0.06052398681640625 10.5
    endloop
  endfacet
  facet normal 0 0 1
    outer loop
      vertex 6.977970123291016 -0.9308013916015625 10.5
      vertex 7.0307464599609375 -0.04788970947265625 10.5
      vertex 6.774791717529297 0.5071029663085938 10.5
    endloop
  endfacet
  facet normal 0.32679343785795545 0.9450957882526928 0
    outer loop
      vertex 5.278919219970703 -2.052764892578125 10.5
      vertex 5.603023529052734 -2.1648330688476562 19
      vertex 5.603023529052734 -2.1648330688476562 10.5
    endloop
  endfacet
  facet normal 0.5652742787939358 0.8249030183809463 0
    outer loop
      vertex 5.603023529052734 -2.1648330688476562 10.5
      vertex 5.603023529052734 -2.1648330688476562 19
      vertex 5.866844177246094 -2.3456192016601562 10.5
    endloop
  endfacet
  facet normal 0.8000193967905816 0.5999741367416047 0
    outer loop
      vertex 5.866844177246094 -2.3456192016601562 10.5
      vertex 5.866844177246094 -2.3456192016601562 19
      vertex 6.065071105957031 -2.6099395751953125 10.5
    endloop
  endfacet
  facet normal 0.5575514924684475 -0.8301423572172466 0
    outer loop
      vertex 5.050884246826172 -0.29853057861328125 10.5
      vertex 5.335563659667969 -0.107330322265625 10.5
      vertex 5.335563659667969 -0.107330322265625 19
    endloop
  endfacet
  facet normal 0.22093837899857172 -0.9752877691663541 0
    outer loop
      vertex 5.23370361328125 -4.067901611328125 10.5
      vertex 5.555938720703125 -3.994903564453125 19
      vertex 5.23370361328125 -4.067901611328125 19
    endloop
  endfacet
  facet normal 0.5266602473404149 -0.850075869479503 0
    outer loop
      vertex 5.555938720703125 -3.994903564453125 10.5
      vertex 5.836795806884766 -3.8208999633789062 19
      vertex 5.555938720703125 -3.994903564453125 19
    endloop
  endfacet
  facet normal 0.7749281177137005 -0.6320493749515943 0
    outer loop
      vertex 5.836795806884766 -3.8208999633789062 10.5
      vertex 6.045623779296875 -3.5648651123046875 19
      vertex 5.836795806884766 -3.8208999633789062 19
    endloop
  endfacet
  facet normal 0.9385888912692015 -0.34503752431590834 0
    outer loop
      vertex 6.045623779296875 -3.5648651123046875 10.5
      vertex 6.1596221923828125 -3.2547607421875 19
      vertex 6.045623779296875 -3.5648651123046875 19
    endloop
  endfacet
  facet normal 0.9997925772331226 -0.020366700998212674 0
    outer loop
      vertex 6.1596221923828125 -3.2547607421875 10.5
      vertex 6.166351318359375 -2.9244308471679688 19
      vertex 6.1596221923828125 -3.2547607421875 19
    endloop
  endfacet
  facet normal 0.9518575887242727 0.30654058587406224 0
    outer loop
      vertex 6.166351318359375 -2.9244308471679688 10.5
      vertex 6.065071105957031 -2.6099395751953125 19
      vertex 6.166351318359375 -2.9244308471679688 19
    endloop
  endfacet
  facet normal 0 0 1
    outer loop
      vertex 5.836795806884766 -3.8208999633789062 19
      vertex 6.045623779296875 -3.5648651123046875 19
      vertex 4.058475494384766 -3.54046630859375 19
    endloop
  endfacet
  facet normal 0 0 1
    outer loop
      vertex 3.7174949645996094 -3.5039520263671875 19
      vertex 6.045623779296875 -3.5648651123046875 19
      vertex 6.1596221923828125 -3.2547607421875 19
    endloop
  endfacet
  facet normal 0 0 1
    outer loop
      vertex 3.7174949645996094 -3.5039520263671875 19
      vertex 6.1596221923828125 -3.2547607421875 19
      vertex 6.166351318359375 -2.9244308471679688 19
    endloop
  endfacet
  facet normal 0 0 1
    outer loop
      vertex 3.7174949645996094 -3.5039520263671875 19
      vertex 6.166351318359375 -2.9244308471679688 19
      vertex 6.065071105957031 -2.6099395751953125 19
    endloop
  endfacet
  facet normal 0.32679343785795545 0.9450957882526928 0
    outer loop
      vertex 5.278919219970703 -2.052764892578125 10.5
      vertex 5.278919219970703 -2.052764892578125 19
      vertex 5.603023529052734 -2.1648330688476562 19
    endloop
  endfacet
  facet normal 0.5652742787939358 0.8249030183809463 0
    outer loop
      vertex 5.866844177246094 -2.3456192016601562 10.5
      vertex 5.603023529052734 -2.1648330688476562 19
      vertex 5.866844177246094 -2.3456192016601562 19
    endloop
  endfacet
  facet normal 0.8000193967905816 0.5999741367416047 0
    outer loop
      vertex 6.065071105957031 -2.6099395751953125 10.5
      vertex 5.866844177246094 -2.3456192016601562 19
      vertex 6.065071105957031 -2.6099395751953125 19
    endloop
  endfacet
  facet normal 0.27126385425537736 -0.962505024077546 0
    outer loop
      vertex 5.335563659667969 -0.107330322265625 10.5
      vertex 5.665637969970703 -0.01430511474609375 19
      vertex 5.335563659667969 -0.107330322265625 19
    endloop
  endfacet
  facet normal 0.6828896822583158 0.7305215136223823 0
    outer loop
      vertex 5.108741760253906 4.7685089111328125 10.5
      vertex 5.108741760253906 4.7685089111328125 6.5
      vertex 4.462608337402344 5.3725128173828125 6.5
    endloop
  endfacet
  facet normal 0.6828896822583158 0.7305215136223823 0
    outer loop
      vertex 5.108741760253906 4.7685089111328125 10.5
      vertex 4.462608337402344 5.3725128173828125 6.5
      vertex 4.462608337402344 5.3725128173828125 10.5
    endloop
  endfacet
  facet normal -0.0015353942447500497 0.9999988212815619 0
    outer loop
      vertex 0.4122314453125 6.9672698974609375 10.5
      vertex 0.4122314453125 6.9672698974609375 6.5
      vertex -0.47225189208984375 6.965911865234375 6.5
    endloop
  endfacet
  facet normal 0.12368597741937183 0.9923214091159248 0
    outer loop
      vertex 1.2899208068847656 6.857872009277344 10.5
      vertex 1.2899208068847656 6.857872009277344 6.5
      vertex 0.4122314453125 6.9672698974609375 6.5
    endloop
  endfacet
  facet normal 0.12368597741937183 0.9923214091159248 0
    outer loop
      vertex 0.4122314453125 6.9672698974609375 10.5
      vertex 1.2899208068847656 6.857872009277344 10.5
      vertex 0.4122314453125 6.9672698974609375 6.5
    endloop
  endfacet
  facet normal 0.2469667803390757 0.9690239467675454 0
    outer loop
      vertex 2.147003173828125 6.639434814453125 10.5
      vertex 2.147003173828125 6.639434814453125 6.5
      vertex 1.2899208068847656 6.857872009277344 6.5
    endloop
  endfacet
  facet normal 0.2469667803390757 0.9690239467675454 0
    outer loop
      vertex 1.2899208068847656 6.857872009277344 10.5
      vertex 2.147003173828125 6.639434814453125 10.5
      vertex 1.2899208068847656 6.857872009277344 6.5
    endloop
  endfacet
  facet normal 0.3663554861887277 0.9304749635210078 0
    outer loop
      vertex 2.147003173828125 6.639434814453125 10.5
      vertex 2.9699935913085938 6.315399169921875 10.5
      vertex 2.147003173828125 6.639434814453125 6.5
    endloop
  endfacet
  facet normal 0.3663554861887277 0.9304749635210078 0
    outer loop
      vertex 2.9699935913085938 6.315399169921875 10.5
      vertex 2.9699935913085938 6.315399169921875 6.5
      vertex 2.147003173828125 6.639434814453125 6.5
    endloop
  endfacet
  facet normal 0.4799824820777771 0.8772780727331879 0
    outer loop
      vertex 3.7459335327148438 5.890861511230469 10.5
      vertex 3.7459335327148438 5.890861511230469 6.5
      vertex 2.9699935913085938 6.315399169921875 6.5
    endloop
  endfacet
  facet normal 0.4799824820777771 0.8772780727331879 0
    outer loop
      vertex 2.9699935913085938 6.315399169921875 10.5
      vertex 3.7459335327148438 5.890861511230469 10.5
      vertex 2.9699935913085938 6.315399169921875 6.5
    endloop
  endfacet
  facet normal 0.5860478578283738 0.8102764394543224 0
    outer loop
      vertex 4.462608337402344 5.3725128173828125 10.5
      vertex 4.462608337402344 5.3725128173828125 6.5
      vertex 3.7459335327148438 5.890861511230469 6.5
    endloop
  endfacet
  facet normal 0.5860478578283738 0.8102764394543224 0
    outer loop
      vertex 3.7459335327148438 5.890861511230469 10.5
      vertex 4.462608337402344 5.3725128173828125 10.5
      vertex 3.7459335327148438 5.890861511230469 6.5
    endloop
  endfacet
  facet normal 0.9978332710172243 0.06579333743675551 0
    outer loop
      vertex 7.0307464599609375 -0.04788970947265625 10.5
      vertex 7.0307464599609375 -0.04788970947265625 6.5
      vertex 6.972553253173828 0.8346786499023438 6.5
    endloop
  endfacet
  facet normal 0.9817428455109515 0.19021299978723835 0
    outer loop
      vertex 6.972553253173828 0.8346786499023438 10.5
      vertex 6.972553253173828 0.8346786499023438 6.5
      vertex 6.804313659667969 1.7030105590820312 6.5
    endloop
  endfacet
  facet normal 0.9978332710172243 0.06579333743675551 0
    outer loop
      vertex 7.0307464599609375 -0.04788970947265625 10.5
      vertex 6.972553253173828 0.8346786499023438 6.5
      vertex 6.972553253173828 0.8346786499023438 10.5
    endloop
  endfacet
  facet normal 0.9501998560711156 0.31164119355828296 0
    outer loop
      vertex 6.804313659667969 1.7030105590820312 10.5
      vertex 6.804313659667969 1.7030105590820312 6.5
      vertex 6.5286712646484375 2.5434494018554688 6.5
    endloop
  endfacet
  facet normal 0.9817428455109515 0.19021299978723835 0
    outer loop
      vertex 6.972553253173828 0.8346786499023438 10.5
      vertex 6.804313659667969 1.7030105590820312 6.5
      vertex 6.804313659667969 1.7030105590820312 10.5
    endloop
  endfacet
  facet normal 0.9501998560711156 0.31164119355828296 0
    outer loop
      vertex 6.5286712646484375 2.5434494018554688 10.5
      vertex 6.804313659667969 1.7030105590820312 10.5
      vertex 6.5286712646484375 2.5434494018554688 6.5
    endloop
  endfacet
  facet normal 0.9037027080217752 0.428160502048134 0
    outer loop
      vertex 6.5286712646484375 2.5434494018554688 10.5
      vertex 6.5286712646484375 2.5434494018554688 6.5
      vertex 6.149971008300781 3.3427581787109375 6.5
    endloop
  endfacet
  facet normal 0.8429767236184635 0.5379500380495204 0
    outer loop
      vertex 6.149971008300781 3.3427581787109375 10.5
      vertex 6.149971008300781 3.3427581787109375 6.5
      vertex 5.674163818359375 4.088356018066406 6.5
    endloop
  endfacet
  facet normal 0.8429767236184635 0.5379500380495204 0
    outer loop
      vertex 6.149971008300781 3.3427581787109375 10.5
      vertex 5.674163818359375 4.088356018066406 6.5
      vertex 5.674163818359375 4.088356018066406 10.5
    endloop
  endfacet
  facet normal 0.9037027080217752 0.428160502048134 0
    outer loop
      vertex 6.5286712646484375 2.5434494018554688 10.5
      vertex 6.149971008300781 3.3427581787109375 6.5
      vertex 6.149971008300781 3.3427581787109375 10.5
    endloop
  endfacet
  facet normal 0.7689836246677324 0.6392684764579559 0
    outer loop
      vertex 5.674163818359375 4.088356018066406 10.5
      vertex 5.674163818359375 4.088356018066406 6.5
      vertex 5.108741760253906 4.7685089111328125 6.5
    endloop
  endfacet
  facet normal 0.7689836246677324 0.6392684764579559 0
    outer loop
      vertex 5.108741760253906 4.7685089111328125 10.5
      vertex 5.674163818359375 4.088356018066406 10.5
      vertex 5.108741760253906 4.7685089111328125 6.5
    endloop
  endfacet
  facet normal -0.1305752247855346 -0.9914383200076607 -0.0004102348036814989
    outer loop
      vertex 0.5920486450195312 2.5090255737304688 19
      vertex 0.3106229445513557 2.5512623506433822 6.5
      vertex 0.33318097700309257 2.5482913941061343 6.5
    endloop
  endfacet
  facet normal -0.1305752247855407 -0.9914383200076601 -0.0004102348036813711
    outer loop
      vertex 0.5920486450195312 2.5090255737304688 19
      vertex 0.33318097700309257 2.5482913941061343 6.5
      vertex 0.5244109024497497 2.5231058732350764 6.5
    endloop
  endfacet
  facet normal -0.13057522478551883 -0.991438320007663 -0.0004102348036814914
    outer loop
      vertex 0.5920486450195312 2.5090255737304688 19
      vertex 0.5244109024497497 2.5231058732350764 6.5
      vertex 0.530524309943704 2.5223007202148438 6.5
    endloop
  endfacet
  facet normal -0.2862741252115232 -0.9581476775486728 0.0003914619543944588
    outer loop
      vertex 0.5920486450195312 2.5090255737304688 19
      vertex 0.530524309943704 2.5223007202148438 6.5
      vertex 0.8226628023035386 2.435015958898208 6.5
    endloop
  endfacet
  facet normal -0.32837116177914233 -0.9445486558284797 -0.00046570852334975953
    outer loop
      vertex 1.1008377075195312 2.3321456909179688 19
      vertex 0.8226628023035386 2.435015958898208 6.5
      vertex 0.8435631920204321 2.427749964488472 6.5
    endloop
  endfacet
  facet normal -0.32837116177914405 -0.944548655828479 -0.00046570852334972506
    outer loop
      vertex 1.1008377075195312 2.3321456909179688 19
      vertex 0.8435631920204321 2.427749964488472 6.5
      vertex 1.0252425233016789 2.3645893716318196 6.5
    endloop
  endfacet
  facet normal -0.32837116177913755 -0.9445486558284814 -0.00046570852334977027
    outer loop
      vertex 1.1008377075195312 2.3321456909179688 19
      vertex 1.0252425233016789 2.3645893716318196 6.5
      vertex 1.0321641809800093 2.3621830659754135 6.5
    endloop
  endfacet
  facet normal -0.4673059649150048 -0.8840955485906155 0.0004428511203227054
    outer loop
      vertex 1.1008377075195312 2.3321456909179688 19
      vertex 1.0321641809800093 2.3621830659754135 6.5
      vertex 1.3017241534064798 2.219701879164752 6.5
    endloop
  endfacet
  facet normal -0.9763045304491321 -0.21640024326803967 -0.0006312986876272159
    outer loop
      vertex 2.612873077392578 0.23802947998046875 19
      vertex 2.588582685900614 0.3840831644773935 6.5
      vertex 2.5914097954245174 0.3713284660788143 6.5
    endloop
  endfacet
  facet normal -0.9763045304491285 -0.21640024326805576 -0.0006312986876274113
    outer loop
      vertex 2.612873077392578 0.23802947998046875 19
      vertex 2.5471758849535497 0.5708927851391804 6.5
      vertex 2.588582685900614 0.3840831644773935 6.5
    endloop
  endfacet
  facet normal -0.9763045304491266 -0.21640024326806484 -0.000631298687627655
    outer loop
      vertex 2.612873077392578 0.23802947998046875 19
      vertex 2.5434121524586395 0.5878731222713695 6.5
      vertex 2.5471758849535497 0.5708927851391804 6.5
    endloop
  endfacet
  facet normal -0.9550682890813085 -0.29638527677682625 0.0005752401464858013
    outer loop
      vertex 2.496307373046875 0.7639236450195312 19
      vertex 2.4530442181755516 0.8790736478917739 6.5
      vertex 2.5434121524586395 0.5878731222713695 6.5
    endloop
  endfacet
  facet normal -0.9123747461335365 -0.4093555259131989 -0.0006132064033611029
    outer loop
      vertex 2.496307373046875 0.7639236450195312 19
      vertex 2.4481607349499006 0.8899579928833583 6.5
      vertex 2.4530442181755516 0.8790736478917739 6.5
    endloop
  endfacet
  facet normal -0.9123747461335306 -0.409355525913212 -0.0006132064033612516
    outer loop
      vertex 2.496307373046875 0.7639236450195312 19
      vertex 2.3697953972881813 1.0646192604826579 6.5
      vertex 2.4481607349499006 0.8899579928833583 6.5
    endloop
  endfacet
  facet normal -0.9123747461335262 -0.40935552591322183 -0.000613206403361535
    outer loop
      vertex 2.496307373046875 0.7639236450195312 19
      vertex 2.362248140222886 1.0814406451056986 6.5
      vertex 2.3697953972881813 1.0646192604826579 6.5
    endloop
  endfacet
  facet normal -0.8791009262418005 -0.4766353485736623 0.0005531463386435268
    outer loop
      vertex 2.2758026123046875 1.2553863525390625 19
      vertex 2.2169216380399814 1.3494792265050553 6.5
      vertex 2.362248140222886 1.0814406451056986 6.5
    endloop
  endfacet
  facet normal -0.6756331240039865 -0.7372378003876805 -0.0005544620353550196
    outer loop
      vertex 1.9604759216308594 1.6921005249023438 19
      vertex 1.7288405474494486 1.913781109978171 6.5
      vertex 1.7438949143741276 1.8999847081253705 6.5
    endloop
  endfacet
  facet normal -0.6756331240039821 -0.7372378003876845 -0.000554462035355181
    outer loop
      vertex 1.9604759216308594 1.6921005249023438 19
      vertex 1.7438949143741276 1.8999847081253705 6.5
      vertex 1.8852557938092982 1.7704361519681704 6.5
    endloop
  endfacet
  facet normal -0.675633124003992 -0.7372378003876753 -0.0005544620353550606
    outer loop
      vertex 1.9604759216308594 1.6921005249023438 19
      vertex 1.8852557938092982 1.7704361519681704 6.5
      vertex 1.8923611360437729 1.7639245425953585 6.5
    endloop
  endfacet
  facet normal -0.5125802384229071 -0.8586391763998846 -0.0005137408330893132
    outer loop
      vertex 1.5633544921875 2.0560379028320312 19
      vertex 1.3017241534064798 2.219701879164752 6.5
      vertex 1.3200325875828 2.208772327132668 6.5
    endloop
  endfacet
  facet normal -0.6304667536038251 -0.7762161009338062 0.0004870845642134131
    outer loop
      vertex 1.5633544921875 2.0560379028320312 19
      vertex 1.4921722412109375 2.1060104370117188 6.5
      vertex 1.7288405474494486 1.913781109978171 6.5
    endloop
  endfacet
  facet normal -0.5125802384229071 -0.8586391763998845 -0.0005137408330892898
    outer loop
      vertex 1.5633544921875 2.0560379028320312 19
      vertex 1.3200325875828 2.208772327132668 6.5
      vertex 1.4848845039700702 2.1103609840111575 6.5
    endloop
  endfacet
  facet normal -0.5125802384228858 -0.8586391763998974 -0.0005137408330894799
    outer loop
      vertex 1.5633544921875 2.0560379028320312 19
      vertex 1.4848845039700702 2.1103609840111575 6.5
      vertex 1.4921722412109375 2.1060104370117188 6.5
    endloop
  endfacet
  facet normal -0.8107478044349982 -0.5853952958753532 -0.0005875124149584486
    outer loop
      vertex 2.2758026123046875 1.2553863525390625 19
      vertex 2.2106066360731154 1.3582252379877466 6.5
      vertex 2.2169216380399814 1.3494792265050553 6.5
    endloop
  endfacet
  facet normal -0.8107478044350024 -0.5853952958753472 -0.0005875124149583744
    outer loop
      vertex 2.2758026123046875 1.2553863525390625 19
      vertex 2.0984662326511385 1.5135349688711717 6.5
      vertex 2.2106066360731154 1.3582252379877466 6.5
    endloop
  endfacet
  facet normal -0.8107478044350004 -0.5853952958753501 -0.0005875124149584589
    outer loop
      vertex 2.2758026123046875 1.2553863525390625 19
      vertex 2.0870812359978173 1.5293027092428768 6.5
      vertex 2.0984662326511385 1.5135349688711717 6.5
    endloop
  endfacet
  facet normal -0.7695069510096233 -0.6386382216646375 0.0005236190434813442
    outer loop
      vertex 1.9604759216308594 1.6921005249023438 19
      vertex 1.8923611360437729 1.7639245425953585 6.5
      vertex 2.0870812359978173 1.5293027092428768 6.5
    endloop
  endfacet
  facet normal 0.07260280665937603 -0.9973608732991974 -0.0003476737602631142
    outer loop
      vertex 0.058002471923828125 2.5793609619140625 19
      vertex 0.0021017276923092527 2.5796490934073124 6.5
      vertex 0.00708299524643842 2.5800117043887867 6.5
    endloop
  endfacet
  facet normal -0.09429158506493168 -0.9955445678518859 0.0003322748024644592
    outer loop
      vertex 0.058002471923828125 2.5793609619140625 19
      vertex 0.00708299524643842 2.5800117043887867 6.5
      vertex 0.3106229445513557 2.5512623506433822 6.5
    endloop
  endfacet
  facet normal 0 0 1
    outer loop
      vertex 1.3163528442382812 4.629096984863281 10.5
      vertex 1.6138877868652344 4.458580017089844 10.5
      vertex 1.9497299194335938 4.389228820800781 10.5
    endloop
  endfacet
  facet normal 0 0 1
    outer loop
      vertex 1.3163528442382812 4.629096984863281 10.5
      vertex 1.9497299194335938 4.389228820800781 10.5
      vertex 2.2904701232910156 4.4279327392578125 10.5
    endloop
  endfacet
  facet normal 0 0 1
    outer loop
      vertex 1.08673095703125 4.883796691894531 10.5
      vertex 1.3163528442382812 4.629096984863281 10.5
      vertex 2.2904701232910156 4.4279327392578125 10.5
    endloop
  endfacet
  facet normal 0 0 1
    outer loop
      vertex 0.9478683471679688 5.197357177734375 10.5
      vertex 1.08673095703125 4.883796691894531 10.5
      vertex 2.602203369140625 4.5708465576171875 10.5
    endloop
  endfacet
  facet normal 0 0 1
    outer loop
      vertex 1.08673095703125 4.883796691894531 10.5
      vertex 2.2904701232910156 4.4279327392578125 10.5
      vertex 2.602203369140625 4.5708465576171875 10.5
    endloop
  endfacet
  facet normal 0 0 1
    outer loop
      vertex 0.9478683471679688 5.197357177734375 10.5
      vertex 2.602203369140625 4.5708465576171875 10.5
      vertex 2.853912353515625 4.803749084472656 10.5
    endloop
  endfacet
  facet normal 0 0 1
    outer loop
      vertex 0.91357421875 5.538566589355469 10.5
      vertex 2.853912353515625 4.803749084472656 10.5
      vertex 3.020557403564453 5.1034698486328125 10.5
    endloop
  endfacet
  facet normal 0.7427252646149722 0.6695962823243715 0
    outer loop
      vertex 1.08673095703125 4.883796691894531 10.5
      vertex 1.08673095703125 4.883796691894531 19
      vertex 1.3163528442382812 4.629096984863281 10.5
    endloop
  endfacet
  facet normal 0.9143492719751446 0.4049264239815958 0
    outer loop
      vertex 0.9478683471679688 5.197357177734375 10.5
      vertex 0.9478683471679688 5.197357177734375 19
      vertex 1.08673095703125 4.883796691894531 10.5
    endloop
  endfacet
  facet normal 0.20223260237740695 0.9793375181905682 0
    outer loop
      vertex 1.6138877868652344 4.458580017089844 10.5
      vertex 1.6138877868652344 4.458580017089844 19
      vertex 1.9497299194335938 4.389228820800781 10.5
    endloop
  endfacet
  facet normal 0.49723106773529335 0.8676181563791874 0
    outer loop
      vertex 1.3163528442382812 4.629096984863281 10.5
      vertex 1.3163528442382812 4.629096984863281 19
      vertex 1.6138877868652344 4.458580017089844 10.5
    endloop
  endfacet
  facet normal -0.1128620161312582 0.9936106708941825 0
    outer loop
      vertex 1.9497299194335938 4.389228820800781 10.5
      vertex 1.9497299194335938 4.389228820800781 19
      vertex 2.2904701232910156 4.4279327392578125 10.5
    endloop
  endfacet
  facet normal -0.4167416560854423 0.9090249677996546 0
    outer loop
      vertex 2.2904701232910156 4.4279327392578125 10.5
      vertex 2.2904701232910156 4.4279327392578125 19
      vertex 2.602203369140625 4.5708465576171875 10.5
    endloop
  endfacet
  facet normal -0.999894611769136 -0.014503542445053712 -0.0006423484983795081
    outer loop
      vertex 2.620685577392578 -0.30057525634765625 19
      vertex 2.6233679827521827 0.06810940013212316 6.5
      vertex 2.623604620095609 0.05179528890505022 6.5
    endloop
  endfacet
  facet normal -0.994491479544231 -0.10481578689589782 0.0005898570335974603
    outer loop
      vertex 2.612873077392578 0.23802947998046875 19
      vertex 2.5914097954245174 0.3713284660788143 6.5
      vertex 2.6233679827521827 0.06810940013212316 6.5
    endloop
  endfacet
  facet normal 0 0 1
    outer loop
      vertex 4.355110168457031 2.0804595947265625 10.5
      vertex 4.641010284423828 1.8910903930664062 10.5
      vertex 4.142417907714844 2.3494644165039062 10.5
    endloop
  endfacet
  facet normal 0 0 1
    outer loop
      vertex 4.142417907714844 2.3494644165039062 10.5
      vertex 4.971672058105469 1.8001861572265625 10.5
      vertex 4.0240936279296875 2.6713409423828125 10.5
    endloop
  endfacet
  facet normal 0 0 1
    outer loop
      vertex 4.0240936279296875 2.6713409423828125 10.5
      vertex 5.314201354980469 1.816802978515625 10.5
      vertex 4.011913299560547 3.0140533447265625 10.5
    endloop
  endfacet
  facet normal 0 0 1
    outer loop
      vertex 4.142417907714844 2.3494644165039062 10.5
      vertex 4.641010284423828 1.8910903930664062 10.5
      vertex 4.971672058105469 1.8001861572265625 10.5
    endloop
  endfacet
  facet normal 0 0 1
    outer loop
      vertex 4.0240936279296875 2.6713409423828125 10.5
      vertex 4.971672058105469 1.8001861572265625 10.5
      vertex 5.314201354980469 1.816802978515625 10.5
    endloop
  endfacet
  facet normal 0 0 1
    outer loop
      vertex 4.011913299560547 3.0140533447265625 10.5
      vertex 5.314201354980469 1.816802978515625 10.5
      vertex 5.634513854980469 1.9392852783203125 10.5
    endloop
  endfacet
  facet normal 0.7844286808419613 0.6202190295956265 0
    outer loop
      vertex 4.355110168457031 2.0804595947265625 10.5
      vertex 4.142417907714844 2.3494644165039062 10.5
      vertex 4.142417907714844 2.3494644165039062 19
    endloop
  endfacet
  facet normal 0.5522128136149617 0.8337031896781059 0
    outer loop
      vertex 4.355110168457031 2.0804595947265625 10.5
      vertex 4.355110168457031 2.0804595947265625 19
      vertex 4.641010284423828 1.8910903930664062 10.5
    endloop
  endfacet
  facet normal 0.2650812459759539 0.9642260798338924 0
    outer loop
      vertex 4.641010284423828 1.8910903930664062 10.5
      vertex 4.641010284423828 1.8910903930664062 19
      vertex 4.971672058105469 1.8001861572265625 10.5
    endloop
  endfacet
  facet normal -0.04845513262771424 0.9988253601716521 0
    outer loop
      vertex 4.971672058105469 1.8001861572265625 10.5
      vertex 4.971672058105469 1.8001861572265625 19
      vertex 5.314201354980469 1.816802978515625 10.5
    endloop
  endfacet
  facet normal 0 0 1
    outer loop
      vertex 4.011913299560547 3.0140533447265625 10.5
      vertex 5.634513854980469 1.9392852783203125 10.5
      vertex 4.107086181640625 3.3435134887695312 10.5
    endloop
  endfacet
  facet normal 0 0 1
    outer loop
      vertex 4.107086181640625 3.3435134887695312 10.5
      vertex 5.95281982421875 1.9703750610351562 10.5
      vertex 4.300148010253906 3.6269378662109375 10.5
    endloop
  endfacet
  facet normal 0 0 1
    outer loop
      vertex 6.274574279785156 1.8953094482421875 10.5
      vertex 4.5473175048828125 3.8223648071289062 10.5
      vertex 4.300148010253906 3.6269378662109375 10.5
    endloop
  endfacet
  facet normal 0 0 1
    outer loop
      vertex 5.108741760253906 4.7685089111328125 10.5
      vertex 4.462608337402344 5.3725128173828125 10.5
      vertex 4.476177215576172 5.296234130859375 10.5
    endloop
  endfacet
  facet normal 0 0 1
    outer loop
      vertex 4.692054748535156 5.046119689941406 10.5
      vertex 5.108741760253906 4.7685089111328125 10.5
      vertex 4.476177215576172 5.296234130859375 10.5
    endloop
  endfacet
  facet normal 0 0 1
    outer loop
      vertex 4.8146514892578125 4.739311218261719 10.5
      vertex 5.674163818359375 4.088356018066406 10.5
      vertex 4.692054748535156 5.046119689941406 10.5
    endloop
  endfacet
  facet normal 0 0 1
    outer loop
      vertex 4.692054748535156 5.046119689941406 10.5
      vertex 5.674163818359375 4.088356018066406 10.5
      vertex 5.108741760253906 4.7685089111328125 10.5
    endloop
  endfacet
  facet normal -0.6791546731714454 0.7339951838461797 0
    outer loop
      vertex 2.602203369140625 4.5708465576171875 10.5
      vertex 2.602203369140625 4.5708465576171875 19
      vertex 2.853912353515625 4.803749084472656 10.5
    endloop
  endfacet
  facet normal -0.8739919435676791 0.4859404105225157 0
    outer loop
      vertex 2.853912353515625 4.803749084472656 10.5
      vertex 3.020557403564453 5.1034698486328125 19
      vertex 3.020557403564453 5.1034698486328125 10.5
    endloop
  endfacet
  facet normal 0.9385905262676919 0.3450330766760443 0
    outer loop
      vertex 4.142417907714844 2.3494644165039062 10.5
      vertex 4.0240936279296875 2.6713409423828125 10.5
      vertex 4.0240936279296875 2.6713409423828125 19
    endloop
  endfacet
  facet normal 0.9993690177311434 0.03551853599304921 0
    outer loop
      vertex 4.0240936279296875 2.6713409423828125 10.5
      vertex 4.011913299560547 3.0140533447265625 10.5
      vertex 4.011913299560547 3.0140533447265625 19
    endloop
  endfacet
  facet normal 0.96071767606255 -0.27752756061510964 0
    outer loop
      vertex 4.011913299560547 3.0140533447265625 10.5
      vertex 4.107086181640625 3.3435134887695312 10.5
      vertex 4.107086181640625 3.3435134887695312 19
    endloop
  endfacet
  facet normal 0.826474371196126 -0.5629743455575646 0
    outer loop
      vertex 4.107086181640625 3.3435134887695312 10.5
      vertex 4.300148010253906 3.6269378662109375 10.5
      vertex 4.300148010253906 3.6269378662109375 19
    endloop
  endfacet
  facet normal 0.6202172206228894 -0.7844301111270641 0
    outer loop
      vertex 4.300148010253906 3.6269378662109375 10.5
      vertex 4.5473175048828125 3.8223648071289062 10.5
      vertex 4.5473175048828125 3.8223648071289062 19
    endloop
  endfacet
  facet normal 0.8164254638344007 -0.5774508308096747 0
    outer loop
      vertex 4.5473175048828125 3.8223648071289062 10.5
      vertex 4.738105773925781 4.092109680175781 10.5
      vertex 4.5473175048828125 3.8223648071289062 19
    endloop
  endfacet
  facet normal 0.9600294786253547 -0.2798989106272652 0
    outer loop
      vertex 4.738105773925781 4.092109680175781 10.5
      vertex 4.8305816650390625 4.409294128417969 10.5
      vertex 4.8305816650390625 4.409294128417969 19
    endloop
  endfacet
  facet normal 0.9988369988665599 0.04821462117702462 0
    outer loop
      vertex 4.8146514892578125 4.739311218261719 10.5
      vertex 4.8146514892578125 4.739311218261719 19
      vertex 4.8305816650390625 4.409294128417969 10.5
    endloop
  endfacet
  facet normal 0.7570182021263557 0.6533937875809505 0
    outer loop
      vertex 4.692054748535156 5.046119689941406 10.5
      vertex 4.476177215576172 5.296234130859375 10.5
      vertex 4.692054748535156 5.046119689941406 19
    endloop
  endfacet
  facet normal 0.9286088120411143 0.37106020293153297 0
    outer loop
      vertex 4.8146514892578125 4.739311218261719 10.5
      vertex 4.692054748535156 5.046119689941406 10.5
      vertex 4.692054748535156 5.046119689941406 19
    endloop
  endfacet
  facet normal -0.13057522478553996 -0.9914383200076602 -0.0004102348036813778
    outer loop
      vertex 0.5920486450195312 2.5090255737304688 19
      vertex 0.058002471923828125 2.5793609619140625 19
      vertex 0.3106229445513557 2.5512623506433822 6.5
    endloop
  endfacet
  facet normal -0.32837116177914266 -0.9445486558284795 -0.00046570852334975433
    outer loop
      vertex 0.5920486450195312 2.5090255737304688 19
      vertex 0.8226628023035386 2.435015958898208 6.5
      vertex 1.1008377075195312 2.3321456909179688 19
    endloop
  endfacet
  facet normal -0.9763045304491287 -0.21640024326805474 -0.0006312986876273688
    outer loop
      vertex 2.612873077392578 0.23802947998046875 19
      vertex 2.496307373046875 0.7639236450195312 19
      vertex 2.5434121524586395 0.5878731222713695 6.5
    endloop
  endfacet
  facet normal -0.9123747461335311 -0.40935552591321106 -0.0006132064033612065
    outer loop
      vertex 2.496307373046875 0.7639236450195312 19
      vertex 2.2758026123046875 1.2553863525390625 19
      vertex 2.362248140222886 1.0814406451056986 6.5
    endloop
  endfacet
  facet normal -0.6756331240039826 -0.7372378003876839 -0.0005544620353551739
    outer loop
      vertex 1.5633544921875 2.0560379028320312 19
      vertex 1.7288405474494486 1.913781109978171 6.5
      vertex 1.9604759216308594 1.6921005249023438 19
    endloop
  endfacet
  facet normal -0.5125802384229062 -0.8586391763998852 -0.0005137408330893155
    outer loop
      vertex 1.1008377075195312 2.3321456909179688 19
      vertex 1.3017241534064798 2.219701879164752 6.5
      vertex 1.5633544921875 2.0560379028320312 19
    endloop
  endfacet
  facet normal -0.8107478044350015 -0.5853952958753486 -0.0005875124149584127
    outer loop
      vertex 2.2758026123046875 1.2553863525390625 19
      vertex 1.9604759216308594 1.6921005249023438 19
      vertex 2.0870812359978173 1.5293027092428768 6.5
    endloop
  endfacet
  facet normal 0 0 1
    outer loop
      vertex 0.5920486450195312 2.5090255737304688 19
      vertex 1.1008377075195312 2.3321456909179688 19
      vertex 4.0240936279296875 2.6713409423828125 19
    endloop
  endfacet
  facet normal 0 0 1
    outer loop
      vertex 1.1008377075195312 2.3321456909179688 19
      vertex 1.5633544921875 2.0560379028320312 19
      vertex 4.142417907714844 2.3494644165039062 19
    endloop
  endfacet
  facet normal 0.7427252646149722 0.6695962823243715 0
    outer loop
      vertex 1.3163528442382812 4.629096984863281 10.5
      vertex 1.08673095703125 4.883796691894531 19
      vertex 1.3163528442382812 4.629096984863281 19
    endloop
  endfacet
  facet normal 0.9143492719751446 0.4049264239815958 0
    outer loop
      vertex 1.08673095703125 4.883796691894531 10.5
      vertex 0.9478683471679688 5.197357177734375 19
      vertex 1.08673095703125 4.883796691894531 19
    endloop
  endfacet
  facet normal 0.49723106773529335 0.8676181563791874 0
    outer loop
      vertex 1.6138877868652344 4.458580017089844 10.5
      vertex 1.3163528442382812 4.629096984863281 19
      vertex 1.6138877868652344 4.458580017089844 19
    endloop
  endfacet
  facet normal 0.20223260237740695 0.9793375181905682 0
    outer loop
      vertex 1.9497299194335938 4.389228820800781 10.5
      vertex 1.6138877868652344 4.458580017089844 19
      vertex 1.9497299194335938 4.389228820800781 19
    endloop
  endfacet
  facet normal -0.1128620161312582 0.9936106708941825 0
    outer loop
      vertex 2.2904701232910156 4.4279327392578125 10.5
      vertex 1.9497299194335938 4.389228820800781 19
      vertex 2.2904701232910156 4.4279327392578125 19
    endloop
  endfacet
  facet normal -0.4167416560854423 0.9090249677996546 0
    outer loop
      vertex 2.602203369140625 4.5708465576171875 10.5
      vertex 2.2904701232910156 4.4279327392578125 19
      vertex 2.602203369140625 4.5708465576171875 19
    endloop
  endfacet
  facet normal 0 0 1
    outer loop
      vertex -1.8929290771484375 1.804443359375 19
      vertex 1.3163528442382812 4.629096984863281 19
      vertex 1.08673095703125 4.883796691894531 19
    endloop
  endfacet
  facet normal 0 0 1
    outer loop
      vertex -1.47528076171875 2.144622802734375 19
      vertex -0.997467041015625 2.3933181762695312 19
      vertex 4.190578460693359 5.462348937988281 19
    endloop
  endfacet
  facet normal 0 0 1
    outer loop
      vertex -1.47528076171875 2.144622802734375 19
      vertex 1.6138877868652344 4.458580017089844 19
      vertex 1.3163528442382812 4.629096984863281 19
    endloop
  endfacet
  facet normal 0 0 1
    outer loop
      vertex -0.4792366027832031 2.540252685546875 19
      vertex 0.058002471923828125 2.5793609619140625 19
      vertex 4.107086181640625 3.3435134887695312 19
    endloop
  endfacet
  facet normal 0 0 1
    outer loop
      vertex -0.997467041015625 2.3933181762695312 19
      vertex -0.4792366027832031 2.540252685546875 19
      vertex 4.738105773925781 4.092109680175781 19
    endloop
  endfacet
  facet normal 0 0 1
    outer loop
      vertex -1.47528076171875 2.144622802734375 19
      vertex 1.9497299194335938 4.389228820800781 19
      vertex 1.6138877868652344 4.458580017089844 19
    endloop
  endfacet
  facet normal 0 0 1
    outer loop
      vertex -1.47528076171875 2.144622802734375 19
      vertex 2.2904701232910156 4.4279327392578125 19
      vertex 1.9497299194335938 4.389228820800781 19
    endloop
  endfacet
  facet normal 0 0 1
    outer loop
      vertex -1.47528076171875 2.144622802734375 19
      vertex 2.602203369140625 4.5708465576171875 19
      vertex 2.2904701232910156 4.4279327392578125 19
    endloop
  endfacet
  facet normal 0 0 1
    outer loop
      vertex -1.8929290771484375 1.804443359375 19
      vertex 1.08673095703125 4.883796691894531 19
      vertex 0.9478683471679688 5.197357177734375 19
    endloop
  endfacet
  facet normal 0 0 1
    outer loop
      vertex -1.8929290771484375 1.804443359375 19
      vertex 0.9478683471679688 5.197357177734375 19
      vertex 0.91357421875 5.538566589355469 19
    endloop
  endfacet
  facet normal 0 0 1
    outer loop
      vertex 0.5920486450195312 2.5090255737304688 19
      vertex 4.011913299560547 3.0140533447265625 19
      vertex 0.058002471923828125 2.5793609619140625 19
    endloop
  endfacet
  facet normal 0 0 1
    outer loop
      vertex -1.47528076171875 2.144622802734375 19
      vertex 4.190578460693359 5.462348937988281 19
      vertex 2.602203369140625 4.5708465576171875 19
    endloop
  endfacet
  facet normal 0 0 1
    outer loop
      vertex -0.997467041015625 2.3933181762695312 19
      vertex 4.476177215576172 5.296234130859375 19
      vertex 4.190578460693359 5.462348937988281 19
    endloop
  endfacet
  facet normal -0.9998946117691359 -0.014503542445061973 -0.000642348498379751
    outer loop
      vertex 2.620685577392578 -0.30057525634765625 19
      vertex 2.612873077392578 0.23802947998046875 19
      vertex 2.6233679827521827 0.06810940013212316 6.5
    endloop
  endfacet
  facet normal 0.9385905262676919 0.3450330766760443 0
    outer loop
      vertex 4.142417907714844 2.3494644165039062 10.5
      vertex 4.0240936279296875 2.6713409423828125 19
      vertex 4.142417907714844 2.3494644165039062 19
    endloop
  endfacet
  facet normal 0.7844286808419613 0.6202190295956265 0
    outer loop
      vertex 4.355110168457031 2.0804595947265625 10.5
      vertex 4.142417907714844 2.3494644165039062 19
      vertex 4.355110168457031 2.0804595947265625 19
    endloop
  endfacet
  facet normal 0.5522128136149617 0.8337031896781059 0
    outer loop
      vertex 4.641010284423828 1.8910903930664062 10.5
      vertex 4.355110168457031 2.0804595947265625 19
      vertex 4.641010284423828 1.8910903930664062 19
    endloop
  endfacet
  facet normal 0.2650812459759539 0.9642260798338924 0
    outer loop
      vertex 4.971672058105469 1.8001861572265625 10.5
      vertex 4.641010284423828 1.8910903930664062 19
      vertex 4.971672058105469 1.8001861572265625 19
    endloop
  endfacet
  facet normal -0.04845513262771424 0.9988253601716521 0
    outer loop
      vertex 5.314201354980469 1.816802978515625 10.5
      vertex 4.971672058105469 1.8001861572265625 19
      vertex 5.314201354980469 1.816802978515625 19
    endloop
  endfacet
  facet normal 0 0 1
    outer loop
      vertex 2.5194244384765625 -0.8296279907226562 19
      vertex 5.95281982421875 1.9703750610351562 19
      vertex 2.620685577392578 -0.30057525634765625 19
    endloop
  endfacet
  facet normal 0 0 1
    outer loop
      vertex 2.612873077392578 0.23802947998046875 19
      vertex 5.314201354980469 1.816802978515625 19
      vertex 2.496307373046875 0.7639236450195312 19
    endloop
  endfacet
  facet normal 0 0 1
    outer loop
      vertex 2.620685577392578 -0.30057525634765625 19
      vertex 5.634513854980469 1.9392852783203125 19
      vertex 2.612873077392578 0.23802947998046875 19
    endloop
  endfacet
  facet normal 0 0 1
    outer loop
      vertex 2.496307373046875 0.7639236450195312 19
      vertex 4.971672058105469 1.8001861572265625 19
      vertex 2.2758026123046875 1.2553863525390625 19
    endloop
  endfacet
  facet normal 0 0 1
    outer loop
      vertex 2.2758026123046875 1.2553863525390625 19
      vertex 4.641010284423828 1.8910903930664062 19
      vertex 1.9604759216308594 1.6921005249023438 19
    endloop
  endfacet
  facet normal 0 0 1
    outer loop
      vertex 1.5633544921875 2.0560379028320312 19
      vertex 1.9604759216308594 1.6921005249023438 19
      vertex 4.355110168457031 2.0804595947265625 19
    endloop
  endfacet
  facet normal 0 0 1
    outer loop
      vertex 1.1008377075195312 2.3321456909179688 19
      vertex 4.142417907714844 2.3494644165039062 19
      vertex 4.0240936279296875 2.6713409423828125 19
    endloop
  endfacet
  facet normal 0 0 1
    outer loop
      vertex 1.9604759216308594 1.6921005249023438 19
      vertex 4.641010284423828 1.8910903930664062 19
      vertex 4.355110168457031 2.0804595947265625 19
    endloop
  endfacet
  facet normal 0 0 1
    outer loop
      vertex 1.5633544921875 2.0560379028320312 19
      vertex 4.355110168457031 2.0804595947265625 19
      vertex 4.142417907714844 2.3494644165039062 19
    endloop
  endfacet
  facet normal 0 0 1
    outer loop
      vertex 2.620685577392578 -0.30057525634765625 19
      vertex 5.95281982421875 1.9703750610351562 19
      vertex 5.634513854980469 1.9392852783203125 19
    endloop
  endfacet
  facet normal 0 0 1
    outer loop
      vertex 2.3132705688476562 -1.3272781372070312 19
      vertex 6.5543060302734375 1.7194976806640625 19
      vertex 6.274574279785156 1.8953094482421875 19
    endloop
  endfacet
  facet normal 0 0 1
    outer loop
      vertex 2.5194244384765625 -0.8296279907226562 19
      vertex 6.274574279785156 1.8953094482421875 19
      vertex 5.95281982421875 1.9703750610351562 19
    endloop
  endfacet
  facet normal 0 0 1
    outer loop
      vertex 2.2758026123046875 1.2553863525390625 19
      vertex 4.971672058105469 1.8001861572265625 19
      vertex 4.641010284423828 1.8910903930664062 19
    endloop
  endfacet
  facet normal 0 0 1
    outer loop
      vertex 2.496307373046875 0.7639236450195312 19
      vertex 5.314201354980469 1.816802978515625 19
      vertex 4.971672058105469 1.8001861572265625 19
    endloop
  endfacet
  facet normal 0 0 1
    outer loop
      vertex 2.612873077392578 0.23802947998046875 19
      vertex 5.634513854980469 1.9392852783203125 19
      vertex 5.314201354980469 1.816802978515625 19
    endloop
  endfacet
  facet normal -0.6791546731714454 0.7339951838461797 0
    outer loop
      vertex 2.853912353515625 4.803749084472656 10.5
      vertex 2.602203369140625 4.5708465576171875 19
      vertex 2.853912353515625 4.803749084472656 19
    endloop
  endfacet
  facet normal -0.8739919435676791 0.4859404105225157 0
    outer loop
      vertex 2.853912353515625 4.803749084472656 10.5
      vertex 2.853912353515625 4.803749084472656 19
      vertex 3.020557403564453 5.1034698486328125 19
    endloop
  endfacet
  facet normal 0.9993690177311434 0.03551853599304921 0
    outer loop
      vertex 4.0240936279296875 2.6713409423828125 10.5
      vertex 4.011913299560547 3.0140533447265625 19
      vertex 4.0240936279296875 2.6713409423828125 19
    endloop
  endfacet
  facet normal 0.96071767606255 -0.27752756061510964 0
    outer loop
      vertex 4.011913299560547 3.0140533447265625 10.5
      vertex 4.107086181640625 3.3435134887695312 19
      vertex 4.011913299560547 3.0140533447265625 19
    endloop
  endfacet
  facet normal 0.826474371196126 -0.5629743455575646 0
    outer loop
      vertex 4.107086181640625 3.3435134887695312 10.5
      vertex 4.300148010253906 3.6269378662109375 19
      vertex 4.107086181640625 3.3435134887695312 19
    endloop
  endfacet
  facet normal 0.6202172206228894 -0.7844301111270641 0
    outer loop
      vertex 4.300148010253906 3.6269378662109375 10.5
      vertex 4.5473175048828125 3.8223648071289062 19
      vertex 4.300148010253906 3.6269378662109375 19
    endloop
  endfacet
  facet normal 0.8164254638344007 -0.5774508308096747 0
    outer loop
      vertex 4.738105773925781 4.092109680175781 10.5
      vertex 4.738105773925781 4.092109680175781 19
      vertex 4.5473175048828125 3.8223648071289062 19
    endloop
  endfacet
  facet normal 0.9600294786253547 -0.2798989106272652 0
    outer loop
      vertex 4.738105773925781 4.092109680175781 10.5
      vertex 4.8305816650390625 4.409294128417969 19
      vertex 4.738105773925781 4.092109680175781 19
    endloop
  endfacet
  facet normal 0.9988369988665599 0.04821462117702462 0
    outer loop
      vertex 4.8305816650390625 4.409294128417969 10.5
      vertex 4.8146514892578125 4.739311218261719 19
      vertex 4.8305816650390625 4.409294128417969 19
    endloop
  endfacet
  facet normal 0.9286088120411143 0.37106020293153297 0
    outer loop
      vertex 4.8146514892578125 4.739311218261719 10.5
      vertex 4.692054748535156 5.046119689941406 19
      vertex 4.8146514892578125 4.739311218261719 19
    endloop
  endfacet
  facet normal 0 0 1
    outer loop
      vertex 0.5920486450195312 2.5090255737304688 19
      vertex 4.0240936279296875 2.6713409423828125 19
      vertex 4.011913299560547 3.0140533447265625 19
    endloop
  endfacet
  facet normal 0 0 1
    outer loop
      vertex 0.058002471923828125 2.5793609619140625 19
      vertex 4.011913299560547 3.0140533447265625 19
      vertex 4.107086181640625 3.3435134887695312 19
    endloop
  endfacet
  facet normal 0 0 1
    outer loop
      vertex -0.4792366027832031 2.540252685546875 19
      vertex 4.107086181640625 3.3435134887695312 19
      vertex 4.300148010253906 3.6269378662109375 19
    endloop
  endfacet
  facet normal 0 0 1
    outer loop
      vertex -0.4792366027832031 2.540252685546875 19
      vertex 4.300148010253906 3.6269378662109375 19
      vertex 4.5473175048828125 3.8223648071289062 19
    endloop
  endfacet
  facet normal 0 0 1
    outer loop
      vertex -0.997467041015625 2.3933181762695312 19
      vertex 4.738105773925781 4.092109680175781 19
      vertex 4.8305816650390625 4.409294128417969 19
    endloop
  endfacet
  facet normal 0 0 1
    outer loop
      vertex -0.997467041015625 2.3933181762695312 19
      vertex 4.8305816650390625 4.409294128417969 19
      vertex 4.8146514892578125 4.739311218261719 19
    endloop
  endfacet
  facet normal 0 0 1
    outer loop
      vertex -0.4792366027832031 2.540252685546875 19
      vertex 4.5473175048828125 3.8223648071289062 19
      vertex 4.738105773925781 4.092109680175781 19
    endloop
  endfacet
  facet normal 0 0 1
    outer loop
      vertex -0.997467041015625 2.3933181762695312 19
      vertex 4.8146514892578125 4.739311218261719 19
      vertex 4.692054748535156 5.046119689941406 19
    endloop
  endfacet
  facet normal 0 0 1
    outer loop
      vertex -0.997467041015625 2.3933181762695312 19
      vertex 4.692054748535156 5.046119689941406 19
      vertex 4.476177215576172 5.296234130859375 19
    endloop
  endfacet
  facet normal 0 0 1
    outer loop
      vertex 2.602203369140625 4.5708465576171875 19
      vertex 4.190578460693359 5.462348937988281 19
      vertex 2.853912353515625 4.803749084472656 19
    endloop
  endfacet
  facet normal 0 0 1
    outer loop
      vertex 2.853912353515625 4.803749084472656 19
      vertex 3.8664398193359375 5.526336669921875 19
      vertex 3.020557403564453 5.1034698486328125 19
    endloop
  endfacet
  facet normal 0 0 1
    outer loop
      vertex -0.0245819091796875 6.930473327636719 10.5
      vertex 0.3015632629394531 6.8776397705078125 10.5
      vertex 0.4122314453125 6.9672698974609375 10.5
    endloop
  endfacet
  facet normal 0 0 1
    outer loop
      vertex 0.3015632629394531 6.8776397705078125 10.5
      vertex 1.2899208068847656 6.857872009277344 10.5
      vertex 0.4122314453125 6.9672698974609375 10.5
    endloop
  endfacet
  facet normal 0 0 1
    outer loop
      vertex 0.3015632629394531 6.8776397705078125 10.5
      vertex 0.5926895141601562 6.721412658691406 10.5
      vertex 1.2899208068847656 6.857872009277344 10.5
    endloop
  endfacet
  facet normal 0 0 1
    outer loop
      vertex 0.8170166015625 6.478851318359375 10.5
      vertex 2.147003173828125 6.639434814453125 10.5
      vertex 0.5926895141601562 6.721412658691406 10.5
    endloop
  endfacet
  facet normal 0 0 1
    outer loop
      vertex 0.9478683471679688 5.197357177734375 10.5
      vertex 2.853912353515625 4.803749084472656 10.5
      vertex 0.91357421875 5.538566589355469 10.5
    endloop
  endfacet
  facet normal 0 0 1
    outer loop
      vertex 0.91357421875 5.538566589355469 10.5
      vertex 3.020557403564453 5.1034698486328125 10.5
      vertex 0.9773025512695312 5.8471527099609375 10.5
    endloop
  endfacet
  facet normal 0 0 1
    outer loop
      vertex 0.8170166015625 6.478851318359375 10.5
      vertex 0.9500656127929688 6.176422119140625 10.5
      vertex 2.9699935913085938 6.315399169921875 10.5
    endloop
  endfacet
  facet normal 0 0 1
    outer loop
      vertex 0.9773025512695312 5.8471527099609375 10.5
      vertex 3.7459335327148438 5.890861511230469 10.5
      vertex 0.9500656127929688 6.176422119140625 10.5
    endloop
  endfacet
  facet normal 0 0 1
    outer loop
      vertex 0.9773025512695312 5.8471527099609375 10.5
      vertex 3.020557403564453 5.1034698486328125 10.5
      vertex 3.2444076538085938 5.331886291503906 10.5
    endloop
  endfacet
  facet normal 0 0 1
    outer loop
      vertex 0.8170166015625 6.478851318359375 10.5
      vertex 2.9699935913085938 6.315399169921875 10.5
      vertex 2.147003173828125 6.639434814453125 10.5
    endloop
  endfacet
  facet normal 0 0 1
    outer loop
      vertex 0.9500656127929688 6.176422119140625 10.5
      vertex 3.7459335327148438 5.890861511230469 10.5
      vertex 2.9699935913085938 6.315399169921875 10.5
    endloop
  endfacet
  facet normal 0 0 1
    outer loop
      vertex 0.5926895141601562 6.721412658691406 10.5
      vertex 2.147003173828125 6.639434814453125 10.5
      vertex 1.2899208068847656 6.857872009277344 10.5
    endloop
  endfacet
  facet normal 0.9949870621583993 0.10000373061740055 0
    outer loop
      vertex 0.9478683471679688 5.197357177734375 10.5
      vertex 0.91357421875 5.538566589355469 10.5
      vertex 0.91357421875 5.538566589355469 19
    endloop
  endfacet
  facet normal 0.9793340697505686 -0.2022493011750315 0
    outer loop
      vertex 0.91357421875 5.538566589355469 10.5
      vertex 0.9773025512695312 5.8471527099609375 10.5
      vertex 0.9773025512695312 5.8471527099609375 19
    endloop
  endfacet
  facet normal 0.9153371627350595 0.4026883143525909 0
    outer loop
      vertex 0.8170166015625 6.478851318359375 10.5
      vertex 0.8170166015625 6.478851318359375 19
      vertex 0.9500656127929688 6.176422119140625 10.5
    endloop
  endfacet
  facet normal 0.9965962156694835 0.08243775174799704 0
    outer loop
      vertex 0.9773025512695312 5.8471527099609375 10.5
      vertex 0.9500656127929688 6.176422119140625 10.5
      vertex 0.9773025512695312 5.8471527099609375 19
    endloop
  endfacet
  facet normal 0.15990940008644094 0.9871316952484074 0
    outer loop
      vertex -0.0245819091796875 6.930473327636719 10.5
      vertex -0.0245819091796875 6.930473327636719 19
      vertex 0.3015632629394531 6.8776397705078125 10.5
    endloop
  endfacet
  facet normal 0.47284831566989033 0.8811438420417791 0
    outer loop
      vertex 0.3015632629394531 6.8776397705078125 10.5
      vertex 0.3015632629394531 6.8776397705078125 19
      vertex 0.5926895141601562 6.721412658691406 10.5
    endloop
  endfacet
  facet normal 0.7341630345637041 0.6789732238315539 0
    outer loop
      vertex 0.8170166015625 6.478851318359375 10.5
      vertex 0.5926895141601562 6.721412658691406 10.5
      vertex 0.5926895141601562 6.721412658691406 19
    endloop
  endfacet
  facet normal 0 0 1
    outer loop
      vertex 0.9773025512695312 5.8471527099609375 10.5
      vertex 3.2444076538085938 5.331886291503906 10.5
      vertex 3.7459335327148438 5.890861511230469 10.5
    endloop
  endfacet
  facet normal 0 0 1
    outer loop
      vertex 3.2444076538085938 5.331886291503906 10.5
      vertex 3.5391387939453125 5.481201171875 10.5
      vertex 3.7459335327148438 5.890861511230469 10.5
    endloop
  endfacet
  facet normal 0 0 1
    outer loop
      vertex 3.5391387939453125 5.481201171875 10.5
      vertex 3.8664398193359375 5.526336669921875 10.5
      vertex 3.7459335327148438 5.890861511230469 10.5
    endloop
  endfacet
  facet normal 0 0 1
    outer loop
      vertex 3.8664398193359375 5.526336669921875 10.5
      vertex 4.190578460693359 5.462348937988281 10.5
      vertex 3.7459335327148438 5.890861511230469 10.5
    endloop
  endfacet
  facet normal 0 0 1
    outer loop
      vertex 3.7459335327148438 5.890861511230469 10.5
      vertex 4.190578460693359 5.462348937988281 10.5
      vertex 4.462608337402344 5.3725128173828125 10.5
    endloop
  endfacet
  facet normal 0 0 1
    outer loop
      vertex 4.190578460693359 5.462348937988281 10.5
      vertex 4.476177215576172 5.296234130859375 10.5
      vertex 4.462608337402344 5.3725128173828125 10.5
    endloop
  endfacet
  facet normal -0.7142095000472967 0.6999319895834099 0
    outer loop
      vertex 3.020557403564453 5.1034698486328125 10.5
      vertex 3.020557403564453 5.1034698486328125 19
      vertex 3.2444076538085938 5.331886291503906 10.5
    endloop
  endfacet
  facet normal -0.45192730841405887 0.8920547673263252 0
    outer loop
      vertex 3.2444076538085938 5.331886291503906 10.5
      vertex 3.5391387939453125 5.481201171875 19
      vertex 3.5391387939453125 5.481201171875 10.5
    endloop
  endfacet
  facet normal -0.13660926695627285 0.9906250088614107 0
    outer loop
      vertex 3.5391387939453125 5.481201171875 10.5
      vertex 3.8664398193359375 5.526336669921875 19
      vertex 3.8664398193359375 5.526336669921875 10.5
    endloop
  endfacet
  facet normal 0.19367090368518494 0.9810665528218582 0
    outer loop
      vertex 3.8664398193359375 5.526336669921875 10.5
      vertex 4.190578460693359 5.462348937988281 19
      vertex 4.190578460693359 5.462348937988281 10.5
    endloop
  endfacet
  facet normal 0.5027765751390273 0.8644164016788842 0
    outer loop
      vertex 4.190578460693359 5.462348937988281 10.5
      vertex 4.476177215576172 5.296234130859375 19
      vertex 4.476177215576172 5.296234130859375 10.5
    endloop
  endfacet
  facet normal 0.9949870621583993 0.10000373061740055 0
    outer loop
      vertex 0.9478683471679688 5.197357177734375 10.5
      vertex 0.91357421875 5.538566589355469 19
      vertex 0.9478683471679688 5.197357177734375 19
    endloop
  endfacet
  facet normal 0.9793340697505686 -0.2022493011750315 0
    outer loop
      vertex 0.91357421875 5.538566589355469 10.5
      vertex 0.9773025512695312 5.8471527099609375 19
      vertex 0.91357421875 5.538566589355469 19
    endloop
  endfacet
  facet normal 0.9965962156694835 0.08243775174799704 0
    outer loop
      vertex 0.9500656127929688 6.176422119140625 10.5
      vertex 0.9500656127929688 6.176422119140625 19
      vertex 0.9773025512695312 5.8471527099609375 19
    endloop
  endfacet
  facet normal 0.9153371627350595 0.4026883143525909 0
    outer loop
      vertex 0.9500656127929688 6.176422119140625 10.5
      vertex 0.8170166015625 6.478851318359375 19
      vertex 0.9500656127929688 6.176422119140625 19
    endloop
  endfacet
  facet normal 0.15990940008644094 0.9871316952484074 0
    outer loop
      vertex -0.0245819091796875 6.930473327636719 19
      vertex 0.3015632629394531 6.8776397705078125 19
      vertex 0.3015632629394531 6.8776397705078125 10.5
    endloop
  endfacet
  facet normal 0.47284831566989033 0.8811438420417791 0
    outer loop
      vertex 0.5926895141601562 6.721412658691406 10.5
      vertex 0.3015632629394531 6.8776397705078125 19
      vertex 0.5926895141601562 6.721412658691406 19
    endloop
  endfacet
  facet normal 0.7341630345637041 0.6789732238315539 0
    outer loop
      vertex 0.8170166015625 6.478851318359375 10.5
      vertex 0.5926895141601562 6.721412658691406 19
      vertex 0.8170166015625 6.478851318359375 19
    endloop
  endfacet
  facet normal -0.7142095000472967 0.6999319895834099 0
    outer loop
      vertex 3.2444076538085938 5.331886291503906 10.5
      vertex 3.020557403564453 5.1034698486328125 19
      vertex 3.2444076538085938 5.331886291503906 19
    endloop
  endfacet
  facet normal -0.45192730841405887 0.8920547673263252 0
    outer loop
      vertex 3.2444076538085938 5.331886291503906 10.5
      vertex 3.2444076538085938 5.331886291503906 19
      vertex 3.5391387939453125 5.481201171875 19
    endloop
  endfacet
  facet normal -0.13660926695627285 0.9906250088614107 0
    outer loop
      vertex 3.5391387939453125 5.481201171875 10.5
      vertex 3.5391387939453125 5.481201171875 19
      vertex 3.8664398193359375 5.526336669921875 19
    endloop
  endfacet
  facet normal 0.19367090368518494 0.9810665528218582 0
    outer loop
      vertex 3.8664398193359375 5.526336669921875 10.5
      vertex 3.8664398193359375 5.526336669921875 19
      vertex 4.190578460693359 5.462348937988281 19
    endloop
  endfacet
  facet normal 0.5027765751390273 0.8644164016788842 0
    outer loop
      vertex 4.190578460693359 5.462348937988281 10.5
      vertex 4.190578460693359 5.462348937988281 19
      vertex 4.476177215576172 5.296234130859375 19
    endloop
  endfacet
  facet normal 0.7570182021263557 0.6533937875809505 0
    outer loop
      vertex 4.476177215576172 5.296234130859375 10.5
      vertex 4.476177215576172 5.296234130859375 19
      vertex 4.692054748535156 5.046119689941406 19
    endloop
  endfacet
  facet normal 0 0 1
    outer loop
      vertex 3.020557403564453 5.1034698486328125 19
      vertex 3.5391387939453125 5.481201171875 19
      vertex 3.2444076538085938 5.331886291503906 19
    endloop
  endfacet
  facet normal 0 0 1
    outer loop
      vertex 3.020557403564453 5.1034698486328125 19
      vertex 3.8664398193359375 5.526336669921875 19
      vertex 3.5391387939453125 5.481201171875 19
    endloop
  endfacet
  facet normal 0 0 1
    outer loop
      vertex 2.853912353515625 4.803749084472656 19
      vertex 4.190578460693359 5.462348937988281 19
      vertex 3.8664398193359375 5.526336669921875 19
    endloop
  endfacet
  facet normal 0 0 1
    outer loop
      vertex 4.107086181640625 3.3435134887695312 10.5
      vertex 5.634513854980469 1.9392852783203125 10.5
      vertex 5.95281982421875 1.9703750610351562 10.5
    endloop
  endfacet
  facet normal 0 0 1
    outer loop
      vertex 5.95281982421875 1.9703750610351562 10.5
      vertex 6.274574279785156 1.8953094482421875 10.5
      vertex 4.300148010253906 3.6269378662109375 10.5
    endloop
  endfacet
  facet normal 0 0 1
    outer loop
      vertex 6.274574279785156 1.8953094482421875 10.5
      vertex 6.804313659667969 1.7030105590820312 10.5
      vertex 4.5473175048828125 3.8223648071289062 10.5
    endloop
  endfacet
  facet normal 0 0 1
    outer loop
      vertex 6.977970123291016 -0.9308013916015625 10.5
      vertex 6.774791717529297 0.5071029663085938 10.5
      vertex 6.574867248535156 0.2440643310546875 10.5
    endloop
  endfacet
  facet normal 0 0 1
    outer loop
      vertex 7.0307464599609375 -0.04788970947265625 10.5
      vertex 6.878089904785156 0.8209381103515625 10.5
      vertex 6.774791717529297 0.5071029663085938 10.5
    endloop
  endfacet
  facet normal 0 0 1
    outer loop
      vertex 7.0307464599609375 -0.04788970947265625 10.5
      vertex 6.972553253173828 0.8346786499023438 10.5
      vertex 6.878089904785156 0.8209381103515625 10.5
    endloop
  endfacet
  facet normal 0 0 1
    outer loop
      vertex 6.878089904785156 0.8209381103515625 10.5
      vertex 6.972553253173828 0.8346786499023438 10.5
      vertex 6.8734893798828125 1.1512985229492188 10.5
    endloop
  endfacet
  facet normal 0 0 1
    outer loop
      vertex 6.972553253173828 0.8346786499023438 10.5
      vertex 6.804313659667969 1.7030105590820312 10.5
      vertex 6.8734893798828125 1.1512985229492188 10.5
    endloop
  endfacet
  facet normal 0 0 1
    outer loop
      vertex 6.8734893798828125 1.1512985229492188 10.5
      vertex 6.804313659667969 1.7030105590820312 10.5
      vertex 6.761482238769531 1.462127685546875 10.5
    endloop
  endfacet
  facet normal 0 0 1
    outer loop
      vertex 6.274574279785156 1.8953094482421875 10.5
      vertex 6.5543060302734375 1.7194976806640625 10.5
      vertex 6.804313659667969 1.7030105590820312 10.5
    endloop
  endfacet
  facet normal 0 0 1
    outer loop
      vertex 6.761482238769531 1.462127685546875 10.5
      vertex 6.804313659667969 1.7030105590820312 10.5
      vertex 6.5543060302734375 1.7194976806640625 10.5
    endloop
  endfacet
  facet normal 0.27126385425537736 -0.962505024077546 0
    outer loop
      vertex 5.335563659667969 -0.107330322265625 10.5
      vertex 5.665637969970703 -0.01430511474609375 10.5
      vertex 5.665637969970703 -0.01430511474609375 19
    endloop
  endfacet
  facet normal -0.02910376735126983 -0.9995763956426559 0
    outer loop
      vertex 5.665637969970703 -0.01430511474609375 10.5
      vertex 5.980602264404297 -0.02347564697265625 10.5
      vertex 5.980602264404297 -0.02347564697265625 19
    endloop
  endfacet
  facet normal 0.254240387837127 -0.9671410575466368 0
    outer loop
      vertex 5.980602264404297 -0.02347564697265625 10.5
      vertex 6.300140380859375 0.06052398681640625 10.5
      vertex 5.980602264404297 -0.02347564697265625 19
    endloop
  endfacet
  facet normal 0.5555152419404099 -0.8315063535366929 0
    outer loop
      vertex 6.300140380859375 0.06052398681640625 10.5
      vertex 6.574867248535156 0.2440643310546875 10.5
      vertex 6.574867248535156 0.2440643310546875 19
    endloop
  endfacet
  facet normal -0.3571625849100387 0.9340422302767576 0
    outer loop
      vertex 5.314201354980469 1.816802978515625 10.5
      vertex 5.634513854980469 1.9392852783203125 19
      vertex 5.634513854980469 1.9392852783203125 10.5
    endloop
  endfacet
  facet normal -0.0972100463524069 0.9952638880659554 0
    outer loop
      vertex 5.634513854980469 1.9392852783203125 10.5
      vertex 5.634513854980469 1.9392852783203125 19
      vertex 5.95281982421875 1.9703750610351562 10.5
    endloop
  endfacet
  facet normal 0.5321289820058409 0.846663301737726 0
    outer loop
      vertex 6.274574279785156 1.8953094482421875 10.5
      vertex 6.5543060302734375 1.7194976806640625 19
      vertex 6.5543060302734375 1.7194976806640625 10.5
    endloop
  endfacet
  facet normal 0.22719968626069634 0.9738481927708452 0
    outer loop
      vertex 5.95281982421875 1.9703750610351562 10.5
      vertex 6.274574279785156 1.8953094482421875 19
      vertex 6.274574279785156 1.8953094482421875 10.5
    endloop
  endfacet
  facet normal 0.7961401672752236 -0.6051122491331496 0
    outer loop
      vertex 6.574867248535156 0.2440643310546875 10.5
      vertex 6.774791717529297 0.5071029663085938 10.5
      vertex 6.774791717529297 0.5071029663085938 19
    endloop
  endfacet
  facet normal 0.9498692270704889 -0.31264748753910016 0
    outer loop
      vertex 6.774791717529297 0.5071029663085938 10.5
      vertex 6.878089904785156 0.8209381103515625 10.5
      vertex 6.878089904785156 0.8209381103515625 19
    endloop
  endfacet
  facet normal 0.9999030504905797 0.013924425289157745 0
    outer loop
      vertex 6.878089904785156 0.8209381103515625 10.5
      vertex 6.8734893798828125 1.1512985229492188 10.5
      vertex 6.878089904785156 0.8209381103515625 19
    endloop
  endfacet
  facet normal 0.7789750956944697 0.6270548622630973 0
    outer loop
      vertex 6.761482238769531 1.462127685546875 10.5
      vertex 6.5543060302734375 1.7194976806640625 10.5
      vertex 6.761482238769531 1.462127685546875 19
    endloop
  endfacet
  facet normal 0.94078257067336 0.33901055251603046 0
    outer loop
      vertex 6.8734893798828125 1.1512985229492188 10.5
      vertex 6.761482238769531 1.462127685546875 10.5
      vertex 6.8734893798828125 1.1512985229492188 19
    endloop
  endfacet
  facet normal 0 0 1
    outer loop
      vertex 6.804313659667969 1.7030105590820312 10.5
      vertex 4.738105773925781 4.092109680175781 10.5
      vertex 4.5473175048828125 3.8223648071289062 10.5
    endloop
  endfacet
  facet normal 0 0 1
    outer loop
      vertex 6.5286712646484375 2.5434494018554688 10.5
      vertex 4.8305816650390625 4.409294128417969 10.5
      vertex 4.738105773925781 4.092109680175781 10.5
    endloop
  endfacet
  facet normal 0 0 1
    outer loop
      vertex 6.5286712646484375 2.5434494018554688 10.5
      vertex 6.149971008300781 3.3427581787109375 10.5
      vertex 4.8305816650390625 4.409294128417969 10.5
    endloop
  endfacet
  facet normal 0 0 1
    outer loop
      vertex 6.5286712646484375 2.5434494018554688 10.5
      vertex 4.738105773925781 4.092109680175781 10.5
      vertex 6.804313659667969 1.7030105590820312 10.5
    endloop
  endfacet
  facet normal 0 0 1
    outer loop
      vertex 6.149971008300781 3.3427581787109375 10.5
      vertex 4.8146514892578125 4.739311218261719 10.5
      vertex 4.8305816650390625 4.409294128417969 10.5
    endloop
  endfacet
  facet normal 0 0 1
    outer loop
      vertex 6.149971008300781 3.3427581787109375 10.5
      vertex 5.674163818359375 4.088356018066406 10.5
      vertex 4.8146514892578125 4.739311218261719 10.5
    endloop
  endfacet
  facet normal -0.02910376735126983 -0.9995763956426559 0
    outer loop
      vertex 5.665637969970703 -0.01430511474609375 10.5
      vertex 5.980602264404297 -0.02347564697265625 19
      vertex 5.665637969970703 -0.01430511474609375 19
    endloop
  endfacet
  facet normal 0.254240387837127 -0.9671410575466368 0
    outer loop
      vertex 6.300140380859375 0.06052398681640625 10.5
      vertex 6.300140380859375 0.06052398681640625 19
      vertex 5.980602264404297 -0.02347564697265625 19
    endloop
  endfacet
  facet normal 0.5555152419404099 -0.8315063535366929 0
    outer loop
      vertex 6.300140380859375 0.06052398681640625 10.5
      vertex 6.574867248535156 0.2440643310546875 19
      vertex 6.300140380859375 0.06052398681640625 19
    endloop
  endfacet
  facet normal -0.3571625849100387 0.9340422302767576 0
    outer loop
      vertex 5.314201354980469 1.816802978515625 10.5
      vertex 5.314201354980469 1.816802978515625 19
      vertex 5.634513854980469 1.9392852783203125 19
    endloop
  endfacet
  facet normal -0.0972100463524069 0.9952638880659554 0
    outer loop
      vertex 5.95281982421875 1.9703750610351562 10.5
      vertex 5.634513854980469 1.9392852783203125 19
      vertex 5.95281982421875 1.9703750610351562 19
    endloop
  endfacet
  facet normal 0.5321289820058409 0.846663301737726 0
    outer loop
      vertex 6.274574279785156 1.8953094482421875 10.5
      vertex 6.274574279785156 1.8953094482421875 19
      vertex 6.5543060302734375 1.7194976806640625 19
    endloop
  endfacet
  facet normal 0.22719968626069634 0.9738481927708452 0
    outer loop
      vertex 5.95281982421875 1.9703750610351562 10.5
      vertex 5.95281982421875 1.9703750610351562 19
      vertex 6.274574279785156 1.8953094482421875 19
    endloop
  endfacet
  facet normal 0.7961401672752236 -0.6051122491331496 0
    outer loop
      vertex 6.574867248535156 0.2440643310546875 10.5
      vertex 6.774791717529297 0.5071029663085938 19
      vertex 6.574867248535156 0.2440643310546875 19
    endloop
  endfacet
  facet normal 0.9498692270704889 -0.31264748753910016 0
    outer loop
      vertex 6.774791717529297 0.5071029663085938 10.5
      vertex 6.878089904785156 0.8209381103515625 19
      vertex 6.774791717529297 0.5071029663085938 19
    endloop
  endfacet
  facet normal 0.9999030504905797 0.013924425289157745 0
    outer loop
      vertex 6.8734893798828125 1.1512985229492188 10.5
      vertex 6.8734893798828125 1.1512985229492188 19
      vertex 6.878089904785156 0.8209381103515625 19
    endloop
  endfacet
  facet normal 0.94078257067336 0.33901055251603046 0
    outer loop
      vertex 6.761482238769531 1.462127685546875 10.5
      vertex 6.761482238769531 1.462127685546875 19
      vertex 6.8734893798828125 1.1512985229492188 19
    endloop
  endfacet
  facet normal 0.7789750956944697 0.6270548622630973 0
    outer loop
      vertex 6.5543060302734375 1.7194976806640625 10.5
      vertex 6.5543060302734375 1.7194976806640625 19
      vertex 6.761482238769531 1.462127685546875 19
    endloop
  endfacet
  facet normal 0 0 1
    outer loop
      vertex 5.050884246826172 -0.29853057861328125 19
      vertex 5.335563659667969 -0.107330322265625 19
      vertex 6.761482238769531 1.462127685546875 19
    endloop
  endfacet
  facet normal 0 0 1
    outer loop
      vertex 5.665637969970703 -0.01430511474609375 19
      vertex 5.980602264404297 -0.02347564697265625 19
      vertex 6.300140380859375 0.06052398681640625 19
    endloop
  endfacet
  facet normal 0 0 1
    outer loop
      vertex 5.335563659667969 -0.107330322265625 19
      vertex 5.665637969970703 -0.01430511474609375 19
      vertex 6.774791717529297 0.5071029663085938 19
    endloop
  endfacet
  facet normal 0 0 1
    outer loop
      vertex 5.665637969970703 -0.01430511474609375 19
      vertex 6.300140380859375 0.06052398681640625 19
      vertex 6.574867248535156 0.2440643310546875 19
    endloop
  endfacet
  facet normal 0 0 1
    outer loop
      vertex 5.665637969970703 -0.01430511474609375 19
      vertex 6.574867248535156 0.2440643310546875 19
      vertex 6.774791717529297 0.5071029663085938 19
    endloop
  endfacet
  facet normal 0 0 1
    outer loop
      vertex 5.335563659667969 -0.107330322265625 19
      vertex 6.774791717529297 0.5071029663085938 19
      vertex 6.878089904785156 0.8209381103515625 19
    endloop
  endfacet
  facet normal 0 0 1
    outer loop
      vertex 5.050884246826172 -0.29853057861328125 19
      vertex 6.761482238769531 1.462127685546875 19
      vertex 6.5543060302734375 1.7194976806640625 19
    endloop
  endfacet
  facet normal 0 0 1
    outer loop
      vertex 5.335563659667969 -0.107330322265625 19
      vertex 6.878089904785156 0.8209381103515625 19
      vertex 6.8734893798828125 1.1512985229492188 19
    endloop
  endfacet
  facet normal 0 0 1
    outer loop
      vertex 5.335563659667969 -0.107330322265625 19
      vertex 6.8734893798828125 1.1512985229492188 19
      vertex 6.761482238769531 1.462127685546875 19
    endloop
  endfacet
  facet normal 0 0 -1
    outer loop
      vertex -2.6448404155010916 -0.4014782056759514 6.5
      vertex -2.650913448552482 -0.3606968814791104 6.5
      vertex -2.6614031954884645 -0.2393520066998412 6.5
    endloop
  endfacet
  facet normal 0 0 -1
    outer loop
      vertex -2.6614031954884645 -0.2393520066998412 6.5
      vertex -2.650913448552482 -0.3606968814791104 6.5
      vertex -2.659839840445532 -0.2733201253249657 6.5
    endloop
  endfacet
  facet normal 0 0 -1
    outer loop
      vertex -2.6614031954884645 -0.2393520066998412 6.5
      vertex -2.659839840445532 -0.2733201253249657 6.5
      vertex -2.6628055019332386 -0.23769891186570688 6.5
    endloop
  endfacet
  facet normal 0 0 -1
    outer loop
      vertex -2.6638745800615533 -0.20966766215045884 6.5
      vertex -2.6614031954884645 -0.2393520066998412 6.5
      vertex -2.6628055019332386 -0.23769891186570688 6.5
    endloop
  endfacet
  facet normal 0 0 -1
    outer loop
      vertex -2.6638745800615533 -0.20966766215045884 6.5
      vertex -2.6628055019332386 -0.23769891186570688 6.5
      vertex -2.6649744015413956 -0.20608460337441284 6.5
    endloop
  endfacet
  facet normal 0 0 -1
    outer loop
      vertex -2.6638745800615533 -0.20966766215045884 6.5
      vertex -2.6649744015413956 -0.20608460337441284 6.5
      vertex -2.6656819964016836 -0.1833224050743805 6.5
    endloop
  endfacet
  facet normal 0 0 -1
    outer loop
      vertex -2.6656819964016836 -0.1833224050743805 6.5
      vertex -2.6649744015413956 -0.20608460337441284 6.5
      vertex -2.6662172269578432 -0.18414501582063658 6.5
    endloop
  endfacet
  facet normal 0 0 -1
    outer loop
      vertex -2.6656819964016836 -0.1833224050743805 6.5
      vertex -2.6662172269578432 -0.18414501582063658 6.5
      vertex -2.66658370076712 -0.17688121418978883 6.5
    endloop
  endfacet
  facet normal 0 0 -1
    outer loop
      vertex -2.6656819964016836 -0.1833224050743805 6.5
      vertex -2.66658370076712 -0.17688121418978883 6.5
      vertex -2.6667176842487237 -0.1650394154462336 6.5
    endloop
  endfacet
  facet normal 0 0 -1
    outer loop
      vertex -2.6670230790897875 -0.15898624742052714 6.5
      vertex -2.6672834573202664 -0.161455063541591 6.5
      vertex -2.6676062095507427 -0.1461311218803623 6.5
    endloop
  endfacet
  facet normal 0 0 -1
    outer loop
      vertex -2.6667176842487237 -0.1650394154462336 6.5
      vertex -2.66658370076712 -0.17688121418978883 6.5
      vertex -2.6672834573202664 -0.161455063541591 6.5
    endloop
  endfacet
  facet normal 0 0 -1
    outer loop
      vertex -2.6670230790897875 -0.15898624742052714 6.5
      vertex -2.6667176842487237 -0.1650394154462336 6.5
      vertex -2.6672834573202664 -0.161455063541591 6.5
    endloop
  endfacet
  facet normal 0 0 -1
    outer loop
      vertex -2.668191582846412 -0.13039611932784417 6.5
      vertex -2.668069776231902 -0.13993679796316555 6.5
      vertex -2.668261475310439 -0.1281992338983506 6.5
    endloop
  endfacet
  facet normal 0 0 -1
    outer loop
      vertex -2.6676062095507427 -0.1461311218803623 6.5
      vertex -2.6672834573202664 -0.161455063541591 6.5
      vertex -2.667985905275069 -0.14257306047856924 6.5
    endloop
  endfacet
  facet normal 0 0 -1
    outer loop
      vertex -2.6676062095507427 -0.1461311218803623 6.5
      vertex -2.667985905275069 -0.14257306047856924 6.5
      vertex -2.668191582846412 -0.13039611932784417 6.5
    endloop
  endfacet
  facet normal 0 0 -1
    outer loop
      vertex -2.668191582846412 -0.13039611932784417 6.5
      vertex -2.667985905275069 -0.14257306047856924 6.5
      vertex -2.668069776231902 -0.13993679796316555 6.5
    endloop
  endfacet
  facet normal 0 0 -1
    outer loop
      vertex -0.11242137235753677 -2.7111798454733456 6.5
      vertex -0.13877106067437578 -2.7088714883458684 6.5
      vertex 0.05343974976944827 -2.717267222538017 6.5
    endloop
  endfacet
  facet normal 0 0 -1
    outer loop
      vertex -2.082603693400545 -1.728721942685186 6.5
      vertex -2.061126995557217 -1.7565708234097233 6.5
      vertex -2.104536041395869 -1.7037803380368395 6.5
    endloop
  endfacet
  facet normal 0 0 -1
    outer loop
      vertex -1.9842538369697251 -1.8425303070066144 6.5
      vertex -2.0135478416683577 -1.8116284094235622 6.5
      vertex -2.082603693400545 -1.728721942685186 6.5
    endloop
  endfacet
  facet normal 0 0 -1
    outer loop
      vertex -2.082603693400545 -1.728721942685186 6.5
      vertex -2.0135478416683577 -1.8116284094235622 6.5
      vertex -2.061126995557217 -1.7565708234097233 6.5
    endloop
  endfacet
  facet normal 0 0 -1
    outer loop
      vertex -2.1984978740282983 -1.5772168415072334 6.5
      vertex -2.198065639744537 -1.577866827916383 6.5
      vertex -2.2002000123105203 -1.5747647019961801 6.5
    endloop
  endfacet
  facet normal 0 0 -1
    outer loop
      vertex -2.2020555913287336 -1.572034960247368 6.5
      vertex -2.1984978740282983 -1.5772168415072334 6.5
      vertex -2.2002000123105203 -1.5747647019961801 6.5
    endloop
  endfacet
  facet normal 0 0 -1
    outer loop
      vertex -2.1984978740282983 -1.5772168415072334 6.5
      vertex -2.1967192302233123 -1.5798019464407358 6.5
      vertex -2.198065639744537 -1.577866827916383 6.5
    endloop
  endfacet
  facet normal 0 0 -1
    outer loop
      vertex -2.1967192302233123 -1.5798019464407358 6.5
      vertex -2.1969918934011616 -1.5794111666113582 6.5
      vertex -2.198065639744537 -1.577866827916383 6.5
    endloop
  endfacet
  facet normal 0 0 -1
    outer loop
      vertex -2.2020555913287336 -1.572034960247368 6.5
      vertex -2.2002000123105203 -1.5747647019961801 6.5
      vertex -2.204469273071043 -1.5685464444843418 6.5
    endloop
  endfacet
  facet normal 0 0 -1
    outer loop
      vertex -2.2091394683129435 -1.561602594262735 6.5
      vertex -2.204469273071043 -1.5685464444843418 6.5
      vertex -2.2129699254520947 -1.556027605302782 6.5
    endloop
  endfacet
  facet normal 0 0 -1
    outer loop
      vertex -2.223163301447812 -1.5404980058655218 6.5
      vertex -2.2091394683129435 -1.561602594262735 6.5
      vertex -2.2129699254520947 -1.556027605302782 6.5
    endloop
  endfacet
  facet normal 0 0 -1
    outer loop
      vertex -2.2091394683129435 -1.561602594262735 6.5
      vertex -2.2020555913287336 -1.572034960247368 6.5
      vertex -2.204469273071043 -1.5685464444843418 6.5
    endloop
  endfacet
  facet normal 0 0 -1
    outer loop
      vertex -2.1967192302233123 -1.5798019464407358 6.5
      vertex -2.1959248192091985 -1.5809554401145915 6.5
      vertex -2.1969918934011616 -1.5794111666113582 6.5
    endloop
  endfacet
  facet normal 0 0 -1
    outer loop
      vertex -2.1958244416038326 -1.5810888953532152 6.5
      vertex -2.195717738717136 -1.5812433161440893 6.5
      vertex -2.1959248192091985 -1.5809554401145915 6.5
    endloop
  endfacet
  facet normal 0 0 -1
    outer loop
      vertex -2.1958244416038326 -1.5810888953532152 6.5
      vertex -2.1959248192091985 -1.5809554401145915 6.5
      vertex -2.1967192302233123 -1.5798019464407358 6.5
    endloop
  endfacet
  facet normal 0 0 -1
    outer loop
      vertex -2.2799891596255093 -1.4482010551120923 6.5
      vertex -2.2505380161032247 -1.4974849362804452 6.5
      vertex -2.262648182800432 -1.4790864157240342 6.5
    endloop
  endfacet
  facet normal 0 0 -1
    outer loop
      vertex -2.2505380161032247 -1.4974849362804452 6.5
      vertex -2.229798525213937 -1.5307020992261262 6.5
      vertex -2.262648182800432 -1.4790864157240342 6.5
    endloop
  endfacet
  facet normal 0 0 -1
    outer loop
      vertex -2.287183649732097 -1.435625057216142 6.5
      vertex -2.262648182800432 -1.4790864157240342 6.5
      vertex -2.297989555027174 -1.419945758322011 6.5
    endloop
  endfacet
  facet normal 0 0 -1
    outer loop
      vertex -2.29429036471837 -1.4229915938153959 6.5
      vertex -2.287183649732097 -1.435625057216142 6.5
      vertex -2.297989555027174 -1.419945758322011 6.5
    endloop
  endfacet
  facet normal 0 0 -1
    outer loop
      vertex -2.2799891596255093 -1.4482010551120923 6.5
      vertex -2.262648182800432 -1.4790864157240342 6.5
      vertex -2.2808930619437375 -1.446630971523766 6.5
    endloop
  endfacet
  facet normal 0 0 -1
    outer loop
      vertex -2.2835963190281228 -1.4419209686155434 6.5
      vertex -2.262648182800432 -1.4790864157240342 6.5
      vertex -2.287183649732097 -1.435625057216142 6.5
    endloop
  endfacet
  facet normal 0 0 -1
    outer loop
      vertex -2.281794174311712 -1.4450609283769424 6.5
      vertex -2.262648182800432 -1.4790864157240342 6.5
      vertex -2.2835963190281228 -1.4419209686155434 6.5
    endloop
  endfacet
  facet normal 0 0 -1
    outer loop
      vertex -2.2808930619437375 -1.446630971523766 6.5
      vertex -2.262648182800432 -1.4790864157240342 6.5
      vertex -2.281794174311712 -1.4450609283769424 6.5
    endloop
  endfacet
  facet normal 0 0 -1
    outer loop
      vertex -2.223163301447812 -1.5404980058655218 6.5
      vertex -2.2129699254520947 -1.556027605302782 6.5
      vertex -2.229798525213937 -1.5307020992261262 6.5
    endloop
  endfacet
  facet normal 0 0 -1
    outer loop
      vertex -2.223163301447812 -1.5404980058655218 6.5
      vertex -2.229798525213937 -1.5307020992261262 6.5
      vertex -2.2505380161032247 -1.4974849362804452 6.5
    endloop
  endfacet
  facet normal 0 0 -1
    outer loop
      vertex -2.1187778982660888 -1.6847298715411163 6.5
      vertex -2.104536041395869 -1.7037803380368395 6.5
      vertex -2.149712115836831 -1.645198717821156 6.5
    endloop
  endfacet
  facet normal 0 0 -1
    outer loop
      vertex -2.1187778982660888 -1.6847298715411163 6.5
      vertex -2.149712115836831 -1.645198717821156 6.5
      vertex -2.1559468726539524 -1.6365313777954535 6.5
    endloop
  endfacet
  facet normal 0 0 -1
    outer loop
      vertex -2.1187778982660888 -1.6847298715411163 6.5
      vertex -2.082603693400545 -1.728721942685186 6.5
      vertex -2.104536041395869 -1.7037803380368395 6.5
    endloop
  endfacet
  facet normal 0 0 -1
    outer loop
      vertex -1.7486729791549696 -2.075918685005511 6.5
      vertex -1.8075276043411572 -2.025061930190971 6.5
      vertex -1.8118883266936363 -2.0209842177740747 6.5
    endloop
  endfacet
  facet normal 0 0 -1
    outer loop
      vertex -1.7486729791549696 -2.075918685005511 6.5
      vertex -1.730850812290651 -2.0916944630222383 6.5
      vertex -1.8075276043411572 -2.025061930190971 6.5
    endloop
  endfacet
  facet normal 0 0 -1
    outer loop
      vertex -1.7486729791549696 -2.075918685005511 6.5
      vertex -1.7015002155079113 -2.1137560640329283 6.5
      vertex -1.730850812290651 -2.0916944630222383 6.5
    endloop
  endfacet
  facet normal 0 0 -1
    outer loop
      vertex -1.7015002155079113 -2.1137560640329283 6.5
      vertex -1.674243495914181 -2.137099317855139 6.5
      vertex -1.730850812290651 -2.0916944630222383 6.5
    endloop
  endfacet
  facet normal 0 0 -1
    outer loop
      vertex -1.5750952996786014 -2.2107515773469726 6.5
      vertex -1.5593222941690592 -2.224617125723433 6.5
      vertex -1.6080266520947903 -2.187910132562461 6.5
    endloop
  endfacet
  facet normal 0 0 -1
    outer loop
      vertex -1.5750952996786014 -2.2107515773469726 6.5
      vertex -1.534508334740492 -2.2413407383144492 6.5
      vertex -1.5593222941690592 -2.224617125723433 6.5
    endloop
  endfacet
  facet normal 0 0 -1
    outer loop
      vertex -1.49166822387479 -2.2718474915002713 6.5
      vertex -1.507914161130217 -2.2612252295464192 6.5
      vertex -1.534508334740492 -2.2413407383144492 6.5
    endloop
  endfacet
  facet normal 0 0 -1
    outer loop
      vertex -1.534508334740492 -2.2413407383144492 6.5
      vertex -1.507914161130217 -2.2612252295464192 6.5
      vertex -1.5593222941690592 -2.224617125723433 6.5
    endloop
  endfacet
  facet normal 0 0 -1
    outer loop
      vertex -1.7015002155079113 -2.1137560640329283 6.5
      vertex -1.5750952996786014 -2.2107515773469726 6.5
      vertex -1.6080266520947903 -2.187910132562461 6.5
    endloop
  endfacet
  facet normal 0 0 -1
    outer loop
      vertex -1.7015002155079113 -2.1137560640329283 6.5
      vertex -1.6080266520947903 -2.187910132562461 6.5
      vertex -1.674243495914181 -2.137099317855139 6.5
    endloop
  endfacet
  facet normal 0 0 -1
    outer loop
      vertex -1.4533271360023645 -2.297671318589269 6.5
      vertex -1.4619048556833063 -2.2922138220532164 6.5
      vertex -1.4716981215303417 -2.285468540623769 6.5
    endloop
  endfacet
  facet normal 0 0 -1
    outer loop
      vertex -1.4533271360023645 -2.297671318589269 6.5
      vertex -1.4517082683885634 -2.298856578376137 6.5
      vertex -1.4619048556833063 -2.2922138220532164 6.5
    endloop
  endfacet
  facet normal 0 0 -1
    outer loop
      vertex -1.444829979923412 -2.3032069488583695 6.5
      vertex -1.436472243141177 -2.3086418792355095 6.5
      vertex -1.4517082683885634 -2.298856578376137 6.5
    endloop
  endfacet
  facet normal 0 0 -1
    outer loop
      vertex -1.4533271360023645 -2.297671318589269 6.5
      vertex -1.444829979923412 -2.3032069488583695 6.5
      vertex -1.4517082683885634 -2.298856578376137 6.5
    endloop
  endfacet
  facet normal 0 0 -1
    outer loop
      vertex -1.4321332922172567 -2.31136136624118 6.5
      vertex -1.4164327673009924 -2.3212410179344385 6.5
      vertex -1.436472243141177 -2.3086418792355095 6.5
    endloop
  endfacet
  facet normal 0 0 -1
    outer loop
      vertex -1.444829979923412 -2.3032069488583695 6.5
      vertex -1.4321332922172567 -2.31136136624118 6.5
      vertex -1.436472243141177 -2.3086418792355095 6.5
    endloop
  endfacet
  facet normal 0 0 -1
    outer loop
      vertex -1.4321332922172567 -2.31136136624118 6.5
      vertex -1.4163633509061966 -2.321276180352914 6.5
      vertex -1.4164327673009924 -2.3212410179344385 6.5
    endloop
  endfacet
  facet normal 0 0 -1
    outer loop
      vertex -1.49166822387479 -2.2718474915002713 6.5
      vertex -1.4839500383168789 -2.277570488494617 6.5
      vertex -1.507914161130217 -2.2612252295464192 6.5
    endloop
  endfacet
  facet normal 0 0 -1
    outer loop
      vertex -1.49166822387479 -2.2718474915002713 6.5
      vertex -1.4716981215303417 -2.285468540623769 6.5
      vertex -1.4839500383168789 -2.277570488494617 6.5
    endloop
  endfacet
  facet normal 0 0 -1
    outer loop
      vertex -1.4716981215303417 -2.285468540623769 6.5
      vertex -1.4619048556833063 -2.2922138220532164 6.5
      vertex -1.4839500383168789 -2.277570488494617 6.5
    endloop
  endfacet
  facet normal 0 0 -1
    outer loop
      vertex -1.935383655877716 -1.8979756258225247 6.5
      vertex -1.8530917478383822 -1.9824548897316652 6.5
      vertex -1.9549036243579467 -1.8781627920026547 6.5
    endloop
  endfacet
  facet normal 0 0 -1
    outer loop
      vertex -1.935383655877716 -1.8979756258225247 6.5
      vertex -1.8510454120208333 -1.9843684187981545 6.5
      vertex -1.8530917478383822 -1.9824548897316652 6.5
    endloop
  endfacet
  facet normal 0 0 -1
    outer loop
      vertex -1.9842538369697251 -1.8425303070066144 6.5
      vertex -1.9549036243579467 -1.8781627920026547 6.5
      vertex -2.0135478416683577 -1.8116284094235622 6.5
    endloop
  endfacet
  facet normal 0 0 -1
    outer loop
      vertex -1.9842538369697251 -1.8425303070066144 6.5
      vertex -1.935383655877716 -1.8979756258225247 6.5
      vertex -1.9549036243579467 -1.8781627920026547 6.5
    endloop
  endfacet
  facet normal 0 0 -1
    outer loop
      vertex -2.2990742378090476 -1.4180616580160192 6.5
      vertex -2.366127666984959 -1.2977637904335844 6.5
      vertex -2.297989555027174 -1.419945758322011 6.5
    endloop
  endfacet
  facet normal 0 0 -1
    outer loop
      vertex -2.2990742378090476 -1.4180616580160192 6.5
      vertex -2.300155572650617 -1.4161776062398308 6.5
      vertex -2.366127666984959 -1.2977637904335844 6.5
    endloop
  endfacet
  facet normal 0 0 -1
    outer loop
      vertex -2.30231814631031 -1.4124096545261522 6.5
      vertex -2.366127666984959 -1.2977637904335844 6.5
      vertex -2.300155572650617 -1.4161776062398308 6.5
    endloop
  endfacet
  facet normal 0 0 -1
    outer loop
      vertex -2.306622943155079 -1.4048545608468703 6.5
      vertex -2.3151510011386067 -1.3896944047659752 6.5
      vertex -2.349400279899067 -1.3283268003094562 6.5
    endloop
  endfacet
  facet normal 0 0 -1
    outer loop
      vertex -2.30231814631031 -1.4124096545261522 6.5
      vertex -2.349400279899067 -1.3283268003094562 6.5
      vertex -2.366127666984959 -1.2977637904335844 6.5
    endloop
  endfacet
  facet normal 0 0 -1
    outer loop
      vertex -2.366583464857295 -1.2934573514948593 6.5
      vertex -2.297989555027174 -1.419945758322011 6.5
      vertex -2.366127666984959 -1.2977637904335844 6.5
    endloop
  endfacet
  facet normal 0 0 -1
    outer loop
      vertex -2.366583464857295 -1.2934573514948593 6.5
      vertex -2.366127666984959 -1.2977637904335844 6.5
      vertex -2.3805229540955386 -1.2679881765982994 6.5
    endloop
  endfacet
  facet normal 0 0 -1
    outer loop
      vertex -2.3805229540955386 -1.2679881765982994 6.5
      vertex -2.366127666984959 -1.2977637904335844 6.5
      vertex -2.398110991976183 -1.2360687000024635 6.5
    endloop
  endfacet
  facet normal 0 0 -1
    outer loop
      vertex -2.407175724921559 -1.216575601239032 6.5
      vertex -2.3805229540955386 -1.2679881765982994 6.5
      vertex -2.398110991976183 -1.2360687000024635 6.5
    endloop
  endfacet
  facet normal 0 0 -1
    outer loop
      vertex -2.4405224493979154 -1.146298313723291 6.5
      vertex -2.444652795313171 -1.137094369206334 6.5
      vertex -2.44562814124384 -1.134842832161972 6.5
    endloop
  endfacet
  facet normal 0 0 -1
    outer loop
      vertex -2.407175724921559 -1.216575601239032 6.5
      vertex -2.4331563806888266 -1.1627113693986422 6.5
      vertex -2.4348200682941488 -1.1590525232204363 6.5
    endloop
  endfacet
  facet normal 0 0 -1
    outer loop
      vertex -2.407175724921559 -1.216575601239032 6.5
      vertex -2.4323211629994548 -1.1645409276315681 6.5
      vertex -2.4331563806888266 -1.1627113693986422 6.5
    endloop
  endfacet
  facet normal 0 0 -1
    outer loop
      vertex -2.407175724921559 -1.216575601239032 6.5
      vertex -2.4314825917781397 -1.1663705758243035 6.5
      vertex -2.4323211629994548 -1.1645409276315681 6.5
    endloop
  endfacet
  facet normal 0 0 -1
    outer loop
      vertex -2.407175724921559 -1.216575601239032 6.5
      vertex -2.398110991976183 -1.2360687000024635 6.5
      vertex -2.4314825917781397 -1.1663705758243035 6.5
    endloop
  endfacet
  facet normal 0 0 -1
    outer loop
      vertex -2.407175724921559 -1.216575601239032 6.5
      vertex -2.4348200682941488 -1.1590525232204363 6.5
      vertex -2.434985391423189 -1.1584938310905655 6.5
    endloop
  endfacet
  facet normal 0 0 -1
    outer loop
      vertex -2.434985391423189 -1.1584938310905655 6.5
      vertex -2.4348200682941488 -1.1590525232204363 6.5
      vertex -2.435684200774285 -1.1569691242632858 6.5
    endloop
  endfacet
  facet normal 0 0 -1
    outer loop
      vertex -2.4405224493979154 -1.146298313723291 6.5
      vertex -2.438127061347811 -1.1517359549835742 6.5
      vertex -2.444652795313171 -1.137094369206334 6.5
    endloop
  endfacet
  facet normal 0 0 -1
    outer loop
      vertex -2.437766621853197 -1.152395453920676 6.5
      vertex -2.4348200682941488 -1.1590525232204363 6.5
      vertex -2.438127061347811 -1.1517359549835742 6.5
    endloop
  endfacet
  facet normal 0 0 -1
    outer loop
      vertex -2.437766621853197 -1.152395453920676 6.5
      vertex -2.438127061347811 -1.1517359549835742 6.5
      vertex -2.4405224493979154 -1.146298313723291 6.5
    endloop
  endfacet
  facet normal 0 0 -1
    outer loop
      vertex -2.437766621853197 -1.152395453920676 6.5
      vertex -2.4363802155154284 -1.1554444924025142 6.5
      vertex -2.4348200682941488 -1.1590525232204363 6.5
    endloop
  endfacet
  facet normal 0 0 -1
    outer loop
      vertex -2.435684200774285 -1.1569691242632858 6.5
      vertex -2.4348200682941488 -1.1590525232204363 6.5
      vertex -2.4363802155154284 -1.1554444924025142 6.5
    endloop
  endfacet
  facet normal 0 0 -1
    outer loop
      vertex -2.4764050462500697 -1.0610865621127514 6.5
      vertex -2.4573372173579062 -1.1078130186392985 6.5
      vertex -2.4811861775703963 -1.0494818530509267 6.5
    endloop
  endfacet
  facet normal 0 0 -1
    outer loop
      vertex -2.4764050462500697 -1.0610865621127514 6.5
      vertex -2.4566876317343236 -1.1093125543927085 6.5
      vertex -2.4573372173579062 -1.1078130186392985 6.5
    endloop
  endfacet
  facet normal 0 0 -1
    outer loop
      vertex -2.4764050462500697 -1.0610865621127514 6.5
      vertex -2.4811861775703963 -1.0494818530509267 6.5
      vertex -2.502956102168989 -0.9893179562145135 6.5
    endloop
  endfacet
  facet normal 0 0 -1
    outer loop
      vertex -2.502956102168989 -0.9893179562145135 6.5
      vertex -2.4811861775703963 -1.0494818530509267 6.5
      vertex -2.5130474446730995 -0.9633595259730411 6.5
    endloop
  endfacet
  facet normal 0 0 -1
    outer loop
      vertex -2.5188181777355965 -0.9415652140919747 6.5
      vertex -2.532081935353028 -0.9060562354259946 6.5
      vertex -2.554313597066856 -0.8355459346087459 6.5
    endloop
  endfacet
  facet normal 0 0 -1
    outer loop
      vertex -2.502956102168989 -0.9893179562145135 6.5
      vertex -2.5130474446730995 -0.9633595259730411 6.5
      vertex -2.5188181777355965 -0.9415652140919747 6.5
    endloop
  endfacet
  facet normal 0 0 -1
    outer loop
      vertex -2.5188181777355965 -0.9415652140919747 6.5
      vertex -2.5130474446730995 -0.9633595259730411 6.5
      vertex -2.532081935353028 -0.9060562354259946 6.5
    endloop
  endfacet
  facet normal 0 0 -1
    outer loop
      vertex -2.5643405392630703 -0.7971857499506476 6.5
      vertex -2.554313597066856 -0.8355459346087459 6.5
      vertex -2.5799310266838713 -0.7490069218422687 6.5
    endloop
  endfacet
  facet normal 0 0 -1
    outer loop
      vertex -2.5643405392630703 -0.7971857499506476 6.5
      vertex -2.5799310266838713 -0.7490069218422687 6.5
      vertex -2.5856883972772495 -0.7250699059785832 6.5
    endloop
  endfacet
  facet normal 0 0 -1
    outer loop
      vertex -2.5856883972772495 -0.7250699059785832 6.5
      vertex -2.5799310266838713 -0.7490069218422687 6.5
      vertex -2.5905783363831065 -0.7088638992603755 6.5
    endloop
  endfacet
  facet normal 0 0 -1
    outer loop
      vertex -2.5643405392630703 -0.7971857499506476 6.5
      vertex -2.5188181777355965 -0.9415652140919747 6.5
      vertex -2.554313597066856 -0.8355459346087459 6.5
    endloop
  endfacet
  facet normal 0 0 -1
    outer loop
      vertex -2.29429036471837 -1.4229915938153959 6.5
      vertex -2.297989555027174 -1.419945758322011 6.5
      vertex -2.366583464857295 -1.2934573514948593 6.5
    endloop
  endfacet
  facet normal 0 0 -1
    outer loop
      vertex -2.30231814631031 -1.4124096545261522 6.5
      vertex -2.306622943155079 -1.4048545608468703 6.5
      vertex -2.349400279899067 -1.3283268003094562 6.5
    endloop
  endfacet
  facet normal 0 0 -1
    outer loop
      vertex -2.5856883972772495 -0.7250699059785832 6.5
      vertex -2.5905783363831065 -0.7088638992603755 6.5
      vertex -2.5945611553599455 -0.6916173871603389 6.5
    endloop
  endfacet
  facet normal 0 0 -1
    outer loop
      vertex -2.5945611553599455 -0.6916173871603389 6.5
      vertex -2.5905783363831065 -0.7088638992603755 6.5
      vertex -2.6081919442638863 -0.6348308909269147 6.5
    endloop
  endfacet
  facet normal 0 0 -1
    outer loop
      vertex -2.5945611553599455 -0.6916173871603389 6.5
      vertex -2.6081919442638863 -0.6348308909269147 6.5
      vertex -2.608730911613288 -0.632059476601223 6.5
    endloop
  endfacet
  facet normal 0 0 -1
    outer loop
      vertex -2.6393578566193585 -0.4533360596440529 6.5
      vertex -2.627334155175967 -0.5364000720544101 6.5
      vertex -2.629581727089382 -0.5248428728923913 6.5
    endloop
  endfacet
  facet normal 0 0 -1
    outer loop
      vertex -2.6393578566193585 -0.4533360596440529 6.5
      vertex -2.629581727089382 -0.5248428728923913 6.5
      vertex -2.644334377894402 -0.4229263062408322 6.5
    endloop
  endfacet
  facet normal 0 0 -1
    outer loop
      vertex -2.6393578566193585 -0.4533360596440529 6.5
      vertex -2.644334377894402 -0.4229263062408322 6.5
      vertex -2.6448404155010916 -0.4014782056759514 6.5
    endloop
  endfacet
  facet normal 0 0 -1
    outer loop
      vertex -2.6448404155010916 -0.4014782056759514 6.5
      vertex -2.644334377894402 -0.4229263062408322 6.5
      vertex -2.650913448552482 -0.3606968814791104 6.5
    endloop
  endfacet
  facet normal 0 0 -1
    outer loop
      vertex -1.1244062535903032 -2.469165128820083 6.5
      vertex -1.1670075301105374 -2.447585732237989 6.5
      vertex -0.9768673247100836 -2.5396412747396075 6.5
    endloop
  endfacet
  facet normal 0 0 -1
    outer loop
      vertex -1.1244062535903032 -2.469165128820083 6.5
      vertex -0.9768673247100836 -2.5396412747396075 6.5
      vertex -0.9818106258616728 -2.538202173569623 6.5
    endloop
  endfacet
  facet normal 0 0 -1
    outer loop
      vertex -0.6305147058823529 -2.6404719633214615 6.5
      vertex -0.6576274099305616 -2.6325788726679256 6.5
      vertex -0.47054101116931607 -2.6798068739679297 6.5
    endloop
  endfacet
  facet normal 0 0 -1
    outer loop
      vertex -0.6305147058823529 -2.6404719633214615 6.5
      vertex -0.47054101116931607 -2.6798068739679297 6.5
      vertex -0.47690357881433826 -2.6792494829963234 6.5
    endloop
  endfacet
  facet normal 0 0 -1
    outer loop
      vertex -2.5783525354721966 0.5824297736672794 6.5
      vertex -2.6219218352153013 0.42662514094532933 6.5
      vertex -2.6215887630687043 0.43001466638901653 6.5
    endloop
  endfacet
  facet normal 0 0 -1
    outer loop
      vertex -2.5783525354721966 0.5824297736672794 6.5
      vertex -2.56831692243167 0.6155916393365779 6.5
      vertex -2.6219218352153013 0.42662514094532933 6.5
    endloop
  endfacet
  facet normal 0 0 -1
    outer loop
      vertex -2.3992089664234832 1.0731488396139706 6.5
      vertex -2.4730038848327323 0.9305458067227353 6.5
      vertex -2.4723748599781707 0.9326243681066176 6.5
    endloop
  endfacet
  facet normal 0 0 -1
    outer loop
      vertex -2.3992089664234832 1.0731488396139706 6.5
      vertex -2.3797858588786256 1.1095829672867417 6.5
      vertex -2.4730038848327323 0.9305458067227353 6.5
    endloop
  endfacet
  facet normal 0 0 -1
    outer loop
      vertex -2.1270213407628678 1.5188365263097428 6.5
      vertex -2.227531551692196 1.3951836547127003 6.5
      vertex -2.2270898257984832 1.3960122501148897 6.5
    endloop
  endfacet
  facet normal 0 0 -1
    outer loop
      vertex -2.0880059634937957 1.5664376651539522 6.5
      vertex -2.227531551692196 1.3951836547127003 6.5
      vertex -2.1270213407628678 1.5188365263097428 6.5
    endloop
  endfacet
  facet normal 0 0 -1
    outer loop
      vertex -2.0880059634937957 1.5664376651539522 6.5
      vertex -2.1270213407628678 1.5188365263097428 6.5
      vertex -1.8953471464269303 1.8020252900965072 6.5
    endloop
  endfacet
  facet normal 0 0 -1
    outer loop
      vertex -2.0880059634937957 1.5664376651539522 6.5
      vertex -1.8953471464269303 1.8020252900965072 6.5
      vertex -1.8951222013851667 1.8022106406579832 6.5
    endloop
  endfacet
  facet normal 0 0 -1
    outer loop
      vertex -1.6129769717945772 2.0346931008731617 6.5
      vertex -1.4887996025056611 2.135466109944657 6.5
      vertex -1.6521447629768493 2.002419564055041 6.5
    endloop
  endfacet
  facet normal 0 0 -1
    outer loop
      vertex -1.6129769717945772 2.0346931008731617 6.5
      vertex -1.4901392319623161 2.1347458783318016 6.5
      vertex -1.4887996025056611 2.135466109944657 6.5
    endloop
  endfacet
  facet normal 0 0 -1
    outer loop
      vertex -1.1678843778722428 2.308001349954044 6.5
      vertex -1.0247162298167938 2.3819545364998698 6.5
      vertex -1.2007632472573846 2.290324520731988 6.5
    endloop
  endfacet
  facet normal 0 0 -1
    outer loop
      vertex -1.1678843778722428 2.308001349954044 6.5
      vertex -1.0273509306066178 2.3811470480526196 6.5
      vertex -1.0247162298167938 2.3819545364998698 6.5
    endloop
  endfacet
  facet normal 0 0 -1
    outer loop
      vertex -0.6775306252872243 2.488360685460708 6.5
      vertex -0.5211378755331976 2.5319811551358784 6.5
      vertex -0.7089786558082702 2.4787224292182537 6.5
    endloop
  endfacet
  facet normal 0 0 -1
    outer loop
      vertex -0.6775306252872243 2.488360685460708 6.5
      vertex -0.5251099081600413 2.531576717601103 6.5
      vertex -0.5211378755331976 2.5319811551358784 6.5
    endloop
  endfacet
  facet normal 0 0 -1
    outer loop
      vertex -0.16111239264993107 2.5686394186580883 6.5
      vertex 0.0021017276923092527 2.5796490934073124 6.5
      vertex -0.19113626542429898 2.5655823488326255 6.5
    endloop
  endfacet
  facet normal 0 0 -1
    outer loop
      vertex -0.16111239264993107 2.5686394186580883 6.5
      vertex -0.0031009000890395225 2.5801418528837314 6.5
      vertex 0.0021017276923092527 2.5796490934073124 6.5
    endloop
  endfacet
  facet normal 0 0 -1
    outer loop
      vertex -0.11242137235753677 -2.7111798454733456 6.5
      vertex 0.05343974976944827 -2.717267222538017 6.5
      vertex 0.04585714901194853 -2.718093423282399 6.5
    endloop
  endfacet
  facet normal 0 0 -1
    outer loop
      vertex 0.4095826990464154 -2.67846186020795 6.5
      vertex 0.3848924814763954 -2.6811521081568648 6.5
      vertex 0.5744501626864361 -2.650567892854639 6.5
    endloop
  endfacet
  facet normal 0 0 -1
    outer loop
      vertex 0.4095826990464154 -2.67846186020795 6.5
      vertex 0.5744501626864361 -2.650567892854639 6.5
      vertex 0.5659886528463924 -2.653226515826057 6.5
    endloop
  endfacet
  facet normal 0 0 -1
    outer loop
      vertex 0.915046916288488 -2.5435517254997704 6.5
      vertex 0.8927839177496276 -2.550546803263311 6.5
      vertex 1.071998971528503 -2.4823534214056293 6.5
    endloop
  endfacet
  facet normal 0 0 -1
    outer loop
      vertex 0.915046916288488 -2.5435517254997704 6.5
      vertex 1.071998971528503 -2.4823534214056293 6.5
      vertex 1.0631188785328585 -2.487208646886489 6.5
    endloop
  endfacet
  facet normal 0 0 -1
    outer loop
      vertex 1.3841458488913143 -2.311685898724724 6.5
      vertex 1.3649235704805598 -2.322195754419462 6.5
      vertex 1.5264911529720107 -2.219272968944993 6.5
    endloop
  endfacet
  facet normal 0 0 -1
    outer loop
      vertex 1.3841458488913143 -2.311685898724724 6.5
      vertex 1.5264911529720107 -2.219272968944993 6.5
      vertex 1.517765718347886 -2.2265665390912224 6.5
    endloop
  endfacet
  facet normal 0 0 -1
    outer loop
      vertex 1.798487943761489 -1.9919114954331343 6.5
      vertex 1.7827416063403383 -2.005073821606529 6.5
      vertex 1.9200652017522604 -1.8716966883019996 6.5
    endloop
  endfacet
  facet normal 0 0 -1
    outer loop
      vertex 1.798487943761489 -1.9919114954331343 6.5
      vertex 1.9200652017522604 -1.8716966883019996 6.5
      vertex 1.9121356290929459 -1.8815298641429228 6.5
    endloop
  endfacet
  facet normal 0 0 -1
    outer loop
      vertex 2.1418091269100414 -1.5967200784122242 6.5
      vertex 2.1297709671131217 -1.611648164346993 6.5
      vertex 2.2372406577723787 -1.4533212765280208 6.5
    endloop
  endfacet
  facet normal 0 0 -1
    outer loop
      vertex 2.1418091269100414 -1.5967200784122242 6.5
      vertex 2.2372406577723787 -1.4533212765280208 6.5
      vertex 2.2307869406307446 -1.4656358606675093 6.5
    endloop
  endfacet
  facet normal 0 0 -1
    outer loop
      vertex 2.4006253410788143 -1.141560722799862 6.5
      vertex 2.392337162091409 -1.1573757136436809 6.5
      vertex 2.4655522369145455 -0.9806364034566583 6.5
    endloop
  endfacet
  facet normal 0 0 -1
    outer loop
      vertex 2.4006253410788143 -1.141560722799862 6.5
      vertex 2.4655522369145455 -0.9806364034566583 6.5
      vertex 2.4612588321461395 -0.9951930326573989 6.5
    endloop
  endfacet
  facet normal 0 0 -1
    outer loop
      vertex 2.5647645838120403 -0.6442606308880974 6.5
      vertex 2.5600832356221024 -0.660132567832395 6.5
      vertex 2.5960419749362864 -0.4722611932607045 6.5
    endloop
  endfacet
  facet normal 0 0 -1
    outer loop
      vertex 2.5647645838120403 -0.6442606308880974 6.5
      vertex 2.5960419749362864 -0.4722611932607045 6.5
      vertex 2.5945472717285156 -0.4886568854836857 6.5
    endloop
  endfacet
  facet normal 0 0 -1
    outer loop
      vertex 2.627764757941751 -0.12428777358111213 6.5
      vertex 2.6263791759549857 -0.1394864937595447 6.5
      vertex 2.625466963824104 0.034125384162454045 6.5
    endloop
  endfacet
  facet normal 0 0 -1
    outer loop
      vertex 0.3611470390768612 2.5456426283892464 6.5
      vertex 0.5244109024497497 2.5231058732350764 6.5
      vertex 0.33318097700309257 2.5482913941061343 6.5
    endloop
  endfacet
  facet normal 0 0 -1
    outer loop
      vertex 0.3611470390768612 2.5456426283892464 6.5
      vertex 0.5182194429285386 2.5249557495117188 6.5
      vertex 0.5244109024497497 2.5231058732350764 6.5
    endloop
  endfacet
  facet normal 0 0 -1
    outer loop
      vertex 0.8687856337603401 2.4202140359317554 6.5
      vertex 1.0252425233016789 2.3645893716318196 6.5
      vertex 0.8435631920204321 2.427749964488472 6.5
    endloop
  endfacet
  facet normal 0 0 -1
    outer loop
      vertex 0.8687856337603401 2.4202140359317554 6.5
      vertex 1.0184294756721048 2.3681905409869026 6.5
      vertex 1.0252425233016789 2.3645893716318196 6.5
    endloop
  endfacet
  facet normal 0 0 -1
    outer loop
      vertex 2.5528331083409928 0.5526630177217371 6.5
      vertex 2.587117139030905 0.39798826329848347 6.5
      vertex 2.588582685900614 0.3840831644773935 6.5
    endloop
  endfacet
  facet normal 0 0 -1
    outer loop
      vertex 2.5528331083409928 0.5526630177217371 6.5
      vertex 2.588582685900614 0.3840831644773935 6.5
      vertex 2.5471758849535497 0.5708927851391804 6.5
    endloop
  endfacet
  facet normal 0 0 -1
    outer loop
      vertex 2.379537245806526 1.0466515036190258 6.5
      vertex 2.4443915872012867 0.9021036484662224 6.5
      vertex 2.4481607349499006 0.8899579928833583 6.5
    endloop
  endfacet
  facet normal 0 0 -1
    outer loop
      vertex 2.379537245806526 1.0466515036190258 6.5
      vertex 2.4481607349499006 0.8899579928833583 6.5
      vertex 2.3697953972881813 1.0646192604826579 6.5
    endloop
  endfacet
  facet normal 0 0 -1
    outer loop
      vertex 1.7619377585018383 1.885329751407399 6.5
      vertex 1.8787381789263558 1.7782893461339615 6.5
      vertex 1.8852557938092982 1.7704361519681704 6.5
    endloop
  endfacet
  facet normal 0 0 -1
    outer loop
      vertex 1.7619377585018383 1.885329751407399 6.5
      vertex 1.8852557938092982 1.7704361519681704 6.5
      vertex 1.7438949143741276 1.8999847081253705 6.5
    endloop
  endfacet
  facet normal 0 0 -1
    outer loop
      vertex 1.3419014425838696 2.1972131168141082 6.5
      vertex 1.477935791015625 2.1160049438476562 6.5
      vertex 1.4848845039700702 2.1103609840111575 6.5
    endloop
  endfacet
  facet normal 0 0 -1
    outer loop
      vertex 1.3419014425838696 2.1972131168141082 6.5
      vertex 1.4848845039700702 2.1103609840111575 6.5
      vertex 1.3200325875828 2.208772327132668 6.5
    endloop
  endfacet
  facet normal 0 0 -1
    outer loop
      vertex 2.1124022988712086 1.4967431461109835 6.5
      vertex 2.2106066360731154 1.3582252379877466 6.5
      vertex 2.0984662326511385 1.5135349688711717 6.5
    endloop
  endfacet
  facet normal 0 0 -1
    outer loop
      vertex 2.1124022988712086 1.4967431461109835 6.5
      vertex 2.2051454431870403 1.3682978012982536 6.5
      vertex 2.2106066360731154 1.3582252379877466 6.5
    endloop
  endfacet
  facet normal 0 0 -1
    outer loop
      vertex 2.625466963824104 0.034125384162454045 6.5
      vertex 2.6263791759549857 -0.1394864937595447 6.5
      vertex 2.623604620095609 0.05179528890505022 6.5
    endloop
  endfacet
endsolid OpenSCAD_Model
