solid OpenSCAD_Model
  facet normal 0 0 -1
    outer loop
      vertex -10.467489188700151 -12.75467248048516 0
      vertex -11.667261889578034 -11.667261889578034 0
      vertex -10.336682404616244 -7.699089798709822 0
    endloop
  endfacet
  facet normal 0 0 -1
    outer loop
      vertex -12.75467248048516 -10.467489188700151 0
      vertex -11.554411758852146 -7.24076892358632 0
      vertex -11.667261889578034 -11.667261889578034 0
    endloop
  endfacet
  facet normal 0 0 -1
    outer loop
      vertex -12.75467248048516 -10.467489188700151 0
      vertex -11.670432518127525 -7.120887885670117 0
      vertex -11.554411758852146 -7.24076892358632 0
    endloop
  endfacet
  facet normal 0 0 -1
    outer loop
      vertex -11.667261889578034 -11.667261889578034 0
      vertex -11.427199274728087 -7.348700678495099 0
      vertex -11.290020191518888 -7.443643708595184 0
    endloop
  endfacet
  facet normal 0 0 -1
    outer loop
      vertex -11.667261889578034 -11.667261889578034 0
      vertex -11.290020191518888 -7.443643708595184 0
      vertex -11.144195618785565 -7.52468366060557 0
    endloop
  endfacet
  facet normal 0 0 -1
    outer loop
      vertex -11.667261889578034 -11.667261889578034 0
      vertex -11.554411758852146 -7.24076892358632 0
      vertex -11.427199274728087 -7.348700678495099 0
    endloop
  endfacet
  facet normal 0 0 -1
    outer loop
      vertex -10.467489188700151 -12.75467248048516 0
      vertex -10.336682404616244 -7.699089798709822 0
      vertex -10.170410318639178 -7.685456264335478 0
    endloop
  endfacet
  facet normal 0 0 -1
    outer loop
      vertex -11.667261889578034 -11.667261889578034 0
      vertex -11.144195618785565 -7.52468366060557 0
      vertex -10.99112992687936 -7.591040075487453 0
    endloop
  endfacet
  facet normal 0 0 -1
    outer loop
      vertex -11.667261889578034 -11.667261889578034 0
      vertex -10.99112992687936 -7.591040075487453 0
      vertex -10.832297222087547 -7.642073904691416 0
    endloop
  endfacet
  facet normal 0 0 -1
    outer loop
      vertex -11.667261889578034 -11.667261889578034 0
      vertex -10.832297222087547 -7.642073904691416 0
      vertex -10.669227150184065 -7.677293664544295 0
    endloop
  endfacet
  facet normal 0 0 -1
    outer loop
      vertex -11.667261889578034 -11.667261889578034 0
      vertex -10.669227150184065 -7.677293664544295 0
      vertex -10.503490165104505 -7.696360169505626 0
    endloop
  endfacet
  facet normal 0 0 -1
    outer loop
      vertex -11.667261889578034 -11.667261889578034 0
      vertex -10.503490165104505 -7.696360169505626 0
      vertex -10.336682404616244 -7.699089798709822 0
    endloop
  endfacet
  facet normal 0 0 -1
    outer loop
      vertex -10.467489188700151 -12.75467248048516 0
      vertex -9.151535921826945 -7.1621069134388815 0
      vertex -9.166908844823435 -13.719248602991996 0
    endloop
  endfacet
  facet normal 0 0 -1
    outer loop
      vertex -9.166908844823435 -13.719248602991996 0
      vertex -8.801264769925808 -6.598825081466097 0
      vertex -7.778046157628961 -14.55170086174786 0
    endloop
  endfacet
  facet normal 0 0 -1
    outer loop
      vertex -10.467489188700151 -12.75467248048516 0
      vertex -10.170410318639178 -7.685456264335478 0
      vertex -10.006275198254828 -7.655590864771467 0
    endloop
  endfacet
  facet normal 0 0 -1
    outer loop
      vertex -10.467489188700151 -12.75467248048516 0
      vertex -10.006275198254828 -7.655590864771467 0
      vertex -9.845857754397889 -7.60978122014168 0
    endloop
  endfacet
  facet normal 0 0 -1
    outer loop
      vertex -10.467489188700151 -12.75467248048516 0
      vertex -9.845857754397889 -7.60978122014168 0
      vertex -9.690702894745792 -7.548468502365999 0
    endloop
  endfacet
  facet normal 0 0 -1
    outer loop
      vertex -10.467489188700151 -12.75467248048516 0
      vertex -9.690702894745792 -7.548468502365999 0
      vertex -9.542304845413264 -7.472243186433546 0
    endloop
  endfacet
  facet normal 0 0 -1
    outer loop
      vertex -10.467489188700151 -12.75467248048516 0
      vertex -9.542304845413264 -7.472243186433546 0
      vertex -9.402092760738 -7.381839363805746 0
    endloop
  endfacet
  facet normal 0 0 -1
    outer loop
      vertex -10.467489188700151 -12.75467248048516 0
      vertex -9.402092760738 -7.381839363805746 0
      vertex -9.271416959743146 -7.278127672714262 0
    endloop
  endfacet
  facet normal 0 0 -1
    outer loop
      vertex -10.467489188700151 -12.75467248048516 0
      vertex -9.271416959743146 -7.278127672714262 0
      vertex -9.151535921826945 -7.1621069134388815 0
    endloop
  endfacet
  facet normal 0 0 -1
    outer loop
      vertex -9.166908844823435 -13.719248602991996 0
      vertex -9.151535921826945 -7.1621069134388815 0
      vertex -9.043604166918161 -7.034894429314825 0
    endloop
  endfacet
  facet normal 0 0 -1
    outer loop
      vertex -9.166908844823435 -13.719248602991996 0
      vertex -9.043604166918161 -7.034894429314825 0
      vertex -8.94866113681808 -6.897715346105625 0
    endloop
  endfacet
  facet normal 0 0 -1
    outer loop
      vertex -9.166908844823435 -13.719248602991996 0
      vertex -8.94866113681808 -6.897715346105625 0
      vertex -8.867621184807694 -6.751890773372303 0
    endloop
  endfacet
  facet normal 0 0 -1
    outer loop
      vertex -9.166908844823435 -13.719248602991996 0
      vertex -8.867621184807694 -6.751890773372303 0
      vertex -8.801264769925808 -6.598825081466097 0
    endloop
  endfacet
  facet normal 0 0 -1
    outer loop
      vertex -7.778046157628961 -14.55170086174786 0
      vertex -8.801264769925808 -6.598825081466097 0
      vertex -8.750230940721847 -6.439992376674286 0
    endloop
  endfacet
  facet normal 0 0 -1
    outer loop
      vertex -7.778046157628961 -14.55170086174786 0
      vertex -8.750230940721847 -6.439992376674286 0
      vertex -8.715011180868968 -6.2769223047708005 0
    endloop
  endfacet
  facet normal 0 0 -1
    outer loop
      vertex -7.778046157628961 -14.55170086174786 0
      vertex -8.715011180868968 -6.2769223047708005 0
      vertex -8.695944675907636 -6.111185319691243 0
    endloop
  endfacet
  facet normal 0 0 -1
    outer loop
      vertex -7.778046157628961 -14.55170086174786 0
      vertex -8.695944675907636 -6.111185319691243 0
      vertex -8.693215046703441 -5.94437755920298 0
    endloop
  endfacet
  facet normal 0 0 -1
    outer loop
      vertex -7.778046157628961 -14.55170086174786 0
      vertex -8.693215046703441 -5.94437755920298 0
      vertex -8.706848581077786 -5.778105473225912 0
    endloop
  endfacet
  facet normal -0.7409511253549589 -0.6715589548470187 0
    outer loop
      vertex -12.75467248048516 -10.467489188700151 0
      vertex -11.667261889578034 -11.667261889578034 0
      vertex -12.75467248048516 -10.467489188700151 10
    endloop
  endfacet
  facet normal -0.8032075314806454 -0.5956993044924325 0
    outer loop
      vertex -12.75467248048516 -10.467489188700151 0
      vertex -13.719248602991996 -9.166908844823435 10
      vertex -13.719248602991996 -9.166908844823435 0
    endloop
  endfacet
  facet normal -0.6715589548470187 -0.7409511253549589 0
    outer loop
      vertex -10.467489188700151 -12.75467248048516 0
      vertex -10.467489188700151 -12.75467248048516 10
      vertex -11.667261889578034 -11.667261889578034 0
    endloop
  endfacet
  facet normal -0.5956993044924325 -0.8032075314806454 0
    outer loop
      vertex -10.467489188700151 -12.75467248048516 0
      vertex -9.166908844823435 -13.719248602991996 0
      vertex -9.166908844823435 -13.719248602991996 10
    endloop
  endfacet
  facet normal 0 0 -1
    outer loop
      vertex -12.75467248048516 -10.467489188700151 0
      vertex -13.719248602991996 -9.166908844823435 0
      vertex -12.727869878046336 3.8125046335268116 0
    endloop
  endfacet
  facet normal 0 0 -1
    outer loop
      vertex -14.55170086174786 -7.778046157628961 0
      vertex -15.24401228643623 -6.314276634023981 0
      vertex -14.55170086174786 7.778046157628961 0
    endloop
  endfacet
  facet normal 0 0 -1
    outer loop
      vertex -15.789515539581446 -4.789697174698628 0
      vertex -16.182957126653303 -3.218990313266116 0
      vertex -15.789515539581446 4.789697174698628 0
    endloop
  endfacet
  facet normal 0 0 -1
    outer loop
      vertex -16.182957126653303 -3.218990313266116 0
      vertex -16.42054799009125 -1.6172828154377499 0
      vertex -16.182957126653303 3.218990313266116 0
    endloop
  endfacet
  facet normal 0 0 -1
    outer loop
      vertex -15.24401228643623 -6.314276634023981 0
      vertex -15.789515539581446 -4.789697174698628 0
      vertex -15.24401228643623 6.314276634023981 0
    endloop
  endfacet
  facet normal 0 0 -1
    outer loop
      vertex -13.719248602991996 -9.166908844823435 0
      vertex -14.55170086174786 -7.778046157628961 0
      vertex -13.719248602991996 9.166908844823435 0
    endloop
  endfacet
  facet normal 0 0 -1
    outer loop
      vertex -12.75467248048516 -10.467489188700151 0
      vertex -12.502211453733484 3.5941126160672723 0
      vertex -12.25623347539023 3.398890609306831 0
    endloop
  endfacet
  facet normal 0 0 -1
    outer loop
      vertex -13.719248602991996 -9.166908844823435 0
      vertex -13.109751826298316 4.310182877918822 0
      vertex -12.931035534345215 4.051963427172094 0
    endloop
  endfacet
  facet normal 0 0 -1
    outer loop
      vertex -13.719248602991996 -9.166908844823435 0
      vertex -13.262297618317866 4.584676191299196 0
      vertex -13.109751826298316 4.310182877918822 0
    endloop
  endfacet
  facet normal 0 0 -1
    outer loop
      vertex -13.719248602991996 -9.166908844823435 0
      vertex -12.931035534345215 4.051963427172094 0
      vertex -12.727869878046336 3.8125046335268116 0
    endloop
  endfacet
  facet normal 0 0 -1
    outer loop
      vertex -12.75467248048516 -10.467489188700151 0
      vertex -12.727869878046336 3.8125046335268116 0
      vertex -12.502211453733484 3.5941126160672723 0
    endloop
  endfacet
  facet normal 0 0 -1
    outer loop
      vertex -12.75467248048516 -10.467489188700151 0
      vertex -11.940773347779261 -6.701601950667471 0
      vertex -11.864548031846809 -6.85 0
    endloop
  endfacet
  facet normal 0 0 -1
    outer loop
      vertex -12.75467248048516 -10.467489188700151 0
      vertex -11.864548031846809 -6.85 0
      vertex -11.774144209219008 -6.990212084675263 0
    endloop
  endfacet
  facet normal 0 0 -1
    outer loop
      vertex -12.75467248048516 -10.467489188700151 0
      vertex -12.047895710184731 -6.386029647158435 0
      vertex -12.002086065554943 -6.5464470910153745 0
    endloop
  endfacet
  facet normal 0 0 -1
    outer loop
      vertex -12.75467248048516 -10.467489188700151 0
      vertex -12.002086065554943 -6.5464470910153745 0
      vertex -11.940773347779261 -6.701601950667471 0
    endloop
  endfacet
  facet normal 0 0 -1
    outer loop
      vertex -12.75467248048516 -10.467489188700151 0
      vertex -11.774144209219008 -6.990212084675263 0
      vertex -11.670432518127525 -7.120887885670117 0
    endloop
  endfacet
  facet normal 0 0 -1
    outer loop
      vertex -12.75467248048516 -10.467489188700151 0
      vertex -12.07776110974874 -6.221894526774088 0
      vertex -12.047895710184731 -6.386029647158435 0
    endloop
  endfacet
  facet normal 0 0 -1
    outer loop
      vertex -12.75467248048516 -10.467489188700151 0
      vertex -12.091394644123085 -6.05562244079702 0
      vertex -12.07776110974874 -6.221894526774088 0
    endloop
  endfacet
  facet normal 0 0 -1
    outer loop
      vertex -12.75467248048516 -10.467489188700151 0
      vertex -11.992304845413264 3.2287187078897963 0
      vertex -12.091394644123085 -6.05562244079702 0
    endloop
  endfacet
  facet normal 0 0 -1
    outer loop
      vertex -11.992304845413264 3.2287187078897963 0
      vertex -12.08866501491889 -5.888814680308757 0
      vertex -12.091394644123085 -6.05562244079702 0
    endloop
  endfacet
  facet normal 0 0 -1
    outer loop
      vertex -11.992304845413264 3.2287187078897963 0
      vertex -12.069598509957558 -5.7230776952291995 0
      vertex -12.08866501491889 -5.888814680308757 0
    endloop
  endfacet
  facet normal 0 0 -1
    outer loop
      vertex -11.992304845413264 3.2287187078897963 0
      vertex -12.034378750104679 -5.560007623325714 0
      vertex -12.069598509957558 -5.7230776952291995 0
    endloop
  endfacet
  facet normal 0 0 -1
    outer loop
      vertex -11.992304845413264 3.2287187078897963 0
      vertex -11.983344920900718 -5.401174918533903 0
      vertex -12.034378750104679 -5.560007623325714 0
    endloop
  endfacet
  facet normal 0 0 -1
    outer loop
      vertex -11.992304845413264 3.2287187078897963 0
      vertex -11.916988506018832 -5.248109226627697 0
      vertex -11.983344920900718 -5.401174918533903 0
    endloop
  endfacet
  facet normal 0 0 -1
    outer loop
      vertex -11.992304845413264 3.2287187078897963 0
      vertex -11.835948554008446 -5.102284653894375 0
      vertex -11.916988506018832 -5.248109226627697 0
    endloop
  endfacet
  facet normal 0 0 -1
    outer loop
      vertex -11.992304845413264 3.2287187078897963 0
      vertex -11.741005523908363 -4.965105570685175 0
      vertex -11.835948554008446 -5.102284653894375 0
    endloop
  endfacet
  facet normal 0 0 -1
    outer loop
      vertex -11.741005523908363 -4.965105570685175 0
      vertex -11.42091113438338 2.969823585615662 0
      vertex -11.633073768999582 -4.8378930865611185 0
    endloop
  endfacet
  facet normal 0 0 -1
    outer loop
      vertex -11.42091113438338 2.969823585615662 0
      vertex -11.51319273108338 -4.721872327285738 0
      vertex -11.633073768999582 -4.8378930865611185 0
    endloop
  endfacet
  facet normal 0 0 -1
    outer loop
      vertex -11.51319273108338 -4.721872327285738 0
      vertex -11.42091113438338 2.969823585615662 0
      vertex -11.382516930088526 -4.618160636194254 0
    endloop
  endfacet
  facet normal 0 0 -1
    outer loop
      vertex -11.382516930088526 -4.618160636194254 0
      vertex -10.80998866051743 2.8273764436038067 0
      vertex -11.242304845413264 -4.527756813566454 0
    endloop
  endfacet
  facet normal 0 0 -1
    outer loop
      vertex -12.75467248048516 -10.467489188700151 0
      vertex -12.25623347539023 3.398890609306831 0
      vertex -11.992304845413264 3.2287187078897963 0
    endloop
  endfacet
  facet normal 0 0 -1
    outer loop
      vertex -10.80998866051743 2.8273764436038067 0
      vertex -11.093906796080734 -4.451531497634001 0
      vertex -11.242304845413264 -4.527756813566454 0
    endloop
  endfacet
  facet normal 0 0 -1
    outer loop
      vertex -10.80998866051743 2.8273764436038067 0
      vertex -10.938751936428638 -4.39021877985832 0
      vertex -11.093906796080734 -4.451531497634001 0
    endloop
  endfacet
  facet normal 0 0 -1
    outer loop
      vertex -10.80998866051743 2.8273764436038067 0
      vertex -10.778334492571698 -4.344409135228533 0
      vertex -10.938751936428638 -4.39021877985832 0
    endloop
  endfacet
  facet normal 0 0 -1
    outer loop
      vertex -10.778334492571698 -4.344409135228533 0
      vertex -10.80998866051743 2.8273764436038067 0
      vertex -10.61419937218735 -4.314543735664522 0
    endloop
  endfacet
  facet normal 0 0 -1
    outer loop
      vertex -10.61419937218735 -4.314543735664522 0
      vertex -10.183014831876806 2.806851445636469 0
      vertex -10.447927286210282 -4.300910201290178 0
    endloop
  endfacet
  facet normal 0 0 -1
    outer loop
      vertex -8.976981036712457 3.130007227095397 0
      vertex -9.23019793197438 -4.75923107641368 0
      vertex -9.357410416098439 -4.651299321504901 0
    endloop
  endfacet
  facet normal 0 0 -1
    outer loop
      vertex -9.114177172699002 -4.879112114329883 0
      vertex -8.976981036712457 3.130007227095397 0
      vertex -9.010465481607518 -5.009787915324737 0
    endloop
  endfacet
  facet normal 0 0 -1
    outer loop
      vertex -9.23019793197438 -4.75923107641368 0
      vertex -8.976981036712457 3.130007227095397 0
      vertex -9.114177172699002 -4.879112114329883 0
    endloop
  endfacet
  facet normal 0 0 -1
    outer loop
      vertex -8.920061658979717 -5.15 0
      vertex -9.010465481607518 -5.009787915324737 0
      vertex -8.702487723332085 3.282553019114947 0
    endloop
  endfacet
  facet normal 0 0 -1
    outer loop
      vertex -8.920061658979717 -5.15 0
      vertex -8.444268272585356 3.461269311068047 0
      vertex -8.843836343047265 -5.298398049332529 0
    endloop
  endfacet
  facet normal 0 0 -1
    outer loop
      vertex -8.204809478940076 3.664434967366926 0
      vertex -8.782523625271583 -5.4535529089846255 0
      vertex -8.843836343047265 -5.298398049332529 0
    endloop
  endfacet
  facet normal 0 0 -1
    outer loop
      vertex -7.62102355330306 4.4 0
      vertex -8.706848581077786 -5.778105473225912 0
      vertex -8.736713980641795 -5.613970352841565 0
    endloop
  endfacet
  facet normal 0 0 -1
    outer loop
      vertex -8.782523625271583 -5.4535529089846255 0
      vertex -7.62102355330306 4.4 0
      vertex -8.736713980641795 -5.613970352841565 0
    endloop
  endfacet
  facet normal 0 0 -1
    outer loop
      vertex -10.115382540642461 -4.322706335455705 0
      vertex -10.281119525722021 -4.303639830494374 0
      vertex -10.183014831876806 2.806851445636469 0
    endloop
  endfacet
  facet normal 0 0 -1
    outer loop
      vertex -10.447927286210282 -4.300910201290178 0
      vertex -10.183014831876806 2.806851445636469 0
      vertex -10.281119525722021 -4.303639830494374 0
    endloop
  endfacet
  facet normal 0 0 -1
    outer loop
      vertex -10.115382540642461 -4.322706335455705 0
      vertex -9.564083901085196 2.9090373558749807 0
      vertex -9.95231246873898 -4.357926095308584 0
    endloop
  endfacet
  facet normal 0 0 -1
    outer loop
      vertex -9.793479763947166 -4.408959924512547 0
      vertex -9.95231246873898 -4.357926095308584 0
      vertex -9.564083901085196 2.9090373558749807 0
    endloop
  endfacet
  facet normal 0 0 -1
    outer loop
      vertex -9.793479763947166 -4.408959924512547 0
      vertex -9.564083901085196 2.9090373558749807 0
      vertex -9.640414072040961 -4.47531633939443 0
    endloop
  endfacet
  facet normal 0 0 -1
    outer loop
      vertex -9.640414072040961 -4.47531633939443 0
      vertex -9.265104692065316 3.005101034376558 0
      vertex -9.494589499307638 -4.556356291404816 0
    endloop
  endfacet
  facet normal 0 0 -1
    outer loop
      vertex -8.976981036712457 3.130007227095397 0
      vertex -9.357410416098439 -4.651299321504901 0
      vertex -9.494589499307638 -4.556356291404816 0
    endloop
  endfacet
  facet normal -0.9039892931234437 -0.42755509343028114 0
    outer loop
      vertex -14.55170086174786 -7.778046157628961 0
      vertex -15.24401228643623 -6.314276634023981 10
      vertex -15.24401228643623 -6.314276634023981 0
    endloop
  endfacet
  facet normal -0.9415440651830208 -0.33688985339222005 0
    outer loop
      vertex -15.24401228643623 -6.314276634023981 0
      vertex -15.789515539581446 -4.789697174698628 10
      vertex -15.789515539581446 -4.789697174698628 0
    endloop
  endfacet
  facet normal -0.8577286100002715 -0.5141027441932227 0
    outer loop
      vertex -13.719248602991996 -9.166908844823435 0
      vertex -14.55170086174786 -7.778046157628961 10
      vertex -14.55170086174786 -7.778046157628961 0
    endloop
  endfacet
  facet normal -0.9700312531945438 -0.24298017990326445 0
    outer loop
      vertex -15.789515539581446 -4.789697174698628 0
      vertex -16.182957126653303 -3.218990313266116 10
      vertex -16.182957126653303 -3.218990313266116 0
    endloop
  endfacet
  facet normal -0.9891765099647808 -0.14673047445536275 0
    outer loop
      vertex -16.182957126653303 -3.218990313266116 0
      vertex -16.42054799009125 -1.6172828154377499 10
      vertex -16.42054799009125 -1.6172828154377499 0
    endloop
  endfacet
  facet normal -0.9987954562051723 -0.04906767432741669 0
    outer loop
      vertex -16.42054799009125 -1.6172828154377499 0
      vertex -16.5 0 10
      vertex -16.5 0 0
    endloop
  endfacet
  facet normal 0 0 -1
    outer loop
      vertex -6.314276634023981 -15.24401228643623 0
      vertex -3.75 -6.495190528383289 0
      vertex -4.789697174698628 -15.789515539581446 0
    endloop
  endfacet
  facet normal 0 0 -1
    outer loop
      vertex -7.778046157628961 -14.55170086174786 0
      vertex -3.75 -6.495190528383289 0
      vertex -6.314276634023981 -15.24401228643623 0
    endloop
  endfacet
  facet normal 0 0 -1
    outer loop
      vertex -3.218990313266116 -16.182957126653303 0
      vertex -1.5084695578431926 -14.822148045914737 0
      vertex -1.6172828154377499 -16.42054799009125 0
    endloop
  endfacet
  facet normal 0 0 -1
    outer loop
      vertex -3.218990313266116 -16.182957126653303 0
      vertex -2.8221480459147363 -13.508469557843192 0
      vertex -2.660702759368145 -13.777824745662727 0
    endloop
  endfacet
  facet normal 0 0 -1
    outer loop
      vertex -3.218990313266116 -16.182957126653303 0
      vertex -2.4736334507607585 -14.030058509323666 0
      vertex -2.2627416997969525 -14.262741699796953 0
    endloop
  endfacet
  facet normal 0 0 -1
    outer loop
      vertex -3.218990313266116 -16.182957126653303 0
      vertex -2.660702759368145 -13.777824745662727 0
      vertex -2.4736334507607585 -14.030058509323666 0
    endloop
  endfacet
  facet normal 0 0 -1
    outer loop
      vertex -3.218990313266116 -16.182957126653303 0
      vertex -2.2627416997969525 -14.262741699796953 0
      vertex -2.030058509323666 -14.473633450760758 0
    endloop
  endfacet
  facet normal 0 0 -1
    outer loop
      vertex -3.218990313266116 -16.182957126653303 0
      vertex -2.030058509323666 -14.473633450760758 0
      vertex -1.777824745662727 -14.660702759368146 0
    endloop
  endfacet
  facet normal 0 0 -1
    outer loop
      vertex -3.218990313266116 -16.182957126653303 0
      vertex -1.777824745662727 -14.660702759368146 0
      vertex -1.5084695578431926 -14.822148045914737 0
    endloop
  endfacet
  facet normal 0 0 -1
    outer loop
      vertex -3.218990313266116 -16.182957126653303 0
      vertex -3.1385128972903376 -12.62428903045161 0
      vertex -3.0622090743430683 -12.928910967214279 0
    endloop
  endfacet
  facet normal 0 0 -1
    outer loop
      vertex -3.218990313266116 -16.182957126653303 0
      vertex -3.18459112535103 -12.313654849054593 0
      vertex -3.1385128972903376 -12.62428903045161 0
    endloop
  endfacet
  facet normal 0 0 -1
    outer loop
      vertex -3.218990313266116 -16.182957126653303 0
      vertex -3.2 -12 0
      vertex -3.18459112535103 -12.313654849054593 0
    endloop
  endfacet
  facet normal 0 0 -1
    outer loop
      vertex -4.789697174698628 -15.789515539581446 0
      vertex -3.75 -6.495190528383289 0
      vertex -3.218990313266116 -16.182957126653303 0
    endloop
  endfacet
  facet normal 0 0 -1
    outer loop
      vertex -3.218990313266116 -16.182957126653303 0
      vertex -2.956414504036118 -13.224586983568287 0
      vertex -2.8221480459147363 -13.508469557843192 0
    endloop
  endfacet
  facet normal 0 0 -1
    outer loop
      vertex -3.218990313266116 -16.182957126653303 0
      vertex -3.0622090743430683 -12.928910967214279 0
      vertex -2.956414504036118 -13.224586983568287 0
    endloop
  endfacet
  facet normal 0 0 -1
    outer loop
      vertex -1.6172828154377499 -16.42054799009125 0
      vertex -1.2245869835682874 -14.956414504036118 0
      vertex -0.9289109672142795 -15.062209074343068 0
    endloop
  endfacet
  facet normal 0 0 -1
    outer loop
      vertex -1.6172828154377499 -16.42054799009125 0
      vertex -0.9289109672142795 -15.062209074343068 0
      vertex -0.6242890304516104 -15.138512897290337 0
    endloop
  endfacet
  facet normal 0 0 -1
    outer loop
      vertex -1.6172828154377499 -16.42054799009125 0
      vertex -1.5084695578431926 -14.822148045914737 0
      vertex -1.2245869835682874 -14.956414504036118 0
    endloop
  endfacet
  facet normal 0 0 -1
    outer loop
      vertex -1.6172828154377499 -16.42054799009125 0
      vertex -0.6242890304516104 -15.138512897290337 0
      vertex 0 -16.5 0
    endloop
  endfacet
  facet normal 0 0 -1
    outer loop
      vertex 0 -16.5 0
      vertex -0.6242890304516104 -15.138512897290337 0
      vertex -0.31365484905459395 -15.18459112535103 0
    endloop
  endfacet
  facet normal 0 0 -1
    outer loop
      vertex 0 -16.5 0
      vertex -0.31365484905459395 -15.18459112535103 0
      vertex 0 -15.2 0
    endloop
  endfacet
  facet normal 0 0 -1
    outer loop
      vertex -3.218990313266116 -16.182957126653303 0
      vertex -3.75 -6.495190528383289 0
      vertex -3.2 -12 0
    endloop
  endfacet
  facet normal 0 0 -1
    outer loop
      vertex -3.75 -6.495190528383289 0
      vertex -3.18459112535103 -11.686345150945407 0
      vertex -3.2 -12 0
    endloop
  endfacet
  facet normal 0 0 -1
    outer loop
      vertex -3.75 -6.495190528383289 0
      vertex -3.1385128972903376 -11.37571096954839 0
      vertex -3.18459112535103 -11.686345150945407 0
    endloop
  endfacet
  facet normal 0 0 -1
    outer loop
      vertex -3.75 -6.495190528383289 0
      vertex -3.0622090743430683 -11.071089032785721 0
      vertex -3.1385128972903376 -11.37571096954839 0
    endloop
  endfacet
  facet normal 0 0 -1
    outer loop
      vertex -3.75 -6.495190528383289 0
      vertex -2.956414504036118 -10.775413016431713 0
      vertex -3.0622090743430683 -11.071089032785721 0
    endloop
  endfacet
  facet normal 0 0 -1
    outer loop
      vertex -2.956414504036118 -10.775413016431713 0
      vertex -3.75 -6.495190528383289 0
      vertex -2.8221480459147363 -10.491530442156808 0
    endloop
  endfacet
  facet normal 0 0 -1
    outer loop
      vertex -3.75 -6.495190528383289 0
      vertex -2.660702759368145 -10.222175254337273 0
      vertex -2.8221480459147363 -10.491530442156808 0
    endloop
  endfacet
  facet normal 0 0 -1
    outer loop
      vertex -3.75 -6.495190528383289 0
      vertex -2.4736334507607585 -9.969941490676334 0
      vertex -2.660702759368145 -10.222175254337273 0
    endloop
  endfacet
  facet normal 0 0 -1
    outer loop
      vertex -3.75 -6.495190528383289 0
      vertex -2.2627416997969525 -9.737258300203047 0
      vertex -2.4736334507607585 -9.969941490676334 0
    endloop
  endfacet
  facet normal 0 0 -1
    outer loop
      vertex -3.75 -6.495190528383289 0
      vertex -2.030058509323666 -9.526366549239242 0
      vertex -2.2627416997969525 -9.737258300203047 0
    endloop
  endfacet
  facet normal 0 0 -1
    outer loop
      vertex -3.75 -6.495190528383289 0
      vertex -1.777824745662727 -9.339297240631854 0
      vertex -2.030058509323666 -9.526366549239242 0
    endloop
  endfacet
  facet normal 0 0 -1
    outer loop
      vertex -1.777824745662727 -9.339297240631854 0
      vertex -3.75 -6.495190528383289 0
      vertex -1.5084695578431926 -9.177851954085263 0
    endloop
  endfacet
  facet normal -0.42755509343028114 -0.9039892931234437 0
    outer loop
      vertex -7.778046157628961 -14.55170086174786 0
      vertex -6.314276634023981 -15.24401228643623 0
      vertex -6.314276634023981 -15.24401228643623 10
    endloop
  endfacet
  facet normal -0.5141027441932227 -0.8577286100002715 0
    outer loop
      vertex -9.166908844823435 -13.719248602991996 0
      vertex -7.778046157628961 -14.55170086174786 0
      vertex -7.778046157628961 -14.55170086174786 10
    endloop
  endfacet
  facet normal -0.33688985339222005 -0.9415440651830208 0
    outer loop
      vertex -6.314276634023981 -15.24401228643623 0
      vertex -4.789697174698628 -15.789515539581446 0
      vertex -4.789697174698628 -15.789515539581446 10
    endloop
  endfacet
  facet normal -0.24298017990326445 -0.9700312531945438 0
    outer loop
      vertex -4.789697174698628 -15.789515539581446 0
      vertex -3.218990313266116 -16.182957126653303 0
      vertex -3.218990313266116 -16.182957126653303 10
    endloop
  endfacet
  facet normal -0.14673047445536275 -0.9891765099647808 0
    outer loop
      vertex -3.218990313266116 -16.182957126653303 0
      vertex -1.6172828154377499 -16.42054799009125 0
      vertex -1.6172828154377499 -16.42054799009125 10
    endloop
  endfacet
  facet normal -0.04906767432741669 -0.9987954562051723 0
    outer loop
      vertex -1.6172828154377499 -16.42054799009125 0
      vertex 0 -16.5 0
      vertex 0 -16.5 10
    endloop
  endfacet
  facet normal 0 0 -1
    outer loop
      vertex -7.778046157628961 -14.55170086174786 0
      vertex -7.5 0 0
      vertex -3.75 -6.495190528383289 0
    endloop
  endfacet
  facet normal 0 0 -1
    outer loop
      vertex -7.778046157628961 -14.55170086174786 0
      vertex -8.706848581077786 -5.778105473225912 0
      vertex -7.62102355330306 4.4 0
    endloop
  endfacet
  facet normal 0 0 -1
    outer loop
      vertex -7.778046157628961 -14.55170086174786 0
      vertex -7.62102355330306 4.4 0
      vertex -7.5 0 0
    endloop
  endfacet
  facet normal 0 0 -1
    outer loop
      vertex -1.5084695578431926 -9.177851954085263 0
      vertex -3.75 -6.495190528383289 0
      vertex 3.75 -6.495190528383289 0
    endloop
  endfacet
  facet normal -0.8577286100002715 -0.5141027441932227 0
    outer loop
      vertex -13.719248602991996 -9.166908844823435 0
      vertex -13.719248602991996 -9.166908844823435 10
      vertex -14.55170086174786 -7.778046157628961 10
    endloop
  endfacet
  facet normal -0.8032075314806454 -0.5956993044924325 0
    outer loop
      vertex -12.75467248048516 -10.467489188700151 0
      vertex -12.75467248048516 -10.467489188700151 10
      vertex -13.719248602991996 -9.166908844823435 10
    endloop
  endfacet
  facet normal -0.5956993044924325 -0.8032075314806454 0
    outer loop
      vertex -10.467489188700151 -12.75467248048516 0
      vertex -9.166908844823435 -13.719248602991996 10
      vertex -10.467489188700151 -12.75467248048516 10
    endloop
  endfacet
  facet normal -0.5141027441932227 -0.8577286100002715 0
    outer loop
      vertex -9.166908844823435 -13.719248602991996 0
      vertex -7.778046157628961 -14.55170086174786 10
      vertex -9.166908844823435 -13.719248602991996 10
    endloop
  endfacet
  facet normal -0.7409511253549589 -0.6715589548470187 0
    outer loop
      vertex -11.667261889578034 -11.667261889578034 0
      vertex -11.667261889578034 -11.667261889578034 10
      vertex -12.75467248048516 -10.467489188700151 10
    endloop
  endfacet
  facet normal -0.6715589548470187 -0.7409511253549589 0
    outer loop
      vertex -11.667261889578034 -11.667261889578034 0
      vertex -10.467489188700151 -12.75467248048516 10
      vertex -11.667261889578034 -11.667261889578034 10
    endloop
  endfacet
  facet normal 0 0 1
    outer loop
      vertex -12.75467248048516 -10.467489188700151 10
      vertex -12.990381056766578 -7.5 10
      vertex -13.719248602991996 -9.166908844823435 10
    endloop
  endfacet
  facet normal 0 0 1
    outer loop
      vertex -12.75467248048516 -10.467489188700151 10
      vertex -12.443081751481877 -8.189592218093507 10
      vertex -12.647824267850195 -7.978037445300206 10
    endloop
  endfacet
  facet normal 0 0 1
    outer loop
      vertex -12.75467248048516 -10.467489188700151 10
      vertex -12.218589132439424 -8.380060020873705 10
      vertex -12.443081751481877 -8.189592218093507 10
    endloop
  endfacet
  facet normal 0 0 1
    outer loop
      vertex -12.75467248048516 -10.467489188700151 10
      vertex -12.830844899188108 -7.747433090603407 10
      vertex -12.990381056766578 -7.5 10
    endloop
  endfacet
  facet normal 0 0 1
    outer loop
      vertex -12.75467248048516 -10.467489188700151 10
      vertex -12.647824267850195 -7.978037445300206 10
      vertex -12.830844899188108 -7.747433090603407 10
    endloop
  endfacet
  facet normal 0 0 1
    outer loop
      vertex -10.467489188700151 -12.75467248048516 10
      vertex -10.880991265597029 -8.959929996254637 10
      vertex -11.667261889578034 -11.667261889578034 10
    endloop
  endfacet
  facet normal 0 0 1
    outer loop
      vertex -12.75467248048516 -10.467489188700151 10
      vertex -11.667261889578034 -11.667261889578034 10
      vertex -11.976508397364366 -8.547606544579736 10
    endloop
  endfacet
  facet normal 0 0 1
    outer loop
      vertex -11.667261889578034 -11.667261889578034 10
      vertex -11.719170916070265 -8.690618224598063 10
      vertex -11.976508397364366 -8.547606544579736 10
    endloop
  endfacet
  facet normal 0 0 1
    outer loop
      vertex -11.667261889578034 -11.667261889578034 10
      vertex -11.449054989176963 -8.807717780271977 10
      vertex -11.719170916070265 -8.690618224598063 10
    endloop
  endfacet
  facet normal 0 0 1
    outer loop
      vertex -11.667261889578034 -11.667261889578034 10
      vertex -11.168761980720825 -8.897777478867205 10
      vertex -11.449054989176963 -8.807717780271977 10
    endloop
  endfacet
  facet normal 0 0 1
    outer loop
      vertex -12.75467248048516 -10.467489188700151 10
      vertex -11.976508397364366 -8.547606544579736 10
      vertex -12.218589132439424 -8.380060020873705 10
    endloop
  endfacet
  facet normal 0 0 1
    outer loop
      vertex -11.667261889578034 -11.667261889578034 10
      vertex -10.880991265597029 -8.959929996254637 10
      vertex -11.168761980720825 -8.897777478867205 10
    endloop
  endfacet
  facet normal 0 0 1
    outer loop
      vertex -10.467489188700151 -12.75467248048516 10
      vertex -10.588514233103693 -8.99357676971581 10
      vertex -10.880991265597029 -8.959929996254637 10
    endloop
  endfacet
  facet normal 0 0 1
    outer loop
      vertex -10.467489188700151 -12.75467248048516 10
      vertex -10.294147596947935 -8.998393762429098 10
      vertex -10.588514233103693 -8.99357676971581 10
    endloop
  endfacet
  facet normal 0 0 1
    outer loop
      vertex -10.467489188700151 -12.75467248048516 10
      vertex -9.166908844823435 -13.719248602991996 10
      vertex -9.427986449503777 -8.840790388485317 10
    endloop
  endfacet
  facet normal 0 0 1
    outer loop
      vertex -9.166908844823435 -13.719248602991996 10
      vertex -7.778046157628961 -14.55170086174786 10
      vertex -8.414267400113058 -8.255519422436933 10
    endloop
  endfacet
  facet normal 0 0 1
    outer loop
      vertex -9.166908844823435 -13.719248602991996 10
      vertex -9.15418375600008 -8.732591474763527 10
      vertex -9.427986449503777 -8.840790388485317 10
    endloop
  endfacet
  facet normal 0 0 1
    outer loop
      vertex -9.166908844823435 -13.719248602991996 10
      vertex -8.892304845413264 -8.598076211353316 10
      vertex -9.15418375600008 -8.732591474763527 10
    endloop
  endfacet
  facet normal 0 0 1
    outer loop
      vertex -10.467489188700151 -12.75467248048516 10
      vertex -10.000726268753109 -8.974334584121431 10
      vertex -10.294147596947935 -8.998393762429098 10
    endloop
  endfacet
  facet normal 0 0 1
    outer loop
      vertex -10.467489188700151 -12.75467248048516 10
      vertex -9.711076056310144 -8.921630937832001 10
      vertex -10.000726268753109 -8.974334584121431 10
    endloop
  endfacet
  facet normal 0 0 1
    outer loop
      vertex -10.467489188700151 -12.75467248048516 10
      vertex -9.427986449503777 -8.840790388485317 10
      vertex -9.711076056310144 -8.921630937832001 10
    endloop
  endfacet
  facet normal 0 0 1
    outer loop
      vertex -9.166908844823435 -13.719248602991996 10
      vertex -8.644871754809856 -8.438540053774846 10
      vertex -8.892304845413264 -8.598076211353316 10
    endloop
  endfacet
  facet normal 0 0 1
    outer loop
      vertex -9.166908844823435 -13.719248602991996 10
      vertex -8.414267400113058 -8.255519422436933 10
      vertex -8.644871754809856 -8.438540053774846 10
    endloop
  endfacet
  facet normal -0.9039892931234437 -0.42755509343028114 0
    outer loop
      vertex -14.55170086174786 -7.778046157628961 0
      vertex -14.55170086174786 -7.778046157628961 10
      vertex -15.24401228643623 -6.314276634023981 10
    endloop
  endfacet
  facet normal -0.9700312531945438 -0.24298017990326445 0
    outer loop
      vertex -15.789515539581446 -4.789697174698628 0
      vertex -15.789515539581446 -4.789697174698628 10
      vertex -16.182957126653303 -3.218990313266116 10
    endloop
  endfacet
  facet normal -0.9415440651830208 -0.33688985339222005 0
    outer loop
      vertex -15.24401228643623 -6.314276634023981 0
      vertex -15.24401228643623 -6.314276634023981 10
      vertex -15.789515539581446 -4.789697174698628 10
    endloop
  endfacet
  facet normal -0.9891765099647808 -0.14673047445536275 0
    outer loop
      vertex -16.182957126653303 -3.218990313266116 0
      vertex -16.182957126653303 -3.218990313266116 10
      vertex -16.42054799009125 -1.6172828154377499 10
    endloop
  endfacet
  facet normal -0.9987954562051723 -0.04906767432741669 0
    outer loop
      vertex -16.42054799009125 -1.6172828154377499 0
      vertex -16.42054799009125 -1.6172828154377499 10
      vertex -16.5 0 10
    endloop
  endfacet
  facet normal 0 0 1
    outer loop
      vertex -13.719248602991996 -9.166908844823435 10
      vertex -13.23309523389858 -6.964318395909485 10
      vertex -13.313935783245263 -6.68122878910312 10
    endloop
  endfacet
  facet normal 0 0 1
    outer loop
      vertex -13.719248602991996 -9.166908844823435 10
      vertex -13.313935783245263 -6.68122878910312 10
      vertex -13.366639429534695 -6.391578576660155 10
    endloop
  endfacet
  facet normal 0 0 1
    outer loop
      vertex -13.719248602991996 -9.166908844823435 10
      vertex -13.366639429534695 -6.391578576660155 10
      vertex -13.39069860784236 -6.098157248465329 10
    endloop
  endfacet
  facet normal 0 0 1
    outer loop
      vertex -13.719248602991996 -9.166908844823435 10
      vertex -12.990381056766578 -7.5 10
      vertex -13.124896320176791 -7.238121089413184 10
    endloop
  endfacet
  facet normal 0 0 1
    outer loop
      vertex -13.719248602991996 -9.166908844823435 10
      vertex -13.124896320176791 -7.238121089413184 10
      vertex -13.23309523389858 -6.964318395909485 10
    endloop
  endfacet
  facet normal 0 0 1
    outer loop
      vertex -15.24401228643623 -6.314276634023981 10
      vertex -15.789515539581446 4.789697174698628 10
      vertex -15.789515539581446 -4.789697174698628 10
    endloop
  endfacet
  facet normal 0 0 1
    outer loop
      vertex -14.55170086174786 -7.778046157628961 10
      vertex -15.24401228643623 6.314276634023981 10
      vertex -15.24401228643623 -6.314276634023981 10
    endloop
  endfacet
  facet normal 0 0 1
    outer loop
      vertex -15.789515539581446 -4.789697174698628 10
      vertex -16.182957126653303 3.218990313266116 10
      vertex -16.182957126653303 -3.218990313266116 10
    endloop
  endfacet
  facet normal 0 0 1
    outer loop
      vertex -16.182957126653303 -3.218990313266116 10
      vertex -16.42054799009125 1.6172828154377499 10
      vertex -16.42054799009125 -1.6172828154377499 10
    endloop
  endfacet
  facet normal 0 0 1
    outer loop
      vertex -13.719248602991996 -9.166908844823435 10
      vertex -14.55170086174786 7.778046157628961 10
      vertex -14.55170086174786 -7.778046157628961 10
    endloop
  endfacet
  facet normal 0 0 1
    outer loop
      vertex -13.719248602991996 -9.166908844823435 10
      vertex -13.39069860784236 -6.098157248465329 10
      vertex -13.719248602991996 9.166908844823435 10
    endloop
  endfacet
  facet normal 0 0 1
    outer loop
      vertex -13.719248602991996 9.166908844823435 10
      vertex -13.39069860784236 -6.098157248465329 10
      vertex -13.385881615129072 -5.80379061230957 10
    endloop
  endfacet
  facet normal 0 0 1
    outer loop
      vertex -13.719248602991996 9.166908844823435 10
      vertex -13.385881615129072 -5.80379061230957 10
      vertex -13.352234841667899 -5.511313579816234 10
    endloop
  endfacet
  facet normal 0 0 1
    outer loop
      vertex -13.549563508084876 5.478734485137316 10
      vertex -13.352234841667899 -5.511313579816234 10
      vertex -13.290082324280467 -5.223542864692437 10
    endloop
  endfacet
  facet normal 0 0 1
    outer loop
      vertex -13.549563508084876 5.478734485137316 10
      vertex -13.290082324280467 -5.223542864692437 10
      vertex -13.20002262568524 -4.943249856236299 10
    endloop
  endfacet
  facet normal 0 0 1
    outer loop
      vertex -13.549563508084876 5.478734485137316 10
      vertex -13.20002262568524 -4.943249856236299 10
      vertex -13.082923070011327 -4.673133929342997 10
    endloop
  endfacet
  facet normal 0 0 1
    outer loop
      vertex -13.549563508084876 5.478734485137316 10
      vertex -13.082923070011327 -4.673133929342997 10
      vertex -12.939911389993002 -4.415796448048896 10
    endloop
  endfacet
  facet normal 0 0 1
    outer loop
      vertex -12.772364866286967 -4.173715712973838 10
      vertex -12.931035534345215 4.051963427172094 10
      vertex -12.939911389993002 -4.415796448048896 10
    endloop
  endfacet
  facet normal 0 0 1
    outer loop
      vertex -12.58189706350677 -3.9492230939313857 10
      vertex -12.931035534345215 4.051963427172094 10
      vertex -12.772364866286967 -4.173715712973838 10
    endloop
  endfacet
  facet normal 0 0 1
    outer loop
      vertex -12.931035534345215 4.051963427172094 10
      vertex -12.58189706350677 -3.9492230939313857 10
      vertex -12.37034229071347 -3.7444805775630674 10
    endloop
  endfacet
  facet normal 0 0 1
    outer loop
      vertex -12.37034229071347 -3.7444805775630674 10
      vertex -12.139737936016669 -3.5614599462251544 10
      vertex -12.727869878046336 3.8125046335268116 10
    endloop
  endfacet
  facet normal 0 0 1
    outer loop
      vertex -11.892304845413264 -3.401923788646684 10
      vertex -12.502211453733484 3.5941126160672723 10
      vertex -12.139737936016669 -3.5614599462251544 10
    endloop
  endfacet
  facet normal 0 0 1
    outer loop
      vertex -11.892304845413264 -3.401923788646684 10
      vertex -11.630425934826448 -3.2674085252364726 10
      vertex -11.992304845413264 3.2287187078897963 10
    endloop
  endfacet
  facet normal 0 0 1
    outer loop
      vertex -11.712967340787326 3.0852357602522376 10
      vertex -11.630425934826448 -3.2674085252364726 10
      vertex -11.356623241322747 -3.1592096115146835 10
    endloop
  endfacet
  facet normal 0 0 1
    outer loop
      vertex -11.356623241322747 -3.1592096115146835 10
      vertex -11.073533634516384 -3.0783690621679995 10
      vertex -11.42091113438338 2.969823585615662 10
    endloop
  endfacet
  facet normal 0 0 1
    outer loop
      vertex -10.78388342207342 -3.0256654158785694 10
      vertex -11.42091113438338 2.969823585615662 10
      vertex -11.073533634516384 -3.0783690621679995 10
    endloop
  endfacet
  facet normal 0 0 1
    outer loop
      vertex -10.78388342207342 -3.0256654158785694 10
      vertex -10.490462093878591 -3.0016062375709027 10
      vertex -10.80998866051743 2.8273764436038067 10
    endloop
  endfacet
  facet normal 0 0 1
    outer loop
      vertex -10.196095457722834 -3.0064232302841893 10
      vertex -10.497005910442947 2.8017133200756303 10
      vertex -10.490462093878591 -3.0016062375709027 10
    endloop
  endfacet
  facet normal 0 0 1
    outer loop
      vertex -10.196095457722834 -3.0064232302841893 10
      vertex -9.903618425229498 -3.040070003745363 10
      vertex -10.183014831876806 2.806851445636469 10
    endloop
  endfacet
  facet normal 0 0 1
    outer loop
      vertex -9.615847710105701 -3.1022225211327954 10
      vertex -10.183014831876806 2.806851445636469 10
      vertex -9.903618425229498 -3.040070003745363 10
    endloop
  endfacet
  facet normal 0 0 1
    outer loop
      vertex -9.615847710105701 -3.1022225211327954 10
      vertex -9.335554701649563 -3.192282219728023 10
      vertex -9.564083901085196 2.9090373558749807 10
    endloop
  endfacet
  facet normal 0 0 1
    outer loop
      vertex -9.065438774756261 -3.3093817754019357 10
      vertex -9.265104692065316 3.005101034376558 10
      vertex -9.335554701649563 -3.192282219728023 10
    endloop
  endfacet
  facet normal 0 0 1
    outer loop
      vertex -9.065438774756261 -3.3093817754019357 10
      vertex -8.80810129346216 -3.4523934554202635 10
      vertex -8.976981036712457 3.130007227095397 10
    endloop
  endfacet
  facet normal 0 0 1
    outer loop
      vertex -8.702487723332085 3.282553019114947 10
      vertex -8.566020558387102 -3.6199399791262947 10
      vertex -8.34152793934465 -3.810407781906493 10
    endloop
  endfacet
  facet normal 0 0 1
    outer loop
      vertex -8.702487723332085 3.282553019114947 10
      vertex -8.80810129346216 -3.4523934554202635 10
      vertex -8.566020558387102 -3.6199399791262947 10
    endloop
  endfacet
  facet normal 0 0 1
    outer loop
      vertex -8.136785422976331 -4.021962554699794 10
      vertex -8.702487723332085 3.282553019114947 10
      vertex -8.34152793934465 -3.810407781906493 10
    endloop
  endfacet
  facet normal -0.42755509343028114 -0.9039892931234437 0
    outer loop
      vertex -7.778046157628961 -14.55170086174786 0
      vertex -6.314276634023981 -15.24401228643623 10
      vertex -7.778046157628961 -14.55170086174786 10
    endloop
  endfacet
  facet normal -0.33688985339222005 -0.9415440651830208 0
    outer loop
      vertex -6.314276634023981 -15.24401228643623 0
      vertex -4.789697174698628 -15.789515539581446 10
      vertex -6.314276634023981 -15.24401228643623 10
    endloop
  endfacet
  facet normal -0.24298017990326445 -0.9700312531945438 0
    outer loop
      vertex -4.789697174698628 -15.789515539581446 0
      vertex -3.218990313266116 -16.182957126653303 10
      vertex -4.789697174698628 -15.789515539581446 10
    endloop
  endfacet
  facet normal -0.14673047445536275 -0.9891765099647808 0
    outer loop
      vertex -3.218990313266116 -16.182957126653303 0
      vertex -1.6172828154377499 -16.42054799009125 10
      vertex -3.218990313266116 -16.182957126653303 10
    endloop
  endfacet
  facet normal -0.04906767432741669 -0.9987954562051723 0
    outer loop
      vertex -1.6172828154377499 -16.42054799009125 0
      vertex 0 -16.5 10
      vertex -1.6172828154377499 -16.42054799009125 10
    endloop
  endfacet
  facet normal 0 0 1
    outer loop
      vertex -7.778046157628961 -14.55170086174786 10
      vertex -6.314276634023981 -15.24401228643623 10
      vertex -7.844698300833525 -7.584203551951104 10
    endloop
  endfacet
  facet normal 0 0 1
    outer loop
      vertex -7.778046157628961 -14.55170086174786 10
      vertex -8.202712627319755 -8.050776906068615 10
      vertex -8.414267400113058 -8.255519422436933 10
    endloop
  endfacet
  facet normal 0 0 1
    outer loop
      vertex -7.778046157628961 -14.55170086174786 10
      vertex -8.012244824539557 -7.826284287026162 10
      vertex -8.202712627319755 -8.050776906068615 10
    endloop
  endfacet
  facet normal 0 0 1
    outer loop
      vertex -7.778046157628961 -14.55170086174786 10
      vertex -7.844698300833525 -7.584203551951104 10
      vertex -8.012244824539557 -7.826284287026162 10
    endloop
  endfacet
  facet normal 0 0 1
    outer loop
      vertex -6.314276634023981 -15.24401228643623 10
      vertex -7.701686620815199 -7.326866070657003 10
      vertex -7.844698300833525 -7.584203551951104 10
    endloop
  endfacet
  facet normal 0 0 1
    outer loop
      vertex -6.314276634023981 -15.24401228643623 10
      vertex -7.584587065141287 -7.056750143763701 10
      vertex -7.701686620815199 -7.326866070657003 10
    endloop
  endfacet
  facet normal 0 0 1
    outer loop
      vertex -6.314276634023981 -15.24401228643623 10
      vertex -7.494527366546059 -6.776457135307563 10
      vertex -7.584587065141287 -7.056750143763701 10
    endloop
  endfacet
  facet normal 0 0 1
    outer loop
      vertex -6.314276634023981 -15.24401228643623 10
      vertex -7.432374849158627 -6.488686420183766 10
      vertex -7.494527366546059 -6.776457135307563 10
    endloop
  endfacet
  facet normal 0 0 1
    outer loop
      vertex -6.314276634023981 -15.24401228643623 10
      vertex -7.398728075697454 -6.19620938769043 10
      vertex -7.432374849158627 -6.488686420183766 10
    endloop
  endfacet
  facet normal 0 0 1
    outer loop
      vertex -6.314276634023981 -15.24401228643623 10
      vertex -7.393911082984166 -5.901842751534671 10
      vertex -7.398728075697454 -6.19620938769043 10
    endloop
  endfacet
  facet normal 0 0 1
    outer loop
      vertex -6.314276634023981 -15.24401228643623 10
      vertex -7.417970261291832 -5.608421423339845 10
      vertex -7.393911082984166 -5.901842751534671 10
    endloop
  endfacet
  facet normal 0 0 1
    outer loop
      vertex -3.218990313266116 -16.182957126653303 10
      vertex -1.6172828154377499 -16.42054799009125 10
      vertex -1.777824745662727 -14.660702759368146 10
    endloop
  endfacet
  facet normal 0 0 1
    outer loop
      vertex -3.218990313266116 -16.182957126653303 10
      vertex -2.660702759368145 -13.777824745662727 10
      vertex -2.8221480459147363 -13.508469557843192 10
    endloop
  endfacet
  facet normal 0 0 1
    outer loop
      vertex -3.218990313266116 -16.182957126653303 10
      vertex -2.2627416997969525 -14.262741699796953 10
      vertex -2.4736334507607585 -14.030058509323666 10
    endloop
  endfacet
  facet normal 0 0 1
    outer loop
      vertex -3.218990313266116 -16.182957126653303 10
      vertex -2.4736334507607585 -14.030058509323666 10
      vertex -2.660702759368145 -13.777824745662727 10
    endloop
  endfacet
  facet normal 0 0 1
    outer loop
      vertex -3.218990313266116 -16.182957126653303 10
      vertex -2.030058509323666 -14.473633450760758 10
      vertex -2.2627416997969525 -14.262741699796953 10
    endloop
  endfacet
  facet normal 0 0 1
    outer loop
      vertex -3.218990313266116 -16.182957126653303 10
      vertex -1.777824745662727 -14.660702759368146 10
      vertex -2.030058509323666 -14.473633450760758 10
    endloop
  endfacet
  facet normal 0 0 1
    outer loop
      vertex -3.218990313266116 -16.182957126653303 10
      vertex -3.0622090743430683 -12.928910967214279 10
      vertex -3.1385128972903376 -12.62428903045161 10
    endloop
  endfacet
  facet normal 0 0 1
    outer loop
      vertex -3.218990313266116 -16.182957126653303 10
      vertex -3.1385128972903376 -12.62428903045161 10
      vertex -3.18459112535103 -12.313654849054593 10
    endloop
  endfacet
  facet normal 0 0 1
    outer loop
      vertex -3.218990313266116 -16.182957126653303 10
      vertex -3.18459112535103 -12.313654849054593 10
      vertex -3.2 -12 10
    endloop
  endfacet
  facet normal 0 0 1
    outer loop
      vertex -3.218990313266116 -16.182957126653303 10
      vertex -2.8221480459147363 -13.508469557843192 10
      vertex -2.956414504036118 -13.224586983568287 10
    endloop
  endfacet
  facet normal 0 0 1
    outer loop
      vertex -3.218990313266116 -16.182957126653303 10
      vertex -2.956414504036118 -13.224586983568287 10
      vertex -3.0622090743430683 -12.928910967214279 10
    endloop
  endfacet
  facet normal 0 0 1
    outer loop
      vertex -1.6172828154377499 -16.42054799009125 10
      vertex -0.9289109672142795 -15.062209074343068 10
      vertex -1.2245869835682874 -14.956414504036118 10
    endloop
  endfacet
  facet normal 0 0 1
    outer loop
      vertex -1.6172828154377499 -16.42054799009125 10
      vertex -0.6242890304516104 -15.138512897290337 10
      vertex -0.9289109672142795 -15.062209074343068 10
    endloop
  endfacet
  facet normal 0 0 1
    outer loop
      vertex -1.6172828154377499 -16.42054799009125 10
      vertex -1.5084695578431926 -14.822148045914737 10
      vertex -1.777824745662727 -14.660702759368146 10
    endloop
  endfacet
  facet normal 0 0 1
    outer loop
      vertex -1.6172828154377499 -16.42054799009125 10
      vertex -1.2245869835682874 -14.956414504036118 10
      vertex -1.5084695578431926 -14.822148045914737 10
    endloop
  endfacet
  facet normal 0 0 1
    outer loop
      vertex -1.6172828154377499 -16.42054799009125 10
      vertex 0 -16.5 10
      vertex -0.6242890304516104 -15.138512897290337 10
    endloop
  endfacet
  facet normal 0 0 1
    outer loop
      vertex 0 -16.5 10
      vertex -0.31365484905459395 -15.18459112535103 10
      vertex -0.6242890304516104 -15.138512897290337 10
    endloop
  endfacet
  facet normal 0 0 1
    outer loop
      vertex 0 -16.5 10
      vertex 0 -15.2 10
      vertex -0.31365484905459395 -15.18459112535103 10
    endloop
  endfacet
  facet normal 0 0 1
    outer loop
      vertex -3.218990313266116 -16.182957126653303 10
      vertex -3.2 -12 10
      vertex -3.325878449210181 -2.2222809320784087 10
    endloop
  endfacet
  facet normal 0 0 1
    outer loop
      vertex -3.325878449210181 -2.2222809320784087 10
      vertex -3.2 -12 10
      vertex -3.18459112535103 -11.686345150945407 10
    endloop
  endfacet
  facet normal 0 0 1
    outer loop
      vertex -3.325878449210181 -2.2222809320784087 10
      vertex -3.18459112535103 -11.686345150945407 10
      vertex -3.1385128972903376 -11.37571096954839 10
    endloop
  endfacet
  facet normal 0 0 1
    outer loop
      vertex -6.314276634023981 -15.24401228643623 10
      vertex -7.362128431028926 4.971393711029883 10
      vertex -7.417970261291832 -5.608421423339845 10
    endloop
  endfacet
  facet normal 0 0 1
    outer loop
      vertex -6.314276634023981 -15.24401228643623 10
      vertex -4.789697174698628 -15.789515539581446 10
      vertex -6.314276634023981 15.24401228643623 10
    endloop
  endfacet
  facet normal 0 0 1
    outer loop
      vertex -4.789697174698628 -15.789515539581446 10
      vertex -3.218990313266116 -16.182957126653303 10
      vertex -4.789697174698628 15.789515539581446 10
    endloop
  endfacet
  facet normal 0 0 1
    outer loop
      vertex -7.9537647916384175 -4.252566909396593 10
      vertex -8.444268272585356 3.461269311068047 10
      vertex -8.136785422976331 -4.021962554699794 10
    endloop
  endfacet
  facet normal 0 0 1
    outer loop
      vertex -7.794228634059947 -4.5 10
      vertex -8.204809478940076 3.664434967366926 10
      vertex -7.9537647916384175 -4.252566909396593 10
    endloop
  endfacet
  facet normal 0 0 1
    outer loop
      vertex -7.659713370649736 -4.761878910586816 10
      vertex -7.986417461480536 3.89009339167978 10
      vertex -7.794228634059947 -4.5 10
    endloop
  endfacet
  facet normal 0 0 1
    outer loop
      vertex -7.551514456927947 -5.035681604090515 10
      vertex -7.477540605665501 4.679337504625937 10
      vertex -7.659713370649736 -4.761878910586816 10
    endloop
  endfacet
  facet normal 0 0 1
    outer loop
      vertex -7.362128431028926 4.971393711029883 10
      vertex -7.470673907581263 -5.31877121089688 10
      vertex -7.417970261291832 -5.608421423339845 10
    endloop
  endfacet
  facet normal 0 0 1
    outer loop
      vertex -7.470673907581263 -5.31877121089688 10
      vertex -7.362128431028926 4.971393711029883 10
      vertex -7.551514456927947 -5.035681604090515 10
    endloop
  endfacet
  facet normal 0 0 1
    outer loop
      vertex -6.314276634023981 -15.24401228643623 10
      vertex -7.275898511725796 5.273355958290006 10
      vertex -7.362128431028926 4.971393711029883 10
    endloop
  endfacet
  facet normal 0 0 1
    outer loop
      vertex -6.314276634023981 -15.24401228643623 10
      vertex -7.219681289017069 5.582316184895834 10
      vertex -7.275898511725796 5.273355958290006 10
    endloop
  endfacet
  facet normal 0 0 1
    outer loop
      vertex -3.325878449210181 -2.2222809320784087 10
      vertex -3.1385128972903376 -11.37571096954839 10
      vertex -3.0622090743430683 -11.071089032785721 10
    endloop
  endfacet
  facet normal 0 0 1
    outer loop
      vertex -3.325878449210181 -2.2222809320784087 10
      vertex -3.0622090743430683 -11.071089032785721 10
      vertex -2.956414504036118 -10.775413016431713 10
    endloop
  endfacet
  facet normal 0 0 1
    outer loop
      vertex -3.218990313266116 -16.182957126653303 10
      vertex -3.325878449210181 -2.2222809320784087 10
      vertex -3.52768505739342 -1.8855869473039906 10
    endloop
  endfacet
  facet normal 0 0 1
    outer loop
      vertex -3.218990313266116 -16.182957126653303 10
      vertex -3.52768505739342 -1.8855869473039906 10
      vertex -3.695518130045147 -1.5307337294603591 10
    endloop
  endfacet
  facet normal 0 0 1
    outer loop
      vertex -3.218990313266116 -16.182957126653303 10
      vertex -3.695518130045147 -1.5307337294603591 10
      vertex -3.8277613429288353 -1.1611387090178493 10
    endloop
  endfacet
  facet normal 0 0 1
    outer loop
      vertex -3.325878449210181 -2.2222809320784087 10
      vertex -2.956414504036118 -10.775413016431713 10
      vertex -2.8221480459147363 -10.491530442156808 10
    endloop
  endfacet
  facet normal 0 0 1
    outer loop
      vertex -2.660702759368145 -10.222175254337273 10
      vertex -3.325878449210181 -2.2222809320784087 10
      vertex -2.8221480459147363 -10.491530442156808 10
    endloop
  endfacet
  facet normal 0 0 1
    outer loop
      vertex -2.4736334507607585 -9.969941490676334 10
      vertex -3.092041813450948 -2.537573136654582 10
      vertex -2.660702759368145 -10.222175254337273 10
    endloop
  endfacet
  facet normal 0 0 1
    outer loop
      vertex -2.2627416997969525 -9.737258300203047 10
      vertex -2.8284271247461903 -2.8284271247461903 10
      vertex -2.4736334507607585 -9.969941490676334 10
    endloop
  endfacet
  facet normal 0 0 1
    outer loop
      vertex -2.2627416997969525 -9.737258300203047 10
      vertex -2.030058509323666 -9.526366549239242 10
      vertex -2.537573136654582 -3.092041813450948 10
    endloop
  endfacet
  facet normal 0 0 1
    outer loop
      vertex -1.777824745662727 -9.339297240631854 10
      vertex -2.537573136654582 -3.092041813450948 10
      vertex -2.030058509323666 -9.526366549239242 10
    endloop
  endfacet
  facet normal 0 0 1
    outer loop
      vertex -3.218990313266116 -16.182957126653303 10
      vertex -3.8277613429288353 -1.1611387090178493 10
      vertex -3.9231411216129217 -0.780361288064513 10
    endloop
  endfacet
  facet normal 0 0 1
    outer loop
      vertex -3.218990313266116 -16.182957126653303 10
      vertex -3.9231411216129217 -0.780361288064513 10
      vertex -3.9807389066887877 -0.3920685613182424 10
    endloop
  endfacet
  facet normal 0 0 1
    outer loop
      vertex -2.2627416997969525 -9.737258300203047 10
      vertex -2.537573136654582 -3.092041813450948 10
      vertex -2.8284271247461903 -2.8284271247461903 10
    endloop
  endfacet
  facet normal 0 0 1
    outer loop
      vertex -1.777824745662727 -9.339297240631854 10
      vertex -2.2222809320784087 -3.325878449210181 10
      vertex -2.537573136654582 -3.092041813450948 10
    endloop
  endfacet
  facet normal 0 0 1
    outer loop
      vertex -2.660702759368145 -10.222175254337273 10
      vertex -3.092041813450948 -2.537573136654582 10
      vertex -3.325878449210181 -2.2222809320784087 10
    endloop
  endfacet
  facet normal 0 0 1
    outer loop
      vertex -2.4736334507607585 -9.969941490676334 10
      vertex -2.8284271247461903 -2.8284271247461903 10
      vertex -3.092041813450948 -2.537573136654582 10
    endloop
  endfacet
  facet normal 0 0 1
    outer loop
      vertex -1.777824745662727 -9.339297240631854 10
      vertex -1.5084695578431926 -9.177851954085263 10
      vertex -1.8855869473039906 -3.52768505739342 10
    endloop
  endfacet
  facet normal 0 0 1
    outer loop
      vertex -1.5084695578431926 -9.177851954085263 10
      vertex -1.2245869835682874 -9.043585495963882 10
      vertex -1.5307337294603591 -3.695518130045147 10
    endloop
  endfacet
  facet normal 0 0 1
    outer loop
      vertex -1.2245869835682874 -9.043585495963882 10
      vertex -0.9289109672142795 -8.937790925656932 10
      vertex -1.5307337294603591 -3.695518130045147 10
    endloop
  endfacet
  facet normal 0 0 1
    outer loop
      vertex -0.9289109672142795 -8.937790925656932 10
      vertex -0.6242890304516104 -8.861487102709663 10
      vertex -1.1611387090178493 -3.8277613429288353 10
    endloop
  endfacet
  facet normal 0 0 1
    outer loop
      vertex -0.780361288064513 -3.9231411216129217 10
      vertex -0.6242890304516104 -8.861487102709663 10
      vertex -0.31365484905459395 -8.81540887464897 10
    endloop
  endfacet
  facet normal 0 0 1
    outer loop
      vertex -0.31365484905459395 -8.81540887464897 10
      vertex 0 -8.8 10
      vertex -0.3920685613182424 -3.9807389066887877 10
    endloop
  endfacet
  facet normal 0 0 1
    outer loop
      vertex -1.777824745662727 -9.339297240631854 10
      vertex -1.8855869473039906 -3.52768505739342 10
      vertex -2.2222809320784087 -3.325878449210181 10
    endloop
  endfacet
  facet normal 0 0 1
    outer loop
      vertex -1.8855869473039906 -3.52768505739342 10
      vertex -1.5084695578431926 -9.177851954085263 10
      vertex -1.5307337294603591 -3.695518130045147 10
    endloop
  endfacet
  facet normal 0 0 1
    outer loop
      vertex -1.5307337294603591 -3.695518130045147 10
      vertex -0.9289109672142795 -8.937790925656932 10
      vertex -1.1611387090178493 -3.8277613429288353 10
    endloop
  endfacet
  facet normal 0 0 1
    outer loop
      vertex -1.1611387090178493 -3.8277613429288353 10
      vertex -0.6242890304516104 -8.861487102709663 10
      vertex -0.780361288064513 -3.9231411216129217 10
    endloop
  endfacet
  facet normal 0 0 1
    outer loop
      vertex -0.31365484905459395 -8.81540887464897 10
      vertex -0.3920685613182424 -3.9807389066887877 10
      vertex -0.780361288064513 -3.9231411216129217 10
    endloop
  endfacet
  facet normal 0 0 1
    outer loop
      vertex 0 -8.8 10
      vertex 0 -4 10
      vertex -0.3920685613182424 -3.9807389066887877 10
    endloop
  endfacet
  facet normal 0 0 1
    outer loop
      vertex -3.218990313266116 -16.182957126653303 10
      vertex -3.9807389066887877 -0.3920685613182424 10
      vertex -4.789697174698628 15.789515539581446 10
    endloop
  endfacet
  facet normal 0 0 -1
    outer loop
      vertex -16.42054799009125 -1.6172828154377499 0
      vertex -16.5 0 0
      vertex -16.42054799009125 1.6172828154377499 0
    endloop
  endfacet
  facet normal 0 0 -1
    outer loop
      vertex -16.42054799009125 -1.6172828154377499 0
      vertex -16.42054799009125 1.6172828154377499 0
      vertex -16.182957126653303 3.218990313266116 0
    endloop
  endfacet
  facet normal 0 0 -1
    outer loop
      vertex -16.182957126653303 -3.218990313266116 0
      vertex -16.182957126653303 3.218990313266116 0
      vertex -15.789515539581446 4.789697174698628 0
    endloop
  endfacet
  facet normal 0 0 -1
    outer loop
      vertex -15.789515539581446 -4.789697174698628 0
      vertex -15.789515539581446 4.789697174698628 0
      vertex -15.24401228643623 6.314276634023981 0
    endloop
  endfacet
  facet normal 0 0 -1
    outer loop
      vertex -15.24401228643623 -6.314276634023981 0
      vertex -15.24401228643623 6.314276634023981 0
      vertex -14.55170086174786 7.778046157628961 0
    endloop
  endfacet
  facet normal 0 0 -1
    outer loop
      vertex -13.719248602991996 -9.166908844823435 0
      vertex -13.387203811036706 4.872799846652053 0
      vertex -13.262297618317866 4.584676191299196 0
    endloop
  endfacet
  facet normal 0 0 -1
    outer loop
      vertex -13.719248602991996 -9.166908844823435 0
      vertex -13.549563508084876 5.478734485137316 0
      vertex -13.483267489538282 5.171779055671934 0
    endloop
  endfacet
  facet normal 0 0 -1
    outer loop
      vertex -13.719248602991996 -9.166908844823435 0
      vertex -13.483267489538282 5.171779055671934 0
      vertex -13.387203811036706 4.872799846652053 0
    endloop
  endfacet
  facet normal 0 0 -1
    outer loop
      vertex -13.719248602991996 -9.166908844823435 0
      vertex -13.585453399776796 5.790709986463543 0
      vertex -13.549563508084876 5.478734485137316 0
    endloop
  endfacet
  facet normal 0 0 -1
    outer loop
      vertex -13.719248602991996 -9.166908844823435 0
      vertex -13.590591525337635 6.104701065029684 0
      vertex -13.585453399776796 5.790709986463543 0
    endloop
  endfacet
  facet normal 0 0 -1
    outer loop
      vertex -13.719248602991996 -9.166908844823435 0
      vertex -13.719248602991996 9.166908844823435 0
      vertex -13.590591525337635 6.104701065029684 0
    endloop
  endfacet
  facet normal 0 0 -1
    outer loop
      vertex -14.55170086174786 -7.778046157628961 0
      vertex -14.55170086174786 7.778046157628961 0
      vertex -13.719248602991996 9.166908844823435 0
    endloop
  endfacet
  facet normal 0 0 -1
    outer loop
      vertex -13.719248602991996 9.166908844823435 0
      vertex -13.564928401809457 6.417683815104166 0
      vertex -13.590591525337635 6.104701065029684 0
    endloop
  endfacet
  facet normal 0 0 -1
    outer loop
      vertex -13.719248602991996 9.166908844823435 0
      vertex -13.50871117910073 6.726644041709994 0
      vertex -13.564928401809457 6.417683815104166 0
    endloop
  endfacet
  facet normal 0 0 -1
    outer loop
      vertex -13.719248602991996 9.166908844823435 0
      vertex -13.4224812597976 7.028606288970117 0
      vertex -13.50871117910073 6.726644041709994 0
    endloop
  endfacet
  facet normal 0 0 -1
    outer loop
      vertex -13.719248602991996 9.166908844823435 0
      vertex -13.307069085161025 7.320662495374063 0
      vertex -13.4224812597976 7.028606288970117 0
    endloop
  endfacet
  facet normal 0 0 -1
    outer loop
      vertex -13.719248602991996 9.166908844823435 0
      vertex -13.163586137523467 7.6 0
      vertex -13.307069085161025 7.320662495374063 0
    endloop
  endfacet
  facet normal 0 0 -1
    outer loop
      vertex -13.719248602991996 9.166908844823435 0
      vertex -12.993414236106432 7.863928629976967 0
      vertex -13.163586137523467 7.6 0
    endloop
  endfacet
  facet normal 0 0 -1
    outer loop
      vertex -11.741005523908363 -4.965105570685175 0
      vertex -11.992304845413264 3.2287187078897963 0
      vertex -11.712967340787326 3.0852357602522376 0
    endloop
  endfacet
  facet normal 0 0 -1
    outer loop
      vertex -11.741005523908363 -4.965105570685175 0
      vertex -11.712967340787326 3.0852357602522376 0
      vertex -11.42091113438338 2.969823585615662 0
    endloop
  endfacet
  facet normal 0 0 -1
    outer loop
      vertex -11.382516930088526 -4.618160636194254 0
      vertex -11.42091113438338 2.969823585615662 0
      vertex -11.11894888712326 2.883593666312533 0
    endloop
  endfacet
  facet normal 0 0 -1
    outer loop
      vertex -11.382516930088526 -4.618160636194254 0
      vertex -11.11894888712326 2.883593666312533 0
      vertex -10.80998866051743 2.8273764436038067 0
    endloop
  endfacet
  facet normal 0 0 -1
    outer loop
      vertex -10.61419937218735 -4.314543735664522 0
      vertex -10.80998866051743 2.8273764436038067 0
      vertex -10.497005910442947 2.8017133200756303 0
    endloop
  endfacet
  facet normal 0 0 -1
    outer loop
      vertex -10.61419937218735 -4.314543735664522 0
      vertex -10.497005910442947 2.8017133200756303 0
      vertex -10.183014831876806 2.806851445636469 0
    endloop
  endfacet
  facet normal 0 0 -1
    outer loop
      vertex -10.115382540642461 -4.322706335455705 0
      vertex -10.183014831876806 2.806851445636469 0
      vertex -9.871039330550579 2.8427413373283867 0
    endloop
  endfacet
  facet normal 0 0 -1
    outer loop
      vertex -10.115382540642461 -4.322706335455705 0
      vertex -9.871039330550579 2.8427413373283867 0
      vertex -9.564083901085196 2.9090373558749807 0
    endloop
  endfacet
  facet normal 0 0 -1
    outer loop
      vertex -9.640414072040961 -4.47531633939443 0
      vertex -9.564083901085196 2.9090373558749807 0
      vertex -9.265104692065316 3.005101034376558 0
    endloop
  endfacet
  facet normal 0 0 -1
    outer loop
      vertex -9.010465481607518 -5.009787915324737 0
      vertex -8.976981036712457 3.130007227095397 0
      vertex -8.702487723332085 3.282553019114947 0
    endloop
  endfacet
  facet normal 0 0 -1
    outer loop
      vertex -8.976981036712457 3.130007227095397 0
      vertex -9.494589499307638 -4.556356291404816 0
      vertex -9.265104692065316 3.005101034376558 0
    endloop
  endfacet
  facet normal 0 0 -1
    outer loop
      vertex -8.920061658979717 -5.15 0
      vertex -8.702487723332085 3.282553019114947 0
      vertex -8.444268272585356 3.461269311068047 0
    endloop
  endfacet
  facet normal 0 0 -1
    outer loop
      vertex -8.204809478940076 3.664434967366926 0
      vertex -8.843836343047265 -5.298398049332529 0
      vertex -8.444268272585356 3.461269311068047 0
    endloop
  endfacet
  facet normal 0 0 -1
    outer loop
      vertex -8.782523625271583 -5.4535529089846255 0
      vertex -8.204809478940076 3.664434967366926 0
      vertex -7.986417461480536 3.89009339167978 0
    endloop
  endfacet
  facet normal -0.9987954562051723 0.04906767432741669 0
    outer loop
      vertex -16.5 0 0
      vertex -16.42054799009125 1.6172828154377499 10
      vertex -16.42054799009125 1.6172828154377499 0
    endloop
  endfacet
  facet normal -0.9891765099647808 0.14673047445536275 0
    outer loop
      vertex -16.42054799009125 1.6172828154377499 0
      vertex -16.182957126653303 3.218990313266116 10
      vertex -16.182957126653303 3.218990313266116 0
    endloop
  endfacet
  facet normal -0.9700312531945438 0.24298017990326445 0
    outer loop
      vertex -16.182957126653303 3.218990313266116 0
      vertex -15.789515539581446 4.789697174698628 10
      vertex -15.789515539581446 4.789697174698628 0
    endloop
  endfacet
  facet normal -0.9415440651830208 0.33688985339222005 0
    outer loop
      vertex -15.789515539581446 4.789697174698628 0
      vertex -15.24401228643623 6.314276634023981 10
      vertex -15.24401228643623 6.314276634023981 0
    endloop
  endfacet
  facet normal -0.9039892931234437 0.42755509343028114 0
    outer loop
      vertex -15.24401228643623 6.314276634023981 0
      vertex -14.55170086174786 7.778046157628961 10
      vertex -14.55170086174786 7.778046157628961 0
    endloop
  endfacet
  facet normal 0 0 -1
    outer loop
      vertex -13.719248602991996 9.166908844823435 0
      vertex -12.75467248048516 10.467489188700151 0
      vertex -12.993414236106432 7.863928629976967 0
    endloop
  endfacet
  facet normal 0 0 -1
    outer loop
      vertex -12.75467248048516 10.467489188700151 0
      vertex -12.79819222934599 8.10990660832022 0
      vertex -12.993414236106432 7.863928629976967 0
    endloop
  endfacet
  facet normal 0 0 -1
    outer loop
      vertex -12.75467248048516 10.467489188700151 0
      vertex -12.579800211886452 8.335565032633074 0
      vertex -12.79819222934599 8.10990660832022 0
    endloop
  endfacet
  facet normal 0 0 -1
    outer loop
      vertex -12.75467248048516 10.467489188700151 0
      vertex -12.34034141824117 8.538730688931953 0
      vertex -12.579800211886452 8.335565032633074 0
    endloop
  endfacet
  facet normal 0 0 -1
    outer loop
      vertex -12.75467248048516 10.467489188700151 0
      vertex -12.082121967494443 8.717446980885054 0
      vertex -12.34034141824117 8.538730688931953 0
    endloop
  endfacet
  facet normal 0 0 -1
    outer loop
      vertex -12.75467248048516 10.467489188700151 0
      vertex -11.807628654114069 8.869992772904602 0
      vertex -12.082121967494443 8.717446980885054 0
    endloop
  endfacet
  facet normal 0 0 -1
    outer loop
      vertex -11.667261889578034 11.667261889578034 0
      vertex -11.51950499876121 8.994898965623442 0
      vertex -11.807628654114069 8.869992772904602 0
    endloop
  endfacet
  facet normal 0 0 -1
    outer loop
      vertex -11.667261889578034 11.667261889578034 0
      vertex -11.22052578974133 9.09096264412502 0
      vertex -11.51950499876121 8.994898965623442 0
    endloop
  endfacet
  facet normal 0 0 -1
    outer loop
      vertex -11.667261889578034 11.667261889578034 0
      vertex -10.913570360275948 9.157258662671612 0
      vertex -11.22052578974133 9.09096264412502 0
    endloop
  endfacet
  facet normal 0 0 -1
    outer loop
      vertex -12.75467248048516 10.467489188700151 0
      vertex -11.667261889578034 11.667261889578034 0
      vertex -11.807628654114069 8.869992772904602 0
    endloop
  endfacet
  facet normal 0 0 -1
    outer loop
      vertex -11.667261889578034 11.667261889578034 0
      vertex -10.467489188700151 12.75467248048516 0
      vertex -10.913570360275948 9.157258662671612 0
    endloop
  endfacet
  facet normal 0 0 -1
    outer loop
      vertex -10.467489188700151 12.75467248048516 0
      vertex -10.60159485894972 9.193148554363532 0
      vertex -10.913570360275948 9.157258662671612 0
    endloop
  endfacet
  facet normal 0 0 -1
    outer loop
      vertex -10.467489188700151 12.75467248048516 0
      vertex -10.287603780383579 9.198286679924369 0
      vertex -10.60159485894972 9.193148554363532 0
    endloop
  endfacet
  facet normal 0 0 -1
    outer loop
      vertex -9.166908844823435 13.719248602991996 0
      vertex -8.282398237093043 8.405887383932727 0
      vertex -8.528376215436296 8.60110939069317 0
    endloop
  endfacet
  facet normal 0 0 -1
    outer loop
      vertex -10.467489188700151 12.75467248048516 0
      vertex -9.974621030309097 9.172623556396193 0
      vertex -10.287603780383579 9.198286679924369 0
    endloop
  endfacet
  facet normal 0 0 -1
    outer loop
      vertex -10.467489188700151 12.75467248048516 0
      vertex -9.665660803703267 9.116406333687467 0
      vertex -9.974621030309097 9.172623556396193 0
    endloop
  endfacet
  facet normal 0 0 -1
    outer loop
      vertex -9.166908844823435 13.719248602991996 0
      vertex -9.363698556443147 9.030176414384337 0
      vertex -9.665660803703267 9.116406333687467 0
    endloop
  endfacet
  facet normal 0 0 -1
    outer loop
      vertex -10.467489188700151 12.75467248048516 0
      vertex -9.166908844823435 13.719248602991996 0
      vertex -9.665660803703267 9.116406333687467 0
    endloop
  endfacet
  facet normal 0 0 -1
    outer loop
      vertex -9.166908844823435 13.719248602991996 0
      vertex -9.0716423500392 8.914764239747763 0
      vertex -9.363698556443147 9.030176414384337 0
    endloop
  endfacet
  facet normal 0 0 -1
    outer loop
      vertex -9.166908844823435 13.719248602991996 0
      vertex -8.792304845413264 8.771281292110203 0
      vertex -9.0716423500392 8.914764239747763 0
    endloop
  endfacet
  facet normal 0 0 -1
    outer loop
      vertex -9.166908844823435 13.719248602991996 0
      vertex -8.528376215436296 8.60110939069317 0
      vertex -8.792304845413264 8.771281292110203 0
    endloop
  endfacet
  facet normal 0 0 -1
    outer loop
      vertex -9.166908844823435 13.719248602991996 0
      vertex -7.778046157628961 14.55170086174786 0
      vertex -8.282398237093043 8.405887383932727 0
    endloop
  endfacet
  facet normal -0.8577286100002715 0.5141027441932227 0
    outer loop
      vertex -14.55170086174786 7.778046157628961 0
      vertex -13.719248602991996 9.166908844823435 10
      vertex -13.719248602991996 9.166908844823435 0
    endloop
  endfacet
  facet normal -0.8032075314806454 0.5956993044924325 0
    outer loop
      vertex -13.719248602991996 9.166908844823435 0
      vertex -12.75467248048516 10.467489188700151 10
      vertex -12.75467248048516 10.467489188700151 0
    endloop
  endfacet
  facet normal -0.7409511253549589 0.6715589548470187 0
    outer loop
      vertex -12.75467248048516 10.467489188700151 0
      vertex -11.667261889578034 11.667261889578034 10
      vertex -11.667261889578034 11.667261889578034 0
    endloop
  endfacet
  facet normal -0.6715589548470187 0.7409511253549589 0
    outer loop
      vertex -11.667261889578034 11.667261889578034 0
      vertex -11.667261889578034 11.667261889578034 10
      vertex -10.467489188700151 12.75467248048516 0
    endloop
  endfacet
  facet normal -0.5956993044924325 0.8032075314806454 0
    outer loop
      vertex -10.467489188700151 12.75467248048516 0
      vertex -10.467489188700151 12.75467248048516 10
      vertex -9.166908844823435 13.719248602991996 0
    endloop
  endfacet
  facet normal -0.5141027441932227 0.8577286100002715 0
    outer loop
      vertex -9.166908844823435 13.719248602991996 0
      vertex -9.166908844823435 13.719248602991996 10
      vertex -7.778046157628961 14.55170086174786 0
    endloop
  endfacet
  facet normal 0 0 -1
    outer loop
      vertex -8.782523625271583 -5.4535529089846255 0
      vertex -7.986417461480536 3.89009339167978 0
      vertex -7.791195454720095 4.136071370023033 0
    endloop
  endfacet
  facet normal 0 0 -1
    outer loop
      vertex -8.782523625271583 -5.4535529089846255 0
      vertex -7.791195454720095 4.136071370023033 0
      vertex -7.62102355330306 4.4 0
    endloop
  endfacet
  facet normal 0 0 -1
    outer loop
      vertex -7.5 0 0
      vertex -7.62102355330306 4.4 0
      vertex -7.477540605665501 4.679337504625937 0
    endloop
  endfacet
  facet normal 0 0 -1
    outer loop
      vertex -7.5 0 0
      vertex -7.477540605665501 4.679337504625937 0
      vertex -7.362128431028926 4.971393711029883 0
    endloop
  endfacet
  facet normal 0 0 -1
    outer loop
      vertex -7.5 0 0
      vertex -7.362128431028926 4.971393711029883 0
      vertex -7.275898511725796 5.273355958290006 0
    endloop
  endfacet
  facet normal 0 0 -1
    outer loop
      vertex -7.5 0 0
      vertex -7.275898511725796 5.273355958290006 0
      vertex -7.219681289017069 5.582316184895834 0
    endloop
  endfacet
  facet normal 0 0 -1
    outer loop
      vertex -6.314276634023981 15.24401228643623 0
      vertex -7.5 0 0
      vertex -7.219681289017069 5.582316184895834 0
    endloop
  endfacet
  facet normal 0 0 -1
    outer loop
      vertex -4.789697174698628 15.789515539581446 0
      vertex -3.75 6.495190528383289 0
      vertex -7.5 0 0
    endloop
  endfacet
  facet normal 0 0 -1
    outer loop
      vertex -7.778046157628961 14.55170086174786 0
      vertex -7.8535741564813115 7.948036572827906 0
      vertex -8.05673981278019 8.187495366473188 0
    endloop
  endfacet
  facet normal 0 0 -1
    outer loop
      vertex -6.314276634023981 15.24401228643623 0
      vertex -7.67485786452821 7.689817122081178 0
      vertex -7.8535741564813115 7.948036572827906 0
    endloop
  endfacet
  facet normal 0 0 -1
    outer loop
      vertex -6.314276634023981 15.24401228643623 0
      vertex -7.219681289017069 5.582316184895834 0
      vertex -7.194018165488893 5.895298934970316 0
    endloop
  endfacet
  facet normal 0 0 -1
    outer loop
      vertex -6.314276634023981 15.24401228643623 0
      vertex -7.194018165488893 5.895298934970316 0
      vertex -7.19915629104973 6.209290013536457 0
    endloop
  endfacet
  facet normal 0 0 -1
    outer loop
      vertex -6.314276634023981 15.24401228643623 0
      vertex -7.301342201288244 6.828220944328066 0
      vertex -7.397405879789821 7.127200153347947 0
    endloop
  endfacet
  facet normal 0 0 -1
    outer loop
      vertex -6.314276634023981 15.24401228643623 0
      vertex -7.19915629104973 6.209290013536457 0
      vertex -7.23504618274165 6.521265514862684 0
    endloop
  endfacet
  facet normal 0 0 -1
    outer loop
      vertex -6.314276634023981 15.24401228643623 0
      vertex -7.23504618274165 6.521265514862684 0
      vertex -7.301342201288244 6.828220944328066 0
    endloop
  endfacet
  facet normal 0 0 -1
    outer loop
      vertex -6.314276634023981 15.24401228643623 0
      vertex -7.397405879789821 7.127200153347947 0
      vertex -7.52231207250866 7.415323808700804 0
    endloop
  endfacet
  facet normal 0 0 -1
    outer loop
      vertex -6.314276634023981 15.24401228643623 0
      vertex -7.52231207250866 7.415323808700804 0
      vertex -7.67485786452821 7.689817122081178 0
    endloop
  endfacet
  facet normal 0 0 -1
    outer loop
      vertex -7.778046157628961 14.55170086174786 0
      vertex -8.05673981278019 8.187495366473188 0
      vertex -8.282398237093043 8.405887383932727 0
    endloop
  endfacet
  facet normal 0 0 -1
    outer loop
      vertex -6.314276634023981 15.24401228643623 0
      vertex -4.789697174698628 15.789515539581446 0
      vertex -7.5 0 0
    endloop
  endfacet
  facet normal 0 0 -1
    outer loop
      vertex -7.778046157628961 14.55170086174786 0
      vertex -6.314276634023981 15.24401228643623 0
      vertex -7.8535741564813115 7.948036572827906 0
    endloop
  endfacet
  facet normal 0 0 -1
    outer loop
      vertex -3.75 6.495190528383289 0
      vertex -1.314117770716653 10.921531416921802 0
      vertex -1.2020815280171309 10.79791847198287 0
    endloop
  endfacet
  facet normal 0 0 -1
    outer loop
      vertex -3.75 6.495190528383289 0
      vertex -1.413498340914327 11.055530603866677 0
      vertex -1.314117770716653 10.921531416921802 0
    endloop
  endfacet
  facet normal 0 0 -1
    outer loop
      vertex -3.75 6.495190528383289 0
      vertex -1.4992661493922035 11.198625547395803 0
      vertex -1.413498340914327 11.055530603866677 0
    endloop
  endfacet
  facet normal 0 0 -1
    outer loop
      vertex -3.75 6.495190528383289 0
      vertex -1.5705952052691874 11.349438164979347 0
      vertex -1.4992661493922035 11.198625547395803 0
    endloop
  endfacet
  facet normal 0 0 -1
    outer loop
      vertex -3.75 6.495190528383289 0
      vertex -1.626798570744755 11.506516048667415 0
      vertex -1.5705952052691874 11.349438164979347 0
    endloop
  endfacet
  facet normal 0 0 -1
    outer loop
      vertex -3.75 6.495190528383289 0
      vertex -1.6673349766854917 11.668346452572582 0
      vertex -1.626798570744755 11.506516048667415 0
    endloop
  endfacet
  facet normal 0 0 -1
    outer loop
      vertex -3.75 6.495190528383289 0
      vertex -1.6918140353427347 11.833370861439747 0
      vertex -1.6673349766854917 11.668346452572582 0
    endloop
  endfacet
  facet normal 0 0 -1
    outer loop
      vertex -3.75 6.495190528383289 0
      vertex -1.7 12 0
      vertex -1.6918140353427347 11.833370861439747 0
    endloop
  endfacet
  facet normal 0 0 -1
    outer loop
      vertex -3.75 6.495190528383289 0
      vertex -1.6918140353427347 12.166629138560253 0
      vertex -1.7 12 0
    endloop
  endfacet
  facet normal 0 0 -1
    outer loop
      vertex -1.6172828154377499 16.42054799009125 0
      vertex -1.6918140353427347 12.166629138560253 0
      vertex -3.75 6.495190528383289 0
    endloop
  endfacet
  facet normal 0 0 -1
    outer loop
      vertex -3.75 6.495190528383289 0
      vertex -1.0784685830781973 10.685882229283347 0
      vertex -0.9444693961333237 10.586501659085673 0
    endloop
  endfacet
  facet normal 0 0 -1
    outer loop
      vertex -3.75 6.495190528383289 0
      vertex -0.9444693961333237 10.586501659085673 0
      vertex -0.8013744526041959 10.500733850607796 0
    endloop
  endfacet
  facet normal 0 0 -1
    outer loop
      vertex -3.75 6.495190528383289 0
      vertex -0.8013744526041959 10.500733850607796 0
      vertex -0.6505618350206526 10.429404794730813 0
    endloop
  endfacet
  facet normal 0 0 -1
    outer loop
      vertex -3.75 6.495190528383289 0
      vertex -0.6505618350206526 10.429404794730813 0
      vertex -0.49348395133258594 10.373201429255245 0
    endloop
  endfacet
  facet normal 0 0 -1
    outer loop
      vertex -3.75 6.495190528383289 0
      vertex -0.49348395133258594 10.373201429255245 0
      vertex -0.33165354742741804 10.332665023314508 0
    endloop
  endfacet
  facet normal 0 0 -1
    outer loop
      vertex -0.16662913856025302 10.308185964657266 0
      vertex -3.75 6.495190528383289 0
      vertex -0.33165354742741804 10.332665023314508 0
    endloop
  endfacet
  facet normal 0 0 -1
    outer loop
      vertex -3.75 6.495190528383289 0
      vertex -0.16662913856025302 10.308185964657266 0
      vertex 0 10.3 0
    endloop
  endfacet
  facet normal 0 0 -1
    outer loop
      vertex -3.75 6.495190528383289 0
      vertex -1.2020815280171309 10.79791847198287 0
      vertex -1.0784685830781973 10.685882229283347 0
    endloop
  endfacet
  facet normal 0 0 -1
    outer loop
      vertex -4.789697174698628 15.789515539581446 0
      vertex -3.218990313266116 16.182957126653303 0
      vertex -3.75 6.495190528383289 0
    endloop
  endfacet
  facet normal 0 0 -1
    outer loop
      vertex -3.218990313266116 16.182957126653303 0
      vertex -1.6172828154377499 16.42054799009125 0
      vertex -3.75 6.495190528383289 0
    endloop
  endfacet
  facet normal 0 0 -1
    outer loop
      vertex -1.6172828154377499 16.42054799009125 0
      vertex -1.6673349766854917 12.331653547427418 0
      vertex -1.6918140353427347 12.166629138560253 0
    endloop
  endfacet
  facet normal 0 0 -1
    outer loop
      vertex -1.6172828154377499 16.42054799009125 0
      vertex -1.626798570744755 12.493483951332585 0
      vertex -1.6673349766854917 12.331653547427418 0
    endloop
  endfacet
  facet normal 0 0 -1
    outer loop
      vertex -1.6172828154377499 16.42054799009125 0
      vertex -1.5705952052691874 12.650561835020653 0
      vertex -1.626798570744755 12.493483951332585 0
    endloop
  endfacet
  facet normal 0 0 -1
    outer loop
      vertex -1.6172828154377499 16.42054799009125 0
      vertex -1.4992661493922035 12.801374452604197 0
      vertex -1.5705952052691874 12.650561835020653 0
    endloop
  endfacet
  facet normal 0 0 -1
    outer loop
      vertex -1.6172828154377499 16.42054799009125 0
      vertex -1.413498340914327 12.944469396133323 0
      vertex -1.4992661493922035 12.801374452604197 0
    endloop
  endfacet
  facet normal 0 0 -1
    outer loop
      vertex -1.6172828154377499 16.42054799009125 0
      vertex -1.314117770716653 13.078468583078198 0
      vertex -1.413498340914327 12.944469396133323 0
    endloop
  endfacet
  facet normal 0 0 -1
    outer loop
      vertex -1.6172828154377499 16.42054799009125 0
      vertex -1.2020815280171309 13.20208152801713 0
      vertex -1.314117770716653 13.078468583078198 0
    endloop
  endfacet
  facet normal 0 0 -1
    outer loop
      vertex -1.6172828154377499 16.42054799009125 0
      vertex -1.0784685830781973 13.314117770716653 0
      vertex -1.2020815280171309 13.20208152801713 0
    endloop
  endfacet
  facet normal 0 0 -1
    outer loop
      vertex -1.6172828154377499 16.42054799009125 0
      vertex -0.9444693961333237 13.413498340914327 0
      vertex -1.0784685830781973 13.314117770716653 0
    endloop
  endfacet
  facet normal 0 0 -1
    outer loop
      vertex -1.6172828154377499 16.42054799009125 0
      vertex -0.8013744526041959 13.499266149392204 0
      vertex -0.9444693961333237 13.413498340914327 0
    endloop
  endfacet
  facet normal 0 0 -1
    outer loop
      vertex -1.6172828154377499 16.42054799009125 0
      vertex -0.6505618350206526 13.570595205269187 0
      vertex -0.8013744526041959 13.499266149392204 0
    endloop
  endfacet
  facet normal 0 0 -1
    outer loop
      vertex -1.6172828154377499 16.42054799009125 0
      vertex -0.49348395133258594 13.626798570744755 0
      vertex -0.6505618350206526 13.570595205269187 0
    endloop
  endfacet
  facet normal 0 0 -1
    outer loop
      vertex -1.6172828154377499 16.42054799009125 0
      vertex -0.33165354742741804 13.667334976685492 0
      vertex -0.49348395133258594 13.626798570744755 0
    endloop
  endfacet
  facet normal 0 0 -1
    outer loop
      vertex -1.6172828154377499 16.42054799009125 0
      vertex -0.16662913856025302 13.691814035342734 0
      vertex -0.33165354742741804 13.667334976685492 0
    endloop
  endfacet
  facet normal 0 0 -1
    outer loop
      vertex 0 16.5 0
      vertex 0 13.7 0
      vertex -0.16662913856025302 13.691814035342734 0
    endloop
  endfacet
  facet normal 0 0 -1
    outer loop
      vertex -1.6172828154377499 16.42054799009125 0
      vertex 0 16.5 0
      vertex -0.16662913856025302 13.691814035342734 0
    endloop
  endfacet
  facet normal -0.42755509343028114 0.9039892931234437 0
    outer loop
      vertex -7.778046157628961 14.55170086174786 0
      vertex -7.778046157628961 14.55170086174786 10
      vertex -6.314276634023981 15.24401228643623 0
    endloop
  endfacet
  facet normal -0.33688985339222005 0.9415440651830208 0
    outer loop
      vertex -6.314276634023981 15.24401228643623 0
      vertex -6.314276634023981 15.24401228643623 10
      vertex -4.789697174698628 15.789515539581446 0
    endloop
  endfacet
  facet normal -0.24298017990326445 0.9700312531945438 0
    outer loop
      vertex -4.789697174698628 15.789515539581446 0
      vertex -4.789697174698628 15.789515539581446 10
      vertex -3.218990313266116 16.182957126653303 0
    endloop
  endfacet
  facet normal -0.14673047445536275 0.9891765099647808 0
    outer loop
      vertex -3.218990313266116 16.182957126653303 0
      vertex -3.218990313266116 16.182957126653303 10
      vertex -1.6172828154377499 16.42054799009125 0
    endloop
  endfacet
  facet normal -0.04906767432741669 0.9987954562051723 0
    outer loop
      vertex -1.6172828154377499 16.42054799009125 0
      vertex -1.6172828154377499 16.42054799009125 10
      vertex 0 16.5 0
    endloop
  endfacet
  facet normal -0.9987954562051723 0.04906767432741669 0
    outer loop
      vertex -16.5 0 0
      vertex -16.5 0 10
      vertex -16.42054799009125 1.6172828154377499 10
    endloop
  endfacet
  facet normal -0.9891765099647808 0.14673047445536275 0
    outer loop
      vertex -16.42054799009125 1.6172828154377499 0
      vertex -16.42054799009125 1.6172828154377499 10
      vertex -16.182957126653303 3.218990313266116 10
    endloop
  endfacet
  facet normal -0.9700312531945438 0.24298017990326445 0
    outer loop
      vertex -16.182957126653303 3.218990313266116 0
      vertex -16.182957126653303 3.218990313266116 10
      vertex -15.789515539581446 4.789697174698628 10
    endloop
  endfacet
  facet normal -0.9415440651830208 0.33688985339222005 0
    outer loop
      vertex -15.789515539581446 4.789697174698628 0
      vertex -15.789515539581446 4.789697174698628 10
      vertex -15.24401228643623 6.314276634023981 10
    endloop
  endfacet
  facet normal -0.9039892931234437 0.42755509343028114 0
    outer loop
      vertex -15.24401228643623 6.314276634023981 0
      vertex -15.24401228643623 6.314276634023981 10
      vertex -14.55170086174786 7.778046157628961 10
    endloop
  endfacet
  facet normal -0.8577286100002715 0.5141027441932227 0
    outer loop
      vertex -14.55170086174786 7.778046157628961 0
      vertex -14.55170086174786 7.778046157628961 10
      vertex -13.719248602991996 9.166908844823435 10
    endloop
  endfacet
  facet normal 0 0 1
    outer loop
      vertex -16.42054799009125 -1.6172828154377499 10
      vertex -16.42054799009125 1.6172828154377499 10
      vertex -16.5 0 10
    endloop
  endfacet
  facet normal 0 0 1
    outer loop
      vertex -16.182957126653303 -3.218990313266116 10
      vertex -16.182957126653303 3.218990313266116 10
      vertex -16.42054799009125 1.6172828154377499 10
    endloop
  endfacet
  facet normal 0 0 1
    outer loop
      vertex -15.789515539581446 -4.789697174698628 10
      vertex -15.789515539581446 4.789697174698628 10
      vertex -16.182957126653303 3.218990313266116 10
    endloop
  endfacet
  facet normal 0 0 1
    outer loop
      vertex -15.24401228643623 -6.314276634023981 10
      vertex -15.24401228643623 6.314276634023981 10
      vertex -15.789515539581446 4.789697174698628 10
    endloop
  endfacet
  facet normal 0 0 1
    outer loop
      vertex -14.55170086174786 -7.778046157628961 10
      vertex -14.55170086174786 7.778046157628961 10
      vertex -15.24401228643623 6.314276634023981 10
    endloop
  endfacet
  facet normal 0 0 1
    outer loop
      vertex -13.352234841667899 -5.511313579816234 10
      vertex -13.549563508084876 5.478734485137316 10
      vertex -13.585453399776796 5.790709986463543 10
    endloop
  endfacet
  facet normal 0 0 1
    outer loop
      vertex -12.939911389993002 -4.415796448048896 10
      vertex -13.109751826298316 4.310182877918822 10
      vertex -13.262297618317866 4.584676191299196 10
    endloop
  endfacet
  facet normal 0 0 1
    outer loop
      vertex -12.939911389993002 -4.415796448048896 10
      vertex -12.931035534345215 4.051963427172094 10
      vertex -13.109751826298316 4.310182877918822 10
    endloop
  endfacet
  facet normal 0 0 1
    outer loop
      vertex -12.939911389993002 -4.415796448048896 10
      vertex -13.262297618317866 4.584676191299196 10
      vertex -13.387203811036706 4.872799846652053 10
    endloop
  endfacet
  facet normal 0 0 1
    outer loop
      vertex -12.939911389993002 -4.415796448048896 10
      vertex -13.387203811036706 4.872799846652053 10
      vertex -13.483267489538282 5.171779055671934 10
    endloop
  endfacet
  facet normal 0 0 1
    outer loop
      vertex -12.931035534345215 4.051963427172094 10
      vertex -12.37034229071347 -3.7444805775630674 10
      vertex -12.727869878046336 3.8125046335268116 10
    endloop
  endfacet
  facet normal 0 0 1
    outer loop
      vertex -12.139737936016669 -3.5614599462251544 10
      vertex -12.502211453733484 3.5941126160672723 10
      vertex -12.727869878046336 3.8125046335268116 10
    endloop
  endfacet
  facet normal 0 0 1
    outer loop
      vertex -13.719248602991996 -9.166908844823435 10
      vertex -13.719248602991996 9.166908844823435 10
      vertex -14.55170086174786 7.778046157628961 10
    endloop
  endfacet
  facet normal 0 0 1
    outer loop
      vertex -13.719248602991996 9.166908844823435 10
      vertex -13.352234841667899 -5.511313579816234 10
      vertex -13.585453399776796 5.790709986463543 10
    endloop
  endfacet
  facet normal 0 0 1
    outer loop
      vertex -12.939911389993002 -4.415796448048896 10
      vertex -13.483267489538282 5.171779055671934 10
      vertex -13.549563508084876 5.478734485137316 10
    endloop
  endfacet
  facet normal 0 0 1
    outer loop
      vertex -13.719248602991996 9.166908844823435 10
      vertex -13.585453399776796 5.790709986463543 10
      vertex -13.590591525337635 6.104701065029684 10
    endloop
  endfacet
  facet normal 0 0 1
    outer loop
      vertex -13.719248602991996 9.166908844823435 10
      vertex -13.590591525337635 6.104701065029684 10
      vertex -13.564928401809457 6.417683815104166 10
    endloop
  endfacet
  facet normal 0 0 1
    outer loop
      vertex -13.719248602991996 9.166908844823435 10
      vertex -13.564928401809457 6.417683815104166 10
      vertex -13.50871117910073 6.726644041709994 10
    endloop
  endfacet
  facet normal 0 0 1
    outer loop
      vertex -13.719248602991996 9.166908844823435 10
      vertex -13.50871117910073 6.726644041709994 10
      vertex -13.4224812597976 7.028606288970117 10
    endloop
  endfacet
  facet normal 0 0 1
    outer loop
      vertex -13.719248602991996 9.166908844823435 10
      vertex -13.4224812597976 7.028606288970117 10
      vertex -13.307069085161025 7.320662495374063 10
    endloop
  endfacet
  facet normal 0 0 1
    outer loop
      vertex -13.719248602991996 9.166908844823435 10
      vertex -13.307069085161025 7.320662495374063 10
      vertex -13.163586137523467 7.6 10
    endloop
  endfacet
  facet normal 0 0 1
    outer loop
      vertex -13.719248602991996 9.166908844823435 10
      vertex -13.163586137523467 7.6 10
      vertex -12.993414236106432 7.863928629976967 10
    endloop
  endfacet
  facet normal 0 0 1
    outer loop
      vertex -11.630425934826448 -3.2674085252364726 10
      vertex -11.712967340787326 3.0852357602522376 10
      vertex -11.992304845413264 3.2287187078897963 10
    endloop
  endfacet
  facet normal 0 0 1
    outer loop
      vertex -11.356623241322747 -3.1592096115146835 10
      vertex -11.42091113438338 2.969823585615662 10
      vertex -11.712967340787326 3.0852357602522376 10
    endloop
  endfacet
  facet normal 0 0 1
    outer loop
      vertex -11.892304845413264 -3.401923788646684 10
      vertex -12.25623347539023 3.398890609306831 10
      vertex -12.502211453733484 3.5941126160672723 10
    endloop
  endfacet
  facet normal 0 0 1
    outer loop
      vertex -11.892304845413264 -3.401923788646684 10
      vertex -11.992304845413264 3.2287187078897963 10
      vertex -12.25623347539023 3.398890609306831 10
    endloop
  endfacet
  facet normal 0 0 1
    outer loop
      vertex -10.78388342207342 -3.0256654158785694 10
      vertex -11.11894888712326 2.883593666312533 10
      vertex -11.42091113438338 2.969823585615662 10
    endloop
  endfacet
  facet normal 0 0 1
    outer loop
      vertex -10.78388342207342 -3.0256654158785694 10
      vertex -10.80998866051743 2.8273764436038067 10
      vertex -11.11894888712326 2.883593666312533 10
    endloop
  endfacet
  facet normal 0 0 1
    outer loop
      vertex -10.490462093878591 -3.0016062375709027 10
      vertex -10.497005910442947 2.8017133200756303 10
      vertex -10.80998866051743 2.8273764436038067 10
    endloop
  endfacet
  facet normal 0 0 1
    outer loop
      vertex -10.196095457722834 -3.0064232302841893 10
      vertex -10.183014831876806 2.806851445636469 10
      vertex -10.497005910442947 2.8017133200756303 10
    endloop
  endfacet
  facet normal 0 0 1
    outer loop
      vertex -9.615847710105701 -3.1022225211327954 10
      vertex -9.871039330550579 2.8427413373283867 10
      vertex -10.183014831876806 2.806851445636469 10
    endloop
  endfacet
  facet normal 0 0 1
    outer loop
      vertex -9.615847710105701 -3.1022225211327954 10
      vertex -9.564083901085196 2.9090373558749807 10
      vertex -9.871039330550579 2.8427413373283867 10
    endloop
  endfacet
  facet normal 0 0 1
    outer loop
      vertex -9.335554701649563 -3.192282219728023 10
      vertex -9.265104692065316 3.005101034376558 10
      vertex -9.564083901085196 2.9090373558749807 10
    endloop
  endfacet
  facet normal 0 0 1
    outer loop
      vertex -9.065438774756261 -3.3093817754019357 10
      vertex -8.976981036712457 3.130007227095397 10
      vertex -9.265104692065316 3.005101034376558 10
    endloop
  endfacet
  facet normal 0 0 1
    outer loop
      vertex -8.80810129346216 -3.4523934554202635 10
      vertex -8.702487723332085 3.282553019114947 10
      vertex -8.976981036712457 3.130007227095397 10
    endloop
  endfacet
  facet normal 0 0 1
    outer loop
      vertex -8.136785422976331 -4.021962554699794 10
      vertex -8.444268272585356 3.461269311068047 10
      vertex -8.702487723332085 3.282553019114947 10
    endloop
  endfacet
  facet normal -0.8032075314806454 0.5956993044924325 0
    outer loop
      vertex -13.719248602991996 9.166908844823435 0
      vertex -13.719248602991996 9.166908844823435 10
      vertex -12.75467248048516 10.467489188700151 10
    endloop
  endfacet
  facet normal -0.7409511253549589 0.6715589548470187 0
    outer loop
      vertex -12.75467248048516 10.467489188700151 0
      vertex -12.75467248048516 10.467489188700151 10
      vertex -11.667261889578034 11.667261889578034 10
    endloop
  endfacet
  facet normal -0.6715589548470187 0.7409511253549589 0
    outer loop
      vertex -10.467489188700151 12.75467248048516 0
      vertex -11.667261889578034 11.667261889578034 10
      vertex -10.467489188700151 12.75467248048516 10
    endloop
  endfacet
  facet normal -0.5956993044924325 0.8032075314806454 0
    outer loop
      vertex -9.166908844823435 13.719248602991996 0
      vertex -10.467489188700151 12.75467248048516 10
      vertex -9.166908844823435 13.719248602991996 10
    endloop
  endfacet
  facet normal 0 0 1
    outer loop
      vertex -13.719248602991996 9.166908844823435 10
      vertex -12.993414236106432 7.863928629976967 10
      vertex -12.79819222934599 8.10990660832022 10
    endloop
  endfacet
  facet normal 0 0 1
    outer loop
      vertex -13.719248602991996 9.166908844823435 10
      vertex -12.79819222934599 8.10990660832022 10
      vertex -12.579800211886452 8.335565032633074 10
    endloop
  endfacet
  facet normal 0 0 1
    outer loop
      vertex -12.75467248048516 10.467489188700151 10
      vertex -12.579800211886452 8.335565032633074 10
      vertex -12.34034141824117 8.538730688931953 10
    endloop
  endfacet
  facet normal 0 0 1
    outer loop
      vertex -12.75467248048516 10.467489188700151 10
      vertex -12.34034141824117 8.538730688931953 10
      vertex -12.082121967494443 8.717446980885054 10
    endloop
  endfacet
  facet normal 0 0 1
    outer loop
      vertex -13.719248602991996 9.166908844823435 10
      vertex -12.579800211886452 8.335565032633074 10
      vertex -12.75467248048516 10.467489188700151 10
    endloop
  endfacet
  facet normal 0 0 1
    outer loop
      vertex -12.75467248048516 10.467489188700151 10
      vertex -12.082121967494443 8.717446980885054 10
      vertex -11.807628654114069 8.869992772904602 10
    endloop
  endfacet
  facet normal 0 0 1
    outer loop
      vertex -12.75467248048516 10.467489188700151 10
      vertex -11.807628654114069 8.869992772904602 10
      vertex -11.51950499876121 8.994898965623442 10
    endloop
  endfacet
  facet normal 0 0 1
    outer loop
      vertex -11.667261889578034 11.667261889578034 10
      vertex -11.51950499876121 8.994898965623442 10
      vertex -11.22052578974133 9.09096264412502 10
    endloop
  endfacet
  facet normal 0 0 1
    outer loop
      vertex -11.667261889578034 11.667261889578034 10
      vertex -11.22052578974133 9.09096264412502 10
      vertex -10.913570360275948 9.157258662671612 10
    endloop
  endfacet
  facet normal 0 0 1
    outer loop
      vertex -11.667261889578034 11.667261889578034 10
      vertex -10.913570360275948 9.157258662671612 10
      vertex -10.60159485894972 9.193148554363532 10
    endloop
  endfacet
  facet normal 0 0 1
    outer loop
      vertex -11.667261889578034 11.667261889578034 10
      vertex -10.60159485894972 9.193148554363532 10
      vertex -10.287603780383579 9.198286679924369 10
    endloop
  endfacet
  facet normal 0 0 1
    outer loop
      vertex -12.75467248048516 10.467489188700151 10
      vertex -11.51950499876121 8.994898965623442 10
      vertex -11.667261889578034 11.667261889578034 10
    endloop
  endfacet
  facet normal 0 0 1
    outer loop
      vertex -11.667261889578034 11.667261889578034 10
      vertex -10.287603780383579 9.198286679924369 10
      vertex -10.467489188700151 12.75467248048516 10
    endloop
  endfacet
  facet normal 0 0 1
    outer loop
      vertex -10.467489188700151 12.75467248048516 10
      vertex -9.665660803703267 9.116406333687467 10
      vertex -9.363698556443147 9.030176414384337 10
    endloop
  endfacet
  facet normal 0 0 1
    outer loop
      vertex -10.467489188700151 12.75467248048516 10
      vertex -9.363698556443147 9.030176414384337 10
      vertex -9.0716423500392 8.914764239747763 10
    endloop
  endfacet
  facet normal 0 0 1
    outer loop
      vertex -9.166908844823435 13.719248602991996 10
      vertex -8.528376215436296 8.60110939069317 10
      vertex -8.282398237093043 8.405887383932727 10
    endloop
  endfacet
  facet normal 0 0 1
    outer loop
      vertex -10.467489188700151 12.75467248048516 10
      vertex -10.287603780383579 9.198286679924369 10
      vertex -9.974621030309097 9.172623556396193 10
    endloop
  endfacet
  facet normal 0 0 1
    outer loop
      vertex -10.467489188700151 12.75467248048516 10
      vertex -9.974621030309097 9.172623556396193 10
      vertex -9.665660803703267 9.116406333687467 10
    endloop
  endfacet
  facet normal 0 0 1
    outer loop
      vertex -10.467489188700151 12.75467248048516 10
      vertex -9.0716423500392 8.914764239747763 10
      vertex -9.166908844823435 13.719248602991996 10
    endloop
  endfacet
  facet normal 0 0 1
    outer loop
      vertex -9.166908844823435 13.719248602991996 10
      vertex -9.0716423500392 8.914764239747763 10
      vertex -8.792304845413264 8.771281292110203 10
    endloop
  endfacet
  facet normal 0 0 1
    outer loop
      vertex -9.166908844823435 13.719248602991996 10
      vertex -8.792304845413264 8.771281292110203 10
      vertex -8.528376215436296 8.60110939069317 10
    endloop
  endfacet
  facet normal 0 0 1
    outer loop
      vertex -9.166908844823435 13.719248602991996 10
      vertex -8.282398237093043 8.405887383932727 10
      vertex -7.778046157628961 14.55170086174786 10
    endloop
  endfacet
  facet normal 0 0 1
    outer loop
      vertex -7.9537647916384175 -4.252566909396593 10
      vertex -8.204809478940076 3.664434967366926 10
      vertex -8.444268272585356 3.461269311068047 10
    endloop
  endfacet
  facet normal 0 0 1
    outer loop
      vertex -7.794228634059947 -4.5 10
      vertex -7.986417461480536 3.89009339167978 10
      vertex -8.204809478940076 3.664434967366926 10
    endloop
  endfacet
  facet normal 0 0 1
    outer loop
      vertex -7.659713370649736 -4.761878910586816 10
      vertex -7.791195454720095 4.136071370023033 10
      vertex -7.986417461480536 3.89009339167978 10
    endloop
  endfacet
  facet normal 0 0 1
    outer loop
      vertex -7.659713370649736 -4.761878910586816 10
      vertex -7.62102355330306 4.4 10
      vertex -7.791195454720095 4.136071370023033 10
    endloop
  endfacet
  facet normal 0 0 1
    outer loop
      vertex -7.659713370649736 -4.761878910586816 10
      vertex -7.477540605665501 4.679337504625937 10
      vertex -7.62102355330306 4.4 10
    endloop
  endfacet
  facet normal 0 0 1
    outer loop
      vertex -7.551514456927947 -5.035681604090515 10
      vertex -7.362128431028926 4.971393711029883 10
      vertex -7.477540605665501 4.679337504625937 10
    endloop
  endfacet
  facet normal 0 0 1
    outer loop
      vertex -6.314276634023981 -15.24401228643623 10
      vertex -6.314276634023981 15.24401228643623 10
      vertex -7.219681289017069 5.582316184895834 10
    endloop
  endfacet
  facet normal 0 0 1
    outer loop
      vertex -4.789697174698628 -15.789515539581446 10
      vertex -4.789697174698628 15.789515539581446 10
      vertex -6.314276634023981 15.24401228643623 10
    endloop
  endfacet
  facet normal 0 0 1
    outer loop
      vertex -4.789697174698628 15.789515539581446 10
      vertex -3.9807389066887877 -0.3920685613182424 10
      vertex -4 0 10
    endloop
  endfacet
  facet normal 0 0 1
    outer loop
      vertex -4.789697174698628 15.789515539581446 10
      vertex -4 0 10
      vertex -3.9807389066887877 0.3920685613182424 10
    endloop
  endfacet
  facet normal 0 0 1
    outer loop
      vertex -4.789697174698628 15.789515539581446 10
      vertex -3.9807389066887877 0.3920685613182424 10
      vertex -3.9231411216129217 0.780361288064513 10
    endloop
  endfacet
  facet normal 0 0 1
    outer loop
      vertex -4.789697174698628 15.789515539581446 10
      vertex -3.9231411216129217 0.780361288064513 10
      vertex -3.8277613429288353 1.1611387090178493 10
    endloop
  endfacet
  facet normal 0 0 1
    outer loop
      vertex -4.789697174698628 15.789515539581446 10
      vertex -3.8277613429288353 1.1611387090178493 10
      vertex -3.695518130045147 1.5307337294603591 10
    endloop
  endfacet
  facet normal 0 0 1
    outer loop
      vertex -2.8284271247461903 2.8284271247461903 10
      vertex -2.537573136654582 3.092041813450948 10
      vertex -2.319031360088211 10.096820147509064 10
    endloop
  endfacet
  facet normal 0 0 1
    outer loop
      vertex -2.2222809320784087 3.325878449210181 10
      vertex -2.121320343559643 9.878679656440358 10
      vertex -2.537573136654582 3.092041813450948 10
    endloop
  endfacet
  facet normal 0 0 1
    outer loop
      vertex -4.789697174698628 15.789515539581446 10
      vertex -3.695518130045147 1.5307337294603591 10
      vertex -3.52768505739342 1.8855869473039906 10
    endloop
  endfacet
  facet normal 0 0 1
    outer loop
      vertex -4.789697174698628 15.789515539581446 10
      vertex -3.52768505739342 1.8855869473039906 10
      vertex -3.325878449210181 2.2222809320784087 10
    endloop
  endfacet
  facet normal 0 0 1
    outer loop
      vertex -4.789697174698628 15.789515539581446 10
      vertex -3.325878449210181 2.2222809320784087 10
      vertex -3.092041813450948 2.537573136654582 10
    endloop
  endfacet
  facet normal 0 0 1
    outer loop
      vertex -3.218990313266116 16.182957126653303 10
      vertex -3.092041813450948 2.537573136654582 10
      vertex -2.8284271247461903 2.8284271247461903 10
    endloop
  endfacet
  facet normal 0 0 1
    outer loop
      vertex -2.8284271247461903 2.8284271247461903 10
      vertex -2.4944088369076356 10.333289300941193 10
      vertex -2.6457637930450653 10.585809789522006 10
    endloop
  endfacet
  facet normal 0 0 1
    outer loop
      vertex -2.8284271247461903 2.8284271247461903 10
      vertex -2.6457637930450653 10.585809789522006 10
      vertex -2.77163859753386 10.851949702904731 10
    endloop
  endfacet
  facet normal 0 0 1
    outer loop
      vertex -2.319031360088211 10.096820147509064 10
      vertex -2.537573136654582 3.092041813450948 10
      vertex -2.121320343559643 9.878679656440358 10
    endloop
  endfacet
  facet normal 0 0 1
    outer loop
      vertex -1.9031798524909365 9.68096863991179 10
      vertex -2.121320343559643 9.878679656440358 10
      vertex -2.2222809320784087 3.325878449210181 10
    endloop
  endfacet
  facet normal 0 0 1
    outer loop
      vertex -2.8284271247461903 2.8284271247461903 10
      vertex -2.319031360088211 10.096820147509064 10
      vertex -2.4944088369076356 10.333289300941193 10
    endloop
  endfacet
  facet normal 0 0 1
    outer loop
      vertex -1.8855869473039906 3.52768505739342 10
      vertex -1.9031798524909365 9.68096863991179 10
      vertex -2.2222809320784087 3.325878449210181 10
    endloop
  endfacet
  facet normal 0 0 1
    outer loop
      vertex -1.6667106990588065 9.505591163092365 10
      vertex -1.8855869473039906 3.52768505739342 10
      vertex -1.5307337294603591 3.695518130045147 10
    endloop
  endfacet
  facet normal 0 0 1
    outer loop
      vertex -1.1611387090178493 3.8277613429288353 10
      vertex -1.4141902104779929 9.354236206954935 10
      vertex -1.5307337294603591 3.695518130045147 10
    endloop
  endfacet
  facet normal 0 0 1
    outer loop
      vertex -1.4141902104779929 9.354236206954935 10
      vertex -1.1611387090178493 3.8277613429288353 10
      vertex -0.780361288064513 3.9231411216129217 10
    endloop
  endfacet
  facet normal 0 0 1
    outer loop
      vertex -0.3920685613182424 3.9807389066887877 10
      vertex -0.5852709660483848 9.057644158790309 10
      vertex -0.780361288064513 3.9231411216129217 10
    endloop
  endfacet
  facet normal 0 0 1
    outer loop
      vertex 0 4 10
      vertex -0.2940514209886818 9.01444581998341 10
      vertex -0.3920685613182424 3.9807389066887877 10
    endloop
  endfacet
  facet normal 0 0 1
    outer loop
      vertex -1.8855869473039906 3.52768505739342 10
      vertex -1.6667106990588065 9.505591163092365 10
      vertex -1.9031798524909365 9.68096863991179 10
    endloop
  endfacet
  facet normal 0 0 1
    outer loop
      vertex -1.5307337294603591 3.695518130045147 10
      vertex -1.4141902104779929 9.354236206954935 10
      vertex -1.6667106990588065 9.505591163092365 10
    endloop
  endfacet
  facet normal 0 0 1
    outer loop
      vertex -0.780361288064513 3.9231411216129217 10
      vertex -1.1480502970952693 9.22836140246614 10
      vertex -1.4141902104779929 9.354236206954935 10
    endloop
  endfacet
  facet normal 0 0 1
    outer loop
      vertex -0.780361288064513 3.9231411216129217 10
      vertex -0.870854031763387 9.129178992803373 10
      vertex -1.1480502970952693 9.22836140246614 10
    endloop
  endfacet
  facet normal 0 0 1
    outer loop
      vertex -0.5852709660483848 9.057644158790309 10
      vertex -0.870854031763387 9.129178992803373 10
      vertex -0.780361288064513 3.9231411216129217 10
    endloop
  endfacet
  facet normal 0 0 1
    outer loop
      vertex -0.2940514209886818 9.01444581998341 10
      vertex -0.5852709660483848 9.057644158790309 10
      vertex -0.3920685613182424 3.9807389066887877 10
    endloop
  endfacet
  facet normal 0 0 1
    outer loop
      vertex 0 4 10
      vertex 0 9 10
      vertex -0.2940514209886818 9.01444581998341 10
    endloop
  endfacet
  facet normal -0.5141027441932227 0.8577286100002715 0
    outer loop
      vertex -7.778046157628961 14.55170086174786 0
      vertex -9.166908844823435 13.719248602991996 10
      vertex -7.778046157628961 14.55170086174786 10
    endloop
  endfacet
  facet normal -0.42755509343028114 0.9039892931234437 0
    outer loop
      vertex -6.314276634023981 15.24401228643623 0
      vertex -7.778046157628961 14.55170086174786 10
      vertex -6.314276634023981 15.24401228643623 10
    endloop
  endfacet
  facet normal -0.33688985339222005 0.9415440651830208 0
    outer loop
      vertex -4.789697174698628 15.789515539581446 0
      vertex -6.314276634023981 15.24401228643623 10
      vertex -4.789697174698628 15.789515539581446 10
    endloop
  endfacet
  facet normal -0.24298017990326445 0.9700312531945438 0
    outer loop
      vertex -3.218990313266116 16.182957126653303 0
      vertex -4.789697174698628 15.789515539581446 10
      vertex -3.218990313266116 16.182957126653303 10
    endloop
  endfacet
  facet normal -0.14673047445536275 0.9891765099647808 0
    outer loop
      vertex -1.6172828154377499 16.42054799009125 0
      vertex -3.218990313266116 16.182957126653303 10
      vertex -1.6172828154377499 16.42054799009125 10
    endloop
  endfacet
  facet normal -0.04906767432741669 0.9987954562051723 0
    outer loop
      vertex -1.6172828154377499 16.42054799009125 10
      vertex 0 16.5 10
      vertex 0 16.5 0
    endloop
  endfacet
  facet normal 0 0 1
    outer loop
      vertex -7.778046157628961 14.55170086174786 10
      vertex -8.05673981278019 8.187495366473188 10
      vertex -7.8535741564813115 7.948036572827906 10
    endloop
  endfacet
  facet normal 0 0 1
    outer loop
      vertex -7.778046157628961 14.55170086174786 10
      vertex -7.8535741564813115 7.948036572827906 10
      vertex -7.67485786452821 7.689817122081178 10
    endloop
  endfacet
  facet normal 0 0 1
    outer loop
      vertex -7.778046157628961 14.55170086174786 10
      vertex -7.52231207250866 7.415323808700804 10
      vertex -7.397405879789821 7.127200153347947 10
    endloop
  endfacet
  facet normal 0 0 1
    outer loop
      vertex -7.778046157628961 14.55170086174786 10
      vertex -7.67485786452821 7.689817122081178 10
      vertex -7.52231207250866 7.415323808700804 10
    endloop
  endfacet
  facet normal 0 0 1
    outer loop
      vertex -6.314276634023981 15.24401228643623 10
      vertex -7.194018165488893 5.895298934970316 10
      vertex -7.219681289017069 5.582316184895834 10
    endloop
  endfacet
  facet normal 0 0 1
    outer loop
      vertex -6.314276634023981 15.24401228643623 10
      vertex -7.19915629104973 6.209290013536457 10
      vertex -7.194018165488893 5.895298934970316 10
    endloop
  endfacet
  facet normal 0 0 1
    outer loop
      vertex -6.314276634023981 15.24401228643623 10
      vertex -7.397405879789821 7.127200153347947 10
      vertex -7.301342201288244 6.828220944328066 10
    endloop
  endfacet
  facet normal 0 0 1
    outer loop
      vertex -6.314276634023981 15.24401228643623 10
      vertex -7.23504618274165 6.521265514862684 10
      vertex -7.19915629104973 6.209290013536457 10
    endloop
  endfacet
  facet normal 0 0 1
    outer loop
      vertex -6.314276634023981 15.24401228643623 10
      vertex -7.301342201288244 6.828220944328066 10
      vertex -7.23504618274165 6.521265514862684 10
    endloop
  endfacet
  facet normal 0 0 1
    outer loop
      vertex -7.778046157628961 14.55170086174786 10
      vertex -8.282398237093043 8.405887383932727 10
      vertex -8.05673981278019 8.187495366473188 10
    endloop
  endfacet
  facet normal 0 0 1
    outer loop
      vertex -7.778046157628961 14.55170086174786 10
      vertex -7.397405879789821 7.127200153347947 10
      vertex -6.314276634023981 15.24401228643623 10
    endloop
  endfacet
  facet normal 0 0 1
    outer loop
      vertex -2.8284271247461903 2.8284271247461903 10
      vertex -2.8708210071966267 11.129145968236614 10
      vertex -2.9423558412096913 11.414729033951616 10
    endloop
  endfacet
  facet normal 0 0 1
    outer loop
      vertex -2.8284271247461903 2.8284271247461903 10
      vertex -2.9423558412096913 11.414729033951616 10
      vertex -2.9855541800165906 11.705948579011318 10
    endloop
  endfacet
  facet normal 0 0 1
    outer loop
      vertex -2.8284271247461903 2.8284271247461903 10
      vertex -2.77163859753386 10.851949702904731 10
      vertex -2.8708210071966267 11.129145968236614 10
    endloop
  endfacet
  facet normal 0 0 1
    outer loop
      vertex -2.8284271247461903 2.8284271247461903 10
      vertex -2.9855541800165906 11.705948579011318 10
      vertex -3 12 10
    endloop
  endfacet
  facet normal 0 0 1
    outer loop
      vertex -4.789697174698628 15.789515539581446 10
      vertex -3.092041813450948 2.537573136654582 10
      vertex -3.218990313266116 16.182957126653303 10
    endloop
  endfacet
  facet normal 0 0 1
    outer loop
      vertex -3.218990313266116 16.182957126653303 10
      vertex -2.8284271247461903 2.8284271247461903 10
      vertex -3 12 10
    endloop
  endfacet
  facet normal 0 0 1
    outer loop
      vertex -3.218990313266116 16.182957126653303 10
      vertex -3 12 10
      vertex -2.9855541800165906 12.294051420988682 10
    endloop
  endfacet
  facet normal 0 0 1
    outer loop
      vertex -3.218990313266116 16.182957126653303 10
      vertex -2.9855541800165906 12.294051420988682 10
      vertex -2.9423558412096913 12.585270966048384 10
    endloop
  endfacet
  facet normal 0 0 1
    outer loop
      vertex -3.218990313266116 16.182957126653303 10
      vertex -2.9423558412096913 12.585270966048384 10
      vertex -2.8708210071966267 12.870854031763386 10
    endloop
  endfacet
  facet normal 0 0 1
    outer loop
      vertex -3.218990313266116 16.182957126653303 10
      vertex -2.8708210071966267 12.870854031763386 10
      vertex -2.77163859753386 13.148050297095269 10
    endloop
  endfacet
  facet normal 0 0 1
    outer loop
      vertex -3.218990313266116 16.182957126653303 10
      vertex -2.77163859753386 13.148050297095269 10
      vertex -2.6457637930450653 13.414190210477994 10
    endloop
  endfacet
  facet normal 0 0 1
    outer loop
      vertex -3.218990313266116 16.182957126653303 10
      vertex -2.6457637930450653 13.414190210477994 10
      vertex -2.4944088369076356 13.666710699058807 10
    endloop
  endfacet
  facet normal 0 0 1
    outer loop
      vertex -3.218990313266116 16.182957126653303 10
      vertex -2.4944088369076356 13.666710699058807 10
      vertex -2.319031360088211 13.903179852490936 10
    endloop
  endfacet
  facet normal 0 0 1
    outer loop
      vertex -3.218990313266116 16.182957126653303 10
      vertex -2.319031360088211 13.903179852490936 10
      vertex -2.121320343559643 14.121320343559642 10
    endloop
  endfacet
  facet normal 0 0 1
    outer loop
      vertex -3.218990313266116 16.182957126653303 10
      vertex -2.121320343559643 14.121320343559642 10
      vertex -1.9031798524909365 14.31903136008821 10
    endloop
  endfacet
  facet normal 0 0 1
    outer loop
      vertex -3.218990313266116 16.182957126653303 10
      vertex -1.9031798524909365 14.31903136008821 10
      vertex -1.6667106990588065 14.494408836907635 10
    endloop
  endfacet
  facet normal 0 0 1
    outer loop
      vertex -3.218990313266116 16.182957126653303 10
      vertex -1.6667106990588065 14.494408836907635 10
      vertex -1.4141902104779929 14.645763793045065 10
    endloop
  endfacet
  facet normal 0 0 1
    outer loop
      vertex -3.218990313266116 16.182957126653303 10
      vertex -1.4141902104779929 14.645763793045065 10
      vertex -1.6172828154377499 16.42054799009125 10
    endloop
  endfacet
  facet normal 0 0 1
    outer loop
      vertex -1.6172828154377499 16.42054799009125 10
      vertex -1.4141902104779929 14.645763793045065 10
      vertex -1.1480502970952693 14.77163859753386 10
    endloop
  endfacet
  facet normal 0 0 1
    outer loop
      vertex -1.6172828154377499 16.42054799009125 10
      vertex -1.1480502970952693 14.77163859753386 10
      vertex -0.870854031763387 14.870821007196627 10
    endloop
  endfacet
  facet normal 0 0 1
    outer loop
      vertex -1.6172828154377499 16.42054799009125 10
      vertex -0.870854031763387 14.870821007196627 10
      vertex -0.5852709660483848 14.942355841209691 10
    endloop
  endfacet
  facet normal 0 0 1
    outer loop
      vertex -1.6172828154377499 16.42054799009125 10
      vertex -0.5852709660483848 14.942355841209691 10
      vertex 0 16.5 10
    endloop
  endfacet
  facet normal 0 0 1
    outer loop
      vertex 0 16.5 10
      vertex -0.5852709660483848 14.942355841209691 10
      vertex -0.2940514209886818 14.98555418001659 10
    endloop
  endfacet
  facet normal 0 0 1
    outer loop
      vertex 0 16.5 10
      vertex -0.2940514209886818 14.98555418001659 10
      vertex 0 15 10
    endloop
  endfacet
  facet normal 0 0 -1
    outer loop
      vertex 0 -16.5 0
      vertex 0 -15.2 0
      vertex 0.31365484905459395 -15.18459112535103 0
    endloop
  endfacet
  facet normal 0 0 -1
    outer loop
      vertex 0 -16.5 0
      vertex 0.31365484905459395 -15.18459112535103 0
      vertex 0.6242890304516104 -15.138512897290337 0
    endloop
  endfacet
  facet normal 0 0 -1
    outer loop
      vertex 0 -16.5 0
      vertex 0.6242890304516104 -15.138512897290337 0
      vertex 1.6172828154377499 -16.42054799009125 0
    endloop
  endfacet
  facet normal 0 0 -1
    outer loop
      vertex 1.6172828154377499 -16.42054799009125 0
      vertex 0.6242890304516104 -15.138512897290337 0
      vertex 0.9289109672142795 -15.062209074343068 0
    endloop
  endfacet
  facet normal 0 0 -1
    outer loop
      vertex 1.6172828154377499 -16.42054799009125 0
      vertex 0.9289109672142795 -15.062209074343068 0
      vertex 1.2245869835682874 -14.956414504036118 0
    endloop
  endfacet
  facet normal 0 0 -1
    outer loop
      vertex 1.6172828154377499 -16.42054799009125 0
      vertex 1.2245869835682874 -14.956414504036118 0
      vertex 1.5084695578431926 -14.822148045914737 0
    endloop
  endfacet
  facet normal 0 0 -1
    outer loop
      vertex 1.6172828154377499 -16.42054799009125 0
      vertex 1.5084695578431926 -14.822148045914737 0
      vertex 1.777824745662727 -14.660702759368146 0
    endloop
  endfacet
  facet normal 0 0 -1
    outer loop
      vertex 1.6172828154377499 -16.42054799009125 0
      vertex 1.777824745662727 -14.660702759368146 0
      vertex 3.218990313266116 -16.182957126653303 0
    endloop
  endfacet
  facet normal 0 0 -1
    outer loop
      vertex 3.218990313266116 -16.182957126653303 0
      vertex 1.777824745662727 -14.660702759368146 0
      vertex 2.030058509323666 -14.473633450760758 0
    endloop
  endfacet
  facet normal 0 0 -1
    outer loop
      vertex 3.218990313266116 -16.182957126653303 0
      vertex 2.030058509323666 -14.473633450760758 0
      vertex 2.2627416997969525 -14.262741699796953 0
    endloop
  endfacet
  facet normal 0 0 -1
    outer loop
      vertex 3.218990313266116 -16.182957126653303 0
      vertex 2.2627416997969525 -14.262741699796953 0
      vertex 2.4736334507607585 -14.030058509323666 0
    endloop
  endfacet
  facet normal 0 0 -1
    outer loop
      vertex 3.218990313266116 -16.182957126653303 0
      vertex 2.4736334507607585 -14.030058509323666 0
      vertex 2.660702759368145 -13.777824745662727 0
    endloop
  endfacet
  facet normal 0 0 -1
    outer loop
      vertex 3.218990313266116 -16.182957126653303 0
      vertex 2.660702759368145 -13.777824745662727 0
      vertex 2.8221480459147363 -13.508469557843192 0
    endloop
  endfacet
  facet normal 0 0 -1
    outer loop
      vertex 3.218990313266116 -16.182957126653303 0
      vertex 2.8221480459147363 -13.508469557843192 0
      vertex 2.956414504036118 -13.224586983568287 0
    endloop
  endfacet
  facet normal 0 0 -1
    outer loop
      vertex 3.218990313266116 -16.182957126653303 0
      vertex 2.956414504036118 -13.224586983568287 0
      vertex 3.0622090743430683 -12.928910967214279 0
    endloop
  endfacet
  facet normal 0 0 -1
    outer loop
      vertex 3.218990313266116 -16.182957126653303 0
      vertex 3.0622090743430683 -12.928910967214279 0
      vertex 3.1385128972903376 -12.62428903045161 0
    endloop
  endfacet
  facet normal 0 0 -1
    outer loop
      vertex 3.218990313266116 -16.182957126653303 0
      vertex 3.1385128972903376 -12.62428903045161 0
      vertex 3.18459112535103 -12.313654849054593 0
    endloop
  endfacet
  facet normal 0 0 -1
    outer loop
      vertex 3.218990313266116 -16.182957126653303 0
      vertex 3.18459112535103 -12.313654849054593 0
      vertex 3.2 -12 0
    endloop
  endfacet
  facet normal 0 0 -1
    outer loop
      vertex 3.218990313266116 -16.182957126653303 0
      vertex 3.75 -6.495190528383289 0
      vertex 4.789697174698628 -15.789515539581446 0
    endloop
  endfacet
  facet normal 0 0 -1
    outer loop
      vertex 3.218990313266116 -16.182957126653303 0
      vertex 3.2 -12 0
      vertex 3.75 -6.495190528383289 0
    endloop
  endfacet
  facet normal 0 0 -1
    outer loop
      vertex 3.75 -6.495190528383289 0
      vertex 1.777824745662727 -9.339297240631854 0
      vertex 1.5084695578431926 -9.177851954085263 0
    endloop
  endfacet
  facet normal 0 0 -1
    outer loop
      vertex 1.777824745662727 -9.339297240631854 0
      vertex 3.75 -6.495190528383289 0
      vertex 2.030058509323666 -9.526366549239242 0
    endloop
  endfacet
  facet normal 0 0 -1
    outer loop
      vertex 3.75 -6.495190528383289 0
      vertex 2.8221480459147363 -10.491530442156808 0
      vertex 2.660702759368145 -10.222175254337273 0
    endloop
  endfacet
  facet normal 0 0 -1
    outer loop
      vertex 3.75 -6.495190528383289 0
      vertex 2.660702759368145 -10.222175254337273 0
      vertex 2.4736334507607585 -9.969941490676334 0
    endloop
  endfacet
  facet normal 0 0 -1
    outer loop
      vertex 3.75 -6.495190528383289 0
      vertex 2.2627416997969525 -9.737258300203047 0
      vertex 2.030058509323666 -9.526366549239242 0
    endloop
  endfacet
  facet normal 0 0 -1
    outer loop
      vertex 3.75 -6.495190528383289 0
      vertex 2.4736334507607585 -9.969941490676334 0
      vertex 2.2627416997969525 -9.737258300203047 0
    endloop
  endfacet
  facet normal 0 0 -1
    outer loop
      vertex 3.75 -6.495190528383289 0
      vertex 3.2 -12 0
      vertex 3.18459112535103 -11.686345150945407 0
    endloop
  endfacet
  facet normal 0 0 -1
    outer loop
      vertex 3.75 -6.495190528383289 0
      vertex 3.18459112535103 -11.686345150945407 0
      vertex 3.1385128972903376 -11.37571096954839 0
    endloop
  endfacet
  facet normal 0 0 -1
    outer loop
      vertex 3.75 -6.495190528383289 0
      vertex 3.1385128972903376 -11.37571096954839 0
      vertex 3.0622090743430683 -11.071089032785721 0
    endloop
  endfacet
  facet normal 0 0 -1
    outer loop
      vertex 3.75 -6.495190528383289 0
      vertex 3.0622090743430683 -11.071089032785721 0
      vertex 2.956414504036118 -10.775413016431713 0
    endloop
  endfacet
  facet normal 0 0 -1
    outer loop
      vertex 3.75 -6.495190528383289 0
      vertex 2.956414504036118 -10.775413016431713 0
      vertex 2.8221480459147363 -10.491530442156808 0
    endloop
  endfacet
  facet normal 0 0 -1
    outer loop
      vertex 4.789697174698628 -15.789515539581446 0
      vertex 7.5 0 0
      vertex 6.314276634023981 -15.24401228643623 0
    endloop
  endfacet
  facet normal 0 0 -1
    outer loop
      vertex 6.314276634023981 -15.24401228643623 0
      vertex 7.5 0 0
      vertex 7.778046157628961 -14.55170086174786 0
    endloop
  endfacet
  facet normal 0.04906767432741669 -0.9987954562051723 0
    outer loop
      vertex 0 -16.5 0
      vertex 1.6172828154377499 -16.42054799009125 0
      vertex 1.6172828154377499 -16.42054799009125 10
    endloop
  endfacet
  facet normal 0.14673047445536275 -0.9891765099647808 0
    outer loop
      vertex 1.6172828154377499 -16.42054799009125 0
      vertex 3.218990313266116 -16.182957126653303 0
      vertex 3.218990313266116 -16.182957126653303 10
    endloop
  endfacet
  facet normal 0.24298017990326445 -0.9700312531945438 0
    outer loop
      vertex 3.218990313266116 -16.182957126653303 0
      vertex 4.789697174698628 -15.789515539581446 0
      vertex 4.789697174698628 -15.789515539581446 10
    endloop
  endfacet
  facet normal 0.33688985339222005 -0.9415440651830208 0
    outer loop
      vertex 4.789697174698628 -15.789515539581446 0
      vertex 6.314276634023981 -15.24401228643623 0
      vertex 6.314276634023981 -15.24401228643623 10
    endloop
  endfacet
  facet normal 0.42755509343028114 -0.9039892931234437 0
    outer loop
      vertex 6.314276634023981 -15.24401228643623 0
      vertex 7.778046157628961 -14.55170086174786 0
      vertex 7.778046157628961 -14.55170086174786 10
    endloop
  endfacet
  facet normal 0 0 -1
    outer loop
      vertex -1.5084695578431926 -9.177851954085263 0
      vertex 3.75 -6.495190528383289 0
      vertex -1.2245869835682874 -9.043585495963882 0
    endloop
  endfacet
  facet normal 0 0 -1
    outer loop
      vertex 3.75 -6.495190528383289 0
      vertex -0.9289109672142795 -8.937790925656932 0
      vertex -1.2245869835682874 -9.043585495963882 0
    endloop
  endfacet
  facet normal 0 0 -1
    outer loop
      vertex 3.75 -6.495190528383289 0
      vertex -0.6242890304516104 -8.861487102709663 0
      vertex -0.9289109672142795 -8.937790925656932 0
    endloop
  endfacet
  facet normal 0 0 -1
    outer loop
      vertex 3.75 -6.495190528383289 0
      vertex -0.31365484905459395 -8.81540887464897 0
      vertex -0.6242890304516104 -8.861487102709663 0
    endloop
  endfacet
  facet normal 0 0 -1
    outer loop
      vertex 3.75 -6.495190528383289 0
      vertex 0 -8.8 0
      vertex -0.31365484905459395 -8.81540887464897 0
    endloop
  endfacet
  facet normal 0 0 -1
    outer loop
      vertex 3.75 -6.495190528383289 0
      vertex 0.31365484905459395 -8.81540887464897 0
      vertex 0 -8.8 0
    endloop
  endfacet
  facet normal 0 0 -1
    outer loop
      vertex 0.31365484905459395 -8.81540887464897 0
      vertex 3.75 -6.495190528383289 0
      vertex 0.6242890304516104 -8.861487102709663 0
    endloop
  endfacet
  facet normal 0 0 -1
    outer loop
      vertex 3.75 -6.495190528383289 0
      vertex 0.9289109672142795 -8.937790925656932 0
      vertex 0.6242890304516104 -8.861487102709663 0
    endloop
  endfacet
  facet normal 0 0 -1
    outer loop
      vertex 3.75 -6.495190528383289 0
      vertex 1.2245869835682874 -9.043585495963882 0
      vertex 0.9289109672142795 -8.937790925656932 0
    endloop
  endfacet
  facet normal 0 0 -1
    outer loop
      vertex 3.75 -6.495190528383289 0
      vertex 1.5084695578431926 -9.177851954085263 0
      vertex 1.2245869835682874 -9.043585495963882 0
    endloop
  endfacet
  facet normal 0 0 -1
    outer loop
      vertex 4.789697174698628 -15.789515539581446 0
      vertex 3.75 -6.495190528383289 0
      vertex 7.5 0 0
    endloop
  endfacet
  facet normal 0 0 -1
    outer loop
      vertex 7.778046157628961 -14.55170086174786 0
      vertex 7.5 0 0
      vertex 7.791195454720095 4.136071370023033 0
    endloop
  endfacet
  facet normal 0 0 -1
    outer loop
      vertex 7.778046157628961 -14.55170086174786 0
      vertex 7.986417461480536 3.89009339167978 0
      vertex 8.204809478940076 3.664434967366926 0
    endloop
  endfacet
  facet normal 0 0 -1
    outer loop
      vertex 7.778046157628961 -14.55170086174786 0
      vertex 7.791195454720095 4.136071370023033 0
      vertex 7.986417461480536 3.89009339167978 0
    endloop
  endfacet
  facet normal 0 0 -1
    outer loop
      vertex 7.778046157628961 -14.55170086174786 0
      vertex 8.204809478940076 3.664434967366926 0
      vertex 8.444268272585356 3.461269311068047 0
    endloop
  endfacet
  facet normal 0 0 -1
    outer loop
      vertex 7.778046157628961 -14.55170086174786 0
      vertex 9.271416959743146 -7.278127672714262 0
      vertex 9.166908844823435 -13.719248602991996 0
    endloop
  endfacet
  facet normal 0 0 -1
    outer loop
      vertex 9.166908844823435 -13.719248602991996 0
      vertex 9.542304845413264 -7.472243186433546 0
      vertex 10.467489188700151 -12.75467248048516 0
    endloop
  endfacet
  facet normal 0 0 -1
    outer loop
      vertex 7.778046157628961 -14.55170086174786 0
      vertex 8.801264769925808 -6.598825081466097 0
      vertex 8.867621184807694 -6.751890773372303 0
    endloop
  endfacet
  facet normal 0 0 -1
    outer loop
      vertex 7.778046157628961 -14.55170086174786 0
      vertex 9.043604166918161 -7.034894429314825 0
      vertex 9.151535921826945 -7.1621069134388815 0
    endloop
  endfacet
  facet normal 0 0 -1
    outer loop
      vertex 7.778046157628961 -14.55170086174786 0
      vertex 9.151535921826945 -7.1621069134388815 0
      vertex 9.271416959743146 -7.278127672714262 0
    endloop
  endfacet
  facet normal 0 0 -1
    outer loop
      vertex 7.778046157628961 -14.55170086174786 0
      vertex 8.94866113681808 -6.897715346105625 0
      vertex 9.043604166918161 -7.034894429314825 0
    endloop
  endfacet
  facet normal 0 0 -1
    outer loop
      vertex 7.778046157628961 -14.55170086174786 0
      vertex 8.867621184807694 -6.751890773372303 0
      vertex 8.94866113681808 -6.897715346105625 0
    endloop
  endfacet
  facet normal 0 0 -1
    outer loop
      vertex 9.166908844823435 -13.719248602991996 0
      vertex 9.271416959743146 -7.278127672714262 0
      vertex 9.402092760738 -7.381839363805746 0
    endloop
  endfacet
  facet normal 0 0 -1
    outer loop
      vertex 7.778046157628961 -14.55170086174786 0
      vertex 8.750230940721847 -6.439992376674286 0
      vertex 8.801264769925808 -6.598825081466097 0
    endloop
  endfacet
  facet normal 0 0 -1
    outer loop
      vertex 7.778046157628961 -14.55170086174786 0
      vertex 8.715011180868968 -6.2769223047708005 0
      vertex 8.750230940721847 -6.439992376674286 0
    endloop
  endfacet
  facet normal 0 0 -1
    outer loop
      vertex 7.778046157628961 -14.55170086174786 0
      vertex 8.695944675907636 -6.111185319691243 0
      vertex 8.715011180868968 -6.2769223047708005 0
    endloop
  endfacet
  facet normal 0 0 -1
    outer loop
      vertex 7.778046157628961 -14.55170086174786 0
      vertex 8.693215046703441 -5.94437755920298 0
      vertex 8.695944675907636 -6.111185319691243 0
    endloop
  endfacet
  facet normal 0 0 -1
    outer loop
      vertex 7.778046157628961 -14.55170086174786 0
      vertex 8.706848581077786 -5.778105473225912 0
      vertex 8.693215046703441 -5.94437755920298 0
    endloop
  endfacet
  facet normal 0 0 -1
    outer loop
      vertex 9.166908844823435 -13.719248602991996 0
      vertex 9.402092760738 -7.381839363805746 0
      vertex 9.542304845413264 -7.472243186433546 0
    endloop
  endfacet
  facet normal 0 0 -1
    outer loop
      vertex 10.467489188700151 -12.75467248048516 0
      vertex 9.690702894745792 -7.548468502365999 0
      vertex 9.845857754397889 -7.60978122014168 0
    endloop
  endfacet
  facet normal 0 0 -1
    outer loop
      vertex 10.467489188700151 -12.75467248048516 0
      vertex 9.845857754397889 -7.60978122014168 0
      vertex 10.006275198254828 -7.655590864771467 0
    endloop
  endfacet
  facet normal 0 0 -1
    outer loop
      vertex 10.467489188700151 -12.75467248048516 0
      vertex 10.006275198254828 -7.655590864771467 0
      vertex 10.170410318639178 -7.685456264335478 0
    endloop
  endfacet
  facet normal 0 0 -1
    outer loop
      vertex 10.467489188700151 -12.75467248048516 0
      vertex 9.542304845413264 -7.472243186433546 0
      vertex 9.690702894745792 -7.548468502365999 0
    endloop
  endfacet
  facet normal 0 0 -1
    outer loop
      vertex 10.467489188700151 -12.75467248048516 0
      vertex 10.832297222087547 -7.642073904691416 0
      vertex 11.667261889578034 -11.667261889578034 0
    endloop
  endfacet
  facet normal 0 0 -1
    outer loop
      vertex 10.467489188700151 -12.75467248048516 0
      vertex 10.170410318639178 -7.685456264335478 0
      vertex 10.336682404616244 -7.699089798709822 0
    endloop
  endfacet
  facet normal 0 0 -1
    outer loop
      vertex 10.467489188700151 -12.75467248048516 0
      vertex 10.336682404616244 -7.699089798709822 0
      vertex 10.503490165104505 -7.696360169505626 0
    endloop
  endfacet
  facet normal 0 0 -1
    outer loop
      vertex 10.467489188700151 -12.75467248048516 0
      vertex 10.503490165104505 -7.696360169505626 0
      vertex 10.669227150184065 -7.677293664544295 0
    endloop
  endfacet
  facet normal 0 0 -1
    outer loop
      vertex 10.467489188700151 -12.75467248048516 0
      vertex 10.669227150184065 -7.677293664544295 0
      vertex 10.832297222087547 -7.642073904691416 0
    endloop
  endfacet
  facet normal 0 0 -1
    outer loop
      vertex 11.667261889578034 -11.667261889578034 0
      vertex 10.832297222087547 -7.642073904691416 0
      vertex 10.99112992687936 -7.591040075487453 0
    endloop
  endfacet
  facet normal 0 0 -1
    outer loop
      vertex 11.667261889578034 -11.667261889578034 0
      vertex 10.99112992687936 -7.591040075487453 0
      vertex 11.144195618785565 -7.52468366060557 0
    endloop
  endfacet
  facet normal 0 0 -1
    outer loop
      vertex 11.667261889578034 -11.667261889578034 0
      vertex 11.940773347779261 -6.701601950667471 0
      vertex 12.75467248048516 -10.467489188700151 0
    endloop
  endfacet
  facet normal 0 0 -1
    outer loop
      vertex 11.667261889578034 -11.667261889578034 0
      vertex 11.144195618785565 -7.52468366060557 0
      vertex 11.290020191518888 -7.443643708595184 0
    endloop
  endfacet
  facet normal 0 0 -1
    outer loop
      vertex 11.667261889578034 -11.667261889578034 0
      vertex 11.290020191518888 -7.443643708595184 0
      vertex 11.427199274728087 -7.348700678495099 0
    endloop
  endfacet
  facet normal 0 0 -1
    outer loop
      vertex 11.667261889578034 -11.667261889578034 0
      vertex 11.427199274728087 -7.348700678495099 0
      vertex 11.554411758852146 -7.24076892358632 0
    endloop
  endfacet
  facet normal 0 0 -1
    outer loop
      vertex 11.667261889578034 -11.667261889578034 0
      vertex 11.554411758852146 -7.24076892358632 0
      vertex 11.670432518127525 -7.120887885670117 0
    endloop
  endfacet
  facet normal 0 0 -1
    outer loop
      vertex 11.667261889578034 -11.667261889578034 0
      vertex 11.670432518127525 -7.120887885670117 0
      vertex 11.774144209219008 -6.990212084675263 0
    endloop
  endfacet
  facet normal 0 0 -1
    outer loop
      vertex 11.667261889578034 -11.667261889578034 0
      vertex 11.774144209219008 -6.990212084675263 0
      vertex 11.864548031846809 -6.85 0
    endloop
  endfacet
  facet normal 0 0 -1
    outer loop
      vertex 11.667261889578034 -11.667261889578034 0
      vertex 11.864548031846809 -6.85 0
      vertex 11.940773347779261 -6.701601950667471 0
    endloop
  endfacet
  facet normal 0.5141027441932227 -0.8577286100002715 0
    outer loop
      vertex 7.778046157628961 -14.55170086174786 0
      vertex 9.166908844823435 -13.719248602991996 0
      vertex 9.166908844823435 -13.719248602991996 10
    endloop
  endfacet
  facet normal 0.5956993044924325 -0.8032075314806454 0
    outer loop
      vertex 9.166908844823435 -13.719248602991996 0
      vertex 10.467489188700151 -12.75467248048516 0
      vertex 10.467489188700151 -12.75467248048516 10
    endloop
  endfacet
  facet normal 0.6715589548470187 -0.7409511253549589 0
    outer loop
      vertex 10.467489188700151 -12.75467248048516 0
      vertex 11.667261889578034 -11.667261889578034 0
      vertex 11.667261889578034 -11.667261889578034 10
    endloop
  endfacet
  facet normal 0.7409511253549589 -0.6715589548470187 0
    outer loop
      vertex 11.667261889578034 -11.667261889578034 0
      vertex 12.75467248048516 -10.467489188700151 0
      vertex 11.667261889578034 -11.667261889578034 10
    endloop
  endfacet
  facet normal 0.8032075314806454 -0.5956993044924325 0
    outer loop
      vertex 12.75467248048516 -10.467489188700151 0
      vertex 13.719248602991996 -9.166908844823435 0
      vertex 12.75467248048516 -10.467489188700151 10
    endloop
  endfacet
  facet normal 0.8577286100002715 -0.5141027441932227 0
    outer loop
      vertex 13.719248602991996 -9.166908844823435 0
      vertex 14.55170086174786 -7.778046157628961 0
      vertex 13.719248602991996 -9.166908844823435 10
    endloop
  endfacet
  facet normal 0 0 -1
    outer loop
      vertex 7.778046157628961 -14.55170086174786 0
      vertex 8.702487723332085 3.282553019114947 0
      vertex 8.706848581077786 -5.778105473225912 0
    endloop
  endfacet
  facet normal 0 0 -1
    outer loop
      vertex 12.75467248048516 -10.467489188700151 0
      vertex 11.940773347779261 -6.701601950667471 0
      vertex 12.002086065554943 -6.5464470910153745 0
    endloop
  endfacet
  facet normal 0 0 -1
    outer loop
      vertex 12.75467248048516 -10.467489188700151 0
      vertex 12.002086065554943 -6.5464470910153745 0
      vertex 12.047895710184731 -6.386029647158435 0
    endloop
  endfacet
  facet normal 0 0 -1
    outer loop
      vertex 12.75467248048516 -10.467489188700151 0
      vertex 12.047895710184731 -6.386029647158435 0
      vertex 12.07776110974874 -6.221894526774088 0
    endloop
  endfacet
  facet normal 0 0 -1
    outer loop
      vertex 12.75467248048516 -10.467489188700151 0
      vertex 12.07776110974874 -6.221894526774088 0
      vertex 12.091394644123085 -6.05562244079702 0
    endloop
  endfacet
  facet normal 0 0 -1
    outer loop
      vertex 12.75467248048516 -10.467489188700151 0
      vertex 12.08866501491889 -5.888814680308757 0
      vertex 12.069598509957558 -5.7230776952291995 0
    endloop
  endfacet
  facet normal 0 0 -1
    outer loop
      vertex 12.75467248048516 -10.467489188700151 0
      vertex 12.091394644123085 -6.05562244079702 0
      vertex 12.08866501491889 -5.888814680308757 0
    endloop
  endfacet
  facet normal 0 0 -1
    outer loop
      vertex 7.778046157628961 -14.55170086174786 0
      vertex 8.444268272585356 3.461269311068047 0
      vertex 8.702487723332085 3.282553019114947 0
    endloop
  endfacet
  facet normal 0 0 -1
    outer loop
      vertex 8.702487723332085 3.282553019114947 0
      vertex 8.736713980641795 -5.613970352841565 0
      vertex 8.706848581077786 -5.778105473225912 0
    endloop
  endfacet
  facet normal 0 0 -1
    outer loop
      vertex 8.702487723332085 3.282553019114947 0
      vertex 8.782523625271583 -5.4535529089846255 0
      vertex 8.736713980641795 -5.613970352841565 0
    endloop
  endfacet
  facet normal 0 0 -1
    outer loop
      vertex 8.702487723332085 3.282553019114947 0
      vertex 8.843836343047265 -5.298398049332529 0
      vertex 8.782523625271583 -5.4535529089846255 0
    endloop
  endfacet
  facet normal 0 0 -1
    outer loop
      vertex 8.702487723332085 3.282553019114947 0
      vertex 8.920061658979717 -5.15 0
      vertex 8.843836343047265 -5.298398049332529 0
    endloop
  endfacet
  facet normal 0 0 -1
    outer loop
      vertex 8.702487723332085 3.282553019114947 0
      vertex 9.010465481607518 -5.009787915324737 0
      vertex 8.920061658979717 -5.15 0
    endloop
  endfacet
  facet normal 0 0 -1
    outer loop
      vertex 8.702487723332085 3.282553019114947 0
      vertex 9.114177172699002 -4.879112114329883 0
      vertex 9.010465481607518 -5.009787915324737 0
    endloop
  endfacet
  facet normal 0 0 -1
    outer loop
      vertex 9.114177172699002 -4.879112114329883 0
      vertex 9.265104692065316 3.005101034376558 0
      vertex 9.23019793197438 -4.75923107641368 0
    endloop
  endfacet
  facet normal 0 0 -1
    outer loop
      vertex 9.265104692065316 3.005101034376558 0
      vertex 9.357410416098439 -4.651299321504901 0
      vertex 9.23019793197438 -4.75923107641368 0
    endloop
  endfacet
  facet normal 0 0 -1
    outer loop
      vertex 9.357410416098439 -4.651299321504901 0
      vertex 9.265104692065316 3.005101034376558 0
      vertex 9.494589499307638 -4.556356291404816 0
    endloop
  endfacet
  facet normal 0 0 -1
    outer loop
      vertex 9.494589499307638 -4.556356291404816 0
      vertex 10.183014831876806 2.806851445636469 0
      vertex 9.640414072040961 -4.47531633939443 0
    endloop
  endfacet
  facet normal 0 0 -1
    outer loop
      vertex 10.183014831876806 2.806851445636469 0
      vertex 9.793479763947166 -4.408959924512547 0
      vertex 9.640414072040961 -4.47531633939443 0
    endloop
  endfacet
  facet normal 0 0 -1
    outer loop
      vertex 10.183014831876806 2.806851445636469 0
      vertex 9.95231246873898 -4.357926095308584 0
      vertex 9.793479763947166 -4.408959924512547 0
    endloop
  endfacet
  facet normal 0 0 -1
    outer loop
      vertex 10.183014831876806 2.806851445636469 0
      vertex 10.115382540642461 -4.322706335455705 0
      vertex 9.95231246873898 -4.357926095308584 0
    endloop
  endfacet
  facet normal 0 0 -1
    outer loop
      vertex 10.281119525722021 -4.303639830494374 0
      vertex 10.115382540642461 -4.322706335455705 0
      vertex 10.183014831876806 2.806851445636469 0
    endloop
  endfacet
  facet normal 0 0 -1
    outer loop
      vertex 10.281119525722021 -4.303639830494374 0
      vertex 10.183014831876806 2.806851445636469 0
      vertex 10.447927286210282 -4.300910201290178 0
    endloop
  endfacet
  facet normal 0 0 -1
    outer loop
      vertex 11.712967340787326 3.0852357602522376 0
      vertex 11.51319273108338 -4.721872327285738 0
      vertex 11.382516930088526 -4.618160636194254 0
    endloop
  endfacet
  facet normal 0 0 -1
    outer loop
      vertex 11.633073768999582 -4.8378930865611185 0
      vertex 11.712967340787326 3.0852357602522376 0
      vertex 11.741005523908363 -4.965105570685175 0
    endloop
  endfacet
  facet normal 0 0 -1
    outer loop
      vertex 11.712967340787326 3.0852357602522376 0
      vertex 11.633073768999582 -4.8378930865611185 0
      vertex 11.51319273108338 -4.721872327285738 0
    endloop
  endfacet
  facet normal 0 0 -1
    outer loop
      vertex 11.835948554008446 -5.102284653894375 0
      vertex 11.741005523908363 -4.965105570685175 0
      vertex 11.992304845413264 3.2287187078897963 0
    endloop
  endfacet
  facet normal 0 0 -1
    outer loop
      vertex 11.916988506018832 -5.248109226627697 0
      vertex 11.835948554008446 -5.102284653894375 0
      vertex 12.25623347539023 3.398890609306831 0
    endloop
  endfacet
  facet normal 0 0 -1
    outer loop
      vertex 12.931035534345215 4.051963427172094 0
      vertex 12.069598509957558 -5.7230776952291995 0
      vertex 12.034378750104679 -5.560007623325714 0
    endloop
  endfacet
  facet normal 0 0 -1
    outer loop
      vertex 11.916988506018832 -5.248109226627697 0
      vertex 12.931035534345215 4.051963427172094 0
      vertex 11.983344920900718 -5.401174918533903 0
    endloop
  endfacet
  facet normal 0 0 -1
    outer loop
      vertex 12.931035534345215 4.051963427172094 0
      vertex 12.034378750104679 -5.560007623325714 0
      vertex 11.983344920900718 -5.401174918533903 0
    endloop
  endfacet
  facet normal 0 0 -1
    outer loop
      vertex 10.447927286210282 -4.300910201290178 0
      vertex 10.497005910442947 2.8017133200756303 0
      vertex 10.61419937218735 -4.314543735664522 0
    endloop
  endfacet
  facet normal 0 0 -1
    outer loop
      vertex 10.61419937218735 -4.314543735664522 0
      vertex 10.80998866051743 2.8273764436038067 0
      vertex 10.778334492571698 -4.344409135228533 0
    endloop
  endfacet
  facet normal 0 0 -1
    outer loop
      vertex 10.778334492571698 -4.344409135228533 0
      vertex 11.42091113438338 2.969823585615662 0
      vertex 10.938751936428638 -4.39021877985832 0
    endloop
  endfacet
  facet normal 0 0 -1
    outer loop
      vertex 10.938751936428638 -4.39021877985832 0
      vertex 11.42091113438338 2.969823585615662 0
      vertex 11.093906796080734 -4.451531497634001 0
    endloop
  endfacet
  facet normal 0 0 -1
    outer loop
      vertex 11.093906796080734 -4.451531497634001 0
      vertex 11.42091113438338 2.969823585615662 0
      vertex 11.242304845413264 -4.527756813566454 0
    endloop
  endfacet
  facet normal 0 0 -1
    outer loop
      vertex 11.712967340787326 3.0852357602522376 0
      vertex 11.382516930088526 -4.618160636194254 0
      vertex 11.242304845413264 -4.527756813566454 0
    endloop
  endfacet
  facet normal 0 0 -1
    outer loop
      vertex 12.75467248048516 -10.467489188700151 0
      vertex 13.549563508084876 5.478734485137316 0
      vertex 13.719248602991996 -9.166908844823435 0
    endloop
  endfacet
  facet normal 0 0 -1
    outer loop
      vertex 12.75467248048516 -10.467489188700151 0
      vertex 12.069598509957558 -5.7230776952291995 0
      vertex 12.931035534345215 4.051963427172094 0
    endloop
  endfacet
  facet normal 0 0 -1
    outer loop
      vertex 13.719248602991996 -9.166908844823435 0
      vertex 14.55170086174786 7.778046157628961 0
      vertex 14.55170086174786 -7.778046157628961 0
    endloop
  endfacet
  facet normal 0 0 -1
    outer loop
      vertex 12.75467248048516 -10.467489188700151 0
      vertex 12.931035534345215 4.051963427172094 0
      vertex 13.109751826298316 4.310182877918822 0
    endloop
  endfacet
  facet normal 0 0 -1
    outer loop
      vertex 12.75467248048516 -10.467489188700151 0
      vertex 13.109751826298316 4.310182877918822 0
      vertex 13.262297618317866 4.584676191299196 0
    endloop
  endfacet
  facet normal 0 0 -1
    outer loop
      vertex 12.75467248048516 -10.467489188700151 0
      vertex 13.262297618317866 4.584676191299196 0
      vertex 13.387203811036706 4.872799846652053 0
    endloop
  endfacet
  facet normal 0 0 -1
    outer loop
      vertex 12.75467248048516 -10.467489188700151 0
      vertex 13.387203811036706 4.872799846652053 0
      vertex 13.483267489538282 5.171779055671934 0
    endloop
  endfacet
  facet normal 0 0 -1
    outer loop
      vertex 14.55170086174786 -7.778046157628961 0
      vertex 15.24401228643623 6.314276634023981 0
      vertex 15.24401228643623 -6.314276634023981 0
    endloop
  endfacet
  facet normal 0 0 -1
    outer loop
      vertex 15.24401228643623 -6.314276634023981 0
      vertex 15.789515539581446 4.789697174698628 0
      vertex 15.789515539581446 -4.789697174698628 0
    endloop
  endfacet
  facet normal 0 0 -1
    outer loop
      vertex 15.789515539581446 -4.789697174698628 0
      vertex 16.182957126653303 3.218990313266116 0
      vertex 16.182957126653303 -3.218990313266116 0
    endloop
  endfacet
  facet normal 0 0 -1
    outer loop
      vertex 16.182957126653303 -3.218990313266116 0
      vertex 16.42054799009125 1.6172828154377499 0
      vertex 16.42054799009125 -1.6172828154377499 0
    endloop
  endfacet
  facet normal 0.9039892931234437 -0.42755509343028114 0
    outer loop
      vertex 14.55170086174786 -7.778046157628961 0
      vertex 15.24401228643623 -6.314276634023981 0
      vertex 14.55170086174786 -7.778046157628961 10
    endloop
  endfacet
  facet normal 0.9415440651830208 -0.33688985339222005 0
    outer loop
      vertex 15.24401228643623 -6.314276634023981 0
      vertex 15.789515539581446 -4.789697174698628 0
      vertex 15.24401228643623 -6.314276634023981 10
    endloop
  endfacet
  facet normal 0.9700312531945438 -0.24298017990326445 0
    outer loop
      vertex 15.789515539581446 -4.789697174698628 0
      vertex 16.182957126653303 -3.218990313266116 0
      vertex 15.789515539581446 -4.789697174698628 10
    endloop
  endfacet
  facet normal 0.9891765099647808 -0.14673047445536275 0
    outer loop
      vertex 16.182957126653303 -3.218990313266116 0
      vertex 16.42054799009125 -1.6172828154377499 0
      vertex 16.182957126653303 -3.218990313266116 10
    endloop
  endfacet
  facet normal 0.9987954562051723 -0.04906767432741669 0
    outer loop
      vertex 16.42054799009125 -1.6172828154377499 0
      vertex 16.5 0 0
      vertex 16.42054799009125 -1.6172828154377499 10
    endloop
  endfacet
  facet normal 0.04906767432741669 -0.9987954562051723 0
    outer loop
      vertex 0 -16.5 0
      vertex 1.6172828154377499 -16.42054799009125 10
      vertex 0 -16.5 10
    endloop
  endfacet
  facet normal 0.14673047445536275 -0.9891765099647808 0
    outer loop
      vertex 1.6172828154377499 -16.42054799009125 0
      vertex 3.218990313266116 -16.182957126653303 10
      vertex 1.6172828154377499 -16.42054799009125 10
    endloop
  endfacet
  facet normal 0.24298017990326445 -0.9700312531945438 0
    outer loop
      vertex 3.218990313266116 -16.182957126653303 0
      vertex 4.789697174698628 -15.789515539581446 10
      vertex 3.218990313266116 -16.182957126653303 10
    endloop
  endfacet
  facet normal 0.33688985339222005 -0.9415440651830208 0
    outer loop
      vertex 4.789697174698628 -15.789515539581446 0
      vertex 6.314276634023981 -15.24401228643623 10
      vertex 4.789697174698628 -15.789515539581446 10
    endloop
  endfacet
  facet normal 0.42755509343028114 -0.9039892931234437 0
    outer loop
      vertex 6.314276634023981 -15.24401228643623 0
      vertex 7.778046157628961 -14.55170086174786 10
      vertex 6.314276634023981 -15.24401228643623 10
    endloop
  endfacet
  facet normal 0.5141027441932227 -0.8577286100002715 0
    outer loop
      vertex 7.778046157628961 -14.55170086174786 0
      vertex 9.166908844823435 -13.719248602991996 10
      vertex 7.778046157628961 -14.55170086174786 10
    endloop
  endfacet
  facet normal 0 0 1
    outer loop
      vertex 0 -16.5 10
      vertex 0.31365484905459395 -15.18459112535103 10
      vertex 0 -15.2 10
    endloop
  endfacet
  facet normal 0 0 1
    outer loop
      vertex 0 -16.5 10
      vertex 0.6242890304516104 -15.138512897290337 10
      vertex 0.31365484905459395 -15.18459112535103 10
    endloop
  endfacet
  facet normal 0 0 1
    outer loop
      vertex 0 -16.5 10
      vertex 1.6172828154377499 -16.42054799009125 10
      vertex 0.6242890304516104 -15.138512897290337 10
    endloop
  endfacet
  facet normal 0 0 1
    outer loop
      vertex 1.6172828154377499 -16.42054799009125 10
      vertex 0.9289109672142795 -15.062209074343068 10
      vertex 0.6242890304516104 -15.138512897290337 10
    endloop
  endfacet
  facet normal 0 0 1
    outer loop
      vertex 1.6172828154377499 -16.42054799009125 10
      vertex 1.2245869835682874 -14.956414504036118 10
      vertex 0.9289109672142795 -15.062209074343068 10
    endloop
  endfacet
  facet normal 0 0 1
    outer loop
      vertex 1.6172828154377499 -16.42054799009125 10
      vertex 1.5084695578431926 -14.822148045914737 10
      vertex 1.2245869835682874 -14.956414504036118 10
    endloop
  endfacet
  facet normal 0 0 1
    outer loop
      vertex 1.6172828154377499 -16.42054799009125 10
      vertex 3.218990313266116 -16.182957126653303 10
      vertex 1.5084695578431926 -14.822148045914737 10
    endloop
  endfacet
  facet normal 0 0 1
    outer loop
      vertex 3.218990313266116 -16.182957126653303 10
      vertex 1.777824745662727 -14.660702759368146 10
      vertex 1.5084695578431926 -14.822148045914737 10
    endloop
  endfacet
  facet normal 0 0 1
    outer loop
      vertex 3.218990313266116 -16.182957126653303 10
      vertex 2.030058509323666 -14.473633450760758 10
      vertex 1.777824745662727 -14.660702759368146 10
    endloop
  endfacet
  facet normal 0 0 1
    outer loop
      vertex 3.218990313266116 -16.182957126653303 10
      vertex 2.2627416997969525 -14.262741699796953 10
      vertex 2.030058509323666 -14.473633450760758 10
    endloop
  endfacet
  facet normal 0 0 1
    outer loop
      vertex 3.218990313266116 -16.182957126653303 10
      vertex 2.4736334507607585 -14.030058509323666 10
      vertex 2.2627416997969525 -14.262741699796953 10
    endloop
  endfacet
  facet normal 0 0 1
    outer loop
      vertex 3.218990313266116 -16.182957126653303 10
      vertex 2.660702759368145 -13.777824745662727 10
      vertex 2.4736334507607585 -14.030058509323666 10
    endloop
  endfacet
  facet normal 0 0 1
    outer loop
      vertex 3.218990313266116 -16.182957126653303 10
      vertex 2.8221480459147363 -13.508469557843192 10
      vertex 2.660702759368145 -13.777824745662727 10
    endloop
  endfacet
  facet normal 0 0 1
    outer loop
      vertex 3.218990313266116 -16.182957126653303 10
      vertex 2.956414504036118 -13.224586983568287 10
      vertex 2.8221480459147363 -13.508469557843192 10
    endloop
  endfacet
  facet normal 0 0 1
    outer loop
      vertex 3.218990313266116 -16.182957126653303 10
      vertex 3.0622090743430683 -12.928910967214279 10
      vertex 2.956414504036118 -13.224586983568287 10
    endloop
  endfacet
  facet normal 0 0 1
    outer loop
      vertex 3.218990313266116 -16.182957126653303 10
      vertex 3.1385128972903376 -12.62428903045161 10
      vertex 3.0622090743430683 -12.928910967214279 10
    endloop
  endfacet
  facet normal 0 0 1
    outer loop
      vertex 3.218990313266116 -16.182957126653303 10
      vertex 3.18459112535103 -12.313654849054593 10
      vertex 3.1385128972903376 -12.62428903045161 10
    endloop
  endfacet
  facet normal 0 0 1
    outer loop
      vertex 3.218990313266116 -16.182957126653303 10
      vertex 3.2 -12 10
      vertex 3.18459112535103 -12.313654849054593 10
    endloop
  endfacet
  facet normal 0 0 1
    outer loop
      vertex 3.218990313266116 -16.182957126653303 10
      vertex 4.789697174698628 -15.789515539581446 10
      vertex 3.325878449210181 -2.2222809320784087 10
    endloop
  endfacet
  facet normal 0 0 1
    outer loop
      vertex 3.218990313266116 -16.182957126653303 10
      vertex 3.325878449210181 -2.2222809320784087 10
      vertex 3.2 -12 10
    endloop
  endfacet
  facet normal 0 0 1
    outer loop
      vertex 3.325878449210181 -2.2222809320784087 10
      vertex 3.18459112535103 -11.686345150945407 10
      vertex 3.2 -12 10
    endloop
  endfacet
  facet normal 0 0 1
    outer loop
      vertex 3.325878449210181 -2.2222809320784087 10
      vertex 3.1385128972903376 -11.37571096954839 10
      vertex 3.18459112535103 -11.686345150945407 10
    endloop
  endfacet
  facet normal 0 0 1
    outer loop
      vertex 7.778046157628961 -14.55170086174786 10
      vertex 7.701686620815199 -7.326866070657003 10
      vertex 7.584587065141287 -7.056750143763701 10
    endloop
  endfacet
  facet normal 0 0 1
    outer loop
      vertex 7.778046157628961 -14.55170086174786 10
      vertex 7.584587065141287 -7.056750143763701 10
      vertex 7.494527366546059 -6.776457135307563 10
    endloop
  endfacet
  facet normal 0 0 1
    outer loop
      vertex 7.778046157628961 -14.55170086174786 10
      vertex 7.844698300833525 -7.584203551951104 10
      vertex 7.701686620815199 -7.326866070657003 10
    endloop
  endfacet
  facet normal 0 0 1
    outer loop
      vertex 7.778046157628961 -14.55170086174786 10
      vertex 8.012244824539557 -7.826284287026162 10
      vertex 7.844698300833525 -7.584203551951104 10
    endloop
  endfacet
  facet normal 0 0 1
    outer loop
      vertex 7.778046157628961 -14.55170086174786 10
      vertex 8.202712627319755 -8.050776906068615 10
      vertex 8.012244824539557 -7.826284287026162 10
    endloop
  endfacet
  facet normal 0 0 1
    outer loop
      vertex 7.778046157628961 -14.55170086174786 10
      vertex 7.494527366546059 -6.776457135307563 10
      vertex 7.432374849158627 -6.488686420183766 10
    endloop
  endfacet
  facet normal 0 0 1
    outer loop
      vertex 7.778046157628961 -14.55170086174786 10
      vertex 7.432374849158627 -6.488686420183766 10
      vertex 7.398728075697454 -6.19620938769043 10
    endloop
  endfacet
  facet normal 0 0 1
    outer loop
      vertex 0.31365484905459395 -8.81540887464897 10
      vertex 0.6242890304516104 -8.861487102709663 10
      vertex 0.3920685613182424 -3.9807389066887877 10
    endloop
  endfacet
  facet normal 0 0 1
    outer loop
      vertex 0.6242890304516104 -8.861487102709663 10
      vertex 0.9289109672142795 -8.937790925656932 10
      vertex 0.780361288064513 -3.9231411216129217 10
    endloop
  endfacet
  facet normal 0 0 1
    outer loop
      vertex 0.780361288064513 -3.9231411216129217 10
      vertex 0.9289109672142795 -8.937790925656932 10
      vertex 1.2245869835682874 -9.043585495963882 10
    endloop
  endfacet
  facet normal 0 0 1
    outer loop
      vertex 0 -8.8 10
      vertex 0.31365484905459395 -8.81540887464897 10
      vertex 0 -4 10
    endloop
  endfacet
  facet normal 0 0 1
    outer loop
      vertex 1.5084695578431926 -9.177851954085263 10
      vertex 0.780361288064513 -3.9231411216129217 10
      vertex 1.2245869835682874 -9.043585495963882 10
    endloop
  endfacet
  facet normal 0 0 1
    outer loop
      vertex 1.777824745662727 -9.339297240631854 10
      vertex 1.5307337294603591 -3.695518130045147 10
      vertex 1.5084695578431926 -9.177851954085263 10
    endloop
  endfacet
  facet normal 0 0 1
    outer loop
      vertex 1.777824745662727 -9.339297240631854 10
      vertex 2.030058509323666 -9.526366549239242 10
      vertex 1.8855869473039906 -3.52768505739342 10
    endloop
  endfacet
  facet normal 0 0 1
    outer loop
      vertex 0.31365484905459395 -8.81540887464897 10
      vertex 0.3920685613182424 -3.9807389066887877 10
      vertex 0 -4 10
    endloop
  endfacet
  facet normal 0 0 1
    outer loop
      vertex 0.6242890304516104 -8.861487102709663 10
      vertex 0.780361288064513 -3.9231411216129217 10
      vertex 0.3920685613182424 -3.9807389066887877 10
    endloop
  endfacet
  facet normal 0 0 1
    outer loop
      vertex 1.5084695578431926 -9.177851954085263 10
      vertex 1.1611387090178493 -3.8277613429288353 10
      vertex 0.780361288064513 -3.9231411216129217 10
    endloop
  endfacet
  facet normal 0 0 1
    outer loop
      vertex 1.5084695578431926 -9.177851954085263 10
      vertex 1.5307337294603591 -3.695518130045147 10
      vertex 1.1611387090178493 -3.8277613429288353 10
    endloop
  endfacet
  facet normal 0 0 1
    outer loop
      vertex 1.777824745662727 -9.339297240631854 10
      vertex 1.8855869473039906 -3.52768505739342 10
      vertex 1.5307337294603591 -3.695518130045147 10
    endloop
  endfacet
  facet normal 0 0 1
    outer loop
      vertex 2.030058509323666 -9.526366549239242 10
      vertex 2.2222809320784087 -3.325878449210181 10
      vertex 1.8855869473039906 -3.52768505739342 10
    endloop
  endfacet
  facet normal 0 0 1
    outer loop
      vertex 2.537573136654582 -3.092041813450948 10
      vertex 2.4736334507607585 -9.969941490676334 10
      vertex 2.660702759368145 -10.222175254337273 10
    endloop
  endfacet
  facet normal 0 0 1
    outer loop
      vertex 2.030058509323666 -9.526366549239242 10
      vertex 2.2627416997969525 -9.737258300203047 10
      vertex 2.2222809320784087 -3.325878449210181 10
    endloop
  endfacet
  facet normal 0 0 1
    outer loop
      vertex 2.537573136654582 -3.092041813450948 10
      vertex 2.2627416997969525 -9.737258300203047 10
      vertex 2.4736334507607585 -9.969941490676334 10
    endloop
  endfacet
  facet normal 0 0 1
    outer loop
      vertex 2.537573136654582 -3.092041813450948 10
      vertex 2.8221480459147363 -10.491530442156808 10
      vertex 2.956414504036118 -10.775413016431713 10
    endloop
  endfacet
  facet normal 0 0 1
    outer loop
      vertex 2.537573136654582 -3.092041813450948 10
      vertex 2.660702759368145 -10.222175254337273 10
      vertex 2.8221480459147363 -10.491530442156808 10
    endloop
  endfacet
  facet normal 0 0 1
    outer loop
      vertex 3.325878449210181 -2.2222809320784087 10
      vertex 3.0622090743430683 -11.071089032785721 10
      vertex 3.1385128972903376 -11.37571096954839 10
    endloop
  endfacet
  facet normal 0 0 1
    outer loop
      vertex 3.325878449210181 -2.2222809320784087 10
      vertex 2.956414504036118 -10.775413016431713 10
      vertex 3.0622090743430683 -11.071089032785721 10
    endloop
  endfacet
  facet normal 0 0 1
    outer loop
      vertex 4.789697174698628 -15.789515539581446 10
      vertex 3.52768505739342 -1.8855869473039906 10
      vertex 3.325878449210181 -2.2222809320784087 10
    endloop
  endfacet
  facet normal 0 0 1
    outer loop
      vertex 4.789697174698628 -15.789515539581446 10
      vertex 3.695518130045147 -1.5307337294603591 10
      vertex 3.52768505739342 -1.8855869473039906 10
    endloop
  endfacet
  facet normal 0 0 1
    outer loop
      vertex 2.2222809320784087 -3.325878449210181 10
      vertex 2.2627416997969525 -9.737258300203047 10
      vertex 2.537573136654582 -3.092041813450948 10
    endloop
  endfacet
  facet normal 0 0 1
    outer loop
      vertex 2.956414504036118 -10.775413016431713 10
      vertex 2.8284271247461903 -2.8284271247461903 10
      vertex 2.537573136654582 -3.092041813450948 10
    endloop
  endfacet
  facet normal 0 0 1
    outer loop
      vertex 2.956414504036118 -10.775413016431713 10
      vertex 3.092041813450948 -2.537573136654582 10
      vertex 2.8284271247461903 -2.8284271247461903 10
    endloop
  endfacet
  facet normal 0 0 1
    outer loop
      vertex 2.956414504036118 -10.775413016431713 10
      vertex 3.325878449210181 -2.2222809320784087 10
      vertex 3.092041813450948 -2.537573136654582 10
    endloop
  endfacet
  facet normal 0 0 1
    outer loop
      vertex 4.789697174698628 -15.789515539581446 10
      vertex 3.8277613429288353 -1.1611387090178493 10
      vertex 3.695518130045147 -1.5307337294603591 10
    endloop
  endfacet
  facet normal 0 0 1
    outer loop
      vertex 4.789697174698628 -15.789515539581446 10
      vertex 3.9231411216129217 -0.780361288064513 10
      vertex 3.8277613429288353 -1.1611387090178493 10
    endloop
  endfacet
  facet normal 0 0 1
    outer loop
      vertex 4.789697174698628 -15.789515539581446 10
      vertex 3.9807389066887877 -0.3920685613182424 10
      vertex 3.9231411216129217 -0.780361288064513 10
    endloop
  endfacet
  facet normal 0 0 1
    outer loop
      vertex 4.789697174698628 -15.789515539581446 10
      vertex 4 0 10
      vertex 3.9807389066887877 -0.3920685613182424 10
    endloop
  endfacet
  facet normal 0 0 1
    outer loop
      vertex 4.789697174698628 -15.789515539581446 10
      vertex 3.9807389066887877 0.3920685613182424 10
      vertex 4 0 10
    endloop
  endfacet
  facet normal 0 0 1
    outer loop
      vertex 4.789697174698628 -15.789515539581446 10
      vertex 6.314276634023981 -15.24401228643623 10
      vertex 4.789697174698628 15.789515539581446 10
    endloop
  endfacet
  facet normal 0 0 1
    outer loop
      vertex 6.314276634023981 -15.24401228643623 10
      vertex 7.778046157628961 -14.55170086174786 10
      vertex 6.314276634023981 15.24401228643623 10
    endloop
  endfacet
  facet normal 0 0 1
    outer loop
      vertex 7.393911082984166 -5.901842751534671 10
      vertex 7.194018165488893 5.895298934970316 10
      vertex 7.398728075697454 -6.19620938769043 10
    endloop
  endfacet
  facet normal 0 0 1
    outer loop
      vertex 7.778046157628961 -14.55170086174786 10
      vertex 7.398728075697454 -6.19620938769043 10
      vertex 6.314276634023981 15.24401228643623 10
    endloop
  endfacet
  facet normal 0 0 1
    outer loop
      vertex 7.417970261291832 -5.608421423339845 10
      vertex 7.219681289017069 5.582316184895834 10
      vertex 7.393911082984166 -5.901842751534671 10
    endloop
  endfacet
  facet normal 0 0 1
    outer loop
      vertex 7.470673907581263 -5.31877121089688 10
      vertex 7.275898511725796 5.273355958290006 10
      vertex 7.417970261291832 -5.608421423339845 10
    endloop
  endfacet
  facet normal 0 0 1
    outer loop
      vertex 7.551514456927947 -5.035681604090515 10
      vertex 7.362128431028926 4.971393711029883 10
      vertex 7.470673907581263 -5.31877121089688 10
    endloop
  endfacet
  facet normal 0 0 1
    outer loop
      vertex 7.659713370649736 -4.761878910586816 10
      vertex 7.477540605665501 4.679337504625937 10
      vertex 7.551514456927947 -5.035681604090515 10
    endloop
  endfacet
  facet normal 0 0 1
    outer loop
      vertex 7.794228634059947 -4.5 10
      vertex 7.62102355330306 4.4 10
      vertex 7.659713370649736 -4.761878910586816 10
    endloop
  endfacet
  facet normal 0 0 1
    outer loop
      vertex 7.62102355330306 4.4 10
      vertex 7.794228634059947 -4.5 10
      vertex 7.9537647916384175 -4.252566909396593 10
    endloop
  endfacet
  facet normal 0 0 1
    outer loop
      vertex 7.62102355330306 4.4 10
      vertex 7.9537647916384175 -4.252566909396593 10
      vertex 8.136785422976331 -4.021962554699794 10
    endloop
  endfacet
  facet normal 0 0 1
    outer loop
      vertex 8.34152793934465 -3.810407781906493 10
      vertex 7.986417461480536 3.89009339167978 10
      vertex 8.136785422976331 -4.021962554699794 10
    endloop
  endfacet
  facet normal 0.5956993044924325 -0.8032075314806454 0
    outer loop
      vertex 9.166908844823435 -13.719248602991996 0
      vertex 10.467489188700151 -12.75467248048516 10
      vertex 9.166908844823435 -13.719248602991996 10
    endloop
  endfacet
  facet normal 0.6715589548470187 -0.7409511253549589 0
    outer loop
      vertex 10.467489188700151 -12.75467248048516 0
      vertex 11.667261889578034 -11.667261889578034 10
      vertex 10.467489188700151 -12.75467248048516 10
    endloop
  endfacet
  facet normal 0.7409511253549589 -0.6715589548470187 0
    outer loop
      vertex 12.75467248048516 -10.467489188700151 0
      vertex 12.75467248048516 -10.467489188700151 10
      vertex 11.667261889578034 -11.667261889578034 10
    endloop
  endfacet
  facet normal 0.8032075314806454 -0.5956993044924325 0
    outer loop
      vertex 13.719248602991996 -9.166908844823435 0
      vertex 13.719248602991996 -9.166908844823435 10
      vertex 12.75467248048516 -10.467489188700151 10
    endloop
  endfacet
  facet normal 0 0 1
    outer loop
      vertex 7.778046157628961 -14.55170086174786 10
      vertex 9.166908844823435 -13.719248602991996 10
      vertex 8.202712627319755 -8.050776906068615 10
    endloop
  endfacet
  facet normal 0 0 1
    outer loop
      vertex 9.166908844823435 -13.719248602991996 10
      vertex 9.15418375600008 -8.732591474763527 10
      vertex 8.892304845413264 -8.598076211353316 10
    endloop
  endfacet
  facet normal 0 0 1
    outer loop
      vertex 9.166908844823435 -13.719248602991996 10
      vertex 10.467489188700151 -12.75467248048516 10
      vertex 9.15418375600008 -8.732591474763527 10
    endloop
  endfacet
  facet normal 0 0 1
    outer loop
      vertex 9.166908844823435 -13.719248602991996 10
      vertex 8.644871754809856 -8.438540053774846 10
      vertex 8.414267400113058 -8.255519422436933 10
    endloop
  endfacet
  facet normal 0 0 1
    outer loop
      vertex 9.166908844823435 -13.719248602991996 10
      vertex 8.414267400113058 -8.255519422436933 10
      vertex 8.202712627319755 -8.050776906068615 10
    endloop
  endfacet
  facet normal 0 0 1
    outer loop
      vertex 9.166908844823435 -13.719248602991996 10
      vertex 8.892304845413264 -8.598076211353316 10
      vertex 8.644871754809856 -8.438540053774846 10
    endloop
  endfacet
  facet normal 0 0 1
    outer loop
      vertex 10.467489188700151 -12.75467248048516 10
      vertex 9.427986449503777 -8.840790388485317 10
      vertex 9.15418375600008 -8.732591474763527 10
    endloop
  endfacet
  facet normal 0 0 1
    outer loop
      vertex 10.467489188700151 -12.75467248048516 10
      vertex 9.711076056310144 -8.921630937832001 10
      vertex 9.427986449503777 -8.840790388485317 10
    endloop
  endfacet
  facet normal 0 0 1
    outer loop
      vertex 10.467489188700151 -12.75467248048516 10
      vertex 10.000726268753109 -8.974334584121431 10
      vertex 9.711076056310144 -8.921630937832001 10
    endloop
  endfacet
  facet normal 0 0 1
    outer loop
      vertex 10.467489188700151 -12.75467248048516 10
      vertex 10.294147596947935 -8.998393762429098 10
      vertex 10.000726268753109 -8.974334584121431 10
    endloop
  endfacet
  facet normal 0 0 1
    outer loop
      vertex 10.467489188700151 -12.75467248048516 10
      vertex 11.667261889578034 -11.667261889578034 10
      vertex 10.294147596947935 -8.998393762429098 10
    endloop
  endfacet
  facet normal 0 0 1
    outer loop
      vertex 11.667261889578034 -11.667261889578034 10
      vertex 12.75467248048516 -10.467489188700151 10
      vertex 11.449054989176963 -8.807717780271977 10
    endloop
  endfacet
  facet normal 0 0 1
    outer loop
      vertex 11.667261889578034 -11.667261889578034 10
      vertex 10.588514233103693 -8.99357676971581 10
      vertex 10.294147596947935 -8.998393762429098 10
    endloop
  endfacet
  facet normal 0 0 1
    outer loop
      vertex 11.667261889578034 -11.667261889578034 10
      vertex 10.880991265597029 -8.959929996254637 10
      vertex 10.588514233103693 -8.99357676971581 10
    endloop
  endfacet
  facet normal 0 0 1
    outer loop
      vertex 11.667261889578034 -11.667261889578034 10
      vertex 11.168761980720825 -8.897777478867205 10
      vertex 10.880991265597029 -8.959929996254637 10
    endloop
  endfacet
  facet normal 0 0 1
    outer loop
      vertex 11.667261889578034 -11.667261889578034 10
      vertex 11.449054989176963 -8.807717780271977 10
      vertex 11.168761980720825 -8.897777478867205 10
    endloop
  endfacet
  facet normal 0 0 1
    outer loop
      vertex 12.75467248048516 -10.467489188700151 10
      vertex 11.719170916070265 -8.690618224598063 10
      vertex 11.449054989176963 -8.807717780271977 10
    endloop
  endfacet
  facet normal 0 0 1
    outer loop
      vertex 12.75467248048516 -10.467489188700151 10
      vertex 11.976508397364366 -8.547606544579736 10
      vertex 11.719170916070265 -8.690618224598063 10
    endloop
  endfacet
  facet normal 0 0 1
    outer loop
      vertex 12.75467248048516 -10.467489188700151 10
      vertex 12.218589132439424 -8.380060020873705 10
      vertex 11.976508397364366 -8.547606544579736 10
    endloop
  endfacet
  facet normal 0 0 1
    outer loop
      vertex 12.75467248048516 -10.467489188700151 10
      vertex 12.443081751481877 -8.189592218093507 10
      vertex 12.218589132439424 -8.380060020873705 10
    endloop
  endfacet
  facet normal 0 0 1
    outer loop
      vertex 12.75467248048516 -10.467489188700151 10
      vertex 12.647824267850195 -7.978037445300206 10
      vertex 12.443081751481877 -8.189592218093507 10
    endloop
  endfacet
  facet normal 0 0 1
    outer loop
      vertex 12.75467248048516 -10.467489188700151 10
      vertex 13.719248602991996 -9.166908844823435 10
      vertex 12.647824267850195 -7.978037445300206 10
    endloop
  endfacet
  facet normal 0 0 1
    outer loop
      vertex 13.719248602991996 -9.166908844823435 10
      vertex 12.830844899188108 -7.747433090603407 10
      vertex 12.647824267850195 -7.978037445300206 10
    endloop
  endfacet
  facet normal 0.8577286100002715 -0.5141027441932227 0
    outer loop
      vertex 14.55170086174786 -7.778046157628961 0
      vertex 14.55170086174786 -7.778046157628961 10
      vertex 13.719248602991996 -9.166908844823435 10
    endloop
  endfacet
  facet normal 0.9039892931234437 -0.42755509343028114 0
    outer loop
      vertex 15.24401228643623 -6.314276634023981 0
      vertex 15.24401228643623 -6.314276634023981 10
      vertex 14.55170086174786 -7.778046157628961 10
    endloop
  endfacet
  facet normal 0.9415440651830208 -0.33688985339222005 0
    outer loop
      vertex 15.789515539581446 -4.789697174698628 0
      vertex 15.789515539581446 -4.789697174698628 10
      vertex 15.24401228643623 -6.314276634023981 10
    endloop
  endfacet
  facet normal 0.9700312531945438 -0.24298017990326445 0
    outer loop
      vertex 16.182957126653303 -3.218990313266116 0
      vertex 16.182957126653303 -3.218990313266116 10
      vertex 15.789515539581446 -4.789697174698628 10
    endloop
  endfacet
  facet normal 0.9891765099647808 -0.14673047445536275 0
    outer loop
      vertex 16.42054799009125 -1.6172828154377499 0
      vertex 16.42054799009125 -1.6172828154377499 10
      vertex 16.182957126653303 -3.218990313266116 10
    endloop
  endfacet
  facet normal 0.9987954562051723 -0.04906767432741669 0
    outer loop
      vertex 16.42054799009125 -1.6172828154377499 10
      vertex 16.5 0 0
      vertex 16.5 0 10
    endloop
  endfacet
  facet normal 0 0 1
    outer loop
      vertex 8.34152793934465 -3.810407781906493 10
      vertex 8.566020558387102 -3.6199399791262947 10
      vertex 7.986417461480536 3.89009339167978 10
    endloop
  endfacet
  facet normal 0 0 1
    outer loop
      vertex 8.80810129346216 -3.4523934554202635 10
      vertex 8.204809478940076 3.664434967366926 10
      vertex 8.566020558387102 -3.6199399791262947 10
    endloop
  endfacet
  facet normal 0 0 1
    outer loop
      vertex 8.80810129346216 -3.4523934554202635 10
      vertex 9.065438774756261 -3.3093817754019357 10
      vertex 8.702487723332085 3.282553019114947 10
    endloop
  endfacet
  facet normal 0 0 1
    outer loop
      vertex 9.335554701649563 -3.192282219728023 10
      vertex 8.976981036712457 3.130007227095397 10
      vertex 9.065438774756261 -3.3093817754019357 10
    endloop
  endfacet
  facet normal 0 0 1
    outer loop
      vertex 9.335554701649563 -3.192282219728023 10
      vertex 9.615847710105701 -3.1022225211327954 10
      vertex 9.265104692065316 3.005101034376558 10
    endloop
  endfacet
  facet normal 0 0 1
    outer loop
      vertex 9.615847710105701 -3.1022225211327954 10
      vertex 9.903618425229498 -3.040070003745363 10
      vertex 9.564083901085196 2.9090373558749807 10
    endloop
  endfacet
  facet normal 0 0 1
    outer loop
      vertex 10.196095457722834 -3.0064232302841893 10
      vertex 9.564083901085196 2.9090373558749807 10
      vertex 9.903618425229498 -3.040070003745363 10
    endloop
  endfacet
  facet normal 0 0 1
    outer loop
      vertex 10.196095457722834 -3.0064232302841893 10
      vertex 10.490462093878591 -3.0016062375709027 10
      vertex 10.183014831876806 2.806851445636469 10
    endloop
  endfacet
  facet normal 0 0 1
    outer loop
      vertex 10.490462093878591 -3.0016062375709027 10
      vertex 10.78388342207342 -3.0256654158785694 10
      vertex 10.497005910442947 2.8017133200756303 10
    endloop
  endfacet
  facet normal 0 0 1
    outer loop
      vertex 10.80998866051743 2.8273764436038067 10
      vertex 10.78388342207342 -3.0256654158785694 10
      vertex 11.073533634516384 -3.0783690621679995 10
    endloop
  endfacet
  facet normal 0 0 1
    outer loop
      vertex 11.356623241322747 -3.1592096115146835 10
      vertex 10.80998866051743 2.8273764436038067 10
      vertex 11.073533634516384 -3.0783690621679995 10
    endloop
  endfacet
  facet normal 0 0 1
    outer loop
      vertex 11.356623241322747 -3.1592096115146835 10
      vertex 11.630425934826448 -3.2674085252364726 10
      vertex 11.42091113438338 2.969823585615662 10
    endloop
  endfacet
  facet normal 0 0 1
    outer loop
      vertex 11.892304845413264 -3.401923788646684 10
      vertex 11.42091113438338 2.969823585615662 10
      vertex 11.630425934826448 -3.2674085252364726 10
    endloop
  endfacet
  facet normal 0 0 1
    outer loop
      vertex 11.992304845413264 3.2287187078897963 10
      vertex 11.892304845413264 -3.401923788646684 10
      vertex 12.139737936016669 -3.5614599462251544 10
    endloop
  endfacet
  facet normal 0 0 1
    outer loop
      vertex 11.992304845413264 3.2287187078897963 10
      vertex 12.139737936016669 -3.5614599462251544 10
      vertex 12.37034229071347 -3.7444805775630674 10
    endloop
  endfacet
  facet normal 0 0 1
    outer loop
      vertex 12.58189706350677 -3.9492230939313857 10
      vertex 11.992304845413264 3.2287187078897963 10
      vertex 12.37034229071347 -3.7444805775630674 10
    endloop
  endfacet
  facet normal 0 0 1
    outer loop
      vertex 13.719248602991996 -9.166908844823435 10
      vertex 12.990381056766578 -7.5 10
      vertex 12.830844899188108 -7.747433090603407 10
    endloop
  endfacet
  facet normal 0 0 1
    outer loop
      vertex 13.719248602991996 -9.166908844823435 10
      vertex 13.124896320176791 -7.238121089413184 10
      vertex 12.990381056766578 -7.5 10
    endloop
  endfacet
  facet normal 0 0 1
    outer loop
      vertex 13.719248602991996 -9.166908844823435 10
      vertex 13.23309523389858 -6.964318395909485 10
      vertex 13.124896320176791 -7.238121089413184 10
    endloop
  endfacet
  facet normal 0 0 1
    outer loop
      vertex 13.719248602991996 -9.166908844823435 10
      vertex 13.313935783245263 -6.68122878910312 10
      vertex 13.23309523389858 -6.964318395909485 10
    endloop
  endfacet
  facet normal 0 0 1
    outer loop
      vertex 13.719248602991996 -9.166908844823435 10
      vertex 13.366639429534695 -6.391578576660155 10
      vertex 13.313935783245263 -6.68122878910312 10
    endloop
  endfacet
  facet normal 0 0 1
    outer loop
      vertex 13.719248602991996 -9.166908844823435 10
      vertex 13.39069860784236 -6.098157248465329 10
      vertex 13.366639429534695 -6.391578576660155 10
    endloop
  endfacet
  facet normal 0 0 1
    outer loop
      vertex 13.719248602991996 -9.166908844823435 10
      vertex 13.385881615129072 -5.80379061230957 10
      vertex 13.39069860784236 -6.098157248465329 10
    endloop
  endfacet
  facet normal 0 0 1
    outer loop
      vertex 13.719248602991996 -9.166908844823435 10
      vertex 12.931035534345215 4.051963427172094 10
      vertex 13.385881615129072 -5.80379061230957 10
    endloop
  endfacet
  facet normal 0 0 1
    outer loop
      vertex 12.931035534345215 4.051963427172094 10
      vertex 13.352234841667899 -5.511313579816234 10
      vertex 13.385881615129072 -5.80379061230957 10
    endloop
  endfacet
  facet normal 0 0 1
    outer loop
      vertex 12.931035534345215 4.051963427172094 10
      vertex 13.290082324280467 -5.223542864692437 10
      vertex 13.352234841667899 -5.511313579816234 10
    endloop
  endfacet
  facet normal 0 0 1
    outer loop
      vertex 13.719248602991996 -9.166908844823435 10
      vertex 14.55170086174786 -7.778046157628961 10
      vertex 13.719248602991996 9.166908844823435 10
    endloop
  endfacet
  facet normal 0 0 1
    outer loop
      vertex 12.772364866286967 -4.173715712973838 10
      vertex 12.25623347539023 3.398890609306831 10
      vertex 12.58189706350677 -3.9492230939313857 10
    endloop
  endfacet
  facet normal 0 0 1
    outer loop
      vertex 12.939911389993002 -4.415796448048896 10
      vertex 12.931035534345215 4.051963427172094 10
      vertex 12.772364866286967 -4.173715712973838 10
    endloop
  endfacet
  facet normal 0 0 1
    outer loop
      vertex 12.931035534345215 4.051963427172094 10
      vertex 13.20002262568524 -4.943249856236299 10
      vertex 13.290082324280467 -5.223542864692437 10
    endloop
  endfacet
  facet normal 0 0 1
    outer loop
      vertex 12.931035534345215 4.051963427172094 10
      vertex 13.082923070011327 -4.673133929342997 10
      vertex 13.20002262568524 -4.943249856236299 10
    endloop
  endfacet
  facet normal 0 0 1
    outer loop
      vertex 12.931035534345215 4.051963427172094 10
      vertex 12.939911389993002 -4.415796448048896 10
      vertex 13.082923070011327 -4.673133929342997 10
    endloop
  endfacet
  facet normal 0 0 1
    outer loop
      vertex 13.719248602991996 -9.166908844823435 10
      vertex 13.109751826298316 4.310182877918822 10
      vertex 12.931035534345215 4.051963427172094 10
    endloop
  endfacet
  facet normal 0 0 1
    outer loop
      vertex 13.719248602991996 -9.166908844823435 10
      vertex 13.262297618317866 4.584676191299196 10
      vertex 13.109751826298316 4.310182877918822 10
    endloop
  endfacet
  facet normal 0 0 1
    outer loop
      vertex 14.55170086174786 -7.778046157628961 10
      vertex 15.24401228643623 -6.314276634023981 10
      vertex 14.55170086174786 7.778046157628961 10
    endloop
  endfacet
  facet normal 0 0 1
    outer loop
      vertex 15.24401228643623 -6.314276634023981 10
      vertex 15.789515539581446 -4.789697174698628 10
      vertex 15.24401228643623 6.314276634023981 10
    endloop
  endfacet
  facet normal 0 0 1
    outer loop
      vertex 15.789515539581446 -4.789697174698628 10
      vertex 16.182957126653303 -3.218990313266116 10
      vertex 15.789515539581446 4.789697174698628 10
    endloop
  endfacet
  facet normal 0 0 1
    outer loop
      vertex 16.182957126653303 -3.218990313266116 10
      vertex 16.42054799009125 -1.6172828154377499 10
      vertex 16.182957126653303 3.218990313266116 10
    endloop
  endfacet
  facet normal 0 0 -1
    outer loop
      vertex 3.75 6.495190528383289 0
      vertex -3.75 6.495190528383289 0
      vertex 0 10.3 0
    endloop
  endfacet
  facet normal 0 0 -1
    outer loop
      vertex 3.75 6.495190528383289 0
      vertex 7.791195454720095 4.136071370023033 0
      vertex 7.5 0 0
    endloop
  endfacet
  facet normal 0 0 -1
    outer loop
      vertex 7.362128431028926 4.971393711029883 0
      vertex 3.75 6.495190528383289 0
      vertex 7.275898511725796 5.273355958290006 0
    endloop
  endfacet
  facet normal 0 0 -1
    outer loop
      vertex 3.75 6.495190528383289 0
      vertex 7.219681289017069 5.582316184895834 0
      vertex 7.275898511725796 5.273355958290006 0
    endloop
  endfacet
  facet normal 0 0 -1
    outer loop
      vertex 3.75 6.495190528383289 0
      vertex 7.62102355330306 4.4 0
      vertex 7.791195454720095 4.136071370023033 0
    endloop
  endfacet
  facet normal 0 0 -1
    outer loop
      vertex 3.75 6.495190528383289 0
      vertex 7.477540605665501 4.679337504625937 0
      vertex 7.62102355330306 4.4 0
    endloop
  endfacet
  facet normal 0 0 -1
    outer loop
      vertex 3.75 6.495190528383289 0
      vertex 7.362128431028926 4.971393711029883 0
      vertex 7.477540605665501 4.679337504625937 0
    endloop
  endfacet
  facet normal 0 0 -1
    outer loop
      vertex 3.75 6.495190528383289 0
      vertex 0 10.3 0
      vertex 0.16662913856025302 10.308185964657266 0
    endloop
  endfacet
  facet normal 0 0 -1
    outer loop
      vertex 3.75 6.495190528383289 0
      vertex 0.16662913856025302 10.308185964657266 0
      vertex 0.33165354742741804 10.332665023314508 0
    endloop
  endfacet
  facet normal 0 0 -1
    outer loop
      vertex 3.75 6.495190528383289 0
      vertex 0.33165354742741804 10.332665023314508 0
      vertex 0.49348395133258594 10.373201429255245 0
    endloop
  endfacet
  facet normal 0 0 -1
    outer loop
      vertex 3.75 6.495190528383289 0
      vertex 0.49348395133258594 10.373201429255245 0
      vertex 0.6505618350206526 10.429404794730813 0
    endloop
  endfacet
  facet normal 0 0 -1
    outer loop
      vertex 3.75 6.495190528383289 0
      vertex 0.6505618350206526 10.429404794730813 0
      vertex 0.8013744526041959 10.500733850607796 0
    endloop
  endfacet
  facet normal 0 0 -1
    outer loop
      vertex 3.75 6.495190528383289 0
      vertex 0.8013744526041959 10.500733850607796 0
      vertex 0.9444693961333237 10.586501659085673 0
    endloop
  endfacet
  facet normal 0 0 -1
    outer loop
      vertex 3.75 6.495190528383289 0
      vertex 0.9444693961333237 10.586501659085673 0
      vertex 1.0784685830781973 10.685882229283347 0
    endloop
  endfacet
  facet normal 0 0 -1
    outer loop
      vertex 3.75 6.495190528383289 0
      vertex 1.0784685830781973 10.685882229283347 0
      vertex 1.2020815280171309 10.79791847198287 0
    endloop
  endfacet
  facet normal 0 0 -1
    outer loop
      vertex 3.75 6.495190528383289 0
      vertex 1.2020815280171309 10.79791847198287 0
      vertex 1.314117770716653 10.921531416921802 0
    endloop
  endfacet
  facet normal 0 0 -1
    outer loop
      vertex 3.75 6.495190528383289 0
      vertex 1.314117770716653 10.921531416921802 0
      vertex 1.413498340914327 11.055530603866677 0
    endloop
  endfacet
  facet normal 0 0 -1
    outer loop
      vertex 3.75 6.495190528383289 0
      vertex 1.413498340914327 11.055530603866677 0
      vertex 1.4992661493922035 11.198625547395803 0
    endloop
  endfacet
  facet normal 0 0 -1
    outer loop
      vertex 3.75 6.495190528383289 0
      vertex 1.4992661493922035 11.198625547395803 0
      vertex 1.5705952052691874 11.349438164979347 0
    endloop
  endfacet
  facet normal 0 0 -1
    outer loop
      vertex 3.75 6.495190528383289 0
      vertex 1.5705952052691874 11.349438164979347 0
      vertex 1.626798570744755 11.506516048667415 0
    endloop
  endfacet
  facet normal 0 0 -1
    outer loop
      vertex 3.75 6.495190528383289 0
      vertex 1.626798570744755 11.506516048667415 0
      vertex 1.6673349766854917 11.668346452572582 0
    endloop
  endfacet
  facet normal 0 0 -1
    outer loop
      vertex 3.75 6.495190528383289 0
      vertex 1.6673349766854917 11.668346452572582 0
      vertex 1.6918140353427347 11.833370861439747 0
    endloop
  endfacet
  facet normal 0 0 -1
    outer loop
      vertex 3.75 6.495190528383289 0
      vertex 1.6918140353427347 11.833370861439747 0
      vertex 1.7 12 0
    endloop
  endfacet
  facet normal 0 0 -1
    outer loop
      vertex 3.75 6.495190528383289 0
      vertex 1.7 12 0
      vertex 1.6918140353427347 12.166629138560253 0
    endloop
  endfacet
  facet normal 0 0 -1
    outer loop
      vertex 3.75 6.495190528383289 0
      vertex 1.6918140353427347 12.166629138560253 0
      vertex 1.6673349766854917 12.331653547427418 0
    endloop
  endfacet
  facet normal 0 0 -1
    outer loop
      vertex 3.218990313266116 16.182957126653303 0
      vertex 3.75 6.495190528383289 0
      vertex 1.6673349766854917 12.331653547427418 0
    endloop
  endfacet
  facet normal 0 0 -1
    outer loop
      vertex 1.6172828154377499 16.42054799009125 0
      vertex 1.0784685830781973 13.314117770716653 0
      vertex 0.9444693961333237 13.413498340914327 0
    endloop
  endfacet
  facet normal 0 0 -1
    outer loop
      vertex 1.6172828154377499 16.42054799009125 0
      vertex 1.413498340914327 12.944469396133323 0
      vertex 1.314117770716653 13.078468583078198 0
    endloop
  endfacet
  facet normal 0 0 -1
    outer loop
      vertex 1.6172828154377499 16.42054799009125 0
      vertex 1.4992661493922035 12.801374452604197 0
      vertex 1.413498340914327 12.944469396133323 0
    endloop
  endfacet
  facet normal 0 0 -1
    outer loop
      vertex 1.6172828154377499 16.42054799009125 0
      vertex 1.314117770716653 13.078468583078198 0
      vertex 1.2020815280171309 13.20208152801713 0
    endloop
  endfacet
  facet normal 0 0 -1
    outer loop
      vertex 1.6172828154377499 16.42054799009125 0
      vertex 1.2020815280171309 13.20208152801713 0
      vertex 1.0784685830781973 13.314117770716653 0
    endloop
  endfacet
  facet normal 0 0 -1
    outer loop
      vertex 1.6172828154377499 16.42054799009125 0
      vertex 1.5705952052691874 12.650561835020653 0
      vertex 1.4992661493922035 12.801374452604197 0
    endloop
  endfacet
  facet normal 0 0 -1
    outer loop
      vertex 0 16.5 0
      vertex 0.16662913856025302 13.691814035342734 0
      vertex 0 13.7 0
    endloop
  endfacet
  facet normal 0 0 -1
    outer loop
      vertex 1.6172828154377499 16.42054799009125 0
      vertex 0.33165354742741804 13.667334976685492 0
      vertex 0.16662913856025302 13.691814035342734 0
    endloop
  endfacet
  facet normal 0 0 -1
    outer loop
      vertex 1.6172828154377499 16.42054799009125 0
      vertex 0.49348395133258594 13.626798570744755 0
      vertex 0.33165354742741804 13.667334976685492 0
    endloop
  endfacet
  facet normal 0 0 -1
    outer loop
      vertex 1.6172828154377499 16.42054799009125 0
      vertex 0.6505618350206526 13.570595205269187 0
      vertex 0.49348395133258594 13.626798570744755 0
    endloop
  endfacet
  facet normal 0 0 -1
    outer loop
      vertex 1.6172828154377499 16.42054799009125 0
      vertex 0.8013744526041959 13.499266149392204 0
      vertex 0.6505618350206526 13.570595205269187 0
    endloop
  endfacet
  facet normal 0 0 -1
    outer loop
      vertex 0 16.5 0
      vertex 1.6172828154377499 16.42054799009125 0
      vertex 0.16662913856025302 13.691814035342734 0
    endloop
  endfacet
  facet normal 0 0 -1
    outer loop
      vertex 1.6172828154377499 16.42054799009125 0
      vertex 0.9444693961333237 13.413498340914327 0
      vertex 0.8013744526041959 13.499266149392204 0
    endloop
  endfacet
  facet normal 0 0 -1
    outer loop
      vertex 3.218990313266116 16.182957126653303 0
      vertex 1.6673349766854917 12.331653547427418 0
      vertex 1.626798570744755 12.493483951332585 0
    endloop
  endfacet
  facet normal 0 0 -1
    outer loop
      vertex 3.218990313266116 16.182957126653303 0
      vertex 1.626798570744755 12.493483951332585 0
      vertex 1.5705952052691874 12.650561835020653 0
    endloop
  endfacet
  facet normal 0 0 -1
    outer loop
      vertex 3.218990313266116 16.182957126653303 0
      vertex 4.789697174698628 15.789515539581446 0
      vertex 3.75 6.495190528383289 0
    endloop
  endfacet
  facet normal 0 0 -1
    outer loop
      vertex 1.6172828154377499 16.42054799009125 0
      vertex 3.218990313266116 16.182957126653303 0
      vertex 1.5705952052691874 12.650561835020653 0
    endloop
  endfacet
  facet normal 0 0 -1
    outer loop
      vertex 6.314276634023981 15.24401228643623 0
      vertex 7.219681289017069 5.582316184895834 0
      vertex 3.75 6.495190528383289 0
    endloop
  endfacet
  facet normal 0 0 -1
    outer loop
      vertex 6.314276634023981 15.24401228643623 0
      vertex 7.194018165488893 5.895298934970316 0
      vertex 7.219681289017069 5.582316184895834 0
    endloop
  endfacet
  facet normal 0 0 -1
    outer loop
      vertex 6.314276634023981 15.24401228643623 0
      vertex 7.19915629104973 6.209290013536457 0
      vertex 7.194018165488893 5.895298934970316 0
    endloop
  endfacet
  facet normal 0 0 -1
    outer loop
      vertex 6.314276634023981 15.24401228643623 0
      vertex 7.23504618274165 6.521265514862684 0
      vertex 7.19915629104973 6.209290013536457 0
    endloop
  endfacet
  facet normal 0 0 -1
    outer loop
      vertex 6.314276634023981 15.24401228643623 0
      vertex 7.301342201288244 6.828220944328066 0
      vertex 7.23504618274165 6.521265514862684 0
    endloop
  endfacet
  facet normal 0 0 -1
    outer loop
      vertex 6.314276634023981 15.24401228643623 0
      vertex 7.397405879789821 7.127200153347947 0
      vertex 7.301342201288244 6.828220944328066 0
    endloop
  endfacet
  facet normal 0 0 -1
    outer loop
      vertex 7.778046157628961 14.55170086174786 0
      vertex 7.52231207250866 7.415323808700804 0
      vertex 7.397405879789821 7.127200153347947 0
    endloop
  endfacet
  facet normal 0 0 -1
    outer loop
      vertex 7.778046157628961 14.55170086174786 0
      vertex 7.67485786452821 7.689817122081178 0
      vertex 7.52231207250866 7.415323808700804 0
    endloop
  endfacet
  facet normal 0 0 -1
    outer loop
      vertex 7.778046157628961 14.55170086174786 0
      vertex 7.8535741564813115 7.948036572827906 0
      vertex 7.67485786452821 7.689817122081178 0
    endloop
  endfacet
  facet normal 0 0 -1
    outer loop
      vertex 7.778046157628961 14.55170086174786 0
      vertex 8.05673981278019 8.187495366473188 0
      vertex 7.8535741564813115 7.948036572827906 0
    endloop
  endfacet
  facet normal 0 0 -1
    outer loop
      vertex 6.314276634023981 15.24401228643623 0
      vertex 7.778046157628961 14.55170086174786 0
      vertex 7.397405879789821 7.127200153347947 0
    endloop
  endfacet
  facet normal 0 0 -1
    outer loop
      vertex 7.778046157628961 14.55170086174786 0
      vertex 8.282398237093043 8.405887383932727 0
      vertex 8.05673981278019 8.187495366473188 0
    endloop
  endfacet
  facet normal 0 0 -1
    outer loop
      vertex 4.789697174698628 15.789515539581446 0
      vertex 6.314276634023981 15.24401228643623 0
      vertex 3.75 6.495190528383289 0
    endloop
  endfacet
  facet normal 0.04906767432741669 0.9987954562051723 0
    outer loop
      vertex 0 16.5 0
      vertex 0 16.5 10
      vertex 1.6172828154377499 16.42054799009125 0
    endloop
  endfacet
  facet normal 0.14673047445536275 0.9891765099647808 0
    outer loop
      vertex 1.6172828154377499 16.42054799009125 0
      vertex 1.6172828154377499 16.42054799009125 10
      vertex 3.218990313266116 16.182957126653303 0
    endloop
  endfacet
  facet normal 0.24298017990326445 0.9700312531945438 0
    outer loop
      vertex 3.218990313266116 16.182957126653303 0
      vertex 3.218990313266116 16.182957126653303 10
      vertex 4.789697174698628 15.789515539581446 0
    endloop
  endfacet
  facet normal 0.33688985339222005 0.9415440651830208 0
    outer loop
      vertex 4.789697174698628 15.789515539581446 0
      vertex 4.789697174698628 15.789515539581446 10
      vertex 6.314276634023981 15.24401228643623 0
    endloop
  endfacet
  facet normal 0.5141027441932227 0.8577286100002715 0
    outer loop
      vertex 7.778046157628961 14.55170086174786 0
      vertex 7.778046157628961 14.55170086174786 10
      vertex 9.166908844823435 13.719248602991996 0
    endloop
  endfacet
  facet normal 0.42755509343028114 0.9039892931234437 0
    outer loop
      vertex 6.314276634023981 15.24401228643623 0
      vertex 6.314276634023981 15.24401228643623 10
      vertex 7.778046157628961 14.55170086174786 0
    endloop
  endfacet
  facet normal 0 0 -1
    outer loop
      vertex 9.114177172699002 -4.879112114329883 0
      vertex 8.702487723332085 3.282553019114947 0
      vertex 8.976981036712457 3.130007227095397 0
    endloop
  endfacet
  facet normal 0 0 -1
    outer loop
      vertex 9.114177172699002 -4.879112114329883 0
      vertex 8.976981036712457 3.130007227095397 0
      vertex 9.265104692065316 3.005101034376558 0
    endloop
  endfacet
  facet normal 0 0 -1
    outer loop
      vertex 9.494589499307638 -4.556356291404816 0
      vertex 9.265104692065316 3.005101034376558 0
      vertex 9.564083901085196 2.9090373558749807 0
    endloop
  endfacet
  facet normal 0 0 -1
    outer loop
      vertex 9.494589499307638 -4.556356291404816 0
      vertex 9.564083901085196 2.9090373558749807 0
      vertex 9.871039330550579 2.8427413373283867 0
    endloop
  endfacet
  facet normal 0 0 -1
    outer loop
      vertex 9.494589499307638 -4.556356291404816 0
      vertex 9.871039330550579 2.8427413373283867 0
      vertex 10.183014831876806 2.806851445636469 0
    endloop
  endfacet
  facet normal 0 0 -1
    outer loop
      vertex 10.497005910442947 2.8017133200756303 0
      vertex 10.447927286210282 -4.300910201290178 0
      vertex 10.183014831876806 2.806851445636469 0
    endloop
  endfacet
  facet normal 0 0 -1
    outer loop
      vertex 10.61419937218735 -4.314543735664522 0
      vertex 10.497005910442947 2.8017133200756303 0
      vertex 10.80998866051743 2.8273764436038067 0
    endloop
  endfacet
  facet normal 0 0 -1
    outer loop
      vertex 10.778334492571698 -4.344409135228533 0
      vertex 10.80998866051743 2.8273764436038067 0
      vertex 11.11894888712326 2.883593666312533 0
    endloop
  endfacet
  facet normal 0 0 -1
    outer loop
      vertex 10.778334492571698 -4.344409135228533 0
      vertex 11.11894888712326 2.883593666312533 0
      vertex 11.42091113438338 2.969823585615662 0
    endloop
  endfacet
  facet normal 0 0 -1
    outer loop
      vertex 11.712967340787326 3.0852357602522376 0
      vertex 11.242304845413264 -4.527756813566454 0
      vertex 11.42091113438338 2.969823585615662 0
    endloop
  endfacet
  facet normal 0 0 -1
    outer loop
      vertex 11.741005523908363 -4.965105570685175 0
      vertex 11.712967340787326 3.0852357602522376 0
      vertex 11.992304845413264 3.2287187078897963 0
    endloop
  endfacet
  facet normal 0 0 -1
    outer loop
      vertex 11.835948554008446 -5.102284653894375 0
      vertex 11.992304845413264 3.2287187078897963 0
      vertex 12.25623347539023 3.398890609306831 0
    endloop
  endfacet
  facet normal 0 0 -1
    outer loop
      vertex 12.502211453733484 3.5941126160672723 0
      vertex 11.916988506018832 -5.248109226627697 0
      vertex 12.25623347539023 3.398890609306831 0
    endloop
  endfacet
  facet normal 0 0 -1
    outer loop
      vertex 11.916988506018832 -5.248109226627697 0
      vertex 12.502211453733484 3.5941126160672723 0
      vertex 12.727869878046336 3.8125046335268116 0
    endloop
  endfacet
  facet normal 0 0 -1
    outer loop
      vertex 11.916988506018832 -5.248109226627697 0
      vertex 12.727869878046336 3.8125046335268116 0
      vertex 12.931035534345215 4.051963427172094 0
    endloop
  endfacet
  facet normal 0 0 -1
    outer loop
      vertex 12.75467248048516 -10.467489188700151 0
      vertex 13.483267489538282 5.171779055671934 0
      vertex 13.549563508084876 5.478734485137316 0
    endloop
  endfacet
  facet normal 0 0 -1
    outer loop
      vertex 13.719248602991996 -9.166908844823435 0
      vertex 13.549563508084876 5.478734485137316 0
      vertex 13.585453399776796 5.790709986463543 0
    endloop
  endfacet
  facet normal 0 0 -1
    outer loop
      vertex 13.719248602991996 -9.166908844823435 0
      vertex 13.585453399776796 5.790709986463543 0
      vertex 13.590591525337635 6.104701065029684 0
    endloop
  endfacet
  facet normal 0 0 -1
    outer loop
      vertex 13.719248602991996 -9.166908844823435 0
      vertex 13.590591525337635 6.104701065029684 0
      vertex 13.719248602991996 9.166908844823435 0
    endloop
  endfacet
  facet normal 0 0 -1
    outer loop
      vertex 13.719248602991996 -9.166908844823435 0
      vertex 13.719248602991996 9.166908844823435 0
      vertex 14.55170086174786 7.778046157628961 0
    endloop
  endfacet
  facet normal 0 0 -1
    outer loop
      vertex 15.24401228643623 -6.314276634023981 0
      vertex 15.24401228643623 6.314276634023981 0
      vertex 15.789515539581446 4.789697174698628 0
    endloop
  endfacet
  facet normal 0 0 -1
    outer loop
      vertex 16.42054799009125 -1.6172828154377499 0
      vertex 16.42054799009125 1.6172828154377499 0
      vertex 16.5 0 0
    endloop
  endfacet
  facet normal 0 0 -1
    outer loop
      vertex 16.182957126653303 -3.218990313266116 0
      vertex 16.182957126653303 3.218990313266116 0
      vertex 16.42054799009125 1.6172828154377499 0
    endloop
  endfacet
  facet normal 0 0 -1
    outer loop
      vertex 15.789515539581446 -4.789697174698628 0
      vertex 15.789515539581446 4.789697174698628 0
      vertex 16.182957126653303 3.218990313266116 0
    endloop
  endfacet
  facet normal 0 0 -1
    outer loop
      vertex 14.55170086174786 -7.778046157628961 0
      vertex 14.55170086174786 7.778046157628961 0
      vertex 15.24401228643623 6.314276634023981 0
    endloop
  endfacet
  facet normal 0 0 -1
    outer loop
      vertex 13.719248602991996 9.166908844823435 0
      vertex 13.307069085161025 7.320662495374063 0
      vertex 13.163586137523467 7.6 0
    endloop
  endfacet
  facet normal 0 0 -1
    outer loop
      vertex 13.719248602991996 9.166908844823435 0
      vertex 13.163586137523467 7.6 0
      vertex 12.993414236106432 7.863928629976967 0
    endloop
  endfacet
  facet normal 0 0 -1
    outer loop
      vertex 13.719248602991996 9.166908844823435 0
      vertex 13.590591525337635 6.104701065029684 0
      vertex 13.564928401809457 6.417683815104166 0
    endloop
  endfacet
  facet normal 0 0 -1
    outer loop
      vertex 13.719248602991996 9.166908844823435 0
      vertex 13.564928401809457 6.417683815104166 0
      vertex 13.50871117910073 6.726644041709994 0
    endloop
  endfacet
  facet normal 0 0 -1
    outer loop
      vertex 13.719248602991996 9.166908844823435 0
      vertex 13.50871117910073 6.726644041709994 0
      vertex 13.4224812597976 7.028606288970117 0
    endloop
  endfacet
  facet normal 0 0 -1
    outer loop
      vertex 13.719248602991996 9.166908844823435 0
      vertex 13.4224812597976 7.028606288970117 0
      vertex 13.307069085161025 7.320662495374063 0
    endloop
  endfacet
  facet normal 0.9987954562051723 0.04906767432741669 0
    outer loop
      vertex 16.5 0 0
      vertex 16.42054799009125 1.6172828154377499 0
      vertex 16.5 0 10
    endloop
  endfacet
  facet normal 0.9891765099647808 0.14673047445536275 0
    outer loop
      vertex 16.42054799009125 1.6172828154377499 0
      vertex 16.182957126653303 3.218990313266116 0
      vertex 16.42054799009125 1.6172828154377499 10
    endloop
  endfacet
  facet normal 0.9700312531945438 0.24298017990326445 0
    outer loop
      vertex 16.182957126653303 3.218990313266116 0
      vertex 15.789515539581446 4.789697174698628 0
      vertex 16.182957126653303 3.218990313266116 10
    endloop
  endfacet
  facet normal 0.8577286100002715 0.5141027441932227 0
    outer loop
      vertex 14.55170086174786 7.778046157628961 0
      vertex 13.719248602991996 9.166908844823435 0
      vertex 14.55170086174786 7.778046157628961 10
    endloop
  endfacet
  facet normal 0.9415440651830208 0.33688985339222005 0
    outer loop
      vertex 15.789515539581446 4.789697174698628 0
      vertex 15.24401228643623 6.314276634023981 0
      vertex 15.789515539581446 4.789697174698628 10
    endloop
  endfacet
  facet normal 0.9039892931234437 0.42755509343028114 0
    outer loop
      vertex 15.24401228643623 6.314276634023981 0
      vertex 14.55170086174786 7.778046157628961 0
      vertex 15.24401228643623 6.314276634023981 10
    endloop
  endfacet
  facet normal 0 0 -1
    outer loop
      vertex 9.166908844823435 13.719248602991996 0
      vertex 8.528376215436296 8.60110939069317 0
      vertex 8.282398237093043 8.405887383932727 0
    endloop
  endfacet
  facet normal 0 0 -1
    outer loop
      vertex 10.467489188700151 12.75467248048516 0
      vertex 9.363698556443147 9.030176414384337 0
      vertex 9.0716423500392 8.914764239747763 0
    endloop
  endfacet
  facet normal 0 0 -1
    outer loop
      vertex 10.467489188700151 12.75467248048516 0
      vertex 9.665660803703267 9.116406333687467 0
      vertex 9.363698556443147 9.030176414384337 0
    endloop
  endfacet
  facet normal 0 0 -1
    outer loop
      vertex 9.166908844823435 13.719248602991996 0
      vertex 8.792304845413264 8.771281292110203 0
      vertex 8.528376215436296 8.60110939069317 0
    endloop
  endfacet
  facet normal 0 0 -1
    outer loop
      vertex 9.166908844823435 13.719248602991996 0
      vertex 9.0716423500392 8.914764239747763 0
      vertex 8.792304845413264 8.771281292110203 0
    endloop
  endfacet
  facet normal 0 0 -1
    outer loop
      vertex 7.778046157628961 14.55170086174786 0
      vertex 9.166908844823435 13.719248602991996 0
      vertex 8.282398237093043 8.405887383932727 0
    endloop
  endfacet
  facet normal 0 0 -1
    outer loop
      vertex 10.467489188700151 12.75467248048516 0
      vertex 9.974621030309097 9.172623556396193 0
      vertex 9.665660803703267 9.116406333687467 0
    endloop
  endfacet
  facet normal 0 0 -1
    outer loop
      vertex 10.467489188700151 12.75467248048516 0
      vertex 10.287603780383579 9.198286679924369 0
      vertex 9.974621030309097 9.172623556396193 0
    endloop
  endfacet
  facet normal 0 0 -1
    outer loop
      vertex 9.166908844823435 13.719248602991996 0
      vertex 10.467489188700151 12.75467248048516 0
      vertex 9.0716423500392 8.914764239747763 0
    endloop
  endfacet
  facet normal 0 0 -1
    outer loop
      vertex 11.667261889578034 11.667261889578034 0
      vertex 10.60159485894972 9.193148554363532 0
      vertex 10.287603780383579 9.198286679924369 0
    endloop
  endfacet
  facet normal 0 0 -1
    outer loop
      vertex 11.667261889578034 11.667261889578034 0
      vertex 10.913570360275948 9.157258662671612 0
      vertex 10.60159485894972 9.193148554363532 0
    endloop
  endfacet
  facet normal 0 0 -1
    outer loop
      vertex 11.667261889578034 11.667261889578034 0
      vertex 11.22052578974133 9.09096264412502 0
      vertex 10.913570360275948 9.157258662671612 0
    endloop
  endfacet
  facet normal 0 0 -1
    outer loop
      vertex 11.667261889578034 11.667261889578034 0
      vertex 11.51950499876121 8.994898965623442 0
      vertex 11.22052578974133 9.09096264412502 0
    endloop
  endfacet
  facet normal 0 0 -1
    outer loop
      vertex 12.75467248048516 10.467489188700151 0
      vertex 11.807628654114069 8.869992772904602 0
      vertex 11.51950499876121 8.994898965623442 0
    endloop
  endfacet
  facet normal 0 0 -1
    outer loop
      vertex 12.75467248048516 10.467489188700151 0
      vertex 12.082121967494443 8.717446980885054 0
      vertex 11.807628654114069 8.869992772904602 0
    endloop
  endfacet
  facet normal 0 0 -1
    outer loop
      vertex 11.667261889578034 11.667261889578034 0
      vertex 10.287603780383579 9.198286679924369 0
      vertex 10.467489188700151 12.75467248048516 0
    endloop
  endfacet
  facet normal 0 0 -1
    outer loop
      vertex 11.667261889578034 11.667261889578034 0
      vertex 12.75467248048516 10.467489188700151 0
      vertex 11.51950499876121 8.994898965623442 0
    endloop
  endfacet
  facet normal 0 0 -1
    outer loop
      vertex 12.75467248048516 10.467489188700151 0
      vertex 12.34034141824117 8.538730688931953 0
      vertex 12.082121967494443 8.717446980885054 0
    endloop
  endfacet
  facet normal 0 0 -1
    outer loop
      vertex 12.75467248048516 10.467489188700151 0
      vertex 12.579800211886452 8.335565032633074 0
      vertex 12.34034141824117 8.538730688931953 0
    endloop
  endfacet
  facet normal 0 0 -1
    outer loop
      vertex 13.719248602991996 9.166908844823435 0
      vertex 12.79819222934599 8.10990660832022 0
      vertex 12.579800211886452 8.335565032633074 0
    endloop
  endfacet
  facet normal 0 0 -1
    outer loop
      vertex 13.719248602991996 9.166908844823435 0
      vertex 12.993414236106432 7.863928629976967 0
      vertex 12.79819222934599 8.10990660832022 0
    endloop
  endfacet
  facet normal 0 0 -1
    outer loop
      vertex 13.719248602991996 9.166908844823435 0
      vertex 12.579800211886452 8.335565032633074 0
      vertex 12.75467248048516 10.467489188700151 0
    endloop
  endfacet
  facet normal 0.5956993044924325 0.8032075314806454 0
    outer loop
      vertex 9.166908844823435 13.719248602991996 0
      vertex 9.166908844823435 13.719248602991996 10
      vertex 10.467489188700151 12.75467248048516 0
    endloop
  endfacet
  facet normal 0.6715589548470187 0.7409511253549589 0
    outer loop
      vertex 11.667261889578034 11.667261889578034 0
      vertex 10.467489188700151 12.75467248048516 0
      vertex 10.467489188700151 12.75467248048516 10
    endloop
  endfacet
  facet normal 0.8032075314806454 0.5956993044924325 0
    outer loop
      vertex 13.719248602991996 9.166908844823435 0
      vertex 12.75467248048516 10.467489188700151 0
      vertex 13.719248602991996 9.166908844823435 10
    endloop
  endfacet
  facet normal 0.7409511253549589 0.6715589548470187 0
    outer loop
      vertex 11.667261889578034 11.667261889578034 0
      vertex 12.75467248048516 10.467489188700151 10
      vertex 12.75467248048516 10.467489188700151 0
    endloop
  endfacet
  facet normal 0 0 1
    outer loop
      vertex 4.789697174698628 -15.789515539581446 10
      vertex 3.218990313266116 16.182957126653303 10
      vertex 3.9807389066887877 0.3920685613182424 10
    endloop
  endfacet
  facet normal 0 0 1
    outer loop
      vertex 0.3920685613182424 3.9807389066887877 10
      vertex 0 9 10
      vertex 0 4 10
    endloop
  endfacet
  facet normal 0 0 1
    outer loop
      vertex 0.2940514209886818 9.01444581998341 10
      vertex 0.3920685613182424 3.9807389066887877 10
      vertex 0.780361288064513 3.9231411216129217 10
    endloop
  endfacet
  facet normal 0 0 1
    outer loop
      vertex 1.1611387090178493 3.8277613429288353 10
      vertex 0.5852709660483848 9.057644158790309 10
      vertex 0.780361288064513 3.9231411216129217 10
    endloop
  endfacet
  facet normal 0 0 1
    outer loop
      vertex 1.5307337294603591 3.695518130045147 10
      vertex 1.1480502970952693 9.22836140246614 10
      vertex 1.1611387090178493 3.8277613429288353 10
    endloop
  endfacet
  facet normal 0 0 1
    outer loop
      vertex 1.8855869473039906 3.52768505739342 10
      vertex 1.4141902104779929 9.354236206954935 10
      vertex 1.5307337294603591 3.695518130045147 10
    endloop
  endfacet
  facet normal 0 0 1
    outer loop
      vertex 2.2222809320784087 3.325878449210181 10
      vertex 1.6667106990588065 9.505591163092365 10
      vertex 1.8855869473039906 3.52768505739342 10
    endloop
  endfacet
  facet normal 0 0 1
    outer loop
      vertex 0.3920685613182424 3.9807389066887877 10
      vertex 0.2940514209886818 9.01444581998341 10
      vertex 0 9 10
    endloop
  endfacet
  facet normal 0 0 1
    outer loop
      vertex 0.780361288064513 3.9231411216129217 10
      vertex 0.5852709660483848 9.057644158790309 10
      vertex 0.2940514209886818 9.01444581998341 10
    endloop
  endfacet
  facet normal 0 0 1
    outer loop
      vertex 1.1611387090178493 3.8277613429288353 10
      vertex 0.870854031763387 9.129178992803373 10
      vertex 0.5852709660483848 9.057644158790309 10
    endloop
  endfacet
  facet normal 0 0 1
    outer loop
      vertex 1.1480502970952693 9.22836140246614 10
      vertex 0.870854031763387 9.129178992803373 10
      vertex 1.1611387090178493 3.8277613429288353 10
    endloop
  endfacet
  facet normal 0 0 1
    outer loop
      vertex 1.4141902104779929 9.354236206954935 10
      vertex 1.1480502970952693 9.22836140246614 10
      vertex 1.5307337294603591 3.695518130045147 10
    endloop
  endfacet
  facet normal 0 0 1
    outer loop
      vertex 1.4141902104779929 9.354236206954935 10
      vertex 1.8855869473039906 3.52768505739342 10
      vertex 1.6667106990588065 9.505591163092365 10
    endloop
  endfacet
  facet normal 0 0 1
    outer loop
      vertex 2.2222809320784087 3.325878449210181 10
      vertex 1.9031798524909365 9.68096863991179 10
      vertex 1.6667106990588065 9.505591163092365 10
    endloop
  endfacet
  facet normal 0 0 1
    outer loop
      vertex 3.325878449210181 2.2222809320784087 10
      vertex 2.6457637930450653 10.585809789522006 10
      vertex 3.092041813450948 2.537573136654582 10
    endloop
  endfacet
  facet normal 0 0 1
    outer loop
      vertex 2.537573136654582 3.092041813450948 10
      vertex 1.9031798524909365 9.68096863991179 10
      vertex 2.2222809320784087 3.325878449210181 10
    endloop
  endfacet
  facet normal 0 0 1
    outer loop
      vertex 2.8284271247461903 2.8284271247461903 10
      vertex 2.121320343559643 9.878679656440358 10
      vertex 2.537573136654582 3.092041813450948 10
    endloop
  endfacet
  facet normal 0 0 1
    outer loop
      vertex 3.092041813450948 2.537573136654582 10
      vertex 2.4944088369076356 10.333289300941193 10
      vertex 2.8284271247461903 2.8284271247461903 10
    endloop
  endfacet
  facet normal 0 0 1
    outer loop
      vertex 3.218990313266116 16.182957126653303 10
      vertex 3.9231411216129217 0.780361288064513 10
      vertex 3.9807389066887877 0.3920685613182424 10
    endloop
  endfacet
  facet normal 0 0 1
    outer loop
      vertex 3.218990313266116 16.182957126653303 10
      vertex 3.8277613429288353 1.1611387090178493 10
      vertex 3.9231411216129217 0.780361288064513 10
    endloop
  endfacet
  facet normal 0 0 1
    outer loop
      vertex 2.537573136654582 3.092041813450948 10
      vertex 2.121320343559643 9.878679656440358 10
      vertex 1.9031798524909365 9.68096863991179 10
    endloop
  endfacet
  facet normal 0 0 1
    outer loop
      vertex 2.121320343559643 9.878679656440358 10
      vertex 2.8284271247461903 2.8284271247461903 10
      vertex 2.319031360088211 10.096820147509064 10
    endloop
  endfacet
  facet normal 0 0 1
    outer loop
      vertex 2.319031360088211 10.096820147509064 10
      vertex 2.8284271247461903 2.8284271247461903 10
      vertex 2.4944088369076356 10.333289300941193 10
    endloop
  endfacet
  facet normal 0 0 1
    outer loop
      vertex 2.4944088369076356 10.333289300941193 10
      vertex 3.092041813450948 2.537573136654582 10
      vertex 2.6457637930450653 10.585809789522006 10
    endloop
  endfacet
  facet normal 0 0 1
    outer loop
      vertex 3.325878449210181 2.2222809320784087 10
      vertex 2.77163859753386 10.851949702904731 10
      vertex 2.6457637930450653 10.585809789522006 10
    endloop
  endfacet
  facet normal 0 0 1
    outer loop
      vertex 3.325878449210181 2.2222809320784087 10
      vertex 2.8708210071966267 11.129145968236614 10
      vertex 2.77163859753386 10.851949702904731 10
    endloop
  endfacet
  facet normal 0 0 1
    outer loop
      vertex 3.218990313266116 16.182957126653303 10
      vertex 3.695518130045147 1.5307337294603591 10
      vertex 3.8277613429288353 1.1611387090178493 10
    endloop
  endfacet
  facet normal 0 0 1
    outer loop
      vertex 3.218990313266116 16.182957126653303 10
      vertex 3.52768505739342 1.8855869473039906 10
      vertex 3.695518130045147 1.5307337294603591 10
    endloop
  endfacet
  facet normal 0 0 1
    outer loop
      vertex 3.218990313266116 16.182957126653303 10
      vertex 3.325878449210181 2.2222809320784087 10
      vertex 3.52768505739342 1.8855869473039906 10
    endloop
  endfacet
  facet normal 0 0 1
    outer loop
      vertex 7.551514456927947 -5.035681604090515 10
      vertex 7.477540605665501 4.679337504625937 10
      vertex 7.362128431028926 4.971393711029883 10
    endloop
  endfacet
  facet normal 0 0 1
    outer loop
      vertex 7.659713370649736 -4.761878910586816 10
      vertex 7.62102355330306 4.4 10
      vertex 7.477540605665501 4.679337504625937 10
    endloop
  endfacet
  facet normal 0 0 1
    outer loop
      vertex 7.417970261291832 -5.608421423339845 10
      vertex 7.275898511725796 5.273355958290006 10
      vertex 7.219681289017069 5.582316184895834 10
    endloop
  endfacet
  facet normal 0 0 1
    outer loop
      vertex 7.470673907581263 -5.31877121089688 10
      vertex 7.362128431028926 4.971393711029883 10
      vertex 7.275898511725796 5.273355958290006 10
    endloop
  endfacet
  facet normal 0 0 1
    outer loop
      vertex 7.393911082984166 -5.901842751534671 10
      vertex 7.219681289017069 5.582316184895834 10
      vertex 7.194018165488893 5.895298934970316 10
    endloop
  endfacet
  facet normal 0 0 1
    outer loop
      vertex 7.62102355330306 4.4 10
      vertex 8.136785422976331 -4.021962554699794 10
      vertex 7.791195454720095 4.136071370023033 10
    endloop
  endfacet
  facet normal 0 0 1
    outer loop
      vertex 8.136785422976331 -4.021962554699794 10
      vertex 7.986417461480536 3.89009339167978 10
      vertex 7.791195454720095 4.136071370023033 10
    endloop
  endfacet
  facet normal 0 0 1
    outer loop
      vertex 4.789697174698628 -15.789515539581446 10
      vertex 4.789697174698628 15.789515539581446 10
      vertex 3.218990313266116 16.182957126653303 10
    endloop
  endfacet
  facet normal 0 0 1
    outer loop
      vertex 6.314276634023981 -15.24401228643623 10
      vertex 6.314276634023981 15.24401228643623 10
      vertex 4.789697174698628 15.789515539581446 10
    endloop
  endfacet
  facet normal 0 0 1
    outer loop
      vertex 6.314276634023981 15.24401228643623 10
      vertex 7.398728075697454 -6.19620938769043 10
      vertex 7.194018165488893 5.895298934970316 10
    endloop
  endfacet
  facet normal 0.04906767432741669 0.9987954562051723 0
    outer loop
      vertex 1.6172828154377499 16.42054799009125 0
      vertex 0 16.5 10
      vertex 1.6172828154377499 16.42054799009125 10
    endloop
  endfacet
  facet normal 0.14673047445536275 0.9891765099647808 0
    outer loop
      vertex 3.218990313266116 16.182957126653303 0
      vertex 1.6172828154377499 16.42054799009125 10
      vertex 3.218990313266116 16.182957126653303 10
    endloop
  endfacet
  facet normal 0.24298017990326445 0.9700312531945438 0
    outer loop
      vertex 4.789697174698628 15.789515539581446 0
      vertex 3.218990313266116 16.182957126653303 10
      vertex 4.789697174698628 15.789515539581446 10
    endloop
  endfacet
  facet normal 0.33688985339222005 0.9415440651830208 0
    outer loop
      vertex 6.314276634023981 15.24401228643623 0
      vertex 4.789697174698628 15.789515539581446 10
      vertex 6.314276634023981 15.24401228643623 10
    endloop
  endfacet
  facet normal 0.42755509343028114 0.9039892931234437 0
    outer loop
      vertex 7.778046157628961 14.55170086174786 0
      vertex 6.314276634023981 15.24401228643623 10
      vertex 7.778046157628961 14.55170086174786 10
    endloop
  endfacet
  facet normal 0 0 1
    outer loop
      vertex 3.325878449210181 2.2222809320784087 10
      vertex 2.9423558412096913 11.414729033951616 10
      vertex 2.8708210071966267 11.129145968236614 10
    endloop
  endfacet
  facet normal 0 0 1
    outer loop
      vertex 3.325878449210181 2.2222809320784087 10
      vertex 2.9855541800165906 11.705948579011318 10
      vertex 2.9423558412096913 11.414729033951616 10
    endloop
  endfacet
  facet normal 0 0 1
    outer loop
      vertex 3.218990313266116 16.182957126653303 10
      vertex 2.9855541800165906 11.705948579011318 10
      vertex 3.325878449210181 2.2222809320784087 10
    endloop
  endfacet
  facet normal 0 0 1
    outer loop
      vertex 1.6172828154377499 16.42054799009125 10
      vertex 0.5852709660483848 14.942355841209691 10
      vertex 0.870854031763387 14.870821007196627 10
    endloop
  endfacet
  facet normal 0 0 1
    outer loop
      vertex 0 16.5 10
      vertex 0 15 10
      vertex 0.2940514209886818 14.98555418001659 10
    endloop
  endfacet
  facet normal 0 0 1
    outer loop
      vertex 0 16.5 10
      vertex 0.2940514209886818 14.98555418001659 10
      vertex 0.5852709660483848 14.942355841209691 10
    endloop
  endfacet
  facet normal 0 0 1
    outer loop
      vertex 0 16.5 10
      vertex 0.5852709660483848 14.942355841209691 10
      vertex 1.6172828154377499 16.42054799009125 10
    endloop
  endfacet
  facet normal 0 0 1
    outer loop
      vertex 1.6172828154377499 16.42054799009125 10
      vertex 0.870854031763387 14.870821007196627 10
      vertex 1.1480502970952693 14.77163859753386 10
    endloop
  endfacet
  facet normal 0 0 1
    outer loop
      vertex 1.6172828154377499 16.42054799009125 10
      vertex 1.1480502970952693 14.77163859753386 10
      vertex 1.4141902104779929 14.645763793045065 10
    endloop
  endfacet
  facet normal 0 0 1
    outer loop
      vertex 1.6172828154377499 16.42054799009125 10
      vertex 1.4141902104779929 14.645763793045065 10
      vertex 1.6667106990588065 14.494408836907635 10
    endloop
  endfacet
  facet normal 0 0 1
    outer loop
      vertex 1.6172828154377499 16.42054799009125 10
      vertex 1.6667106990588065 14.494408836907635 10
      vertex 1.9031798524909365 14.31903136008821 10
    endloop
  endfacet
  facet normal 0 0 1
    outer loop
      vertex 3.218990313266116 16.182957126653303 10
      vertex 3 12 10
      vertex 2.9855541800165906 11.705948579011318 10
    endloop
  endfacet
  facet normal 0 0 1
    outer loop
      vertex 3.218990313266116 16.182957126653303 10
      vertex 2.9855541800165906 12.294051420988682 10
      vertex 3 12 10
    endloop
  endfacet
  facet normal 0 0 1
    outer loop
      vertex 3.218990313266116 16.182957126653303 10
      vertex 2.9423558412096913 12.585270966048384 10
      vertex 2.9855541800165906 12.294051420988682 10
    endloop
  endfacet
  facet normal 0 0 1
    outer loop
      vertex 3.218990313266116 16.182957126653303 10
      vertex 2.8708210071966267 12.870854031763386 10
      vertex 2.9423558412096913 12.585270966048384 10
    endloop
  endfacet
  facet normal 0 0 1
    outer loop
      vertex 3.218990313266116 16.182957126653303 10
      vertex 2.4944088369076356 13.666710699058807 10
      vertex 2.6457637930450653 13.414190210477994 10
    endloop
  endfacet
  facet normal 0 0 1
    outer loop
      vertex 3.218990313266116 16.182957126653303 10
      vertex 2.77163859753386 13.148050297095269 10
      vertex 2.8708210071966267 12.870854031763386 10
    endloop
  endfacet
  facet normal 0 0 1
    outer loop
      vertex 3.218990313266116 16.182957126653303 10
      vertex 2.6457637930450653 13.414190210477994 10
      vertex 2.77163859753386 13.148050297095269 10
    endloop
  endfacet
  facet normal 0 0 1
    outer loop
      vertex 3.218990313266116 16.182957126653303 10
      vertex 1.9031798524909365 14.31903136008821 10
      vertex 2.121320343559643 14.121320343559642 10
    endloop
  endfacet
  facet normal 0 0 1
    outer loop
      vertex 3.218990313266116 16.182957126653303 10
      vertex 2.121320343559643 14.121320343559642 10
      vertex 2.319031360088211 13.903179852490936 10
    endloop
  endfacet
  facet normal 0 0 1
    outer loop
      vertex 3.218990313266116 16.182957126653303 10
      vertex 2.319031360088211 13.903179852490936 10
      vertex 2.4944088369076356 13.666710699058807 10
    endloop
  endfacet
  facet normal 0 0 1
    outer loop
      vertex 1.6172828154377499 16.42054799009125 10
      vertex 1.9031798524909365 14.31903136008821 10
      vertex 3.218990313266116 16.182957126653303 10
    endloop
  endfacet
  facet normal 0 0 1
    outer loop
      vertex 6.314276634023981 15.24401228643623 10
      vertex 7.194018165488893 5.895298934970316 10
      vertex 7.19915629104973 6.209290013536457 10
    endloop
  endfacet
  facet normal 0 0 1
    outer loop
      vertex 6.314276634023981 15.24401228643623 10
      vertex 7.19915629104973 6.209290013536457 10
      vertex 7.23504618274165 6.521265514862684 10
    endloop
  endfacet
  facet normal 0 0 1
    outer loop
      vertex 6.314276634023981 15.24401228643623 10
      vertex 7.23504618274165 6.521265514862684 10
      vertex 7.301342201288244 6.828220944328066 10
    endloop
  endfacet
  facet normal 0 0 1
    outer loop
      vertex 6.314276634023981 15.24401228643623 10
      vertex 7.301342201288244 6.828220944328066 10
      vertex 7.397405879789821 7.127200153347947 10
    endloop
  endfacet
  facet normal 0 0 1
    outer loop
      vertex 6.314276634023981 15.24401228643623 10
      vertex 7.397405879789821 7.127200153347947 10
      vertex 7.52231207250866 7.415323808700804 10
    endloop
  endfacet
  facet normal 0 0 1
    outer loop
      vertex 6.314276634023981 15.24401228643623 10
      vertex 7.52231207250866 7.415323808700804 10
      vertex 7.67485786452821 7.689817122081178 10
    endloop
  endfacet
  facet normal 0 0 1
    outer loop
      vertex 6.314276634023981 15.24401228643623 10
      vertex 7.67485786452821 7.689817122081178 10
      vertex 7.8535741564813115 7.948036572827906 10
    endloop
  endfacet
  facet normal 0 0 1
    outer loop
      vertex 7.778046157628961 14.55170086174786 10
      vertex 7.8535741564813115 7.948036572827906 10
      vertex 8.05673981278019 8.187495366473188 10
    endloop
  endfacet
  facet normal 0 0 1
    outer loop
      vertex 7.778046157628961 14.55170086174786 10
      vertex 8.05673981278019 8.187495366473188 10
      vertex 8.282398237093043 8.405887383932727 10
    endloop
  endfacet
  facet normal 0 0 1
    outer loop
      vertex 7.778046157628961 14.55170086174786 10
      vertex 8.282398237093043 8.405887383932727 10
      vertex 8.528376215436296 8.60110939069317 10
    endloop
  endfacet
  facet normal 0 0 1
    outer loop
      vertex 6.314276634023981 15.24401228643623 10
      vertex 7.8535741564813115 7.948036572827906 10
      vertex 7.778046157628961 14.55170086174786 10
    endloop
  endfacet
  facet normal 0.9987954562051723 0.04906767432741669 0
    outer loop
      vertex 16.42054799009125 1.6172828154377499 0
      vertex 16.42054799009125 1.6172828154377499 10
      vertex 16.5 0 10
    endloop
  endfacet
  facet normal 0.9891765099647808 0.14673047445536275 0
    outer loop
      vertex 16.182957126653303 3.218990313266116 0
      vertex 16.182957126653303 3.218990313266116 10
      vertex 16.42054799009125 1.6172828154377499 10
    endloop
  endfacet
  facet normal 0.9415440651830208 0.33688985339222005 0
    outer loop
      vertex 15.24401228643623 6.314276634023981 0
      vertex 15.24401228643623 6.314276634023981 10
      vertex 15.789515539581446 4.789697174698628 10
    endloop
  endfacet
  facet normal 0.9700312531945438 0.24298017990326445 0
    outer loop
      vertex 15.789515539581446 4.789697174698628 0
      vertex 15.789515539581446 4.789697174698628 10
      vertex 16.182957126653303 3.218990313266116 10
    endloop
  endfacet
  facet normal 0.9039892931234437 0.42755509343028114 0
    outer loop
      vertex 14.55170086174786 7.778046157628961 0
      vertex 14.55170086174786 7.778046157628961 10
      vertex 15.24401228643623 6.314276634023981 10
    endloop
  endfacet
  facet normal 0 0 1
    outer loop
      vertex 8.976981036712457 3.130007227095397 10
      vertex 9.335554701649563 -3.192282219728023 10
      vertex 9.265104692065316 3.005101034376558 10
    endloop
  endfacet
  facet normal 0 0 1
    outer loop
      vertex 8.80810129346216 -3.4523934554202635 10
      vertex 8.444268272585356 3.461269311068047 10
      vertex 8.204809478940076 3.664434967366926 10
    endloop
  endfacet
  facet normal 0 0 1
    outer loop
      vertex 8.566020558387102 -3.6199399791262947 10
      vertex 8.204809478940076 3.664434967366926 10
      vertex 7.986417461480536 3.89009339167978 10
    endloop
  endfacet
  facet normal 0 0 1
    outer loop
      vertex 8.80810129346216 -3.4523934554202635 10
      vertex 8.702487723332085 3.282553019114947 10
      vertex 8.444268272585356 3.461269311068047 10
    endloop
  endfacet
  facet normal 0 0 1
    outer loop
      vertex 9.065438774756261 -3.3093817754019357 10
      vertex 8.976981036712457 3.130007227095397 10
      vertex 8.702487723332085 3.282553019114947 10
    endloop
  endfacet
  facet normal 0 0 1
    outer loop
      vertex 9.615847710105701 -3.1022225211327954 10
      vertex 9.564083901085196 2.9090373558749807 10
      vertex 9.265104692065316 3.005101034376558 10
    endloop
  endfacet
  facet normal 0 0 1
    outer loop
      vertex 10.196095457722834 -3.0064232302841893 10
      vertex 9.871039330550579 2.8427413373283867 10
      vertex 9.564083901085196 2.9090373558749807 10
    endloop
  endfacet
  facet normal 0 0 1
    outer loop
      vertex 10.196095457722834 -3.0064232302841893 10
      vertex 10.183014831876806 2.806851445636469 10
      vertex 9.871039330550579 2.8427413373283867 10
    endloop
  endfacet
  facet normal 0 0 1
    outer loop
      vertex 10.490462093878591 -3.0016062375709027 10
      vertex 10.497005910442947 2.8017133200756303 10
      vertex 10.183014831876806 2.806851445636469 10
    endloop
  endfacet
  facet normal 0 0 1
    outer loop
      vertex 10.78388342207342 -3.0256654158785694 10
      vertex 10.80998866051743 2.8273764436038067 10
      vertex 10.497005910442947 2.8017133200756303 10
    endloop
  endfacet
  facet normal 0 0 1
    outer loop
      vertex 11.356623241322747 -3.1592096115146835 10
      vertex 11.11894888712326 2.883593666312533 10
      vertex 10.80998866051743 2.8273764436038067 10
    endloop
  endfacet
  facet normal 0 0 1
    outer loop
      vertex 11.356623241322747 -3.1592096115146835 10
      vertex 11.42091113438338 2.969823585615662 10
      vertex 11.11894888712326 2.883593666312533 10
    endloop
  endfacet
  facet normal 0 0 1
    outer loop
      vertex 11.892304845413264 -3.401923788646684 10
      vertex 11.712967340787326 3.0852357602522376 10
      vertex 11.42091113438338 2.969823585615662 10
    endloop
  endfacet
  facet normal 0 0 1
    outer loop
      vertex 11.892304845413264 -3.401923788646684 10
      vertex 11.992304845413264 3.2287187078897963 10
      vertex 11.712967340787326 3.0852357602522376 10
    endloop
  endfacet
  facet normal 0 0 1
    outer loop
      vertex 12.58189706350677 -3.9492230939313857 10
      vertex 12.25623347539023 3.398890609306831 10
      vertex 11.992304845413264 3.2287187078897963 10
    endloop
  endfacet
  facet normal 0 0 1
    outer loop
      vertex 12.772364866286967 -4.173715712973838 10
      vertex 12.502211453733484 3.5941126160672723 10
      vertex 12.25623347539023 3.398890609306831 10
    endloop
  endfacet
  facet normal 0 0 1
    outer loop
      vertex 12.772364866286967 -4.173715712973838 10
      vertex 12.727869878046336 3.8125046335268116 10
      vertex 12.502211453733484 3.5941126160672723 10
    endloop
  endfacet
  facet normal 0 0 1
    outer loop
      vertex 12.772364866286967 -4.173715712973838 10
      vertex 12.931035534345215 4.051963427172094 10
      vertex 12.727869878046336 3.8125046335268116 10
    endloop
  endfacet
  facet normal 0 0 1
    outer loop
      vertex 13.719248602991996 -9.166908844823435 10
      vertex 13.387203811036706 4.872799846652053 10
      vertex 13.262297618317866 4.584676191299196 10
    endloop
  endfacet
  facet normal 0 0 1
    outer loop
      vertex 13.719248602991996 -9.166908844823435 10
      vertex 13.483267489538282 5.171779055671934 10
      vertex 13.387203811036706 4.872799846652053 10
    endloop
  endfacet
  facet normal 0 0 1
    outer loop
      vertex 13.719248602991996 -9.166908844823435 10
      vertex 13.549563508084876 5.478734485137316 10
      vertex 13.483267489538282 5.171779055671934 10
    endloop
  endfacet
  facet normal 0 0 1
    outer loop
      vertex 13.719248602991996 -9.166908844823435 10
      vertex 13.585453399776796 5.790709986463543 10
      vertex 13.549563508084876 5.478734485137316 10
    endloop
  endfacet
  facet normal 0 0 1
    outer loop
      vertex 13.719248602991996 -9.166908844823435 10
      vertex 13.590591525337635 6.104701065029684 10
      vertex 13.585453399776796 5.790709986463543 10
    endloop
  endfacet
  facet normal 0 0 1
    outer loop
      vertex 13.719248602991996 -9.166908844823435 10
      vertex 13.719248602991996 9.166908844823435 10
      vertex 13.590591525337635 6.104701065029684 10
    endloop
  endfacet
  facet normal 0 0 1
    outer loop
      vertex 14.55170086174786 -7.778046157628961 10
      vertex 14.55170086174786 7.778046157628961 10
      vertex 13.719248602991996 9.166908844823435 10
    endloop
  endfacet
  facet normal 0 0 1
    outer loop
      vertex 16.42054799009125 -1.6172828154377499 10
      vertex 16.5 0 10
      vertex 16.42054799009125 1.6172828154377499 10
    endloop
  endfacet
  facet normal 0 0 1
    outer loop
      vertex 16.42054799009125 -1.6172828154377499 10
      vertex 16.42054799009125 1.6172828154377499 10
      vertex 16.182957126653303 3.218990313266116 10
    endloop
  endfacet
  facet normal 0 0 1
    outer loop
      vertex 16.182957126653303 -3.218990313266116 10
      vertex 16.182957126653303 3.218990313266116 10
      vertex 15.789515539581446 4.789697174698628 10
    endloop
  endfacet
  facet normal 0 0 1
    outer loop
      vertex 15.24401228643623 -6.314276634023981 10
      vertex 15.24401228643623 6.314276634023981 10
      vertex 14.55170086174786 7.778046157628961 10
    endloop
  endfacet
  facet normal 0 0 1
    outer loop
      vertex 15.789515539581446 -4.789697174698628 10
      vertex 15.789515539581446 4.789697174698628 10
      vertex 15.24401228643623 6.314276634023981 10
    endloop
  endfacet
  facet normal 0 0 1
    outer loop
      vertex 13.719248602991996 9.166908844823435 10
      vertex 13.163586137523467 7.6 10
      vertex 13.307069085161025 7.320662495374063 10
    endloop
  endfacet
  facet normal 0 0 1
    outer loop
      vertex 13.719248602991996 9.166908844823435 10
      vertex 12.993414236106432 7.863928629976967 10
      vertex 13.163586137523467 7.6 10
    endloop
  endfacet
  facet normal 0 0 1
    outer loop
      vertex 13.719248602991996 9.166908844823435 10
      vertex 13.564928401809457 6.417683815104166 10
      vertex 13.590591525337635 6.104701065029684 10
    endloop
  endfacet
  facet normal 0 0 1
    outer loop
      vertex 13.719248602991996 9.166908844823435 10
      vertex 13.50871117910073 6.726644041709994 10
      vertex 13.564928401809457 6.417683815104166 10
    endloop
  endfacet
  facet normal 0 0 1
    outer loop
      vertex 13.719248602991996 9.166908844823435 10
      vertex 13.4224812597976 7.028606288970117 10
      vertex 13.50871117910073 6.726644041709994 10
    endloop
  endfacet
  facet normal 0 0 1
    outer loop
      vertex 13.719248602991996 9.166908844823435 10
      vertex 13.307069085161025 7.320662495374063 10
      vertex 13.4224812597976 7.028606288970117 10
    endloop
  endfacet
  facet normal 0.6715589548470187 0.7409511253549589 0
    outer loop
      vertex 11.667261889578034 11.667261889578034 0
      vertex 10.467489188700151 12.75467248048516 10
      vertex 11.667261889578034 11.667261889578034 10
    endloop
  endfacet
  facet normal 0.7409511253549589 0.6715589548470187 0
    outer loop
      vertex 11.667261889578034 11.667261889578034 0
      vertex 11.667261889578034 11.667261889578034 10
      vertex 12.75467248048516 10.467489188700151 10
    endloop
  endfacet
  facet normal 0.5141027441932227 0.8577286100002715 0
    outer loop
      vertex 9.166908844823435 13.719248602991996 0
      vertex 7.778046157628961 14.55170086174786 10
      vertex 9.166908844823435 13.719248602991996 10
    endloop
  endfacet
  facet normal 0.5956993044924325 0.8032075314806454 0
    outer loop
      vertex 10.467489188700151 12.75467248048516 0
      vertex 9.166908844823435 13.719248602991996 10
      vertex 10.467489188700151 12.75467248048516 10
    endloop
  endfacet
  facet normal 0.8032075314806454 0.5956993044924325 0
    outer loop
      vertex 12.75467248048516 10.467489188700151 0
      vertex 12.75467248048516 10.467489188700151 10
      vertex 13.719248602991996 9.166908844823435 10
    endloop
  endfacet
  facet normal 0.8577286100002715 0.5141027441932227 0
    outer loop
      vertex 13.719248602991996 9.166908844823435 0
      vertex 13.719248602991996 9.166908844823435 10
      vertex 14.55170086174786 7.778046157628961 10
    endloop
  endfacet
  facet normal 0 0 1
    outer loop
      vertex 9.166908844823435 13.719248602991996 10
      vertex 8.528376215436296 8.60110939069317 10
      vertex 8.792304845413264 8.771281292110203 10
    endloop
  endfacet
  facet normal 0 0 1
    outer loop
      vertex 9.166908844823435 13.719248602991996 10
      vertex 8.792304845413264 8.771281292110203 10
      vertex 9.0716423500392 8.914764239747763 10
    endloop
  endfacet
  facet normal 0 0 1
    outer loop
      vertex 9.166908844823435 13.719248602991996 10
      vertex 9.0716423500392 8.914764239747763 10
      vertex 9.363698556443147 9.030176414384337 10
    endloop
  endfacet
  facet normal 0 0 1
    outer loop
      vertex 7.778046157628961 14.55170086174786 10
      vertex 8.528376215436296 8.60110939069317 10
      vertex 9.166908844823435 13.719248602991996 10
    endloop
  endfacet
  facet normal 0 0 1
    outer loop
      vertex 9.166908844823435 13.719248602991996 10
      vertex 9.363698556443147 9.030176414384337 10
      vertex 9.665660803703267 9.116406333687467 10
    endloop
  endfacet
  facet normal 0 0 1
    outer loop
      vertex 10.467489188700151 12.75467248048516 10
      vertex 9.665660803703267 9.116406333687467 10
      vertex 9.974621030309097 9.172623556396193 10
    endloop
  endfacet
  facet normal 0 0 1
    outer loop
      vertex 10.467489188700151 12.75467248048516 10
      vertex 9.974621030309097 9.172623556396193 10
      vertex 10.287603780383579 9.198286679924369 10
    endloop
  endfacet
  facet normal 0 0 1
    outer loop
      vertex 9.166908844823435 13.719248602991996 10
      vertex 9.665660803703267 9.116406333687467 10
      vertex 10.467489188700151 12.75467248048516 10
    endloop
  endfacet
  facet normal 0 0 1
    outer loop
      vertex 11.667261889578034 11.667261889578034 10
      vertex 10.913570360275948 9.157258662671612 10
      vertex 11.22052578974133 9.09096264412502 10
    endloop
  endfacet
  facet normal 0 0 1
    outer loop
      vertex 11.667261889578034 11.667261889578034 10
      vertex 11.22052578974133 9.09096264412502 10
      vertex 11.51950499876121 8.994898965623442 10
    endloop
  endfacet
  facet normal 0 0 1
    outer loop
      vertex 11.667261889578034 11.667261889578034 10
      vertex 11.51950499876121 8.994898965623442 10
      vertex 11.807628654114069 8.869992772904602 10
    endloop
  endfacet
  facet normal 0 0 1
    outer loop
      vertex 12.75467248048516 10.467489188700151 10
      vertex 11.807628654114069 8.869992772904602 10
      vertex 12.082121967494443 8.717446980885054 10
    endloop
  endfacet
  facet normal 0 0 1
    outer loop
      vertex 10.467489188700151 12.75467248048516 10
      vertex 10.287603780383579 9.198286679924369 10
      vertex 10.60159485894972 9.193148554363532 10
    endloop
  endfacet
  facet normal 0 0 1
    outer loop
      vertex 10.467489188700151 12.75467248048516 10
      vertex 10.60159485894972 9.193148554363532 10
      vertex 10.913570360275948 9.157258662671612 10
    endloop
  endfacet
  facet normal 0 0 1
    outer loop
      vertex 11.667261889578034 11.667261889578034 10
      vertex 10.467489188700151 12.75467248048516 10
      vertex 10.913570360275948 9.157258662671612 10
    endloop
  endfacet
  facet normal 0 0 1
    outer loop
      vertex 11.667261889578034 11.667261889578034 10
      vertex 11.807628654114069 8.869992772904602 10
      vertex 12.75467248048516 10.467489188700151 10
    endloop
  endfacet
  facet normal 0 0 1
    outer loop
      vertex 12.75467248048516 10.467489188700151 10
      vertex 12.082121967494443 8.717446980885054 10
      vertex 12.34034141824117 8.538730688931953 10
    endloop
  endfacet
  facet normal 0 0 1
    outer loop
      vertex 12.75467248048516 10.467489188700151 10
      vertex 12.34034141824117 8.538730688931953 10
      vertex 12.579800211886452 8.335565032633074 10
    endloop
  endfacet
  facet normal 0 0 1
    outer loop
      vertex 12.75467248048516 10.467489188700151 10
      vertex 12.579800211886452 8.335565032633074 10
      vertex 12.79819222934599 8.10990660832022 10
    endloop
  endfacet
  facet normal 0 0 1
    outer loop
      vertex 12.75467248048516 10.467489188700151 10
      vertex 12.79819222934599 8.10990660832022 10
      vertex 12.993414236106432 7.863928629976967 10
    endloop
  endfacet
  facet normal 0 0 1
    outer loop
      vertex 13.719248602991996 9.166908844823435 10
      vertex 12.75467248048516 10.467489188700151 10
      vertex 12.993414236106432 7.863928629976967 10
    endloop
  endfacet
  facet normal 0.8660254037844386 0.5000000000000001 0
    outer loop
      vertex -7.5 0 6.5
      vertex -3.75 -6.495190528383289 0
      vertex -7.5 0 0
    endloop
  endfacet
  facet normal 0.8660254037844386 0.5000000000000001 0
    outer loop
      vertex -3.75 -6.495190528383289 6.5
      vertex -3.75 -6.495190528383289 0
      vertex -7.5 0 6.5
    endloop
  endfacet
  facet normal 0 1 0
    outer loop
      vertex -3.75 -6.495190528383289 6.5
      vertex 3.75 -6.495190528383289 6.5
      vertex -3.75 -6.495190528383289 0
    endloop
  endfacet
  facet normal 0 0 -1
    outer loop
      vertex -3.75 -6.495190528383289 6.5
      vertex -7.5 0 6.5
      vertex -3.695518130045147 -1.5307337294603591 6.5
    endloop
  endfacet
  facet normal 0 0 -1
    outer loop
      vertex -3.9807389066887877 -0.3920685613182424 6.5
      vertex -7.5 0 6.5
      vertex -4 0 6.5
    endloop
  endfacet
  facet normal 0 0 -1
    outer loop
      vertex -3.8277613429288353 -1.1611387090178493 6.5
      vertex -3.695518130045147 -1.5307337294603591 6.5
      vertex -7.5 0 6.5
    endloop
  endfacet
  facet normal 0 0 -1
    outer loop
      vertex -3.8277613429288353 -1.1611387090178493 6.5
      vertex -7.5 0 6.5
      vertex -3.9231411216129217 -0.780361288064513 6.5
    endloop
  endfacet
  facet normal 0 0 -1
    outer loop
      vertex -3.9231411216129217 -0.780361288064513 6.5
      vertex -7.5 0 6.5
      vertex -3.9807389066887877 -0.3920685613182424 6.5
    endloop
  endfacet
  facet normal 0 0 -1
    outer loop
      vertex -3.75 -6.495190528383289 6.5
      vertex -2.8284271247461903 -2.8284271247461903 6.5
      vertex -2.537573136654582 -3.092041813450948 6.5
    endloop
  endfacet
  facet normal 0 0 -1
    outer loop
      vertex -3.75 -6.495190528383289 6.5
      vertex -2.537573136654582 -3.092041813450948 6.5
      vertex -2.2222809320784087 -3.325878449210181 6.5
    endloop
  endfacet
  facet normal 0 0 -1
    outer loop
      vertex -3.75 -6.495190528383289 6.5
      vertex -2.2222809320784087 -3.325878449210181 6.5
      vertex -1.8855869473039906 -3.52768505739342 6.5
    endloop
  endfacet
  facet normal 0 0 -1
    outer loop
      vertex -3.75 -6.495190528383289 6.5
      vertex -1.5307337294603591 -3.695518130045147 6.5
      vertex -1.1611387090178493 -3.8277613429288353 6.5
    endloop
  endfacet
  facet normal 0 0 -1
    outer loop
      vertex -3.75 -6.495190528383289 6.5
      vertex -1.8855869473039906 -3.52768505739342 6.5
      vertex -1.5307337294603591 -3.695518130045147 6.5
    endloop
  endfacet
  facet normal 0 0 -1
    outer loop
      vertex -3.75 -6.495190528383289 6.5
      vertex -1.1611387090178493 -3.8277613429288353 6.5
      vertex -0.780361288064513 -3.9231411216129217 6.5
    endloop
  endfacet
  facet normal 0 0 -1
    outer loop
      vertex -3.75 -6.495190528383289 6.5
      vertex -0.780361288064513 -3.9231411216129217 6.5
      vertex -0.3920685613182424 -3.9807389066887877 6.5
    endloop
  endfacet
  facet normal 0 0 -1
    outer loop
      vertex -3.75 -6.495190528383289 6.5
      vertex -0.3920685613182424 -3.9807389066887877 6.5
      vertex 0 -4 6.5
    endloop
  endfacet
  facet normal 0 0 -1
    outer loop
      vertex -3.75 -6.495190528383289 6.5
      vertex 0 -4 6.5
      vertex 0.3920685613182424 -3.9807389066887877 6.5
    endloop
  endfacet
  facet normal 0 0 -1
    outer loop
      vertex -3.75 -6.495190528383289 6.5
      vertex 0.3920685613182424 -3.9807389066887877 6.5
      vertex 0.780361288064513 -3.9231411216129217 6.5
    endloop
  endfacet
  facet normal 0 0 -1
    outer loop
      vertex -3.75 -6.495190528383289 6.5
      vertex -3.695518130045147 -1.5307337294603591 6.5
      vertex -3.52768505739342 -1.8855869473039906 6.5
    endloop
  endfacet
  facet normal 0 0 -1
    outer loop
      vertex -3.75 -6.495190528383289 6.5
      vertex -3.325878449210181 -2.2222809320784087 6.5
      vertex -3.092041813450948 -2.537573136654582 6.5
    endloop
  endfacet
  facet normal 0 0 -1
    outer loop
      vertex -3.75 -6.495190528383289 6.5
      vertex -3.092041813450948 -2.537573136654582 6.5
      vertex -2.8284271247461903 -2.8284271247461903 6.5
    endloop
  endfacet
  facet normal 0 0 -1
    outer loop
      vertex -3.75 -6.495190528383289 6.5
      vertex -3.52768505739342 -1.8855869473039906 6.5
      vertex -3.325878449210181 -2.2222809320784087 6.5
    endloop
  endfacet
  facet normal 0.8660254037844386 -0.5000000000000001 0
    outer loop
      vertex -3.75 6.495190528383289 6.5
      vertex -7.5 0 0
      vertex -3.75 6.495190528383289 0
    endloop
  endfacet
  facet normal 0 -1 0
    outer loop
      vertex -3.75 6.495190528383289 6.5
      vertex -3.75 6.495190528383289 0
      vertex 3.75 6.495190528383289 0
    endloop
  endfacet
  facet normal 0.8660254037844386 -0.5000000000000001 0
    outer loop
      vertex -7.5 0 6.5
      vertex -7.5 0 0
      vertex -3.75 6.495190528383289 6.5
    endloop
  endfacet
  facet normal 0 0 -1
    outer loop
      vertex -7.5 0 6.5
      vertex -3.9807389066887877 0.3920685613182424 6.5
      vertex -4 0 6.5
    endloop
  endfacet
  facet normal 0 0 -1
    outer loop
      vertex -7.5 0 6.5
      vertex -3.9231411216129217 0.780361288064513 6.5
      vertex -3.9807389066887877 0.3920685613182424 6.5
    endloop
  endfacet
  facet normal 0 0 -1
    outer loop
      vertex -7.5 0 6.5
      vertex -3.8277613429288353 1.1611387090178493 6.5
      vertex -3.9231411216129217 0.780361288064513 6.5
    endloop
  endfacet
  facet normal 0 0 -1
    outer loop
      vertex -7.5 0 6.5
      vertex -3.75 6.495190528383289 6.5
      vertex -3.8277613429288353 1.1611387090178493 6.5
    endloop
  endfacet
  facet normal 0 0 -1
    outer loop
      vertex -3.8277613429288353 1.1611387090178493 6.5
      vertex -3.75 6.495190528383289 6.5
      vertex -3.695518130045147 1.5307337294603591 6.5
    endloop
  endfacet
  facet normal 0 0 -1
    outer loop
      vertex -3.695518130045147 1.5307337294603591 6.5
      vertex -3.75 6.495190528383289 6.5
      vertex -3.52768505739342 1.8855869473039906 6.5
    endloop
  endfacet
  facet normal 0 0 -1
    outer loop
      vertex -3.52768505739342 1.8855869473039906 6.5
      vertex -3.75 6.495190528383289 6.5
      vertex -3.325878449210181 2.2222809320784087 6.5
    endloop
  endfacet
  facet normal 0 0 -1
    outer loop
      vertex -3.75 6.495190528383289 6.5
      vertex -3.092041813450948 2.537573136654582 6.5
      vertex -3.325878449210181 2.2222809320784087 6.5
    endloop
  endfacet
  facet normal 0 0 -1
    outer loop
      vertex -3.75 6.495190528383289 6.5
      vertex -2.8284271247461903 2.8284271247461903 6.5
      vertex -3.092041813450948 2.537573136654582 6.5
    endloop
  endfacet
  facet normal 0 0 -1
    outer loop
      vertex -3.75 6.495190528383289 6.5
      vertex -2.537573136654582 3.092041813450948 6.5
      vertex -2.8284271247461903 2.8284271247461903 6.5
    endloop
  endfacet
  facet normal 0 0 -1
    outer loop
      vertex -3.75 6.495190528383289 6.5
      vertex -2.2222809320784087 3.325878449210181 6.5
      vertex -2.537573136654582 3.092041813450948 6.5
    endloop
  endfacet
  facet normal 0 0 -1
    outer loop
      vertex -3.75 6.495190528383289 6.5
      vertex -1.8855869473039906 3.52768505739342 6.5
      vertex -2.2222809320784087 3.325878449210181 6.5
    endloop
  endfacet
  facet normal 0 0 -1
    outer loop
      vertex -3.75 6.495190528383289 6.5
      vertex -1.5307337294603591 3.695518130045147 6.5
      vertex -1.8855869473039906 3.52768505739342 6.5
    endloop
  endfacet
  facet normal 0 0 -1
    outer loop
      vertex -3.75 6.495190528383289 6.5
      vertex -1.1611387090178493 3.8277613429288353 6.5
      vertex -1.5307337294603591 3.695518130045147 6.5
    endloop
  endfacet
  facet normal 0 0 -1
    outer loop
      vertex -3.75 6.495190528383289 6.5
      vertex -0.780361288064513 3.9231411216129217 6.5
      vertex -1.1611387090178493 3.8277613429288353 6.5
    endloop
  endfacet
  facet normal 0 0 -1
    outer loop
      vertex -3.75 6.495190528383289 6.5
      vertex 3.75 6.495190528383289 6.5
      vertex -0.780361288064513 3.9231411216129217 6.5
    endloop
  endfacet
  facet normal 0 1 0
    outer loop
      vertex 3.75 -6.495190528383289 6.5
      vertex 3.75 -6.495190528383289 0
      vertex -3.75 -6.495190528383289 0
    endloop
  endfacet
  facet normal -0.8660254037844386 0.5000000000000001 0
    outer loop
      vertex 3.75 -6.495190528383289 6.5
      vertex 7.5 0 0
      vertex 3.75 -6.495190528383289 0
    endloop
  endfacet
  facet normal -0.8660254037844386 0.5000000000000001 0
    outer loop
      vertex 3.75 -6.495190528383289 6.5
      vertex 7.5 0 6.5
      vertex 7.5 0 0
    endloop
  endfacet
  facet normal 0 0 -1
    outer loop
      vertex -3.75 -6.495190528383289 6.5
      vertex 0.780361288064513 -3.9231411216129217 6.5
      vertex 3.75 -6.495190528383289 6.5
    endloop
  endfacet
  facet normal 0 0 -1
    outer loop
      vertex 0.780361288064513 -3.9231411216129217 6.5
      vertex 1.1611387090178493 -3.8277613429288353 6.5
      vertex 3.75 -6.495190528383289 6.5
    endloop
  endfacet
  facet normal 0 0 -1
    outer loop
      vertex 1.1611387090178493 -3.8277613429288353 6.5
      vertex 1.5307337294603591 -3.695518130045147 6.5
      vertex 3.75 -6.495190528383289 6.5
    endloop
  endfacet
  facet normal 0 0 -1
    outer loop
      vertex 1.5307337294603591 -3.695518130045147 6.5
      vertex 1.8855869473039906 -3.52768505739342 6.5
      vertex 3.75 -6.495190528383289 6.5
    endloop
  endfacet
  facet normal 0 0 -1
    outer loop
      vertex 1.8855869473039906 -3.52768505739342 6.5
      vertex 2.2222809320784087 -3.325878449210181 6.5
      vertex 3.75 -6.495190528383289 6.5
    endloop
  endfacet
  facet normal 0 0 -1
    outer loop
      vertex 2.2222809320784087 -3.325878449210181 6.5
      vertex 2.537573136654582 -3.092041813450948 6.5
      vertex 3.75 -6.495190528383289 6.5
    endloop
  endfacet
  facet normal 0 0 -1
    outer loop
      vertex 2.537573136654582 -3.092041813450948 6.5
      vertex 2.8284271247461903 -2.8284271247461903 6.5
      vertex 3.75 -6.495190528383289 6.5
    endloop
  endfacet
  facet normal 0 0 -1
    outer loop
      vertex 2.8284271247461903 -2.8284271247461903 6.5
      vertex 3.092041813450948 -2.537573136654582 6.5
      vertex 3.75 -6.495190528383289 6.5
    endloop
  endfacet
  facet normal 0 0 -1
    outer loop
      vertex 3.092041813450948 -2.537573136654582 6.5
      vertex 3.325878449210181 -2.2222809320784087 6.5
      vertex 3.75 -6.495190528383289 6.5
    endloop
  endfacet
  facet normal 0 0 -1
    outer loop
      vertex 3.325878449210181 -2.2222809320784087 6.5
      vertex 3.52768505739342 -1.8855869473039906 6.5
      vertex 3.75 -6.495190528383289 6.5
    endloop
  endfacet
  facet normal 0 0 -1
    outer loop
      vertex 3.75 -6.495190528383289 6.5
      vertex 3.52768505739342 -1.8855869473039906 6.5
      vertex 3.695518130045147 -1.5307337294603591 6.5
    endloop
  endfacet
  facet normal 0 0 -1
    outer loop
      vertex 3.75 -6.495190528383289 6.5
      vertex 3.695518130045147 -1.5307337294603591 6.5
      vertex 3.8277613429288353 -1.1611387090178493 6.5
    endloop
  endfacet
  facet normal 0 0 -1
    outer loop
      vertex 3.75 -6.495190528383289 6.5
      vertex 3.8277613429288353 -1.1611387090178493 6.5
      vertex 7.5 0 6.5
    endloop
  endfacet
  facet normal 0 0 -1
    outer loop
      vertex 3.8277613429288353 -1.1611387090178493 6.5
      vertex 3.9231411216129217 -0.780361288064513 6.5
      vertex 7.5 0 6.5
    endloop
  endfacet
  facet normal 0 0 -1
    outer loop
      vertex 3.9231411216129217 -0.780361288064513 6.5
      vertex 3.9807389066887877 -0.3920685613182424 6.5
      vertex 7.5 0 6.5
    endloop
  endfacet
  facet normal 0 0 -1
    outer loop
      vertex 3.9807389066887877 -0.3920685613182424 6.5
      vertex 4 0 6.5
      vertex 7.5 0 6.5
    endloop
  endfacet
  facet normal -0.8660254037844386 -0.5000000000000001 0
    outer loop
      vertex 7.5 0 6.5
      vertex 3.75 6.495190528383289 0
      vertex 7.5 0 0
    endloop
  endfacet
  facet normal 0 -1 0
    outer loop
      vertex -3.75 6.495190528383289 6.5
      vertex 3.75 6.495190528383289 0
      vertex 3.75 6.495190528383289 6.5
    endloop
  endfacet
  facet normal -0.8660254037844386 -0.5000000000000001 0
    outer loop
      vertex 3.75 6.495190528383289 6.5
      vertex 3.75 6.495190528383289 0
      vertex 7.5 0 6.5
    endloop
  endfacet
  facet normal 0 0 -1
    outer loop
      vertex 3.325878449210181 2.2222809320784087 6.5
      vertex 3.75 6.495190528383289 6.5
      vertex 3.52768505739342 1.8855869473039906 6.5
    endloop
  endfacet
  facet normal 0 0 -1
    outer loop
      vertex 3.092041813450948 2.537573136654582 6.5
      vertex 2.8284271247461903 2.8284271247461903 6.5
      vertex 3.75 6.495190528383289 6.5
    endloop
  endfacet
  facet normal 0 0 -1
    outer loop
      vertex 3.325878449210181 2.2222809320784087 6.5
      vertex 3.092041813450948 2.537573136654582 6.5
      vertex 3.75 6.495190528383289 6.5
    endloop
  endfacet
  facet normal 0 0 -1
    outer loop
      vertex 3.695518130045147 1.5307337294603591 6.5
      vertex 3.52768505739342 1.8855869473039906 6.5
      vertex 3.75 6.495190528383289 6.5
    endloop
  endfacet
  facet normal 0 0 -1
    outer loop
      vertex -0.780361288064513 3.9231411216129217 6.5
      vertex 3.75 6.495190528383289 6.5
      vertex -0.3920685613182424 3.9807389066887877 6.5
    endloop
  endfacet
  facet normal 0 0 -1
    outer loop
      vertex -0.3920685613182424 3.9807389066887877 6.5
      vertex 3.75 6.495190528383289 6.5
      vertex 0 4 6.5
    endloop
  endfacet
  facet normal 0 0 -1
    outer loop
      vertex 0 4 6.5
      vertex 3.75 6.495190528383289 6.5
      vertex 0.3920685613182424 3.9807389066887877 6.5
    endloop
  endfacet
  facet normal 0 0 -1
    outer loop
      vertex 0.3920685613182424 3.9807389066887877 6.5
      vertex 3.75 6.495190528383289 6.5
      vertex 0.780361288064513 3.9231411216129217 6.5
    endloop
  endfacet
  facet normal 0 0 -1
    outer loop
      vertex 0.780361288064513 3.9231411216129217 6.5
      vertex 3.75 6.495190528383289 6.5
      vertex 1.1611387090178493 3.8277613429288353 6.5
    endloop
  endfacet
  facet normal 0 0 -1
    outer loop
      vertex 1.8855869473039906 3.52768505739342 6.5
      vertex 1.5307337294603591 3.695518130045147 6.5
      vertex 3.75 6.495190528383289 6.5
    endloop
  endfacet
  facet normal 0 0 -1
    outer loop
      vertex 1.1611387090178493 3.8277613429288353 6.5
      vertex 3.75 6.495190528383289 6.5
      vertex 1.5307337294603591 3.695518130045147 6.5
    endloop
  endfacet
  facet normal 0 0 -1
    outer loop
      vertex 1.8855869473039906 3.52768505739342 6.5
      vertex 3.75 6.495190528383289 6.5
      vertex 2.2222809320784087 3.325878449210181 6.5
    endloop
  endfacet
  facet normal 0 0 -1
    outer loop
      vertex 2.537573136654582 3.092041813450948 6.5
      vertex 2.2222809320784087 3.325878449210181 6.5
      vertex 3.75 6.495190528383289 6.5
    endloop
  endfacet
  facet normal 0 0 -1
    outer loop
      vertex 2.537573136654582 3.092041813450948 6.5
      vertex 3.75 6.495190528383289 6.5
      vertex 2.8284271247461903 2.8284271247461903 6.5
    endloop
  endfacet
  facet normal 0 0 -1
    outer loop
      vertex 3.9807389066887877 0.3920685613182424 6.5
      vertex 3.9231411216129217 0.780361288064513 6.5
      vertex 7.5 0 6.5
    endloop
  endfacet
  facet normal 0 0 -1
    outer loop
      vertex 3.9231411216129217 0.780361288064513 6.5
      vertex 3.8277613429288353 1.1611387090178493 6.5
      vertex 7.5 0 6.5
    endloop
  endfacet
  facet normal 0 0 -1
    outer loop
      vertex 3.695518130045147 1.5307337294603591 6.5
      vertex 7.5 0 6.5
      vertex 3.8277613429288353 1.1611387090178493 6.5
    endloop
  endfacet
  facet normal 0 0 -1
    outer loop
      vertex 4 0 6.5
      vertex 3.9807389066887877 0.3920685613182424 6.5
      vertex 7.5 0 6.5
    endloop
  endfacet
  facet normal 0 0 -1
    outer loop
      vertex 3.695518130045147 1.5307337294603591 6.5
      vertex 3.75 6.495190528383289 6.5
      vertex 7.5 0 6.5
    endloop
  endfacet
  facet normal 0.8032075314806452 0.5956993044924329 0
    outer loop
      vertex -3.092041813450948 -2.537573136654582 6.5
      vertex -3.325878449210181 -2.2222809320784087 6.5
      vertex -3.325878449210181 -2.2222809320784087 10
    endloop
  endfacet
  facet normal 0.5956993044924329 0.8032075314806452 0
    outer loop
      vertex -2.537573136654582 -3.092041813450948 6.5
      vertex -2.537573136654582 -3.092041813450948 10
      vertex -2.2222809320784087 -3.325878449210181 6.5
    endloop
  endfacet
  facet normal 0.5141027441932221 0.8577286100002719 0
    outer loop
      vertex -2.2222809320784087 -3.325878449210181 6.5
      vertex -2.2222809320784087 -3.325878449210181 10
      vertex -1.8855869473039906 -3.52768505739342 6.5
    endloop
  endfacet
  facet normal 0.7409511253549595 0.6715589548470181 0
    outer loop
      vertex -3.092041813450948 -2.537573136654582 6.5
      vertex -3.092041813450948 -2.537573136654582 10
      vertex -2.8284271247461903 -2.8284271247461903 6.5
    endloop
  endfacet
  facet normal 0.6715589548470181 0.7409511253549595 0
    outer loop
      vertex -2.8284271247461903 -2.8284271247461903 6.5
      vertex -2.8284271247461903 -2.8284271247461903 10
      vertex -2.537573136654582 -3.092041813450948 6.5
    endloop
  endfacet
  facet normal 0.9039892931234433 0.4275550934302818 0
    outer loop
      vertex -3.695518130045147 -1.5307337294603591 6.5
      vertex -3.695518130045147 -1.5307337294603591 10
      vertex -3.52768505739342 -1.8855869473039906 6.5
    endloop
  endfacet
  facet normal 0.9415440651830208 0.33688985339221966 0
    outer loop
      vertex -3.8277613429288353 -1.1611387090178493 6.5
      vertex -3.8277613429288353 -1.1611387090178493 10
      vertex -3.695518130045147 -1.5307337294603591 6.5
    endloop
  endfacet
  facet normal 0.8577286100002719 0.5141027441932221 0
    outer loop
      vertex -3.52768505739342 -1.8855869473039906 6.5
      vertex -3.52768505739342 -1.8855869473039906 10
      vertex -3.325878449210181 -2.2222809320784087 6.5
    endloop
  endfacet
  facet normal 0.9700312531945439 0.24298017990326412 0
    outer loop
      vertex -3.8277613429288353 -1.1611387090178493 6.5
      vertex -3.9231411216129217 -0.780361288064513 6.5
      vertex -3.9231411216129217 -0.780361288064513 10
    endloop
  endfacet
  facet normal 0.9891765099647808 0.1467304744553624 0
    outer loop
      vertex -3.9231411216129217 -0.780361288064513 6.5
      vertex -3.9807389066887877 -0.3920685613182424 6.5
      vertex -3.9807389066887877 -0.3920685613182424 10
    endloop
  endfacet
  facet normal 0.9987954562051724 0.049067674327417585 0
    outer loop
      vertex -3.9807389066887877 -0.3920685613182424 6.5
      vertex -4 0 6.5
      vertex -4 0 10
    endloop
  endfacet
  facet normal 0.4275550934302818 0.9039892931234433 0
    outer loop
      vertex -1.8855869473039906 -3.52768505739342 6.5
      vertex -1.8855869473039906 -3.52768505739342 10
      vertex -1.5307337294603591 -3.695518130045147 6.5
    endloop
  endfacet
  facet normal 0.33688985339221966 0.9415440651830208 0
    outer loop
      vertex -1.5307337294603591 -3.695518130045147 6.5
      vertex -1.5307337294603591 -3.695518130045147 10
      vertex -1.1611387090178493 -3.8277613429288353 6.5
    endloop
  endfacet
  facet normal 0.24298017990326412 0.9700312531945439 0
    outer loop
      vertex -0.780361288064513 -3.9231411216129217 6.5
      vertex -1.1611387090178493 -3.8277613429288353 6.5
      vertex -1.1611387090178493 -3.8277613429288353 10
    endloop
  endfacet
  facet normal 0.1467304744553624 0.9891765099647808 0
    outer loop
      vertex -0.780361288064513 -3.9231411216129217 6.5
      vertex -0.780361288064513 -3.9231411216129217 10
      vertex -0.3920685613182424 -3.9807389066887877 6.5
    endloop
  endfacet
  facet normal 0.049067674327417585 0.9987954562051724 0
    outer loop
      vertex -0.3920685613182424 -3.9807389066887877 6.5
      vertex -0.3920685613182424 -3.9807389066887877 10
      vertex 0 -4 6.5
    endloop
  endfacet
  facet normal 0.8577286100002719 0.5141027441932221 0
    outer loop
      vertex -3.325878449210181 -2.2222809320784087 6.5
      vertex -3.52768505739342 -1.8855869473039906 10
      vertex -3.325878449210181 -2.2222809320784087 10
    endloop
  endfacet
  facet normal 0.8032075314806452 0.5956993044924329 0
    outer loop
      vertex -3.092041813450948 -2.537573136654582 6.5
      vertex -3.325878449210181 -2.2222809320784087 10
      vertex -3.092041813450948 -2.537573136654582 10
    endloop
  endfacet
  facet normal 0.5956993044924329 0.8032075314806452 0
    outer loop
      vertex -2.2222809320784087 -3.325878449210181 6.5
      vertex -2.537573136654582 -3.092041813450948 10
      vertex -2.2222809320784087 -3.325878449210181 10
    endloop
  endfacet
  facet normal 0.7409511253549595 0.6715589548470181 0
    outer loop
      vertex -2.8284271247461903 -2.8284271247461903 6.5
      vertex -3.092041813450948 -2.537573136654582 10
      vertex -2.8284271247461903 -2.8284271247461903 10
    endloop
  endfacet
  facet normal 0.6715589548470181 0.7409511253549595 0
    outer loop
      vertex -2.537573136654582 -3.092041813450948 6.5
      vertex -2.8284271247461903 -2.8284271247461903 10
      vertex -2.537573136654582 -3.092041813450948 10
    endloop
  endfacet
  facet normal 0.9415440651830208 0.33688985339221966 0
    outer loop
      vertex -3.695518130045147 -1.5307337294603591 6.5
      vertex -3.8277613429288353 -1.1611387090178493 10
      vertex -3.695518130045147 -1.5307337294603591 10
    endloop
  endfacet
  facet normal 0.9700312531945439 0.24298017990326412 0
    outer loop
      vertex -3.8277613429288353 -1.1611387090178493 6.5
      vertex -3.9231411216129217 -0.780361288064513 10
      vertex -3.8277613429288353 -1.1611387090178493 10
    endloop
  endfacet
  facet normal 0.9039892931234433 0.4275550934302818 0
    outer loop
      vertex -3.52768505739342 -1.8855869473039906 6.5
      vertex -3.695518130045147 -1.5307337294603591 10
      vertex -3.52768505739342 -1.8855869473039906 10
    endloop
  endfacet
  facet normal 0.9891765099647808 0.1467304744553624 0
    outer loop
      vertex -3.9231411216129217 -0.780361288064513 6.5
      vertex -3.9807389066887877 -0.3920685613182424 10
      vertex -3.9231411216129217 -0.780361288064513 10
    endloop
  endfacet
  facet normal 0.9987954562051724 0.049067674327417585 0
    outer loop
      vertex -3.9807389066887877 -0.3920685613182424 6.5
      vertex -4 0 10
      vertex -3.9807389066887877 -0.3920685613182424 10
    endloop
  endfacet
  facet normal 0.4275550934302818 0.9039892931234433 0
    outer loop
      vertex -1.5307337294603591 -3.695518130045147 6.5
      vertex -1.8855869473039906 -3.52768505739342 10
      vertex -1.5307337294603591 -3.695518130045147 10
    endloop
  endfacet
  facet normal 0.5141027441932221 0.8577286100002719 0
    outer loop
      vertex -1.8855869473039906 -3.52768505739342 6.5
      vertex -2.2222809320784087 -3.325878449210181 10
      vertex -1.8855869473039906 -3.52768505739342 10
    endloop
  endfacet
  facet normal 0.33688985339221966 0.9415440651830208 0
    outer loop
      vertex -1.1611387090178493 -3.8277613429288353 6.5
      vertex -1.5307337294603591 -3.695518130045147 10
      vertex -1.1611387090178493 -3.8277613429288353 10
    endloop
  endfacet
  facet normal 0.24298017990326412 0.9700312531945439 0
    outer loop
      vertex -0.780361288064513 -3.9231411216129217 6.5
      vertex -1.1611387090178493 -3.8277613429288353 10
      vertex -0.780361288064513 -3.9231411216129217 10
    endloop
  endfacet
  facet normal 0.1467304744553624 0.9891765099647808 0
    outer loop
      vertex -0.3920685613182424 -3.9807389066887877 6.5
      vertex -0.780361288064513 -3.9231411216129217 10
      vertex -0.3920685613182424 -3.9807389066887877 10
    endloop
  endfacet
  facet normal 0.049067674327417585 0.9987954562051724 0
    outer loop
      vertex 0 -4 6.5
      vertex -0.3920685613182424 -3.9807389066887877 10
      vertex 0 -4 10
    endloop
  endfacet
  facet normal 0.9987954562051724 -0.049067674327417585 0
    outer loop
      vertex -4 0 6.5
      vertex -3.9807389066887877 0.3920685613182424 6.5
      vertex -3.9807389066887877 0.3920685613182424 10
    endloop
  endfacet
  facet normal 0.9891765099647808 -0.1467304744553624 0
    outer loop
      vertex -3.9807389066887877 0.3920685613182424 6.5
      vertex -3.9231411216129217 0.780361288064513 6.5
      vertex -3.9231411216129217 0.780361288064513 10
    endloop
  endfacet
  facet normal 0.9700312531945439 -0.24298017990326412 0
    outer loop
      vertex -3.9231411216129217 0.780361288064513 6.5
      vertex -3.8277613429288353 1.1611387090178493 6.5
      vertex -3.8277613429288353 1.1611387090178493 10
    endloop
  endfacet
  facet normal 0.9415440651830208 -0.33688985339221966 0
    outer loop
      vertex -3.8277613429288353 1.1611387090178493 6.5
      vertex -3.695518130045147 1.5307337294603591 6.5
      vertex -3.695518130045147 1.5307337294603591 10
    endloop
  endfacet
  facet normal 0.9039892931234433 -0.4275550934302818 0
    outer loop
      vertex -3.695518130045147 1.5307337294603591 6.5
      vertex -3.52768505739342 1.8855869473039906 6.5
      vertex -3.52768505739342 1.8855869473039906 10
    endloop
  endfacet
  facet normal 0.8577286100002719 -0.5141027441932221 0
    outer loop
      vertex -3.52768505739342 1.8855869473039906 6.5
      vertex -3.325878449210181 2.2222809320784087 6.5
      vertex -3.325878449210181 2.2222809320784087 10
    endloop
  endfacet
  facet normal 0.8032075314806452 -0.5956993044924329 0
    outer loop
      vertex -3.325878449210181 2.2222809320784087 6.5
      vertex -3.092041813450948 2.537573136654582 6.5
      vertex -3.092041813450948 2.537573136654582 10
    endloop
  endfacet
  facet normal 0.7409511253549595 -0.6715589548470181 0
    outer loop
      vertex -3.092041813450948 2.537573136654582 6.5
      vertex -2.8284271247461903 2.8284271247461903 6.5
      vertex -2.8284271247461903 2.8284271247461903 10
    endloop
  endfacet
  facet normal 0.6715589548470181 -0.7409511253549595 0
    outer loop
      vertex -2.8284271247461903 2.8284271247461903 6.5
      vertex -2.537573136654582 3.092041813450948 6.5
      vertex -2.8284271247461903 2.8284271247461903 10
    endloop
  endfacet
  facet normal 0.5956993044924329 -0.8032075314806452 0
    outer loop
      vertex -2.537573136654582 3.092041813450948 6.5
      vertex -2.2222809320784087 3.325878449210181 6.5
      vertex -2.2222809320784087 3.325878449210181 10
    endloop
  endfacet
  facet normal 0.5141027441932221 -0.8577286100002719 0
    outer loop
      vertex -2.2222809320784087 3.325878449210181 6.5
      vertex -1.8855869473039906 3.52768505739342 6.5
      vertex -1.8855869473039906 3.52768505739342 10
    endloop
  endfacet
  facet normal 0.4275550934302818 -0.9039892931234433 0
    outer loop
      vertex -1.8855869473039906 3.52768505739342 6.5
      vertex -1.5307337294603591 3.695518130045147 6.5
      vertex -1.5307337294603591 3.695518130045147 10
    endloop
  endfacet
  facet normal 0.33688985339221966 -0.9415440651830208 0
    outer loop
      vertex -1.5307337294603591 3.695518130045147 6.5
      vertex -1.1611387090178493 3.8277613429288353 6.5
      vertex -1.1611387090178493 3.8277613429288353 10
    endloop
  endfacet
  facet normal 0.24298017990326412 -0.9700312531945439 0
    outer loop
      vertex -1.1611387090178493 3.8277613429288353 6.5
      vertex -0.780361288064513 3.9231411216129217 6.5
      vertex -0.780361288064513 3.9231411216129217 10
    endloop
  endfacet
  facet normal 0.1467304744553624 -0.9891765099647808 0
    outer loop
      vertex -0.780361288064513 3.9231411216129217 6.5
      vertex -0.3920685613182424 3.9807389066887877 6.5
      vertex -0.3920685613182424 3.9807389066887877 10
    endloop
  endfacet
  facet normal 0.049067674327417585 -0.9987954562051724 0
    outer loop
      vertex -0.3920685613182424 3.9807389066887877 6.5
      vertex 0 4 6.5
      vertex 0 4 10
    endloop
  endfacet
  facet normal 0.9987954562051724 -0.049067674327417585 0
    outer loop
      vertex -4 0 6.5
      vertex -3.9807389066887877 0.3920685613182424 10
      vertex -4 0 10
    endloop
  endfacet
  facet normal 0.9891765099647808 -0.1467304744553624 0
    outer loop
      vertex -3.9807389066887877 0.3920685613182424 6.5
      vertex -3.9231411216129217 0.780361288064513 10
      vertex -3.9807389066887877 0.3920685613182424 10
    endloop
  endfacet
  facet normal 0.9700312531945439 -0.24298017990326412 0
    outer loop
      vertex -3.9231411216129217 0.780361288064513 6.5
      vertex -3.8277613429288353 1.1611387090178493 10
      vertex -3.9231411216129217 0.780361288064513 10
    endloop
  endfacet
  facet normal 0.9415440651830208 -0.33688985339221966 0
    outer loop
      vertex -3.8277613429288353 1.1611387090178493 6.5
      vertex -3.695518130045147 1.5307337294603591 10
      vertex -3.8277613429288353 1.1611387090178493 10
    endloop
  endfacet
  facet normal 0.9039892931234433 -0.4275550934302818 0
    outer loop
      vertex -3.695518130045147 1.5307337294603591 6.5
      vertex -3.52768505739342 1.8855869473039906 10
      vertex -3.695518130045147 1.5307337294603591 10
    endloop
  endfacet
  facet normal 0.8577286100002719 -0.5141027441932221 0
    outer loop
      vertex -3.52768505739342 1.8855869473039906 6.5
      vertex -3.325878449210181 2.2222809320784087 10
      vertex -3.52768505739342 1.8855869473039906 10
    endloop
  endfacet
  facet normal 0.8032075314806452 -0.5956993044924329 0
    outer loop
      vertex -3.325878449210181 2.2222809320784087 6.5
      vertex -3.092041813450948 2.537573136654582 10
      vertex -3.325878449210181 2.2222809320784087 10
    endloop
  endfacet
  facet normal 0.7409511253549595 -0.6715589548470181 0
    outer loop
      vertex -3.092041813450948 2.537573136654582 6.5
      vertex -2.8284271247461903 2.8284271247461903 10
      vertex -3.092041813450948 2.537573136654582 10
    endloop
  endfacet
  facet normal 0.6715589548470181 -0.7409511253549595 0
    outer loop
      vertex -2.537573136654582 3.092041813450948 6.5
      vertex -2.537573136654582 3.092041813450948 10
      vertex -2.8284271247461903 2.8284271247461903 10
    endloop
  endfacet
  facet normal 0.5956993044924329 -0.8032075314806452 0
    outer loop
      vertex -2.537573136654582 3.092041813450948 6.5
      vertex -2.2222809320784087 3.325878449210181 10
      vertex -2.537573136654582 3.092041813450948 10
    endloop
  endfacet
  facet normal 0.5141027441932221 -0.8577286100002719 0
    outer loop
      vertex -2.2222809320784087 3.325878449210181 6.5
      vertex -1.8855869473039906 3.52768505739342 10
      vertex -2.2222809320784087 3.325878449210181 10
    endloop
  endfacet
  facet normal 0.4275550934302818 -0.9039892931234433 0
    outer loop
      vertex -1.8855869473039906 3.52768505739342 6.5
      vertex -1.5307337294603591 3.695518130045147 10
      vertex -1.8855869473039906 3.52768505739342 10
    endloop
  endfacet
  facet normal 0.33688985339221966 -0.9415440651830208 0
    outer loop
      vertex -1.5307337294603591 3.695518130045147 6.5
      vertex -1.1611387090178493 3.8277613429288353 10
      vertex -1.5307337294603591 3.695518130045147 10
    endloop
  endfacet
  facet normal 0.24298017990326412 -0.9700312531945439 0
    outer loop
      vertex -1.1611387090178493 3.8277613429288353 6.5
      vertex -0.780361288064513 3.9231411216129217 10
      vertex -1.1611387090178493 3.8277613429288353 10
    endloop
  endfacet
  facet normal 0.1467304744553624 -0.9891765099647808 0
    outer loop
      vertex -0.780361288064513 3.9231411216129217 6.5
      vertex -0.3920685613182424 3.9807389066887877 10
      vertex -0.780361288064513 3.9231411216129217 10
    endloop
  endfacet
  facet normal 0.049067674327417585 -0.9987954562051724 0
    outer loop
      vertex -0.3920685613182424 3.9807389066887877 6.5
      vertex 0 4 10
      vertex -0.3920685613182424 3.9807389066887877 10
    endloop
  endfacet
  facet normal -0.049067674327417585 0.9987954562051724 0
    outer loop
      vertex 0 -4 6.5
      vertex 0 -4 10
      vertex 0.3920685613182424 -3.9807389066887877 6.5
    endloop
  endfacet
  facet normal -0.1467304744553624 0.9891765099647808 0
    outer loop
      vertex 0.3920685613182424 -3.9807389066887877 6.5
      vertex 0.3920685613182424 -3.9807389066887877 10
      vertex 0.780361288064513 -3.9231411216129217 6.5
    endloop
  endfacet
  facet normal -0.24298017990326412 0.9700312531945439 0
    outer loop
      vertex 0.780361288064513 -3.9231411216129217 6.5
      vertex 0.780361288064513 -3.9231411216129217 10
      vertex 1.1611387090178493 -3.8277613429288353 6.5
    endloop
  endfacet
  facet normal -0.33688985339221966 0.9415440651830208 0
    outer loop
      vertex 1.1611387090178493 -3.8277613429288353 6.5
      vertex 1.1611387090178493 -3.8277613429288353 10
      vertex 1.5307337294603591 -3.695518130045147 6.5
    endloop
  endfacet
  facet normal -0.4275550934302818 0.9039892931234433 0
    outer loop
      vertex 1.5307337294603591 -3.695518130045147 6.5
      vertex 1.5307337294603591 -3.695518130045147 10
      vertex 1.8855869473039906 -3.52768505739342 6.5
    endloop
  endfacet
  facet normal -0.5141027441932221 0.8577286100002719 0
    outer loop
      vertex 1.8855869473039906 -3.52768505739342 6.5
      vertex 1.8855869473039906 -3.52768505739342 10
      vertex 2.2222809320784087 -3.325878449210181 6.5
    endloop
  endfacet
  facet normal -0.5956993044924329 0.8032075314806452 0
    outer loop
      vertex 2.2222809320784087 -3.325878449210181 6.5
      vertex 2.2222809320784087 -3.325878449210181 10
      vertex 2.537573136654582 -3.092041813450948 6.5
    endloop
  endfacet
  facet normal -0.6715589548470181 0.7409511253549595 0
    outer loop
      vertex 2.537573136654582 -3.092041813450948 6.5
      vertex 2.537573136654582 -3.092041813450948 10
      vertex 2.8284271247461903 -2.8284271247461903 6.5
    endloop
  endfacet
  facet normal -0.7409511253549595 0.6715589548470181 0
    outer loop
      vertex 2.8284271247461903 -2.8284271247461903 6.5
      vertex 2.8284271247461903 -2.8284271247461903 10
      vertex 3.092041813450948 -2.537573136654582 6.5
    endloop
  endfacet
  facet normal -0.8032075314806452 0.5956993044924329 0
    outer loop
      vertex 3.092041813450948 -2.537573136654582 6.5
      vertex 3.325878449210181 -2.2222809320784087 10
      vertex 3.325878449210181 -2.2222809320784087 6.5
    endloop
  endfacet
  facet normal -0.8577286100002719 0.5141027441932221 0
    outer loop
      vertex 3.325878449210181 -2.2222809320784087 6.5
      vertex 3.325878449210181 -2.2222809320784087 10
      vertex 3.52768505739342 -1.8855869473039906 6.5
    endloop
  endfacet
  facet normal -0.9039892931234433 0.4275550934302818 0
    outer loop
      vertex 3.52768505739342 -1.8855869473039906 6.5
      vertex 3.52768505739342 -1.8855869473039906 10
      vertex 3.695518130045147 -1.5307337294603591 6.5
    endloop
  endfacet
  facet normal -0.9415440651830208 0.33688985339221966 0
    outer loop
      vertex 3.695518130045147 -1.5307337294603591 6.5
      vertex 3.695518130045147 -1.5307337294603591 10
      vertex 3.8277613429288353 -1.1611387090178493 6.5
    endloop
  endfacet
  facet normal -0.9700312531945439 0.24298017990326412 0
    outer loop
      vertex 3.8277613429288353 -1.1611387090178493 6.5
      vertex 3.8277613429288353 -1.1611387090178493 10
      vertex 3.9231411216129217 -0.780361288064513 6.5
    endloop
  endfacet
  facet normal -0.9891765099647808 0.1467304744553624 0
    outer loop
      vertex 3.9231411216129217 -0.780361288064513 6.5
      vertex 3.9231411216129217 -0.780361288064513 10
      vertex 3.9807389066887877 -0.3920685613182424 6.5
    endloop
  endfacet
  facet normal -0.9987954562051724 0.049067674327417585 0
    outer loop
      vertex 3.9807389066887877 -0.3920685613182424 6.5
      vertex 3.9807389066887877 -0.3920685613182424 10
      vertex 4 0 6.5
    endloop
  endfacet
  facet normal -0.049067674327417585 0.9987954562051724 0
    outer loop
      vertex 0.3920685613182424 -3.9807389066887877 6.5
      vertex 0 -4 10
      vertex 0.3920685613182424 -3.9807389066887877 10
    endloop
  endfacet
  facet normal -0.1467304744553624 0.9891765099647808 0
    outer loop
      vertex 0.780361288064513 -3.9231411216129217 6.5
      vertex 0.3920685613182424 -3.9807389066887877 10
      vertex 0.780361288064513 -3.9231411216129217 10
    endloop
  endfacet
  facet normal -0.24298017990326412 0.9700312531945439 0
    outer loop
      vertex 1.1611387090178493 -3.8277613429288353 6.5
      vertex 0.780361288064513 -3.9231411216129217 10
      vertex 1.1611387090178493 -3.8277613429288353 10
    endloop
  endfacet
  facet normal -0.33688985339221966 0.9415440651830208 0
    outer loop
      vertex 1.5307337294603591 -3.695518130045147 6.5
      vertex 1.1611387090178493 -3.8277613429288353 10
      vertex 1.5307337294603591 -3.695518130045147 10
    endloop
  endfacet
  facet normal -0.4275550934302818 0.9039892931234433 0
    outer loop
      vertex 1.8855869473039906 -3.52768505739342 6.5
      vertex 1.5307337294603591 -3.695518130045147 10
      vertex 1.8855869473039906 -3.52768505739342 10
    endloop
  endfacet
  facet normal -0.5141027441932221 0.8577286100002719 0
    outer loop
      vertex 2.2222809320784087 -3.325878449210181 6.5
      vertex 1.8855869473039906 -3.52768505739342 10
      vertex 2.2222809320784087 -3.325878449210181 10
    endloop
  endfacet
  facet normal -0.5956993044924329 0.8032075314806452 0
    outer loop
      vertex 2.537573136654582 -3.092041813450948 6.5
      vertex 2.2222809320784087 -3.325878449210181 10
      vertex 2.537573136654582 -3.092041813450948 10
    endloop
  endfacet
  facet normal -0.6715589548470181 0.7409511253549595 0
    outer loop
      vertex 2.8284271247461903 -2.8284271247461903 6.5
      vertex 2.537573136654582 -3.092041813450948 10
      vertex 2.8284271247461903 -2.8284271247461903 10
    endloop
  endfacet
  facet normal -0.7409511253549595 0.6715589548470181 0
    outer loop
      vertex 3.092041813450948 -2.537573136654582 6.5
      vertex 2.8284271247461903 -2.8284271247461903 10
      vertex 3.092041813450948 -2.537573136654582 10
    endloop
  endfacet
  facet normal -0.8032075314806452 0.5956993044924329 0
    outer loop
      vertex 3.092041813450948 -2.537573136654582 6.5
      vertex 3.092041813450948 -2.537573136654582 10
      vertex 3.325878449210181 -2.2222809320784087 10
    endloop
  endfacet
  facet normal -0.8577286100002719 0.5141027441932221 0
    outer loop
      vertex 3.52768505739342 -1.8855869473039906 6.5
      vertex 3.325878449210181 -2.2222809320784087 10
      vertex 3.52768505739342 -1.8855869473039906 10
    endloop
  endfacet
  facet normal -0.9039892931234433 0.4275550934302818 0
    outer loop
      vertex 3.695518130045147 -1.5307337294603591 6.5
      vertex 3.52768505739342 -1.8855869473039906 10
      vertex 3.695518130045147 -1.5307337294603591 10
    endloop
  endfacet
  facet normal -0.9415440651830208 0.33688985339221966 0
    outer loop
      vertex 3.8277613429288353 -1.1611387090178493 6.5
      vertex 3.695518130045147 -1.5307337294603591 10
      vertex 3.8277613429288353 -1.1611387090178493 10
    endloop
  endfacet
  facet normal -0.9700312531945439 0.24298017990326412 0
    outer loop
      vertex 3.9231411216129217 -0.780361288064513 6.5
      vertex 3.8277613429288353 -1.1611387090178493 10
      vertex 3.9231411216129217 -0.780361288064513 10
    endloop
  endfacet
  facet normal -0.9891765099647808 0.1467304744553624 0
    outer loop
      vertex 3.9807389066887877 -0.3920685613182424 6.5
      vertex 3.9231411216129217 -0.780361288064513 10
      vertex 3.9807389066887877 -0.3920685613182424 10
    endloop
  endfacet
  facet normal -0.9987954562051724 0.049067674327417585 0
    outer loop
      vertex 4 0 6.5
      vertex 3.9807389066887877 -0.3920685613182424 10
      vertex 4 0 10
    endloop
  endfacet
  facet normal -0.049067674327417585 -0.9987954562051724 0
    outer loop
      vertex 0 4 6.5
      vertex 0.3920685613182424 3.9807389066887877 6.5
      vertex 0.3920685613182424 3.9807389066887877 10
    endloop
  endfacet
  facet normal -0.1467304744553624 -0.9891765099647808 0
    outer loop
      vertex 0.3920685613182424 3.9807389066887877 6.5
      vertex 0.780361288064513 3.9231411216129217 6.5
      vertex 0.780361288064513 3.9231411216129217 10
    endloop
  endfacet
  facet normal -0.24298017990326412 -0.9700312531945439 0
    outer loop
      vertex 0.780361288064513 3.9231411216129217 6.5
      vertex 1.1611387090178493 3.8277613429288353 6.5
      vertex 1.1611387090178493 3.8277613429288353 10
    endloop
  endfacet
  facet normal -0.33688985339221966 -0.9415440651830208 0
    outer loop
      vertex 1.1611387090178493 3.8277613429288353 6.5
      vertex 1.5307337294603591 3.695518130045147 6.5
      vertex 1.5307337294603591 3.695518130045147 10
    endloop
  endfacet
  facet normal -0.4275550934302818 -0.9039892931234433 0
    outer loop
      vertex 1.8855869473039906 3.52768505739342 6.5
      vertex 1.8855869473039906 3.52768505739342 10
      vertex 1.5307337294603591 3.695518130045147 6.5
    endloop
  endfacet
  facet normal -0.9987954562051724 -0.049067674327417585 0
    outer loop
      vertex 4 0 6.5
      vertex 4 0 10
      vertex 3.9807389066887877 0.3920685613182424 6.5
    endloop
  endfacet
  facet normal -0.9891765099647808 -0.1467304744553624 0
    outer loop
      vertex 3.9807389066887877 0.3920685613182424 6.5
      vertex 3.9807389066887877 0.3920685613182424 10
      vertex 3.9231411216129217 0.780361288064513 6.5
    endloop
  endfacet
  facet normal -0.9700312531945439 -0.24298017990326412 0
    outer loop
      vertex 3.9231411216129217 0.780361288064513 6.5
      vertex 3.9231411216129217 0.780361288064513 10
      vertex 3.8277613429288353 1.1611387090178493 6.5
    endloop
  endfacet
  facet normal -0.8577286100002719 -0.5141027441932221 0
    outer loop
      vertex 3.325878449210181 2.2222809320784087 6.5
      vertex 3.52768505739342 1.8855869473039906 6.5
      vertex 3.52768505739342 1.8855869473039906 10
    endloop
  endfacet
  facet normal -0.9415440651830208 -0.33688985339221966 0
    outer loop
      vertex 3.695518130045147 1.5307337294603591 6.5
      vertex 3.8277613429288353 1.1611387090178493 6.5
      vertex 3.8277613429288353 1.1611387090178493 10
    endloop
  endfacet
  facet normal -0.9039892931234433 -0.4275550934302818 0
    outer loop
      vertex 3.695518130045147 1.5307337294603591 6.5
      vertex 3.695518130045147 1.5307337294603591 10
      vertex 3.52768505739342 1.8855869473039906 6.5
    endloop
  endfacet
  facet normal -0.6715589548470181 -0.7409511253549595 0
    outer loop
      vertex 2.537573136654582 3.092041813450948 6.5
      vertex 2.8284271247461903 2.8284271247461903 6.5
      vertex 2.8284271247461903 2.8284271247461903 10
    endloop
  endfacet
  facet normal -0.7409511253549595 -0.6715589548470181 0
    outer loop
      vertex 3.092041813450948 2.537573136654582 6.5
      vertex 3.092041813450948 2.537573136654582 10
      vertex 2.8284271247461903 2.8284271247461903 6.5
    endloop
  endfacet
  facet normal -0.5141027441932221 -0.8577286100002719 0
    outer loop
      vertex 1.8855869473039906 3.52768505739342 6.5
      vertex 2.2222809320784087 3.325878449210181 6.5
      vertex 2.2222809320784087 3.325878449210181 10
    endloop
  endfacet
  facet normal -0.5956993044924329 -0.8032075314806452 0
    outer loop
      vertex 2.537573136654582 3.092041813450948 6.5
      vertex 2.537573136654582 3.092041813450948 10
      vertex 2.2222809320784087 3.325878449210181 6.5
    endloop
  endfacet
  facet normal -0.8032075314806452 -0.5956993044924329 0
    outer loop
      vertex 3.325878449210181 2.2222809320784087 6.5
      vertex 3.325878449210181 2.2222809320784087 10
      vertex 3.092041813450948 2.537573136654582 6.5
    endloop
  endfacet
  facet normal -0.049067674327417585 -0.9987954562051724 0
    outer loop
      vertex 0 4 6.5
      vertex 0.3920685613182424 3.9807389066887877 10
      vertex 0 4 10
    endloop
  endfacet
  facet normal -0.1467304744553624 -0.9891765099647808 0
    outer loop
      vertex 0.3920685613182424 3.9807389066887877 6.5
      vertex 0.780361288064513 3.9231411216129217 10
      vertex 0.3920685613182424 3.9807389066887877 10
    endloop
  endfacet
  facet normal -0.24298017990326412 -0.9700312531945439 0
    outer loop
      vertex 0.780361288064513 3.9231411216129217 6.5
      vertex 1.1611387090178493 3.8277613429288353 10
      vertex 0.780361288064513 3.9231411216129217 10
    endloop
  endfacet
  facet normal -0.33688985339221966 -0.9415440651830208 0
    outer loop
      vertex 1.1611387090178493 3.8277613429288353 6.5
      vertex 1.5307337294603591 3.695518130045147 10
      vertex 1.1611387090178493 3.8277613429288353 10
    endloop
  endfacet
  facet normal -0.5141027441932221 -0.8577286100002719 0
    outer loop
      vertex 1.8855869473039906 3.52768505739342 6.5
      vertex 2.2222809320784087 3.325878449210181 10
      vertex 1.8855869473039906 3.52768505739342 10
    endloop
  endfacet
  facet normal -0.4275550934302818 -0.9039892931234433 0
    outer loop
      vertex 1.5307337294603591 3.695518130045147 6.5
      vertex 1.8855869473039906 3.52768505739342 10
      vertex 1.5307337294603591 3.695518130045147 10
    endloop
  endfacet
  facet normal -0.9987954562051724 -0.049067674327417585 0
    outer loop
      vertex 3.9807389066887877 0.3920685613182424 6.5
      vertex 4 0 10
      vertex 3.9807389066887877 0.3920685613182424 10
    endloop
  endfacet
  facet normal -0.9891765099647808 -0.1467304744553624 0
    outer loop
      vertex 3.9231411216129217 0.780361288064513 6.5
      vertex 3.9807389066887877 0.3920685613182424 10
      vertex 3.9231411216129217 0.780361288064513 10
    endloop
  endfacet
  facet normal -0.9039892931234433 -0.4275550934302818 0
    outer loop
      vertex 3.52768505739342 1.8855869473039906 6.5
      vertex 3.695518130045147 1.5307337294603591 10
      vertex 3.52768505739342 1.8855869473039906 10
    endloop
  endfacet
  facet normal -0.9700312531945439 -0.24298017990326412 0
    outer loop
      vertex 3.8277613429288353 1.1611387090178493 6.5
      vertex 3.9231411216129217 0.780361288064513 10
      vertex 3.8277613429288353 1.1611387090178493 10
    endloop
  endfacet
  facet normal -0.9415440651830208 -0.33688985339221966 0
    outer loop
      vertex 3.695518130045147 1.5307337294603591 6.5
      vertex 3.8277613429288353 1.1611387090178493 10
      vertex 3.695518130045147 1.5307337294603591 10
    endloop
  endfacet
  facet normal -0.6715589548470181 -0.7409511253549595 0
    outer loop
      vertex 2.537573136654582 3.092041813450948 6.5
      vertex 2.8284271247461903 2.8284271247461903 10
      vertex 2.537573136654582 3.092041813450948 10
    endloop
  endfacet
  facet normal -0.7409511253549595 -0.6715589548470181 0
    outer loop
      vertex 2.8284271247461903 2.8284271247461903 6.5
      vertex 3.092041813450948 2.537573136654582 10
      vertex 2.8284271247461903 2.8284271247461903 10
    endloop
  endfacet
  facet normal -0.5956993044924329 -0.8032075314806452 0
    outer loop
      vertex 2.2222809320784087 3.325878449210181 6.5
      vertex 2.537573136654582 3.092041813450948 10
      vertex 2.2222809320784087 3.325878449210181 10
    endloop
  endfacet
  facet normal -0.8032075314806452 -0.5956993044924329 0
    outer loop
      vertex 3.092041813450948 2.537573136654582 6.5
      vertex 3.325878449210181 2.2222809320784087 10
      vertex 3.092041813450948 2.537573136654582 10
    endloop
  endfacet
  facet normal -0.8577286100002719 -0.5141027441932221 0
    outer loop
      vertex 3.325878449210181 2.2222809320784087 6.5
      vertex 3.52768505739342 1.8855869473039906 10
      vertex 3.325878449210181 2.2222809320784087 10
    endloop
  endfacet
  facet normal 0.9700312531945438 0.24298017990326495 0
    outer loop
      vertex -3.1385128972903376 -12.62428903045161 10
      vertex -3.0622090743430683 -12.928910967214279 0
      vertex -3.1385128972903376 -12.62428903045161 0
    endloop
  endfacet
  facet normal 0.989176509964781 0.1467304744553617 0
    outer loop
      vertex -3.18459112535103 -12.313654849054593 10
      vertex -3.1385128972903376 -12.62428903045161 0
      vertex -3.18459112535103 -12.313654849054593 0
    endloop
  endfacet
  facet normal 0.8032075314806458 0.595699304492432 0
    outer loop
      vertex -2.4736334507607585 -14.030058509323666 0
      vertex -2.660702759368145 -13.777824745662727 0
      vertex -2.660702759368145 -13.777824745662727 10
    endloop
  endfacet
  facet normal 0.8577286100002722 0.5141027441932213 0
    outer loop
      vertex -2.660702759368145 -13.777824745662727 0
      vertex -2.8221480459147363 -13.508469557843192 0
      vertex -2.8221480459147363 -13.508469557843192 10
    endloop
  endfacet
  facet normal 0.7409511253549598 0.6715589548470178 0
    outer loop
      vertex -2.2627416997969525 -14.262741699796953 0
      vertex -2.4736334507607585 -14.030058509323666 0
      vertex -2.4736334507607585 -14.030058509323666 10
    endloop
  endfacet
  facet normal 0.6715589548470161 0.740951125354961 0
    outer loop
      vertex -2.030058509323666 -14.473633450760758 0
      vertex -2.2627416997969525 -14.262741699796953 0
      vertex -2.2627416997969525 -14.262741699796953 10
    endloop
  endfacet
  facet normal 0.9039892931234432 0.42755509343028203 0
    outer loop
      vertex -2.8221480459147363 -13.508469557843192 0
      vertex -2.956414504036118 -13.224586983568287 0
      vertex -2.956414504036118 -13.224586983568287 10
    endloop
  endfacet
  facet normal 0.9415440651830211 0.33688985339221883 0
    outer loop
      vertex -2.956414504036118 -13.224586983568287 0
      vertex -3.0622090743430683 -12.928910967214279 0
      vertex -3.0622090743430683 -12.928910967214279 10
    endloop
  endfacet
  facet normal 0.5956993044924355 0.8032075314806434 0
    outer loop
      vertex -1.777824745662727 -14.660702759368146 0
      vertex -2.030058509323666 -14.473633450760758 0
      vertex -2.030058509323666 -14.473633450760758 10
    endloop
  endfacet
  facet normal 0.5141027441932223 0.8577286100002718 0
    outer loop
      vertex -1.5084695578431926 -14.822148045914737 0
      vertex -1.777824745662727 -14.660702759368146 0
      vertex -1.777824745662727 -14.660702759368146 10
    endloop
  endfacet
  facet normal 0.33688985339221655 0.941544065183022 0
    outer loop
      vertex -0.9289109672142795 -15.062209074343068 0
      vertex -1.2245869835682874 -14.956414504036118 0
      vertex -1.2245869835682874 -14.956414504036118 10
    endloop
  endfacet
  facet normal 0.4275550934302809 0.9039892931234439 0
    outer loop
      vertex -1.2245869835682874 -14.956414504036118 0
      vertex -1.5084695578431926 -14.822148045914737 0
      vertex -1.5084695578431926 -14.822148045914737 10
    endloop
  endfacet
  facet normal 0.24298017990326312 0.9700312531945442 0
    outer loop
      vertex -0.6242890304516104 -15.138512897290337 0
      vertex -0.9289109672142795 -15.062209074343068 0
      vertex -0.9289109672142795 -15.062209074343068 10
    endloop
  endfacet
  facet normal 0.1467304744553646 0.9891765099647806 0
    outer loop
      vertex -0.31365484905459395 -15.18459112535103 0
      vertex -0.6242890304516104 -15.138512897290337 0
      vertex -0.6242890304516104 -15.138512897290337 10
    endloop
  endfacet
  facet normal 0.04906767432741532 0.9987954562051725 0
    outer loop
      vertex 0 -15.2 0
      vertex -0.31365484905459395 -15.18459112535103 0
      vertex -0.31365484905459395 -15.18459112535103 10
    endloop
  endfacet
  facet normal 0.9987954562051724 0.04906767432741823 0
    outer loop
      vertex -3.2 -12 10
      vertex -3.18459112535103 -12.313654849054593 0
      vertex -3.2 -12 0
    endloop
  endfacet
  facet normal 0.9987954562051724 -0.04906767432741823 0
    outer loop
      vertex -3.18459112535103 -11.686345150945407 10
      vertex -3.2 -12 0
      vertex -3.18459112535103 -11.686345150945407 0
    endloop
  endfacet
  facet normal 0.989176509964781 -0.1467304744553617 0
    outer loop
      vertex -3.1385128972903376 -11.37571096954839 10
      vertex -3.18459112535103 -11.686345150945407 0
      vertex -3.1385128972903376 -11.37571096954839 0
    endloop
  endfacet
  facet normal 0.9700312531945438 -0.24298017990326495 0
    outer loop
      vertex -3.0622090743430683 -11.071089032785721 10
      vertex -3.1385128972903376 -11.37571096954839 0
      vertex -3.0622090743430683 -11.071089032785721 0
    endloop
  endfacet
  facet normal 0.9415440651830211 -0.33688985339221883 0
    outer loop
      vertex -2.956414504036118 -10.775413016431713 10
      vertex -3.0622090743430683 -11.071089032785721 0
      vertex -2.956414504036118 -10.775413016431713 0
    endloop
  endfacet
  facet normal 0.9039892931234432 -0.42755509343028203 0
    outer loop
      vertex -2.956414504036118 -10.775413016431713 0
      vertex -2.8221480459147363 -10.491530442156808 0
      vertex -2.8221480459147363 -10.491530442156808 10
    endloop
  endfacet
  facet normal 0.8577286100002722 -0.5141027441932213 0
    outer loop
      vertex -2.8221480459147363 -10.491530442156808 0
      vertex -2.660702759368145 -10.222175254337273 0
      vertex -2.660702759368145 -10.222175254337273 10
    endloop
  endfacet
  facet normal 0.8032075314806458 -0.595699304492432 0
    outer loop
      vertex -2.660702759368145 -10.222175254337273 0
      vertex -2.4736334507607585 -9.969941490676334 0
      vertex -2.4736334507607585 -9.969941490676334 10
    endloop
  endfacet
  facet normal 0.7409511253549598 -0.6715589548470178 0
    outer loop
      vertex -2.4736334507607585 -9.969941490676334 0
      vertex -2.2627416997969525 -9.737258300203047 0
      vertex -2.2627416997969525 -9.737258300203047 10
    endloop
  endfacet
  facet normal 0.6715589548470161 -0.740951125354961 0
    outer loop
      vertex -2.2627416997969525 -9.737258300203047 0
      vertex -2.030058509323666 -9.526366549239242 0
      vertex -2.030058509323666 -9.526366549239242 10
    endloop
  endfacet
  facet normal 0.5956993044924355 -0.8032075314806434 0
    outer loop
      vertex -2.030058509323666 -9.526366549239242 0
      vertex -1.777824745662727 -9.339297240631854 0
      vertex -1.777824745662727 -9.339297240631854 10
    endloop
  endfacet
  facet normal 0.5141027441932223 -0.8577286100002718 0
    outer loop
      vertex -1.777824745662727 -9.339297240631854 0
      vertex -1.5084695578431926 -9.177851954085263 0
      vertex -1.5084695578431926 -9.177851954085263 10
    endloop
  endfacet
  facet normal 0.4275550934302809 -0.9039892931234439 0
    outer loop
      vertex -1.5084695578431926 -9.177851954085263 0
      vertex -1.2245869835682874 -9.043585495963882 0
      vertex -1.2245869835682874 -9.043585495963882 10
    endloop
  endfacet
  facet normal 0.33688985339221655 -0.941544065183022 0
    outer loop
      vertex -1.2245869835682874 -9.043585495963882 0
      vertex -0.9289109672142795 -8.937790925656932 0
      vertex -0.9289109672142795 -8.937790925656932 10
    endloop
  endfacet
  facet normal 0.24298017990326312 -0.9700312531945442 0
    outer loop
      vertex -0.9289109672142795 -8.937790925656932 0
      vertex -0.6242890304516104 -8.861487102709663 0
      vertex -0.6242890304516104 -8.861487102709663 10
    endloop
  endfacet
  facet normal 0.1467304744553646 -0.9891765099647806 0
    outer loop
      vertex -0.6242890304516104 -8.861487102709663 0
      vertex -0.31365484905459395 -8.81540887464897 0
      vertex -0.31365484905459395 -8.81540887464897 10
    endloop
  endfacet
  facet normal 0.04906767432741532 -0.9987954562051725 0
    outer loop
      vertex -0.31365484905459395 -8.81540887464897 0
      vertex 0 -8.8 0
      vertex 0 -8.8 10
    endloop
  endfacet
  facet normal 0.989176509964781 0.1467304744553617 0
    outer loop
      vertex -3.18459112535103 -12.313654849054593 10
      vertex -3.1385128972903376 -12.62428903045161 10
      vertex -3.1385128972903376 -12.62428903045161 0
    endloop
  endfacet
  facet normal 0.9039892931234432 0.42755509343028203 0
    outer loop
      vertex -2.8221480459147363 -13.508469557843192 0
      vertex -2.956414504036118 -13.224586983568287 10
      vertex -2.8221480459147363 -13.508469557843192 10
    endloop
  endfacet
  facet normal 0.8577286100002722 0.5141027441932213 0
    outer loop
      vertex -2.660702759368145 -13.777824745662727 0
      vertex -2.8221480459147363 -13.508469557843192 10
      vertex -2.660702759368145 -13.777824745662727 10
    endloop
  endfacet
  facet normal 0.7409511253549598 0.6715589548470178 0
    outer loop
      vertex -2.2627416997969525 -14.262741699796953 0
      vertex -2.4736334507607585 -14.030058509323666 10
      vertex -2.2627416997969525 -14.262741699796953 10
    endloop
  endfacet
  facet normal 0.8032075314806458 0.595699304492432 0
    outer loop
      vertex -2.4736334507607585 -14.030058509323666 0
      vertex -2.660702759368145 -13.777824745662727 10
      vertex -2.4736334507607585 -14.030058509323666 10
    endloop
  endfacet
  facet normal 0.6715589548470161 0.740951125354961 0
    outer loop
      vertex -2.030058509323666 -14.473633450760758 0
      vertex -2.2627416997969525 -14.262741699796953 10
      vertex -2.030058509323666 -14.473633450760758 10
    endloop
  endfacet
  facet normal 0.9415440651830211 0.33688985339221883 0
    outer loop
      vertex -2.956414504036118 -13.224586983568287 0
      vertex -3.0622090743430683 -12.928910967214279 10
      vertex -2.956414504036118 -13.224586983568287 10
    endloop
  endfacet
  facet normal 0.9700312531945438 0.24298017990326495 0
    outer loop
      vertex -3.1385128972903376 -12.62428903045161 10
      vertex -3.0622090743430683 -12.928910967214279 10
      vertex -3.0622090743430683 -12.928910967214279 0
    endloop
  endfacet
  facet normal 0.5956993044924355 0.8032075314806434 0
    outer loop
      vertex -1.777824745662727 -14.660702759368146 0
      vertex -2.030058509323666 -14.473633450760758 10
      vertex -1.777824745662727 -14.660702759368146 10
    endloop
  endfacet
  facet normal 0.5141027441932223 0.8577286100002718 0
    outer loop
      vertex -1.5084695578431926 -14.822148045914737 0
      vertex -1.777824745662727 -14.660702759368146 10
      vertex -1.5084695578431926 -14.822148045914737 10
    endloop
  endfacet
  facet normal 0.4275550934302809 0.9039892931234439 0
    outer loop
      vertex -1.2245869835682874 -14.956414504036118 0
      vertex -1.5084695578431926 -14.822148045914737 10
      vertex -1.2245869835682874 -14.956414504036118 10
    endloop
  endfacet
  facet normal 0.33688985339221655 0.941544065183022 0
    outer loop
      vertex -0.9289109672142795 -15.062209074343068 0
      vertex -1.2245869835682874 -14.956414504036118 10
      vertex -0.9289109672142795 -15.062209074343068 10
    endloop
  endfacet
  facet normal 0.24298017990326312 0.9700312531945442 0
    outer loop
      vertex -0.6242890304516104 -15.138512897290337 0
      vertex -0.9289109672142795 -15.062209074343068 10
      vertex -0.6242890304516104 -15.138512897290337 10
    endloop
  endfacet
  facet normal 0.1467304744553646 0.9891765099647806 0
    outer loop
      vertex -0.31365484905459395 -15.18459112535103 0
      vertex -0.6242890304516104 -15.138512897290337 10
      vertex -0.31365484905459395 -15.18459112535103 10
    endloop
  endfacet
  facet normal 0.04906767432741532 0.9987954562051725 0
    outer loop
      vertex -0.31365484905459395 -15.18459112535103 10
      vertex 0 -15.2 10
      vertex 0 -15.2 0
    endloop
  endfacet
  facet normal 0.9987954562051724 0.04906767432741823 0
    outer loop
      vertex -3.2 -12 10
      vertex -3.18459112535103 -12.313654849054593 10
      vertex -3.18459112535103 -12.313654849054593 0
    endloop
  endfacet
  facet normal 0.9987954562051724 -0.04906767432741823 0
    outer loop
      vertex -3.18459112535103 -11.686345150945407 10
      vertex -3.2 -12 10
      vertex -3.2 -12 0
    endloop
  endfacet
  facet normal 0.989176509964781 -0.1467304744553617 0
    outer loop
      vertex -3.1385128972903376 -11.37571096954839 10
      vertex -3.18459112535103 -11.686345150945407 10
      vertex -3.18459112535103 -11.686345150945407 0
    endloop
  endfacet
  facet normal 0.9700312531945438 -0.24298017990326495 0
    outer loop
      vertex -3.0622090743430683 -11.071089032785721 10
      vertex -3.1385128972903376 -11.37571096954839 10
      vertex -3.1385128972903376 -11.37571096954839 0
    endloop
  endfacet
  facet normal 0.9415440651830211 -0.33688985339221883 0
    outer loop
      vertex -2.956414504036118 -10.775413016431713 10
      vertex -3.0622090743430683 -11.071089032785721 10
      vertex -3.0622090743430683 -11.071089032785721 0
    endloop
  endfacet
  facet normal 0.9039892931234432 -0.42755509343028203 0
    outer loop
      vertex -2.8221480459147363 -10.491530442156808 10
      vertex -2.956414504036118 -10.775413016431713 10
      vertex -2.956414504036118 -10.775413016431713 0
    endloop
  endfacet
  facet normal 0.8577286100002722 -0.5141027441932213 0
    outer loop
      vertex -2.8221480459147363 -10.491530442156808 0
      vertex -2.660702759368145 -10.222175254337273 10
      vertex -2.8221480459147363 -10.491530442156808 10
    endloop
  endfacet
  facet normal 0.8032075314806458 -0.595699304492432 0
    outer loop
      vertex -2.660702759368145 -10.222175254337273 0
      vertex -2.4736334507607585 -9.969941490676334 10
      vertex -2.660702759368145 -10.222175254337273 10
    endloop
  endfacet
  facet normal 0.7409511253549598 -0.6715589548470178 0
    outer loop
      vertex -2.4736334507607585 -9.969941490676334 0
      vertex -2.2627416997969525 -9.737258300203047 10
      vertex -2.4736334507607585 -9.969941490676334 10
    endloop
  endfacet
  facet normal 0.6715589548470161 -0.740951125354961 0
    outer loop
      vertex -2.2627416997969525 -9.737258300203047 0
      vertex -2.030058509323666 -9.526366549239242 10
      vertex -2.2627416997969525 -9.737258300203047 10
    endloop
  endfacet
  facet normal 0.5956993044924355 -0.8032075314806434 0
    outer loop
      vertex -1.777824745662727 -9.339297240631854 10
      vertex -2.030058509323666 -9.526366549239242 10
      vertex -2.030058509323666 -9.526366549239242 0
    endloop
  endfacet
  facet normal 0.5141027441932223 -0.8577286100002718 0
    outer loop
      vertex -1.777824745662727 -9.339297240631854 0
      vertex -1.5084695578431926 -9.177851954085263 10
      vertex -1.777824745662727 -9.339297240631854 10
    endloop
  endfacet
  facet normal 0.4275550934302809 -0.9039892931234439 0
    outer loop
      vertex -1.5084695578431926 -9.177851954085263 10
      vertex -1.5084695578431926 -9.177851954085263 0
      vertex -1.2245869835682874 -9.043585495963882 10
    endloop
  endfacet
  facet normal 0.33688985339221655 -0.941544065183022 0
    outer loop
      vertex -1.2245869835682874 -9.043585495963882 0
      vertex -0.9289109672142795 -8.937790925656932 10
      vertex -1.2245869835682874 -9.043585495963882 10
    endloop
  endfacet
  facet normal 0.24298017990326312 -0.9700312531945442 0
    outer loop
      vertex -0.9289109672142795 -8.937790925656932 0
      vertex -0.6242890304516104 -8.861487102709663 10
      vertex -0.9289109672142795 -8.937790925656932 10
    endloop
  endfacet
  facet normal 0.1467304744553646 -0.9891765099647806 0
    outer loop
      vertex -0.6242890304516104 -8.861487102709663 0
      vertex -0.31365484905459395 -8.81540887464897 10
      vertex -0.6242890304516104 -8.861487102709663 10
    endloop
  endfacet
  facet normal 0.04906767432741532 -0.9987954562051725 0
    outer loop
      vertex -0.31365484905459395 -8.81540887464897 0
      vertex 0 -8.8 10
      vertex -0.31365484905459395 -8.81540887464897 10
    endloop
  endfacet
  facet normal -0.04906767432741532 0.9987954562051725 0
    outer loop
      vertex 0.31365484905459395 -15.18459112535103 0
      vertex 0 -15.2 0
      vertex 0 -15.2 10
    endloop
  endfacet
  facet normal -0.1467304744553646 0.9891765099647806 0
    outer loop
      vertex 0.6242890304516104 -15.138512897290337 0
      vertex 0.31365484905459395 -15.18459112535103 0
      vertex 0.31365484905459395 -15.18459112535103 10
    endloop
  endfacet
  facet normal -0.24298017990326312 0.9700312531945442 0
    outer loop
      vertex 0.9289109672142795 -15.062209074343068 0
      vertex 0.6242890304516104 -15.138512897290337 0
      vertex 0.6242890304516104 -15.138512897290337 10
    endloop
  endfacet
  facet normal -0.33688985339221655 0.941544065183022 0
    outer loop
      vertex 1.2245869835682874 -14.956414504036118 0
      vertex 0.9289109672142795 -15.062209074343068 0
      vertex 0.9289109672142795 -15.062209074343068 10
    endloop
  endfacet
  facet normal -0.4275550934302809 0.9039892931234439 0
    outer loop
      vertex 1.5084695578431926 -14.822148045914737 0
      vertex 1.2245869835682874 -14.956414504036118 0
      vertex 1.2245869835682874 -14.956414504036118 10
    endloop
  endfacet
  facet normal -0.5141027441932223 0.8577286100002718 0
    outer loop
      vertex 1.777824745662727 -14.660702759368146 0
      vertex 1.5084695578431926 -14.822148045914737 0
      vertex 1.5084695578431926 -14.822148045914737 10
    endloop
  endfacet
  facet normal -0.5956993044924355 0.8032075314806434 0
    outer loop
      vertex 2.030058509323666 -14.473633450760758 0
      vertex 1.777824745662727 -14.660702759368146 0
      vertex 1.777824745662727 -14.660702759368146 10
    endloop
  endfacet
  facet normal -0.6715589548470161 0.740951125354961 0
    outer loop
      vertex 2.2627416997969525 -14.262741699796953 0
      vertex 2.030058509323666 -14.473633450760758 0
      vertex 2.030058509323666 -14.473633450760758 10
    endloop
  endfacet
  facet normal -0.7409511253549598 0.6715589548470178 0
    outer loop
      vertex 2.2627416997969525 -14.262741699796953 0
      vertex 2.2627416997969525 -14.262741699796953 10
      vertex 2.4736334507607585 -14.030058509323666 0
    endloop
  endfacet
  facet normal -0.8032075314806458 0.595699304492432 0
    outer loop
      vertex 2.660702759368145 -13.777824745662727 0
      vertex 2.4736334507607585 -14.030058509323666 0
      vertex 2.4736334507607585 -14.030058509323666 10
    endloop
  endfacet
  facet normal -0.8577286100002722 0.5141027441932213 0
    outer loop
      vertex 2.8221480459147363 -13.508469557843192 0
      vertex 2.660702759368145 -13.777824745662727 0
      vertex 2.660702759368145 -13.777824745662727 10
    endloop
  endfacet
  facet normal -0.9039892931234432 0.42755509343028203 0
    outer loop
      vertex 2.956414504036118 -13.224586983568287 0
      vertex 2.8221480459147363 -13.508469557843192 0
      vertex 2.8221480459147363 -13.508469557843192 10
    endloop
  endfacet
  facet normal -0.9415440651830211 0.33688985339221883 0
    outer loop
      vertex 3.0622090743430683 -12.928910967214279 0
      vertex 2.956414504036118 -13.224586983568287 0
      vertex 2.956414504036118 -13.224586983568287 10
    endloop
  endfacet
  facet normal -0.9700312531945438 0.24298017990326495 0
    outer loop
      vertex 3.1385128972903376 -12.62428903045161 0
      vertex 3.0622090743430683 -12.928910967214279 0
      vertex 3.0622090743430683 -12.928910967214279 10
    endloop
  endfacet
  facet normal -0.989176509964781 0.1467304744553617 0
    outer loop
      vertex 3.18459112535103 -12.313654849054593 0
      vertex 3.1385128972903376 -12.62428903045161 0
      vertex 3.1385128972903376 -12.62428903045161 10
    endloop
  endfacet
  facet normal -0.04906767432741532 -0.9987954562051725 0
    outer loop
      vertex 0 -8.8 0
      vertex 0.31365484905459395 -8.81540887464897 0
      vertex 0.31365484905459395 -8.81540887464897 10
    endloop
  endfacet
  facet normal -0.1467304744553646 -0.9891765099647806 0
    outer loop
      vertex 0.31365484905459395 -8.81540887464897 0
      vertex 0.6242890304516104 -8.861487102709663 0
      vertex 0.6242890304516104 -8.861487102709663 10
    endloop
  endfacet
  facet normal -0.24298017990326312 -0.9700312531945442 0
    outer loop
      vertex 0.6242890304516104 -8.861487102709663 0
      vertex 0.9289109672142795 -8.937790925656932 0
      vertex 0.9289109672142795 -8.937790925656932 10
    endloop
  endfacet
  facet normal -0.5141027441932223 -0.8577286100002718 0
    outer loop
      vertex 1.5084695578431926 -9.177851954085263 0
      vertex 1.777824745662727 -9.339297240631854 0
      vertex 1.777824745662727 -9.339297240631854 10
    endloop
  endfacet
  facet normal -0.5956993044924355 -0.8032075314806434 0
    outer loop
      vertex 1.777824745662727 -9.339297240631854 0
      vertex 2.030058509323666 -9.526366549239242 0
      vertex 2.030058509323666 -9.526366549239242 10
    endloop
  endfacet
  facet normal -0.33688985339221655 -0.941544065183022 0
    outer loop
      vertex 0.9289109672142795 -8.937790925656932 0
      vertex 1.2245869835682874 -9.043585495963882 0
      vertex 1.2245869835682874 -9.043585495963882 10
    endloop
  endfacet
  facet normal -0.4275550934302809 -0.9039892931234439 0
    outer loop
      vertex 1.2245869835682874 -9.043585495963882 0
      vertex 1.5084695578431926 -9.177851954085263 0
      vertex 1.5084695578431926 -9.177851954085263 10
    endloop
  endfacet
  facet normal -0.9415440651830211 -0.33688985339221883 0
    outer loop
      vertex 2.956414504036118 -10.775413016431713 0
      vertex 3.0622090743430683 -11.071089032785721 0
      vertex 3.0622090743430683 -11.071089032785721 10
    endloop
  endfacet
  facet normal -0.8577286100002722 -0.5141027441932213 0
    outer loop
      vertex 2.660702759368145 -10.222175254337273 0
      vertex 2.8221480459147363 -10.491530442156808 0
      vertex 2.8221480459147363 -10.491530442156808 10
    endloop
  endfacet
  facet normal -0.9039892931234432 -0.42755509343028203 0
    outer loop
      vertex 2.8221480459147363 -10.491530442156808 0
      vertex 2.956414504036118 -10.775413016431713 0
      vertex 2.956414504036118 -10.775413016431713 10
    endloop
  endfacet
  facet normal -0.9987954562051724 0.04906767432741823 0
    outer loop
      vertex 3.2 -12 0
      vertex 3.18459112535103 -12.313654849054593 0
      vertex 3.18459112535103 -12.313654849054593 10
    endloop
  endfacet
  facet normal -0.9987954562051724 -0.04906767432741823 0
    outer loop
      vertex 3.18459112535103 -11.686345150945407 0
      vertex 3.2 -12 0
      vertex 3.2 -12 10
    endloop
  endfacet
  facet normal -0.989176509964781 -0.1467304744553617 0
    outer loop
      vertex 3.1385128972903376 -11.37571096954839 0
      vertex 3.18459112535103 -11.686345150945407 0
      vertex 3.18459112535103 -11.686345150945407 10
    endloop
  endfacet
  facet normal -0.9700312531945438 -0.24298017990326495 0
    outer loop
      vertex 3.0622090743430683 -11.071089032785721 0
      vertex 3.1385128972903376 -11.37571096954839 0
      vertex 3.1385128972903376 -11.37571096954839 10
    endloop
  endfacet
  facet normal -0.7409511253549598 -0.6715589548470178 0
    outer loop
      vertex 2.2627416997969525 -9.737258300203047 0
      vertex 2.4736334507607585 -9.969941490676334 0
      vertex 2.4736334507607585 -9.969941490676334 10
    endloop
  endfacet
  facet normal -0.6715589548470161 -0.740951125354961 0
    outer loop
      vertex 2.030058509323666 -9.526366549239242 0
      vertex 2.2627416997969525 -9.737258300203047 0
      vertex 2.2627416997969525 -9.737258300203047 10
    endloop
  endfacet
  facet normal -0.8032075314806458 -0.595699304492432 0
    outer loop
      vertex 2.4736334507607585 -9.969941490676334 0
      vertex 2.660702759368145 -10.222175254337273 0
      vertex 2.660702759368145 -10.222175254337273 10
    endloop
  endfacet
  facet normal -0.04906767432741532 0.9987954562051725 0
    outer loop
      vertex 0.31365484905459395 -15.18459112535103 0
      vertex 0 -15.2 10
      vertex 0.31365484905459395 -15.18459112535103 10
    endloop
  endfacet
  facet normal -0.1467304744553646 0.9891765099647806 0
    outer loop
      vertex 0.6242890304516104 -15.138512897290337 0
      vertex 0.31365484905459395 -15.18459112535103 10
      vertex 0.6242890304516104 -15.138512897290337 10
    endloop
  endfacet
  facet normal -0.24298017990326312 0.9700312531945442 0
    outer loop
      vertex 0.9289109672142795 -15.062209074343068 0
      vertex 0.6242890304516104 -15.138512897290337 10
      vertex 0.9289109672142795 -15.062209074343068 10
    endloop
  endfacet
  facet normal -0.33688985339221655 0.941544065183022 0
    outer loop
      vertex 1.2245869835682874 -14.956414504036118 0
      vertex 0.9289109672142795 -15.062209074343068 10
      vertex 1.2245869835682874 -14.956414504036118 10
    endloop
  endfacet
  facet normal -0.4275550934302809 0.9039892931234439 0
    outer loop
      vertex 1.5084695578431926 -14.822148045914737 0
      vertex 1.2245869835682874 -14.956414504036118 10
      vertex 1.5084695578431926 -14.822148045914737 10
    endloop
  endfacet
  facet normal -0.5141027441932223 0.8577286100002718 0
    outer loop
      vertex 1.777824745662727 -14.660702759368146 0
      vertex 1.5084695578431926 -14.822148045914737 10
      vertex 1.777824745662727 -14.660702759368146 10
    endloop
  endfacet
  facet normal -0.5956993044924355 0.8032075314806434 0
    outer loop
      vertex 2.030058509323666 -14.473633450760758 0
      vertex 1.777824745662727 -14.660702759368146 10
      vertex 2.030058509323666 -14.473633450760758 10
    endloop
  endfacet
  facet normal -0.6715589548470161 0.740951125354961 0
    outer loop
      vertex 2.2627416997969525 -14.262741699796953 0
      vertex 2.030058509323666 -14.473633450760758 10
      vertex 2.2627416997969525 -14.262741699796953 10
    endloop
  endfacet
  facet normal -0.7409511253549598 0.6715589548470178 0
    outer loop
      vertex 2.4736334507607585 -14.030058509323666 0
      vertex 2.2627416997969525 -14.262741699796953 10
      vertex 2.4736334507607585 -14.030058509323666 10
    endloop
  endfacet
  facet normal -0.8032075314806458 0.595699304492432 0
    outer loop
      vertex 2.660702759368145 -13.777824745662727 0
      vertex 2.4736334507607585 -14.030058509323666 10
      vertex 2.660702759368145 -13.777824745662727 10
    endloop
  endfacet
  facet normal -0.8577286100002722 0.5141027441932213 0
    outer loop
      vertex 2.8221480459147363 -13.508469557843192 0
      vertex 2.660702759368145 -13.777824745662727 10
      vertex 2.8221480459147363 -13.508469557843192 10
    endloop
  endfacet
  facet normal -0.9039892931234432 0.42755509343028203 0
    outer loop
      vertex 2.956414504036118 -13.224586983568287 0
      vertex 2.8221480459147363 -13.508469557843192 10
      vertex 2.956414504036118 -13.224586983568287 10
    endloop
  endfacet
  facet normal -0.9415440651830211 0.33688985339221883 0
    outer loop
      vertex 2.956414504036118 -13.224586983568287 10
      vertex 3.0622090743430683 -12.928910967214279 10
      vertex 3.0622090743430683 -12.928910967214279 0
    endloop
  endfacet
  facet normal -0.9700312531945438 0.24298017990326495 0
    outer loop
      vertex 3.1385128972903376 -12.62428903045161 0
      vertex 3.0622090743430683 -12.928910967214279 10
      vertex 3.1385128972903376 -12.62428903045161 10
    endloop
  endfacet
  facet normal -0.989176509964781 0.1467304744553617 0
    outer loop
      vertex 3.18459112535103 -12.313654849054593 0
      vertex 3.1385128972903376 -12.62428903045161 10
      vertex 3.18459112535103 -12.313654849054593 10
    endloop
  endfacet
  facet normal -0.04906767432741532 -0.9987954562051725 0
    outer loop
      vertex 0 -8.8 0
      vertex 0.31365484905459395 -8.81540887464897 10
      vertex 0 -8.8 10
    endloop
  endfacet
  facet normal -0.1467304744553646 -0.9891765099647806 0
    outer loop
      vertex 0.31365484905459395 -8.81540887464897 0
      vertex 0.6242890304516104 -8.861487102709663 10
      vertex 0.31365484905459395 -8.81540887464897 10
    endloop
  endfacet
  facet normal -0.24298017990326312 -0.9700312531945442 0
    outer loop
      vertex 0.6242890304516104 -8.861487102709663 0
      vertex 0.9289109672142795 -8.937790925656932 10
      vertex 0.6242890304516104 -8.861487102709663 10
    endloop
  endfacet
  facet normal -0.33688985339221655 -0.941544065183022 0
    outer loop
      vertex 0.9289109672142795 -8.937790925656932 0
      vertex 1.2245869835682874 -9.043585495963882 10
      vertex 0.9289109672142795 -8.937790925656932 10
    endloop
  endfacet
  facet normal -0.5956993044924355 -0.8032075314806434 0
    outer loop
      vertex 1.777824745662727 -9.339297240631854 10
      vertex 1.777824745662727 -9.339297240631854 0
      vertex 2.030058509323666 -9.526366549239242 10
    endloop
  endfacet
  facet normal -0.4275550934302809 -0.9039892931234439 0
    outer loop
      vertex 1.5084695578431926 -9.177851954085263 10
      vertex 1.2245869835682874 -9.043585495963882 10
      vertex 1.2245869835682874 -9.043585495963882 0
    endloop
  endfacet
  facet normal -0.5141027441932223 -0.8577286100002718 0
    outer loop
      vertex 1.777824745662727 -9.339297240631854 10
      vertex 1.5084695578431926 -9.177851954085263 10
      vertex 1.5084695578431926 -9.177851954085263 0
    endloop
  endfacet
  facet normal -0.9700312531945438 -0.24298017990326495 0
    outer loop
      vertex 3.0622090743430683 -11.071089032785721 0
      vertex 3.1385128972903376 -11.37571096954839 10
      vertex 3.0622090743430683 -11.071089032785721 10
    endloop
  endfacet
  facet normal -0.9415440651830211 -0.33688985339221883 0
    outer loop
      vertex 2.956414504036118 -10.775413016431713 0
      vertex 3.0622090743430683 -11.071089032785721 10
      vertex 2.956414504036118 -10.775413016431713 10
    endloop
  endfacet
  facet normal -0.9039892931234432 -0.42755509343028203 0
    outer loop
      vertex 2.8221480459147363 -10.491530442156808 0
      vertex 2.956414504036118 -10.775413016431713 10
      vertex 2.8221480459147363 -10.491530442156808 10
    endloop
  endfacet
  facet normal -0.9987954562051724 0.04906767432741823 0
    outer loop
      vertex 3.2 -12 0
      vertex 3.18459112535103 -12.313654849054593 10
      vertex 3.2 -12 10
    endloop
  endfacet
  facet normal -0.9987954562051724 -0.04906767432741823 0
    outer loop
      vertex 3.18459112535103 -11.686345150945407 0
      vertex 3.2 -12 10
      vertex 3.18459112535103 -11.686345150945407 10
    endloop
  endfacet
  facet normal -0.989176509964781 -0.1467304744553617 0
    outer loop
      vertex 3.1385128972903376 -11.37571096954839 0
      vertex 3.18459112535103 -11.686345150945407 10
      vertex 3.1385128972903376 -11.37571096954839 10
    endloop
  endfacet
  facet normal -0.7409511253549598 -0.6715589548470178 0
    outer loop
      vertex 2.2627416997969525 -9.737258300203047 0
      vertex 2.4736334507607585 -9.969941490676334 10
      vertex 2.2627416997969525 -9.737258300203047 10
    endloop
  endfacet
  facet normal -0.8032075314806458 -0.595699304492432 0
    outer loop
      vertex 2.4736334507607585 -9.969941490676334 0
      vertex 2.660702759368145 -10.222175254337273 10
      vertex 2.4736334507607585 -9.969941490676334 10
    endloop
  endfacet
  facet normal -0.6715589548470161 -0.740951125354961 0
    outer loop
      vertex 2.030058509323666 -9.526366549239242 0
      vertex 2.2627416997969525 -9.737258300203047 10
      vertex 2.030058509323666 -9.526366549239242 10
    endloop
  endfacet
  facet normal -0.8577286100002722 -0.5141027441932213 0
    outer loop
      vertex 2.660702759368145 -10.222175254337273 0
      vertex 2.8221480459147363 -10.491530442156808 10
      vertex 2.660702759368145 -10.222175254337273 10
    endloop
  endfacet
  facet normal 0.7832867492286492 0.6216605733700787 0
    outer loop
      vertex 7.791195454720095 4.136071370023033 10
      vertex 7.986417461480536 3.89009339167978 0
      vertex 7.791195454720095 4.136071370023033 0
    endloop
  endfacet
  facet normal 0.7185816177796973 0.6954426350096123 0
    outer loop
      vertex 7.986417461480536 3.89009339167978 10
      vertex 8.204809478940076 3.664434967366926 0
      vertex 7.986417461480536 3.89009339167978 0
    endloop
  endfacet
  facet normal 0.9966552393091804 0.08172107413366834 0
    outer loop
      vertex 7.219681289017069 5.582316184895834 0
      vertex 7.194018165488893 5.895298934970316 0
      vertex 7.194018165488893 5.895298934970316 10
    endloop
  endfacet
  facet normal 0.9998661379095619 -0.016361731626483546 0
    outer loop
      vertex 7.194018165488893 5.895298934970316 0
      vertex 7.19915629104973 6.209290013536457 0
      vertex 7.19915629104973 6.209290013536457 10
    endloop
  endfacet
  facet normal 0.8404484010944396 0.5418915805747492 0
    outer loop
      vertex 7.791195454720095 4.136071370023033 0
      vertex 7.62102355330306 4.4 0
      vertex 7.62102355330306 4.4 10
    endloop
  endfacet
  facet normal 0.8895160754218554 0.4569038756304217 0
    outer loop
      vertex 7.62102355330306 4.4 0
      vertex 7.477540605665501 4.679337504625937 0
      vertex 7.477540605665501 4.679337504625937 10
    endloop
  endfacet
  facet normal 0.930017223684012 0.36751593659470355 0
    outer loop
      vertex 7.477540605665501 4.679337504625937 0
      vertex 7.362128431028926 4.971393711029883 0
      vertex 7.362128431028926 4.971393711029883 10
    endloop
  endfacet
  facet normal 0.9615617976829617 0.2745886181849333 0
    outer loop
      vertex 7.362128431028926 4.971393711029883 0
      vertex 7.275898511725796 5.273355958290006 0
      vertex 7.275898511725796 5.273355958290006 10
    endloop
  endfacet
  facet normal 0.983846005927077 0.1790168612766353 0
    outer loop
      vertex 7.275898511725796 5.273355958290006 0
      vertex 7.219681289017069 5.582316184895834 0
      vertex 7.219681289017069 5.582316184895834 10
    endloop
  endfacet
  facet normal 0.9934477790194441 -0.11428696496684942 0
    outer loop
      vertex 7.19915629104973 6.209290013536457 0
      vertex 7.23504618274165 6.521265514862684 0
      vertex 7.23504618274165 6.521265514862684 10
    endloop
  endfacet
  facet normal 0.9774619749435721 -0.21111155235896395 0
    outer loop
      vertex 7.23504618274165 6.521265514862684 0
      vertex 7.301342201288244 6.828220944328066 0
      vertex 7.301342201288244 6.828220944328066 10
    endloop
  endfacet
  facet normal 0.9520626777139238 -0.3059030200965549 0
    outer loop
      vertex 7.301342201288244 6.828220944328066 0
      vertex 7.397405879789821 7.127200153347947 0
      vertex 7.397405879789821 7.127200153347947 10
    endloop
  endfacet
  facet normal 0.9174944964474918 -0.3977484745270099 0
    outer loop
      vertex 7.397405879789821 7.127200153347947 0
      vertex 7.52231207250866 7.415323808700804 0
      vertex 7.52231207250866 7.415323808700804 10
    endloop
  endfacet
  facet normal 0.8740903416267588 -0.48576339371634014 0
    outer loop
      vertex 7.52231207250866 7.415323808700804 0
      vertex 7.67485786452821 7.689817122081178 0
      vertex 7.67485786452821 7.689817122081178 10
    endloop
  endfacet
  facet normal 0.822268218989773 -0.5691001458789015 0
    outer loop
      vertex 7.67485786452821 7.689817122081178 0
      vertex 7.8535741564813115 7.948036572827906 0
      vertex 7.8535741564813115 7.948036572827906 10
    endloop
  endfacet
  facet normal 0.7625272039063875 -0.6469561525348579 0
    outer loop
      vertex 8.05673981278019 8.187495366473188 10
      vertex 7.8535741564813115 7.948036572827906 0
      vertex 8.05673981278019 8.187495366473188 0
    endloop
  endfacet
  facet normal 0.6954426350096131 -0.7185816177796968 0
    outer loop
      vertex 8.05673981278019 8.187495366473188 0
      vertex 8.282398237093043 8.405887383932727 0
      vertex 8.282398237093043 8.405887383932727 10
    endloop
  endfacet
  facet normal 0.39774847452700784 0.9174944964474927 0
    outer loop
      vertex 9.265104692065316 3.005101034376558 0
      vertex 8.976981036712457 3.130007227095397 0
      vertex 8.976981036712457 3.130007227095397 10
    endloop
  endfacet
  facet normal 0.6469561525348616 0.7625272039063845 0
    outer loop
      vertex 8.444268272585356 3.461269311068047 0
      vertex 8.204809478940076 3.664434967366926 0
      vertex 8.204809478940076 3.664434967366926 10
    endloop
  endfacet
  facet normal 0.5691001458788972 0.8222682189897758 0
    outer loop
      vertex 8.702487723332085 3.282553019114947 0
      vertex 8.444268272585356 3.461269311068047 0
      vertex 8.444268272585356 3.461269311068047 10
    endloop
  endfacet
  facet normal 0.4857633937163415 0.8740903416267581 0
    outer loop
      vertex 8.976981036712457 3.130007227095397 0
      vertex 8.702487723332085 3.282553019114947 0
      vertex 8.702487723332085 3.282553019114947 10
    endloop
  endfacet
  facet normal 0.305903020096557 0.9520626777139232 0
    outer loop
      vertex 9.564083901085196 2.9090373558749807 0
      vertex 9.265104692065316 3.005101034376558 0
      vertex 9.265104692065316 3.005101034376558 10
    endloop
  endfacet
  facet normal 0.21111155235896395 0.9774619749435721 0
    outer loop
      vertex 9.871039330550579 2.8427413373283867 0
      vertex 9.564083901085196 2.9090373558749807 0
      vertex 9.564083901085196 2.9090373558749807 10
    endloop
  endfacet
  facet normal 0.11428696496684383 0.9934477790194447 0
    outer loop
      vertex 10.183014831876806 2.806851445636469 0
      vertex 9.871039330550579 2.8427413373283867 0
      vertex 9.871039330550579 2.8427413373283867 10
    endloop
  endfacet
  facet normal 0.016361731626486326 0.9998661379095617 0
    outer loop
      vertex 10.497005910442947 2.8017133200756303 0
      vertex 10.183014831876806 2.806851445636469 0
      vertex 10.183014831876806 2.806851445636469 10
    endloop
  endfacet
  facet normal -0.08172107413366671 0.9966552393091804 0
    outer loop
      vertex 10.80998866051743 2.8273764436038067 0
      vertex 10.497005910442947 2.8017133200756303 0
      vertex 10.497005910442947 2.8017133200756303 10
    endloop
  endfacet
  facet normal -0.17901686127663427 0.9838460059270772 0
    outer loop
      vertex 11.11894888712326 2.883593666312533 0
      vertex 10.80998866051743 2.8273764436038067 0
      vertex 10.80998866051743 2.8273764436038067 10
    endloop
  endfacet
  facet normal -0.27458861818493363 0.9615617976829616 0
    outer loop
      vertex 11.42091113438338 2.969823585615662 0
      vertex 11.11894888712326 2.883593666312533 0
      vertex 11.11894888712326 2.883593666312533 10
    endloop
  endfacet
  facet normal -0.3675159365947026 0.9300172236840125 0
    outer loop
      vertex 11.712967340787326 3.0852357602522376 0
      vertex 11.42091113438338 2.969823585615662 0
      vertex 11.42091113438338 2.969823585615662 10
    endloop
  endfacet
  facet normal -0.45690387563041945 0.8895160754218567 0
    outer loop
      vertex 11.992304845413264 3.2287187078897963 0
      vertex 11.712967340787326 3.0852357602522376 0
      vertex 11.712967340787326 3.0852357602522376 10
    endloop
  endfacet
  facet normal -0.5418915805747515 0.8404484010944382 0
    outer loop
      vertex 12.25623347539023 3.398890609306831 0
      vertex 11.992304845413264 3.2287187078897963 0
      vertex 11.992304845413264 3.2287187078897963 10
    endloop
  endfacet
  facet normal -0.6216605733700782 0.7832867492286498 0
    outer loop
      vertex 12.502211453733484 3.5941126160672723 0
      vertex 12.25623347539023 3.398890609306831 0
      vertex 12.25623347539023 3.398890609306831 10
    endloop
  endfacet
  facet normal -0.6954426350096131 0.7185816177796968 0
    outer loop
      vertex 12.727869878046336 3.8125046335268116 0
      vertex 12.502211453733484 3.5941126160672723 0
      vertex 12.502211453733484 3.5941126160672723 10
    endloop
  endfacet
  facet normal -0.7625272039063881 0.6469561525348573 0
    outer loop
      vertex 12.931035534345215 4.051963427172094 0
      vertex 12.727869878046336 3.8125046335268116 0
      vertex 12.727869878046336 3.8125046335268116 10
    endloop
  endfacet
  facet normal -0.822268218989773 0.5691001458789015 0
    outer loop
      vertex 12.931035534345215 4.051963427172094 10
      vertex 13.109751826298316 4.310182877918822 0
      vertex 12.931035534345215 4.051963427172094 0
    endloop
  endfacet
  facet normal -0.8740903416267588 0.48576339371634014 0
    outer loop
      vertex 13.262297618317866 4.584676191299196 0
      vertex 13.109751826298316 4.310182877918822 0
      vertex 13.109751826298316 4.310182877918822 10
    endloop
  endfacet
  facet normal -0.9174944964474918 0.3977484745270099 0
    outer loop
      vertex 13.387203811036706 4.872799846652053 0
      vertex 13.262297618317866 4.584676191299196 0
      vertex 13.262297618317866 4.584676191299196 10
    endloop
  endfacet
  facet normal -0.9520626777139245 0.3059030200965523 0
    outer loop
      vertex 13.483267489538282 5.171779055671934 0
      vertex 13.387203811036706 4.872799846652053 0
      vertex 13.387203811036706 4.872799846652053 10
    endloop
  endfacet
  facet normal -0.9774619749435716 0.21111155235896667 0
    outer loop
      vertex 13.549563508084876 5.478734485137316 0
      vertex 13.483267489538282 5.171779055671934 0
      vertex 13.483267489538282 5.171779055671934 10
    endloop
  endfacet
  facet normal -0.9934477790194441 0.11428696496684942 0
    outer loop
      vertex 13.585453399776796 5.790709986463543 0
      vertex 13.549563508084876 5.478734485137316 0
      vertex 13.549563508084876 5.478734485137316 10
    endloop
  endfacet
  facet normal -0.9998661379095617 0.016361731626486374 0
    outer loop
      vertex 13.590591525337635 6.104701065029684 0
      vertex 13.585453399776796 5.790709986463543 0
      vertex 13.585453399776796 5.790709986463543 10
    endloop
  endfacet
  facet normal -0.9300172236840131 -0.36751593659470116 0
    outer loop
      vertex 13.307069085161025 7.320662495374063 0
      vertex 13.4224812597976 7.028606288970117 0
      vertex 13.4224812597976 7.028606288970117 10
    endloop
  endfacet
  facet normal -0.7185816177797022 -0.6954426350096072 0
    outer loop
      vertex 12.579800211886452 8.335565032633074 0
      vertex 12.79819222934599 8.10990660832022 0
      vertex 12.79819222934599 8.10990660832022 10
    endloop
  endfacet
  facet normal -0.8404484010944384 -0.5418915805747512 0
    outer loop
      vertex 12.993414236106432 7.863928629976967 0
      vertex 13.163586137523467 7.6 0
      vertex 13.163586137523467 7.6 10
    endloop
  endfacet
  facet normal -0.8895160754218567 -0.45690387563041945 0
    outer loop
      vertex 13.163586137523467 7.6 0
      vertex 13.307069085161025 7.320662495374063 0
      vertex 13.307069085161025 7.320662495374063 10
    endloop
  endfacet
  facet normal -0.7832867492286474 -0.6216605733700813 0
    outer loop
      vertex 12.79819222934599 8.10990660832022 0
      vertex 12.993414236106432 7.863928629976967 0
      vertex 12.993414236106432 7.863928629976967 10
    endloop
  endfacet
  facet normal -0.9966552393091801 -0.08172107413367115 0
    outer loop
      vertex 13.564928401809457 6.417683815104166 0
      vertex 13.590591525337635 6.104701065029684 0
      vertex 13.590591525337635 6.104701065029684 10
    endloop
  endfacet
  facet normal -0.983846005927077 -0.1790168612766353 0
    outer loop
      vertex 13.50871117910073 6.726644041709994 0
      vertex 13.564928401809457 6.417683815104166 0
      vertex 13.564928401809457 6.417683815104166 10
    endloop
  endfacet
  facet normal -0.9615617976829609 -0.27458861818493585 0
    outer loop
      vertex 13.4224812597976 7.028606288970117 0
      vertex 13.50871117910073 6.726644041709994 0
      vertex 13.50871117910073 6.726644041709994 10
    endloop
  endfacet
  facet normal 0.6216605733700798 -0.7832867492286484 0
    outer loop
      vertex 8.282398237093043 8.405887383932727 0
      vertex 8.528376215436296 8.60110939069317 0
      vertex 8.528376215436296 8.60110939069317 10
    endloop
  endfacet
  facet normal 0.5418915805747458 -0.8404484010944417 0
    outer loop
      vertex 8.528376215436296 8.60110939069317 0
      vertex 8.792304845413264 8.771281292110203 0
      vertex 8.792304845413264 8.771281292110203 10
    endloop
  endfacet
  facet normal 0.45690387563042506 -0.8895160754218537 0
    outer loop
      vertex 8.792304845413264 8.771281292110203 0
      vertex 9.0716423500392 8.914764239747763 0
      vertex 9.0716423500392 8.914764239747763 10
    endloop
  endfacet
  facet normal 0.3675159365947002 -0.9300172236840135 0
    outer loop
      vertex 9.0716423500392 8.914764239747763 0
      vertex 9.363698556443147 9.030176414384337 0
      vertex 9.363698556443147 9.030176414384337 10
    endloop
  endfacet
  facet normal 0.27458861818493363 -0.9615617976829616 0
    outer loop
      vertex 9.363698556443147 9.030176414384337 0
      vertex 9.665660803703267 9.116406333687467 0
      vertex 9.665660803703267 9.116406333687467 10
    endloop
  endfacet
  facet normal 0.17901686127663427 -0.9838460059270772 0
    outer loop
      vertex 9.665660803703267 9.116406333687467 0
      vertex 9.974621030309097 9.172623556396193 0
      vertex 9.974621030309097 9.172623556396193 10
    endloop
  endfacet
  facet normal 0.0817210741336653 -0.9966552393091805 0
    outer loop
      vertex 9.974621030309097 9.172623556396193 0
      vertex 10.287603780383579 9.198286679924369 0
      vertex 10.287603780383579 9.198286679924369 10
    endloop
  endfacet
  facet normal -0.016361731626480674 -0.9998661379095619 0
    outer loop
      vertex 10.287603780383579 9.198286679924369 0
      vertex 10.60159485894972 9.193148554363532 0
      vertex 10.60159485894972 9.193148554363532 10
    endloop
  endfacet
  facet normal -0.11428696496684942 -0.9934477790194441 0
    outer loop
      vertex 10.60159485894972 9.193148554363532 0
      vertex 10.913570360275948 9.157258662671612 0
      vertex 10.913570360275948 9.157258662671612 10
    endloop
  endfacet
  facet normal -0.21111155235896126 -0.9774619749435727 0
    outer loop
      vertex 10.913570360275948 9.157258662671612 0
      vertex 11.22052578974133 9.09096264412502 0
      vertex 11.22052578974133 9.09096264412502 10
    endloop
  endfacet
  facet normal -0.30590302009655823 -0.9520626777139226 0
    outer loop
      vertex 11.22052578974133 9.09096264412502 0
      vertex 11.51950499876121 8.994898965623442 0
      vertex 11.51950499876121 8.994898965623442 10
    endloop
  endfacet
  facet normal -0.39774847452700784 -0.9174944964474927 0
    outer loop
      vertex 11.51950499876121 8.994898965623442 0
      vertex 11.807628654114069 8.869992772904602 0
      vertex 11.807628654114069 8.869992772904602 10
    endloop
  endfacet
  facet normal -0.5691001458789028 -0.822268218989772 0
    outer loop
      vertex 12.082121967494443 8.717446980885054 0
      vertex 12.34034141824117 8.538730688931953 0
      vertex 12.34034141824117 8.538730688931953 10
    endloop
  endfacet
  facet normal -0.4857633937163358 -0.8740903416267611 0
    outer loop
      vertex 11.807628654114069 8.869992772904602 0
      vertex 12.082121967494443 8.717446980885054 0
      vertex 12.082121967494443 8.717446980885054 10
    endloop
  endfacet
  facet normal -0.6469561525348579 -0.7625272039063875 0
    outer loop
      vertex 12.34034141824117 8.538730688931953 0
      vertex 12.579800211886452 8.335565032633074 0
      vertex 12.579800211886452 8.335565032633074 10
    endloop
  endfacet
  facet normal 0.7832867492286492 0.6216605733700787 0
    outer loop
      vertex 7.791195454720095 4.136071370023033 10
      vertex 7.986417461480536 3.89009339167978 10
      vertex 7.986417461480536 3.89009339167978 0
    endloop
  endfacet
  facet normal 0.7185816177796973 0.6954426350096123 0
    outer loop
      vertex 7.986417461480536 3.89009339167978 10
      vertex 8.204809478940076 3.664434967366926 10
      vertex 8.204809478940076 3.664434967366926 0
    endloop
  endfacet
  facet normal 0.9966552393091804 0.08172107413366834 0
    outer loop
      vertex 7.219681289017069 5.582316184895834 0
      vertex 7.194018165488893 5.895298934970316 10
      vertex 7.219681289017069 5.582316184895834 10
    endloop
  endfacet
  facet normal 0.9998661379095619 -0.016361731626483546 0
    outer loop
      vertex 7.194018165488893 5.895298934970316 0
      vertex 7.19915629104973 6.209290013536457 10
      vertex 7.194018165488893 5.895298934970316 10
    endloop
  endfacet
  facet normal 0.8895160754218554 0.4569038756304217 0
    outer loop
      vertex 7.62102355330306 4.4 0
      vertex 7.477540605665501 4.679337504625937 10
      vertex 7.62102355330306 4.4 10
    endloop
  endfacet
  facet normal 0.930017223684012 0.36751593659470355 0
    outer loop
      vertex 7.477540605665501 4.679337504625937 0
      vertex 7.362128431028926 4.971393711029883 10
      vertex 7.477540605665501 4.679337504625937 10
    endloop
  endfacet
  facet normal 0.9615617976829617 0.2745886181849333 0
    outer loop
      vertex 7.362128431028926 4.971393711029883 0
      vertex 7.275898511725796 5.273355958290006 10
      vertex 7.362128431028926 4.971393711029883 10
    endloop
  endfacet
  facet normal 0.8404484010944396 0.5418915805747492 0
    outer loop
      vertex 7.62102355330306 4.4 10
      vertex 7.791195454720095 4.136071370023033 10
      vertex 7.791195454720095 4.136071370023033 0
    endloop
  endfacet
  facet normal 0.983846005927077 0.1790168612766353 0
    outer loop
      vertex 7.275898511725796 5.273355958290006 0
      vertex 7.219681289017069 5.582316184895834 10
      vertex 7.275898511725796 5.273355958290006 10
    endloop
  endfacet
  facet normal 0.9934477790194441 -0.11428696496684942 0
    outer loop
      vertex 7.19915629104973 6.209290013536457 0
      vertex 7.23504618274165 6.521265514862684 10
      vertex 7.19915629104973 6.209290013536457 10
    endloop
  endfacet
  facet normal 0.9774619749435721 -0.21111155235896395 0
    outer loop
      vertex 7.23504618274165 6.521265514862684 0
      vertex 7.301342201288244 6.828220944328066 10
      vertex 7.23504618274165 6.521265514862684 10
    endloop
  endfacet
  facet normal 0.9520626777139238 -0.3059030200965549 0
    outer loop
      vertex 7.301342201288244 6.828220944328066 0
      vertex 7.397405879789821 7.127200153347947 10
      vertex 7.301342201288244 6.828220944328066 10
    endloop
  endfacet
  facet normal 0.9174944964474918 -0.3977484745270099 0
    outer loop
      vertex 7.397405879789821 7.127200153347947 0
      vertex 7.52231207250866 7.415323808700804 10
      vertex 7.397405879789821 7.127200153347947 10
    endloop
  endfacet
  facet normal 0.8740903416267588 -0.48576339371634014 0
    outer loop
      vertex 7.52231207250866 7.415323808700804 0
      vertex 7.67485786452821 7.689817122081178 10
      vertex 7.52231207250866 7.415323808700804 10
    endloop
  endfacet
  facet normal 0.822268218989773 -0.5691001458789015 0
    outer loop
      vertex 7.67485786452821 7.689817122081178 0
      vertex 7.8535741564813115 7.948036572827906 10
      vertex 7.67485786452821 7.689817122081178 10
    endloop
  endfacet
  facet normal 0.7625272039063875 -0.6469561525348579 0
    outer loop
      vertex 8.05673981278019 8.187495366473188 10
      vertex 7.8535741564813115 7.948036572827906 10
      vertex 7.8535741564813115 7.948036572827906 0
    endloop
  endfacet
  facet normal 0.6954426350096131 -0.7185816177796968 0
    outer loop
      vertex 8.282398237093043 8.405887383932727 10
      vertex 8.05673981278019 8.187495366473188 10
      vertex 8.05673981278019 8.187495366473188 0
    endloop
  endfacet
  facet normal 0.39774847452700784 0.9174944964474927 0
    outer loop
      vertex 8.976981036712457 3.130007227095397 10
      vertex 9.265104692065316 3.005101034376558 10
      vertex 9.265104692065316 3.005101034376558 0
    endloop
  endfacet
  facet normal 0.6469561525348616 0.7625272039063845 0
    outer loop
      vertex 8.444268272585356 3.461269311068047 0
      vertex 8.204809478940076 3.664434967366926 10
      vertex 8.444268272585356 3.461269311068047 10
    endloop
  endfacet
  facet normal 0.5691001458788972 0.8222682189897758 0
    outer loop
      vertex 8.702487723332085 3.282553019114947 0
      vertex 8.444268272585356 3.461269311068047 10
      vertex 8.702487723332085 3.282553019114947 10
    endloop
  endfacet
  facet normal 0.4857633937163415 0.8740903416267581 0
    outer loop
      vertex 8.976981036712457 3.130007227095397 0
      vertex 8.702487723332085 3.282553019114947 10
      vertex 8.976981036712457 3.130007227095397 10
    endloop
  endfacet
  facet normal 0.305903020096557 0.9520626777139232 0
    outer loop
      vertex 9.564083901085196 2.9090373558749807 10
      vertex 9.564083901085196 2.9090373558749807 0
      vertex 9.265104692065316 3.005101034376558 10
    endloop
  endfacet
  facet normal 0.21111155235896395 0.9774619749435721 0
    outer loop
      vertex 9.871039330550579 2.8427413373283867 0
      vertex 9.564083901085196 2.9090373558749807 10
      vertex 9.871039330550579 2.8427413373283867 10
    endloop
  endfacet
  facet normal 0.11428696496684383 0.9934477790194447 0
    outer loop
      vertex 10.183014831876806 2.806851445636469 0
      vertex 9.871039330550579 2.8427413373283867 10
      vertex 10.183014831876806 2.806851445636469 10
    endloop
  endfacet
  facet normal 0.016361731626486326 0.9998661379095617 0
    outer loop
      vertex 10.183014831876806 2.806851445636469 10
      vertex 10.497005910442947 2.8017133200756303 10
      vertex 10.497005910442947 2.8017133200756303 0
    endloop
  endfacet
  facet normal -0.08172107413366671 0.9966552393091804 0
    outer loop
      vertex 10.80998866051743 2.8273764436038067 10
      vertex 10.80998866051743 2.8273764436038067 0
      vertex 10.497005910442947 2.8017133200756303 10
    endloop
  endfacet
  facet normal -0.17901686127663427 0.9838460059270772 0
    outer loop
      vertex 11.11894888712326 2.883593666312533 0
      vertex 10.80998866051743 2.8273764436038067 10
      vertex 11.11894888712326 2.883593666312533 10
    endloop
  endfacet
  facet normal -0.27458861818493363 0.9615617976829616 0
    outer loop
      vertex 11.42091113438338 2.969823585615662 0
      vertex 11.11894888712326 2.883593666312533 10
      vertex 11.42091113438338 2.969823585615662 10
    endloop
  endfacet
  facet normal -0.3675159365947026 0.9300172236840125 0
    outer loop
      vertex 11.42091113438338 2.969823585615662 10
      vertex 11.712967340787326 3.0852357602522376 10
      vertex 11.712967340787326 3.0852357602522376 0
    endloop
  endfacet
  facet normal -0.45690387563041945 0.8895160754218567 0
    outer loop
      vertex 11.992304845413264 3.2287187078897963 10
      vertex 11.992304845413264 3.2287187078897963 0
      vertex 11.712967340787326 3.0852357602522376 10
    endloop
  endfacet
  facet normal -0.5418915805747515 0.8404484010944382 0
    outer loop
      vertex 12.25623347539023 3.398890609306831 0
      vertex 11.992304845413264 3.2287187078897963 10
      vertex 12.25623347539023 3.398890609306831 10
    endloop
  endfacet
  facet normal -0.6216605733700782 0.7832867492286498 0
    outer loop
      vertex 12.502211453733484 3.5941126160672723 0
      vertex 12.25623347539023 3.398890609306831 10
      vertex 12.502211453733484 3.5941126160672723 10
    endloop
  endfacet
  facet normal -0.6954426350096131 0.7185816177796968 0
    outer loop
      vertex 12.727869878046336 3.8125046335268116 0
      vertex 12.502211453733484 3.5941126160672723 10
      vertex 12.727869878046336 3.8125046335268116 10
    endloop
  endfacet
  facet normal -0.7625272039063881 0.6469561525348573 0
    outer loop
      vertex 12.727869878046336 3.8125046335268116 10
      vertex 12.931035534345215 4.051963427172094 10
      vertex 12.931035534345215 4.051963427172094 0
    endloop
  endfacet
  facet normal -0.822268218989773 0.5691001458789015 0
    outer loop
      vertex 12.931035534345215 4.051963427172094 10
      vertex 13.109751826298316 4.310182877918822 10
      vertex 13.109751826298316 4.310182877918822 0
    endloop
  endfacet
  facet normal -0.8740903416267588 0.48576339371634014 0
    outer loop
      vertex 13.262297618317866 4.584676191299196 0
      vertex 13.109751826298316 4.310182877918822 10
      vertex 13.262297618317866 4.584676191299196 10
    endloop
  endfacet
  facet normal -0.9174944964474918 0.3977484745270099 0
    outer loop
      vertex 13.387203811036706 4.872799846652053 0
      vertex 13.262297618317866 4.584676191299196 10
      vertex 13.387203811036706 4.872799846652053 10
    endloop
  endfacet
  facet normal -0.9520626777139245 0.3059030200965523 0
    outer loop
      vertex 13.483267489538282 5.171779055671934 0
      vertex 13.387203811036706 4.872799846652053 10
      vertex 13.483267489538282 5.171779055671934 10
    endloop
  endfacet
  facet normal -0.9774619749435716 0.21111155235896667 0
    outer loop
      vertex 13.549563508084876 5.478734485137316 0
      vertex 13.483267489538282 5.171779055671934 10
      vertex 13.549563508084876 5.478734485137316 10
    endloop
  endfacet
  facet normal -0.9934477790194441 0.11428696496684942 0
    outer loop
      vertex 13.585453399776796 5.790709986463543 0
      vertex 13.549563508084876 5.478734485137316 10
      vertex 13.585453399776796 5.790709986463543 10
    endloop
  endfacet
  facet normal -0.9998661379095617 0.016361731626486374 0
    outer loop
      vertex 13.590591525337635 6.104701065029684 0
      vertex 13.585453399776796 5.790709986463543 10
      vertex 13.590591525337635 6.104701065029684 10
    endloop
  endfacet
  facet normal -0.7832867492286474 -0.6216605733700813 0
    outer loop
      vertex 12.993414236106432 7.863928629976967 10
      vertex 12.79819222934599 8.10990660832022 10
      vertex 12.79819222934599 8.10990660832022 0
    endloop
  endfacet
  facet normal -0.9300172236840131 -0.36751593659470116 0
    outer loop
      vertex 13.307069085161025 7.320662495374063 0
      vertex 13.4224812597976 7.028606288970117 10
      vertex 13.307069085161025 7.320662495374063 10
    endloop
  endfacet
  facet normal -0.8895160754218567 -0.45690387563041945 0
    outer loop
      vertex 13.163586137523467 7.6 0
      vertex 13.307069085161025 7.320662495374063 10
      vertex 13.163586137523467 7.6 10
    endloop
  endfacet
  facet normal -0.8404484010944384 -0.5418915805747512 0
    outer loop
      vertex 12.993414236106432 7.863928629976967 0
      vertex 13.163586137523467 7.6 10
      vertex 12.993414236106432 7.863928629976967 10
    endloop
  endfacet
  facet normal -0.9966552393091801 -0.08172107413367115 0
    outer loop
      vertex 13.564928401809457 6.417683815104166 0
      vertex 13.590591525337635 6.104701065029684 10
      vertex 13.564928401809457 6.417683815104166 10
    endloop
  endfacet
  facet normal -0.983846005927077 -0.1790168612766353 0
    outer loop
      vertex 13.50871117910073 6.726644041709994 0
      vertex 13.564928401809457 6.417683815104166 10
      vertex 13.50871117910073 6.726644041709994 10
    endloop
  endfacet
  facet normal -0.9615617976829609 -0.27458861818493585 0
    outer loop
      vertex 13.4224812597976 7.028606288970117 0
      vertex 13.50871117910073 6.726644041709994 10
      vertex 13.4224812597976 7.028606288970117 10
    endloop
  endfacet
  facet normal 0.6216605733700798 -0.7832867492286484 0
    outer loop
      vertex 8.282398237093043 8.405887383932727 0
      vertex 8.528376215436296 8.60110939069317 10
      vertex 8.282398237093043 8.405887383932727 10
    endloop
  endfacet
  facet normal 0.5418915805747458 -0.8404484010944417 0
    outer loop
      vertex 8.528376215436296 8.60110939069317 0
      vertex 8.792304845413264 8.771281292110203 10
      vertex 8.528376215436296 8.60110939069317 10
    endloop
  endfacet
  facet normal 0.45690387563042506 -0.8895160754218537 0
    outer loop
      vertex 8.792304845413264 8.771281292110203 0
      vertex 9.0716423500392 8.914764239747763 10
      vertex 8.792304845413264 8.771281292110203 10
    endloop
  endfacet
  facet normal 0.3675159365947002 -0.9300172236840135 0
    outer loop
      vertex 9.363698556443147 9.030176414384337 10
      vertex 9.0716423500392 8.914764239747763 10
      vertex 9.0716423500392 8.914764239747763 0
    endloop
  endfacet
  facet normal 0.27458861818493363 -0.9615617976829616 0
    outer loop
      vertex 9.665660803703267 9.116406333687467 10
      vertex 9.363698556443147 9.030176414384337 10
      vertex 9.363698556443147 9.030176414384337 0
    endloop
  endfacet
  facet normal 0.17901686127663427 -0.9838460059270772 0
    outer loop
      vertex 9.665660803703267 9.116406333687467 0
      vertex 9.974621030309097 9.172623556396193 10
      vertex 9.665660803703267 9.116406333687467 10
    endloop
  endfacet
  facet normal 0.0817210741336653 -0.9966552393091805 0
    outer loop
      vertex 9.974621030309097 9.172623556396193 0
      vertex 10.287603780383579 9.198286679924369 10
      vertex 9.974621030309097 9.172623556396193 10
    endloop
  endfacet
  facet normal -0.016361731626480674 -0.9998661379095619 0
    outer loop
      vertex 10.287603780383579 9.198286679924369 0
      vertex 10.60159485894972 9.193148554363532 10
      vertex 10.287603780383579 9.198286679924369 10
    endloop
  endfacet
  facet normal -0.11428696496684942 -0.9934477790194441 0
    outer loop
      vertex 10.913570360275948 9.157258662671612 10
      vertex 10.60159485894972 9.193148554363532 10
      vertex 10.60159485894972 9.193148554363532 0
    endloop
  endfacet
  facet normal -0.21111155235896126 -0.9774619749435727 0
    outer loop
      vertex 10.913570360275948 9.157258662671612 0
      vertex 11.22052578974133 9.09096264412502 10
      vertex 10.913570360275948 9.157258662671612 10
    endloop
  endfacet
  facet normal -0.30590302009655823 -0.9520626777139226 0
    outer loop
      vertex 11.22052578974133 9.09096264412502 0
      vertex 11.51950499876121 8.994898965623442 10
      vertex 11.22052578974133 9.09096264412502 10
    endloop
  endfacet
  facet normal -0.39774847452700784 -0.9174944964474927 0
    outer loop
      vertex 11.51950499876121 8.994898965623442 0
      vertex 11.807628654114069 8.869992772904602 10
      vertex 11.51950499876121 8.994898965623442 10
    endloop
  endfacet
  facet normal -0.5691001458789028 -0.822268218989772 0
    outer loop
      vertex 12.082121967494443 8.717446980885054 0
      vertex 12.34034141824117 8.538730688931953 10
      vertex 12.082121967494443 8.717446980885054 10
    endloop
  endfacet
  facet normal -0.4857633937163358 -0.8740903416267611 0
    outer loop
      vertex 11.807628654114069 8.869992772904602 0
      vertex 12.082121967494443 8.717446980885054 10
      vertex 11.807628654114069 8.869992772904602 10
    endloop
  endfacet
  facet normal -0.6469561525348579 -0.7625272039063875 0
    outer loop
      vertex 12.34034141824117 8.538730688931953 0
      vertex 12.579800211886452 8.335565032633074 10
      vertex 12.34034141824117 8.538730688931953 10
    endloop
  endfacet
  facet normal -0.7185816177797022 -0.6954426350096072 0
    outer loop
      vertex 12.579800211886452 8.335565032633074 0
      vertex 12.79819222934599 8.10990660832022 10
      vertex 12.579800211886452 8.335565032633074 10
    endloop
  endfacet
  facet normal 0.6216605733700782 0.7832867492286498 0
    outer loop
      vertex -12.25623347539023 3.398890609306831 0
      vertex -12.502211453733484 3.5941126160672723 0
      vertex -12.502211453733484 3.5941126160672723 10
    endloop
  endfacet
  facet normal 0.6954426350096131 0.7185816177796968 0
    outer loop
      vertex -12.502211453733484 3.5941126160672723 0
      vertex -12.727869878046336 3.8125046335268116 0
      vertex -12.727869878046336 3.8125046335268116 10
    endloop
  endfacet
  facet normal 0.7625272039063881 0.6469561525348573 0
    outer loop
      vertex -12.727869878046336 3.8125046335268116 0
      vertex -12.931035534345215 4.051963427172094 0
      vertex -12.931035534345215 4.051963427172094 10
    endloop
  endfacet
  facet normal 0.9520626777139245 0.3059030200965523 0
    outer loop
      vertex -13.387203811036706 4.872799846652053 0
      vertex -13.483267489538282 5.171779055671934 0
      vertex -13.483267489538282 5.171779055671934 10
    endloop
  endfacet
  facet normal 0.9774619749435716 0.21111155235896667 0
    outer loop
      vertex -13.483267489538282 5.171779055671934 0
      vertex -13.549563508084876 5.478734485137316 0
      vertex -13.549563508084876 5.478734485137316 10
    endloop
  endfacet
  facet normal 0.9934477790194441 0.11428696496684942 0
    outer loop
      vertex -13.585453399776796 5.790709986463543 10
      vertex -13.549563508084876 5.478734485137316 0
      vertex -13.585453399776796 5.790709986463543 0
    endloop
  endfacet
  facet normal 0.9998661379095617 0.016361731626486374 0
    outer loop
      vertex -13.590591525337635 6.104701065029684 10
      vertex -13.585453399776796 5.790709986463543 0
      vertex -13.590591525337635 6.104701065029684 0
    endloop
  endfacet
  facet normal 0.8740903416267588 0.48576339371634014 0
    outer loop
      vertex -13.109751826298316 4.310182877918822 0
      vertex -13.262297618317866 4.584676191299196 0
      vertex -13.262297618317866 4.584676191299196 10
    endloop
  endfacet
  facet normal 0.822268218989773 0.5691001458789015 0
    outer loop
      vertex -12.931035534345215 4.051963427172094 0
      vertex -13.109751826298316 4.310182877918822 0
      vertex -13.109751826298316 4.310182877918822 10
    endloop
  endfacet
  facet normal 0.9174944964474918 0.3977484745270099 0
    outer loop
      vertex -13.262297618317866 4.584676191299196 0
      vertex -13.387203811036706 4.872799846652053 0
      vertex -13.387203811036706 4.872799846652053 10
    endloop
  endfacet
  facet normal 0.9966552393091801 -0.08172107413367115 0
    outer loop
      vertex -13.564928401809457 6.417683815104166 10
      vertex -13.590591525337635 6.104701065029684 0
      vertex -13.564928401809457 6.417683815104166 0
    endloop
  endfacet
  facet normal 0.983846005927077 -0.1790168612766353 0
    outer loop
      vertex -13.564928401809457 6.417683815104166 0
      vertex -13.50871117910073 6.726644041709994 0
      vertex -13.50871117910073 6.726644041709994 10
    endloop
  endfacet
  facet normal 0.9615617976829609 -0.27458861818493585 0
    outer loop
      vertex -13.50871117910073 6.726644041709994 0
      vertex -13.4224812597976 7.028606288970117 0
      vertex -13.4224812597976 7.028606288970117 10
    endloop
  endfacet
  facet normal 0.9300172236840131 -0.36751593659470116 0
    outer loop
      vertex -13.4224812597976 7.028606288970117 0
      vertex -13.307069085161025 7.320662495374063 0
      vertex -13.307069085161025 7.320662495374063 10
    endloop
  endfacet
  facet normal 0.8895160754218567 -0.45690387563041945 0
    outer loop
      vertex -13.307069085161025 7.320662495374063 0
      vertex -13.163586137523467 7.6 0
      vertex -13.163586137523467 7.6 10
    endloop
  endfacet
  facet normal 0.8404484010944384 -0.5418915805747512 0
    outer loop
      vertex -13.163586137523467 7.6 0
      vertex -12.993414236106432 7.863928629976967 0
      vertex -12.993414236106432 7.863928629976967 10
    endloop
  endfacet
  facet normal 0.7832867492286474 -0.6216605733700813 0
    outer loop
      vertex -12.993414236106432 7.863928629976967 0
      vertex -12.79819222934599 8.10990660832022 0
      vertex -12.79819222934599 8.10990660832022 10
    endloop
  endfacet
  facet normal 0.3675159365947026 0.9300172236840125 0
    outer loop
      vertex -11.42091113438338 2.969823585615662 0
      vertex -11.712967340787326 3.0852357602522376 0
      vertex -11.712967340787326 3.0852357602522376 10
    endloop
  endfacet
  facet normal 0.5418915805747515 0.8404484010944382 0
    outer loop
      vertex -11.992304845413264 3.2287187078897963 0
      vertex -12.25623347539023 3.398890609306831 0
      vertex -12.25623347539023 3.398890609306831 10
    endloop
  endfacet
  facet normal 0.45690387563041945 0.8895160754218567 0
    outer loop
      vertex -11.712967340787326 3.0852357602522376 0
      vertex -11.992304845413264 3.2287187078897963 0
      vertex -11.992304845413264 3.2287187078897963 10
    endloop
  endfacet
  facet normal 0.27458861818493363 0.9615617976829616 0
    outer loop
      vertex -11.11894888712326 2.883593666312533 0
      vertex -11.42091113438338 2.969823585615662 0
      vertex -11.42091113438338 2.969823585615662 10
    endloop
  endfacet
  facet normal 0.17901686127663427 0.9838460059270772 0
    outer loop
      vertex -10.80998866051743 2.8273764436038067 0
      vertex -11.11894888712326 2.883593666312533 0
      vertex -11.11894888712326 2.883593666312533 10
    endloop
  endfacet
  facet normal 0.08172107413366671 0.9966552393091804 0
    outer loop
      vertex -10.497005910442947 2.8017133200756303 0
      vertex -10.80998866051743 2.8273764436038067 0
      vertex -10.80998866051743 2.8273764436038067 10
    endloop
  endfacet
  facet normal -0.016361731626486326 0.9998661379095617 0
    outer loop
      vertex -10.183014831876806 2.806851445636469 0
      vertex -10.497005910442947 2.8017133200756303 0
      vertex -10.497005910442947 2.8017133200756303 10
    endloop
  endfacet
  facet normal -0.11428696496684383 0.9934477790194447 0
    outer loop
      vertex -9.871039330550579 2.8427413373283867 0
      vertex -10.183014831876806 2.806851445636469 0
      vertex -10.183014831876806 2.806851445636469 10
    endloop
  endfacet
  facet normal -0.21111155235896395 0.9774619749435721 0
    outer loop
      vertex -9.564083901085196 2.9090373558749807 0
      vertex -9.871039330550579 2.8427413373283867 0
      vertex -9.871039330550579 2.8427413373283867 10
    endloop
  endfacet
  facet normal -0.305903020096557 0.9520626777139232 0
    outer loop
      vertex -9.265104692065316 3.005101034376558 0
      vertex -9.564083901085196 2.9090373558749807 0
      vertex -9.564083901085196 2.9090373558749807 10
    endloop
  endfacet
  facet normal -0.39774847452700784 0.9174944964474927 0
    outer loop
      vertex -8.976981036712457 3.130007227095397 0
      vertex -9.265104692065316 3.005101034376558 0
      vertex -9.265104692065316 3.005101034376558 10
    endloop
  endfacet
  facet normal -0.4857633937163415 0.8740903416267581 0
    outer loop
      vertex -8.702487723332085 3.282553019114947 0
      vertex -8.976981036712457 3.130007227095397 0
      vertex -8.976981036712457 3.130007227095397 10
    endloop
  endfacet
  facet normal -0.5691001458788972 0.8222682189897758 0
    outer loop
      vertex -8.444268272585356 3.461269311068047 0
      vertex -8.702487723332085 3.282553019114947 0
      vertex -8.702487723332085 3.282553019114947 10
    endloop
  endfacet
  facet normal -0.6469561525348616 0.7625272039063845 0
    outer loop
      vertex -8.204809478940076 3.664434967366926 0
      vertex -8.444268272585356 3.461269311068047 0
      vertex -8.444268272585356 3.461269311068047 10
    endloop
  endfacet
  facet normal 0.7185816177797022 -0.6954426350096072 0
    outer loop
      vertex -12.579800211886452 8.335565032633074 10
      vertex -12.79819222934599 8.10990660832022 0
      vertex -12.579800211886452 8.335565032633074 0
    endloop
  endfacet
  facet normal 0.6469561525348579 -0.7625272039063875 0
    outer loop
      vertex -12.579800211886452 8.335565032633074 0
      vertex -12.34034141824117 8.538730688931953 0
      vertex -12.34034141824117 8.538730688931953 10
    endloop
  endfacet
  facet normal 0.5691001458789028 -0.822268218989772 0
    outer loop
      vertex -12.34034141824117 8.538730688931953 0
      vertex -12.082121967494443 8.717446980885054 0
      vertex -12.082121967494443 8.717446980885054 10
    endloop
  endfacet
  facet normal 0.4857633937163358 -0.8740903416267611 0
    outer loop
      vertex -12.082121967494443 8.717446980885054 0
      vertex -11.807628654114069 8.869992772904602 0
      vertex -11.807628654114069 8.869992772904602 10
    endloop
  endfacet
  facet normal 0.39774847452700784 -0.9174944964474927 0
    outer loop
      vertex -11.807628654114069 8.869992772904602 0
      vertex -11.51950499876121 8.994898965623442 0
      vertex -11.51950499876121 8.994898965623442 10
    endloop
  endfacet
  facet normal 0.30590302009655823 -0.9520626777139226 0
    outer loop
      vertex -11.51950499876121 8.994898965623442 0
      vertex -11.22052578974133 9.09096264412502 0
      vertex -11.22052578974133 9.09096264412502 10
    endloop
  endfacet
  facet normal 0.21111155235896126 -0.9774619749435727 0
    outer loop
      vertex -11.22052578974133 9.09096264412502 0
      vertex -10.913570360275948 9.157258662671612 0
      vertex -10.913570360275948 9.157258662671612 10
    endloop
  endfacet
  facet normal 0.11428696496684942 -0.9934477790194441 0
    outer loop
      vertex -10.913570360275948 9.157258662671612 0
      vertex -10.60159485894972 9.193148554363532 0
      vertex -10.60159485894972 9.193148554363532 10
    endloop
  endfacet
  facet normal 0.016361731626480674 -0.9998661379095619 0
    outer loop
      vertex -10.60159485894972 9.193148554363532 0
      vertex -10.287603780383579 9.198286679924369 0
      vertex -10.287603780383579 9.198286679924369 10
    endloop
  endfacet
  facet normal -0.0817210741336653 -0.9966552393091805 0
    outer loop
      vertex -10.287603780383579 9.198286679924369 0
      vertex -9.974621030309097 9.172623556396193 0
      vertex -9.974621030309097 9.172623556396193 10
    endloop
  endfacet
  facet normal -0.17901686127663427 -0.9838460059270772 0
    outer loop
      vertex -9.974621030309097 9.172623556396193 0
      vertex -9.665660803703267 9.116406333687467 0
      vertex -9.665660803703267 9.116406333687467 10
    endloop
  endfacet
  facet normal -0.27458861818493363 -0.9615617976829616 0
    outer loop
      vertex -9.665660803703267 9.116406333687467 0
      vertex -9.363698556443147 9.030176414384337 0
      vertex -9.363698556443147 9.030176414384337 10
    endloop
  endfacet
  facet normal -0.3675159365947002 -0.9300172236840135 0
    outer loop
      vertex -9.363698556443147 9.030176414384337 0
      vertex -9.0716423500392 8.914764239747763 0
      vertex -9.0716423500392 8.914764239747763 10
    endloop
  endfacet
  facet normal -0.45690387563042506 -0.8895160754218537 0
    outer loop
      vertex -9.0716423500392 8.914764239747763 0
      vertex -8.792304845413264 8.771281292110203 0
      vertex -8.792304845413264 8.771281292110203 10
    endloop
  endfacet
  facet normal -0.5418915805747458 -0.8404484010944417 0
    outer loop
      vertex -8.792304845413264 8.771281292110203 0
      vertex -8.528376215436296 8.60110939069317 0
      vertex -8.528376215436296 8.60110939069317 10
    endloop
  endfacet
  facet normal -0.6216605733700798 -0.7832867492286484 0
    outer loop
      vertex -8.528376215436296 8.60110939069317 0
      vertex -8.282398237093043 8.405887383932727 0
      vertex -8.282398237093043 8.405887383932727 10
    endloop
  endfacet
  facet normal -0.7185816177796973 0.6954426350096123 0
    outer loop
      vertex -8.204809478940076 3.664434967366926 0
      vertex -8.204809478940076 3.664434967366926 10
      vertex -7.986417461480536 3.89009339167978 0
    endloop
  endfacet
  facet normal -0.7832867492286492 0.6216605733700787 0
    outer loop
      vertex -7.791195454720095 4.136071370023033 0
      vertex -7.986417461480536 3.89009339167978 0
      vertex -7.986417461480536 3.89009339167978 10
    endloop
  endfacet
  facet normal -0.8404484010944396 0.5418915805747492 0
    outer loop
      vertex -7.62102355330306 4.4 0
      vertex -7.791195454720095 4.136071370023033 0
      vertex -7.791195454720095 4.136071370023033 10
    endloop
  endfacet
  facet normal -0.8895160754218554 0.4569038756304217 0
    outer loop
      vertex -7.62102355330306 4.4 10
      vertex -7.477540605665501 4.679337504625937 0
      vertex -7.62102355330306 4.4 0
    endloop
  endfacet
  facet normal -0.930017223684012 0.36751593659470355 0
    outer loop
      vertex -7.477540605665501 4.679337504625937 10
      vertex -7.362128431028926 4.971393711029883 0
      vertex -7.477540605665501 4.679337504625937 0
    endloop
  endfacet
  facet normal -0.9615617976829617 0.2745886181849333 0
    outer loop
      vertex -7.362128431028926 4.971393711029883 10
      vertex -7.275898511725796 5.273355958290006 0
      vertex -7.362128431028926 4.971393711029883 0
    endloop
  endfacet
  facet normal -0.983846005927077 0.1790168612766353 0
    outer loop
      vertex -7.219681289017069 5.582316184895834 0
      vertex -7.275898511725796 5.273355958290006 0
      vertex -7.275898511725796 5.273355958290006 10
    endloop
  endfacet
  facet normal -0.9966552393091804 0.08172107413366834 0
    outer loop
      vertex -7.194018165488893 5.895298934970316 0
      vertex -7.219681289017069 5.582316184895834 0
      vertex -7.219681289017069 5.582316184895834 10
    endloop
  endfacet
  facet normal -0.9998661379095619 -0.016361731626483546 0
    outer loop
      vertex -7.19915629104973 6.209290013536457 0
      vertex -7.194018165488893 5.895298934970316 0
      vertex -7.194018165488893 5.895298934970316 10
    endloop
  endfacet
  facet normal -0.9774619749435721 -0.21111155235896395 0
    outer loop
      vertex -7.301342201288244 6.828220944328066 0
      vertex -7.23504618274165 6.521265514862684 0
      vertex -7.23504618274165 6.521265514862684 10
    endloop
  endfacet
  facet normal -0.9520626777139238 -0.3059030200965549 0
    outer loop
      vertex -7.397405879789821 7.127200153347947 0
      vertex -7.301342201288244 6.828220944328066 0
      vertex -7.301342201288244 6.828220944328066 10
    endloop
  endfacet
  facet normal -0.822268218989773 -0.5691001458789015 0
    outer loop
      vertex -7.8535741564813115 7.948036572827906 0
      vertex -7.67485786452821 7.689817122081178 0
      vertex -7.67485786452821 7.689817122081178 10
    endloop
  endfacet
  facet normal -0.7625272039063875 -0.6469561525348579 0
    outer loop
      vertex -8.05673981278019 8.187495366473188 0
      vertex -7.8535741564813115 7.948036572827906 0
      vertex -7.8535741564813115 7.948036572827906 10
    endloop
  endfacet
  facet normal -0.8740903416267588 -0.48576339371634014 0
    outer loop
      vertex -7.52231207250866 7.415323808700804 10
      vertex -7.67485786452821 7.689817122081178 0
      vertex -7.52231207250866 7.415323808700804 0
    endloop
  endfacet
  facet normal -0.9174944964474918 -0.3977484745270099 0
    outer loop
      vertex -7.397405879789821 7.127200153347947 10
      vertex -7.52231207250866 7.415323808700804 0
      vertex -7.397405879789821 7.127200153347947 0
    endloop
  endfacet
  facet normal -0.9934477790194441 -0.11428696496684942 0
    outer loop
      vertex -7.23504618274165 6.521265514862684 0
      vertex -7.19915629104973 6.209290013536457 0
      vertex -7.19915629104973 6.209290013536457 10
    endloop
  endfacet
  facet normal -0.6954426350096131 -0.7185816177796968 0
    outer loop
      vertex -8.282398237093043 8.405887383932727 0
      vertex -8.05673981278019 8.187495366473188 0
      vertex -8.05673981278019 8.187495366473188 10
    endloop
  endfacet
  facet normal 0.7625272039063881 0.6469561525348573 0
    outer loop
      vertex -12.931035534345215 4.051963427172094 10
      vertex -12.727869878046336 3.8125046335268116 10
      vertex -12.727869878046336 3.8125046335268116 0
    endloop
  endfacet
  facet normal 0.6954426350096131 0.7185816177796968 0
    outer loop
      vertex -12.502211453733484 3.5941126160672723 10
      vertex -12.502211453733484 3.5941126160672723 0
      vertex -12.727869878046336 3.8125046335268116 10
    endloop
  endfacet
  facet normal 0.9520626777139245 0.3059030200965523 0
    outer loop
      vertex -13.387203811036706 4.872799846652053 0
      vertex -13.483267489538282 5.171779055671934 10
      vertex -13.387203811036706 4.872799846652053 10
    endloop
  endfacet
  facet normal 0.9774619749435716 0.21111155235896667 0
    outer loop
      vertex -13.483267489538282 5.171779055671934 0
      vertex -13.549563508084876 5.478734485137316 10
      vertex -13.483267489538282 5.171779055671934 10
    endloop
  endfacet
  facet normal 0.9934477790194441 0.11428696496684942 0
    outer loop
      vertex -13.585453399776796 5.790709986463543 10
      vertex -13.549563508084876 5.478734485137316 10
      vertex -13.549563508084876 5.478734485137316 0
    endloop
  endfacet
  facet normal 0.9998661379095617 0.016361731626486374 0
    outer loop
      vertex -13.590591525337635 6.104701065029684 10
      vertex -13.585453399776796 5.790709986463543 10
      vertex -13.585453399776796 5.790709986463543 0
    endloop
  endfacet
  facet normal 0.8740903416267588 0.48576339371634014 0
    outer loop
      vertex -13.109751826298316 4.310182877918822 0
      vertex -13.262297618317866 4.584676191299196 10
      vertex -13.109751826298316 4.310182877918822 10
    endloop
  endfacet
  facet normal 0.822268218989773 0.5691001458789015 0
    outer loop
      vertex -12.931035534345215 4.051963427172094 0
      vertex -13.109751826298316 4.310182877918822 10
      vertex -12.931035534345215 4.051963427172094 10
    endloop
  endfacet
  facet normal 0.9174944964474918 0.3977484745270099 0
    outer loop
      vertex -13.262297618317866 4.584676191299196 0
      vertex -13.387203811036706 4.872799846652053 10
      vertex -13.262297618317866 4.584676191299196 10
    endloop
  endfacet
  facet normal 0.9966552393091801 -0.08172107413367115 0
    outer loop
      vertex -13.564928401809457 6.417683815104166 10
      vertex -13.590591525337635 6.104701065029684 10
      vertex -13.590591525337635 6.104701065029684 0
    endloop
  endfacet
  facet normal 0.983846005927077 -0.1790168612766353 0
    outer loop
      vertex -13.564928401809457 6.417683815104166 0
      vertex -13.50871117910073 6.726644041709994 10
      vertex -13.564928401809457 6.417683815104166 10
    endloop
  endfacet
  facet normal 0.9615617976829609 -0.27458861818493585 0
    outer loop
      vertex -13.50871117910073 6.726644041709994 0
      vertex -13.4224812597976 7.028606288970117 10
      vertex -13.50871117910073 6.726644041709994 10
    endloop
  endfacet
  facet normal 0.9300172236840131 -0.36751593659470116 0
    outer loop
      vertex -13.4224812597976 7.028606288970117 0
      vertex -13.307069085161025 7.320662495374063 10
      vertex -13.4224812597976 7.028606288970117 10
    endloop
  endfacet
  facet normal 0.8895160754218567 -0.45690387563041945 0
    outer loop
      vertex -13.307069085161025 7.320662495374063 0
      vertex -13.163586137523467 7.6 10
      vertex -13.307069085161025 7.320662495374063 10
    endloop
  endfacet
  facet normal 0.8404484010944384 -0.5418915805747512 0
    outer loop
      vertex -13.163586137523467 7.6 0
      vertex -12.993414236106432 7.863928629976967 10
      vertex -13.163586137523467 7.6 10
    endloop
  endfacet
  facet normal 0.7832867492286474 -0.6216605733700813 0
    outer loop
      vertex -12.993414236106432 7.863928629976967 0
      vertex -12.79819222934599 8.10990660832022 10
      vertex -12.993414236106432 7.863928629976967 10
    endloop
  endfacet
  facet normal 0.7185816177797022 -0.6954426350096072 0
    outer loop
      vertex -12.579800211886452 8.335565032633074 10
      vertex -12.79819222934599 8.10990660832022 10
      vertex -12.79819222934599 8.10990660832022 0
    endloop
  endfacet
  facet normal 0.3675159365947026 0.9300172236840125 0
    outer loop
      vertex -11.42091113438338 2.969823585615662 10
      vertex -11.42091113438338 2.969823585615662 0
      vertex -11.712967340787326 3.0852357602522376 10
    endloop
  endfacet
  facet normal 0.6216605733700782 0.7832867492286498 0
    outer loop
      vertex -12.25623347539023 3.398890609306831 0
      vertex -12.502211453733484 3.5941126160672723 10
      vertex -12.25623347539023 3.398890609306831 10
    endloop
  endfacet
  facet normal 0.5418915805747515 0.8404484010944382 0
    outer loop
      vertex -11.992304845413264 3.2287187078897963 0
      vertex -12.25623347539023 3.398890609306831 10
      vertex -11.992304845413264 3.2287187078897963 10
    endloop
  endfacet
  facet normal 0.45690387563041945 0.8895160754218567 0
    outer loop
      vertex -11.712967340787326 3.0852357602522376 0
      vertex -11.992304845413264 3.2287187078897963 10
      vertex -11.712967340787326 3.0852357602522376 10
    endloop
  endfacet
  facet normal 0.27458861818493363 0.9615617976829616 0
    outer loop
      vertex -11.42091113438338 2.969823585615662 10
      vertex -11.11894888712326 2.883593666312533 10
      vertex -11.11894888712326 2.883593666312533 0
    endloop
  endfacet
  facet normal 0.17901686127663427 0.9838460059270772 0
    outer loop
      vertex -10.80998866051743 2.8273764436038067 0
      vertex -11.11894888712326 2.883593666312533 10
      vertex -10.80998866051743 2.8273764436038067 10
    endloop
  endfacet
  facet normal 0.08172107413366671 0.9966552393091804 0
    outer loop
      vertex -10.497005910442947 2.8017133200756303 0
      vertex -10.80998866051743 2.8273764436038067 10
      vertex -10.497005910442947 2.8017133200756303 10
    endloop
  endfacet
  facet normal -0.016361731626486326 0.9998661379095617 0
    outer loop
      vertex -10.183014831876806 2.806851445636469 10
      vertex -10.183014831876806 2.806851445636469 0
      vertex -10.497005910442947 2.8017133200756303 10
    endloop
  endfacet
  facet normal -0.11428696496684383 0.9934477790194447 0
    outer loop
      vertex -10.183014831876806 2.806851445636469 10
      vertex -9.871039330550579 2.8427413373283867 10
      vertex -9.871039330550579 2.8427413373283867 0
    endloop
  endfacet
  facet normal -0.21111155235896395 0.9774619749435721 0
    outer loop
      vertex -9.564083901085196 2.9090373558749807 0
      vertex -9.871039330550579 2.8427413373283867 10
      vertex -9.564083901085196 2.9090373558749807 10
    endloop
  endfacet
  facet normal -0.305903020096557 0.9520626777139232 0
    outer loop
      vertex -9.265104692065316 3.005101034376558 0
      vertex -9.564083901085196 2.9090373558749807 10
      vertex -9.265104692065316 3.005101034376558 10
    endloop
  endfacet
  facet normal -0.39774847452700784 0.9174944964474927 0
    outer loop
      vertex -8.976981036712457 3.130007227095397 10
      vertex -8.976981036712457 3.130007227095397 0
      vertex -9.265104692065316 3.005101034376558 10
    endloop
  endfacet
  facet normal -0.4857633937163415 0.8740903416267581 0
    outer loop
      vertex -8.702487723332085 3.282553019114947 10
      vertex -8.702487723332085 3.282553019114947 0
      vertex -8.976981036712457 3.130007227095397 10
    endloop
  endfacet
  facet normal -0.5691001458788972 0.8222682189897758 0
    outer loop
      vertex -8.444268272585356 3.461269311068047 0
      vertex -8.702487723332085 3.282553019114947 10
      vertex -8.444268272585356 3.461269311068047 10
    endloop
  endfacet
  facet normal -0.6469561525348616 0.7625272039063845 0
    outer loop
      vertex -8.204809478940076 3.664434967366926 0
      vertex -8.444268272585356 3.461269311068047 10
      vertex -8.204809478940076 3.664434967366926 10
    endloop
  endfacet
  facet normal 0.6469561525348579 -0.7625272039063875 0
    outer loop
      vertex -12.579800211886452 8.335565032633074 0
      vertex -12.34034141824117 8.538730688931953 10
      vertex -12.579800211886452 8.335565032633074 10
    endloop
  endfacet
  facet normal 0.5691001458789028 -0.822268218989772 0
    outer loop
      vertex -12.34034141824117 8.538730688931953 0
      vertex -12.082121967494443 8.717446980885054 10
      vertex -12.34034141824117 8.538730688931953 10
    endloop
  endfacet
  facet normal 0.4857633937163358 -0.8740903416267611 0
    outer loop
      vertex -12.082121967494443 8.717446980885054 0
      vertex -11.807628654114069 8.869992772904602 10
      vertex -12.082121967494443 8.717446980885054 10
    endloop
  endfacet
  facet normal 0.39774847452700784 -0.9174944964474927 0
    outer loop
      vertex -11.807628654114069 8.869992772904602 0
      vertex -11.51950499876121 8.994898965623442 10
      vertex -11.807628654114069 8.869992772904602 10
    endloop
  endfacet
  facet normal 0.30590302009655823 -0.9520626777139226 0
    outer loop
      vertex -11.51950499876121 8.994898965623442 0
      vertex -11.22052578974133 9.09096264412502 10
      vertex -11.51950499876121 8.994898965623442 10
    endloop
  endfacet
  facet normal 0.21111155235896126 -0.9774619749435727 0
    outer loop
      vertex -11.22052578974133 9.09096264412502 0
      vertex -10.913570360275948 9.157258662671612 10
      vertex -11.22052578974133 9.09096264412502 10
    endloop
  endfacet
  facet normal 0.11428696496684942 -0.9934477790194441 0
    outer loop
      vertex -10.913570360275948 9.157258662671612 0
      vertex -10.60159485894972 9.193148554363532 10
      vertex -10.913570360275948 9.157258662671612 10
    endloop
  endfacet
  facet normal 0.016361731626480674 -0.9998661379095619 0
    outer loop
      vertex -10.287603780383579 9.198286679924369 10
      vertex -10.60159485894972 9.193148554363532 10
      vertex -10.60159485894972 9.193148554363532 0
    endloop
  endfacet
  facet normal -0.0817210741336653 -0.9966552393091805 0
    outer loop
      vertex -10.287603780383579 9.198286679924369 0
      vertex -9.974621030309097 9.172623556396193 10
      vertex -10.287603780383579 9.198286679924369 10
    endloop
  endfacet
  facet normal -0.17901686127663427 -0.9838460059270772 0
    outer loop
      vertex -9.974621030309097 9.172623556396193 0
      vertex -9.665660803703267 9.116406333687467 10
      vertex -9.974621030309097 9.172623556396193 10
    endloop
  endfacet
  facet normal -0.27458861818493363 -0.9615617976829616 0
    outer loop
      vertex -9.665660803703267 9.116406333687467 0
      vertex -9.363698556443147 9.030176414384337 10
      vertex -9.665660803703267 9.116406333687467 10
    endloop
  endfacet
  facet normal -0.3675159365947002 -0.9300172236840135 0
    outer loop
      vertex -9.363698556443147 9.030176414384337 0
      vertex -9.0716423500392 8.914764239747763 10
      vertex -9.363698556443147 9.030176414384337 10
    endloop
  endfacet
  facet normal -0.45690387563042506 -0.8895160754218537 0
    outer loop
      vertex -9.0716423500392 8.914764239747763 10
      vertex -9.0716423500392 8.914764239747763 0
      vertex -8.792304845413264 8.771281292110203 10
    endloop
  endfacet
  facet normal -0.5418915805747458 -0.8404484010944417 0
    outer loop
      vertex -8.792304845413264 8.771281292110203 0
      vertex -8.528376215436296 8.60110939069317 10
      vertex -8.792304845413264 8.771281292110203 10
    endloop
  endfacet
  facet normal -0.6216605733700798 -0.7832867492286484 0
    outer loop
      vertex -8.528376215436296 8.60110939069317 0
      vertex -8.282398237093043 8.405887383932727 10
      vertex -8.528376215436296 8.60110939069317 10
    endloop
  endfacet
  facet normal -0.7185816177796973 0.6954426350096123 0
    outer loop
      vertex -7.986417461480536 3.89009339167978 0
      vertex -8.204809478940076 3.664434967366926 10
      vertex -7.986417461480536 3.89009339167978 10
    endloop
  endfacet
  facet normal -0.7832867492286492 0.6216605733700787 0
    outer loop
      vertex -7.791195454720095 4.136071370023033 0
      vertex -7.986417461480536 3.89009339167978 10
      vertex -7.791195454720095 4.136071370023033 10
    endloop
  endfacet
  facet normal -0.8404484010944396 0.5418915805747492 0
    outer loop
      vertex -7.791195454720095 4.136071370023033 10
      vertex -7.62102355330306 4.4 10
      vertex -7.62102355330306 4.4 0
    endloop
  endfacet
  facet normal -0.8895160754218554 0.4569038756304217 0
    outer loop
      vertex -7.62102355330306 4.4 10
      vertex -7.477540605665501 4.679337504625937 10
      vertex -7.477540605665501 4.679337504625937 0
    endloop
  endfacet
  facet normal -0.930017223684012 0.36751593659470355 0
    outer loop
      vertex -7.477540605665501 4.679337504625937 10
      vertex -7.362128431028926 4.971393711029883 10
      vertex -7.362128431028926 4.971393711029883 0
    endloop
  endfacet
  facet normal -0.9615617976829617 0.2745886181849333 0
    outer loop
      vertex -7.362128431028926 4.971393711029883 10
      vertex -7.275898511725796 5.273355958290006 10
      vertex -7.275898511725796 5.273355958290006 0
    endloop
  endfacet
  facet normal -0.983846005927077 0.1790168612766353 0
    outer loop
      vertex -7.219681289017069 5.582316184895834 0
      vertex -7.275898511725796 5.273355958290006 10
      vertex -7.219681289017069 5.582316184895834 10
    endloop
  endfacet
  facet normal -0.9966552393091804 0.08172107413366834 0
    outer loop
      vertex -7.194018165488893 5.895298934970316 0
      vertex -7.219681289017069 5.582316184895834 10
      vertex -7.194018165488893 5.895298934970316 10
    endloop
  endfacet
  facet normal -0.9998661379095619 -0.016361731626483546 0
    outer loop
      vertex -7.19915629104973 6.209290013536457 0
      vertex -7.194018165488893 5.895298934970316 10
      vertex -7.19915629104973 6.209290013536457 10
    endloop
  endfacet
  facet normal -0.9934477790194441 -0.11428696496684942 0
    outer loop
      vertex -7.23504618274165 6.521265514862684 0
      vertex -7.19915629104973 6.209290013536457 10
      vertex -7.23504618274165 6.521265514862684 10
    endloop
  endfacet
  facet normal -0.9774619749435721 -0.21111155235896395 0
    outer loop
      vertex -7.301342201288244 6.828220944328066 0
      vertex -7.23504618274165 6.521265514862684 10
      vertex -7.301342201288244 6.828220944328066 10
    endloop
  endfacet
  facet normal -0.9520626777139238 -0.3059030200965549 0
    outer loop
      vertex -7.397405879789821 7.127200153347947 0
      vertex -7.301342201288244 6.828220944328066 10
      vertex -7.397405879789821 7.127200153347947 10
    endloop
  endfacet
  facet normal -0.822268218989773 -0.5691001458789015 0
    outer loop
      vertex -7.67485786452821 7.689817122081178 10
      vertex -7.8535741564813115 7.948036572827906 10
      vertex -7.8535741564813115 7.948036572827906 0
    endloop
  endfacet
  facet normal -0.7625272039063875 -0.6469561525348579 0
    outer loop
      vertex -8.05673981278019 8.187495366473188 0
      vertex -7.8535741564813115 7.948036572827906 10
      vertex -8.05673981278019 8.187495366473188 10
    endloop
  endfacet
  facet normal -0.9174944964474918 -0.3977484745270099 0
    outer loop
      vertex -7.397405879789821 7.127200153347947 10
      vertex -7.52231207250866 7.415323808700804 10
      vertex -7.52231207250866 7.415323808700804 0
    endloop
  endfacet
  facet normal -0.8740903416267588 -0.48576339371634014 0
    outer loop
      vertex -7.52231207250866 7.415323808700804 10
      vertex -7.67485786452821 7.689817122081178 10
      vertex -7.67485786452821 7.689817122081178 0
    endloop
  endfacet
  facet normal -0.6954426350096131 -0.7185816177796968 0
    outer loop
      vertex -8.282398237093043 8.405887383932727 0
      vertex -8.05673981278019 8.187495366473188 10
      vertex -8.282398237093043 8.405887383932727 10
    endloop
  endfacet
  facet normal 0.695442635009618 0.7185816177796921 0
    outer loop
      vertex 9.271416959743146 -7.278127672714262 6
      vertex 9.271416959743146 -7.278127672714262 0
      vertex 9.151535921826945 -7.1621069134388815 0
    endloop
  endfacet
  facet normal 0.9774619749435711 0.2111115523589684 0
    outer loop
      vertex 8.750230940721847 -6.439992376674286 6
      vertex 8.750230940721847 -6.439992376674286 0
      vertex 8.715011180868968 -6.2769223047708005 0
    endloop
  endfacet
  facet normal 0.9934477790194443 0.11428696496684798 0
    outer loop
      vertex 8.715011180868968 -6.2769223047708005 6
      vertex 8.715011180868968 -6.2769223047708005 0
      vertex 8.695944675907636 -6.111185319691243 0
    endloop
  endfacet
  facet normal 0.8222682189897849 0.5691001458788842 0
    outer loop
      vertex 9.043604166918161 -7.034894429314825 6
      vertex 9.043604166918161 -7.034894429314825 0
      vertex 8.94866113681808 -6.897715346105625 0
    endloop
  endfacet
  facet normal 0.874090341626758 0.4857633937163417 0
    outer loop
      vertex 8.94866113681808 -6.897715346105625 6
      vertex 8.94866113681808 -6.897715346105625 0
      vertex 8.867621184807694 -6.751890773372303 0
    endloop
  endfacet
  facet normal 0.7625272039063771 0.6469561525348705 0
    outer loop
      vertex 9.151535921826945 -7.1621069134388815 6
      vertex 9.151535921826945 -7.1621069134388815 0
      vertex 9.043604166918161 -7.034894429314825 0
    endloop
  endfacet
  facet normal 0.9174944964474866 0.39774847452702206 0
    outer loop
      vertex 8.867621184807694 -6.751890773372303 6
      vertex 8.867621184807694 -6.751890773372303 0
      vertex 8.801264769925808 -6.598825081466097 0
    endloop
  endfacet
  facet normal 0.9520626777139264 0.3059030200965467 0
    outer loop
      vertex 8.801264769925808 -6.598825081466097 6
      vertex 8.801264769925808 -6.598825081466097 0
      vertex 8.750230940721847 -6.439992376674286 0
    endloop
  endfacet
  facet normal 0.6216605733700736 0.7832867492286534 0
    outer loop
      vertex 9.402092760738 -7.381839363805746 6
      vertex 9.402092760738 -7.381839363805746 0
      vertex 9.271416959743146 -7.278127672714262 0
    endloop
  endfacet
  facet normal 0.5418915805747506 0.8404484010944387 0
    outer loop
      vertex 9.542304845413264 -7.472243186433546 6
      vertex 9.542304845413264 -7.472243186433546 0
      vertex 9.402092760738 -7.381839363805746 0
    endloop
  endfacet
  facet normal 0.4569038756304254 0.8895160754218536 0
    outer loop
      vertex 9.690702894745792 -7.548468502365999 6
      vertex 9.690702894745792 -7.548468502365999 0
      vertex 9.542304845413264 -7.472243186433546 0
    endloop
  endfacet
  facet normal 0.3675159365947029 0.9300172236840125 0
    outer loop
      vertex 9.845857754397889 -7.60978122014168 6
      vertex 9.845857754397889 -7.60978122014168 0
      vertex 9.690702894745792 -7.548468502365999 0
    endloop
  endfacet
  facet normal 0.27458861818493097 0.9615617976829625 0
    outer loop
      vertex 10.006275198254828 -7.655590864771467 6
      vertex 10.006275198254828 -7.655590864771467 0
      vertex 9.845857754397889 -7.60978122014168 0
    endloop
  endfacet
  facet normal 0.17901686127663408 0.9838460059270773 0
    outer loop
      vertex 10.170410318639178 -7.685456264335478 6
      vertex 10.170410318639178 -7.685456264335478 0
      vertex 10.006275198254828 -7.655590864771467 0
    endloop
  endfacet
  facet normal 0.08172107413366639 0.9966552393091804 0
    outer loop
      vertex 10.336682404616244 -7.699089798709822 6
      vertex 10.336682404616244 -7.699089798709822 0
      vertex 10.170410318639178 -7.685456264335478 0
    endloop
  endfacet
  facet normal 0.9998661379095618 0.01636173162648265 0
    outer loop
      vertex 8.695944675907636 -6.111185319691243 6
      vertex 8.695944675907636 -6.111185319691243 0
      vertex 8.693215046703441 -5.94437755920298 0
    endloop
  endfacet
  facet normal 0.9966552393091801 -0.0817210741336708 0
    outer loop
      vertex 8.693215046703441 -5.94437755920298 6
      vertex 8.693215046703441 -5.94437755920298 0
      vertex 8.706848581077786 -5.778105473225912 0
    endloop
  endfacet
  facet normal 0.9838460059270785 -0.17901686127662658 0
    outer loop
      vertex 8.706848581077786 -5.778105473225912 6
      vertex 8.706848581077786 -5.778105473225912 0
      vertex 8.736713980641795 -5.613970352841565 0
    endloop
  endfacet
  facet normal 0.9615617976829609 -0.27458861818493585 0
    outer loop
      vertex 8.736713980641795 -5.613970352841565 6
      vertex 8.736713980641795 -5.613970352841565 0
      vertex 8.782523625271583 -5.4535529089846255 0
    endloop
  endfacet
  facet normal 0.9300172236840106 -0.3675159365947075 0
    outer loop
      vertex 8.782523625271583 -5.4535529089846255 6
      vertex 8.782523625271583 -5.4535529089846255 0
      vertex 8.843836343047265 -5.298398049332529 0
    endloop
  endfacet
  facet normal 0.889516075421857 -0.45690387563041907 0
    outer loop
      vertex 8.843836343047265 -5.298398049332529 6
      vertex 8.843836343047265 -5.298398049332529 0
      vertex 8.920061658979717 -5.15 0
    endloop
  endfacet
  facet normal 0.8404484010944346 -0.5418915805747568 0
    outer loop
      vertex 8.920061658979717 -5.15 6
      vertex 8.920061658979717 -5.15 0
      vertex 9.010465481607518 -5.009787915324737 0
    endloop
  endfacet
  facet normal 0.783286749228656 -0.6216605733700704 0
    outer loop
      vertex 9.010465481607518 -5.009787915324737 6
      vertex 9.010465481607518 -5.009787915324737 0
      vertex 9.114177172699002 -4.879112114329883 0
    endloop
  endfacet
  facet normal 0.7185816177796999 -0.6954426350096099 0
    outer loop
      vertex 9.114177172699002 -4.879112114329883 6
      vertex 9.114177172699002 -4.879112114329883 0
      vertex 9.23019793197438 -4.75923107641368 0
    endloop
  endfacet
  facet normal 0.6469561525348497 -0.7625272039063946 0
    outer loop
      vertex 9.23019793197438 -4.75923107641368 6
      vertex 9.23019793197438 -4.75923107641368 0
      vertex 9.357410416098439 -4.651299321504901 0
    endloop
  endfacet
  facet normal 0.5691001458789011 -0.8222682189897731 0
    outer loop
      vertex 9.357410416098439 -4.651299321504901 6
      vertex 9.357410416098439 -4.651299321504901 0
      vertex 9.494589499307638 -4.556356291404816 0
    endloop
  endfacet
  facet normal 0.4857633937163394 -0.8740903416267594 0
    outer loop
      vertex 9.494589499307638 -4.556356291404816 6
      vertex 9.494589499307638 -4.556356291404816 0
      vertex 9.640414072040961 -4.47531633939443 0
    endloop
  endfacet
  facet normal 0.39774847452701056 -0.9174944964474917 0
    outer loop
      vertex 9.640414072040961 -4.47531633939443 6
      vertex 9.640414072040961 -4.47531633939443 0
      vertex 9.793479763947166 -4.408959924512547 0
    endloop
  endfacet
  facet normal 0.30590302009655324 -0.9520626777139244 0
    outer loop
      vertex 9.793479763947166 -4.408959924512547 6
      vertex 9.793479763947166 -4.408959924512547 0
      vertex 9.95231246873898 -4.357926095308584 0
    endloop
  endfacet
  facet normal 0.21111155235897278 -0.9774619749435702 0
    outer loop
      vertex 9.95231246873898 -4.357926095308584 6
      vertex 9.95231246873898 -4.357926095308584 0
      vertex 10.115382540642461 -4.322706335455705 0
    endloop
  endfacet
  facet normal 0.1142869649668409 -0.993447779019445 0
    outer loop
      vertex 10.115382540642461 -4.322706335455705 6
      vertex 10.115382540642461 -4.322706335455705 0
      vertex 10.281119525722021 -4.303639830494374 0
    endloop
  endfacet
  facet normal -0.01636173162648815 0.9998661379095618 0
    outer loop
      vertex 10.503490165104505 -7.696360169505626 6
      vertex 10.503490165104505 -7.696360169505626 0
      vertex 10.336682404616244 -7.699089798709822 0
    endloop
  endfacet
  facet normal -0.1142869649668409 0.993447779019445 0
    outer loop
      vertex 10.669227150184065 -7.677293664544295 6
      vertex 10.669227150184065 -7.677293664544295 0
      vertex 10.503490165104505 -7.696360169505626 0
    endloop
  endfacet
  facet normal -0.21111155235897278 0.9774619749435702 0
    outer loop
      vertex 10.832297222087547 -7.642073904691416 6
      vertex 10.832297222087547 -7.642073904691416 0
      vertex 10.669227150184065 -7.677293664544295 0
    endloop
  endfacet
  facet normal -0.30590302009655324 0.9520626777139244 0
    outer loop
      vertex 10.99112992687936 -7.591040075487453 6
      vertex 10.99112992687936 -7.591040075487453 0
      vertex 10.832297222087547 -7.642073904691416 0
    endloop
  endfacet
  facet normal -0.39774847452701056 0.9174944964474917 0
    outer loop
      vertex 11.144195618785565 -7.52468366060557 6
      vertex 11.144195618785565 -7.52468366060557 0
      vertex 10.99112992687936 -7.591040075487453 0
    endloop
  endfacet
  facet normal -0.4857633937163394 0.8740903416267594 0
    outer loop
      vertex 11.290020191518888 -7.443643708595184 6
      vertex 11.290020191518888 -7.443643708595184 0
      vertex 11.144195618785565 -7.52468366060557 0
    endloop
  endfacet
  facet normal -0.5691001458789011 0.8222682189897731 0
    outer loop
      vertex 11.427199274728087 -7.348700678495099 6
      vertex 11.427199274728087 -7.348700678495099 0
      vertex 11.290020191518888 -7.443643708595184 0
    endloop
  endfacet
  facet normal -0.6469561525348497 0.7625272039063946 0
    outer loop
      vertex 11.554411758852146 -7.24076892358632 6
      vertex 11.554411758852146 -7.24076892358632 0
      vertex 11.427199274728087 -7.348700678495099 0
    endloop
  endfacet
  facet normal -0.7185816177796999 0.6954426350096099 0
    outer loop
      vertex 11.670432518127525 -7.120887885670117 6
      vertex 11.670432518127525 -7.120887885670117 0
      vertex 11.554411758852146 -7.24076892358632 0
    endloop
  endfacet
  facet normal -0.783286749228656 0.6216605733700704 0
    outer loop
      vertex 11.774144209219008 -6.990212084675263 6
      vertex 11.774144209219008 -6.990212084675263 0
      vertex 11.670432518127525 -7.120887885670117 0
    endloop
  endfacet
  facet normal -0.8404484010944346 0.5418915805747568 0
    outer loop
      vertex 11.864548031846809 -6.85 6
      vertex 11.864548031846809 -6.85 0
      vertex 11.774144209219008 -6.990212084675263 0
    endloop
  endfacet
  facet normal -0.889516075421857 0.45690387563041907 0
    outer loop
      vertex 11.940773347779261 -6.701601950667471 6
      vertex 11.940773347779261 -6.701601950667471 0
      vertex 11.864548031846809 -6.85 0
    endloop
  endfacet
  facet normal -0.9300172236840106 0.3675159365947075 0
    outer loop
      vertex 12.002086065554943 -6.5464470910153745 6
      vertex 12.002086065554943 -6.5464470910153745 0
      vertex 11.940773347779261 -6.701601950667471 0
    endloop
  endfacet
  facet normal -0.9615617976829609 0.27458861818493585 0
    outer loop
      vertex 12.047895710184731 -6.386029647158435 6
      vertex 12.047895710184731 -6.386029647158435 0
      vertex 12.002086065554943 -6.5464470910153745 0
    endloop
  endfacet
  facet normal -0.9838460059270785 0.17901686127662658 0
    outer loop
      vertex 12.07776110974874 -6.221894526774088 6
      vertex 12.07776110974874 -6.221894526774088 0
      vertex 12.047895710184731 -6.386029647158435 0
    endloop
  endfacet
  facet normal 0.01636173162648815 -0.9998661379095618 0
    outer loop
      vertex 10.281119525722021 -4.303639830494374 6
      vertex 10.281119525722021 -4.303639830494374 0
      vertex 10.447927286210282 -4.300910201290178 0
    endloop
  endfacet
  facet normal -0.08172107413366551 -0.9966552393091805 0
    outer loop
      vertex 10.447927286210282 -4.300910201290178 6
      vertex 10.447927286210282 -4.300910201290178 0
      vertex 10.61419937218735 -4.314543735664522 0
    endloop
  endfacet
  facet normal -0.17901686127663596 -0.9838460059270768 0
    outer loop
      vertex 10.61419937218735 -4.314543735664522 6
      vertex 10.61419937218735 -4.314543735664522 0
      vertex 10.778334492571698 -4.344409135228533 0
    endloop
  endfacet
  facet normal -0.3675159365947029 -0.9300172236840125 0
    outer loop
      vertex 10.938751936428638 -4.39021877985832 6
      vertex 10.938751936428638 -4.39021877985832 0
      vertex 11.093906796080734 -4.451531497634001 0
    endloop
  endfacet
  facet normal -0.27458861818493097 -0.9615617976829625 0
    outer loop
      vertex 10.778334492571698 -4.344409135228533 6
      vertex 10.778334492571698 -4.344409135228533 0
      vertex 10.938751936428638 -4.39021877985832 0
    endloop
  endfacet
  facet normal -0.456903875630421 -0.8895160754218557 0
    outer loop
      vertex 11.093906796080734 -4.451531497634001 6
      vertex 11.093906796080734 -4.451531497634001 0
      vertex 11.242304845413264 -4.527756813566454 0
    endloop
  endfacet
  facet normal -0.5418915805747556 -0.8404484010944357 0
    outer loop
      vertex 11.242304845413264 -4.527756813566454 6
      vertex 11.242304845413264 -4.527756813566454 0
      vertex 11.382516930088526 -4.618160636194254 0
    endloop
  endfacet
  facet normal -0.9966552393091801 0.0817210741336708 0
    outer loop
      vertex 12.091394644123085 -6.05562244079702 6
      vertex 12.091394644123085 -6.05562244079702 0
      vertex 12.07776110974874 -6.221894526774088 0
    endloop
  endfacet
  facet normal -0.9998661379095618 -0.01636173162648265 0
    outer loop
      vertex 12.08866501491889 -5.888814680308757 6
      vertex 12.08866501491889 -5.888814680308757 0
      vertex 12.091394644123085 -6.05562244079702 0
    endloop
  endfacet
  facet normal -0.9934477790194443 -0.11428696496684798 0
    outer loop
      vertex 12.069598509957558 -5.7230776952291995 6
      vertex 12.069598509957558 -5.7230776952291995 0
      vertex 12.08866501491889 -5.888814680308757 0
    endloop
  endfacet
  facet normal -0.9774619749435711 -0.2111115523589684 0
    outer loop
      vertex 12.034378750104679 -5.560007623325714 6
      vertex 12.034378750104679 -5.560007623325714 0
      vertex 12.069598509957558 -5.7230776952291995 0
    endloop
  endfacet
  facet normal -0.9520626777139264 -0.3059030200965467 0
    outer loop
      vertex 11.983344920900718 -5.401174918533903 6
      vertex 11.983344920900718 -5.401174918533903 0
      vertex 12.034378750104679 -5.560007623325714 0
    endloop
  endfacet
  facet normal -0.9174944964474866 -0.39774847452702206 0
    outer loop
      vertex 11.916988506018832 -5.248109226627697 6
      vertex 11.916988506018832 -5.248109226627697 0
      vertex 11.983344920900718 -5.401174918533903 0
    endloop
  endfacet
  facet normal -0.6216605733700736 -0.7832867492286534 0
    outer loop
      vertex 11.382516930088526 -4.618160636194254 6
      vertex 11.382516930088526 -4.618160636194254 0
      vertex 11.51319273108338 -4.721872327285738 0
    endloop
  endfacet
  facet normal -0.695442635009618 -0.7185816177796921 0
    outer loop
      vertex 11.51319273108338 -4.721872327285738 6
      vertex 11.51319273108338 -4.721872327285738 0
      vertex 11.633073768999582 -4.8378930865611185 0
    endloop
  endfacet
  facet normal -0.8222682189897799 -0.5691001458788915 0
    outer loop
      vertex 11.741005523908363 -4.965105570685175 6
      vertex 11.741005523908363 -4.965105570685175 0
      vertex 11.835948554008446 -5.102284653894375 0
    endloop
  endfacet
  facet normal -0.7625272039063823 -0.6469561525348643 0
    outer loop
      vertex 11.633073768999582 -4.8378930865611185 6
      vertex 11.633073768999582 -4.8378930865611185 0
      vertex 11.741005523908363 -4.965105570685175 0
    endloop
  endfacet
  facet normal -0.874090341626758 -0.4857633937163417 0
    outer loop
      vertex 11.835948554008446 -5.102284653894375 6
      vertex 11.835948554008446 -5.102284653894375 0
      vertex 11.916988506018832 -5.248109226627697 0
    endloop
  endfacet
  facet normal 0.9774619749435711 0.2111115523589684 0
    outer loop
      vertex 8.750230940721847 -6.439992376674286 6
      vertex 8.715011180868968 -6.2769223047708005 0
      vertex 8.715011180868968 -6.2769223047708005 6
    endloop
  endfacet
  facet normal 0.8222682189897849 0.5691001458788842 0
    outer loop
      vertex 9.043604166918161 -7.034894429314825 6
      vertex 8.94866113681808 -6.897715346105625 0
      vertex 8.94866113681808 -6.897715346105625 6
    endloop
  endfacet
  facet normal 0.874090341626758 0.4857633937163417 0
    outer loop
      vertex 8.867621184807694 -6.751890773372303 6
      vertex 8.94866113681808 -6.897715346105625 6
      vertex 8.867621184807694 -6.751890773372303 0
    endloop
  endfacet
  facet normal 0.7625272039063771 0.6469561525348705 0
    outer loop
      vertex 9.043604166918161 -7.034894429314825 6
      vertex 9.151535921826945 -7.1621069134388815 6
      vertex 9.043604166918161 -7.034894429314825 0
    endloop
  endfacet
  facet normal 0.695442635009618 0.7185816177796921 0
    outer loop
      vertex 9.271416959743146 -7.278127672714262 6
      vertex 9.151535921826945 -7.1621069134388815 0
      vertex 9.151535921826945 -7.1621069134388815 6
    endloop
  endfacet
  facet normal 0.9174944964474866 0.39774847452702206 0
    outer loop
      vertex 8.867621184807694 -6.751890773372303 6
      vertex 8.801264769925808 -6.598825081466097 0
      vertex 8.801264769925808 -6.598825081466097 6
    endloop
  endfacet
  facet normal 0.9520626777139264 0.3059030200965467 0
    outer loop
      vertex 8.801264769925808 -6.598825081466097 6
      vertex 8.750230940721847 -6.439992376674286 0
      vertex 8.750230940721847 -6.439992376674286 6
    endloop
  endfacet
  facet normal 0.6216605733700736 0.7832867492286534 0
    outer loop
      vertex 9.271416959743146 -7.278127672714262 6
      vertex 9.402092760738 -7.381839363805746 6
      vertex 9.271416959743146 -7.278127672714262 0
    endloop
  endfacet
  facet normal 0.5418915805747506 0.8404484010944387 0
    outer loop
      vertex 9.542304845413264 -7.472243186433546 6
      vertex 9.402092760738 -7.381839363805746 0
      vertex 9.402092760738 -7.381839363805746 6
    endloop
  endfacet
  facet normal 0.4569038756304254 0.8895160754218536 0
    outer loop
      vertex 9.542304845413264 -7.472243186433546 6
      vertex 9.690702894745792 -7.548468502365999 6
      vertex 9.542304845413264 -7.472243186433546 0
    endloop
  endfacet
  facet normal 0.3675159365947029 0.9300172236840125 0
    outer loop
      vertex 9.690702894745792 -7.548468502365999 6
      vertex 9.845857754397889 -7.60978122014168 6
      vertex 9.690702894745792 -7.548468502365999 0
    endloop
  endfacet
  facet normal 0.27458861818493097 0.9615617976829625 0
    outer loop
      vertex 10.006275198254828 -7.655590864771467 6
      vertex 9.845857754397889 -7.60978122014168 0
      vertex 9.845857754397889 -7.60978122014168 6
    endloop
  endfacet
  facet normal 0.17901686127663408 0.9838460059270773 0
    outer loop
      vertex 10.006275198254828 -7.655590864771467 6
      vertex 10.170410318639178 -7.685456264335478 6
      vertex 10.006275198254828 -7.655590864771467 0
    endloop
  endfacet
  facet normal 0.08172107413366639 0.9966552393091804 0
    outer loop
      vertex 10.170410318639178 -7.685456264335478 6
      vertex 10.336682404616244 -7.699089798709822 6
      vertex 10.170410318639178 -7.685456264335478 0
    endloop
  endfacet
  facet normal 0.9934477790194443 0.11428696496684798 0
    outer loop
      vertex 8.715011180868968 -6.2769223047708005 6
      vertex 8.695944675907636 -6.111185319691243 0
      vertex 8.695944675907636 -6.111185319691243 6
    endloop
  endfacet
  facet normal 0.9998661379095618 0.01636173162648265 0
    outer loop
      vertex 8.695944675907636 -6.111185319691243 6
      vertex 8.693215046703441 -5.94437755920298 0
      vertex 8.693215046703441 -5.94437755920298 6
    endloop
  endfacet
  facet normal 0.9966552393091801 -0.0817210741336708 0
    outer loop
      vertex 8.693215046703441 -5.94437755920298 6
      vertex 8.706848581077786 -5.778105473225912 0
      vertex 8.706848581077786 -5.778105473225912 6
    endloop
  endfacet
  facet normal 0.9838460059270785 -0.17901686127662658 0
    outer loop
      vertex 8.706848581077786 -5.778105473225912 6
      vertex 8.736713980641795 -5.613970352841565 0
      vertex 8.736713980641795 -5.613970352841565 6
    endloop
  endfacet
  facet normal 0.9615617976829609 -0.27458861818493585 0
    outer loop
      vertex 8.736713980641795 -5.613970352841565 6
      vertex 8.782523625271583 -5.4535529089846255 0
      vertex 8.782523625271583 -5.4535529089846255 6
    endloop
  endfacet
  facet normal 0.9300172236840106 -0.3675159365947075 0
    outer loop
      vertex 8.782523625271583 -5.4535529089846255 6
      vertex 8.843836343047265 -5.298398049332529 0
      vertex 8.843836343047265 -5.298398049332529 6
    endloop
  endfacet
  facet normal 0.889516075421857 -0.45690387563041907 0
    outer loop
      vertex 8.843836343047265 -5.298398049332529 6
      vertex 8.920061658979717 -5.15 0
      vertex 8.920061658979717 -5.15 6
    endloop
  endfacet
  facet normal 0.8404484010944346 -0.5418915805747568 0
    outer loop
      vertex 8.920061658979717 -5.15 6
      vertex 9.010465481607518 -5.009787915324737 0
      vertex 9.010465481607518 -5.009787915324737 6
    endloop
  endfacet
  facet normal 0.783286749228656 -0.6216605733700704 0
    outer loop
      vertex 9.010465481607518 -5.009787915324737 6
      vertex 9.114177172699002 -4.879112114329883 0
      vertex 9.114177172699002 -4.879112114329883 6
    endloop
  endfacet
  facet normal 0.7185816177796999 -0.6954426350096099 0
    outer loop
      vertex 9.114177172699002 -4.879112114329883 6
      vertex 9.23019793197438 -4.75923107641368 0
      vertex 9.23019793197438 -4.75923107641368 6
    endloop
  endfacet
  facet normal 0.6469561525348497 -0.7625272039063946 0
    outer loop
      vertex 9.23019793197438 -4.75923107641368 6
      vertex 9.357410416098439 -4.651299321504901 0
      vertex 9.357410416098439 -4.651299321504901 6
    endloop
  endfacet
  facet normal 0.5691001458789011 -0.8222682189897731 0
    outer loop
      vertex 9.357410416098439 -4.651299321504901 6
      vertex 9.494589499307638 -4.556356291404816 0
      vertex 9.494589499307638 -4.556356291404816 6
    endloop
  endfacet
  facet normal 0.4857633937163394 -0.8740903416267594 0
    outer loop
      vertex 9.494589499307638 -4.556356291404816 6
      vertex 9.640414072040961 -4.47531633939443 0
      vertex 9.640414072040961 -4.47531633939443 6
    endloop
  endfacet
  facet normal 0.39774847452701056 -0.9174944964474917 0
    outer loop
      vertex 9.640414072040961 -4.47531633939443 6
      vertex 9.793479763947166 -4.408959924512547 0
      vertex 9.793479763947166 -4.408959924512547 6
    endloop
  endfacet
  facet normal 0.30590302009655324 -0.9520626777139244 0
    outer loop
      vertex 9.793479763947166 -4.408959924512547 6
      vertex 9.95231246873898 -4.357926095308584 0
      vertex 9.95231246873898 -4.357926095308584 6
    endloop
  endfacet
  facet normal 0.21111155235897278 -0.9774619749435702 0
    outer loop
      vertex 9.95231246873898 -4.357926095308584 6
      vertex 10.115382540642461 -4.322706335455705 0
      vertex 10.115382540642461 -4.322706335455705 6
    endloop
  endfacet
  facet normal 0.1142869649668409 -0.993447779019445 0
    outer loop
      vertex 10.115382540642461 -4.322706335455705 6
      vertex 10.281119525722021 -4.303639830494374 0
      vertex 10.281119525722021 -4.303639830494374 6
    endloop
  endfacet
  facet normal -0.01636173162648815 0.9998661379095618 0
    outer loop
      vertex 10.336682404616244 -7.699089798709822 6
      vertex 10.503490165104505 -7.696360169505626 6
      vertex 10.336682404616244 -7.699089798709822 0
    endloop
  endfacet
  facet normal -0.1142869649668409 0.993447779019445 0
    outer loop
      vertex 10.503490165104505 -7.696360169505626 6
      vertex 10.669227150184065 -7.677293664544295 6
      vertex 10.503490165104505 -7.696360169505626 0
    endloop
  endfacet
  facet normal -0.21111155235897278 0.9774619749435702 0
    outer loop
      vertex 10.669227150184065 -7.677293664544295 6
      vertex 10.832297222087547 -7.642073904691416 6
      vertex 10.669227150184065 -7.677293664544295 0
    endloop
  endfacet
  facet normal -0.30590302009655324 0.9520626777139244 0
    outer loop
      vertex 10.832297222087547 -7.642073904691416 6
      vertex 10.99112992687936 -7.591040075487453 6
      vertex 10.832297222087547 -7.642073904691416 0
    endloop
  endfacet
  facet normal -0.39774847452701056 0.9174944964474917 0
    outer loop
      vertex 10.99112992687936 -7.591040075487453 6
      vertex 11.144195618785565 -7.52468366060557 6
      vertex 10.99112992687936 -7.591040075487453 0
    endloop
  endfacet
  facet normal -0.4857633937163394 0.8740903416267594 0
    outer loop
      vertex 11.144195618785565 -7.52468366060557 6
      vertex 11.290020191518888 -7.443643708595184 6
      vertex 11.144195618785565 -7.52468366060557 0
    endloop
  endfacet
  facet normal -0.5691001458789011 0.8222682189897731 0
    outer loop
      vertex 11.290020191518888 -7.443643708595184 6
      vertex 11.427199274728087 -7.348700678495099 6
      vertex 11.290020191518888 -7.443643708595184 0
    endloop
  endfacet
  facet normal -0.6469561525348497 0.7625272039063946 0
    outer loop
      vertex 11.427199274728087 -7.348700678495099 6
      vertex 11.554411758852146 -7.24076892358632 6
      vertex 11.427199274728087 -7.348700678495099 0
    endloop
  endfacet
  facet normal -0.7185816177796999 0.6954426350096099 0
    outer loop
      vertex 11.554411758852146 -7.24076892358632 6
      vertex 11.670432518127525 -7.120887885670117 6
      vertex 11.554411758852146 -7.24076892358632 0
    endloop
  endfacet
  facet normal -0.783286749228656 0.6216605733700704 0
    outer loop
      vertex 11.670432518127525 -7.120887885670117 6
      vertex 11.774144209219008 -6.990212084675263 6
      vertex 11.670432518127525 -7.120887885670117 0
    endloop
  endfacet
  facet normal -0.8404484010944346 0.5418915805747568 0
    outer loop
      vertex 11.774144209219008 -6.990212084675263 6
      vertex 11.864548031846809 -6.85 6
      vertex 11.774144209219008 -6.990212084675263 0
    endloop
  endfacet
  facet normal -0.889516075421857 0.45690387563041907 0
    outer loop
      vertex 11.864548031846809 -6.85 6
      vertex 11.940773347779261 -6.701601950667471 6
      vertex 11.864548031846809 -6.85 0
    endloop
  endfacet
  facet normal -0.9300172236840106 0.3675159365947075 0
    outer loop
      vertex 11.940773347779261 -6.701601950667471 6
      vertex 12.002086065554943 -6.5464470910153745 6
      vertex 11.940773347779261 -6.701601950667471 0
    endloop
  endfacet
  facet normal -0.9615617976829609 0.27458861818493585 0
    outer loop
      vertex 12.002086065554943 -6.5464470910153745 6
      vertex 12.047895710184731 -6.386029647158435 6
      vertex 12.002086065554943 -6.5464470910153745 0
    endloop
  endfacet
  facet normal -0.9838460059270785 0.17901686127662658 0
    outer loop
      vertex 12.047895710184731 -6.386029647158435 6
      vertex 12.07776110974874 -6.221894526774088 6
      vertex 12.047895710184731 -6.386029647158435 0
    endloop
  endfacet
  facet normal 0.01636173162648815 -0.9998661379095618 0
    outer loop
      vertex 10.281119525722021 -4.303639830494374 6
      vertex 10.447927286210282 -4.300910201290178 0
      vertex 10.447927286210282 -4.300910201290178 6
    endloop
  endfacet
  facet normal -0.08172107413366551 -0.9966552393091805 0
    outer loop
      vertex 10.447927286210282 -4.300910201290178 6
      vertex 10.61419937218735 -4.314543735664522 0
      vertex 10.61419937218735 -4.314543735664522 6
    endloop
  endfacet
  facet normal -0.17901686127663596 -0.9838460059270768 0
    outer loop
      vertex 10.61419937218735 -4.314543735664522 6
      vertex 10.778334492571698 -4.344409135228533 0
      vertex 10.778334492571698 -4.344409135228533 6
    endloop
  endfacet
  facet normal -0.3675159365947029 -0.9300172236840125 0
    outer loop
      vertex 10.938751936428638 -4.39021877985832 6
      vertex 11.093906796080734 -4.451531497634001 0
      vertex 11.093906796080734 -4.451531497634001 6
    endloop
  endfacet
  facet normal -0.27458861818493097 -0.9615617976829625 0
    outer loop
      vertex 10.938751936428638 -4.39021877985832 6
      vertex 10.778334492571698 -4.344409135228533 6
      vertex 10.938751936428638 -4.39021877985832 0
    endloop
  endfacet
  facet normal -0.456903875630421 -0.8895160754218557 0
    outer loop
      vertex 11.093906796080734 -4.451531497634001 6
      vertex 11.242304845413264 -4.527756813566454 0
      vertex 11.242304845413264 -4.527756813566454 6
    endloop
  endfacet
  facet normal -0.5418915805747556 -0.8404484010944357 0
    outer loop
      vertex 11.242304845413264 -4.527756813566454 6
      vertex 11.382516930088526 -4.618160636194254 0
      vertex 11.382516930088526 -4.618160636194254 6
    endloop
  endfacet
  facet normal -0.9966552393091801 0.0817210741336708 0
    outer loop
      vertex 12.07776110974874 -6.221894526774088 6
      vertex 12.091394644123085 -6.05562244079702 6
      vertex 12.07776110974874 -6.221894526774088 0
    endloop
  endfacet
  facet normal -0.9998661379095618 -0.01636173162648265 0
    outer loop
      vertex 12.091394644123085 -6.05562244079702 6
      vertex 12.08866501491889 -5.888814680308757 6
      vertex 12.091394644123085 -6.05562244079702 0
    endloop
  endfacet
  facet normal -0.9934477790194443 -0.11428696496684798 0
    outer loop
      vertex 12.08866501491889 -5.888814680308757 6
      vertex 12.069598509957558 -5.7230776952291995 6
      vertex 12.08866501491889 -5.888814680308757 0
    endloop
  endfacet
  facet normal -0.9774619749435711 -0.2111115523589684 0
    outer loop
      vertex 12.069598509957558 -5.7230776952291995 6
      vertex 12.034378750104679 -5.560007623325714 6
      vertex 12.069598509957558 -5.7230776952291995 0
    endloop
  endfacet
  facet normal -0.9520626777139264 -0.3059030200965467 0
    outer loop
      vertex 12.034378750104679 -5.560007623325714 6
      vertex 11.983344920900718 -5.401174918533903 6
      vertex 12.034378750104679 -5.560007623325714 0
    endloop
  endfacet
  facet normal -0.9174944964474866 -0.39774847452702206 0
    outer loop
      vertex 11.983344920900718 -5.401174918533903 6
      vertex 11.916988506018832 -5.248109226627697 6
      vertex 11.983344920900718 -5.401174918533903 0
    endloop
  endfacet
  facet normal -0.874090341626758 -0.4857633937163417 0
    outer loop
      vertex 11.835948554008446 -5.102284653894375 6
      vertex 11.916988506018832 -5.248109226627697 0
      vertex 11.916988506018832 -5.248109226627697 6
    endloop
  endfacet
  facet normal -0.6216605733700736 -0.7832867492286534 0
    outer loop
      vertex 11.382516930088526 -4.618160636194254 6
      vertex 11.51319273108338 -4.721872327285738 0
      vertex 11.51319273108338 -4.721872327285738 6
    endloop
  endfacet
  facet normal -0.695442635009618 -0.7185816177796921 0
    outer loop
      vertex 11.633073768999582 -4.8378930865611185 6
      vertex 11.51319273108338 -4.721872327285738 6
      vertex 11.633073768999582 -4.8378930865611185 0
    endloop
  endfacet
  facet normal -0.7625272039063823 -0.6469561525348643 0
    outer loop
      vertex 11.633073768999582 -4.8378930865611185 6
      vertex 11.741005523908363 -4.965105570685175 0
      vertex 11.741005523908363 -4.965105570685175 6
    endloop
  endfacet
  facet normal -0.8222682189897799 -0.5691001458788915 0
    outer loop
      vertex 11.835948554008446 -5.102284653894375 6
      vertex 11.741005523908363 -4.965105570685175 6
      vertex 11.835948554008446 -5.102284653894375 0
    endloop
  endfacet
  facet normal 0.04906767432741798 0.9987954562051724 0
    outer loop
      vertex 0 10.3 6
      vertex 0 10.3 0
      vertex -0.16662913856025302 10.308185964657266 0
    endloop
  endfacet
  facet normal 0.6715589548470196 0.7409511253549582 0
    outer loop
      vertex -1.0784685830781973 10.685882229283347 6
      vertex -1.0784685830781973 10.685882229283347 0
      vertex -1.2020815280171309 10.79791847198287 0
    endloop
  endfacet
  facet normal 0.8032075314806479 0.5956993044924291 0
    outer loop
      vertex -1.314117770716653 10.921531416921802 6
      vertex -1.314117770716653 10.921531416921802 0
      vertex -1.413498340914327 11.055530603866677 0
    endloop
  endfacet
  facet normal 0.8577286100002701 0.514102744193225 0
    outer loop
      vertex -1.413498340914327 11.055530603866677 6
      vertex -1.413498340914327 11.055530603866677 0
      vertex -1.4992661493922035 11.198625547395803 0
    endloop
  endfacet
  facet normal 0.9039892931234437 0.42755509343028153 0
    outer loop
      vertex -1.4992661493922035 11.198625547395803 6
      vertex -1.4992661493922035 11.198625547395803 0
      vertex -1.5705952052691874 11.349438164979347 0
    endloop
  endfacet
  facet normal 0.7409511253549553 0.6715589548470227 0
    outer loop
      vertex -1.2020815280171309 10.79791847198287 6
      vertex -1.2020815280171309 10.79791847198287 0
      vertex -1.314117770716653 10.921531416921802 0
    endloop
  endfacet
  facet normal 0.9415440651830217 0.33688985339221794 0
    outer loop
      vertex -1.5705952052691874 11.349438164979347 6
      vertex -1.5705952052691874 11.349438164979347 0
      vertex -1.626798570744755 11.506516048667415 0
    endloop
  endfacet
  facet normal 0.9700312531945436 0.242980179903265 0
    outer loop
      vertex -1.626798570744755 11.506516048667415 6
      vertex -1.626798570744755 11.506516048667415 0
      vertex -1.6673349766854917 11.668346452572582 0
    endloop
  endfacet
  facet normal 0.989176509964781 0.14673047445536214 0
    outer loop
      vertex -1.6673349766854917 11.668346452572582 6
      vertex -1.6673349766854917 11.668346452572582 0
      vertex -1.6918140353427347 11.833370861439747 0
    endloop
  endfacet
  facet normal 0.9987954562051725 0.049067674327417876 0
    outer loop
      vertex -1.6918140353427347 11.833370861439747 6
      vertex -1.6918140353427347 11.833370861439747 0
      vertex -1.7 12 0
    endloop
  endfacet
  facet normal 0.9987954562051725 -0.049067674327417876 0
    outer loop
      vertex -1.7 12 6
      vertex -1.7 12 0
      vertex -1.6918140353427347 12.166629138560253 0
    endloop
  endfacet
  facet normal 0.989176509964781 -0.14673047445536214 0
    outer loop
      vertex -1.6918140353427347 12.166629138560253 6
      vertex -1.6918140353427347 12.166629138560253 0
      vertex -1.6673349766854917 12.331653547427418 0
    endloop
  endfacet
  facet normal 0.5141027441932243 0.8577286100002706 0
    outer loop
      vertex -0.8013744526041959 10.500733850607796 6
      vertex -0.8013744526041959 10.500733850607796 0
      vertex -0.9444693961333237 10.586501659085673 0
    endloop
  endfacet
  facet normal 0.595699304492433 0.803207531480645 0
    outer loop
      vertex -0.9444693961333237 10.586501659085673 6
      vertex -0.9444693961333237 10.586501659085673 0
      vertex -1.0784685830781973 10.685882229283347 0
    endloop
  endfacet
  facet normal 0.4275550934302798 0.9039892931234443 0
    outer loop
      vertex -0.6505618350206526 10.429404794730813 6
      vertex -0.6505618350206526 10.429404794730813 0
      vertex -0.8013744526041959 10.500733850607796 0
    endloop
  endfacet
  facet normal 0.3368898533922224 0.94154406518302 0
    outer loop
      vertex -0.49348395133258594 10.373201429255245 6
      vertex -0.49348395133258594 10.373201429255245 0
      vertex -0.6505618350206526 10.429404794730813 0
    endloop
  endfacet
  facet normal 0.24298017990326282 0.9700312531945442 0
    outer loop
      vertex -0.33165354742741804 10.332665023314508 6
      vertex -0.33165354742741804 10.332665023314508 0
      vertex -0.49348395133258594 10.373201429255245 0
    endloop
  endfacet
  facet normal 0.14673047445535678 0.9891765099647818 0
    outer loop
      vertex -0.16662913856025302 10.308185964657266 6
      vertex -0.16662913856025302 10.308185964657266 0
      vertex -0.33165354742741804 10.332665023314508 0
    endloop
  endfacet
  facet normal 0.9700312531945436 -0.242980179903265 0
    outer loop
      vertex -1.6673349766854917 12.331653547427418 6
      vertex -1.6673349766854917 12.331653547427418 0
      vertex -1.626798570744755 12.493483951332585 0
    endloop
  endfacet
  facet normal 0.9415440651830217 -0.33688985339221794 0
    outer loop
      vertex -1.626798570744755 12.493483951332585 6
      vertex -1.626798570744755 12.493483951332585 0
      vertex -1.5705952052691874 12.650561835020653 0
    endloop
  endfacet
  facet normal 0.9039892931234437 -0.42755509343028153 0
    outer loop
      vertex -1.5705952052691874 12.650561835020653 6
      vertex -1.5705952052691874 12.650561835020653 0
      vertex -1.4992661493922035 12.801374452604197 0
    endloop
  endfacet
  facet normal 0.8577286100002701 -0.514102744193225 0
    outer loop
      vertex -1.4992661493922035 12.801374452604197 6
      vertex -1.4992661493922035 12.801374452604197 0
      vertex -1.413498340914327 12.944469396133323 0
    endloop
  endfacet
  facet normal 0.8032075314806479 -0.5956993044924291 0
    outer loop
      vertex -1.413498340914327 12.944469396133323 6
      vertex -1.413498340914327 12.944469396133323 0
      vertex -1.314117770716653 13.078468583078198 0
    endloop
  endfacet
  facet normal 0.7409511253549553 -0.6715589548470227 0
    outer loop
      vertex -1.314117770716653 13.078468583078198 6
      vertex -1.314117770716653 13.078468583078198 0
      vertex -1.2020815280171309 13.20208152801713 0
    endloop
  endfacet
  facet normal 0.6715589548470196 -0.7409511253549582 0
    outer loop
      vertex -1.2020815280171309 13.20208152801713 6
      vertex -1.2020815280171309 13.20208152801713 0
      vertex -1.0784685830781973 13.314117770716653 0
    endloop
  endfacet
  facet normal 0.595699304492433 -0.803207531480645 0
    outer loop
      vertex -1.0784685830781973 13.314117770716653 6
      vertex -1.0784685830781973 13.314117770716653 0
      vertex -0.9444693961333237 13.413498340914327 0
    endloop
  endfacet
  facet normal 0.5141027441932243 -0.8577286100002706 0
    outer loop
      vertex -0.9444693961333237 13.413498340914327 6
      vertex -0.9444693961333237 13.413498340914327 0
      vertex -0.8013744526041959 13.499266149392204 0
    endloop
  endfacet
  facet normal 0.4275550934302798 -0.9039892931234443 0
    outer loop
      vertex -0.8013744526041959 13.499266149392204 6
      vertex -0.8013744526041959 13.499266149392204 0
      vertex -0.6505618350206526 13.570595205269187 0
    endloop
  endfacet
  facet normal 0.3368898533922224 -0.94154406518302 0
    outer loop
      vertex -0.6505618350206526 13.570595205269187 6
      vertex -0.6505618350206526 13.570595205269187 0
      vertex -0.49348395133258594 13.626798570744755 0
    endloop
  endfacet
  facet normal 0.24298017990326282 -0.9700312531945442 0
    outer loop
      vertex -0.49348395133258594 13.626798570744755 6
      vertex -0.49348395133258594 13.626798570744755 0
      vertex -0.33165354742741804 13.667334976685492 0
    endloop
  endfacet
  facet normal 0.14673047445535678 -0.9891765099647818 0
    outer loop
      vertex -0.33165354742741804 13.667334976685492 6
      vertex -0.33165354742741804 13.667334976685492 0
      vertex -0.16662913856025302 13.691814035342734 0
    endloop
  endfacet
  facet normal 0.04906767432741798 -0.9987954562051724 0
    outer loop
      vertex -0.16662913856025302 13.691814035342734 6
      vertex -0.16662913856025302 13.691814035342734 0
      vertex 0 13.7 0
    endloop
  endfacet
  facet normal 0.04906767432741798 0.9987954562051724 0
    outer loop
      vertex -0.16662913856025302 10.308185964657266 6
      vertex 0 10.3 6
      vertex -0.16662913856025302 10.308185964657266 0
    endloop
  endfacet
  facet normal 0.6715589548470196 0.7409511253549582 0
    outer loop
      vertex -1.0784685830781973 10.685882229283347 6
      vertex -1.2020815280171309 10.79791847198287 0
      vertex -1.2020815280171309 10.79791847198287 6
    endloop
  endfacet
  facet normal 0.595699304492433 0.803207531480645 0
    outer loop
      vertex -1.0784685830781973 10.685882229283347 6
      vertex -0.9444693961333237 10.586501659085673 6
      vertex -1.0784685830781973 10.685882229283347 0
    endloop
  endfacet
  facet normal 0.8032075314806479 0.5956993044924291 0
    outer loop
      vertex -1.314117770716653 10.921531416921802 6
      vertex -1.413498340914327 11.055530603866677 0
      vertex -1.413498340914327 11.055530603866677 6
    endloop
  endfacet
  facet normal 0.8577286100002701 0.514102744193225 0
    outer loop
      vertex -1.4992661493922035 11.198625547395803 6
      vertex -1.413498340914327 11.055530603866677 6
      vertex -1.4992661493922035 11.198625547395803 0
    endloop
  endfacet
  facet normal 0.9039892931234437 0.42755509343028153 0
    outer loop
      vertex -1.4992661493922035 11.198625547395803 6
      vertex -1.5705952052691874 11.349438164979347 0
      vertex -1.5705952052691874 11.349438164979347 6
    endloop
  endfacet
  facet normal 0.7409511253549553 0.6715589548470227 0
    outer loop
      vertex -1.314117770716653 10.921531416921802 6
      vertex -1.2020815280171309 10.79791847198287 6
      vertex -1.314117770716653 10.921531416921802 0
    endloop
  endfacet
  facet normal 0.9415440651830217 0.33688985339221794 0
    outer loop
      vertex -1.5705952052691874 11.349438164979347 6
      vertex -1.626798570744755 11.506516048667415 0
      vertex -1.626798570744755 11.506516048667415 6
    endloop
  endfacet
  facet normal 0.989176509964781 0.14673047445536214 0
    outer loop
      vertex -1.6673349766854917 11.668346452572582 6
      vertex -1.6918140353427347 11.833370861439747 0
      vertex -1.6918140353427347 11.833370861439747 6
    endloop
  endfacet
  facet normal 0.9700312531945436 0.242980179903265 0
    outer loop
      vertex -1.626798570744755 11.506516048667415 6
      vertex -1.6673349766854917 11.668346452572582 0
      vertex -1.6673349766854917 11.668346452572582 6
    endloop
  endfacet
  facet normal 0.9987954562051725 0.049067674327417876 0
    outer loop
      vertex -1.7 12 6
      vertex -1.6918140353427347 11.833370861439747 6
      vertex -1.7 12 0
    endloop
  endfacet
  facet normal 0.9987954562051725 -0.049067674327417876 0
    outer loop
      vertex -1.7 12 6
      vertex -1.6918140353427347 12.166629138560253 0
      vertex -1.6918140353427347 12.166629138560253 6
    endloop
  endfacet
  facet normal 0.989176509964781 -0.14673047445536214 0
    outer loop
      vertex -1.6918140353427347 12.166629138560253 6
      vertex -1.6673349766854917 12.331653547427418 0
      vertex -1.6673349766854917 12.331653547427418 6
    endloop
  endfacet
  facet normal 0.5141027441932243 0.8577286100002706 0
    outer loop
      vertex -0.9444693961333237 10.586501659085673 6
      vertex -0.8013744526041959 10.500733850607796 6
      vertex -0.9444693961333237 10.586501659085673 0
    endloop
  endfacet
  facet normal 0.4275550934302798 0.9039892931234443 0
    outer loop
      vertex -0.8013744526041959 10.500733850607796 6
      vertex -0.6505618350206526 10.429404794730813 6
      vertex -0.8013744526041959 10.500733850607796 0
    endloop
  endfacet
  facet normal 0.3368898533922224 0.94154406518302 0
    outer loop
      vertex -0.6505618350206526 10.429404794730813 6
      vertex -0.49348395133258594 10.373201429255245 6
      vertex -0.6505618350206526 10.429404794730813 0
    endloop
  endfacet
  facet normal 0.24298017990326282 0.9700312531945442 0
    outer loop
      vertex -0.49348395133258594 10.373201429255245 6
      vertex -0.33165354742741804 10.332665023314508 6
      vertex -0.49348395133258594 10.373201429255245 0
    endloop
  endfacet
  facet normal 0.14673047445535678 0.9891765099647818 0
    outer loop
      vertex -0.33165354742741804 10.332665023314508 6
      vertex -0.16662913856025302 10.308185964657266 6
      vertex -0.33165354742741804 10.332665023314508 0
    endloop
  endfacet
  facet normal 0.9700312531945436 -0.242980179903265 0
    outer loop
      vertex -1.6673349766854917 12.331653547427418 6
      vertex -1.626798570744755 12.493483951332585 0
      vertex -1.626798570744755 12.493483951332585 6
    endloop
  endfacet
  facet normal 0.9415440651830217 -0.33688985339221794 0
    outer loop
      vertex -1.626798570744755 12.493483951332585 6
      vertex -1.5705952052691874 12.650561835020653 0
      vertex -1.5705952052691874 12.650561835020653 6
    endloop
  endfacet
  facet normal 0.9039892931234437 -0.42755509343028153 0
    outer loop
      vertex -1.5705952052691874 12.650561835020653 6
      vertex -1.4992661493922035 12.801374452604197 0
      vertex -1.4992661493922035 12.801374452604197 6
    endloop
  endfacet
  facet normal 0.8577286100002701 -0.514102744193225 0
    outer loop
      vertex -1.4992661493922035 12.801374452604197 6
      vertex -1.413498340914327 12.944469396133323 0
      vertex -1.413498340914327 12.944469396133323 6
    endloop
  endfacet
  facet normal 0.8032075314806479 -0.5956993044924291 0
    outer loop
      vertex -1.413498340914327 12.944469396133323 6
      vertex -1.314117770716653 13.078468583078198 0
      vertex -1.314117770716653 13.078468583078198 6
    endloop
  endfacet
  facet normal 0.7409511253549553 -0.6715589548470227 0
    outer loop
      vertex -1.314117770716653 13.078468583078198 6
      vertex -1.2020815280171309 13.20208152801713 0
      vertex -1.2020815280171309 13.20208152801713 6
    endloop
  endfacet
  facet normal 0.6715589548470196 -0.7409511253549582 0
    outer loop
      vertex -1.2020815280171309 13.20208152801713 6
      vertex -1.0784685830781973 13.314117770716653 0
      vertex -1.0784685830781973 13.314117770716653 6
    endloop
  endfacet
  facet normal 0.595699304492433 -0.803207531480645 0
    outer loop
      vertex -1.0784685830781973 13.314117770716653 6
      vertex -0.9444693961333237 13.413498340914327 0
      vertex -0.9444693961333237 13.413498340914327 6
    endloop
  endfacet
  facet normal 0.5141027441932243 -0.8577286100002706 0
    outer loop
      vertex -0.9444693961333237 13.413498340914327 6
      vertex -0.8013744526041959 13.499266149392204 0
      vertex -0.8013744526041959 13.499266149392204 6
    endloop
  endfacet
  facet normal 0.4275550934302798 -0.9039892931234443 0
    outer loop
      vertex -0.8013744526041959 13.499266149392204 6
      vertex -0.6505618350206526 13.570595205269187 0
      vertex -0.6505618350206526 13.570595205269187 6
    endloop
  endfacet
  facet normal 0.3368898533922224 -0.94154406518302 0
    outer loop
      vertex -0.6505618350206526 13.570595205269187 6
      vertex -0.49348395133258594 13.626798570744755 0
      vertex -0.49348395133258594 13.626798570744755 6
    endloop
  endfacet
  facet normal 0.24298017990326282 -0.9700312531945442 0
    outer loop
      vertex -0.49348395133258594 13.626798570744755 6
      vertex -0.33165354742741804 13.667334976685492 0
      vertex -0.33165354742741804 13.667334976685492 6
    endloop
  endfacet
  facet normal 0.14673047445535678 -0.9891765099647818 0
    outer loop
      vertex -0.33165354742741804 13.667334976685492 6
      vertex -0.16662913856025302 13.691814035342734 0
      vertex -0.16662913856025302 13.691814035342734 6
    endloop
  endfacet
  facet normal 0.04906767432741798 -0.9987954562051724 0
    outer loop
      vertex -0.16662913856025302 13.691814035342734 6
      vertex 0 13.7 0
      vertex 0 13.7 6
    endloop
  endfacet
  facet normal -0.04906767432741798 0.9987954562051724 0
    outer loop
      vertex 0.16662913856025302 10.308185964657266 6
      vertex 0.16662913856025302 10.308185964657266 0
      vertex 0 10.3 0
    endloop
  endfacet
  facet normal -0.14673047445535678 0.9891765099647818 0
    outer loop
      vertex 0.33165354742741804 10.332665023314508 6
      vertex 0.33165354742741804 10.332665023314508 0
      vertex 0.16662913856025302 10.308185964657266 0
    endloop
  endfacet
  facet normal -0.24298017990326282 0.9700312531945442 0
    outer loop
      vertex 0.49348395133258594 10.373201429255245 6
      vertex 0.49348395133258594 10.373201429255245 0
      vertex 0.33165354742741804 10.332665023314508 0
    endloop
  endfacet
  facet normal -0.3368898533922224 0.94154406518302 0
    outer loop
      vertex 0.6505618350206526 10.429404794730813 6
      vertex 0.6505618350206526 10.429404794730813 0
      vertex 0.49348395133258594 10.373201429255245 0
    endloop
  endfacet
  facet normal -0.4275550934302798 0.9039892931234443 0
    outer loop
      vertex 0.8013744526041959 10.500733850607796 6
      vertex 0.8013744526041959 10.500733850607796 0
      vertex 0.6505618350206526 10.429404794730813 0
    endloop
  endfacet
  facet normal -0.5141027441932243 0.8577286100002706 0
    outer loop
      vertex 0.9444693961333237 10.586501659085673 6
      vertex 0.9444693961333237 10.586501659085673 0
      vertex 0.8013744526041959 10.500733850607796 0
    endloop
  endfacet
  facet normal -0.595699304492433 0.803207531480645 0
    outer loop
      vertex 1.0784685830781973 10.685882229283347 6
      vertex 1.0784685830781973 10.685882229283347 0
      vertex 0.9444693961333237 10.586501659085673 0
    endloop
  endfacet
  facet normal -0.6715589548470196 0.7409511253549582 0
    outer loop
      vertex 1.2020815280171309 10.79791847198287 6
      vertex 1.2020815280171309 10.79791847198287 0
      vertex 1.0784685830781973 10.685882229283347 0
    endloop
  endfacet
  facet normal -0.7409511253549553 0.6715589548470227 0
    outer loop
      vertex 1.314117770716653 10.921531416921802 6
      vertex 1.314117770716653 10.921531416921802 0
      vertex 1.2020815280171309 10.79791847198287 0
    endloop
  endfacet
  facet normal -0.8032075314806479 0.5956993044924291 0
    outer loop
      vertex 1.413498340914327 11.055530603866677 6
      vertex 1.413498340914327 11.055530603866677 0
      vertex 1.314117770716653 10.921531416921802 0
    endloop
  endfacet
  facet normal -0.8577286100002701 0.514102744193225 0
    outer loop
      vertex 1.4992661493922035 11.198625547395803 6
      vertex 1.4992661493922035 11.198625547395803 0
      vertex 1.413498340914327 11.055530603866677 0
    endloop
  endfacet
  facet normal -0.9039892931234437 0.42755509343028153 0
    outer loop
      vertex 1.5705952052691874 11.349438164979347 6
      vertex 1.5705952052691874 11.349438164979347 0
      vertex 1.4992661493922035 11.198625547395803 0
    endloop
  endfacet
  facet normal -0.9415440651830217 0.33688985339221794 0
    outer loop
      vertex 1.626798570744755 11.506516048667415 6
      vertex 1.626798570744755 11.506516048667415 0
      vertex 1.5705952052691874 11.349438164979347 0
    endloop
  endfacet
  facet normal -0.9700312531945436 0.242980179903265 0
    outer loop
      vertex 1.6673349766854917 11.668346452572582 6
      vertex 1.6673349766854917 11.668346452572582 0
      vertex 1.626798570744755 11.506516048667415 0
    endloop
  endfacet
  facet normal -0.989176509964781 0.14673047445536214 0
    outer loop
      vertex 1.6918140353427347 11.833370861439747 6
      vertex 1.6918140353427347 11.833370861439747 0
      vertex 1.6673349766854917 11.668346452572582 0
    endloop
  endfacet
  facet normal -0.9987954562051725 0.049067674327417876 0
    outer loop
      vertex 1.7 12 6
      vertex 1.7 12 0
      vertex 1.6918140353427347 11.833370861439747 0
    endloop
  endfacet
  facet normal -0.9987954562051725 -0.049067674327417876 0
    outer loop
      vertex 1.6918140353427347 12.166629138560253 6
      vertex 1.6918140353427347 12.166629138560253 0
      vertex 1.7 12 0
    endloop
  endfacet
  facet normal -0.989176509964781 -0.14673047445536214 0
    outer loop
      vertex 1.6673349766854917 12.331653547427418 6
      vertex 1.6673349766854917 12.331653547427418 0
      vertex 1.6918140353427347 12.166629138560253 0
    endloop
  endfacet
  facet normal -0.595699304492433 -0.803207531480645 0
    outer loop
      vertex 0.9444693961333237 13.413498340914327 6
      vertex 0.9444693961333237 13.413498340914327 0
      vertex 1.0784685830781973 13.314117770716653 0
    endloop
  endfacet
  facet normal -0.04906767432741798 -0.9987954562051724 0
    outer loop
      vertex 0 13.7 6
      vertex 0 13.7 0
      vertex 0.16662913856025302 13.691814035342734 0
    endloop
  endfacet
  facet normal -0.14673047445535678 -0.9891765099647818 0
    outer loop
      vertex 0.16662913856025302 13.691814035342734 6
      vertex 0.16662913856025302 13.691814035342734 0
      vertex 0.33165354742741804 13.667334976685492 0
    endloop
  endfacet
  facet normal -0.24298017990326282 -0.9700312531945442 0
    outer loop
      vertex 0.33165354742741804 13.667334976685492 6
      vertex 0.33165354742741804 13.667334976685492 0
      vertex 0.49348395133258594 13.626798570744755 0
    endloop
  endfacet
  facet normal -0.3368898533922224 -0.94154406518302 0
    outer loop
      vertex 0.49348395133258594 13.626798570744755 6
      vertex 0.49348395133258594 13.626798570744755 0
      vertex 0.6505618350206526 13.570595205269187 0
    endloop
  endfacet
  facet normal -0.4275550934302798 -0.9039892931234443 0
    outer loop
      vertex 0.6505618350206526 13.570595205269187 6
      vertex 0.6505618350206526 13.570595205269187 0
      vertex 0.8013744526041959 13.499266149392204 0
    endloop
  endfacet
  facet normal -0.5141027441932243 -0.8577286100002706 0
    outer loop
      vertex 0.8013744526041959 13.499266149392204 6
      vertex 0.8013744526041959 13.499266149392204 0
      vertex 0.9444693961333237 13.413498340914327 0
    endloop
  endfacet
  facet normal -0.9039892931234437 -0.42755509343028153 0
    outer loop
      vertex 1.4992661493922035 12.801374452604197 6
      vertex 1.4992661493922035 12.801374452604197 0
      vertex 1.5705952052691874 12.650561835020653 0
    endloop
  endfacet
  facet normal -0.6715589548470196 -0.7409511253549582 0
    outer loop
      vertex 1.0784685830781973 13.314117770716653 6
      vertex 1.0784685830781973 13.314117770716653 0
      vertex 1.2020815280171309 13.20208152801713 0
    endloop
  endfacet
  facet normal -0.7409511253549553 -0.6715589548470227 0
    outer loop
      vertex 1.2020815280171309 13.20208152801713 6
      vertex 1.2020815280171309 13.20208152801713 0
      vertex 1.314117770716653 13.078468583078198 0
    endloop
  endfacet
  facet normal -0.8032075314806479 -0.5956993044924291 0
    outer loop
      vertex 1.314117770716653 13.078468583078198 6
      vertex 1.314117770716653 13.078468583078198 0
      vertex 1.413498340914327 12.944469396133323 0
    endloop
  endfacet
  facet normal -0.8577286100002701 -0.514102744193225 0
    outer loop
      vertex 1.413498340914327 12.944469396133323 6
      vertex 1.413498340914327 12.944469396133323 0
      vertex 1.4992661493922035 12.801374452604197 0
    endloop
  endfacet
  facet normal -0.9700312531945436 -0.242980179903265 0
    outer loop
      vertex 1.626798570744755 12.493483951332585 6
      vertex 1.626798570744755 12.493483951332585 0
      vertex 1.6673349766854917 12.331653547427418 0
    endloop
  endfacet
  facet normal -0.9415440651830217 -0.33688985339221794 0
    outer loop
      vertex 1.5705952052691874 12.650561835020653 6
      vertex 1.5705952052691874 12.650561835020653 0
      vertex 1.626798570744755 12.493483951332585 0
    endloop
  endfacet
  facet normal -0.04906767432741798 0.9987954562051724 0
    outer loop
      vertex 0 10.3 6
      vertex 0.16662913856025302 10.308185964657266 6
      vertex 0 10.3 0
    endloop
  endfacet
  facet normal -0.14673047445535678 0.9891765099647818 0
    outer loop
      vertex 0.16662913856025302 10.308185964657266 6
      vertex 0.33165354742741804 10.332665023314508 6
      vertex 0.16662913856025302 10.308185964657266 0
    endloop
  endfacet
  facet normal -0.24298017990326282 0.9700312531945442 0
    outer loop
      vertex 0.33165354742741804 10.332665023314508 6
      vertex 0.49348395133258594 10.373201429255245 6
      vertex 0.33165354742741804 10.332665023314508 0
    endloop
  endfacet
  facet normal -0.3368898533922224 0.94154406518302 0
    outer loop
      vertex 0.49348395133258594 10.373201429255245 6
      vertex 0.6505618350206526 10.429404794730813 6
      vertex 0.49348395133258594 10.373201429255245 0
    endloop
  endfacet
  facet normal -0.4275550934302798 0.9039892931234443 0
    outer loop
      vertex 0.6505618350206526 10.429404794730813 6
      vertex 0.8013744526041959 10.500733850607796 6
      vertex 0.6505618350206526 10.429404794730813 0
    endloop
  endfacet
  facet normal -0.5141027441932243 0.8577286100002706 0
    outer loop
      vertex 0.8013744526041959 10.500733850607796 6
      vertex 0.9444693961333237 10.586501659085673 6
      vertex 0.8013744526041959 10.500733850607796 0
    endloop
  endfacet
  facet normal -0.595699304492433 0.803207531480645 0
    outer loop
      vertex 0.9444693961333237 10.586501659085673 6
      vertex 1.0784685830781973 10.685882229283347 6
      vertex 0.9444693961333237 10.586501659085673 0
    endloop
  endfacet
  facet normal -0.6715589548470196 0.7409511253549582 0
    outer loop
      vertex 1.0784685830781973 10.685882229283347 6
      vertex 1.2020815280171309 10.79791847198287 6
      vertex 1.0784685830781973 10.685882229283347 0
    endloop
  endfacet
  facet normal -0.7409511253549553 0.6715589548470227 0
    outer loop
      vertex 1.2020815280171309 10.79791847198287 6
      vertex 1.314117770716653 10.921531416921802 6
      vertex 1.2020815280171309 10.79791847198287 0
    endloop
  endfacet
  facet normal -0.8032075314806479 0.5956993044924291 0
    outer loop
      vertex 1.314117770716653 10.921531416921802 6
      vertex 1.413498340914327 11.055530603866677 6
      vertex 1.314117770716653 10.921531416921802 0
    endloop
  endfacet
  facet normal -0.8577286100002701 0.514102744193225 0
    outer loop
      vertex 1.413498340914327 11.055530603866677 6
      vertex 1.4992661493922035 11.198625547395803 6
      vertex 1.413498340914327 11.055530603866677 0
    endloop
  endfacet
  facet normal -0.9039892931234437 0.42755509343028153 0
    outer loop
      vertex 1.4992661493922035 11.198625547395803 6
      vertex 1.5705952052691874 11.349438164979347 6
      vertex 1.4992661493922035 11.198625547395803 0
    endloop
  endfacet
  facet normal -0.9415440651830217 0.33688985339221794 0
    outer loop
      vertex 1.5705952052691874 11.349438164979347 6
      vertex 1.626798570744755 11.506516048667415 6
      vertex 1.5705952052691874 11.349438164979347 0
    endloop
  endfacet
  facet normal -0.9700312531945436 0.242980179903265 0
    outer loop
      vertex 1.626798570744755 11.506516048667415 6
      vertex 1.6673349766854917 11.668346452572582 6
      vertex 1.626798570744755 11.506516048667415 0
    endloop
  endfacet
  facet normal -0.989176509964781 0.14673047445536214 0
    outer loop
      vertex 1.6673349766854917 11.668346452572582 6
      vertex 1.6918140353427347 11.833370861439747 6
      vertex 1.6673349766854917 11.668346452572582 0
    endloop
  endfacet
  facet normal -0.9987954562051725 0.049067674327417876 0
    outer loop
      vertex 1.6918140353427347 11.833370861439747 6
      vertex 1.7 12 6
      vertex 1.6918140353427347 11.833370861439747 0
    endloop
  endfacet
  facet normal -0.9987954562051725 -0.049067674327417876 0
    outer loop
      vertex 1.6918140353427347 12.166629138560253 6
      vertex 1.7 12 0
      vertex 1.7 12 6
    endloop
  endfacet
  facet normal -0.989176509964781 -0.14673047445536214 0
    outer loop
      vertex 1.6918140353427347 12.166629138560253 6
      vertex 1.6673349766854917 12.331653547427418 6
      vertex 1.6918140353427347 12.166629138560253 0
    endloop
  endfacet
  facet normal -0.04906767432741798 -0.9987954562051724 0
    outer loop
      vertex 0 13.7 6
      vertex 0.16662913856025302 13.691814035342734 0
      vertex 0.16662913856025302 13.691814035342734 6
    endloop
  endfacet
  facet normal -0.24298017990326282 -0.9700312531945442 0
    outer loop
      vertex 0.33165354742741804 13.667334976685492 6
      vertex 0.49348395133258594 13.626798570744755 0
      vertex 0.49348395133258594 13.626798570744755 6
    endloop
  endfacet
  facet normal -0.14673047445535678 -0.9891765099647818 0
    outer loop
      vertex 0.16662913856025302 13.691814035342734 6
      vertex 0.33165354742741804 13.667334976685492 0
      vertex 0.33165354742741804 13.667334976685492 6
    endloop
  endfacet
  facet normal -0.3368898533922224 -0.94154406518302 0
    outer loop
      vertex 0.6505618350206526 13.570595205269187 6
      vertex 0.49348395133258594 13.626798570744755 6
      vertex 0.6505618350206526 13.570595205269187 0
    endloop
  endfacet
  facet normal -0.4275550934302798 -0.9039892931234443 0
    outer loop
      vertex 0.6505618350206526 13.570595205269187 6
      vertex 0.8013744526041959 13.499266149392204 0
      vertex 0.8013744526041959 13.499266149392204 6
    endloop
  endfacet
  facet normal -0.5141027441932243 -0.8577286100002706 0
    outer loop
      vertex 0.8013744526041959 13.499266149392204 6
      vertex 0.9444693961333237 13.413498340914327 0
      vertex 0.9444693961333237 13.413498340914327 6
    endloop
  endfacet
  facet normal -0.9039892931234437 -0.42755509343028153 0
    outer loop
      vertex 1.5705952052691874 12.650561835020653 6
      vertex 1.4992661493922035 12.801374452604197 6
      vertex 1.5705952052691874 12.650561835020653 0
    endloop
  endfacet
  facet normal -0.8577286100002701 -0.514102744193225 0
    outer loop
      vertex 1.413498340914327 12.944469396133323 6
      vertex 1.4992661493922035 12.801374452604197 0
      vertex 1.4992661493922035 12.801374452604197 6
    endloop
  endfacet
  facet normal -0.7409511253549553 -0.6715589548470227 0
    outer loop
      vertex 1.314117770716653 13.078468583078198 6
      vertex 1.2020815280171309 13.20208152801713 6
      vertex 1.314117770716653 13.078468583078198 0
    endloop
  endfacet
  facet normal -0.595699304492433 -0.803207531480645 0
    outer loop
      vertex 0.9444693961333237 13.413498340914327 6
      vertex 1.0784685830781973 13.314117770716653 0
      vertex 1.0784685830781973 13.314117770716653 6
    endloop
  endfacet
  facet normal -0.6715589548470196 -0.7409511253549582 0
    outer loop
      vertex 1.0784685830781973 13.314117770716653 6
      vertex 1.2020815280171309 13.20208152801713 0
      vertex 1.2020815280171309 13.20208152801713 6
    endloop
  endfacet
  facet normal -0.8032075314806479 -0.5956993044924291 0
    outer loop
      vertex 1.314117770716653 13.078468583078198 6
      vertex 1.413498340914327 12.944469396133323 0
      vertex 1.413498340914327 12.944469396133323 6
    endloop
  endfacet
  facet normal -0.9700312531945436 -0.242980179903265 0
    outer loop
      vertex 1.6673349766854917 12.331653547427418 6
      vertex 1.626798570744755 12.493483951332585 6
      vertex 1.6673349766854917 12.331653547427418 0
    endloop
  endfacet
  facet normal -0.9415440651830217 -0.33688985339221794 0
    outer loop
      vertex 1.626798570744755 12.493483951332585 6
      vertex 1.5705952052691874 12.650561835020653 6
      vertex 1.626798570744755 12.493483951332585 0
    endloop
  endfacet
  facet normal 0.6469561525348497 0.7625272039063946 0
    outer loop
      vertex -11.427199274728087 -7.348700678495099 6
      vertex -11.427199274728087 -7.348700678495099 0
      vertex -11.554411758852146 -7.24076892358632 0
    endloop
  endfacet
  facet normal 0.889516075421857 0.45690387563041907 0
    outer loop
      vertex -11.864548031846809 -6.85 6
      vertex -11.864548031846809 -6.85 0
      vertex -11.940773347779261 -6.701601950667471 0
    endloop
  endfacet
  facet normal 0.9615617976829609 0.27458861818493585 0
    outer loop
      vertex -12.002086065554943 -6.5464470910153745 6
      vertex -12.002086065554943 -6.5464470910153745 0
      vertex -12.047895710184731 -6.386029647158435 0
    endloop
  endfacet
  facet normal 0.9300172236840106 0.3675159365947075 0
    outer loop
      vertex -11.940773347779261 -6.701601950667471 6
      vertex -11.940773347779261 -6.701601950667471 0
      vertex -12.002086065554943 -6.5464470910153745 0
    endloop
  endfacet
  facet normal 0.9838460059270785 0.17901686127662658 0
    outer loop
      vertex -12.047895710184731 -6.386029647158435 6
      vertex -12.047895710184731 -6.386029647158435 0
      vertex -12.07776110974874 -6.221894526774088 0
    endloop
  endfacet
  facet normal 0.783286749228656 0.6216605733700704 0
    outer loop
      vertex -11.670432518127525 -7.120887885670117 6
      vertex -11.670432518127525 -7.120887885670117 0
      vertex -11.774144209219008 -6.990212084675263 0
    endloop
  endfacet
  facet normal 0.8404484010944346 0.5418915805747568 0
    outer loop
      vertex -11.774144209219008 -6.990212084675263 6
      vertex -11.774144209219008 -6.990212084675263 0
      vertex -11.864548031846809 -6.85 0
    endloop
  endfacet
  facet normal 0.7185816177796999 0.6954426350096099 0
    outer loop
      vertex -11.554411758852146 -7.24076892358632 6
      vertex -11.554411758852146 -7.24076892358632 0
      vertex -11.670432518127525 -7.120887885670117 0
    endloop
  endfacet
  facet normal 0.4857633937163394 0.8740903416267594 0
    outer loop
      vertex -11.144195618785565 -7.52468366060557 6
      vertex -11.144195618785565 -7.52468366060557 0
      vertex -11.290020191518888 -7.443643708595184 0
    endloop
  endfacet
  facet normal 0.5691001458789011 0.8222682189897731 0
    outer loop
      vertex -11.290020191518888 -7.443643708595184 6
      vertex -11.290020191518888 -7.443643708595184 0
      vertex -11.427199274728087 -7.348700678495099 0
    endloop
  endfacet
  facet normal 0.39774847452701056 0.9174944964474917 0
    outer loop
      vertex -10.99112992687936 -7.591040075487453 6
      vertex -10.99112992687936 -7.591040075487453 0
      vertex -11.144195618785565 -7.52468366060557 0
    endloop
  endfacet
  facet normal 0.30590302009655324 0.9520626777139244 0
    outer loop
      vertex -10.832297222087547 -7.642073904691416 6
      vertex -10.832297222087547 -7.642073904691416 0
      vertex -10.99112992687936 -7.591040075487453 0
    endloop
  endfacet
  facet normal 0.21111155235897278 0.9774619749435702 0
    outer loop
      vertex -10.669227150184065 -7.677293664544295 6
      vertex -10.669227150184065 -7.677293664544295 0
      vertex -10.832297222087547 -7.642073904691416 0
    endloop
  endfacet
  facet normal 0.1142869649668409 0.993447779019445 0
    outer loop
      vertex -10.503490165104505 -7.696360169505626 6
      vertex -10.503490165104505 -7.696360169505626 0
      vertex -10.669227150184065 -7.677293664544295 0
    endloop
  endfacet
  facet normal 0.01636173162648815 0.9998661379095618 0
    outer loop
      vertex -10.336682404616244 -7.699089798709822 6
      vertex -10.336682404616244 -7.699089798709822 0
      vertex -10.503490165104505 -7.696360169505626 0
    endloop
  endfacet
  facet normal 0.9966552393091801 0.0817210741336708 0
    outer loop
      vertex -12.07776110974874 -6.221894526774088 6
      vertex -12.07776110974874 -6.221894526774088 0
      vertex -12.091394644123085 -6.05562244079702 0
    endloop
  endfacet
  facet normal 0.9998661379095618 -0.01636173162648265 0
    outer loop
      vertex -12.091394644123085 -6.05562244079702 6
      vertex -12.091394644123085 -6.05562244079702 0
      vertex -12.08866501491889 -5.888814680308757 0
    endloop
  endfacet
  facet normal 0.9934477790194443 -0.11428696496684798 0
    outer loop
      vertex -12.08866501491889 -5.888814680308757 6
      vertex -12.08866501491889 -5.888814680308757 0
      vertex -12.069598509957558 -5.7230776952291995 0
    endloop
  endfacet
  facet normal 0.9774619749435711 -0.2111115523589684 0
    outer loop
      vertex -12.069598509957558 -5.7230776952291995 6
      vertex -12.069598509957558 -5.7230776952291995 0
      vertex -12.034378750104679 -5.560007623325714 0
    endloop
  endfacet
  facet normal 0.9520626777139264 -0.3059030200965467 0
    outer loop
      vertex -12.034378750104679 -5.560007623325714 6
      vertex -12.034378750104679 -5.560007623325714 0
      vertex -11.983344920900718 -5.401174918533903 0
    endloop
  endfacet
  facet normal 0.9174944964474866 -0.39774847452702206 0
    outer loop
      vertex -11.983344920900718 -5.401174918533903 6
      vertex -11.983344920900718 -5.401174918533903 0
      vertex -11.916988506018832 -5.248109226627697 0
    endloop
  endfacet
  facet normal 0.874090341626758 -0.4857633937163417 0
    outer loop
      vertex -11.916988506018832 -5.248109226627697 6
      vertex -11.916988506018832 -5.248109226627697 0
      vertex -11.835948554008446 -5.102284653894375 0
    endloop
  endfacet
  facet normal 0.8222682189897799 -0.5691001458788915 0
    outer loop
      vertex -11.835948554008446 -5.102284653894375 6
      vertex -11.835948554008446 -5.102284653894375 0
      vertex -11.741005523908363 -4.965105570685175 0
    endloop
  endfacet
  facet normal 0.7625272039063823 -0.6469561525348643 0
    outer loop
      vertex -11.741005523908363 -4.965105570685175 6
      vertex -11.741005523908363 -4.965105570685175 0
      vertex -11.633073768999582 -4.8378930865611185 0
    endloop
  endfacet
  facet normal 0.695442635009618 -0.7185816177796921 0
    outer loop
      vertex -11.633073768999582 -4.8378930865611185 6
      vertex -11.633073768999582 -4.8378930865611185 0
      vertex -11.51319273108338 -4.721872327285738 0
    endloop
  endfacet
  facet normal 0.6216605733700736 -0.7832867492286534 0
    outer loop
      vertex -11.51319273108338 -4.721872327285738 6
      vertex -11.51319273108338 -4.721872327285738 0
      vertex -11.382516930088526 -4.618160636194254 0
    endloop
  endfacet
  facet normal 0.5418915805747556 -0.8404484010944357 0
    outer loop
      vertex -11.382516930088526 -4.618160636194254 6
      vertex -11.382516930088526 -4.618160636194254 0
      vertex -11.242304845413264 -4.527756813566454 0
    endloop
  endfacet
  facet normal 0.456903875630421 -0.8895160754218557 0
    outer loop
      vertex -11.242304845413264 -4.527756813566454 6
      vertex -11.242304845413264 -4.527756813566454 0
      vertex -11.093906796080734 -4.451531497634001 0
    endloop
  endfacet
  facet normal 0.3675159365947029 -0.9300172236840125 0
    outer loop
      vertex -11.093906796080734 -4.451531497634001 6
      vertex -11.093906796080734 -4.451531497634001 0
      vertex -10.938751936428638 -4.39021877985832 0
    endloop
  endfacet
  facet normal 0.27458861818493097 -0.9615617976829625 0
    outer loop
      vertex -10.938751936428638 -4.39021877985832 6
      vertex -10.938751936428638 -4.39021877985832 0
      vertex -10.778334492571698 -4.344409135228533 0
    endloop
  endfacet
  facet normal 0.17901686127663596 -0.9838460059270768 0
    outer loop
      vertex -10.778334492571698 -4.344409135228533 6
      vertex -10.778334492571698 -4.344409135228533 0
      vertex -10.61419937218735 -4.314543735664522 0
    endloop
  endfacet
  facet normal 0.08172107413366551 -0.9966552393091805 0
    outer loop
      vertex -10.61419937218735 -4.314543735664522 6
      vertex -10.61419937218735 -4.314543735664522 0
      vertex -10.447927286210282 -4.300910201290178 0
    endloop
  endfacet
  facet normal -0.01636173162648815 -0.9998661379095618 0
    outer loop
      vertex -10.447927286210282 -4.300910201290178 6
      vertex -10.447927286210282 -4.300910201290178 0
      vertex -10.281119525722021 -4.303639830494374 0
    endloop
  endfacet
  facet normal -0.08172107413366639 0.9966552393091804 0
    outer loop
      vertex -10.170410318639178 -7.685456264335478 6
      vertex -10.170410318639178 -7.685456264335478 0
      vertex -10.336682404616244 -7.699089798709822 0
    endloop
  endfacet
  facet normal -0.17901686127663408 0.9838460059270773 0
    outer loop
      vertex -10.006275198254828 -7.655590864771467 6
      vertex -10.006275198254828 -7.655590864771467 0
      vertex -10.170410318639178 -7.685456264335478 0
    endloop
  endfacet
  facet normal -0.27458861818493097 0.9615617976829625 0
    outer loop
      vertex -9.845857754397889 -7.60978122014168 6
      vertex -9.845857754397889 -7.60978122014168 0
      vertex -10.006275198254828 -7.655590864771467 0
    endloop
  endfacet
  facet normal -0.3675159365947029 0.9300172236840125 0
    outer loop
      vertex -9.690702894745792 -7.548468502365999 6
      vertex -9.690702894745792 -7.548468502365999 0
      vertex -9.845857754397889 -7.60978122014168 0
    endloop
  endfacet
  facet normal -0.4569038756304254 0.8895160754218536 0
    outer loop
      vertex -9.542304845413264 -7.472243186433546 6
      vertex -9.542304845413264 -7.472243186433546 0
      vertex -9.690702894745792 -7.548468502365999 0
    endloop
  endfacet
  facet normal -0.5418915805747506 0.8404484010944387 0
    outer loop
      vertex -9.402092760738 -7.381839363805746 6
      vertex -9.402092760738 -7.381839363805746 0
      vertex -9.542304845413264 -7.472243186433546 0
    endloop
  endfacet
  facet normal -0.6216605733700736 0.7832867492286534 0
    outer loop
      vertex -9.271416959743146 -7.278127672714262 6
      vertex -9.271416959743146 -7.278127672714262 0
      vertex -9.402092760738 -7.381839363805746 0
    endloop
  endfacet
  facet normal -0.695442635009618 0.7185816177796921 0
    outer loop
      vertex -9.151535921826945 -7.1621069134388815 6
      vertex -9.151535921826945 -7.1621069134388815 0
      vertex -9.271416959743146 -7.278127672714262 0
    endloop
  endfacet
  facet normal -0.7625272039063771 0.6469561525348705 0
    outer loop
      vertex -9.043604166918161 -7.034894429314825 6
      vertex -9.043604166918161 -7.034894429314825 0
      vertex -9.151535921826945 -7.1621069134388815 0
    endloop
  endfacet
  facet normal -0.8222682189897849 0.5691001458788842 0
    outer loop
      vertex -8.94866113681808 -6.897715346105625 6
      vertex -8.94866113681808 -6.897715346105625 0
      vertex -9.043604166918161 -7.034894429314825 0
    endloop
  endfacet
  facet normal -0.874090341626758 0.4857633937163417 0
    outer loop
      vertex -8.867621184807694 -6.751890773372303 6
      vertex -8.867621184807694 -6.751890773372303 0
      vertex -8.94866113681808 -6.897715346105625 0
    endloop
  endfacet
  facet normal -0.9174944964474866 0.39774847452702206 0
    outer loop
      vertex -8.801264769925808 -6.598825081466097 6
      vertex -8.801264769925808 -6.598825081466097 0
      vertex -8.867621184807694 -6.751890773372303 0
    endloop
  endfacet
  facet normal -0.9520626777139264 0.3059030200965467 0
    outer loop
      vertex -8.750230940721847 -6.439992376674286 6
      vertex -8.750230940721847 -6.439992376674286 0
      vertex -8.801264769925808 -6.598825081466097 0
    endloop
  endfacet
  facet normal -0.9774619749435711 0.2111115523589684 0
    outer loop
      vertex -8.715011180868968 -6.2769223047708005 6
      vertex -8.715011180868968 -6.2769223047708005 0
      vertex -8.750230940721847 -6.439992376674286 0
    endloop
  endfacet
  facet normal -0.1142869649668409 -0.993447779019445 0
    outer loop
      vertex -10.281119525722021 -4.303639830494374 6
      vertex -10.281119525722021 -4.303639830494374 0
      vertex -10.115382540642461 -4.322706335455705 0
    endloop
  endfacet
  facet normal -0.21111155235897278 -0.9774619749435702 0
    outer loop
      vertex -10.115382540642461 -4.322706335455705 6
      vertex -10.115382540642461 -4.322706335455705 0
      vertex -9.95231246873898 -4.357926095308584 0
    endloop
  endfacet
  facet normal -0.30590302009655324 -0.9520626777139244 0
    outer loop
      vertex -9.95231246873898 -4.357926095308584 6
      vertex -9.95231246873898 -4.357926095308584 0
      vertex -9.793479763947166 -4.408959924512547 0
    endloop
  endfacet
  facet normal -0.6469561525348497 -0.7625272039063946 0
    outer loop
      vertex -9.357410416098439 -4.651299321504901 6
      vertex -9.357410416098439 -4.651299321504901 0
      vertex -9.23019793197438 -4.75923107641368 0
    endloop
  endfacet
  facet normal -0.39774847452701056 -0.9174944964474917 0
    outer loop
      vertex -9.793479763947166 -4.408959924512547 6
      vertex -9.793479763947166 -4.408959924512547 0
      vertex -9.640414072040961 -4.47531633939443 0
    endloop
  endfacet
  facet normal -0.4857633937163394 -0.8740903416267594 0
    outer loop
      vertex -9.640414072040961 -4.47531633939443 6
      vertex -9.640414072040961 -4.47531633939443 0
      vertex -9.494589499307638 -4.556356291404816 0
    endloop
  endfacet
  facet normal -0.5691001458789011 -0.8222682189897731 0
    outer loop
      vertex -9.494589499307638 -4.556356291404816 6
      vertex -9.494589499307638 -4.556356291404816 0
      vertex -9.357410416098439 -4.651299321504901 0
    endloop
  endfacet
  facet normal -0.9615617976829609 -0.27458861818493585 0
    outer loop
      vertex -8.782523625271583 -5.4535529089846255 6
      vertex -8.782523625271583 -5.4535529089846255 0
      vertex -8.736713980641795 -5.613970352841565 0
    endloop
  endfacet
  facet normal -0.889516075421857 -0.45690387563041907 0
    outer loop
      vertex -8.920061658979717 -5.15 6
      vertex -8.920061658979717 -5.15 0
      vertex -8.843836343047265 -5.298398049332529 0
    endloop
  endfacet
  facet normal -0.9300172236840106 -0.3675159365947075 0
    outer loop
      vertex -8.843836343047265 -5.298398049332529 6
      vertex -8.843836343047265 -5.298398049332529 0
      vertex -8.782523625271583 -5.4535529089846255 0
    endloop
  endfacet
  facet normal -0.9934477790194443 0.11428696496684798 0
    outer loop
      vertex -8.695944675907636 -6.111185319691243 6
      vertex -8.695944675907636 -6.111185319691243 0
      vertex -8.715011180868968 -6.2769223047708005 0
    endloop
  endfacet
  facet normal -0.9998661379095618 0.01636173162648265 0
    outer loop
      vertex -8.693215046703441 -5.94437755920298 6
      vertex -8.693215046703441 -5.94437755920298 0
      vertex -8.695944675907636 -6.111185319691243 0
    endloop
  endfacet
  facet normal -0.9966552393091801 -0.0817210741336708 0
    outer loop
      vertex -8.706848581077786 -5.778105473225912 6
      vertex -8.706848581077786 -5.778105473225912 0
      vertex -8.693215046703441 -5.94437755920298 0
    endloop
  endfacet
  facet normal -0.9838460059270785 -0.17901686127662658 0
    outer loop
      vertex -8.736713980641795 -5.613970352841565 6
      vertex -8.736713980641795 -5.613970352841565 0
      vertex -8.706848581077786 -5.778105473225912 0
    endloop
  endfacet
  facet normal -0.783286749228656 -0.6216605733700704 0
    outer loop
      vertex -9.114177172699002 -4.879112114329883 6
      vertex -9.114177172699002 -4.879112114329883 0
      vertex -9.010465481607518 -5.009787915324737 0
    endloop
  endfacet
  facet normal -0.7185816177796999 -0.6954426350096099 0
    outer loop
      vertex -9.23019793197438 -4.75923107641368 6
      vertex -9.23019793197438 -4.75923107641368 0
      vertex -9.114177172699002 -4.879112114329883 0
    endloop
  endfacet
  facet normal -0.8404484010944346 -0.5418915805747568 0
    outer loop
      vertex -9.010465481607518 -5.009787915324737 6
      vertex -9.010465481607518 -5.009787915324737 0
      vertex -8.920061658979717 -5.15 0
    endloop
  endfacet
  facet normal 0.6469561525348497 0.7625272039063946 0
    outer loop
      vertex -11.554411758852146 -7.24076892358632 6
      vertex -11.427199274728087 -7.348700678495099 6
      vertex -11.554411758852146 -7.24076892358632 0
    endloop
  endfacet
  facet normal 0.5691001458789011 0.8222682189897731 0
    outer loop
      vertex -11.290020191518888 -7.443643708595184 6
      vertex -11.427199274728087 -7.348700678495099 0
      vertex -11.427199274728087 -7.348700678495099 6
    endloop
  endfacet
  facet normal 0.889516075421857 0.45690387563041907 0
    outer loop
      vertex -11.940773347779261 -6.701601950667471 6
      vertex -11.864548031846809 -6.85 6
      vertex -11.940773347779261 -6.701601950667471 0
    endloop
  endfacet
  facet normal 0.9300172236840106 0.3675159365947075 0
    outer loop
      vertex -12.002086065554943 -6.5464470910153745 6
      vertex -11.940773347779261 -6.701601950667471 6
      vertex -12.002086065554943 -6.5464470910153745 0
    endloop
  endfacet
  facet normal 0.9615617976829609 0.27458861818493585 0
    outer loop
      vertex -12.002086065554943 -6.5464470910153745 6
      vertex -12.047895710184731 -6.386029647158435 0
      vertex -12.047895710184731 -6.386029647158435 6
    endloop
  endfacet
  facet normal 0.9838460059270785 0.17901686127662658 0
    outer loop
      vertex -12.047895710184731 -6.386029647158435 6
      vertex -12.07776110974874 -6.221894526774088 0
      vertex -12.07776110974874 -6.221894526774088 6
    endloop
  endfacet
  facet normal 0.783286749228656 0.6216605733700704 0
    outer loop
      vertex -11.774144209219008 -6.990212084675263 6
      vertex -11.670432518127525 -7.120887885670117 6
      vertex -11.774144209219008 -6.990212084675263 0
    endloop
  endfacet
  facet normal 0.7185816177796999 0.6954426350096099 0
    outer loop
      vertex -11.554411758852146 -7.24076892358632 6
      vertex -11.670432518127525 -7.120887885670117 0
      vertex -11.670432518127525 -7.120887885670117 6
    endloop
  endfacet
  facet normal 0.8404484010944346 0.5418915805747568 0
    outer loop
      vertex -11.774144209219008 -6.990212084675263 6
      vertex -11.864548031846809 -6.85 0
      vertex -11.864548031846809 -6.85 6
    endloop
  endfacet
  facet normal 0.39774847452701056 0.9174944964474917 0
    outer loop
      vertex -11.144195618785565 -7.52468366060557 6
      vertex -10.99112992687936 -7.591040075487453 6
      vertex -11.144195618785565 -7.52468366060557 0
    endloop
  endfacet
  facet normal 0.4857633937163394 0.8740903416267594 0
    outer loop
      vertex -11.290020191518888 -7.443643708595184 6
      vertex -11.144195618785565 -7.52468366060557 6
      vertex -11.290020191518888 -7.443643708595184 0
    endloop
  endfacet
  facet normal 0.30590302009655324 0.9520626777139244 0
    outer loop
      vertex -10.99112992687936 -7.591040075487453 6
      vertex -10.832297222087547 -7.642073904691416 6
      vertex -10.99112992687936 -7.591040075487453 0
    endloop
  endfacet
  facet normal 0.21111155235897278 0.9774619749435702 0
    outer loop
      vertex -10.669227150184065 -7.677293664544295 6
      vertex -10.832297222087547 -7.642073904691416 0
      vertex -10.832297222087547 -7.642073904691416 6
    endloop
  endfacet
  facet normal 0.1142869649668409 0.993447779019445 0
    outer loop
      vertex -10.669227150184065 -7.677293664544295 6
      vertex -10.503490165104505 -7.696360169505626 6
      vertex -10.669227150184065 -7.677293664544295 0
    endloop
  endfacet
  facet normal 0.01636173162648815 0.9998661379095618 0
    outer loop
      vertex -10.503490165104505 -7.696360169505626 6
      vertex -10.336682404616244 -7.699089798709822 6
      vertex -10.503490165104505 -7.696360169505626 0
    endloop
  endfacet
  facet normal 0.9966552393091801 0.0817210741336708 0
    outer loop
      vertex -12.07776110974874 -6.221894526774088 6
      vertex -12.091394644123085 -6.05562244079702 0
      vertex -12.091394644123085 -6.05562244079702 6
    endloop
  endfacet
  facet normal 0.9998661379095618 -0.01636173162648265 0
    outer loop
      vertex -12.091394644123085 -6.05562244079702 6
      vertex -12.08866501491889 -5.888814680308757 0
      vertex -12.08866501491889 -5.888814680308757 6
    endloop
  endfacet
  facet normal 0.9934477790194443 -0.11428696496684798 0
    outer loop
      vertex -12.08866501491889 -5.888814680308757 6
      vertex -12.069598509957558 -5.7230776952291995 0
      vertex -12.069598509957558 -5.7230776952291995 6
    endloop
  endfacet
  facet normal 0.9774619749435711 -0.2111115523589684 0
    outer loop
      vertex -12.069598509957558 -5.7230776952291995 6
      vertex -12.034378750104679 -5.560007623325714 0
      vertex -12.034378750104679 -5.560007623325714 6
    endloop
  endfacet
  facet normal 0.9520626777139264 -0.3059030200965467 0
    outer loop
      vertex -12.034378750104679 -5.560007623325714 6
      vertex -11.983344920900718 -5.401174918533903 0
      vertex -11.983344920900718 -5.401174918533903 6
    endloop
  endfacet
  facet normal 0.9174944964474866 -0.39774847452702206 0
    outer loop
      vertex -11.983344920900718 -5.401174918533903 6
      vertex -11.916988506018832 -5.248109226627697 0
      vertex -11.916988506018832 -5.248109226627697 6
    endloop
  endfacet
  facet normal 0.874090341626758 -0.4857633937163417 0
    outer loop
      vertex -11.916988506018832 -5.248109226627697 6
      vertex -11.835948554008446 -5.102284653894375 0
      vertex -11.835948554008446 -5.102284653894375 6
    endloop
  endfacet
  facet normal 0.8222682189897799 -0.5691001458788915 0
    outer loop
      vertex -11.835948554008446 -5.102284653894375 6
      vertex -11.741005523908363 -4.965105570685175 0
      vertex -11.741005523908363 -4.965105570685175 6
    endloop
  endfacet
  facet normal 0.7625272039063823 -0.6469561525348643 0
    outer loop
      vertex -11.741005523908363 -4.965105570685175 6
      vertex -11.633073768999582 -4.8378930865611185 0
      vertex -11.633073768999582 -4.8378930865611185 6
    endloop
  endfacet
  facet normal 0.695442635009618 -0.7185816177796921 0
    outer loop
      vertex -11.633073768999582 -4.8378930865611185 6
      vertex -11.51319273108338 -4.721872327285738 0
      vertex -11.51319273108338 -4.721872327285738 6
    endloop
  endfacet
  facet normal 0.6216605733700736 -0.7832867492286534 0
    outer loop
      vertex -11.51319273108338 -4.721872327285738 6
      vertex -11.382516930088526 -4.618160636194254 0
      vertex -11.382516930088526 -4.618160636194254 6
    endloop
  endfacet
  facet normal 0.5418915805747556 -0.8404484010944357 0
    outer loop
      vertex -11.382516930088526 -4.618160636194254 6
      vertex -11.242304845413264 -4.527756813566454 0
      vertex -11.242304845413264 -4.527756813566454 6
    endloop
  endfacet
  facet normal 0.456903875630421 -0.8895160754218557 0
    outer loop
      vertex -11.242304845413264 -4.527756813566454 6
      vertex -11.093906796080734 -4.451531497634001 0
      vertex -11.093906796080734 -4.451531497634001 6
    endloop
  endfacet
  facet normal 0.3675159365947029 -0.9300172236840125 0
    outer loop
      vertex -11.093906796080734 -4.451531497634001 6
      vertex -10.938751936428638 -4.39021877985832 0
      vertex -10.938751936428638 -4.39021877985832 6
    endloop
  endfacet
  facet normal 0.27458861818493097 -0.9615617976829625 0
    outer loop
      vertex -10.938751936428638 -4.39021877985832 6
      vertex -10.778334492571698 -4.344409135228533 0
      vertex -10.778334492571698 -4.344409135228533 6
    endloop
  endfacet
  facet normal 0.17901686127663596 -0.9838460059270768 0
    outer loop
      vertex -10.778334492571698 -4.344409135228533 6
      vertex -10.61419937218735 -4.314543735664522 0
      vertex -10.61419937218735 -4.314543735664522 6
    endloop
  endfacet
  facet normal 0.08172107413366551 -0.9966552393091805 0
    outer loop
      vertex -10.61419937218735 -4.314543735664522 6
      vertex -10.447927286210282 -4.300910201290178 0
      vertex -10.447927286210282 -4.300910201290178 6
    endloop
  endfacet
  facet normal -0.01636173162648815 -0.9998661379095618 0
    outer loop
      vertex -10.447927286210282 -4.300910201290178 6
      vertex -10.281119525722021 -4.303639830494374 0
      vertex -10.281119525722021 -4.303639830494374 6
    endloop
  endfacet
  facet normal -0.08172107413366639 0.9966552393091804 0
    outer loop
      vertex -10.336682404616244 -7.699089798709822 6
      vertex -10.170410318639178 -7.685456264335478 6
      vertex -10.336682404616244 -7.699089798709822 0
    endloop
  endfacet
  facet normal -0.17901686127663408 0.9838460059270773 0
    outer loop
      vertex -10.170410318639178 -7.685456264335478 6
      vertex -10.006275198254828 -7.655590864771467 6
      vertex -10.170410318639178 -7.685456264335478 0
    endloop
  endfacet
  facet normal -0.27458861818493097 0.9615617976829625 0
    outer loop
      vertex -10.006275198254828 -7.655590864771467 6
      vertex -9.845857754397889 -7.60978122014168 6
      vertex -10.006275198254828 -7.655590864771467 0
    endloop
  endfacet
  facet normal -0.3675159365947029 0.9300172236840125 0
    outer loop
      vertex -9.845857754397889 -7.60978122014168 6
      vertex -9.690702894745792 -7.548468502365999 6
      vertex -9.845857754397889 -7.60978122014168 0
    endloop
  endfacet
  facet normal -0.4569038756304254 0.8895160754218536 0
    outer loop
      vertex -9.690702894745792 -7.548468502365999 6
      vertex -9.542304845413264 -7.472243186433546 6
      vertex -9.690702894745792 -7.548468502365999 0
    endloop
  endfacet
  facet normal -0.5418915805747506 0.8404484010944387 0
    outer loop
      vertex -9.542304845413264 -7.472243186433546 6
      vertex -9.402092760738 -7.381839363805746 6
      vertex -9.542304845413264 -7.472243186433546 0
    endloop
  endfacet
  facet normal -0.6216605733700736 0.7832867492286534 0
    outer loop
      vertex -9.402092760738 -7.381839363805746 6
      vertex -9.271416959743146 -7.278127672714262 6
      vertex -9.402092760738 -7.381839363805746 0
    endloop
  endfacet
  facet normal -0.695442635009618 0.7185816177796921 0
    outer loop
      vertex -9.271416959743146 -7.278127672714262 6
      vertex -9.151535921826945 -7.1621069134388815 6
      vertex -9.271416959743146 -7.278127672714262 0
    endloop
  endfacet
  facet normal -0.7625272039063771 0.6469561525348705 0
    outer loop
      vertex -9.151535921826945 -7.1621069134388815 6
      vertex -9.043604166918161 -7.034894429314825 6
      vertex -9.151535921826945 -7.1621069134388815 0
    endloop
  endfacet
  facet normal -0.8222682189897849 0.5691001458788842 0
    outer loop
      vertex -9.043604166918161 -7.034894429314825 6
      vertex -8.94866113681808 -6.897715346105625 6
      vertex -9.043604166918161 -7.034894429314825 0
    endloop
  endfacet
  facet normal -0.874090341626758 0.4857633937163417 0
    outer loop
      vertex -8.94866113681808 -6.897715346105625 6
      vertex -8.867621184807694 -6.751890773372303 6
      vertex -8.94866113681808 -6.897715346105625 0
    endloop
  endfacet
  facet normal -0.9174944964474866 0.39774847452702206 0
    outer loop
      vertex -8.867621184807694 -6.751890773372303 6
      vertex -8.801264769925808 -6.598825081466097 6
      vertex -8.867621184807694 -6.751890773372303 0
    endloop
  endfacet
  facet normal -0.9520626777139264 0.3059030200965467 0
    outer loop
      vertex -8.801264769925808 -6.598825081466097 6
      vertex -8.750230940721847 -6.439992376674286 6
      vertex -8.801264769925808 -6.598825081466097 0
    endloop
  endfacet
  facet normal -0.9774619749435711 0.2111115523589684 0
    outer loop
      vertex -8.750230940721847 -6.439992376674286 6
      vertex -8.715011180868968 -6.2769223047708005 6
      vertex -8.750230940721847 -6.439992376674286 0
    endloop
  endfacet
  facet normal -0.9934477790194443 0.11428696496684798 0
    outer loop
      vertex -8.715011180868968 -6.2769223047708005 6
      vertex -8.695944675907636 -6.111185319691243 6
      vertex -8.715011180868968 -6.2769223047708005 0
    endloop
  endfacet
  facet normal -0.1142869649668409 -0.993447779019445 0
    outer loop
      vertex -10.281119525722021 -4.303639830494374 6
      vertex -10.115382540642461 -4.322706335455705 0
      vertex -10.115382540642461 -4.322706335455705 6
    endloop
  endfacet
  facet normal -0.30590302009655324 -0.9520626777139244 0
    outer loop
      vertex -9.95231246873898 -4.357926095308584 6
      vertex -9.793479763947166 -4.408959924512547 0
      vertex -9.793479763947166 -4.408959924512547 6
    endloop
  endfacet
  facet normal -0.21111155235897278 -0.9774619749435702 0
    outer loop
      vertex -9.95231246873898 -4.357926095308584 6
      vertex -10.115382540642461 -4.322706335455705 6
      vertex -9.95231246873898 -4.357926095308584 0
    endloop
  endfacet
  facet normal -0.39774847452701056 -0.9174944964474917 0
    outer loop
      vertex -9.793479763947166 -4.408959924512547 6
      vertex -9.640414072040961 -4.47531633939443 0
      vertex -9.640414072040961 -4.47531633939443 6
    endloop
  endfacet
  facet normal -0.4857633937163394 -0.8740903416267594 0
    outer loop
      vertex -9.640414072040961 -4.47531633939443 6
      vertex -9.494589499307638 -4.556356291404816 0
      vertex -9.494589499307638 -4.556356291404816 6
    endloop
  endfacet
  facet normal -0.5691001458789011 -0.8222682189897731 0
    outer loop
      vertex -9.357410416098439 -4.651299321504901 6
      vertex -9.494589499307638 -4.556356291404816 6
      vertex -9.357410416098439 -4.651299321504901 0
    endloop
  endfacet
  facet normal -0.9300172236840106 -0.3675159365947075 0
    outer loop
      vertex -8.843836343047265 -5.298398049332529 6
      vertex -8.782523625271583 -5.4535529089846255 0
      vertex -8.782523625271583 -5.4535529089846255 6
    endloop
  endfacet
  facet normal -0.889516075421857 -0.45690387563041907 0
    outer loop
      vertex -8.920061658979717 -5.15 6
      vertex -8.843836343047265 -5.298398049332529 0
      vertex -8.843836343047265 -5.298398049332529 6
    endloop
  endfacet
  facet normal -0.9998661379095618 0.01636173162648265 0
    outer loop
      vertex -8.695944675907636 -6.111185319691243 6
      vertex -8.693215046703441 -5.94437755920298 6
      vertex -8.695944675907636 -6.111185319691243 0
    endloop
  endfacet
  facet normal -0.9966552393091801 -0.0817210741336708 0
    outer loop
      vertex -8.706848581077786 -5.778105473225912 6
      vertex -8.693215046703441 -5.94437755920298 0
      vertex -8.693215046703441 -5.94437755920298 6
    endloop
  endfacet
  facet normal -0.9838460059270785 -0.17901686127662658 0
    outer loop
      vertex -8.706848581077786 -5.778105473225912 6
      vertex -8.736713980641795 -5.613970352841565 6
      vertex -8.706848581077786 -5.778105473225912 0
    endloop
  endfacet
  facet normal -0.9615617976829609 -0.27458861818493585 0
    outer loop
      vertex -8.736713980641795 -5.613970352841565 6
      vertex -8.782523625271583 -5.4535529089846255 6
      vertex -8.736713980641795 -5.613970352841565 0
    endloop
  endfacet
  facet normal -0.783286749228656 -0.6216605733700704 0
    outer loop
      vertex -9.114177172699002 -4.879112114329883 6
      vertex -9.010465481607518 -5.009787915324737 0
      vertex -9.010465481607518 -5.009787915324737 6
    endloop
  endfacet
  facet normal -0.7185816177796999 -0.6954426350096099 0
    outer loop
      vertex -9.114177172699002 -4.879112114329883 6
      vertex -9.23019793197438 -4.75923107641368 6
      vertex -9.114177172699002 -4.879112114329883 0
    endloop
  endfacet
  facet normal -0.6469561525348497 -0.7625272039063946 0
    outer loop
      vertex -9.357410416098439 -4.651299321504901 6
      vertex -9.23019793197438 -4.75923107641368 0
      vertex -9.23019793197438 -4.75923107641368 6
    endloop
  endfacet
  facet normal -0.8404484010944346 -0.5418915805747568 0
    outer loop
      vertex -8.920061658979717 -5.15 6
      vertex -9.010465481607518 -5.009787915324737 6
      vertex -8.920061658979717 -5.15 0
    endloop
  endfacet
  facet normal 0 0 1
    outer loop
      vertex 7.494527366546059 -6.776457135307563 6
      vertex 7.470673907581263 -5.31877121089688 6
      vertex 7.432374849158627 -6.488686420183766 6
    endloop
  endfacet
  facet normal 0 0 1
    outer loop
      vertex 7.584587065141287 -7.056750143763701 6
      vertex 7.551514456927947 -5.035681604090515 6
      vertex 7.494527366546059 -6.776457135307563 6
    endloop
  endfacet
  facet normal 0 0 1
    outer loop
      vertex 7.584587065141287 -7.056750143763701 6
      vertex 7.701686620815199 -7.326866070657003 6
      vertex 7.659713370649736 -4.761878910586816 6
    endloop
  endfacet
  facet normal 0 0 1
    outer loop
      vertex 7.844698300833525 -7.584203551951104 6
      vertex 7.794228634059947 -4.5 6
      vertex 7.701686620815199 -7.326866070657003 6
    endloop
  endfacet
  facet normal 0 0 1
    outer loop
      vertex 8.012244824539557 -7.826284287026162 6
      vertex 7.9537647916384175 -4.252566909396593 6
      vertex 7.844698300833525 -7.584203551951104 6
    endloop
  endfacet
  facet normal 0 0 1
    outer loop
      vertex 8.012244824539557 -7.826284287026162 6
      vertex 8.202712627319755 -8.050776906068615 6
      vertex 8.136785422976331 -4.021962554699794 6
    endloop
  endfacet
  facet normal 0 0 1
    outer loop
      vertex 7.432374849158627 -6.488686420183766 6
      vertex 7.417970261291832 -5.608421423339845 6
      vertex 7.398728075697454 -6.19620938769043 6
    endloop
  endfacet
  facet normal 0 0 1
    outer loop
      vertex 7.398728075697454 -6.19620938769043 6
      vertex 7.417970261291832 -5.608421423339845 6
      vertex 7.393911082984166 -5.901842751534671 6
    endloop
  endfacet
  facet normal 0 0 1
    outer loop
      vertex 7.432374849158627 -6.488686420183766 6
      vertex 7.470673907581263 -5.31877121089688 6
      vertex 7.417970261291832 -5.608421423339845 6
    endloop
  endfacet
  facet normal 0 0 1
    outer loop
      vertex 7.494527366546059 -6.776457135307563 6
      vertex 7.551514456927947 -5.035681604090515 6
      vertex 7.470673907581263 -5.31877121089688 6
    endloop
  endfacet
  facet normal 0 0 1
    outer loop
      vertex 7.584587065141287 -7.056750143763701 6
      vertex 7.659713370649736 -4.761878910586816 6
      vertex 7.551514456927947 -5.035681604090515 6
    endloop
  endfacet
  facet normal 0 0 1
    outer loop
      vertex 7.701686620815199 -7.326866070657003 6
      vertex 7.794228634059947 -4.5 6
      vertex 7.659713370649736 -4.761878910586816 6
    endloop
  endfacet
  facet normal 0 0 1
    outer loop
      vertex 7.844698300833525 -7.584203551951104 6
      vertex 7.9537647916384175 -4.252566909396593 6
      vertex 7.794228634059947 -4.5 6
    endloop
  endfacet
  facet normal 0 0 1
    outer loop
      vertex 8.012244824539557 -7.826284287026162 6
      vertex 8.136785422976331 -4.021962554699794 6
      vertex 7.9537647916384175 -4.252566909396593 6
    endloop
  endfacet
  facet normal 0 0 1
    outer loop
      vertex 8.202712627319755 -8.050776906068615 6
      vertex 8.34152793934465 -3.810407781906493 6
      vertex 8.136785422976331 -4.021962554699794 6
    endloop
  endfacet
  facet normal 0.7625272039063902 0.646956152534855 0
    outer loop
      vertex 8.012244824539557 -7.826284287026162 6
      vertex 8.012244824539557 -7.826284287026162 10
      vertex 8.202712627319755 -8.050776906068615 6
    endloop
  endfacet
  facet normal 0.8222682189897741 0.5691001458788999 0
    outer loop
      vertex 8.012244824539557 -7.826284287026162 6
      vertex 7.844698300833525 -7.584203551951104 6
      vertex 7.844698300833525 -7.584203551951104 10
    endloop
  endfacet
  facet normal 0.8740903416267621 0.48576339371633415 0
    outer loop
      vertex 7.844698300833525 -7.584203551951104 6
      vertex 7.701686620815199 -7.326866070657003 6
      vertex 7.701686620815199 -7.326866070657003 10
    endloop
  endfacet
  facet normal 0.9174944964474911 0.39774847452701145 0
    outer loop
      vertex 7.584587065141287 -7.056750143763701 6
      vertex 7.584587065141287 -7.056750143763701 10
      vertex 7.701686620815199 -7.326866070657003 6
    endloop
  endfacet
  facet normal 0.9520626777139238 0.30590302009655496 0
    outer loop
      vertex 7.584587065141287 -7.056750143763701 6
      vertex 7.494527366546059 -6.776457135307563 6
      vertex 7.494527366546059 -6.776457135307563 10
    endloop
  endfacet
  facet normal 0.9774619749435721 0.21111155235896348 0
    outer loop
      vertex 7.494527366546059 -6.776457135307563 6
      vertex 7.432374849158627 -6.488686420183766 6
      vertex 7.432374849158627 -6.488686420183766 10
    endloop
  endfacet
  facet normal 0.9934477790194444 0.11428696496684611 0
    outer loop
      vertex 7.432374849158627 -6.488686420183766 6
      vertex 7.398728075697454 -6.19620938769043 6
      vertex 7.398728075697454 -6.19620938769043 10
    endloop
  endfacet
  facet normal 0.9998661379095617 0.016361731626490444 0
    outer loop
      vertex 7.398728075697454 -6.19620938769043 6
      vertex 7.393911082984166 -5.901842751534671 6
      vertex 7.393911082984166 -5.901842751534671 10
    endloop
  endfacet
  facet normal 0.9966552393091803 -0.08172107413366855 0
    outer loop
      vertex 7.393911082984166 -5.901842751534671 6
      vertex 7.417970261291832 -5.608421423339845 6
      vertex 7.417970261291832 -5.608421423339845 10
    endloop
  endfacet
  facet normal 0.983846005927077 -0.17901686127663533 0
    outer loop
      vertex 7.417970261291832 -5.608421423339845 6
      vertex 7.470673907581263 -5.31877121089688 6
      vertex 7.470673907581263 -5.31877121089688 10
    endloop
  endfacet
  facet normal 0.961561797682962 -0.27458861818493197 0
    outer loop
      vertex 7.470673907581263 -5.31877121089688 6
      vertex 7.551514456927947 -5.035681604090515 6
      vertex 7.551514456927947 -5.035681604090515 10
    endloop
  endfacet
  facet normal 0.9300172236840127 -0.3675159365947019 0
    outer loop
      vertex 7.551514456927947 -5.035681604090515 6
      vertex 7.659713370649736 -4.761878910586816 6
      vertex 7.659713370649736 -4.761878910586816 10
    endloop
  endfacet
  facet normal 0.8895160754218564 -0.45690387563041995 0
    outer loop
      vertex 7.659713370649736 -4.761878910586816 6
      vertex 7.794228634059947 -4.5 6
      vertex 7.794228634059947 -4.5 10
    endloop
  endfacet
  facet normal 0.840448401094438 -0.5418915805747517 0
    outer loop
      vertex 7.794228634059947 -4.5 6
      vertex 7.9537647916384175 -4.252566909396593 6
      vertex 7.9537647916384175 -4.252566909396593 10
    endloop
  endfacet
  facet normal 0.7832867492286495 -0.6216605733700785 0
    outer loop
      vertex 7.9537647916384175 -4.252566909396593 6
      vertex 8.136785422976331 -4.021962554699794 6
      vertex 8.136785422976331 -4.021962554699794 10
    endloop
  endfacet
  facet normal 0.9174944964474911 0.39774847452701145 0
    outer loop
      vertex 7.701686620815199 -7.326866070657003 6
      vertex 7.584587065141287 -7.056750143763701 10
      vertex 7.701686620815199 -7.326866070657003 10
    endloop
  endfacet
  facet normal 0.8222682189897741 0.5691001458788999 0
    outer loop
      vertex 8.012244824539557 -7.826284287026162 6
      vertex 7.844698300833525 -7.584203551951104 10
      vertex 8.012244824539557 -7.826284287026162 10
    endloop
  endfacet
  facet normal 0.7625272039063902 0.646956152534855 0
    outer loop
      vertex 8.202712627319755 -8.050776906068615 6
      vertex 8.012244824539557 -7.826284287026162 10
      vertex 8.202712627319755 -8.050776906068615 10
    endloop
  endfacet
  facet normal 0.8740903416267621 0.48576339371633415 0
    outer loop
      vertex 7.844698300833525 -7.584203551951104 6
      vertex 7.701686620815199 -7.326866070657003 10
      vertex 7.844698300833525 -7.584203551951104 10
    endloop
  endfacet
  facet normal 0.9520626777139238 0.30590302009655496 0
    outer loop
      vertex 7.584587065141287 -7.056750143763701 6
      vertex 7.494527366546059 -6.776457135307563 10
      vertex 7.584587065141287 -7.056750143763701 10
    endloop
  endfacet
  facet normal 0.9774619749435721 0.21111155235896348 0
    outer loop
      vertex 7.494527366546059 -6.776457135307563 6
      vertex 7.432374849158627 -6.488686420183766 10
      vertex 7.494527366546059 -6.776457135307563 10
    endloop
  endfacet
  facet normal 0.9934477790194444 0.11428696496684611 0
    outer loop
      vertex 7.432374849158627 -6.488686420183766 6
      vertex 7.398728075697454 -6.19620938769043 10
      vertex 7.432374849158627 -6.488686420183766 10
    endloop
  endfacet
  facet normal 0.9998661379095617 0.016361731626490444 0
    outer loop
      vertex 7.398728075697454 -6.19620938769043 6
      vertex 7.393911082984166 -5.901842751534671 10
      vertex 7.398728075697454 -6.19620938769043 10
    endloop
  endfacet
  facet normal 0.9966552393091803 -0.08172107413366855 0
    outer loop
      vertex 7.393911082984166 -5.901842751534671 6
      vertex 7.417970261291832 -5.608421423339845 10
      vertex 7.393911082984166 -5.901842751534671 10
    endloop
  endfacet
  facet normal 0.983846005927077 -0.17901686127663533 0
    outer loop
      vertex 7.417970261291832 -5.608421423339845 6
      vertex 7.470673907581263 -5.31877121089688 10
      vertex 7.417970261291832 -5.608421423339845 10
    endloop
  endfacet
  facet normal 0.961561797682962 -0.27458861818493197 0
    outer loop
      vertex 7.470673907581263 -5.31877121089688 6
      vertex 7.551514456927947 -5.035681604090515 10
      vertex 7.470673907581263 -5.31877121089688 10
    endloop
  endfacet
  facet normal 0.9300172236840127 -0.3675159365947019 0
    outer loop
      vertex 7.551514456927947 -5.035681604090515 6
      vertex 7.659713370649736 -4.761878910586816 10
      vertex 7.551514456927947 -5.035681604090515 10
    endloop
  endfacet
  facet normal 0.8895160754218564 -0.45690387563041995 0
    outer loop
      vertex 7.659713370649736 -4.761878910586816 6
      vertex 7.794228634059947 -4.5 10
      vertex 7.659713370649736 -4.761878910586816 10
    endloop
  endfacet
  facet normal 0.840448401094438 -0.5418915805747517 0
    outer loop
      vertex 7.794228634059947 -4.5 6
      vertex 7.9537647916384175 -4.252566909396593 10
      vertex 7.794228634059947 -4.5 10
    endloop
  endfacet
  facet normal 0.7832867492286495 -0.6216605733700785 0
    outer loop
      vertex 7.9537647916384175 -4.252566909396593 6
      vertex 8.136785422976331 -4.021962554699794 10
      vertex 7.9537647916384175 -4.252566909396593 10
    endloop
  endfacet
  facet normal 0.718581617779699 -0.6954426350096106 0
    outer loop
      vertex 8.136785422976331 -4.021962554699794 6
      vertex 8.34152793934465 -3.810407781906493 10
      vertex 8.136785422976331 -4.021962554699794 10
    endloop
  endfacet
  facet normal 0 0 1
    outer loop
      vertex 9.15418375600008 -8.732591474763527 6
      vertex 9.427986449503777 -8.840790388485317 6
      vertex 9.542304845413264 -7.472243186433546 6
    endloop
  endfacet
  facet normal 0 0 1
    outer loop
      vertex 9.427986449503777 -8.840790388485317 6
      vertex 9.711076056310144 -8.921630937832001 6
      vertex 9.690702894745792 -7.548468502365999 6
    endloop
  endfacet
  facet normal 0 0 1
    outer loop
      vertex 9.711076056310144 -8.921630937832001 6
      vertex 10.000726268753109 -8.974334584121431 6
      vertex 10.006275198254828 -7.655590864771467 6
    endloop
  endfacet
  facet normal 0 0 1
    outer loop
      vertex 10.000726268753109 -8.974334584121431 6
      vertex 10.294147596947935 -8.998393762429098 6
      vertex 10.336682404616244 -7.699089798709822 6
    endloop
  endfacet
  facet normal 0 0 1
    outer loop
      vertex 10.294147596947935 -8.998393762429098 6
      vertex 10.588514233103693 -8.99357676971581 6
      vertex 10.336682404616244 -7.699089798709822 6
    endloop
  endfacet
  facet normal 0 0 1
    outer loop
      vertex 10.588514233103693 -8.99357676971581 6
      vertex 10.880991265597029 -8.959929996254637 6
      vertex 10.669227150184065 -7.677293664544295 6
    endloop
  endfacet
  facet normal 0 0 1
    outer loop
      vertex 10.880991265597029 -8.959929996254637 6
      vertex 11.168761980720825 -8.897777478867205 6
      vertex 10.99112992687936 -7.591040075487453 6
    endloop
  endfacet
  facet normal 0 0 1
    outer loop
      vertex 11.168761980720825 -8.897777478867205 6
      vertex 11.449054989176963 -8.807717780271977 6
      vertex 11.290020191518888 -7.443643708595184 6
    endloop
  endfacet
  facet normal 0.6216605733700795 0.7832867492286486 0
    outer loop
      vertex 8.414267400113058 -8.255519422436933 6
      vertex 8.414267400113058 -8.255519422436933 10
      vertex 8.644871754809856 -8.438540053774846 6
    endloop
  endfacet
  facet normal 0.541891580574749 0.8404484010944397 0
    outer loop
      vertex 8.892304845413264 -8.598076211353316 6
      vertex 8.644871754809856 -8.438540053774846 6
      vertex 8.644871754809856 -8.438540053774846 10
    endloop
  endfacet
  facet normal 0.36751593659470655 0.930017223684011 0
    outer loop
      vertex 9.15418375600008 -8.732591474763527 6
      vertex 9.15418375600008 -8.732591474763527 10
      vertex 9.427986449503777 -8.840790388485317 6
    endloop
  endfacet
  facet normal 0.45690387563041995 0.8895160754218564 0
    outer loop
      vertex 8.892304845413264 -8.598076211353316 6
      vertex 8.892304845413264 -8.598076211353316 10
      vertex 9.15418375600008 -8.732591474763527 6
    endloop
  endfacet
  facet normal 0.27458861818493036 0.9615617976829625 0
    outer loop
      vertex 9.427986449503777 -8.840790388485317 6
      vertex 9.427986449503777 -8.840790388485317 10
      vertex 9.711076056310144 -8.921630937832001 6
    endloop
  endfacet
  facet normal 0.17901686127663238 0.9838460059270774 0
    outer loop
      vertex 9.711076056310144 -8.921630937832001 6
      vertex 9.711076056310144 -8.921630937832001 10
      vertex 10.000726268753109 -8.974334584121431 6
    endloop
  endfacet
  facet normal 0.08172107413367154 0.99665523930918 0
    outer loop
      vertex 10.000726268753109 -8.974334584121431 6
      vertex 10.000726268753109 -8.974334584121431 10
      vertex 10.294147596947935 -8.998393762429098 6
    endloop
  endfacet
  facet normal -0.016361731626490492 0.9998661379095617 0
    outer loop
      vertex 10.294147596947935 -8.998393762429098 6
      vertex 10.294147596947935 -8.998393762429098 10
      vertex 10.588514233103693 -8.99357676971581 6
    endloop
  endfacet
  facet normal -0.11428696496684645 0.9934477790194444 0
    outer loop
      vertex 10.588514233103693 -8.99357676971581 6
      vertex 10.588514233103693 -8.99357676971581 10
      vertex 10.880991265597029 -8.959929996254637 6
    endloop
  endfacet
  facet normal -0.21111155235896348 0.9774619749435721 0
    outer loop
      vertex 10.880991265597029 -8.959929996254637 6
      vertex 10.880991265597029 -8.959929996254637 10
      vertex 11.168761980720825 -8.897777478867205 6
    endloop
  endfacet
  facet normal -0.30590302009655496 0.9520626777139238 0
    outer loop
      vertex 11.168761980720825 -8.897777478867205 6
      vertex 11.168761980720825 -8.897777478867205 10
      vertex 11.449054989176963 -8.807717780271977 6
    endloop
  endfacet
  facet normal -0.3977484745270165 0.9174944964474889 0
    outer loop
      vertex 11.449054989176963 -8.807717780271977 6
      vertex 11.449054989176963 -8.807717780271977 10
      vertex 11.719170916070265 -8.690618224598063 6
    endloop
  endfacet
  facet normal -0.4857633937163364 0.8740903416267608 0
    outer loop
      vertex 11.719170916070265 -8.690618224598063 6
      vertex 11.719170916070265 -8.690618224598063 10
      vertex 11.976508397364366 -8.547606544579736 6
    endloop
  endfacet
  facet normal -0.5691001458788977 0.8222682189897753 0
    outer loop
      vertex 11.976508397364366 -8.547606544579736 6
      vertex 11.976508397364366 -8.547606544579736 10
      vertex 12.218589132439424 -8.380060020873705 6
    endloop
  endfacet
  facet normal -0.646956152534855 0.7625272039063902 0
    outer loop
      vertex 12.218589132439424 -8.380060020873705 6
      vertex 12.218589132439424 -8.380060020873705 10
      vertex 12.443081751481877 -8.189592218093507 6
    endloop
  endfacet
  facet normal 0.6216605733700795 0.7832867492286486 0
    outer loop
      vertex 8.644871754809856 -8.438540053774846 6
      vertex 8.414267400113058 -8.255519422436933 10
      vertex 8.644871754809856 -8.438540053774846 10
    endloop
  endfacet
  facet normal 0.541891580574749 0.8404484010944397 0
    outer loop
      vertex 8.892304845413264 -8.598076211353316 6
      vertex 8.644871754809856 -8.438540053774846 10
      vertex 8.892304845413264 -8.598076211353316 10
    endloop
  endfacet
  facet normal 0.45690387563041995 0.8895160754218564 0
    outer loop
      vertex 9.15418375600008 -8.732591474763527 6
      vertex 8.892304845413264 -8.598076211353316 10
      vertex 9.15418375600008 -8.732591474763527 10
    endloop
  endfacet
  facet normal 0.36751593659470655 0.930017223684011 0
    outer loop
      vertex 9.427986449503777 -8.840790388485317 6
      vertex 9.15418375600008 -8.732591474763527 10
      vertex 9.427986449503777 -8.840790388485317 10
    endloop
  endfacet
  facet normal 0.27458861818493036 0.9615617976829625 0
    outer loop
      vertex 9.711076056310144 -8.921630937832001 6
      vertex 9.427986449503777 -8.840790388485317 10
      vertex 9.711076056310144 -8.921630937832001 10
    endloop
  endfacet
  facet normal 0.17901686127663238 0.9838460059270774 0
    outer loop
      vertex 10.000726268753109 -8.974334584121431 6
      vertex 9.711076056310144 -8.921630937832001 10
      vertex 10.000726268753109 -8.974334584121431 10
    endloop
  endfacet
  facet normal 0.08172107413367154 0.99665523930918 0
    outer loop
      vertex 10.294147596947935 -8.998393762429098 6
      vertex 10.000726268753109 -8.974334584121431 10
      vertex 10.294147596947935 -8.998393762429098 10
    endloop
  endfacet
  facet normal -0.016361731626490492 0.9998661379095617 0
    outer loop
      vertex 10.588514233103693 -8.99357676971581 6
      vertex 10.294147596947935 -8.998393762429098 10
      vertex 10.588514233103693 -8.99357676971581 10
    endloop
  endfacet
  facet normal -0.11428696496684645 0.9934477790194444 0
    outer loop
      vertex 10.880991265597029 -8.959929996254637 6
      vertex 10.588514233103693 -8.99357676971581 10
      vertex 10.880991265597029 -8.959929996254637 10
    endloop
  endfacet
  facet normal -0.21111155235896348 0.9774619749435721 0
    outer loop
      vertex 11.168761980720825 -8.897777478867205 6
      vertex 10.880991265597029 -8.959929996254637 10
      vertex 11.168761980720825 -8.897777478867205 10
    endloop
  endfacet
  facet normal -0.30590302009655496 0.9520626777139238 0
    outer loop
      vertex 11.449054989176963 -8.807717780271977 6
      vertex 11.168761980720825 -8.897777478867205 10
      vertex 11.449054989176963 -8.807717780271977 10
    endloop
  endfacet
  facet normal -0.3977484745270165 0.9174944964474889 0
    outer loop
      vertex 11.719170916070265 -8.690618224598063 6
      vertex 11.449054989176963 -8.807717780271977 10
      vertex 11.719170916070265 -8.690618224598063 10
    endloop
  endfacet
  facet normal -0.4857633937163364 0.8740903416267608 0
    outer loop
      vertex 11.976508397364366 -8.547606544579736 6
      vertex 11.719170916070265 -8.690618224598063 10
      vertex 11.976508397364366 -8.547606544579736 10
    endloop
  endfacet
  facet normal -0.5691001458788977 0.8222682189897753 0
    outer loop
      vertex 12.218589132439424 -8.380060020873705 6
      vertex 11.976508397364366 -8.547606544579736 10
      vertex 12.218589132439424 -8.380060020873705 10
    endloop
  endfacet
  facet normal -0.646956152534855 0.7625272039063902 0
    outer loop
      vertex 12.443081751481877 -8.189592218093507 6
      vertex 12.218589132439424 -8.380060020873705 10
      vertex 12.443081751481877 -8.189592218093507 10
    endloop
  endfacet
  facet normal 0 0 1
    outer loop
      vertex 8.892304845413264 -8.598076211353316 6
      vertex 8.867621184807694 -6.751890773372303 6
      vertex 8.644871754809856 -8.438540053774846 6
    endloop
  endfacet
  facet normal 0 0 1
    outer loop
      vertex 8.892304845413264 -8.598076211353316 6
      vertex 9.15418375600008 -8.732591474763527 6
      vertex 9.151535921826945 -7.1621069134388815 6
    endloop
  endfacet
  facet normal 0 0 1
    outer loop
      vertex 9.15418375600008 -8.732591474763527 6
      vertex 9.402092760738 -7.381839363805746 6
      vertex 9.271416959743146 -7.278127672714262 6
    endloop
  endfacet
  facet normal 0 0 1
    outer loop
      vertex 8.892304845413264 -8.598076211353316 6
      vertex 9.043604166918161 -7.034894429314825 6
      vertex 8.94866113681808 -6.897715346105625 6
    endloop
  endfacet
  facet normal 0 0 1
    outer loop
      vertex 8.644871754809856 -8.438540053774846 6
      vertex 8.867621184807694 -6.751890773372303 6
      vertex 8.801264769925808 -6.598825081466097 6
    endloop
  endfacet
  facet normal 0 0 1
    outer loop
      vertex 8.892304845413264 -8.598076211353316 6
      vertex 8.94866113681808 -6.897715346105625 6
      vertex 8.867621184807694 -6.751890773372303 6
    endloop
  endfacet
  facet normal 0 0 1
    outer loop
      vertex 8.892304845413264 -8.598076211353316 6
      vertex 9.151535921826945 -7.1621069134388815 6
      vertex 9.043604166918161 -7.034894429314825 6
    endloop
  endfacet
  facet normal 0 0 1
    outer loop
      vertex 9.15418375600008 -8.732591474763527 6
      vertex 9.271416959743146 -7.278127672714262 6
      vertex 9.151535921826945 -7.1621069134388815 6
    endloop
  endfacet
  facet normal 0 0 1
    outer loop
      vertex 8.414267400113058 -8.255519422436933 6
      vertex 8.34152793934465 -3.810407781906493 6
      vertex 8.202712627319755 -8.050776906068615 6
    endloop
  endfacet
  facet normal 0 0 1
    outer loop
      vertex 8.644871754809856 -8.438540053774846 6
      vertex 8.801264769925808 -6.598825081466097 6
      vertex 8.750230940721847 -6.439992376674286 6
    endloop
  endfacet
  facet normal 0 0 1
    outer loop
      vertex 8.644871754809856 -8.438540053774846 6
      vertex 8.750230940721847 -6.439992376674286 6
      vertex 8.715011180868968 -6.2769223047708005 6
    endloop
  endfacet
  facet normal 0 0 1
    outer loop
      vertex 8.414267400113058 -8.255519422436933 6
      vertex 8.644871754809856 -8.438540053774846 6
      vertex 8.566020558387102 -3.6199399791262947 6
    endloop
  endfacet
  facet normal 0 0 1
    outer loop
      vertex 8.644871754809856 -8.438540053774846 6
      vertex 8.715011180868968 -6.2769223047708005 6
      vertex 8.695944675907636 -6.111185319691243 6
    endloop
  endfacet
  facet normal 0 0 1
    outer loop
      vertex 9.15418375600008 -8.732591474763527 6
      vertex 9.542304845413264 -7.472243186433546 6
      vertex 9.402092760738 -7.381839363805746 6
    endloop
  endfacet
  facet normal 0 0 1
    outer loop
      vertex 9.711076056310144 -8.921630937832001 6
      vertex 9.845857754397889 -7.60978122014168 6
      vertex 9.690702894745792 -7.548468502365999 6
    endloop
  endfacet
  facet normal 0 0 1
    outer loop
      vertex 9.427986449503777 -8.840790388485317 6
      vertex 9.690702894745792 -7.548468502365999 6
      vertex 9.542304845413264 -7.472243186433546 6
    endloop
  endfacet
  facet normal 0 0 1
    outer loop
      vertex 9.711076056310144 -8.921630937832001 6
      vertex 10.006275198254828 -7.655590864771467 6
      vertex 9.845857754397889 -7.60978122014168 6
    endloop
  endfacet
  facet normal 0 0 1
    outer loop
      vertex 10.000726268753109 -8.974334584121431 6
      vertex 10.170410318639178 -7.685456264335478 6
      vertex 10.006275198254828 -7.655590864771467 6
    endloop
  endfacet
  facet normal 0 0 1
    outer loop
      vertex 10.000726268753109 -8.974334584121431 6
      vertex 10.336682404616244 -7.699089798709822 6
      vertex 10.170410318639178 -7.685456264335478 6
    endloop
  endfacet
  facet normal 0 0 1
    outer loop
      vertex 8.644871754809856 -8.438540053774846 6
      vertex 8.695944675907636 -6.111185319691243 6
      vertex 8.566020558387102 -3.6199399791262947 6
    endloop
  endfacet
  facet normal 0 0 1
    outer loop
      vertex 8.414267400113058 -8.255519422436933 6
      vertex 8.566020558387102 -3.6199399791262947 6
      vertex 8.34152793934465 -3.810407781906493 6
    endloop
  endfacet
  facet normal 0 0 1
    outer loop
      vertex 8.695944675907636 -6.111185319691243 6
      vertex 8.693215046703441 -5.94437755920298 6
      vertex 8.566020558387102 -3.6199399791262947 6
    endloop
  endfacet
  facet normal 0 0 1
    outer loop
      vertex 8.693215046703441 -5.94437755920298 6
      vertex 8.706848581077786 -5.778105473225912 6
      vertex 8.566020558387102 -3.6199399791262947 6
    endloop
  endfacet
  facet normal 0 0 1
    outer loop
      vertex 8.706848581077786 -5.778105473225912 6
      vertex 8.736713980641795 -5.613970352841565 6
      vertex 8.566020558387102 -3.6199399791262947 6
    endloop
  endfacet
  facet normal 0 0 1
    outer loop
      vertex 8.736713980641795 -5.613970352841565 6
      vertex 8.80810129346216 -3.4523934554202635 6
      vertex 8.566020558387102 -3.6199399791262947 6
    endloop
  endfacet
  facet normal 0 0 1
    outer loop
      vertex 8.736713980641795 -5.613970352841565 6
      vertex 8.782523625271583 -5.4535529089846255 6
      vertex 8.80810129346216 -3.4523934554202635 6
    endloop
  endfacet
  facet normal 0 0 1
    outer loop
      vertex 8.782523625271583 -5.4535529089846255 6
      vertex 8.843836343047265 -5.298398049332529 6
      vertex 8.80810129346216 -3.4523934554202635 6
    endloop
  endfacet
  facet normal 0 0 1
    outer loop
      vertex 8.843836343047265 -5.298398049332529 6
      vertex 8.920061658979717 -5.15 6
      vertex 8.80810129346216 -3.4523934554202635 6
    endloop
  endfacet
  facet normal 0 0 1
    outer loop
      vertex 8.920061658979717 -5.15 6
      vertex 9.010465481607518 -5.009787915324737 6
      vertex 9.065438774756261 -3.3093817754019357 6
    endloop
  endfacet
  facet normal 0 0 1
    outer loop
      vertex 9.010465481607518 -5.009787915324737 6
      vertex 9.114177172699002 -4.879112114329883 6
      vertex 9.065438774756261 -3.3093817754019357 6
    endloop
  endfacet
  facet normal 0 0 1
    outer loop
      vertex 9.114177172699002 -4.879112114329883 6
      vertex 9.23019793197438 -4.75923107641368 6
      vertex 9.065438774756261 -3.3093817754019357 6
    endloop
  endfacet
  facet normal 0 0 1
    outer loop
      vertex 9.23019793197438 -4.75923107641368 6
      vertex 9.357410416098439 -4.651299321504901 6
      vertex 9.335554701649563 -3.192282219728023 6
    endloop
  endfacet
  facet normal 0 0 1
    outer loop
      vertex 9.357410416098439 -4.651299321504901 6
      vertex 9.494589499307638 -4.556356291404816 6
      vertex 9.335554701649563 -3.192282219728023 6
    endloop
  endfacet
  facet normal 0 0 1
    outer loop
      vertex 10.588514233103693 -8.99357676971581 6
      vertex 10.503490165104505 -7.696360169505626 6
      vertex 10.336682404616244 -7.699089798709822 6
    endloop
  endfacet
  facet normal 0 0 1
    outer loop
      vertex 10.588514233103693 -8.99357676971581 6
      vertex 10.669227150184065 -7.677293664544295 6
      vertex 10.503490165104505 -7.696360169505626 6
    endloop
  endfacet
  facet normal 0 0 1
    outer loop
      vertex 10.880991265597029 -8.959929996254637 6
      vertex 10.832297222087547 -7.642073904691416 6
      vertex 10.669227150184065 -7.677293664544295 6
    endloop
  endfacet
  facet normal 0 0 1
    outer loop
      vertex 10.880991265597029 -8.959929996254637 6
      vertex 10.99112992687936 -7.591040075487453 6
      vertex 10.832297222087547 -7.642073904691416 6
    endloop
  endfacet
  facet normal 0 0 1
    outer loop
      vertex 11.168761980720825 -8.897777478867205 6
      vertex 11.144195618785565 -7.52468366060557 6
      vertex 10.99112992687936 -7.591040075487453 6
    endloop
  endfacet
  facet normal 0 0 1
    outer loop
      vertex 11.168761980720825 -8.897777478867205 6
      vertex 11.290020191518888 -7.443643708595184 6
      vertex 11.144195618785565 -7.52468366060557 6
    endloop
  endfacet
  facet normal 0 0 1
    outer loop
      vertex 11.449054989176963 -8.807717780271977 6
      vertex 11.719170916070265 -8.690618224598063 6
      vertex 11.554411758852146 -7.24076892358632 6
    endloop
  endfacet
  facet normal 0 0 1
    outer loop
      vertex 11.449054989176963 -8.807717780271977 6
      vertex 11.427199274728087 -7.348700678495099 6
      vertex 11.290020191518888 -7.443643708595184 6
    endloop
  endfacet
  facet normal 0 0 1
    outer loop
      vertex 11.449054989176963 -8.807717780271977 6
      vertex 11.554411758852146 -7.24076892358632 6
      vertex 11.427199274728087 -7.348700678495099 6
    endloop
  endfacet
  facet normal 0 0 1
    outer loop
      vertex 11.719170916070265 -8.690618224598063 6
      vertex 11.976508397364366 -8.547606544579736 6
      vertex 11.864548031846809 -6.85 6
    endloop
  endfacet
  facet normal 0 0 1
    outer loop
      vertex 11.719170916070265 -8.690618224598063 6
      vertex 11.670432518127525 -7.120887885670117 6
      vertex 11.554411758852146 -7.24076892358632 6
    endloop
  endfacet
  facet normal 0 0 1
    outer loop
      vertex 11.719170916070265 -8.690618224598063 6
      vertex 11.774144209219008 -6.990212084675263 6
      vertex 11.670432518127525 -7.120887885670117 6
    endloop
  endfacet
  facet normal 0 0 1
    outer loop
      vertex 11.719170916070265 -8.690618224598063 6
      vertex 11.864548031846809 -6.85 6
      vertex 11.774144209219008 -6.990212084675263 6
    endloop
  endfacet
  facet normal 0 0 1
    outer loop
      vertex 11.976508397364366 -8.547606544579736 6
      vertex 12.218589132439424 -8.380060020873705 6
      vertex 12.047895710184731 -6.386029647158435 6
    endloop
  endfacet
  facet normal 0 0 1
    outer loop
      vertex 11.976508397364366 -8.547606544579736 6
      vertex 11.940773347779261 -6.701601950667471 6
      vertex 11.864548031846809 -6.85 6
    endloop
  endfacet
  facet normal 0 0 1
    outer loop
      vertex 11.976508397364366 -8.547606544579736 6
      vertex 12.002086065554943 -6.5464470910153745 6
      vertex 11.940773347779261 -6.701601950667471 6
    endloop
  endfacet
  facet normal 0 0 1
    outer loop
      vertex 11.976508397364366 -8.547606544579736 6
      vertex 12.047895710184731 -6.386029647158435 6
      vertex 12.002086065554943 -6.5464470910153745 6
    endloop
  endfacet
  facet normal 0 0 1
    outer loop
      vertex 12.218589132439424 -8.380060020873705 6
      vertex 12.07776110974874 -6.221894526774088 6
      vertex 12.047895710184731 -6.386029647158435 6
    endloop
  endfacet
  facet normal 0 0 1
    outer loop
      vertex 12.218589132439424 -8.380060020873705 6
      vertex 12.091394644123085 -6.05562244079702 6
      vertex 12.07776110974874 -6.221894526774088 6
    endloop
  endfacet
  facet normal 0 0 1
    outer loop
      vertex 12.218589132439424 -8.380060020873705 6
      vertex 12.08866501491889 -5.888814680308757 6
      vertex 12.091394644123085 -6.05562244079702 6
    endloop
  endfacet
  facet normal 0 0 1
    outer loop
      vertex 12.218589132439424 -8.380060020873705 6
      vertex 12.443081751481877 -8.189592218093507 6
      vertex 12.37034229071347 -3.7444805775630674 6
    endloop
  endfacet
  facet normal 0 0 1
    outer loop
      vertex 12.218589132439424 -8.380060020873705 6
      vertex 12.139737936016669 -3.5614599462251544 6
      vertex 12.08866501491889 -5.888814680308757 6
    endloop
  endfacet
  facet normal 0 0 1
    outer loop
      vertex 12.218589132439424 -8.380060020873705 6
      vertex 12.37034229071347 -3.7444805775630674 6
      vertex 12.139737936016669 -3.5614599462251544 6
    endloop
  endfacet
  facet normal 0 0 1
    outer loop
      vertex 11.242304845413264 -4.527756813566454 6
      vertex 11.382516930088526 -4.618160636194254 6
      vertex 11.630425934826448 -3.2674085252364726 6
    endloop
  endfacet
  facet normal 0 0 1
    outer loop
      vertex 11.633073768999582 -4.8378930865611185 6
      vertex 11.630425934826448 -3.2674085252364726 6
      vertex 11.51319273108338 -4.721872327285738 6
    endloop
  endfacet
  facet normal 0 0 1
    outer loop
      vertex 11.382516930088526 -4.618160636194254 6
      vertex 11.51319273108338 -4.721872327285738 6
      vertex 11.630425934826448 -3.2674085252364726 6
    endloop
  endfacet
  facet normal 0 0 1
    outer loop
      vertex 11.633073768999582 -4.8378930865611185 6
      vertex 11.741005523908363 -4.965105570685175 6
      vertex 11.892304845413264 -3.401923788646684 6
    endloop
  endfacet
  facet normal 0 0 1
    outer loop
      vertex 11.835948554008446 -5.102284653894375 6
      vertex 11.892304845413264 -3.401923788646684 6
      vertex 11.741005523908363 -4.965105570685175 6
    endloop
  endfacet
  facet normal 0 0 1
    outer loop
      vertex 12.08866501491889 -5.888814680308757 6
      vertex 12.139737936016669 -3.5614599462251544 6
      vertex 12.069598509957558 -5.7230776952291995 6
    endloop
  endfacet
  facet normal 0 0 1
    outer loop
      vertex 12.069598509957558 -5.7230776952291995 6
      vertex 12.139737936016669 -3.5614599462251544 6
      vertex 12.034378750104679 -5.560007623325714 6
    endloop
  endfacet
  facet normal 0 0 1
    outer loop
      vertex 12.034378750104679 -5.560007623325714 6
      vertex 12.139737936016669 -3.5614599462251544 6
      vertex 11.983344920900718 -5.401174918533903 6
    endloop
  endfacet
  facet normal 0 0 1
    outer loop
      vertex 11.983344920900718 -5.401174918533903 6
      vertex 12.139737936016669 -3.5614599462251544 6
      vertex 11.916988506018832 -5.248109226627697 6
    endloop
  endfacet
  facet normal 0 0 1
    outer loop
      vertex 11.835948554008446 -5.102284653894375 6
      vertex 11.916988506018832 -5.248109226627697 6
      vertex 11.892304845413264 -3.401923788646684 6
    endloop
  endfacet
  facet normal 0.6954426350096076 0.7185816177797019 0
    outer loop
      vertex 8.414267400113058 -8.255519422436933 6
      vertex 8.202712627319755 -8.050776906068615 6
      vertex 8.202712627319755 -8.050776906068615 10
    endloop
  endfacet
  facet normal 0 0 1
    outer loop
      vertex 8.920061658979717 -5.15 6
      vertex 9.065438774756261 -3.3093817754019357 6
      vertex 8.80810129346216 -3.4523934554202635 6
    endloop
  endfacet
  facet normal 0 0 1
    outer loop
      vertex 9.23019793197438 -4.75923107641368 6
      vertex 9.335554701649563 -3.192282219728023 6
      vertex 9.065438774756261 -3.3093817754019357 6
    endloop
  endfacet
  facet normal 0 0 1
    outer loop
      vertex 9.494589499307638 -4.556356291404816 6
      vertex 9.615847710105701 -3.1022225211327954 6
      vertex 9.335554701649563 -3.192282219728023 6
    endloop
  endfacet
  facet normal 0 0 1
    outer loop
      vertex 9.494589499307638 -4.556356291404816 6
      vertex 9.640414072040961 -4.47531633939443 6
      vertex 9.615847710105701 -3.1022225211327954 6
    endloop
  endfacet
  facet normal 0 0 1
    outer loop
      vertex 9.640414072040961 -4.47531633939443 6
      vertex 9.793479763947166 -4.408959924512547 6
      vertex 9.615847710105701 -3.1022225211327954 6
    endloop
  endfacet
  facet normal 0 0 1
    outer loop
      vertex 9.793479763947166 -4.408959924512547 6
      vertex 9.903618425229498 -3.040070003745363 6
      vertex 9.615847710105701 -3.1022225211327954 6
    endloop
  endfacet
  facet normal 0 0 1
    outer loop
      vertex 9.793479763947166 -4.408959924512547 6
      vertex 9.95231246873898 -4.357926095308584 6
      vertex 9.903618425229498 -3.040070003745363 6
    endloop
  endfacet
  facet normal 0 0 1
    outer loop
      vertex 9.95231246873898 -4.357926095308584 6
      vertex 10.115382540642461 -4.322706335455705 6
      vertex 9.903618425229498 -3.040070003745363 6
    endloop
  endfacet
  facet normal 0 0 1
    outer loop
      vertex 10.115382540642461 -4.322706335455705 6
      vertex 10.281119525722021 -4.303639830494374 6
      vertex 10.196095457722834 -3.0064232302841893 6
    endloop
  endfacet
  facet normal 0 0 1
    outer loop
      vertex 10.281119525722021 -4.303639830494374 6
      vertex 10.447927286210282 -4.300910201290178 6
      vertex 10.196095457722834 -3.0064232302841893 6
    endloop
  endfacet
  facet normal 0 0 1
    outer loop
      vertex 10.115382540642461 -4.322706335455705 6
      vertex 10.196095457722834 -3.0064232302841893 6
      vertex 9.903618425229498 -3.040070003745363 6
    endloop
  endfacet
  facet normal 0 0 1
    outer loop
      vertex 10.447927286210282 -4.300910201290178 6
      vertex 10.61419937218735 -4.314543735664522 6
      vertex 10.78388342207342 -3.0256654158785694 6
    endloop
  endfacet
  facet normal 0 0 1
    outer loop
      vertex 10.61419937218735 -4.314543735664522 6
      vertex 10.778334492571698 -4.344409135228533 6
      vertex 10.78388342207342 -3.0256654158785694 6
    endloop
  endfacet
  facet normal 0 0 1
    outer loop
      vertex 10.447927286210282 -4.300910201290178 6
      vertex 10.490462093878591 -3.0016062375709027 6
      vertex 10.196095457722834 -3.0064232302841893 6
    endloop
  endfacet
  facet normal 0 0 1
    outer loop
      vertex 10.447927286210282 -4.300910201290178 6
      vertex 10.78388342207342 -3.0256654158785694 6
      vertex 10.490462093878591 -3.0016062375709027 6
    endloop
  endfacet
  facet normal 0 0 1
    outer loop
      vertex 10.938751936428638 -4.39021877985832 6
      vertex 11.073533634516384 -3.0783690621679995 6
      vertex 10.778334492571698 -4.344409135228533 6
    endloop
  endfacet
  facet normal 0 0 1
    outer loop
      vertex 10.938751936428638 -4.39021877985832 6
      vertex 11.093906796080734 -4.451531497634001 6
      vertex 11.073533634516384 -3.0783690621679995 6
    endloop
  endfacet
  facet normal 0 0 1
    outer loop
      vertex 11.093906796080734 -4.451531497634001 6
      vertex 11.242304845413264 -4.527756813566454 6
      vertex 11.356623241322747 -3.1592096115146835 6
    endloop
  endfacet
  facet normal 0 0 1
    outer loop
      vertex 10.778334492571698 -4.344409135228533 6
      vertex 11.073533634516384 -3.0783690621679995 6
      vertex 10.78388342207342 -3.0256654158785694 6
    endloop
  endfacet
  facet normal 0 0 1
    outer loop
      vertex 11.093906796080734 -4.451531497634001 6
      vertex 11.356623241322747 -3.1592096115146835 6
      vertex 11.073533634516384 -3.0783690621679995 6
    endloop
  endfacet
  facet normal 0 0 1
    outer loop
      vertex 11.242304845413264 -4.527756813566454 6
      vertex 11.630425934826448 -3.2674085252364726 6
      vertex 11.356623241322747 -3.1592096115146835 6
    endloop
  endfacet
  facet normal 0 0 1
    outer loop
      vertex 11.633073768999582 -4.8378930865611185 6
      vertex 11.892304845413264 -3.401923788646684 6
      vertex 11.630425934826448 -3.2674085252364726 6
    endloop
  endfacet
  facet normal 0 0 1
    outer loop
      vertex 11.916988506018832 -5.248109226627697 6
      vertex 12.139737936016669 -3.5614599462251544 6
      vertex 11.892304845413264 -3.401923788646684 6
    endloop
  endfacet
  facet normal 0.718581617779699 -0.6954426350096106 0
    outer loop
      vertex 8.136785422976331 -4.021962554699794 6
      vertex 8.34152793934465 -3.810407781906493 6
      vertex 8.34152793934465 -3.810407781906493 10
    endloop
  endfacet
  facet normal 0.6469561525348558 -0.7625272039063895 0
    outer loop
      vertex 8.34152793934465 -3.810407781906493 6
      vertex 8.566020558387102 -3.6199399791262947 6
      vertex 8.566020558387102 -3.6199399791262947 10
    endloop
  endfacet
  facet normal 0.5691001458788977 -0.8222682189897753 0
    outer loop
      vertex 8.566020558387102 -3.6199399791262947 6
      vertex 8.80810129346216 -3.4523934554202635 6
      vertex 8.80810129346216 -3.4523934554202635 10
    endloop
  endfacet
  facet normal 0.4857633937163376 -0.8740903416267601 0
    outer loop
      vertex 8.80810129346216 -3.4523934554202635 6
      vertex 9.065438774756261 -3.3093817754019357 6
      vertex 9.065438774756261 -3.3093817754019357 10
    endloop
  endfacet
  facet normal 0.397748474527014 -0.9174944964474901 0
    outer loop
      vertex 9.065438774756261 -3.3093817754019357 6
      vertex 9.335554701649563 -3.192282219728023 6
      vertex 9.335554701649563 -3.192282219728023 10
    endloop
  endfacet
  facet normal 0.30590302009655357 -0.9520626777139242 0
    outer loop
      vertex 9.335554701649563 -3.192282219728023 6
      vertex 9.615847710105701 -3.1022225211327954 6
      vertex 9.615847710105701 -3.1022225211327954 10
    endloop
  endfacet
  facet normal 0.21111155235896492 -0.977461974943572 0
    outer loop
      vertex 9.615847710105701 -3.1022225211327954 6
      vertex 9.903618425229498 -3.040070003745363 6
      vertex 9.903618425229498 -3.040070003745363 10
    endloop
  endfacet
  facet normal 0.11428696496684797 -0.9934477790194444 0
    outer loop
      vertex 9.903618425229498 -3.040070003745363 6
      vertex 10.196095457722834 -3.0064232302841893 6
      vertex 10.196095457722834 -3.0064232302841893 10
    endloop
  endfacet
  facet normal -0.2745886181849336 -0.9615617976829616 0
    outer loop
      vertex 11.073533634516384 -3.0783690621679995 6
      vertex 11.356623241322747 -3.1592096115146835 6
      vertex 11.356623241322747 -3.1592096115146835 10
    endloop
  endfacet
  facet normal 0.016361731626487477 -0.9998661379095618 0
    outer loop
      vertex 10.196095457722834 -3.0064232302841893 6
      vertex 10.490462093878591 -3.0016062375709027 6
      vertex 10.490462093878591 -3.0016062375709027 10
    endloop
  endfacet
  facet normal -0.08172107413367104 -0.99665523930918 0
    outer loop
      vertex 10.490462093878591 -3.0016062375709027 6
      vertex 10.78388342207342 -3.0256654158785694 6
      vertex 10.78388342207342 -3.0256654158785694 10
    endloop
  endfacet
  facet normal -0.17901686127663238 -0.9838460059270774 0
    outer loop
      vertex 10.78388342207342 -3.0256654158785694 6
      vertex 11.073533634516384 -3.0783690621679995 6
      vertex 11.073533634516384 -3.0783690621679995 10
    endloop
  endfacet
  facet normal -0.3675159365947011 -0.9300172236840131 0
    outer loop
      vertex 11.356623241322747 -3.1592096115146835 6
      vertex 11.630425934826448 -3.2674085252364726 6
      vertex 11.630425934826448 -3.2674085252364726 10
    endloop
  endfacet
  facet normal -0.45690387563041995 -0.8895160754218564 0
    outer loop
      vertex 11.630425934826448 -3.2674085252364726 6
      vertex 11.892304845413264 -3.401923788646684 6
      vertex 11.892304845413264 -3.401923788646684 10
    endloop
  endfacet
  facet normal -0.6216605733700746 -0.7832867492286526 0
    outer loop
      vertex 12.139737936016669 -3.5614599462251544 6
      vertex 12.37034229071347 -3.7444805775630674 6
      vertex 12.37034229071347 -3.7444805775630674 10
    endloop
  endfacet
  facet normal -0.5418915805747545 -0.8404484010944362 0
    outer loop
      vertex 12.139737936016669 -3.5614599462251544 6
      vertex 12.139737936016669 -3.5614599462251544 10
      vertex 11.892304845413264 -3.401923788646684 6
    endloop
  endfacet
  facet normal 0 0 1
    outer loop
      vertex 12.443081751481877 -8.189592218093507 6
      vertex 12.647824267850195 -7.978037445300206 6
      vertex 12.58189706350677 -3.9492230939313857 6
    endloop
  endfacet
  facet normal 0 0 1
    outer loop
      vertex 12.647824267850195 -7.978037445300206 6
      vertex 12.830844899188108 -7.747433090603407 6
      vertex 12.772364866286967 -4.173715712973838 6
    endloop
  endfacet
  facet normal 0 0 1
    outer loop
      vertex 12.830844899188108 -7.747433090603407 6
      vertex 12.990381056766578 -7.5 6
      vertex 12.939911389993002 -4.415796448048896 6
    endloop
  endfacet
  facet normal 0 0 1
    outer loop
      vertex 12.990381056766578 -7.5 6
      vertex 13.124896320176791 -7.238121089413184 6
      vertex 13.082923070011327 -4.673133929342997 6
    endloop
  endfacet
  facet normal 0 0 1
    outer loop
      vertex 13.124896320176791 -7.238121089413184 6
      vertex 13.23309523389858 -6.964318395909485 6
      vertex 13.20002262568524 -4.943249856236299 6
    endloop
  endfacet
  facet normal 0 0 1
    outer loop
      vertex 13.23309523389858 -6.964318395909485 6
      vertex 13.313935783245263 -6.68122878910312 6
      vertex 13.290082324280467 -5.223542864692437 6
    endloop
  endfacet
  facet normal 0 0 1
    outer loop
      vertex 13.313935783245263 -6.68122878910312 6
      vertex 13.366639429534695 -6.391578576660155 6
      vertex 13.352234841667899 -5.511313579816234 6
    endloop
  endfacet
  facet normal 0 0 1
    outer loop
      vertex 12.443081751481877 -8.189592218093507 6
      vertex 12.58189706350677 -3.9492230939313857 6
      vertex 12.37034229071347 -3.7444805775630674 6
    endloop
  endfacet
  facet normal 0 0 1
    outer loop
      vertex 12.830844899188108 -7.747433090603407 6
      vertex 12.939911389993002 -4.415796448048896 6
      vertex 12.772364866286967 -4.173715712973838 6
    endloop
  endfacet
  facet normal 0 0 1
    outer loop
      vertex 12.647824267850195 -7.978037445300206 6
      vertex 12.772364866286967 -4.173715712973838 6
      vertex 12.58189706350677 -3.9492230939313857 6
    endloop
  endfacet
  facet normal 0 0 1
    outer loop
      vertex 13.366639429534695 -6.391578576660155 6
      vertex 13.39069860784236 -6.098157248465329 6
      vertex 13.385881615129072 -5.80379061230957 6
    endloop
  endfacet
  facet normal 0 0 1
    outer loop
      vertex 13.23309523389858 -6.964318395909485 6
      vertex 13.290082324280467 -5.223542864692437 6
      vertex 13.20002262568524 -4.943249856236299 6
    endloop
  endfacet
  facet normal 0 0 1
    outer loop
      vertex 13.313935783245263 -6.68122878910312 6
      vertex 13.352234841667899 -5.511313579816234 6
      vertex 13.290082324280467 -5.223542864692437 6
    endloop
  endfacet
  facet normal 0 0 1
    outer loop
      vertex 13.366639429534695 -6.391578576660155 6
      vertex 13.385881615129072 -5.80379061230957 6
      vertex 13.352234841667899 -5.511313579816234 6
    endloop
  endfacet
  facet normal 0 0 1
    outer loop
      vertex 12.990381056766578 -7.5 6
      vertex 13.082923070011327 -4.673133929342997 6
      vertex 12.939911389993002 -4.415796448048896 6
    endloop
  endfacet
  facet normal 0 0 1
    outer loop
      vertex 13.124896320176791 -7.238121089413184 6
      vertex 13.20002262568524 -4.943249856236299 6
      vertex 13.082923070011327 -4.673133929342997 6
    endloop
  endfacet
  facet normal -0.718581617779699 0.6954426350096106 0
    outer loop
      vertex 12.443081751481877 -8.189592218093507 6
      vertex 12.443081751481877 -8.189592218093507 10
      vertex 12.647824267850195 -7.978037445300206 6
    endloop
  endfacet
  facet normal -0.7832867492286509 0.6216605733700766 0
    outer loop
      vertex 12.647824267850195 -7.978037445300206 6
      vertex 12.647824267850195 -7.978037445300206 10
      vertex 12.830844899188108 -7.747433090603407 6
    endloop
  endfacet
  facet normal -0.840448401094438 0.5418915805747517 0
    outer loop
      vertex 12.830844899188108 -7.747433090603407 6
      vertex 12.830844899188108 -7.747433090603407 10
      vertex 12.990381056766578 -7.5 6
    endloop
  endfacet
  facet normal -0.8895160754218541 0.4569038756304248 0
    outer loop
      vertex 12.990381056766578 -7.5 6
      vertex 12.990381056766578 -7.5 10
      vertex 13.124896320176791 -7.238121089413184 6
    endloop
  endfacet
  facet normal -0.9300172236840138 0.3675159365946993 0
    outer loop
      vertex 13.124896320176791 -7.238121089413184 6
      vertex 13.124896320176791 -7.238121089413184 10
      vertex 13.23309523389858 -6.964318395909485 6
    endloop
  endfacet
  facet normal -0.961561797682962 0.27458861818493197 0
    outer loop
      vertex 13.23309523389858 -6.964318395909485 6
      vertex 13.23309523389858 -6.964318395909485 10
      vertex 13.313935783245263 -6.68122878910312 6
    endloop
  endfacet
  facet normal -0.9838460059270765 0.17901686127663824 0
    outer loop
      vertex 13.313935783245263 -6.68122878910312 6
      vertex 13.313935783245263 -6.68122878910312 10
      vertex 13.366639429534695 -6.391578576660155 6
    endloop
  endfacet
  facet normal -0.9966552393091805 0.08172107413366554 0
    outer loop
      vertex 13.366639429534695 -6.391578576660155 6
      vertex 13.366639429534695 -6.391578576660155 10
      vertex 13.39069860784236 -6.098157248465329 6
    endloop
  endfacet
  facet normal -0.9998661379095617 -0.016361731626490444 0
    outer loop
      vertex 13.39069860784236 -6.098157248465329 6
      vertex 13.39069860784236 -6.098157248465329 10
      vertex 13.385881615129072 -5.80379061230957 6
    endloop
  endfacet
  facet normal -0.9934477790194444 -0.11428696496684611 0
    outer loop
      vertex 13.385881615129072 -5.80379061230957 6
      vertex 13.385881615129072 -5.80379061230957 10
      vertex 13.352234841667899 -5.511313579816234 6
    endloop
  endfacet
  facet normal -0.9774619749435721 -0.21111155235896348 0
    outer loop
      vertex 13.352234841667899 -5.511313579816234 6
      vertex 13.352234841667899 -5.511313579816234 10
      vertex 13.290082324280467 -5.223542864692437 6
    endloop
  endfacet
  facet normal -0.8222682189897698 -0.5691001458789059 0
    outer loop
      vertex 12.939911389993002 -4.415796448048896 6
      vertex 12.939911389993002 -4.415796448048896 10
      vertex 12.772364866286967 -4.173715712973838 6
    endloop
  endfacet
  facet normal -0.9520626777139238 -0.30590302009655496 0
    outer loop
      vertex 13.290082324280467 -5.223542864692437 6
      vertex 13.290082324280467 -5.223542864692437 10
      vertex 13.20002262568524 -4.943249856236299 6
    endloop
  endfacet
  facet normal -0.9174944964474911 -0.39774847452701145 0
    outer loop
      vertex 13.20002262568524 -4.943249856236299 6
      vertex 13.20002262568524 -4.943249856236299 10
      vertex 13.082923070011327 -4.673133929342997 6
    endloop
  endfacet
  facet normal -0.8740903416267634 -0.48576339371633176 0
    outer loop
      vertex 12.939911389993002 -4.415796448048896 6
      vertex 13.082923070011327 -4.673133929342997 6
      vertex 13.082923070011327 -4.673133929342997 10
    endloop
  endfacet
  facet normal -0.6954426350096137 -0.7185816177796962 0
    outer loop
      vertex 12.58189706350677 -3.9492230939313857 6
      vertex 12.58189706350677 -3.9492230939313857 10
      vertex 12.37034229071347 -3.7444805775630674 6
    endloop
  endfacet
  facet normal -0.7625272039063895 -0.6469561525348557 0
    outer loop
      vertex 12.58189706350677 -3.9492230939313857 6
      vertex 12.772364866286967 -4.173715712973838 6
      vertex 12.772364866286967 -4.173715712973838 10
    endloop
  endfacet
  facet normal 0.6954426350096076 0.7185816177797019 0
    outer loop
      vertex 8.414267400113058 -8.255519422436933 6
      vertex 8.202712627319755 -8.050776906068615 10
      vertex 8.414267400113058 -8.255519422436933 10
    endloop
  endfacet
  facet normal 0.6469561525348558 -0.7625272039063895 0
    outer loop
      vertex 8.34152793934465 -3.810407781906493 6
      vertex 8.566020558387102 -3.6199399791262947 10
      vertex 8.34152793934465 -3.810407781906493 10
    endloop
  endfacet
  facet normal 0.5691001458788977 -0.8222682189897753 0
    outer loop
      vertex 8.566020558387102 -3.6199399791262947 6
      vertex 8.80810129346216 -3.4523934554202635 10
      vertex 8.566020558387102 -3.6199399791262947 10
    endloop
  endfacet
  facet normal 0.4857633937163376 -0.8740903416267601 0
    outer loop
      vertex 8.80810129346216 -3.4523934554202635 6
      vertex 9.065438774756261 -3.3093817754019357 10
      vertex 8.80810129346216 -3.4523934554202635 10
    endloop
  endfacet
  facet normal 0.397748474527014 -0.9174944964474901 0
    outer loop
      vertex 9.065438774756261 -3.3093817754019357 6
      vertex 9.335554701649563 -3.192282219728023 10
      vertex 9.065438774756261 -3.3093817754019357 10
    endloop
  endfacet
  facet normal 0.30590302009655357 -0.9520626777139242 0
    outer loop
      vertex 9.335554701649563 -3.192282219728023 6
      vertex 9.615847710105701 -3.1022225211327954 10
      vertex 9.335554701649563 -3.192282219728023 10
    endloop
  endfacet
  facet normal 0.21111155235896492 -0.977461974943572 0
    outer loop
      vertex 9.615847710105701 -3.1022225211327954 6
      vertex 9.903618425229498 -3.040070003745363 10
      vertex 9.615847710105701 -3.1022225211327954 10
    endloop
  endfacet
  facet normal 0.11428696496684797 -0.9934477790194444 0
    outer loop
      vertex 9.903618425229498 -3.040070003745363 6
      vertex 10.196095457722834 -3.0064232302841893 10
      vertex 9.903618425229498 -3.040070003745363 10
    endloop
  endfacet
  facet normal 0.016361731626487477 -0.9998661379095618 0
    outer loop
      vertex 10.196095457722834 -3.0064232302841893 6
      vertex 10.490462093878591 -3.0016062375709027 10
      vertex 10.196095457722834 -3.0064232302841893 10
    endloop
  endfacet
  facet normal -0.2745886181849336 -0.9615617976829616 0
    outer loop
      vertex 11.073533634516384 -3.0783690621679995 6
      vertex 11.356623241322747 -3.1592096115146835 10
      vertex 11.073533634516384 -3.0783690621679995 10
    endloop
  endfacet
  facet normal -0.08172107413367104 -0.99665523930918 0
    outer loop
      vertex 10.490462093878591 -3.0016062375709027 6
      vertex 10.78388342207342 -3.0256654158785694 10
      vertex 10.490462093878591 -3.0016062375709027 10
    endloop
  endfacet
  facet normal -0.17901686127663238 -0.9838460059270774 0
    outer loop
      vertex 10.78388342207342 -3.0256654158785694 6
      vertex 11.073533634516384 -3.0783690621679995 10
      vertex 10.78388342207342 -3.0256654158785694 10
    endloop
  endfacet
  facet normal -0.3675159365947011 -0.9300172236840131 0
    outer loop
      vertex 11.356623241322747 -3.1592096115146835 6
      vertex 11.630425934826448 -3.2674085252364726 10
      vertex 11.356623241322747 -3.1592096115146835 10
    endloop
  endfacet
  facet normal -0.45690387563041995 -0.8895160754218564 0
    outer loop
      vertex 11.630425934826448 -3.2674085252364726 6
      vertex 11.892304845413264 -3.401923788646684 10
      vertex 11.630425934826448 -3.2674085252364726 10
    endloop
  endfacet
  facet normal -0.6216605733700746 -0.7832867492286526 0
    outer loop
      vertex 12.139737936016669 -3.5614599462251544 6
      vertex 12.37034229071347 -3.7444805775630674 10
      vertex 12.139737936016669 -3.5614599462251544 10
    endloop
  endfacet
  facet normal -0.5418915805747545 -0.8404484010944362 0
    outer loop
      vertex 11.892304845413264 -3.401923788646684 6
      vertex 12.139737936016669 -3.5614599462251544 10
      vertex 11.892304845413264 -3.401923788646684 10
    endloop
  endfacet
  facet normal -0.718581617779699 0.6954426350096106 0
    outer loop
      vertex 12.647824267850195 -7.978037445300206 6
      vertex 12.443081751481877 -8.189592218093507 10
      vertex 12.647824267850195 -7.978037445300206 10
    endloop
  endfacet
  facet normal -0.7832867492286509 0.6216605733700766 0
    outer loop
      vertex 12.830844899188108 -7.747433090603407 6
      vertex 12.647824267850195 -7.978037445300206 10
      vertex 12.830844899188108 -7.747433090603407 10
    endloop
  endfacet
  facet normal -0.840448401094438 0.5418915805747517 0
    outer loop
      vertex 12.990381056766578 -7.5 6
      vertex 12.830844899188108 -7.747433090603407 10
      vertex 12.990381056766578 -7.5 10
    endloop
  endfacet
  facet normal -0.8895160754218541 0.4569038756304248 0
    outer loop
      vertex 13.124896320176791 -7.238121089413184 6
      vertex 12.990381056766578 -7.5 10
      vertex 13.124896320176791 -7.238121089413184 10
    endloop
  endfacet
  facet normal -0.9300172236840138 0.3675159365946993 0
    outer loop
      vertex 13.23309523389858 -6.964318395909485 6
      vertex 13.124896320176791 -7.238121089413184 10
      vertex 13.23309523389858 -6.964318395909485 10
    endloop
  endfacet
  facet normal -0.961561797682962 0.27458861818493197 0
    outer loop
      vertex 13.313935783245263 -6.68122878910312 6
      vertex 13.23309523389858 -6.964318395909485 10
      vertex 13.313935783245263 -6.68122878910312 10
    endloop
  endfacet
  facet normal -0.9838460059270765 0.17901686127663824 0
    outer loop
      vertex 13.366639429534695 -6.391578576660155 6
      vertex 13.313935783245263 -6.68122878910312 10
      vertex 13.366639429534695 -6.391578576660155 10
    endloop
  endfacet
  facet normal -0.9966552393091805 0.08172107413366554 0
    outer loop
      vertex 13.39069860784236 -6.098157248465329 6
      vertex 13.366639429534695 -6.391578576660155 10
      vertex 13.39069860784236 -6.098157248465329 10
    endloop
  endfacet
  facet normal -0.9998661379095617 -0.016361731626490444 0
    outer loop
      vertex 13.385881615129072 -5.80379061230957 6
      vertex 13.39069860784236 -6.098157248465329 10
      vertex 13.385881615129072 -5.80379061230957 10
    endloop
  endfacet
  facet normal -0.9934477790194444 -0.11428696496684611 0
    outer loop
      vertex 13.352234841667899 -5.511313579816234 6
      vertex 13.385881615129072 -5.80379061230957 10
      vertex 13.352234841667899 -5.511313579816234 10
    endloop
  endfacet
  facet normal -0.9774619749435721 -0.21111155235896348 0
    outer loop
      vertex 13.290082324280467 -5.223542864692437 6
      vertex 13.352234841667899 -5.511313579816234 10
      vertex 13.290082324280467 -5.223542864692437 10
    endloop
  endfacet
  facet normal -0.8222682189897698 -0.5691001458789059 0
    outer loop
      vertex 12.772364866286967 -4.173715712973838 6
      vertex 12.939911389993002 -4.415796448048896 10
      vertex 12.772364866286967 -4.173715712973838 10
    endloop
  endfacet
  facet normal -0.9174944964474911 -0.39774847452701145 0
    outer loop
      vertex 13.082923070011327 -4.673133929342997 6
      vertex 13.20002262568524 -4.943249856236299 10
      vertex 13.082923070011327 -4.673133929342997 10
    endloop
  endfacet
  facet normal -0.9520626777139238 -0.30590302009655496 0
    outer loop
      vertex 13.20002262568524 -4.943249856236299 6
      vertex 13.290082324280467 -5.223542864692437 10
      vertex 13.20002262568524 -4.943249856236299 10
    endloop
  endfacet
  facet normal -0.8740903416267634 -0.48576339371633176 0
    outer loop
      vertex 12.939911389993002 -4.415796448048896 6
      vertex 13.082923070011327 -4.673133929342997 10
      vertex 12.939911389993002 -4.415796448048896 10
    endloop
  endfacet
  facet normal -0.6954426350096137 -0.7185816177796962 0
    outer loop
      vertex 12.37034229071347 -3.7444805775630674 6
      vertex 12.58189706350677 -3.9492230939313857 10
      vertex 12.37034229071347 -3.7444805775630674 10
    endloop
  endfacet
  facet normal -0.7625272039063895 -0.6469561525348557 0
    outer loop
      vertex 12.58189706350677 -3.9492230939313857 6
      vertex 12.772364866286967 -4.173715712973838 10
      vertex 12.58189706350677 -3.9492230939313857 10
    endloop
  endfacet
  facet normal 0 0 1
    outer loop
      vertex -2.8708210071966267 11.129145968236614 6
      vertex -2.8708210071966267 12.870854031763386 6
      vertex -2.9423558412096913 11.414729033951616 6
    endloop
  endfacet
  facet normal 0 0 1
    outer loop
      vertex -2.77163859753386 10.851949702904731 6
      vertex -2.77163859753386 13.148050297095269 6
      vertex -2.8708210071966267 11.129145968236614 6
    endloop
  endfacet
  facet normal 0 0 1
    outer loop
      vertex -2.6457637930450653 10.585809789522006 6
      vertex -2.6457637930450653 13.414190210477994 6
      vertex -2.77163859753386 10.851949702904731 6
    endloop
  endfacet
  facet normal 0 0 1
    outer loop
      vertex -2.9855541800165906 11.705948579011318 6
      vertex -2.9855541800165906 12.294051420988682 6
      vertex -3 12 6
    endloop
  endfacet
  facet normal 0 0 1
    outer loop
      vertex -2.9855541800165906 11.705948579011318 6
      vertex -2.9423558412096913 11.414729033951616 6
      vertex -2.9423558412096913 12.585270966048384 6
    endloop
  endfacet
  facet normal 0 0 1
    outer loop
      vertex -2.9855541800165906 11.705948579011318 6
      vertex -2.9423558412096913 12.585270966048384 6
      vertex -2.9855541800165906 12.294051420988682 6
    endloop
  endfacet
  facet normal 0 0 1
    outer loop
      vertex -2.9423558412096913 11.414729033951616 6
      vertex -2.8708210071966267 12.870854031763386 6
      vertex -2.9423558412096913 12.585270966048384 6
    endloop
  endfacet
  facet normal 0 0 1
    outer loop
      vertex -2.6457637930450653 10.585809789522006 6
      vertex -2.4944088369076356 10.333289300941193 6
      vertex -2.4944088369076356 13.666710699058807 6
    endloop
  endfacet
  facet normal 0 0 1
    outer loop
      vertex -2.319031360088211 10.096820147509064 6
      vertex -2.319031360088211 13.903179852490936 6
      vertex -2.4944088369076356 10.333289300941193 6
    endloop
  endfacet
  facet normal 0 0 1
    outer loop
      vertex -2.319031360088211 10.096820147509064 6
      vertex -2.121320343559643 9.878679656440358 6
      vertex -2.121320343559643 14.121320343559642 6
    endloop
  endfacet
  facet normal 0 0 1
    outer loop
      vertex -1.9031798524909365 9.68096863991179 6
      vertex -1.6667106990588065 9.505591163092365 6
      vertex -1.626798570744755 11.506516048667415 6
    endloop
  endfacet
  facet normal 0 0 1
    outer loop
      vertex -1.1480502970952693 9.22836140246614 6
      vertex -1.0784685830781973 10.685882229283347 6
      vertex -1.4141902104779929 9.354236206954935 6
    endloop
  endfacet
  facet normal 0 0 1
    outer loop
      vertex -1.6667106990588065 9.505591163092365 6
      vertex -1.4141902104779929 9.354236206954935 6
      vertex -1.413498340914327 11.055530603866677 6
    endloop
  endfacet
  facet normal 0 0 1
    outer loop
      vertex -1.4141902104779929 9.354236206954935 6
      vertex -1.0784685830781973 10.685882229283347 6
      vertex -1.2020815280171309 10.79791847198287 6
    endloop
  endfacet
  facet normal 0 0 1
    outer loop
      vertex -1.1480502970952693 9.22836140246614 6
      vertex -0.9444693961333237 10.586501659085673 6
      vertex -1.0784685830781973 10.685882229283347 6
    endloop
  endfacet
  facet normal 0 0 1
    outer loop
      vertex -1.1480502970952693 9.22836140246614 6
      vertex -0.870854031763387 9.129178992803373 6
      vertex -0.8013744526041959 10.500733850607796 6
    endloop
  endfacet
  facet normal 0 0 1
    outer loop
      vertex -0.870854031763387 9.129178992803373 6
      vertex -0.5852709660483848 9.057644158790309 6
      vertex -0.49348395133258594 10.373201429255245 6
    endloop
  endfacet
  facet normal 0 0 1
    outer loop
      vertex -0.870854031763387 9.129178992803373 6
      vertex -0.6505618350206526 10.429404794730813 6
      vertex -0.8013744526041959 10.500733850607796 6
    endloop
  endfacet
  facet normal 0 0 1
    outer loop
      vertex -1.1480502970952693 9.22836140246614 6
      vertex -0.8013744526041959 10.500733850607796 6
      vertex -0.9444693961333237 10.586501659085673 6
    endloop
  endfacet
  facet normal 0 0 1
    outer loop
      vertex -0.870854031763387 9.129178992803373 6
      vertex -0.49348395133258594 10.373201429255245 6
      vertex -0.6505618350206526 10.429404794730813 6
    endloop
  endfacet
  facet normal 0 0 1
    outer loop
      vertex -0.5852709660483848 9.057644158790309 6
      vertex -0.2940514209886818 9.01444581998341 6
      vertex -0.16662913856025302 10.308185964657266 6
    endloop
  endfacet
  facet normal 0 0 1
    outer loop
      vertex -0.2940514209886818 9.01444581998341 6
      vertex 0 9 6
      vertex -0.16662913856025302 10.308185964657266 6
    endloop
  endfacet
  facet normal 0 0 1
    outer loop
      vertex -0.5852709660483848 9.057644158790309 6
      vertex -0.33165354742741804 10.332665023314508 6
      vertex -0.49348395133258594 10.373201429255245 6
    endloop
  endfacet
  facet normal 0 0 1
    outer loop
      vertex -0.5852709660483848 9.057644158790309 6
      vertex -0.16662913856025302 10.308185964657266 6
      vertex -0.33165354742741804 10.332665023314508 6
    endloop
  endfacet
  facet normal 0 0 1
    outer loop
      vertex -0.16662913856025302 10.308185964657266 6
      vertex 0 9 6
      vertex 0 10.3 6
    endloop
  endfacet
  facet normal 0 0 1
    outer loop
      vertex -1.6667106990588065 9.505591163092365 6
      vertex -1.4992661493922035 11.198625547395803 6
      vertex -1.5705952052691874 11.349438164979347 6
    endloop
  endfacet
  facet normal 0 0 1
    outer loop
      vertex -1.6667106990588065 9.505591163092365 6
      vertex -1.5705952052691874 11.349438164979347 6
      vertex -1.626798570744755 11.506516048667415 6
    endloop
  endfacet
  facet normal 0 0 1
    outer loop
      vertex -1.9031798524909365 9.68096863991179 6
      vertex -1.9031798524909365 14.31903136008821 6
      vertex -2.121320343559643 9.878679656440358 6
    endloop
  endfacet
  facet normal 0 0 1
    outer loop
      vertex -1.9031798524909365 9.68096863991179 6
      vertex -1.626798570744755 11.506516048667415 6
      vertex -1.6673349766854917 11.668346452572582 6
    endloop
  endfacet
  facet normal 0 0 1
    outer loop
      vertex -1.9031798524909365 9.68096863991179 6
      vertex -1.6673349766854917 11.668346452572582 6
      vertex -1.6918140353427347 11.833370861439747 6
    endloop
  endfacet
  facet normal 0 0 1
    outer loop
      vertex -1.9031798524909365 9.68096863991179 6
      vertex -1.6918140353427347 11.833370861439747 6
      vertex -1.7 12 6
    endloop
  endfacet
  facet normal 0 0 1
    outer loop
      vertex -1.4141902104779929 9.354236206954935 6
      vertex -1.2020815280171309 10.79791847198287 6
      vertex -1.314117770716653 10.921531416921802 6
    endloop
  endfacet
  facet normal 0 0 1
    outer loop
      vertex -1.4141902104779929 9.354236206954935 6
      vertex -1.314117770716653 10.921531416921802 6
      vertex -1.413498340914327 11.055530603866677 6
    endloop
  endfacet
  facet normal 0 0 1
    outer loop
      vertex -1.6667106990588065 9.505591163092365 6
      vertex -1.413498340914327 11.055530603866677 6
      vertex -1.4992661493922035 11.198625547395803 6
    endloop
  endfacet
  facet normal 0 0 1
    outer loop
      vertex -1.9031798524909365 9.68096863991179 6
      vertex -1.7 12 6
      vertex -1.6667106990588065 14.494408836907635 6
    endloop
  endfacet
  facet normal 0.8032075314806443 0.5956993044924342 0
    outer loop
      vertex -2.319031360088211 10.096820147509064 6
      vertex -2.4944088369076356 10.333289300941193 6
      vertex -2.4944088369076356 10.333289300941193 10
    endloop
  endfacet
  facet normal 0.7409511253549587 0.671558954847019 0
    outer loop
      vertex -2.319031360088211 10.096820147509064 6
      vertex -2.319031360088211 10.096820147509064 10
      vertex -2.121320343559643 9.878679656440358 6
    endloop
  endfacet
  facet normal 0.8577286100002717 0.5141027441932225 0
    outer loop
      vertex -2.6457637930450653 10.585809789522006 6
      vertex -2.6457637930450653 10.585809789522006 10
      vertex -2.4944088369076356 10.333289300941193 6
    endloop
  endfacet
  facet normal 0.9039892931234448 0.4275550934302792 0
    outer loop
      vertex -2.6457637930450653 10.585809789522006 6
      vertex -2.77163859753386 10.851949702904731 6
      vertex -2.77163859753386 10.851949702904731 10
    endloop
  endfacet
  facet normal 0.9415440651830206 0.33688985339222066 0
    outer loop
      vertex -2.77163859753386 10.851949702904731 6
      vertex -2.8708210071966267 11.129145968236614 6
      vertex -2.8708210071966267 11.129145968236614 10
    endloop
  endfacet
  facet normal 0.9700312531945442 0.24298017990326345 0
    outer loop
      vertex -2.8708210071966267 11.129145968236614 6
      vertex -2.9423558412096913 11.414729033951616 6
      vertex -2.9423558412096913 11.414729033951616 10
    endloop
  endfacet
  facet normal 0.9891765099647809 0.14673047445536203 0
    outer loop
      vertex -2.9855541800165906 11.705948579011318 6
      vertex -2.9855541800165906 11.705948579011318 10
      vertex -2.9423558412096913 11.414729033951616 6
    endloop
  endfacet
  facet normal 0.9987954562051724 0.04906767432741834 0
    outer loop
      vertex -2.9855541800165906 11.705948579011318 6
      vertex -3 12 6
      vertex -3 12 10
    endloop
  endfacet
  facet normal 0.9987954562051724 -0.04906767432741834 0
    outer loop
      vertex -3 12 6
      vertex -2.9855541800165906 12.294051420988682 6
      vertex -2.9855541800165906 12.294051420988682 10
    endloop
  endfacet
  facet normal 0.3368898533922211 0.9415440651830204 0
    outer loop
      vertex -1.1480502970952693 9.22836140246614 6
      vertex -1.1480502970952693 9.22836140246614 10
      vertex -0.870854031763387 9.129178992803373 6
    endloop
  endfacet
  facet normal 0.5956993044924314 0.8032075314806462 0
    outer loop
      vertex -1.9031798524909365 9.68096863991179 6
      vertex -1.9031798524909365 9.68096863991179 10
      vertex -1.6667106990588065 9.505591163092365 6
    endloop
  endfacet
  facet normal 0.5141027441932237 0.857728610000271 0
    outer loop
      vertex -1.6667106990588065 9.505591163092365 6
      vertex -1.6667106990588065 9.505591163092365 10
      vertex -1.4141902104779929 9.354236206954935 6
    endloop
  endfacet
  facet normal 0.6715589548470186 0.7409511253549588 0
    outer loop
      vertex -1.9031798524909365 9.68096863991179 6
      vertex -2.121320343559643 9.878679656440358 6
      vertex -2.121320343559643 9.878679656440358 10
    endloop
  endfacet
  facet normal 0.42755509343028214 0.9039892931234433 0
    outer loop
      vertex -1.1480502970952693 9.22836140246614 6
      vertex -1.4141902104779929 9.354236206954935 6
      vertex -1.4141902104779929 9.354236206954935 10
    endloop
  endfacet
  facet normal 0.24298017990326345 0.9700312531945442 0
    outer loop
      vertex -0.870854031763387 9.129178992803373 6
      vertex -0.870854031763387 9.129178992803373 10
      vertex -0.5852709660483848 9.057644158790309 6
    endloop
  endfacet
  facet normal 0.1467304744553616 0.9891765099647809 0
    outer loop
      vertex -0.5852709660483848 9.057644158790309 6
      vertex -0.5852709660483848 9.057644158790309 10
      vertex -0.2940514209886818 9.01444581998341 6
    endloop
  endfacet
  facet normal 0.049067674327418334 0.9987954562051724 0
    outer loop
      vertex -0.2940514209886818 9.01444581998341 6
      vertex -0.2940514209886818 9.01444581998341 10
      vertex 0 9 6
    endloop
  endfacet
  facet normal 0 0 1
    outer loop
      vertex -2.8708210071966267 11.129145968236614 6
      vertex -2.77163859753386 13.148050297095269 6
      vertex -2.8708210071966267 12.870854031763386 6
    endloop
  endfacet
  facet normal 0 0 1
    outer loop
      vertex -2.77163859753386 10.851949702904731 6
      vertex -2.6457637930450653 13.414190210477994 6
      vertex -2.77163859753386 13.148050297095269 6
    endloop
  endfacet
  facet normal 0 0 1
    outer loop
      vertex -2.6457637930450653 10.585809789522006 6
      vertex -2.4944088369076356 13.666710699058807 6
      vertex -2.6457637930450653 13.414190210477994 6
    endloop
  endfacet
  facet normal 0 0 1
    outer loop
      vertex -2.4944088369076356 10.333289300941193 6
      vertex -2.319031360088211 13.903179852490936 6
      vertex -2.4944088369076356 13.666710699058807 6
    endloop
  endfacet
  facet normal 0 0 1
    outer loop
      vertex -2.319031360088211 10.096820147509064 6
      vertex -2.121320343559643 14.121320343559642 6
      vertex -2.319031360088211 13.903179852490936 6
    endloop
  endfacet
  facet normal 0 0 1
    outer loop
      vertex -2.121320343559643 9.878679656440358 6
      vertex -1.9031798524909365 14.31903136008821 6
      vertex -2.121320343559643 14.121320343559642 6
    endloop
  endfacet
  facet normal 0 0 1
    outer loop
      vertex -1.9031798524909365 9.68096863991179 6
      vertex -1.6667106990588065 14.494408836907635 6
      vertex -1.9031798524909365 14.31903136008821 6
    endloop
  endfacet
  facet normal 0 0 1
    outer loop
      vertex -1.7 12 6
      vertex -1.6918140353427347 12.166629138560253 6
      vertex -1.6667106990588065 14.494408836907635 6
    endloop
  endfacet
  facet normal 0 0 1
    outer loop
      vertex -1.6918140353427347 12.166629138560253 6
      vertex -1.6673349766854917 12.331653547427418 6
      vertex -1.6667106990588065 14.494408836907635 6
    endloop
  endfacet
  facet normal 0 0 1
    outer loop
      vertex -1.6673349766854917 12.331653547427418 6
      vertex -1.626798570744755 12.493483951332585 6
      vertex -1.6667106990588065 14.494408836907635 6
    endloop
  endfacet
  facet normal 0 0 1
    outer loop
      vertex -1.626798570744755 12.493483951332585 6
      vertex -1.5705952052691874 12.650561835020653 6
      vertex -1.6667106990588065 14.494408836907635 6
    endloop
  endfacet
  facet normal 0 0 1
    outer loop
      vertex -1.5705952052691874 12.650561835020653 6
      vertex -1.4992661493922035 12.801374452604197 6
      vertex -1.4141902104779929 14.645763793045065 6
    endloop
  endfacet
  facet normal 0 0 1
    outer loop
      vertex -1.5705952052691874 12.650561835020653 6
      vertex -1.4141902104779929 14.645763793045065 6
      vertex -1.6667106990588065 14.494408836907635 6
    endloop
  endfacet
  facet normal 0 0 1
    outer loop
      vertex -1.4992661493922035 12.801374452604197 6
      vertex -1.413498340914327 12.944469396133323 6
      vertex -1.4141902104779929 14.645763793045065 6
    endloop
  endfacet
  facet normal 0 0 1
    outer loop
      vertex -1.413498340914327 12.944469396133323 6
      vertex -1.314117770716653 13.078468583078198 6
      vertex -1.4141902104779929 14.645763793045065 6
    endloop
  endfacet
  facet normal 0 0 1
    outer loop
      vertex -1.314117770716653 13.078468583078198 6
      vertex -1.2020815280171309 13.20208152801713 6
      vertex -1.1480502970952693 14.77163859753386 6
    endloop
  endfacet
  facet normal 0 0 1
    outer loop
      vertex -1.2020815280171309 13.20208152801713 6
      vertex -1.0784685830781973 13.314117770716653 6
      vertex -1.1480502970952693 14.77163859753386 6
    endloop
  endfacet
  facet normal 0 0 1
    outer loop
      vertex -1.0784685830781973 13.314117770716653 6
      vertex -0.9444693961333237 13.413498340914327 6
      vertex -1.1480502970952693 14.77163859753386 6
    endloop
  endfacet
  facet normal 0 0 1
    outer loop
      vertex -1.314117770716653 13.078468583078198 6
      vertex -1.1480502970952693 14.77163859753386 6
      vertex -1.4141902104779929 14.645763793045065 6
    endloop
  endfacet
  facet normal 0 0 1
    outer loop
      vertex -0.9444693961333237 13.413498340914327 6
      vertex -0.8013744526041959 13.499266149392204 6
      vertex -0.870854031763387 14.870821007196627 6
    endloop
  endfacet
  facet normal 0 0 1
    outer loop
      vertex -0.9444693961333237 13.413498340914327 6
      vertex -0.870854031763387 14.870821007196627 6
      vertex -1.1480502970952693 14.77163859753386 6
    endloop
  endfacet
  facet normal 0 0 1
    outer loop
      vertex -0.8013744526041959 13.499266149392204 6
      vertex -0.6505618350206526 13.570595205269187 6
      vertex -0.5852709660483848 14.942355841209691 6
    endloop
  endfacet
  facet normal 0 0 1
    outer loop
      vertex -0.6505618350206526 13.570595205269187 6
      vertex -0.49348395133258594 13.626798570744755 6
      vertex -0.5852709660483848 14.942355841209691 6
    endloop
  endfacet
  facet normal 0 0 1
    outer loop
      vertex -0.870854031763387 14.870821007196627 6
      vertex -0.8013744526041959 13.499266149392204 6
      vertex -0.5852709660483848 14.942355841209691 6
    endloop
  endfacet
  facet normal 0 0 1
    outer loop
      vertex -0.49348395133258594 13.626798570744755 6
      vertex -0.33165354742741804 13.667334976685492 6
      vertex -0.2940514209886818 14.98555418001659 6
    endloop
  endfacet
  facet normal 0 0 1
    outer loop
      vertex -0.33165354742741804 13.667334976685492 6
      vertex -0.16662913856025302 13.691814035342734 6
      vertex -0.2940514209886818 14.98555418001659 6
    endloop
  endfacet
  facet normal 0 0 1
    outer loop
      vertex -0.16662913856025302 13.691814035342734 6
      vertex 0 13.7 6
      vertex 0 15 6
    endloop
  endfacet
  facet normal 0 0 1
    outer loop
      vertex -0.49348395133258594 13.626798570744755 6
      vertex -0.2940514209886818 14.98555418001659 6
      vertex -0.5852709660483848 14.942355841209691 6
    endloop
  endfacet
  facet normal 0 0 1
    outer loop
      vertex -0.16662913856025302 13.691814035342734 6
      vertex 0 15 6
      vertex -0.2940514209886818 14.98555418001659 6
    endloop
  endfacet
  facet normal 0.9891765099647809 -0.14673047445536203 0
    outer loop
      vertex -2.9855541800165906 12.294051420988682 6
      vertex -2.9423558412096913 12.585270966048384 6
      vertex -2.9423558412096913 12.585270966048384 10
    endloop
  endfacet
  facet normal 0.9700312531945442 -0.24298017990326345 0
    outer loop
      vertex -2.9423558412096913 12.585270966048384 6
      vertex -2.8708210071966267 12.870854031763386 6
      vertex -2.8708210071966267 12.870854031763386 10
    endloop
  endfacet
  facet normal 0.9415440651830206 -0.33688985339222066 0
    outer loop
      vertex -2.8708210071966267 12.870854031763386 6
      vertex -2.77163859753386 13.148050297095269 6
      vertex -2.77163859753386 13.148050297095269 10
    endloop
  endfacet
  facet normal 0.9039892931234448 -0.4275550934302792 0
    outer loop
      vertex -2.77163859753386 13.148050297095269 6
      vertex -2.6457637930450653 13.414190210477994 6
      vertex -2.6457637930450653 13.414190210477994 10
    endloop
  endfacet
  facet normal 0.8577286100002717 -0.5141027441932225 0
    outer loop
      vertex -2.6457637930450653 13.414190210477994 6
      vertex -2.4944088369076356 13.666710699058807 6
      vertex -2.4944088369076356 13.666710699058807 10
    endloop
  endfacet
  facet normal 0.8032075314806443 -0.5956993044924342 0
    outer loop
      vertex -2.4944088369076356 13.666710699058807 6
      vertex -2.319031360088211 13.903179852490936 6
      vertex -2.319031360088211 13.903179852490936 10
    endloop
  endfacet
  facet normal 0.7409511253549587 -0.671558954847019 0
    outer loop
      vertex -2.319031360088211 13.903179852490936 6
      vertex -2.121320343559643 14.121320343559642 6
      vertex -2.121320343559643 14.121320343559642 10
    endloop
  endfacet
  facet normal 0.6715589548470186 -0.7409511253549588 0
    outer loop
      vertex -2.121320343559643 14.121320343559642 6
      vertex -1.9031798524909365 14.31903136008821 6
      vertex -1.9031798524909365 14.31903136008821 10
    endloop
  endfacet
  facet normal 0.5956993044924314 -0.8032075314806462 0
    outer loop
      vertex -1.9031798524909365 14.31903136008821 6
      vertex -1.6667106990588065 14.494408836907635 6
      vertex -1.6667106990588065 14.494408836907635 10
    endloop
  endfacet
  facet normal 0.5141027441932237 -0.857728610000271 0
    outer loop
      vertex -1.6667106990588065 14.494408836907635 6
      vertex -1.4141902104779929 14.645763793045065 6
      vertex -1.4141902104779929 14.645763793045065 10
    endloop
  endfacet
  facet normal 0.42755509343028214 -0.9039892931234433 0
    outer loop
      vertex -1.4141902104779929 14.645763793045065 6
      vertex -1.1480502970952693 14.77163859753386 6
      vertex -1.1480502970952693 14.77163859753386 10
    endloop
  endfacet
  facet normal 0.3368898533922211 -0.9415440651830204 0
    outer loop
      vertex -1.1480502970952693 14.77163859753386 6
      vertex -0.870854031763387 14.870821007196627 6
      vertex -0.870854031763387 14.870821007196627 10
    endloop
  endfacet
  facet normal 0.24298017990326345 -0.9700312531945442 0
    outer loop
      vertex -0.870854031763387 14.870821007196627 6
      vertex -0.5852709660483848 14.942355841209691 6
      vertex -0.5852709660483848 14.942355841209691 10
    endloop
  endfacet
  facet normal 0.1467304744553616 -0.9891765099647809 0
    outer loop
      vertex -0.5852709660483848 14.942355841209691 6
      vertex -0.2940514209886818 14.98555418001659 6
      vertex -0.2940514209886818 14.98555418001659 10
    endloop
  endfacet
  facet normal 0.049067674327418334 -0.9987954562051724 0
    outer loop
      vertex -0.2940514209886818 14.98555418001659 6
      vertex 0 15 6
      vertex 0 15 10
    endloop
  endfacet
  facet normal 0.8032075314806443 0.5956993044924342 0
    outer loop
      vertex -2.319031360088211 10.096820147509064 6
      vertex -2.4944088369076356 10.333289300941193 10
      vertex -2.319031360088211 10.096820147509064 10
    endloop
  endfacet
  facet normal 0.7409511253549587 0.671558954847019 0
    outer loop
      vertex -2.121320343559643 9.878679656440358 6
      vertex -2.319031360088211 10.096820147509064 10
      vertex -2.121320343559643 9.878679656440358 10
    endloop
  endfacet
  facet normal 0.9039892931234448 0.4275550934302792 0
    outer loop
      vertex -2.6457637930450653 10.585809789522006 6
      vertex -2.77163859753386 10.851949702904731 10
      vertex -2.6457637930450653 10.585809789522006 10
    endloop
  endfacet
  facet normal 0.9700312531945442 0.24298017990326345 0
    outer loop
      vertex -2.8708210071966267 11.129145968236614 6
      vertex -2.9423558412096913 11.414729033951616 10
      vertex -2.8708210071966267 11.129145968236614 10
    endloop
  endfacet
  facet normal 0.9415440651830206 0.33688985339222066 0
    outer loop
      vertex -2.77163859753386 10.851949702904731 6
      vertex -2.8708210071966267 11.129145968236614 10
      vertex -2.77163859753386 10.851949702904731 10
    endloop
  endfacet
  facet normal 0.8577286100002717 0.5141027441932225 0
    outer loop
      vertex -2.4944088369076356 10.333289300941193 6
      vertex -2.6457637930450653 10.585809789522006 10
      vertex -2.4944088369076356 10.333289300941193 10
    endloop
  endfacet
  facet normal 0.9891765099647809 0.14673047445536203 0
    outer loop
      vertex -2.9423558412096913 11.414729033951616 6
      vertex -2.9855541800165906 11.705948579011318 10
      vertex -2.9423558412096913 11.414729033951616 10
    endloop
  endfacet
  facet normal 0.9987954562051724 0.04906767432741834 0
    outer loop
      vertex -2.9855541800165906 11.705948579011318 6
      vertex -3 12 10
      vertex -2.9855541800165906 11.705948579011318 10
    endloop
  endfacet
  facet normal 0.9987954562051724 -0.04906767432741834 0
    outer loop
      vertex -3 12 6
      vertex -2.9855541800165906 12.294051420988682 10
      vertex -3 12 10
    endloop
  endfacet
  facet normal 0.42755509343028214 0.9039892931234433 0
    outer loop
      vertex -1.1480502970952693 9.22836140246614 6
      vertex -1.4141902104779929 9.354236206954935 10
      vertex -1.1480502970952693 9.22836140246614 10
    endloop
  endfacet
  facet normal 0.6715589548470186 0.7409511253549588 0
    outer loop
      vertex -1.9031798524909365 9.68096863991179 6
      vertex -2.121320343559643 9.878679656440358 10
      vertex -1.9031798524909365 9.68096863991179 10
    endloop
  endfacet
  facet normal 0.5956993044924314 0.8032075314806462 0
    outer loop
      vertex -1.6667106990588065 9.505591163092365 6
      vertex -1.9031798524909365 9.68096863991179 10
      vertex -1.6667106990588065 9.505591163092365 10
    endloop
  endfacet
  facet normal 0.5141027441932237 0.857728610000271 0
    outer loop
      vertex -1.4141902104779929 9.354236206954935 6
      vertex -1.6667106990588065 9.505591163092365 10
      vertex -1.4141902104779929 9.354236206954935 10
    endloop
  endfacet
  facet normal 0.3368898533922211 0.9415440651830204 0
    outer loop
      vertex -0.870854031763387 9.129178992803373 6
      vertex -1.1480502970952693 9.22836140246614 10
      vertex -0.870854031763387 9.129178992803373 10
    endloop
  endfacet
  facet normal 0.24298017990326345 0.9700312531945442 0
    outer loop
      vertex -0.5852709660483848 9.057644158790309 6
      vertex -0.870854031763387 9.129178992803373 10
      vertex -0.5852709660483848 9.057644158790309 10
    endloop
  endfacet
  facet normal 0.1467304744553616 0.9891765099647809 0
    outer loop
      vertex -0.2940514209886818 9.01444581998341 6
      vertex -0.5852709660483848 9.057644158790309 10
      vertex -0.2940514209886818 9.01444581998341 10
    endloop
  endfacet
  facet normal 0.049067674327418334 0.9987954562051724 0
    outer loop
      vertex 0 9 6
      vertex -0.2940514209886818 9.01444581998341 10
      vertex 0 9 10
    endloop
  endfacet
  facet normal 0.9891765099647809 -0.14673047445536203 0
    outer loop
      vertex -2.9855541800165906 12.294051420988682 6
      vertex -2.9423558412096913 12.585270966048384 10
      vertex -2.9855541800165906 12.294051420988682 10
    endloop
  endfacet
  facet normal 0.9700312531945442 -0.24298017990326345 0
    outer loop
      vertex -2.9423558412096913 12.585270966048384 6
      vertex -2.8708210071966267 12.870854031763386 10
      vertex -2.9423558412096913 12.585270966048384 10
    endloop
  endfacet
  facet normal 0.9415440651830206 -0.33688985339222066 0
    outer loop
      vertex -2.8708210071966267 12.870854031763386 6
      vertex -2.77163859753386 13.148050297095269 10
      vertex -2.8708210071966267 12.870854031763386 10
    endloop
  endfacet
  facet normal 0.9039892931234448 -0.4275550934302792 0
    outer loop
      vertex -2.77163859753386 13.148050297095269 6
      vertex -2.6457637930450653 13.414190210477994 10
      vertex -2.77163859753386 13.148050297095269 10
    endloop
  endfacet
  facet normal 0.8577286100002717 -0.5141027441932225 0
    outer loop
      vertex -2.6457637930450653 13.414190210477994 6
      vertex -2.4944088369076356 13.666710699058807 10
      vertex -2.6457637930450653 13.414190210477994 10
    endloop
  endfacet
  facet normal 0.8032075314806443 -0.5956993044924342 0
    outer loop
      vertex -2.4944088369076356 13.666710699058807 6
      vertex -2.319031360088211 13.903179852490936 10
      vertex -2.4944088369076356 13.666710699058807 10
    endloop
  endfacet
  facet normal 0.7409511253549587 -0.671558954847019 0
    outer loop
      vertex -2.319031360088211 13.903179852490936 6
      vertex -2.121320343559643 14.121320343559642 10
      vertex -2.319031360088211 13.903179852490936 10
    endloop
  endfacet
  facet normal 0.6715589548470186 -0.7409511253549588 0
    outer loop
      vertex -2.121320343559643 14.121320343559642 6
      vertex -1.9031798524909365 14.31903136008821 10
      vertex -2.121320343559643 14.121320343559642 10
    endloop
  endfacet
  facet normal 0.5956993044924314 -0.8032075314806462 0
    outer loop
      vertex -1.9031798524909365 14.31903136008821 6
      vertex -1.6667106990588065 14.494408836907635 10
      vertex -1.9031798524909365 14.31903136008821 10
    endloop
  endfacet
  facet normal 0.5141027441932237 -0.857728610000271 0
    outer loop
      vertex -1.6667106990588065 14.494408836907635 6
      vertex -1.4141902104779929 14.645763793045065 10
      vertex -1.6667106990588065 14.494408836907635 10
    endloop
  endfacet
  facet normal 0.42755509343028214 -0.9039892931234433 0
    outer loop
      vertex -1.4141902104779929 14.645763793045065 6
      vertex -1.1480502970952693 14.77163859753386 10
      vertex -1.4141902104779929 14.645763793045065 10
    endloop
  endfacet
  facet normal 0.3368898533922211 -0.9415440651830204 0
    outer loop
      vertex -1.1480502970952693 14.77163859753386 6
      vertex -0.870854031763387 14.870821007196627 10
      vertex -1.1480502970952693 14.77163859753386 10
    endloop
  endfacet
  facet normal 0.24298017990326345 -0.9700312531945442 0
    outer loop
      vertex -0.870854031763387 14.870821007196627 6
      vertex -0.5852709660483848 14.942355841209691 10
      vertex -0.870854031763387 14.870821007196627 10
    endloop
  endfacet
  facet normal 0.1467304744553616 -0.9891765099647809 0
    outer loop
      vertex -0.5852709660483848 14.942355841209691 6
      vertex -0.2940514209886818 14.98555418001659 10
      vertex -0.5852709660483848 14.942355841209691 10
    endloop
  endfacet
  facet normal 0.049067674327418334 -0.9987954562051724 0
    outer loop
      vertex -0.2940514209886818 14.98555418001659 6
      vertex 0 15 10
      vertex -0.2940514209886818 14.98555418001659 10
    endloop
  endfacet
  facet normal 0 0 1
    outer loop
      vertex 0 9 6
      vertex 0.2940514209886818 9.01444581998341 6
      vertex 0.16662913856025302 10.308185964657266 6
    endloop
  endfacet
  facet normal 0 0 1
    outer loop
      vertex 0.2940514209886818 9.01444581998341 6
      vertex 0.5852709660483848 9.057644158790309 6
      vertex 0.49348395133258594 10.373201429255245 6
    endloop
  endfacet
  facet normal 0 0 1
    outer loop
      vertex 0 9 6
      vertex 0.16662913856025302 10.308185964657266 6
      vertex 0 10.3 6
    endloop
  endfacet
  facet normal 0 0 1
    outer loop
      vertex 0.2940514209886818 9.01444581998341 6
      vertex 0.33165354742741804 10.332665023314508 6
      vertex 0.16662913856025302 10.308185964657266 6
    endloop
  endfacet
  facet normal 0 0 1
    outer loop
      vertex 0.2940514209886818 9.01444581998341 6
      vertex 0.49348395133258594 10.373201429255245 6
      vertex 0.33165354742741804 10.332665023314508 6
    endloop
  endfacet
  facet normal 0 0 1
    outer loop
      vertex 0.5852709660483848 9.057644158790309 6
      vertex 0.870854031763387 9.129178992803373 6
      vertex 0.8013744526041959 10.500733850607796 6
    endloop
  endfacet
  facet normal 0 0 1
    outer loop
      vertex 0.870854031763387 9.129178992803373 6
      vertex 1.1480502970952693 9.22836140246614 6
      vertex 0.9444693961333237 10.586501659085673 6
    endloop
  endfacet
  facet normal 0 0 1
    outer loop
      vertex 0.5852709660483848 9.057644158790309 6
      vertex 0.6505618350206526 10.429404794730813 6
      vertex 0.49348395133258594 10.373201429255245 6
    endloop
  endfacet
  facet normal 0 0 1
    outer loop
      vertex 0.5852709660483848 9.057644158790309 6
      vertex 0.8013744526041959 10.500733850607796 6
      vertex 0.6505618350206526 10.429404794730813 6
    endloop
  endfacet
  facet normal 0 0 1
    outer loop
      vertex 0.870854031763387 9.129178992803373 6
      vertex 0.9444693961333237 10.586501659085673 6
      vertex 0.8013744526041959 10.500733850607796 6
    endloop
  endfacet
  facet normal 0 0 1
    outer loop
      vertex 1.1480502970952693 9.22836140246614 6
      vertex 1.0784685830781973 10.685882229283347 6
      vertex 0.9444693961333237 10.586501659085673 6
    endloop
  endfacet
  facet normal 0 0 1
    outer loop
      vertex 1.1480502970952693 9.22836140246614 6
      vertex 1.2020815280171309 10.79791847198287 6
      vertex 1.0784685830781973 10.685882229283347 6
    endloop
  endfacet
  facet normal 0 0 1
    outer loop
      vertex 1.1480502970952693 9.22836140246614 6
      vertex 1.4141902104779929 9.354236206954935 6
      vertex 1.314117770716653 10.921531416921802 6
    endloop
  endfacet
  facet normal 0 0 1
    outer loop
      vertex 1.4141902104779929 9.354236206954935 6
      vertex 1.6667106990588065 9.505591163092365 6
      vertex 1.5705952052691874 11.349438164979347 6
    endloop
  endfacet
  facet normal 0 0 1
    outer loop
      vertex 1.1480502970952693 9.22836140246614 6
      vertex 1.314117770716653 10.921531416921802 6
      vertex 1.2020815280171309 10.79791847198287 6
    endloop
  endfacet
  facet normal 0 0 1
    outer loop
      vertex 1.4141902104779929 9.354236206954935 6
      vertex 1.413498340914327 11.055530603866677 6
      vertex 1.314117770716653 10.921531416921802 6
    endloop
  endfacet
  facet normal 0 0 1
    outer loop
      vertex 1.4141902104779929 9.354236206954935 6
      vertex 1.4992661493922035 11.198625547395803 6
      vertex 1.413498340914327 11.055530603866677 6
    endloop
  endfacet
  facet normal 0 0 1
    outer loop
      vertex 1.4141902104779929 9.354236206954935 6
      vertex 1.5705952052691874 11.349438164979347 6
      vertex 1.4992661493922035 11.198625547395803 6
    endloop
  endfacet
  facet normal 0 0 1
    outer loop
      vertex 1.6667106990588065 9.505591163092365 6
      vertex 1.626798570744755 11.506516048667415 6
      vertex 1.5705952052691874 11.349438164979347 6
    endloop
  endfacet
  facet normal 0 0 1
    outer loop
      vertex 1.6667106990588065 9.505591163092365 6
      vertex 1.6673349766854917 11.668346452572582 6
      vertex 1.626798570744755 11.506516048667415 6
    endloop
  endfacet
  facet normal 0 0 1
    outer loop
      vertex 1.6667106990588065 9.505591163092365 6
      vertex 1.6918140353427347 11.833370861439747 6
      vertex 1.6673349766854917 11.668346452572582 6
    endloop
  endfacet
  facet normal 0 0 1
    outer loop
      vertex 1.6667106990588065 9.505591163092365 6
      vertex 1.7 12 6
      vertex 1.6918140353427347 11.833370861439747 6
    endloop
  endfacet
  facet normal 0 0 1
    outer loop
      vertex 1.6667106990588065 9.505591163092365 6
      vertex 1.9031798524909365 9.68096863991179 6
      vertex 1.9031798524909365 14.31903136008821 6
    endloop
  endfacet
  facet normal 0 0 1
    outer loop
      vertex 1.9031798524909365 9.68096863991179 6
      vertex 2.121320343559643 9.878679656440358 6
      vertex 2.121320343559643 14.121320343559642 6
    endloop
  endfacet
  facet normal 0 0 1
    outer loop
      vertex 1.6667106990588065 9.505591163092365 6
      vertex 1.9031798524909365 14.31903136008821 6
      vertex 1.7 12 6
    endloop
  endfacet
  facet normal 0 0 1
    outer loop
      vertex 2.121320343559643 9.878679656440358 6
      vertex 2.319031360088211 10.096820147509064 6
      vertex 2.319031360088211 13.903179852490936 6
    endloop
  endfacet
  facet normal 0 0 1
    outer loop
      vertex 2.319031360088211 10.096820147509064 6
      vertex 2.4944088369076356 10.333289300941193 6
      vertex 2.4944088369076356 13.666710699058807 6
    endloop
  endfacet
  facet normal 0 0 1
    outer loop
      vertex 2.4944088369076356 10.333289300941193 6
      vertex 2.6457637930450653 10.585809789522006 6
      vertex 2.6457637930450653 13.414190210477994 6
    endloop
  endfacet
  facet normal 0 0 1
    outer loop
      vertex 2.6457637930450653 10.585809789522006 6
      vertex 2.77163859753386 10.851949702904731 6
      vertex 2.77163859753386 13.148050297095269 6
    endloop
  endfacet
  facet normal 0 0 1
    outer loop
      vertex 2.77163859753386 10.851949702904731 6
      vertex 2.8708210071966267 11.129145968236614 6
      vertex 2.8708210071966267 12.870854031763386 6
    endloop
  endfacet
  facet normal 0 0 1
    outer loop
      vertex 2.8708210071966267 11.129145968236614 6
      vertex 2.9423558412096913 11.414729033951616 6
      vertex 2.9423558412096913 12.585270966048384 6
    endloop
  endfacet
  facet normal 0 0 1
    outer loop
      vertex 2.9423558412096913 11.414729033951616 6
      vertex 2.9855541800165906 11.705948579011318 6
      vertex 2.9855541800165906 12.294051420988682 6
    endloop
  endfacet
  facet normal 0 0 1
    outer loop
      vertex 2.77163859753386 10.851949702904731 6
      vertex 2.8708210071966267 12.870854031763386 6
      vertex 2.77163859753386 13.148050297095269 6
    endloop
  endfacet
  facet normal 0 0 1
    outer loop
      vertex 2.9423558412096913 11.414729033951616 6
      vertex 2.9855541800165906 12.294051420988682 6
      vertex 2.9423558412096913 12.585270966048384 6
    endloop
  endfacet
  facet normal 0 0 1
    outer loop
      vertex 2.9855541800165906 11.705948579011318 6
      vertex 3 12 6
      vertex 2.9855541800165906 12.294051420988682 6
    endloop
  endfacet
  facet normal 0 0 1
    outer loop
      vertex 2.8708210071966267 11.129145968236614 6
      vertex 2.9423558412096913 12.585270966048384 6
      vertex 2.8708210071966267 12.870854031763386 6
    endloop
  endfacet
  facet normal -0.049067674327418334 0.9987954562051724 0
    outer loop
      vertex 0 9 6
      vertex 0 9 10
      vertex 0.2940514209886818 9.01444581998341 6
    endloop
  endfacet
  facet normal -0.1467304744553616 0.9891765099647809 0
    outer loop
      vertex 0.2940514209886818 9.01444581998341 6
      vertex 0.2940514209886818 9.01444581998341 10
      vertex 0.5852709660483848 9.057644158790309 6
    endloop
  endfacet
  facet normal -0.24298017990326345 0.9700312531945442 0
    outer loop
      vertex 0.5852709660483848 9.057644158790309 6
      vertex 0.5852709660483848 9.057644158790309 10
      vertex 0.870854031763387 9.129178992803373 6
    endloop
  endfacet
  facet normal -0.3368898533922211 0.9415440651830204 0
    outer loop
      vertex 0.870854031763387 9.129178992803373 6
      vertex 0.870854031763387 9.129178992803373 10
      vertex 1.1480502970952693 9.22836140246614 6
    endloop
  endfacet
  facet normal -0.42755509343028214 0.9039892931234433 0
    outer loop
      vertex 1.1480502970952693 9.22836140246614 6
      vertex 1.1480502970952693 9.22836140246614 10
      vertex 1.4141902104779929 9.354236206954935 6
    endloop
  endfacet
  facet normal -0.5141027441932237 0.857728610000271 0
    outer loop
      vertex 1.4141902104779929 9.354236206954935 6
      vertex 1.4141902104779929 9.354236206954935 10
      vertex 1.6667106990588065 9.505591163092365 6
    endloop
  endfacet
  facet normal -0.5956993044924314 0.8032075314806462 0
    outer loop
      vertex 1.6667106990588065 9.505591163092365 6
      vertex 1.6667106990588065 9.505591163092365 10
      vertex 1.9031798524909365 9.68096863991179 6
    endloop
  endfacet
  facet normal -0.6715589548470186 0.7409511253549588 0
    outer loop
      vertex 1.9031798524909365 9.68096863991179 6
      vertex 1.9031798524909365 9.68096863991179 10
      vertex 2.121320343559643 9.878679656440358 6
    endloop
  endfacet
  facet normal -0.7409511253549587 0.671558954847019 0
    outer loop
      vertex 2.121320343559643 9.878679656440358 6
      vertex 2.121320343559643 9.878679656440358 10
      vertex 2.319031360088211 10.096820147509064 6
    endloop
  endfacet
  facet normal -0.8032075314806443 0.5956993044924342 0
    outer loop
      vertex 2.319031360088211 10.096820147509064 6
      vertex 2.319031360088211 10.096820147509064 10
      vertex 2.4944088369076356 10.333289300941193 6
    endloop
  endfacet
  facet normal -0.8577286100002717 0.5141027441932225 0
    outer loop
      vertex 2.4944088369076356 10.333289300941193 6
      vertex 2.4944088369076356 10.333289300941193 10
      vertex 2.6457637930450653 10.585809789522006 6
    endloop
  endfacet
  facet normal -0.9039892931234448 0.4275550934302792 0
    outer loop
      vertex 2.6457637930450653 10.585809789522006 6
      vertex 2.6457637930450653 10.585809789522006 10
      vertex 2.77163859753386 10.851949702904731 6
    endloop
  endfacet
  facet normal -0.9415440651830206 0.33688985339222066 0
    outer loop
      vertex 2.77163859753386 10.851949702904731 6
      vertex 2.77163859753386 10.851949702904731 10
      vertex 2.8708210071966267 11.129145968236614 6
    endloop
  endfacet
  facet normal -0.9700312531945442 0.24298017990326345 0
    outer loop
      vertex 2.8708210071966267 11.129145968236614 6
      vertex 2.8708210071966267 11.129145968236614 10
      vertex 2.9423558412096913 11.414729033951616 6
    endloop
  endfacet
  facet normal -0.9891765099647809 0.14673047445536203 0
    outer loop
      vertex 2.9423558412096913 11.414729033951616 6
      vertex 2.9423558412096913 11.414729033951616 10
      vertex 2.9855541800165906 11.705948579011318 6
    endloop
  endfacet
  facet normal -0.9987954562051724 0.04906767432741834 0
    outer loop
      vertex 2.9855541800165906 11.705948579011318 6
      vertex 2.9855541800165906 11.705948579011318 10
      vertex 3 12 6
    endloop
  endfacet
  facet normal -0.9987954562051724 -0.04906767432741834 0
    outer loop
      vertex 3 12 6
      vertex 3 12 10
      vertex 2.9855541800165906 12.294051420988682 6
    endloop
  endfacet
  facet normal 0 0 1
    outer loop
      vertex 0 13.7 6
      vertex 0.16662913856025302 13.691814035342734 6
      vertex 0 15 6
    endloop
  endfacet
  facet normal 0 0 1
    outer loop
      vertex 0.16662913856025302 13.691814035342734 6
      vertex 0.33165354742741804 13.667334976685492 6
      vertex 0.5852709660483848 14.942355841209691 6
    endloop
  endfacet
  facet normal 0 0 1
    outer loop
      vertex 0.33165354742741804 13.667334976685492 6
      vertex 0.49348395133258594 13.626798570744755 6
      vertex 0.5852709660483848 14.942355841209691 6
    endloop
  endfacet
  facet normal 0 0 1
    outer loop
      vertex 0.8013744526041959 13.499266149392204 6
      vertex 0.9444693961333237 13.413498340914327 6
      vertex 1.1480502970952693 14.77163859753386 6
    endloop
  endfacet
  facet normal 0 0 1
    outer loop
      vertex 0.6505618350206526 13.570595205269187 6
      vertex 0.870854031763387 14.870821007196627 6
      vertex 0.49348395133258594 13.626798570744755 6
    endloop
  endfacet
  facet normal 0 0 1
    outer loop
      vertex 0.6505618350206526 13.570595205269187 6
      vertex 0.8013744526041959 13.499266149392204 6
      vertex 0.870854031763387 14.870821007196627 6
    endloop
  endfacet
  facet normal 0 0 1
    outer loop
      vertex 0.8013744526041959 13.499266149392204 6
      vertex 1.1480502970952693 14.77163859753386 6
      vertex 0.870854031763387 14.870821007196627 6
    endloop
  endfacet
  facet normal 0 0 1
    outer loop
      vertex 1.6918140353427347 12.166629138560253 6
      vertex 1.7 12 6
      vertex 1.9031798524909365 14.31903136008821 6
    endloop
  endfacet
  facet normal 0 0 1
    outer loop
      vertex 1.9031798524909365 9.68096863991179 6
      vertex 2.121320343559643 14.121320343559642 6
      vertex 1.9031798524909365 14.31903136008821 6
    endloop
  endfacet
  facet normal 0 0 1
    outer loop
      vertex 1.6918140353427347 12.166629138560253 6
      vertex 1.9031798524909365 14.31903136008821 6
      vertex 1.6673349766854917 12.331653547427418 6
    endloop
  endfacet
  facet normal 0 0 1
    outer loop
      vertex 1.6673349766854917 12.331653547427418 6
      vertex 1.9031798524909365 14.31903136008821 6
      vertex 1.626798570744755 12.493483951332585 6
    endloop
  endfacet
  facet normal 0 0 1
    outer loop
      vertex 1.626798570744755 12.493483951332585 6
      vertex 1.6667106990588065 14.494408836907635 6
      vertex 1.5705952052691874 12.650561835020653 6
    endloop
  endfacet
  facet normal 0 0 1
    outer loop
      vertex 1.5705952052691874 12.650561835020653 6
      vertex 1.6667106990588065 14.494408836907635 6
      vertex 1.4992661493922035 12.801374452604197 6
    endloop
  endfacet
  facet normal 0 0 1
    outer loop
      vertex 0.9444693961333237 13.413498340914327 6
      vertex 1.0784685830781973 13.314117770716653 6
      vertex 1.1480502970952693 14.77163859753386 6
    endloop
  endfacet
  facet normal 0 0 1
    outer loop
      vertex 1.0784685830781973 13.314117770716653 6
      vertex 1.2020815280171309 13.20208152801713 6
      vertex 1.4141902104779929 14.645763793045065 6
    endloop
  endfacet
  facet normal 0 0 1
    outer loop
      vertex 1.314117770716653 13.078468583078198 6
      vertex 1.4141902104779929 14.645763793045065 6
      vertex 1.2020815280171309 13.20208152801713 6
    endloop
  endfacet
  facet normal 0 0 1
    outer loop
      vertex 1.314117770716653 13.078468583078198 6
      vertex 1.413498340914327 12.944469396133323 6
      vertex 1.4141902104779929 14.645763793045065 6
    endloop
  endfacet
  facet normal 0 0 1
    outer loop
      vertex 1.413498340914327 12.944469396133323 6
      vertex 1.4992661493922035 12.801374452604197 6
      vertex 1.6667106990588065 14.494408836907635 6
    endloop
  endfacet
  facet normal 0 0 1
    outer loop
      vertex 1.0784685830781973 13.314117770716653 6
      vertex 1.4141902104779929 14.645763793045065 6
      vertex 1.1480502970952693 14.77163859753386 6
    endloop
  endfacet
  facet normal 0 0 1
    outer loop
      vertex 1.413498340914327 12.944469396133323 6
      vertex 1.6667106990588065 14.494408836907635 6
      vertex 1.4141902104779929 14.645763793045065 6
    endloop
  endfacet
  facet normal 0 0 1
    outer loop
      vertex 1.626798570744755 12.493483951332585 6
      vertex 1.9031798524909365 14.31903136008821 6
      vertex 1.6667106990588065 14.494408836907635 6
    endloop
  endfacet
  facet normal 0 0 1
    outer loop
      vertex 0.16662913856025302 13.691814035342734 6
      vertex 0.2940514209886818 14.98555418001659 6
      vertex 0 15 6
    endloop
  endfacet
  facet normal 0 0 1
    outer loop
      vertex 0.16662913856025302 13.691814035342734 6
      vertex 0.5852709660483848 14.942355841209691 6
      vertex 0.2940514209886818 14.98555418001659 6
    endloop
  endfacet
  facet normal 0 0 1
    outer loop
      vertex 0.49348395133258594 13.626798570744755 6
      vertex 0.870854031763387 14.870821007196627 6
      vertex 0.5852709660483848 14.942355841209691 6
    endloop
  endfacet
  facet normal 0 0 1
    outer loop
      vertex 2.121320343559643 9.878679656440358 6
      vertex 2.319031360088211 13.903179852490936 6
      vertex 2.121320343559643 14.121320343559642 6
    endloop
  endfacet
  facet normal 0 0 1
    outer loop
      vertex 2.319031360088211 10.096820147509064 6
      vertex 2.4944088369076356 13.666710699058807 6
      vertex 2.319031360088211 13.903179852490936 6
    endloop
  endfacet
  facet normal 0 0 1
    outer loop
      vertex 2.4944088369076356 10.333289300941193 6
      vertex 2.6457637930450653 13.414190210477994 6
      vertex 2.4944088369076356 13.666710699058807 6
    endloop
  endfacet
  facet normal 0 0 1
    outer loop
      vertex 2.6457637930450653 10.585809789522006 6
      vertex 2.77163859753386 13.148050297095269 6
      vertex 2.6457637930450653 13.414190210477994 6
    endloop
  endfacet
  facet normal -0.5956993044924314 -0.8032075314806462 0
    outer loop
      vertex 1.6667106990588065 14.494408836907635 6
      vertex 1.9031798524909365 14.31903136008821 6
      vertex 1.9031798524909365 14.31903136008821 10
    endloop
  endfacet
  facet normal -0.6715589548470186 -0.7409511253549588 0
    outer loop
      vertex 1.9031798524909365 14.31903136008821 6
      vertex 2.121320343559643 14.121320343559642 6
      vertex 2.121320343559643 14.121320343559642 10
    endloop
  endfacet
  facet normal -0.049067674327418334 -0.9987954562051724 0
    outer loop
      vertex 0 15 6
      vertex 0.2940514209886818 14.98555418001659 6
      vertex 0.2940514209886818 14.98555418001659 10
    endloop
  endfacet
  facet normal -0.1467304744553616 -0.9891765099647809 0
    outer loop
      vertex 0.2940514209886818 14.98555418001659 6
      vertex 0.5852709660483848 14.942355841209691 6
      vertex 0.5852709660483848 14.942355841209691 10
    endloop
  endfacet
  facet normal -0.24298017990326345 -0.9700312531945442 0
    outer loop
      vertex 0.5852709660483848 14.942355841209691 6
      vertex 0.870854031763387 14.870821007196627 6
      vertex 0.870854031763387 14.870821007196627 10
    endloop
  endfacet
  facet normal -0.3368898533922211 -0.9415440651830204 0
    outer loop
      vertex 0.870854031763387 14.870821007196627 6
      vertex 1.1480502970952693 14.77163859753386 6
      vertex 1.1480502970952693 14.77163859753386 10
    endloop
  endfacet
  facet normal -0.42755509343028214 -0.9039892931234433 0
    outer loop
      vertex 1.1480502970952693 14.77163859753386 6
      vertex 1.4141902104779929 14.645763793045065 6
      vertex 1.4141902104779929 14.645763793045065 10
    endloop
  endfacet
  facet normal -0.5141027441932237 -0.857728610000271 0
    outer loop
      vertex 1.6667106990588065 14.494408836907635 6
      vertex 1.6667106990588065 14.494408836907635 10
      vertex 1.4141902104779929 14.645763793045065 6
    endloop
  endfacet
  facet normal -0.9891765099647809 -0.14673047445536203 0
    outer loop
      vertex 2.9423558412096913 12.585270966048384 6
      vertex 2.9855541800165906 12.294051420988682 6
      vertex 2.9855541800165906 12.294051420988682 10
    endloop
  endfacet
  facet normal -0.9700312531945442 -0.24298017990326345 0
    outer loop
      vertex 2.9423558412096913 12.585270966048384 6
      vertex 2.9423558412096913 12.585270966048384 10
      vertex 2.8708210071966267 12.870854031763386 6
    endloop
  endfacet
  facet normal -0.9039892931234448 -0.4275550934302792 0
    outer loop
      vertex 2.6457637930450653 13.414190210477994 6
      vertex 2.77163859753386 13.148050297095269 6
      vertex 2.77163859753386 13.148050297095269 10
    endloop
  endfacet
  facet normal -0.9415440651830206 -0.33688985339222066 0
    outer loop
      vertex 2.8708210071966267 12.870854031763386 6
      vertex 2.8708210071966267 12.870854031763386 10
      vertex 2.77163859753386 13.148050297095269 6
    endloop
  endfacet
  facet normal -0.8032075314806443 -0.5956993044924342 0
    outer loop
      vertex 2.319031360088211 13.903179852490936 6
      vertex 2.4944088369076356 13.666710699058807 6
      vertex 2.4944088369076356 13.666710699058807 10
    endloop
  endfacet
  facet normal -0.7409511253549587 -0.671558954847019 0
    outer loop
      vertex 2.319031360088211 13.903179852490936 6
      vertex 2.319031360088211 13.903179852490936 10
      vertex 2.121320343559643 14.121320343559642 6
    endloop
  endfacet
  facet normal -0.8577286100002717 -0.5141027441932225 0
    outer loop
      vertex 2.4944088369076356 13.666710699058807 6
      vertex 2.6457637930450653 13.414190210477994 6
      vertex 2.6457637930450653 13.414190210477994 10
    endloop
  endfacet
  facet normal -0.049067674327418334 0.9987954562051724 0
    outer loop
      vertex 0.2940514209886818 9.01444581998341 6
      vertex 0 9 10
      vertex 0.2940514209886818 9.01444581998341 10
    endloop
  endfacet
  facet normal -0.1467304744553616 0.9891765099647809 0
    outer loop
      vertex 0.5852709660483848 9.057644158790309 6
      vertex 0.2940514209886818 9.01444581998341 10
      vertex 0.5852709660483848 9.057644158790309 10
    endloop
  endfacet
  facet normal -0.24298017990326345 0.9700312531945442 0
    outer loop
      vertex 0.870854031763387 9.129178992803373 6
      vertex 0.5852709660483848 9.057644158790309 10
      vertex 0.870854031763387 9.129178992803373 10
    endloop
  endfacet
  facet normal -0.3368898533922211 0.9415440651830204 0
    outer loop
      vertex 1.1480502970952693 9.22836140246614 6
      vertex 0.870854031763387 9.129178992803373 10
      vertex 1.1480502970952693 9.22836140246614 10
    endloop
  endfacet
  facet normal -0.42755509343028214 0.9039892931234433 0
    outer loop
      vertex 1.4141902104779929 9.354236206954935 6
      vertex 1.1480502970952693 9.22836140246614 10
      vertex 1.4141902104779929 9.354236206954935 10
    endloop
  endfacet
  facet normal -0.5141027441932237 0.857728610000271 0
    outer loop
      vertex 1.6667106990588065 9.505591163092365 6
      vertex 1.4141902104779929 9.354236206954935 10
      vertex 1.6667106990588065 9.505591163092365 10
    endloop
  endfacet
  facet normal -0.5956993044924314 0.8032075314806462 0
    outer loop
      vertex 1.9031798524909365 9.68096863991179 6
      vertex 1.6667106990588065 9.505591163092365 10
      vertex 1.9031798524909365 9.68096863991179 10
    endloop
  endfacet
  facet normal -0.6715589548470186 0.7409511253549588 0
    outer loop
      vertex 2.121320343559643 9.878679656440358 6
      vertex 1.9031798524909365 9.68096863991179 10
      vertex 2.121320343559643 9.878679656440358 10
    endloop
  endfacet
  facet normal -0.7409511253549587 0.671558954847019 0
    outer loop
      vertex 2.319031360088211 10.096820147509064 6
      vertex 2.121320343559643 9.878679656440358 10
      vertex 2.319031360088211 10.096820147509064 10
    endloop
  endfacet
  facet normal -0.8032075314806443 0.5956993044924342 0
    outer loop
      vertex 2.4944088369076356 10.333289300941193 6
      vertex 2.319031360088211 10.096820147509064 10
      vertex 2.4944088369076356 10.333289300941193 10
    endloop
  endfacet
  facet normal -0.8577286100002717 0.5141027441932225 0
    outer loop
      vertex 2.6457637930450653 10.585809789522006 6
      vertex 2.4944088369076356 10.333289300941193 10
      vertex 2.6457637930450653 10.585809789522006 10
    endloop
  endfacet
  facet normal -0.9039892931234448 0.4275550934302792 0
    outer loop
      vertex 2.77163859753386 10.851949702904731 6
      vertex 2.6457637930450653 10.585809789522006 10
      vertex 2.77163859753386 10.851949702904731 10
    endloop
  endfacet
  facet normal -0.9415440651830206 0.33688985339222066 0
    outer loop
      vertex 2.8708210071966267 11.129145968236614 6
      vertex 2.77163859753386 10.851949702904731 10
      vertex 2.8708210071966267 11.129145968236614 10
    endloop
  endfacet
  facet normal -0.9700312531945442 0.24298017990326345 0
    outer loop
      vertex 2.9423558412096913 11.414729033951616 6
      vertex 2.8708210071966267 11.129145968236614 10
      vertex 2.9423558412096913 11.414729033951616 10
    endloop
  endfacet
  facet normal -0.9891765099647809 0.14673047445536203 0
    outer loop
      vertex 2.9855541800165906 11.705948579011318 6
      vertex 2.9423558412096913 11.414729033951616 10
      vertex 2.9855541800165906 11.705948579011318 10
    endloop
  endfacet
  facet normal -0.9987954562051724 0.04906767432741834 0
    outer loop
      vertex 3 12 6
      vertex 2.9855541800165906 11.705948579011318 10
      vertex 3 12 10
    endloop
  endfacet
  facet normal -0.9987954562051724 -0.04906767432741834 0
    outer loop
      vertex 2.9855541800165906 12.294051420988682 6
      vertex 3 12 10
      vertex 2.9855541800165906 12.294051420988682 10
    endloop
  endfacet
  facet normal -0.5956993044924314 -0.8032075314806462 0
    outer loop
      vertex 1.6667106990588065 14.494408836907635 6
      vertex 1.9031798524909365 14.31903136008821 10
      vertex 1.6667106990588065 14.494408836907635 10
    endloop
  endfacet
  facet normal -0.6715589548470186 -0.7409511253549588 0
    outer loop
      vertex 1.9031798524909365 14.31903136008821 6
      vertex 2.121320343559643 14.121320343559642 10
      vertex 1.9031798524909365 14.31903136008821 10
    endloop
  endfacet
  facet normal -0.049067674327418334 -0.9987954562051724 0
    outer loop
      vertex 0 15 6
      vertex 0.2940514209886818 14.98555418001659 10
      vertex 0 15 10
    endloop
  endfacet
  facet normal -0.1467304744553616 -0.9891765099647809 0
    outer loop
      vertex 0.2940514209886818 14.98555418001659 6
      vertex 0.5852709660483848 14.942355841209691 10
      vertex 0.2940514209886818 14.98555418001659 10
    endloop
  endfacet
  facet normal -0.24298017990326345 -0.9700312531945442 0
    outer loop
      vertex 0.5852709660483848 14.942355841209691 6
      vertex 0.870854031763387 14.870821007196627 10
      vertex 0.5852709660483848 14.942355841209691 10
    endloop
  endfacet
  facet normal -0.3368898533922211 -0.9415440651830204 0
    outer loop
      vertex 0.870854031763387 14.870821007196627 6
      vertex 1.1480502970952693 14.77163859753386 10
      vertex 0.870854031763387 14.870821007196627 10
    endloop
  endfacet
  facet normal -0.42755509343028214 -0.9039892931234433 0
    outer loop
      vertex 1.1480502970952693 14.77163859753386 6
      vertex 1.4141902104779929 14.645763793045065 10
      vertex 1.1480502970952693 14.77163859753386 10
    endloop
  endfacet
  facet normal -0.5141027441932237 -0.857728610000271 0
    outer loop
      vertex 1.4141902104779929 14.645763793045065 6
      vertex 1.6667106990588065 14.494408836907635 10
      vertex 1.4141902104779929 14.645763793045065 10
    endloop
  endfacet
  facet normal -0.9891765099647809 -0.14673047445536203 0
    outer loop
      vertex 2.9423558412096913 12.585270966048384 6
      vertex 2.9855541800165906 12.294051420988682 10
      vertex 2.9423558412096913 12.585270966048384 10
    endloop
  endfacet
  facet normal -0.9700312531945442 -0.24298017990326345 0
    outer loop
      vertex 2.8708210071966267 12.870854031763386 6
      vertex 2.9423558412096913 12.585270966048384 10
      vertex 2.8708210071966267 12.870854031763386 10
    endloop
  endfacet
  facet normal -0.9415440651830206 -0.33688985339222066 0
    outer loop
      vertex 2.77163859753386 13.148050297095269 6
      vertex 2.8708210071966267 12.870854031763386 10
      vertex 2.77163859753386 13.148050297095269 10
    endloop
  endfacet
  facet normal -0.9039892931234448 -0.4275550934302792 0
    outer loop
      vertex 2.6457637930450653 13.414190210477994 6
      vertex 2.77163859753386 13.148050297095269 10
      vertex 2.6457637930450653 13.414190210477994 10
    endloop
  endfacet
  facet normal -0.8577286100002717 -0.5141027441932225 0
    outer loop
      vertex 2.4944088369076356 13.666710699058807 6
      vertex 2.6457637930450653 13.414190210477994 10
      vertex 2.4944088369076356 13.666710699058807 10
    endloop
  endfacet
  facet normal -0.8032075314806443 -0.5956993044924342 0
    outer loop
      vertex 2.319031360088211 13.903179852490936 6
      vertex 2.4944088369076356 13.666710699058807 10
      vertex 2.319031360088211 13.903179852490936 10
    endloop
  endfacet
  facet normal -0.7409511253549587 -0.671558954847019 0
    outer loop
      vertex 2.121320343559643 14.121320343559642 6
      vertex 2.319031360088211 13.903179852490936 10
      vertex 2.121320343559643 14.121320343559642 10
    endloop
  endfacet
  facet normal 0 0 1
    outer loop
      vertex -11.719170916070265 -8.690618224598063 6
      vertex -11.449054989176963 -8.807717780271977 6
      vertex -11.427199274728087 -7.348700678495099 6
    endloop
  endfacet
  facet normal 0 0 1
    outer loop
      vertex -11.449054989176963 -8.807717780271977 6
      vertex -11.168761980720825 -8.897777478867205 6
      vertex -11.144195618785565 -7.52468366060557 6
    endloop
  endfacet
  facet normal 0 0 1
    outer loop
      vertex -11.168761980720825 -8.897777478867205 6
      vertex -10.880991265597029 -8.959929996254637 6
      vertex -10.832297222087547 -7.642073904691416 6
    endloop
  endfacet
  facet normal 0 0 1
    outer loop
      vertex -10.880991265597029 -8.959929996254637 6
      vertex -10.588514233103693 -8.99357676971581 6
      vertex -10.503490165104505 -7.696360169505626 6
    endloop
  endfacet
  facet normal 0 0 1
    outer loop
      vertex -10.588514233103693 -8.99357676971581 6
      vertex -10.294147596947935 -8.998393762429098 6
      vertex -10.503490165104505 -7.696360169505626 6
    endloop
  endfacet
  facet normal 0 0 1
    outer loop
      vertex -10.294147596947935 -8.998393762429098 6
      vertex -10.000726268753109 -8.974334584121431 6
      vertex -10.170410318639178 -7.685456264335478 6
    endloop
  endfacet
  facet normal 0 0 1
    outer loop
      vertex -10.000726268753109 -8.974334584121431 6
      vertex -9.711076056310144 -8.921630937832001 6
      vertex -9.845857754397889 -7.60978122014168 6
    endloop
  endfacet
  facet normal 0 0 1
    outer loop
      vertex -9.711076056310144 -8.921630937832001 6
      vertex -9.427986449503777 -8.840790388485317 6
      vertex -9.542304845413264 -7.472243186433546 6
    endloop
  endfacet
  facet normal 0 0 1
    outer loop
      vertex -9.427986449503777 -8.840790388485317 6
      vertex -9.15418375600008 -8.732591474763527 6
      vertex -9.402092760738 -7.381839363805746 6
    endloop
  endfacet
  facet normal 0.646956152534855 0.7625272039063902 0
    outer loop
      vertex -12.443081751481877 -8.189592218093507 6
      vertex -12.443081751481877 -8.189592218093507 10
      vertex -12.218589132439424 -8.380060020873705 6
    endloop
  endfacet
  facet normal 0.5691001458788977 0.8222682189897753 0
    outer loop
      vertex -12.218589132439424 -8.380060020873705 6
      vertex -12.218589132439424 -8.380060020873705 10
      vertex -11.976508397364366 -8.547606544579736 6
    endloop
  endfacet
  facet normal 0.4857633937163364 0.8740903416267608 0
    outer loop
      vertex -11.976508397364366 -8.547606544579736 6
      vertex -11.976508397364366 -8.547606544579736 10
      vertex -11.719170916070265 -8.690618224598063 6
    endloop
  endfacet
  facet normal 0.30590302009655496 0.9520626777139238 0
    outer loop
      vertex -11.449054989176963 -8.807717780271977 6
      vertex -11.449054989176963 -8.807717780271977 10
      vertex -11.168761980720825 -8.897777478867205 6
    endloop
  endfacet
  facet normal 0.3977484745270165 0.9174944964474889 0
    outer loop
      vertex -11.719170916070265 -8.690618224598063 6
      vertex -11.719170916070265 -8.690618224598063 10
      vertex -11.449054989176963 -8.807717780271977 6
    endloop
  endfacet
  facet normal 0.21111155235896348 0.9774619749435721 0
    outer loop
      vertex -11.168761980720825 -8.897777478867205 6
      vertex -11.168761980720825 -8.897777478867205 10
      vertex -10.880991265597029 -8.959929996254637 6
    endloop
  endfacet
  facet normal 0.11428696496684645 0.9934477790194444 0
    outer loop
      vertex -10.880991265597029 -8.959929996254637 6
      vertex -10.880991265597029 -8.959929996254637 10
      vertex -10.588514233103693 -8.99357676971581 6
    endloop
  endfacet
  facet normal 0.016361731626490492 0.9998661379095617 0
    outer loop
      vertex -10.588514233103693 -8.99357676971581 6
      vertex -10.588514233103693 -8.99357676971581 10
      vertex -10.294147596947935 -8.998393762429098 6
    endloop
  endfacet
  facet normal -0.08172107413367154 0.99665523930918 0
    outer loop
      vertex -10.294147596947935 -8.998393762429098 6
      vertex -10.294147596947935 -8.998393762429098 10
      vertex -10.000726268753109 -8.974334584121431 6
    endloop
  endfacet
  facet normal -0.17901686127663238 0.9838460059270774 0
    outer loop
      vertex -10.000726268753109 -8.974334584121431 6
      vertex -10.000726268753109 -8.974334584121431 10
      vertex -9.711076056310144 -8.921630937832001 6
    endloop
  endfacet
  facet normal -0.27458861818493036 0.9615617976829625 0
    outer loop
      vertex -9.711076056310144 -8.921630937832001 6
      vertex -9.711076056310144 -8.921630937832001 10
      vertex -9.427986449503777 -8.840790388485317 6
    endloop
  endfacet
  facet normal -0.36751593659470655 0.930017223684011 0
    outer loop
      vertex -9.427986449503777 -8.840790388485317 6
      vertex -9.427986449503777 -8.840790388485317 10
      vertex -9.15418375600008 -8.732591474763527 6
    endloop
  endfacet
  facet normal -0.45690387563041995 0.8895160754218564 0
    outer loop
      vertex -9.15418375600008 -8.732591474763527 6
      vertex -9.15418375600008 -8.732591474763527 10
      vertex -8.892304845413264 -8.598076211353316 6
    endloop
  endfacet
  facet normal -0.541891580574749 0.8404484010944397 0
    outer loop
      vertex -8.892304845413264 -8.598076211353316 6
      vertex -8.892304845413264 -8.598076211353316 10
      vertex -8.644871754809856 -8.438540053774846 6
    endloop
  endfacet
  facet normal -0.6216605733700795 0.7832867492286486 0
    outer loop
      vertex -8.644871754809856 -8.438540053774846 6
      vertex -8.644871754809856 -8.438540053774846 10
      vertex -8.414267400113058 -8.255519422436933 6
    endloop
  endfacet
  facet normal 0.646956152534855 0.7625272039063902 0
    outer loop
      vertex -12.218589132439424 -8.380060020873705 6
      vertex -12.443081751481877 -8.189592218093507 10
      vertex -12.218589132439424 -8.380060020873705 10
    endloop
  endfacet
  facet normal 0.5691001458788977 0.8222682189897753 0
    outer loop
      vertex -11.976508397364366 -8.547606544579736 6
      vertex -12.218589132439424 -8.380060020873705 10
      vertex -11.976508397364366 -8.547606544579736 10
    endloop
  endfacet
  facet normal 0.3977484745270165 0.9174944964474889 0
    outer loop
      vertex -11.449054989176963 -8.807717780271977 6
      vertex -11.719170916070265 -8.690618224598063 10
      vertex -11.449054989176963 -8.807717780271977 10
    endloop
  endfacet
  facet normal 0.4857633937163364 0.8740903416267608 0
    outer loop
      vertex -11.719170916070265 -8.690618224598063 6
      vertex -11.976508397364366 -8.547606544579736 10
      vertex -11.719170916070265 -8.690618224598063 10
    endloop
  endfacet
  facet normal 0.30590302009655496 0.9520626777139238 0
    outer loop
      vertex -11.168761980720825 -8.897777478867205 6
      vertex -11.449054989176963 -8.807717780271977 10
      vertex -11.168761980720825 -8.897777478867205 10
    endloop
  endfacet
  facet normal 0.21111155235896348 0.9774619749435721 0
    outer loop
      vertex -10.880991265597029 -8.959929996254637 6
      vertex -11.168761980720825 -8.897777478867205 10
      vertex -10.880991265597029 -8.959929996254637 10
    endloop
  endfacet
  facet normal 0.11428696496684645 0.9934477790194444 0
    outer loop
      vertex -10.588514233103693 -8.99357676971581 6
      vertex -10.880991265597029 -8.959929996254637 10
      vertex -10.588514233103693 -8.99357676971581 10
    endloop
  endfacet
  facet normal 0.016361731626490492 0.9998661379095617 0
    outer loop
      vertex -10.294147596947935 -8.998393762429098 6
      vertex -10.588514233103693 -8.99357676971581 10
      vertex -10.294147596947935 -8.998393762429098 10
    endloop
  endfacet
  facet normal -0.08172107413367154 0.99665523930918 0
    outer loop
      vertex -10.000726268753109 -8.974334584121431 6
      vertex -10.294147596947935 -8.998393762429098 10
      vertex -10.000726268753109 -8.974334584121431 10
    endloop
  endfacet
  facet normal -0.17901686127663238 0.9838460059270774 0
    outer loop
      vertex -9.711076056310144 -8.921630937832001 6
      vertex -10.000726268753109 -8.974334584121431 10
      vertex -9.711076056310144 -8.921630937832001 10
    endloop
  endfacet
  facet normal -0.27458861818493036 0.9615617976829625 0
    outer loop
      vertex -9.427986449503777 -8.840790388485317 6
      vertex -9.711076056310144 -8.921630937832001 10
      vertex -9.427986449503777 -8.840790388485317 10
    endloop
  endfacet
  facet normal -0.36751593659470655 0.930017223684011 0
    outer loop
      vertex -9.15418375600008 -8.732591474763527 6
      vertex -9.427986449503777 -8.840790388485317 10
      vertex -9.15418375600008 -8.732591474763527 10
    endloop
  endfacet
  facet normal -0.45690387563041995 0.8895160754218564 0
    outer loop
      vertex -8.892304845413264 -8.598076211353316 6
      vertex -9.15418375600008 -8.732591474763527 10
      vertex -8.892304845413264 -8.598076211353316 10
    endloop
  endfacet
  facet normal -0.541891580574749 0.8404484010944397 0
    outer loop
      vertex -8.644871754809856 -8.438540053774846 6
      vertex -8.892304845413264 -8.598076211353316 10
      vertex -8.644871754809856 -8.438540053774846 10
    endloop
  endfacet
  facet normal -0.6216605733700795 0.7832867492286486 0
    outer loop
      vertex -8.414267400113058 -8.255519422436933 6
      vertex -8.644871754809856 -8.438540053774846 10
      vertex -8.414267400113058 -8.255519422436933 10
    endloop
  endfacet
  facet normal 0 0 1
    outer loop
      vertex -13.313935783245263 -6.68122878910312 6
      vertex -13.352234841667899 -5.511313579816234 6
      vertex -13.366639429534695 -6.391578576660155 6
    endloop
  endfacet
  facet normal 0 0 1
    outer loop
      vertex -13.23309523389858 -6.964318395909485 6
      vertex -13.290082324280467 -5.223542864692437 6
      vertex -13.313935783245263 -6.68122878910312 6
    endloop
  endfacet
  facet normal 0 0 1
    outer loop
      vertex -13.23309523389858 -6.964318395909485 6
      vertex -13.124896320176791 -7.238121089413184 6
      vertex -13.20002262568524 -4.943249856236299 6
    endloop
  endfacet
  facet normal 0 0 1
    outer loop
      vertex -12.990381056766578 -7.5 6
      vertex -13.082923070011327 -4.673133929342997 6
      vertex -13.124896320176791 -7.238121089413184 6
    endloop
  endfacet
  facet normal 0 0 1
    outer loop
      vertex -12.830844899188108 -7.747433090603407 6
      vertex -12.939911389993002 -4.415796448048896 6
      vertex -12.990381056766578 -7.5 6
    endloop
  endfacet
  facet normal 0 0 1
    outer loop
      vertex -12.443081751481877 -8.189592218093507 6
      vertex -12.58189706350677 -3.9492230939313857 6
      vertex -12.647824267850195 -7.978037445300206 6
    endloop
  endfacet
  facet normal 0 0 1
    outer loop
      vertex -12.830844899188108 -7.747433090603407 6
      vertex -12.647824267850195 -7.978037445300206 6
      vertex -12.772364866286967 -4.173715712973838 6
    endloop
  endfacet
  facet normal 0 0 1
    outer loop
      vertex -13.366639429534695 -6.391578576660155 6
      vertex -13.385881615129072 -5.80379061230957 6
      vertex -13.39069860784236 -6.098157248465329 6
    endloop
  endfacet
  facet normal 0 0 1
    outer loop
      vertex -13.366639429534695 -6.391578576660155 6
      vertex -13.352234841667899 -5.511313579816234 6
      vertex -13.385881615129072 -5.80379061230957 6
    endloop
  endfacet
  facet normal 0 0 1
    outer loop
      vertex -13.313935783245263 -6.68122878910312 6
      vertex -13.290082324280467 -5.223542864692437 6
      vertex -13.352234841667899 -5.511313579816234 6
    endloop
  endfacet
  facet normal 0 0 1
    outer loop
      vertex -13.23309523389858 -6.964318395909485 6
      vertex -13.20002262568524 -4.943249856236299 6
      vertex -13.290082324280467 -5.223542864692437 6
    endloop
  endfacet
  facet normal 0 0 1
    outer loop
      vertex -13.124896320176791 -7.238121089413184 6
      vertex -13.082923070011327 -4.673133929342997 6
      vertex -13.20002262568524 -4.943249856236299 6
    endloop
  endfacet
  facet normal 0 0 1
    outer loop
      vertex -12.990381056766578 -7.5 6
      vertex -12.939911389993002 -4.415796448048896 6
      vertex -13.082923070011327 -4.673133929342997 6
    endloop
  endfacet
  facet normal 0 0 1
    outer loop
      vertex -12.830844899188108 -7.747433090603407 6
      vertex -12.772364866286967 -4.173715712973838 6
      vertex -12.939911389993002 -4.415796448048896 6
    endloop
  endfacet
  facet normal 0 0 1
    outer loop
      vertex -12.647824267850195 -7.978037445300206 6
      vertex -12.58189706350677 -3.9492230939313857 6
      vertex -12.772364866286967 -4.173715712973838 6
    endloop
  endfacet
  facet normal 0 0 1
    outer loop
      vertex -12.443081751481877 -8.189592218093507 6
      vertex -12.37034229071347 -3.7444805775630674 6
      vertex -12.58189706350677 -3.9492230939313857 6
    endloop
  endfacet
  facet normal 0.840448401094438 0.5418915805747517 0
    outer loop
      vertex -12.830844899188108 -7.747433090603407 6
      vertex -12.990381056766578 -7.5 6
      vertex -12.990381056766578 -7.5 10
    endloop
  endfacet
  facet normal 0.8895160754218541 0.4569038756304248 0
    outer loop
      vertex -12.990381056766578 -7.5 6
      vertex -13.124896320176791 -7.238121089413184 6
      vertex -13.124896320176791 -7.238121089413184 10
    endloop
  endfacet
  facet normal 0.7832867492286509 0.6216605733700766 0
    outer loop
      vertex -12.830844899188108 -7.747433090603407 6
      vertex -12.830844899188108 -7.747433090603407 10
      vertex -12.647824267850195 -7.978037445300206 6
    endloop
  endfacet
  facet normal 0.718581617779699 0.6954426350096106 0
    outer loop
      vertex -12.443081751481877 -8.189592218093507 6
      vertex -12.647824267850195 -7.978037445300206 6
      vertex -12.647824267850195 -7.978037445300206 10
    endloop
  endfacet
  facet normal 0.9300172236840138 0.3675159365946993 0
    outer loop
      vertex -13.23309523389858 -6.964318395909485 6
      vertex -13.23309523389858 -6.964318395909485 10
      vertex -13.124896320176791 -7.238121089413184 6
    endloop
  endfacet
  facet normal 0.961561797682962 0.27458861818493197 0
    outer loop
      vertex -13.23309523389858 -6.964318395909485 6
      vertex -13.313935783245263 -6.68122878910312 6
      vertex -13.313935783245263 -6.68122878910312 10
    endloop
  endfacet
  facet normal 0.9838460059270765 0.17901686127663824 0
    outer loop
      vertex -13.313935783245263 -6.68122878910312 6
      vertex -13.366639429534695 -6.391578576660155 6
      vertex -13.366639429534695 -6.391578576660155 10
    endloop
  endfacet
  facet normal 0.9966552393091805 0.08172107413366554 0
    outer loop
      vertex -13.366639429534695 -6.391578576660155 6
      vertex -13.39069860784236 -6.098157248465329 6
      vertex -13.39069860784236 -6.098157248465329 10
    endloop
  endfacet
  facet normal 0.9998661379095617 -0.016361731626490444 0
    outer loop
      vertex -13.39069860784236 -6.098157248465329 6
      vertex -13.385881615129072 -5.80379061230957 6
      vertex -13.385881615129072 -5.80379061230957 10
    endloop
  endfacet
  facet normal 0.9934477790194444 -0.11428696496684611 0
    outer loop
      vertex -13.385881615129072 -5.80379061230957 6
      vertex -13.352234841667899 -5.511313579816234 6
      vertex -13.352234841667899 -5.511313579816234 10
    endloop
  endfacet
  facet normal 0.9774619749435721 -0.21111155235896348 0
    outer loop
      vertex -13.352234841667899 -5.511313579816234 6
      vertex -13.290082324280467 -5.223542864692437 6
      vertex -13.290082324280467 -5.223542864692437 10
    endloop
  endfacet
  facet normal 0.9520626777139238 -0.30590302009655496 0
    outer loop
      vertex -13.290082324280467 -5.223542864692437 6
      vertex -13.20002262568524 -4.943249856236299 6
      vertex -13.20002262568524 -4.943249856236299 10
    endloop
  endfacet
  facet normal 0.9174944964474911 -0.39774847452701145 0
    outer loop
      vertex -13.20002262568524 -4.943249856236299 6
      vertex -13.082923070011327 -4.673133929342997 6
      vertex -13.082923070011327 -4.673133929342997 10
    endloop
  endfacet
  facet normal 0.8740903416267634 -0.48576339371633176 0
    outer loop
      vertex -13.082923070011327 -4.673133929342997 6
      vertex -12.939911389993002 -4.415796448048896 6
      vertex -12.939911389993002 -4.415796448048896 10
    endloop
  endfacet
  facet normal 0.8222682189897698 -0.5691001458789059 0
    outer loop
      vertex -12.939911389993002 -4.415796448048896 6
      vertex -12.772364866286967 -4.173715712973838 6
      vertex -12.772364866286967 -4.173715712973838 10
    endloop
  endfacet
  facet normal 0.7625272039063895 -0.6469561525348557 0
    outer loop
      vertex -12.772364866286967 -4.173715712973838 6
      vertex -12.58189706350677 -3.9492230939313857 6
      vertex -12.58189706350677 -3.9492230939313857 10
    endloop
  endfacet
  facet normal 0.6954426350096137 -0.7185816177796962 0
    outer loop
      vertex -12.58189706350677 -3.9492230939313857 6
      vertex -12.37034229071347 -3.7444805775630674 6
      vertex -12.37034229071347 -3.7444805775630674 10
    endloop
  endfacet
  facet normal 0 0 1
    outer loop
      vertex -12.218589132439424 -8.380060020873705 6
      vertex -11.976508397364366 -8.547606544579736 6
      vertex -12.002086065554943 -6.5464470910153745 6
    endloop
  endfacet
  facet normal 0 0 1
    outer loop
      vertex -11.976508397364366 -8.547606544579736 6
      vertex -11.864548031846809 -6.85 6
      vertex -11.940773347779261 -6.701601950667471 6
    endloop
  endfacet
  facet normal 0 0 1
    outer loop
      vertex -11.976508397364366 -8.547606544579736 6
      vertex -11.774144209219008 -6.990212084675263 6
      vertex -11.864548031846809 -6.85 6
    endloop
  endfacet
  facet normal 0 0 1
    outer loop
      vertex -11.976508397364366 -8.547606544579736 6
      vertex -11.940773347779261 -6.701601950667471 6
      vertex -12.002086065554943 -6.5464470910153745 6
    endloop
  endfacet
  facet normal 0 0 1
    outer loop
      vertex -11.976508397364366 -8.547606544579736 6
      vertex -11.719170916070265 -8.690618224598063 6
      vertex -11.774144209219008 -6.990212084675263 6
    endloop
  endfacet
  facet normal 0 0 1
    outer loop
      vertex -11.719170916070265 -8.690618224598063 6
      vertex -11.427199274728087 -7.348700678495099 6
      vertex -11.554411758852146 -7.24076892358632 6
    endloop
  endfacet
  facet normal 0 0 1
    outer loop
      vertex -11.449054989176963 -8.807717780271977 6
      vertex -11.290020191518888 -7.443643708595184 6
      vertex -11.427199274728087 -7.348700678495099 6
    endloop
  endfacet
  facet normal 0 0 1
    outer loop
      vertex -11.719170916070265 -8.690618224598063 6
      vertex -11.554411758852146 -7.24076892358632 6
      vertex -11.670432518127525 -7.120887885670117 6
    endloop
  endfacet
  facet normal 0 0 1
    outer loop
      vertex -11.719170916070265 -8.690618224598063 6
      vertex -11.670432518127525 -7.120887885670117 6
      vertex -11.774144209219008 -6.990212084675263 6
    endloop
  endfacet
  facet normal 0 0 1
    outer loop
      vertex -12.443081751481877 -8.189592218093507 6
      vertex -12.218589132439424 -8.380060020873705 6
      vertex -12.37034229071347 -3.7444805775630674 6
    endloop
  endfacet
  facet normal 0 0 1
    outer loop
      vertex -12.218589132439424 -8.380060020873705 6
      vertex -12.07776110974874 -6.221894526774088 6
      vertex -12.091394644123085 -6.05562244079702 6
    endloop
  endfacet
  facet normal 0 0 1
    outer loop
      vertex -12.218589132439424 -8.380060020873705 6
      vertex -12.002086065554943 -6.5464470910153745 6
      vertex -12.047895710184731 -6.386029647158435 6
    endloop
  endfacet
  facet normal 0 0 1
    outer loop
      vertex -12.218589132439424 -8.380060020873705 6
      vertex -12.047895710184731 -6.386029647158435 6
      vertex -12.07776110974874 -6.221894526774088 6
    endloop
  endfacet
  facet normal 0 0 1
    outer loop
      vertex -11.168761980720825 -8.897777478867205 6
      vertex -10.99112992687936 -7.591040075487453 6
      vertex -11.144195618785565 -7.52468366060557 6
    endloop
  endfacet
  facet normal 0 0 1
    outer loop
      vertex -11.449054989176963 -8.807717780271977 6
      vertex -11.144195618785565 -7.52468366060557 6
      vertex -11.290020191518888 -7.443643708595184 6
    endloop
  endfacet
  facet normal 0 0 1
    outer loop
      vertex -11.168761980720825 -8.897777478867205 6
      vertex -10.832297222087547 -7.642073904691416 6
      vertex -10.99112992687936 -7.591040075487453 6
    endloop
  endfacet
  facet normal 0 0 1
    outer loop
      vertex -10.880991265597029 -8.959929996254637 6
      vertex -10.669227150184065 -7.677293664544295 6
      vertex -10.832297222087547 -7.642073904691416 6
    endloop
  endfacet
  facet normal 0 0 1
    outer loop
      vertex -10.880991265597029 -8.959929996254637 6
      vertex -10.503490165104505 -7.696360169505626 6
      vertex -10.669227150184065 -7.677293664544295 6
    endloop
  endfacet
  facet normal 0 0 1
    outer loop
      vertex -10.294147596947935 -8.998393762429098 6
      vertex -10.336682404616244 -7.699089798709822 6
      vertex -10.503490165104505 -7.696360169505626 6
    endloop
  endfacet
  facet normal 0 0 1
    outer loop
      vertex -12.218589132439424 -8.380060020873705 6
      vertex -12.091394644123085 -6.05562244079702 6
      vertex -12.139737936016669 -3.5614599462251544 6
    endloop
  endfacet
  facet normal 0 0 1
    outer loop
      vertex -12.218589132439424 -8.380060020873705 6
      vertex -12.139737936016669 -3.5614599462251544 6
      vertex -12.37034229071347 -3.7444805775630674 6
    endloop
  endfacet
  facet normal 0 0 1
    outer loop
      vertex -12.091394644123085 -6.05562244079702 6
      vertex -12.08866501491889 -5.888814680308757 6
      vertex -12.139737936016669 -3.5614599462251544 6
    endloop
  endfacet
  facet normal 0 0 1
    outer loop
      vertex -12.08866501491889 -5.888814680308757 6
      vertex -12.069598509957558 -5.7230776952291995 6
      vertex -12.139737936016669 -3.5614599462251544 6
    endloop
  endfacet
  facet normal 0 0 1
    outer loop
      vertex -12.069598509957558 -5.7230776952291995 6
      vertex -12.034378750104679 -5.560007623325714 6
      vertex -12.139737936016669 -3.5614599462251544 6
    endloop
  endfacet
  facet normal 0 0 1
    outer loop
      vertex -12.034378750104679 -5.560007623325714 6
      vertex -11.983344920900718 -5.401174918533903 6
      vertex -12.139737936016669 -3.5614599462251544 6
    endloop
  endfacet
  facet normal 0 0 1
    outer loop
      vertex -11.983344920900718 -5.401174918533903 6
      vertex -11.916988506018832 -5.248109226627697 6
      vertex -11.892304845413264 -3.401923788646684 6
    endloop
  endfacet
  facet normal 0 0 1
    outer loop
      vertex -11.916988506018832 -5.248109226627697 6
      vertex -11.835948554008446 -5.102284653894375 6
      vertex -11.892304845413264 -3.401923788646684 6
    endloop
  endfacet
  facet normal 0 0 1
    outer loop
      vertex -11.835948554008446 -5.102284653894375 6
      vertex -11.741005523908363 -4.965105570685175 6
      vertex -11.892304845413264 -3.401923788646684 6
    endloop
  endfacet
  facet normal 0 0 1
    outer loop
      vertex -11.741005523908363 -4.965105570685175 6
      vertex -11.633073768999582 -4.8378930865611185 6
      vertex -11.630425934826448 -3.2674085252364726 6
    endloop
  endfacet
  facet normal 0 0 1
    outer loop
      vertex -11.633073768999582 -4.8378930865611185 6
      vertex -11.51319273108338 -4.721872327285738 6
      vertex -11.630425934826448 -3.2674085252364726 6
    endloop
  endfacet
  facet normal 0 0 1
    outer loop
      vertex -11.51319273108338 -4.721872327285738 6
      vertex -11.382516930088526 -4.618160636194254 6
      vertex -11.630425934826448 -3.2674085252364726 6
    endloop
  endfacet
  facet normal 0 0 1
    outer loop
      vertex -10.294147596947935 -8.998393762429098 6
      vertex -10.170410318639178 -7.685456264335478 6
      vertex -10.336682404616244 -7.699089798709822 6
    endloop
  endfacet
  facet normal 0 0 1
    outer loop
      vertex -10.000726268753109 -8.974334584121431 6
      vertex -10.006275198254828 -7.655590864771467 6
      vertex -10.170410318639178 -7.685456264335478 6
    endloop
  endfacet
  facet normal 0 0 1
    outer loop
      vertex -10.000726268753109 -8.974334584121431 6
      vertex -9.845857754397889 -7.60978122014168 6
      vertex -10.006275198254828 -7.655590864771467 6
    endloop
  endfacet
  facet normal 0 0 1
    outer loop
      vertex -9.711076056310144 -8.921630937832001 6
      vertex -9.690702894745792 -7.548468502365999 6
      vertex -9.845857754397889 -7.60978122014168 6
    endloop
  endfacet
  facet normal 0 0 1
    outer loop
      vertex -9.711076056310144 -8.921630937832001 6
      vertex -9.542304845413264 -7.472243186433546 6
      vertex -9.690702894745792 -7.548468502365999 6
    endloop
  endfacet
  facet normal 0 0 1
    outer loop
      vertex -9.427986449503777 -8.840790388485317 6
      vertex -9.402092760738 -7.381839363805746 6
      vertex -9.542304845413264 -7.472243186433546 6
    endloop
  endfacet
  facet normal 0 0 1
    outer loop
      vertex -9.15418375600008 -8.732591474763527 6
      vertex -8.892304845413264 -8.598076211353316 6
      vertex -9.043604166918161 -7.034894429314825 6
    endloop
  endfacet
  facet normal 0 0 1
    outer loop
      vertex -9.15418375600008 -8.732591474763527 6
      vertex -9.271416959743146 -7.278127672714262 6
      vertex -9.402092760738 -7.381839363805746 6
    endloop
  endfacet
  facet normal 0 0 1
    outer loop
      vertex -8.892304845413264 -8.598076211353316 6
      vertex -8.644871754809856 -8.438540053774846 6
      vertex -8.801264769925808 -6.598825081466097 6
    endloop
  endfacet
  facet normal 0 0 1
    outer loop
      vertex -9.15418375600008 -8.732591474763527 6
      vertex -9.151535921826945 -7.1621069134388815 6
      vertex -9.271416959743146 -7.278127672714262 6
    endloop
  endfacet
  facet normal 0 0 1
    outer loop
      vertex -9.15418375600008 -8.732591474763527 6
      vertex -9.043604166918161 -7.034894429314825 6
      vertex -9.151535921826945 -7.1621069134388815 6
    endloop
  endfacet
  facet normal 0 0 1
    outer loop
      vertex -8.892304845413264 -8.598076211353316 6
      vertex -8.94866113681808 -6.897715346105625 6
      vertex -9.043604166918161 -7.034894429314825 6
    endloop
  endfacet
  facet normal 0 0 1
    outer loop
      vertex -8.892304845413264 -8.598076211353316 6
      vertex -8.867621184807694 -6.751890773372303 6
      vertex -8.94866113681808 -6.897715346105625 6
    endloop
  endfacet
  facet normal 0 0 1
    outer loop
      vertex -8.892304845413264 -8.598076211353316 6
      vertex -8.801264769925808 -6.598825081466097 6
      vertex -8.867621184807694 -6.751890773372303 6
    endloop
  endfacet
  facet normal 0 0 1
    outer loop
      vertex -8.644871754809856 -8.438540053774846 6
      vertex -8.750230940721847 -6.439992376674286 6
      vertex -8.801264769925808 -6.598825081466097 6
    endloop
  endfacet
  facet normal 0 0 1
    outer loop
      vertex -8.644871754809856 -8.438540053774846 6
      vertex -8.715011180868968 -6.2769223047708005 6
      vertex -8.750230940721847 -6.439992376674286 6
    endloop
  endfacet
  facet normal 0 0 1
    outer loop
      vertex -8.644871754809856 -8.438540053774846 6
      vertex -8.695944675907636 -6.111185319691243 6
      vertex -8.715011180868968 -6.2769223047708005 6
    endloop
  endfacet
  facet normal 0 0 1
    outer loop
      vertex -8.644871754809856 -8.438540053774846 6
      vertex -8.693215046703441 -5.94437755920298 6
      vertex -8.695944675907636 -6.111185319691243 6
    endloop
  endfacet
  facet normal 0 0 1
    outer loop
      vertex -8.644871754809856 -8.438540053774846 6
      vertex -8.414267400113058 -8.255519422436933 6
      vertex -8.566020558387102 -3.6199399791262947 6
    endloop
  endfacet
  facet normal 0 0 1
    outer loop
      vertex -8.414267400113058 -8.255519422436933 6
      vertex -8.202712627319755 -8.050776906068615 6
      vertex -8.34152793934465 -3.810407781906493 6
    endloop
  endfacet
  facet normal 0 0 1
    outer loop
      vertex -9.357410416098439 -4.651299321504901 6
      vertex -9.335554701649563 -3.192282219728023 6
      vertex -9.494589499307638 -4.556356291404816 6
    endloop
  endfacet
  facet normal 0 0 1
    outer loop
      vertex -8.644871754809856 -8.438540053774846 6
      vertex -8.566020558387102 -3.6199399791262947 6
      vertex -8.693215046703441 -5.94437755920298 6
    endloop
  endfacet
  facet normal 0 0 1
    outer loop
      vertex -8.414267400113058 -8.255519422436933 6
      vertex -8.34152793934465 -3.810407781906493 6
      vertex -8.566020558387102 -3.6199399791262947 6
    endloop
  endfacet
  facet normal 0 0 1
    outer loop
      vertex -8.843836343047265 -5.298398049332529 6
      vertex -8.782523625271583 -5.4535529089846255 6
      vertex -8.80810129346216 -3.4523934554202635 6
    endloop
  endfacet
  facet normal 0 0 1
    outer loop
      vertex -9.114177172699002 -4.879112114329883 6
      vertex -9.010465481607518 -5.009787915324737 6
      vertex -9.065438774756261 -3.3093817754019357 6
    endloop
  endfacet
  facet normal 0 0 1
    outer loop
      vertex -9.357410416098439 -4.651299321504901 6
      vertex -9.23019793197438 -4.75923107641368 6
      vertex -9.065438774756261 -3.3093817754019357 6
    endloop
  endfacet
  facet normal 0 0 1
    outer loop
      vertex -9.114177172699002 -4.879112114329883 6
      vertex -9.065438774756261 -3.3093817754019357 6
      vertex -9.23019793197438 -4.75923107641368 6
    endloop
  endfacet
  facet normal 0 0 1
    outer loop
      vertex -8.920061658979717 -5.15 6
      vertex -8.80810129346216 -3.4523934554202635 6
      vertex -9.010465481607518 -5.009787915324737 6
    endloop
  endfacet
  facet normal 0 0 1
    outer loop
      vertex -8.920061658979717 -5.15 6
      vertex -8.843836343047265 -5.298398049332529 6
      vertex -8.80810129346216 -3.4523934554202635 6
    endloop
  endfacet
  facet normal 0 0 1
    outer loop
      vertex -8.706848581077786 -5.778105473225912 6
      vertex -8.693215046703441 -5.94437755920298 6
      vertex -8.566020558387102 -3.6199399791262947 6
    endloop
  endfacet
  facet normal 0 0 1
    outer loop
      vertex -8.706848581077786 -5.778105473225912 6
      vertex -8.566020558387102 -3.6199399791262947 6
      vertex -8.736713980641795 -5.613970352841565 6
    endloop
  endfacet
  facet normal 0 0 1
    outer loop
      vertex -8.736713980641795 -5.613970352841565 6
      vertex -8.566020558387102 -3.6199399791262947 6
      vertex -8.782523625271583 -5.4535529089846255 6
    endloop
  endfacet
  facet normal 0 0 1
    outer loop
      vertex -8.782523625271583 -5.4535529089846255 6
      vertex -8.566020558387102 -3.6199399791262947 6
      vertex -8.80810129346216 -3.4523934554202635 6
    endloop
  endfacet
  facet normal -0.6954426350096076 0.7185816177797019 0
    outer loop
      vertex -8.414267400113058 -8.255519422436933 6
      vertex -8.414267400113058 -8.255519422436933 10
      vertex -8.202712627319755 -8.050776906068615 6
    endloop
  endfacet
  facet normal 0 0 1
    outer loop
      vertex -11.983344920900718 -5.401174918533903 6
      vertex -11.892304845413264 -3.401923788646684 6
      vertex -12.139737936016669 -3.5614599462251544 6
    endloop
  endfacet
  facet normal 0 0 1
    outer loop
      vertex -11.741005523908363 -4.965105570685175 6
      vertex -11.630425934826448 -3.2674085252364726 6
      vertex -11.892304845413264 -3.401923788646684 6
    endloop
  endfacet
  facet normal 0 0 1
    outer loop
      vertex -11.382516930088526 -4.618160636194254 6
      vertex -11.356623241322747 -3.1592096115146835 6
      vertex -11.630425934826448 -3.2674085252364726 6
    endloop
  endfacet
  facet normal 0 0 1
    outer loop
      vertex -11.382516930088526 -4.618160636194254 6
      vertex -11.242304845413264 -4.527756813566454 6
      vertex -11.356623241322747 -3.1592096115146835 6
    endloop
  endfacet
  facet normal 0 0 1
    outer loop
      vertex -11.242304845413264 -4.527756813566454 6
      vertex -11.093906796080734 -4.451531497634001 6
      vertex -11.073533634516384 -3.0783690621679995 6
    endloop
  endfacet
  facet normal 0 0 1
    outer loop
      vertex -11.093906796080734 -4.451531497634001 6
      vertex -10.938751936428638 -4.39021877985832 6
      vertex -11.073533634516384 -3.0783690621679995 6
    endloop
  endfacet
  facet normal 0 0 1
    outer loop
      vertex -10.938751936428638 -4.39021877985832 6
      vertex -10.778334492571698 -4.344409135228533 6
      vertex -10.78388342207342 -3.0256654158785694 6
    endloop
  endfacet
  facet normal 0 0 1
    outer loop
      vertex -11.242304845413264 -4.527756813566454 6
      vertex -11.073533634516384 -3.0783690621679995 6
      vertex -11.356623241322747 -3.1592096115146835 6
    endloop
  endfacet
  facet normal 0 0 1
    outer loop
      vertex -10.938751936428638 -4.39021877985832 6
      vertex -10.78388342207342 -3.0256654158785694 6
      vertex -11.073533634516384 -3.0783690621679995 6
    endloop
  endfacet
  facet normal 0 0 1
    outer loop
      vertex -10.778334492571698 -4.344409135228533 6
      vertex -10.61419937218735 -4.314543735664522 6
      vertex -10.78388342207342 -3.0256654158785694 6
    endloop
  endfacet
  facet normal 0 0 1
    outer loop
      vertex -10.61419937218735 -4.314543735664522 6
      vertex -10.447927286210282 -4.300910201290178 6
      vertex -10.490462093878591 -3.0016062375709027 6
    endloop
  endfacet
  facet normal 0 0 1
    outer loop
      vertex -10.447927286210282 -4.300910201290178 6
      vertex -10.281119525722021 -4.303639830494374 6
      vertex -10.490462093878591 -3.0016062375709027 6
    endloop
  endfacet
  facet normal 0 0 1
    outer loop
      vertex -10.61419937218735 -4.314543735664522 6
      vertex -10.490462093878591 -3.0016062375709027 6
      vertex -10.78388342207342 -3.0256654158785694 6
    endloop
  endfacet
  facet normal 0 0 1
    outer loop
      vertex -10.281119525722021 -4.303639830494374 6
      vertex -10.196095457722834 -3.0064232302841893 6
      vertex -10.490462093878591 -3.0016062375709027 6
    endloop
  endfacet
  facet normal 0 0 1
    outer loop
      vertex -10.281119525722021 -4.303639830494374 6
      vertex -10.115382540642461 -4.322706335455705 6
      vertex -9.903618425229498 -3.040070003745363 6
    endloop
  endfacet
  facet normal 0 0 1
    outer loop
      vertex -9.95231246873898 -4.357926095308584 6
      vertex -9.903618425229498 -3.040070003745363 6
      vertex -10.115382540642461 -4.322706335455705 6
    endloop
  endfacet
  facet normal 0 0 1
    outer loop
      vertex -10.281119525722021 -4.303639830494374 6
      vertex -9.903618425229498 -3.040070003745363 6
      vertex -10.196095457722834 -3.0064232302841893 6
    endloop
  endfacet
  facet normal 0 0 1
    outer loop
      vertex -9.95231246873898 -4.357926095308584 6
      vertex -9.615847710105701 -3.1022225211327954 6
      vertex -9.903618425229498 -3.040070003745363 6
    endloop
  endfacet
  facet normal 0 0 1
    outer loop
      vertex -9.95231246873898 -4.357926095308584 6
      vertex -9.793479763947166 -4.408959924512547 6
      vertex -9.615847710105701 -3.1022225211327954 6
    endloop
  endfacet
  facet normal 0 0 1
    outer loop
      vertex -9.793479763947166 -4.408959924512547 6
      vertex -9.640414072040961 -4.47531633939443 6
      vertex -9.615847710105701 -3.1022225211327954 6
    endloop
  endfacet
  facet normal 0 0 1
    outer loop
      vertex -9.640414072040961 -4.47531633939443 6
      vertex -9.494589499307638 -4.556356291404816 6
      vertex -9.335554701649563 -3.192282219728023 6
    endloop
  endfacet
  facet normal 0 0 1
    outer loop
      vertex -9.640414072040961 -4.47531633939443 6
      vertex -9.335554701649563 -3.192282219728023 6
      vertex -9.615847710105701 -3.1022225211327954 6
    endloop
  endfacet
  facet normal 0 0 1
    outer loop
      vertex -9.357410416098439 -4.651299321504901 6
      vertex -9.065438774756261 -3.3093817754019357 6
      vertex -9.335554701649563 -3.192282219728023 6
    endloop
  endfacet
  facet normal 0 0 1
    outer loop
      vertex -9.010465481607518 -5.009787915324737 6
      vertex -8.80810129346216 -3.4523934554202635 6
      vertex -9.065438774756261 -3.3093817754019357 6
    endloop
  endfacet
  facet normal 0.6216605733700746 -0.7832867492286526 0
    outer loop
      vertex -12.37034229071347 -3.7444805775630674 6
      vertex -12.139737936016669 -3.5614599462251544 6
      vertex -12.139737936016669 -3.5614599462251544 10
    endloop
  endfacet
  facet normal 0.5418915805747545 -0.8404484010944362 0
    outer loop
      vertex -12.139737936016669 -3.5614599462251544 6
      vertex -11.892304845413264 -3.401923788646684 6
      vertex -11.892304845413264 -3.401923788646684 10
    endloop
  endfacet
  facet normal 0.45690387563041995 -0.8895160754218564 0
    outer loop
      vertex -11.892304845413264 -3.401923788646684 6
      vertex -11.630425934826448 -3.2674085252364726 6
      vertex -11.630425934826448 -3.2674085252364726 10
    endloop
  endfacet
  facet normal 0.3675159365947011 -0.9300172236840131 0
    outer loop
      vertex -11.630425934826448 -3.2674085252364726 6
      vertex -11.356623241322747 -3.1592096115146835 6
      vertex -11.356623241322747 -3.1592096115146835 10
    endloop
  endfacet
  facet normal 0.2745886181849336 -0.9615617976829616 0
    outer loop
      vertex -11.356623241322747 -3.1592096115146835 6
      vertex -11.073533634516384 -3.0783690621679995 6
      vertex -11.073533634516384 -3.0783690621679995 10
    endloop
  endfacet
  facet normal 0.17901686127663238 -0.9838460059270774 0
    outer loop
      vertex -11.073533634516384 -3.0783690621679995 6
      vertex -10.78388342207342 -3.0256654158785694 6
      vertex -10.78388342207342 -3.0256654158785694 10
    endloop
  endfacet
  facet normal 0.08172107413367104 -0.99665523930918 0
    outer loop
      vertex -10.78388342207342 -3.0256654158785694 6
      vertex -10.490462093878591 -3.0016062375709027 6
      vertex -10.490462093878591 -3.0016062375709027 10
    endloop
  endfacet
  facet normal -0.30590302009655357 -0.9520626777139242 0
    outer loop
      vertex -9.615847710105701 -3.1022225211327954 6
      vertex -9.335554701649563 -3.192282219728023 6
      vertex -9.335554701649563 -3.192282219728023 10
    endloop
  endfacet
  facet normal -0.016361731626487477 -0.9998661379095618 0
    outer loop
      vertex -10.490462093878591 -3.0016062375709027 6
      vertex -10.196095457722834 -3.0064232302841893 6
      vertex -10.196095457722834 -3.0064232302841893 10
    endloop
  endfacet
  facet normal -0.11428696496684797 -0.9934477790194444 0
    outer loop
      vertex -10.196095457722834 -3.0064232302841893 6
      vertex -9.903618425229498 -3.040070003745363 6
      vertex -9.903618425229498 -3.040070003745363 10
    endloop
  endfacet
  facet normal -0.21111155235896492 -0.977461974943572 0
    outer loop
      vertex -9.903618425229498 -3.040070003745363 6
      vertex -9.615847710105701 -3.1022225211327954 6
      vertex -9.615847710105701 -3.1022225211327954 10
    endloop
  endfacet
  facet normal -0.397748474527014 -0.9174944964474901 0
    outer loop
      vertex -9.335554701649563 -3.192282219728023 6
      vertex -9.065438774756261 -3.3093817754019357 6
      vertex -9.065438774756261 -3.3093817754019357 10
    endloop
  endfacet
  facet normal -0.4857633937163376 -0.8740903416267601 0
    outer loop
      vertex -9.065438774756261 -3.3093817754019357 6
      vertex -8.80810129346216 -3.4523934554202635 6
      vertex -8.80810129346216 -3.4523934554202635 10
    endloop
  endfacet
  facet normal -0.6469561525348558 -0.7625272039063895 0
    outer loop
      vertex -8.566020558387102 -3.6199399791262947 6
      vertex -8.34152793934465 -3.810407781906493 6
      vertex -8.34152793934465 -3.810407781906493 10
    endloop
  endfacet
  facet normal -0.5691001458788977 -0.8222682189897753 0
    outer loop
      vertex -8.80810129346216 -3.4523934554202635 6
      vertex -8.566020558387102 -3.6199399791262947 6
      vertex -8.566020558387102 -3.6199399791262947 10
    endloop
  endfacet
  facet normal 0.8895160754218541 0.4569038756304248 0
    outer loop
      vertex -12.990381056766578 -7.5 6
      vertex -13.124896320176791 -7.238121089413184 10
      vertex -12.990381056766578 -7.5 10
    endloop
  endfacet
  facet normal 0.7832867492286509 0.6216605733700766 0
    outer loop
      vertex -12.647824267850195 -7.978037445300206 6
      vertex -12.830844899188108 -7.747433090603407 10
      vertex -12.647824267850195 -7.978037445300206 10
    endloop
  endfacet
  facet normal 0.718581617779699 0.6954426350096106 0
    outer loop
      vertex -12.443081751481877 -8.189592218093507 6
      vertex -12.647824267850195 -7.978037445300206 10
      vertex -12.443081751481877 -8.189592218093507 10
    endloop
  endfacet
  facet normal 0.840448401094438 0.5418915805747517 0
    outer loop
      vertex -12.830844899188108 -7.747433090603407 6
      vertex -12.990381056766578 -7.5 10
      vertex -12.830844899188108 -7.747433090603407 10
    endloop
  endfacet
  facet normal 0.9300172236840138 0.3675159365946993 0
    outer loop
      vertex -13.124896320176791 -7.238121089413184 6
      vertex -13.23309523389858 -6.964318395909485 10
      vertex -13.124896320176791 -7.238121089413184 10
    endloop
  endfacet
  facet normal 0.961561797682962 0.27458861818493197 0
    outer loop
      vertex -13.23309523389858 -6.964318395909485 6
      vertex -13.313935783245263 -6.68122878910312 10
      vertex -13.23309523389858 -6.964318395909485 10
    endloop
  endfacet
  facet normal 0.9838460059270765 0.17901686127663824 0
    outer loop
      vertex -13.313935783245263 -6.68122878910312 6
      vertex -13.366639429534695 -6.391578576660155 10
      vertex -13.313935783245263 -6.68122878910312 10
    endloop
  endfacet
  facet normal 0.9966552393091805 0.08172107413366554 0
    outer loop
      vertex -13.366639429534695 -6.391578576660155 6
      vertex -13.39069860784236 -6.098157248465329 10
      vertex -13.366639429534695 -6.391578576660155 10
    endloop
  endfacet
  facet normal 0.9998661379095617 -0.016361731626490444 0
    outer loop
      vertex -13.39069860784236 -6.098157248465329 6
      vertex -13.385881615129072 -5.80379061230957 10
      vertex -13.39069860784236 -6.098157248465329 10
    endloop
  endfacet
  facet normal 0.9934477790194444 -0.11428696496684611 0
    outer loop
      vertex -13.385881615129072 -5.80379061230957 6
      vertex -13.352234841667899 -5.511313579816234 10
      vertex -13.385881615129072 -5.80379061230957 10
    endloop
  endfacet
  facet normal 0.9774619749435721 -0.21111155235896348 0
    outer loop
      vertex -13.352234841667899 -5.511313579816234 6
      vertex -13.290082324280467 -5.223542864692437 10
      vertex -13.352234841667899 -5.511313579816234 10
    endloop
  endfacet
  facet normal 0.9520626777139238 -0.30590302009655496 0
    outer loop
      vertex -13.290082324280467 -5.223542864692437 6
      vertex -13.20002262568524 -4.943249856236299 10
      vertex -13.290082324280467 -5.223542864692437 10
    endloop
  endfacet
  facet normal 0.9174944964474911 -0.39774847452701145 0
    outer loop
      vertex -13.20002262568524 -4.943249856236299 6
      vertex -13.082923070011327 -4.673133929342997 10
      vertex -13.20002262568524 -4.943249856236299 10
    endloop
  endfacet
  facet normal 0.8740903416267634 -0.48576339371633176 0
    outer loop
      vertex -13.082923070011327 -4.673133929342997 6
      vertex -12.939911389993002 -4.415796448048896 10
      vertex -13.082923070011327 -4.673133929342997 10
    endloop
  endfacet
  facet normal 0.8222682189897698 -0.5691001458789059 0
    outer loop
      vertex -12.939911389993002 -4.415796448048896 6
      vertex -12.772364866286967 -4.173715712973838 10
      vertex -12.939911389993002 -4.415796448048896 10
    endloop
  endfacet
  facet normal 0.7625272039063895 -0.6469561525348557 0
    outer loop
      vertex -12.772364866286967 -4.173715712973838 6
      vertex -12.58189706350677 -3.9492230939313857 10
      vertex -12.772364866286967 -4.173715712973838 10
    endloop
  endfacet
  facet normal 0.6954426350096137 -0.7185816177796962 0
    outer loop
      vertex -12.58189706350677 -3.9492230939313857 6
      vertex -12.37034229071347 -3.7444805775630674 10
      vertex -12.58189706350677 -3.9492230939313857 10
    endloop
  endfacet
  facet normal -0.6954426350096076 0.7185816177797019 0
    outer loop
      vertex -8.202712627319755 -8.050776906068615 6
      vertex -8.414267400113058 -8.255519422436933 10
      vertex -8.202712627319755 -8.050776906068615 10
    endloop
  endfacet
  facet normal 0.6216605733700746 -0.7832867492286526 0
    outer loop
      vertex -12.37034229071347 -3.7444805775630674 6
      vertex -12.139737936016669 -3.5614599462251544 10
      vertex -12.37034229071347 -3.7444805775630674 10
    endloop
  endfacet
  facet normal 0.5418915805747545 -0.8404484010944362 0
    outer loop
      vertex -12.139737936016669 -3.5614599462251544 6
      vertex -11.892304845413264 -3.401923788646684 10
      vertex -12.139737936016669 -3.5614599462251544 10
    endloop
  endfacet
  facet normal 0.45690387563041995 -0.8895160754218564 0
    outer loop
      vertex -11.892304845413264 -3.401923788646684 6
      vertex -11.630425934826448 -3.2674085252364726 10
      vertex -11.892304845413264 -3.401923788646684 10
    endloop
  endfacet
  facet normal 0.3675159365947011 -0.9300172236840131 0
    outer loop
      vertex -11.630425934826448 -3.2674085252364726 6
      vertex -11.356623241322747 -3.1592096115146835 10
      vertex -11.630425934826448 -3.2674085252364726 10
    endloop
  endfacet
  facet normal 0.2745886181849336 -0.9615617976829616 0
    outer loop
      vertex -11.356623241322747 -3.1592096115146835 6
      vertex -11.073533634516384 -3.0783690621679995 10
      vertex -11.356623241322747 -3.1592096115146835 10
    endloop
  endfacet
  facet normal 0.17901686127663238 -0.9838460059270774 0
    outer loop
      vertex -11.073533634516384 -3.0783690621679995 6
      vertex -10.78388342207342 -3.0256654158785694 10
      vertex -11.073533634516384 -3.0783690621679995 10
    endloop
  endfacet
  facet normal 0.08172107413367104 -0.99665523930918 0
    outer loop
      vertex -10.78388342207342 -3.0256654158785694 6
      vertex -10.490462093878591 -3.0016062375709027 10
      vertex -10.78388342207342 -3.0256654158785694 10
    endloop
  endfacet
  facet normal -0.016361731626487477 -0.9998661379095618 0
    outer loop
      vertex -10.490462093878591 -3.0016062375709027 6
      vertex -10.196095457722834 -3.0064232302841893 10
      vertex -10.490462093878591 -3.0016062375709027 10
    endloop
  endfacet
  facet normal -0.30590302009655357 -0.9520626777139242 0
    outer loop
      vertex -9.615847710105701 -3.1022225211327954 6
      vertex -9.335554701649563 -3.192282219728023 10
      vertex -9.615847710105701 -3.1022225211327954 10
    endloop
  endfacet
  facet normal -0.11428696496684797 -0.9934477790194444 0
    outer loop
      vertex -10.196095457722834 -3.0064232302841893 6
      vertex -9.903618425229498 -3.040070003745363 10
      vertex -10.196095457722834 -3.0064232302841893 10
    endloop
  endfacet
  facet normal -0.21111155235896492 -0.977461974943572 0
    outer loop
      vertex -9.903618425229498 -3.040070003745363 6
      vertex -9.615847710105701 -3.1022225211327954 10
      vertex -9.903618425229498 -3.040070003745363 10
    endloop
  endfacet
  facet normal -0.397748474527014 -0.9174944964474901 0
    outer loop
      vertex -9.335554701649563 -3.192282219728023 6
      vertex -9.065438774756261 -3.3093817754019357 10
      vertex -9.335554701649563 -3.192282219728023 10
    endloop
  endfacet
  facet normal -0.4857633937163376 -0.8740903416267601 0
    outer loop
      vertex -9.065438774756261 -3.3093817754019357 6
      vertex -8.80810129346216 -3.4523934554202635 10
      vertex -9.065438774756261 -3.3093817754019357 10
    endloop
  endfacet
  facet normal -0.718581617779699 -0.6954426350096106 0
    outer loop
      vertex -8.34152793934465 -3.810407781906493 6
      vertex -8.136785422976331 -4.021962554699794 10
      vertex -8.34152793934465 -3.810407781906493 10
    endloop
  endfacet
  facet normal -0.6469561525348558 -0.7625272039063895 0
    outer loop
      vertex -8.566020558387102 -3.6199399791262947 6
      vertex -8.34152793934465 -3.810407781906493 10
      vertex -8.566020558387102 -3.6199399791262947 10
    endloop
  endfacet
  facet normal -0.5691001458788977 -0.8222682189897753 0
    outer loop
      vertex -8.80810129346216 -3.4523934554202635 6
      vertex -8.566020558387102 -3.6199399791262947 10
      vertex -8.80810129346216 -3.4523934554202635 10
    endloop
  endfacet
  facet normal 0 0 1
    outer loop
      vertex -8.202712627319755 -8.050776906068615 6
      vertex -8.012244824539557 -7.826284287026162 6
      vertex -8.136785422976331 -4.021962554699794 6
    endloop
  endfacet
  facet normal 0 0 1
    outer loop
      vertex -8.012244824539557 -7.826284287026162 6
      vertex -7.844698300833525 -7.584203551951104 6
      vertex -7.9537647916384175 -4.252566909396593 6
    endloop
  endfacet
  facet normal 0 0 1
    outer loop
      vertex -7.844698300833525 -7.584203551951104 6
      vertex -7.701686620815199 -7.326866070657003 6
      vertex -7.794228634059947 -4.5 6
    endloop
  endfacet
  facet normal 0 0 1
    outer loop
      vertex -7.701686620815199 -7.326866070657003 6
      vertex -7.584587065141287 -7.056750143763701 6
      vertex -7.659713370649736 -4.761878910586816 6
    endloop
  endfacet
  facet normal 0 0 1
    outer loop
      vertex -7.584587065141287 -7.056750143763701 6
      vertex -7.494527366546059 -6.776457135307563 6
      vertex -7.551514456927947 -5.035681604090515 6
    endloop
  endfacet
  facet normal 0 0 1
    outer loop
      vertex -7.494527366546059 -6.776457135307563 6
      vertex -7.432374849158627 -6.488686420183766 6
      vertex -7.470673907581263 -5.31877121089688 6
    endloop
  endfacet
  facet normal 0 0 1
    outer loop
      vertex -8.202712627319755 -8.050776906068615 6
      vertex -8.136785422976331 -4.021962554699794 6
      vertex -8.34152793934465 -3.810407781906493 6
    endloop
  endfacet
  facet normal 0 0 1
    outer loop
      vertex -8.012244824539557 -7.826284287026162 6
      vertex -7.9537647916384175 -4.252566909396593 6
      vertex -8.136785422976331 -4.021962554699794 6
    endloop
  endfacet
  facet normal 0 0 1
    outer loop
      vertex -7.844698300833525 -7.584203551951104 6
      vertex -7.794228634059947 -4.5 6
      vertex -7.9537647916384175 -4.252566909396593 6
    endloop
  endfacet
  facet normal 0 0 1
    outer loop
      vertex -7.494527366546059 -6.776457135307563 6
      vertex -7.470673907581263 -5.31877121089688 6
      vertex -7.551514456927947 -5.035681604090515 6
    endloop
  endfacet
  facet normal 0 0 1
    outer loop
      vertex -7.432374849158627 -6.488686420183766 6
      vertex -7.398728075697454 -6.19620938769043 6
      vertex -7.417970261291832 -5.608421423339845 6
    endloop
  endfacet
  facet normal 0 0 1
    outer loop
      vertex -7.432374849158627 -6.488686420183766 6
      vertex -7.417970261291832 -5.608421423339845 6
      vertex -7.470673907581263 -5.31877121089688 6
    endloop
  endfacet
  facet normal 0 0 1
    outer loop
      vertex -7.398728075697454 -6.19620938769043 6
      vertex -7.393911082984166 -5.901842751534671 6
      vertex -7.417970261291832 -5.608421423339845 6
    endloop
  endfacet
  facet normal 0 0 1
    outer loop
      vertex -7.701686620815199 -7.326866070657003 6
      vertex -7.659713370649736 -4.761878910586816 6
      vertex -7.794228634059947 -4.5 6
    endloop
  endfacet
  facet normal 0 0 1
    outer loop
      vertex -7.584587065141287 -7.056750143763701 6
      vertex -7.551514456927947 -5.035681604090515 6
      vertex -7.659713370649736 -4.761878910586816 6
    endloop
  endfacet
  facet normal -0.7625272039063902 0.646956152534855 0
    outer loop
      vertex -8.202712627319755 -8.050776906068615 6
      vertex -8.202712627319755 -8.050776906068615 10
      vertex -8.012244824539557 -7.826284287026162 6
    endloop
  endfacet
  facet normal -0.8222682189897741 0.5691001458788999 0
    outer loop
      vertex -8.012244824539557 -7.826284287026162 6
      vertex -8.012244824539557 -7.826284287026162 10
      vertex -7.844698300833525 -7.584203551951104 6
    endloop
  endfacet
  facet normal -0.8740903416267621 0.48576339371633415 0
    outer loop
      vertex -7.844698300833525 -7.584203551951104 6
      vertex -7.844698300833525 -7.584203551951104 10
      vertex -7.701686620815199 -7.326866070657003 6
    endloop
  endfacet
  facet normal -0.9174944964474911 0.39774847452701145 0
    outer loop
      vertex -7.701686620815199 -7.326866070657003 6
      vertex -7.701686620815199 -7.326866070657003 10
      vertex -7.584587065141287 -7.056750143763701 6
    endloop
  endfacet
  facet normal -0.9520626777139238 0.30590302009655496 0
    outer loop
      vertex -7.584587065141287 -7.056750143763701 6
      vertex -7.584587065141287 -7.056750143763701 10
      vertex -7.494527366546059 -6.776457135307563 6
    endloop
  endfacet
  facet normal -0.9774619749435721 0.21111155235896348 0
    outer loop
      vertex -7.494527366546059 -6.776457135307563 6
      vertex -7.494527366546059 -6.776457135307563 10
      vertex -7.432374849158627 -6.488686420183766 6
    endloop
  endfacet
  facet normal -0.9934477790194444 0.11428696496684611 0
    outer loop
      vertex -7.432374849158627 -6.488686420183766 6
      vertex -7.432374849158627 -6.488686420183766 10
      vertex -7.398728075697454 -6.19620938769043 6
    endloop
  endfacet
  facet normal -0.9998661379095617 0.016361731626490444 0
    outer loop
      vertex -7.398728075697454 -6.19620938769043 6
      vertex -7.398728075697454 -6.19620938769043 10
      vertex -7.393911082984166 -5.901842751534671 6
    endloop
  endfacet
  facet normal -0.9966552393091803 -0.08172107413366855 0
    outer loop
      vertex -7.393911082984166 -5.901842751534671 6
      vertex -7.393911082984166 -5.901842751534671 10
      vertex -7.417970261291832 -5.608421423339845 6
    endloop
  endfacet
  facet normal -0.961561797682962 -0.27458861818493197 0
    outer loop
      vertex -7.470673907581263 -5.31877121089688 6
      vertex -7.470673907581263 -5.31877121089688 10
      vertex -7.551514456927947 -5.035681604090515 6
    endloop
  endfacet
  facet normal -0.983846005927077 -0.17901686127663533 0
    outer loop
      vertex -7.470673907581263 -5.31877121089688 6
      vertex -7.417970261291832 -5.608421423339845 6
      vertex -7.417970261291832 -5.608421423339845 10
    endloop
  endfacet
  facet normal -0.7832867492286495 -0.6216605733700785 0
    outer loop
      vertex -8.136785422976331 -4.021962554699794 6
      vertex -7.9537647916384175 -4.252566909396593 6
      vertex -7.9537647916384175 -4.252566909396593 10
    endloop
  endfacet
  facet normal -0.840448401094438 -0.5418915805747517 0
    outer loop
      vertex -7.794228634059947 -4.5 6
      vertex -7.794228634059947 -4.5 10
      vertex -7.9537647916384175 -4.252566909396593 6
    endloop
  endfacet
  facet normal -0.9300172236840127 -0.3675159365947019 0
    outer loop
      vertex -7.659713370649736 -4.761878910586816 6
      vertex -7.551514456927947 -5.035681604090515 6
      vertex -7.551514456927947 -5.035681604090515 10
    endloop
  endfacet
  facet normal -0.8895160754218564 -0.45690387563041995 0
    outer loop
      vertex -7.659713370649736 -4.761878910586816 6
      vertex -7.659713370649736 -4.761878910586816 10
      vertex -7.794228634059947 -4.5 6
    endloop
  endfacet
  facet normal -0.718581617779699 -0.6954426350096106 0
    outer loop
      vertex -8.136785422976331 -4.021962554699794 6
      vertex -8.136785422976331 -4.021962554699794 10
      vertex -8.34152793934465 -3.810407781906493 6
    endloop
  endfacet
  facet normal -0.7625272039063902 0.646956152534855 0
    outer loop
      vertex -8.012244824539557 -7.826284287026162 6
      vertex -8.202712627319755 -8.050776906068615 10
      vertex -8.012244824539557 -7.826284287026162 10
    endloop
  endfacet
  facet normal -0.8222682189897741 0.5691001458788999 0
    outer loop
      vertex -7.844698300833525 -7.584203551951104 6
      vertex -8.012244824539557 -7.826284287026162 10
      vertex -7.844698300833525 -7.584203551951104 10
    endloop
  endfacet
  facet normal -0.8740903416267621 0.48576339371633415 0
    outer loop
      vertex -7.701686620815199 -7.326866070657003 6
      vertex -7.844698300833525 -7.584203551951104 10
      vertex -7.701686620815199 -7.326866070657003 10
    endloop
  endfacet
  facet normal -0.9174944964474911 0.39774847452701145 0
    outer loop
      vertex -7.584587065141287 -7.056750143763701 6
      vertex -7.701686620815199 -7.326866070657003 10
      vertex -7.584587065141287 -7.056750143763701 10
    endloop
  endfacet
  facet normal -0.9520626777139238 0.30590302009655496 0
    outer loop
      vertex -7.494527366546059 -6.776457135307563 6
      vertex -7.584587065141287 -7.056750143763701 10
      vertex -7.494527366546059 -6.776457135307563 10
    endloop
  endfacet
  facet normal -0.9774619749435721 0.21111155235896348 0
    outer loop
      vertex -7.432374849158627 -6.488686420183766 6
      vertex -7.494527366546059 -6.776457135307563 10
      vertex -7.432374849158627 -6.488686420183766 10
    endloop
  endfacet
  facet normal -0.9934477790194444 0.11428696496684611 0
    outer loop
      vertex -7.398728075697454 -6.19620938769043 6
      vertex -7.432374849158627 -6.488686420183766 10
      vertex -7.398728075697454 -6.19620938769043 10
    endloop
  endfacet
  facet normal -0.9998661379095617 0.016361731626490444 0
    outer loop
      vertex -7.393911082984166 -5.901842751534671 6
      vertex -7.398728075697454 -6.19620938769043 10
      vertex -7.393911082984166 -5.901842751534671 10
    endloop
  endfacet
  facet normal -0.9966552393091803 -0.08172107413366855 0
    outer loop
      vertex -7.417970261291832 -5.608421423339845 6
      vertex -7.393911082984166 -5.901842751534671 10
      vertex -7.417970261291832 -5.608421423339845 10
    endloop
  endfacet
  facet normal -0.983846005927077 -0.17901686127663533 0
    outer loop
      vertex -7.470673907581263 -5.31877121089688 6
      vertex -7.417970261291832 -5.608421423339845 10
      vertex -7.470673907581263 -5.31877121089688 10
    endloop
  endfacet
  facet normal -0.8895160754218564 -0.45690387563041995 0
    outer loop
      vertex -7.794228634059947 -4.5 6
      vertex -7.659713370649736 -4.761878910586816 10
      vertex -7.794228634059947 -4.5 10
    endloop
  endfacet
  facet normal -0.840448401094438 -0.5418915805747517 0
    outer loop
      vertex -7.9537647916384175 -4.252566909396593 6
      vertex -7.794228634059947 -4.5 10
      vertex -7.9537647916384175 -4.252566909396593 10
    endloop
  endfacet
  facet normal -0.961561797682962 -0.27458861818493197 0
    outer loop
      vertex -7.551514456927947 -5.035681604090515 6
      vertex -7.470673907581263 -5.31877121089688 10
      vertex -7.551514456927947 -5.035681604090515 10
    endloop
  endfacet
  facet normal -0.9300172236840127 -0.3675159365947019 0
    outer loop
      vertex -7.659713370649736 -4.761878910586816 6
      vertex -7.551514456927947 -5.035681604090515 10
      vertex -7.659713370649736 -4.761878910586816 10
    endloop
  endfacet
  facet normal -0.7832867492286495 -0.6216605733700785 0
    outer loop
      vertex -8.136785422976331 -4.021962554699794 6
      vertex -7.9537647916384175 -4.252566909396593 10
      vertex -8.136785422976331 -4.021962554699794 10
    endloop
  endfacet
endsolid OpenSCAD_Model
