solid OpenSCAD_Model
  facet normal 0.0747256 0 -0.997204
    outer loop
      vertex 19.2546 0 -9.71731
      vertex 19.4856 3 -9.7
      vertex 19.4856 0 -9.7
    endloop
  endfacet
  facet normal 0.0747256 0 -0.997204
    outer loop
      vertex 19.4856 3 -9.7
      vertex 19.2546 0 -9.71731
      vertex 19.2546 3 -9.71731
    endloop
  endfacet
  facet normal -0.0747256 0 -0.997204
    outer loop
      vertex 19.4856 0 -9.7
      vertex 19.7166 3 -9.71731
      vertex 19.7166 0 -9.71731
    endloop
  endfacet
  facet normal -0.0747256 0 -0.997204
    outer loop
      vertex 19.7166 3 -9.71731
      vertex 19.4856 0 -9.7
      vertex 19.4856 3 -9.7
    endloop
  endfacet
  facet normal -0.222573 0 -0.974916
    outer loop
      vertex 19.7166 0 -9.71731
      vertex 19.9424 3 -9.76886
      vertex 19.9424 0 -9.76886
    endloop
  endfacet
  facet normal -0.222573 0 -0.974916
    outer loop
      vertex 19.9424 3 -9.76886
      vertex 19.7166 0 -9.71731
      vertex 19.7166 3 -9.71731
    endloop
  endfacet
  facet normal -0.365281 0 -0.930897
    outer loop
      vertex 19.9424 0 -9.76886
      vertex 20.1581 3 -9.8535
      vertex 20.1581 0 -9.8535
    endloop
  endfacet
  facet normal -0.365281 0 -0.930897
    outer loop
      vertex 20.1581 3 -9.8535
      vertex 19.9424 0 -9.76886
      vertex 19.9424 3 -9.76886
    endloop
  endfacet
  facet normal -0.500044 0 -0.866
    outer loop
      vertex 20.1581 0 -9.8535
      vertex 20.3587 3 -9.96933
      vertex 20.3587 0 -9.96933
    endloop
  endfacet
  facet normal -0.500044 0 -0.866
    outer loop
      vertex 20.3587 3 -9.96933
      vertex 20.1581 0 -9.8535
      vertex 20.1581 3 -9.8535
    endloop
  endfacet
  facet normal -0.623615 0 -0.781731
    outer loop
      vertex 20.3587 0 -9.96933
      vertex 20.5398 3 -10.1138
      vertex 20.5398 0 -10.1138
    endloop
  endfacet
  facet normal -0.623615 0 -0.781731
    outer loop
      vertex 20.5398 3 -10.1138
      vertex 20.3587 0 -9.96933
      vertex 20.3587 3 -9.96933
    endloop
  endfacet
  facet normal -0.732947 0 -0.680286
    outer loop
      vertex 20.6974 0 -10.2836
      vertex 20.5398 3 -10.1138
      vertex 20.6974 3 -10.2836
    endloop
  endfacet
  facet normal -0.732947 -0 -0.680286
    outer loop
      vertex 20.5398 3 -10.1138
      vertex 20.6974 0 -10.2836
      vertex 20.5398 0 -10.1138
    endloop
  endfacet
  facet normal -0.826227 0 -0.563337
    outer loop
      vertex 20.8279 0 -10.475
      vertex 20.6974 3 -10.2836
      vertex 20.8279 3 -10.475
    endloop
  endfacet
  facet normal -0.826227 -0 -0.563337
    outer loop
      vertex 20.6974 3 -10.2836
      vertex 20.8279 0 -10.475
      vertex 20.6974 0 -10.2836
    endloop
  endfacet
  facet normal -0.900977 0 -0.433868
    outer loop
      vertex 20.9284 0 -10.6837
      vertex 20.8279 3 -10.475
      vertex 20.9284 3 -10.6837
    endloop
  endfacet
  facet normal -0.900977 -0 -0.433868
    outer loop
      vertex 20.8279 3 -10.475
      vertex 20.9284 0 -10.6837
      vertex 20.8279 0 -10.475
    endloop
  endfacet
  facet normal -0.955564 0 -0.294783
    outer loop
      vertex 20.9967 0 -10.9051
      vertex 20.9284 3 -10.6837
      vertex 20.9967 3 -10.9051
    endloop
  endfacet
  facet normal -0.955564 -0 -0.294783
    outer loop
      vertex 20.9284 3 -10.6837
      vertex 20.9967 0 -10.9051
      vertex 20.9284 0 -10.6837
    endloop
  endfacet
  facet normal -0.988851 0 -0.14891
    outer loop
      vertex 21.0312 0 -11.1342
      vertex 20.9967 3 -10.9051
      vertex 21.0312 3 -11.1342
    endloop
  endfacet
  facet normal -0.988851 -0 -0.14891
    outer loop
      vertex 20.9967 3 -10.9051
      vertex 21.0312 0 -11.1342
      vertex 20.9967 0 -10.9051
    endloop
  endfacet
  facet normal -1 0 0
    outer loop
      vertex 21.0312 0 -11.3658
      vertex 21.0312 3 -11.1342
      vertex 21.0312 3 -11.3658
    endloop
  endfacet
  facet normal -1 -0 0
    outer loop
      vertex 21.0312 3 -11.1342
      vertex 21.0312 0 -11.3658
      vertex 21.0312 0 -11.1342
    endloop
  endfacet
  facet normal -0.988851 0 0.14891
    outer loop
      vertex 20.9967 0 -11.5949
      vertex 21.0312 3 -11.3658
      vertex 20.9967 3 -11.5949
    endloop
  endfacet
  facet normal -0.988851 0 0.14891
    outer loop
      vertex 21.0312 3 -11.3658
      vertex 20.9967 0 -11.5949
      vertex 21.0312 0 -11.3658
    endloop
  endfacet
  facet normal -0.955564 0 0.294783
    outer loop
      vertex 20.9284 0 -11.8163
      vertex 20.9967 3 -11.5949
      vertex 20.9284 3 -11.8163
    endloop
  endfacet
  facet normal -0.955564 0 0.294783
    outer loop
      vertex 20.9967 3 -11.5949
      vertex 20.9284 0 -11.8163
      vertex 20.9967 0 -11.5949
    endloop
  endfacet
  facet normal -0.900977 0 0.433868
    outer loop
      vertex 20.8279 0 -12.025
      vertex 20.9284 3 -11.8163
      vertex 20.8279 3 -12.025
    endloop
  endfacet
  facet normal -0.900977 0 0.433868
    outer loop
      vertex 20.9284 3 -11.8163
      vertex 20.8279 0 -12.025
      vertex 20.9284 0 -11.8163
    endloop
  endfacet
  facet normal -0.826227 0 0.563337
    outer loop
      vertex 20.6974 0 -12.2164
      vertex 20.8279 3 -12.025
      vertex 20.6974 3 -12.2164
    endloop
  endfacet
  facet normal -0.826227 0 0.563337
    outer loop
      vertex 20.8279 3 -12.025
      vertex 20.6974 0 -12.2164
      vertex 20.8279 0 -12.025
    endloop
  endfacet
  facet normal -0.732947 0 0.680286
    outer loop
      vertex 20.5398 0 -12.3862
      vertex 20.6974 3 -12.2164
      vertex 20.5398 3 -12.3862
    endloop
  endfacet
  facet normal -0.732947 0 0.680286
    outer loop
      vertex 20.6974 3 -12.2164
      vertex 20.5398 0 -12.3862
      vertex 20.6974 0 -12.2164
    endloop
  endfacet
  facet normal -0.623694 0 0.781668
    outer loop
      vertex 20.3587 3 -12.5307
      vertex 20.5398 0 -12.3862
      vertex 20.5398 3 -12.3862
    endloop
  endfacet
  facet normal -0.623694 0 0.781668
    outer loop
      vertex 20.5398 0 -12.3862
      vertex 20.3587 3 -12.5307
      vertex 20.3587 0 -12.5307
    endloop
  endfacet
  facet normal -0.499947 0 0.866056
    outer loop
      vertex 20.1581 3 -12.6465
      vertex 20.3587 0 -12.5307
      vertex 20.3587 3 -12.5307
    endloop
  endfacet
  facet normal -0.499947 0 0.866056
    outer loop
      vertex 20.3587 0 -12.5307
      vertex 20.1581 3 -12.6465
      vertex 20.1581 0 -12.6465
    endloop
  endfacet
  facet normal -0.365132 0 0.930956
    outer loop
      vertex 19.9424 3 -12.7311
      vertex 20.1581 0 -12.6465
      vertex 20.1581 3 -12.6465
    endloop
  endfacet
  facet normal -0.365132 0 0.930956
    outer loop
      vertex 20.1581 0 -12.6465
      vertex 19.9424 3 -12.7311
      vertex 19.9424 0 -12.7311
    endloop
  endfacet
  facet normal -0.222778 0 0.974869
    outer loop
      vertex 19.7166 3 -12.7827
      vertex 19.9424 0 -12.7311
      vertex 19.9424 3 -12.7311
    endloop
  endfacet
  facet normal -0.222778 0 0.974869
    outer loop
      vertex 19.9424 0 -12.7311
      vertex 19.7166 3 -12.7827
      vertex 19.7166 0 -12.7827
    endloop
  endfacet
  facet normal -0.0746826 0 0.997207
    outer loop
      vertex 19.4856 3 -12.8
      vertex 19.7166 0 -12.7827
      vertex 19.7166 3 -12.7827
    endloop
  endfacet
  facet normal -0.0746826 0 0.997207
    outer loop
      vertex 19.7166 0 -12.7827
      vertex 19.4856 3 -12.8
      vertex 19.4856 0 -12.8
    endloop
  endfacet
  facet normal 0.0746826 0 0.997207
    outer loop
      vertex 19.2546 3 -12.7827
      vertex 19.4856 0 -12.8
      vertex 19.4856 3 -12.8
    endloop
  endfacet
  facet normal 0.0746826 0 0.997207
    outer loop
      vertex 19.4856 0 -12.8
      vertex 19.2546 3 -12.7827
      vertex 19.2546 0 -12.7827
    endloop
  endfacet
  facet normal 0.222684 0 0.974891
    outer loop
      vertex 19.0287 3 -12.7311
      vertex 19.2546 0 -12.7827
      vertex 19.2546 3 -12.7827
    endloop
  endfacet
  facet normal 0.222684 0 0.974891
    outer loop
      vertex 19.2546 0 -12.7827
      vertex 19.0287 3 -12.7311
      vertex 19.0287 0 -12.7311
    endloop
  endfacet
  facet normal 0.365278 0 0.930898
    outer loop
      vertex 18.8131 3 -12.6465
      vertex 19.0287 0 -12.7311
      vertex 19.0287 3 -12.7311
    endloop
  endfacet
  facet normal 0.365278 0 0.930898
    outer loop
      vertex 19.0287 0 -12.7311
      vertex 18.8131 3 -12.6465
      vertex 18.8131 0 -12.6465
    endloop
  endfacet
  facet normal 0.49976 0 0.866164
    outer loop
      vertex 18.6124 3 -12.5307
      vertex 18.8131 0 -12.6465
      vertex 18.8131 3 -12.6465
    endloop
  endfacet
  facet normal 0.49976 0 0.866164
    outer loop
      vertex 18.8131 0 -12.6465
      vertex 18.6124 3 -12.5307
      vertex 18.6124 0 -12.5307
    endloop
  endfacet
  facet normal 0.623694 0 0.781668
    outer loop
      vertex 18.4313 3 -12.3862
      vertex 18.6124 0 -12.5307
      vertex 18.6124 3 -12.5307
    endloop
  endfacet
  facet normal 0.623694 0 0.781668
    outer loop
      vertex 18.6124 0 -12.5307
      vertex 18.4313 3 -12.3862
      vertex 18.4313 0 -12.3862
    endloop
  endfacet
  facet normal 0.732947 -0 0.680286
    outer loop
      vertex 18.2737 0 -12.2164
      vertex 18.4313 3 -12.3862
      vertex 18.2737 3 -12.2164
    endloop
  endfacet
  facet normal 0.732947 0 0.680286
    outer loop
      vertex 18.4313 3 -12.3862
      vertex 18.2737 0 -12.2164
      vertex 18.4313 0 -12.3862
    endloop
  endfacet
  facet normal 0.826227 -0 0.563337
    outer loop
      vertex 18.1432 0 -12.025
      vertex 18.2737 3 -12.2164
      vertex 18.1432 3 -12.025
    endloop
  endfacet
  facet normal 0.826227 0 0.563337
    outer loop
      vertex 18.2737 3 -12.2164
      vertex 18.1432 0 -12.025
      vertex 18.2737 0 -12.2164
    endloop
  endfacet
  facet normal 0.900977 -0 0.433868
    outer loop
      vertex 18.0427 0 -11.8163
      vertex 18.1432 3 -12.025
      vertex 18.0427 3 -11.8163
    endloop
  endfacet
  facet normal 0.900977 0 0.433868
    outer loop
      vertex 18.1432 3 -12.025
      vertex 18.0427 0 -11.8163
      vertex 18.1432 0 -12.025
    endloop
  endfacet
  facet normal 0.955564 -0 0.294783
    outer loop
      vertex 17.9744 0 -11.5949
      vertex 18.0427 3 -11.8163
      vertex 17.9744 3 -11.5949
    endloop
  endfacet
  facet normal 0.955564 0 0.294783
    outer loop
      vertex 18.0427 3 -11.8163
      vertex 17.9744 0 -11.5949
      vertex 18.0427 0 -11.8163
    endloop
  endfacet
  facet normal 0.988851 -0 0.14891
    outer loop
      vertex 17.9399 0 -11.3658
      vertex 17.9744 3 -11.5949
      vertex 17.9399 3 -11.3658
    endloop
  endfacet
  facet normal 0.988851 0 0.14891
    outer loop
      vertex 17.9744 3 -11.5949
      vertex 17.9399 0 -11.3658
      vertex 17.9744 0 -11.5949
    endloop
  endfacet
  facet normal 1 -0 0
    outer loop
      vertex 17.9399 0 -11.1342
      vertex 17.9399 3 -11.3658
      vertex 17.9399 3 -11.1342
    endloop
  endfacet
  facet normal 1 0 0
    outer loop
      vertex 17.9399 3 -11.3658
      vertex 17.9399 0 -11.1342
      vertex 17.9399 0 -11.3658
    endloop
  endfacet
  facet normal 0.988851 0 -0.14891
    outer loop
      vertex 17.9744 0 -10.9051
      vertex 17.9399 3 -11.1342
      vertex 17.9744 3 -10.9051
    endloop
  endfacet
  facet normal 0.988851 0 -0.14891
    outer loop
      vertex 17.9399 3 -11.1342
      vertex 17.9744 0 -10.9051
      vertex 17.9399 0 -11.1342
    endloop
  endfacet
  facet normal 0.955564 0 -0.294783
    outer loop
      vertex 18.0427 0 -10.6837
      vertex 17.9744 3 -10.9051
      vertex 18.0427 3 -10.6837
    endloop
  endfacet
  facet normal 0.955564 0 -0.294783
    outer loop
      vertex 17.9744 3 -10.9051
      vertex 18.0427 0 -10.6837
      vertex 17.9744 0 -10.9051
    endloop
  endfacet
  facet normal 0.900977 0 -0.433868
    outer loop
      vertex 18.1432 0 -10.475
      vertex 18.0427 3 -10.6837
      vertex 18.1432 3 -10.475
    endloop
  endfacet
  facet normal 0.900977 0 -0.433868
    outer loop
      vertex 18.0427 3 -10.6837
      vertex 18.1432 0 -10.475
      vertex 18.0427 0 -10.6837
    endloop
  endfacet
  facet normal 0.826227 0 -0.563337
    outer loop
      vertex 18.2737 0 -10.2836
      vertex 18.1432 3 -10.475
      vertex 18.2737 3 -10.2836
    endloop
  endfacet
  facet normal 0.826227 0 -0.563337
    outer loop
      vertex 18.1432 3 -10.475
      vertex 18.2737 0 -10.2836
      vertex 18.1432 0 -10.475
    endloop
  endfacet
  facet normal 0.732947 0 -0.680286
    outer loop
      vertex 18.4313 0 -10.1138
      vertex 18.2737 3 -10.2836
      vertex 18.4313 3 -10.1138
    endloop
  endfacet
  facet normal 0.732947 0 -0.680286
    outer loop
      vertex 18.2737 3 -10.2836
      vertex 18.4313 0 -10.1138
      vertex 18.2737 0 -10.2836
    endloop
  endfacet
  facet normal 0.623615 0 -0.781731
    outer loop
      vertex 18.4313 0 -10.1138
      vertex 18.6124 3 -9.96933
      vertex 18.6124 0 -9.96933
    endloop
  endfacet
  facet normal 0.623615 0 -0.781731
    outer loop
      vertex 18.6124 3 -9.96933
      vertex 18.4313 0 -10.1138
      vertex 18.4313 3 -10.1138
    endloop
  endfacet
  facet normal 0.499857 0 -0.866108
    outer loop
      vertex 18.6124 0 -9.96933
      vertex 18.8131 3 -9.8535
      vertex 18.8131 0 -9.8535
    endloop
  endfacet
  facet normal 0.499857 0 -0.866108
    outer loop
      vertex 18.8131 3 -9.8535
      vertex 18.6124 0 -9.96933
      vertex 18.6124 3 -9.96933
    endloop
  endfacet
  facet normal 0.365428 0 -0.93084
    outer loop
      vertex 18.8131 0 -9.8535
      vertex 19.0287 3 -9.76886
      vertex 19.0287 0 -9.76886
    endloop
  endfacet
  facet normal 0.365428 0 -0.93084
    outer loop
      vertex 19.0287 3 -9.76886
      vertex 18.8131 0 -9.8535
      vertex 18.8131 3 -9.8535
    endloop
  endfacet
  facet normal 0.222479 0 -0.974937
    outer loop
      vertex 19.0287 0 -9.76886
      vertex 19.2546 3 -9.71731
      vertex 19.2546 0 -9.71731
    endloop
  endfacet
  facet normal 0.222479 0 -0.974937
    outer loop
      vertex 19.2546 3 -9.71731
      vertex 19.0287 0 -9.76886
      vertex 19.0287 3 -9.76886
    endloop
  endfacet
  facet normal 0.0746778 0 -0.997208
    outer loop
      vertex -0.231015 0 24.0327
      vertex 0 3 24.05
      vertex 0 0 24.05
    endloop
  endfacet
  facet normal 0.0746778 0 -0.997208
    outer loop
      vertex 0 3 24.05
      vertex -0.231015 0 24.0327
      vertex -0.231015 3 24.0327
    endloop
  endfacet
  facet normal -0.0746778 0 -0.997208
    outer loop
      vertex 0 0 24.05
      vertex 0.231015 3 24.0327
      vertex 0.231015 0 24.0327
    endloop
  endfacet
  facet normal -0.0746778 0 -0.997208
    outer loop
      vertex 0.231015 3 24.0327
      vertex 0 0 24.05
      vertex 0 3 24.05
    endloop
  endfacet
  facet normal -0.222726 0 -0.974881
    outer loop
      vertex 0.231015 0 24.0327
      vertex 0.45687 3 23.9811
      vertex 0.45687 0 23.9811
    endloop
  endfacet
  facet normal -0.222726 0 -0.974881
    outer loop
      vertex 0.45687 3 23.9811
      vertex 0.231015 0 24.0327
      vertex 0.231015 3 24.0327
    endloop
  endfacet
  facet normal -0.365205 0 -0.930927
    outer loop
      vertex 0.45687 0 23.9811
      vertex 0.67252 3 23.8965
      vertex 0.67252 0 23.8965
    endloop
  endfacet
  facet normal -0.365205 0 -0.930927
    outer loop
      vertex 0.67252 3 23.8965
      vertex 0.45687 0 23.9811
      vertex 0.45687 3 23.9811
    endloop
  endfacet
  facet normal -0.499898 0 -0.866084
    outer loop
      vertex 0.67252 0 23.8965
      vertex 0.873146 3 23.7807
      vertex 0.873146 0 23.7807
    endloop
  endfacet
  facet normal -0.499898 0 -0.866084
    outer loop
      vertex 0.873146 3 23.7807
      vertex 0.67252 0 23.8965
      vertex 0.67252 3 23.8965
    endloop
  endfacet
  facet normal -0.623644 0 -0.781709
    outer loop
      vertex 0.873146 0 23.7807
      vertex 1.05427 3 23.6362
      vertex 1.05427 0 23.6362
    endloop
  endfacet
  facet normal -0.623644 0 -0.781709
    outer loop
      vertex 1.05427 3 23.6362
      vertex 0.873146 0 23.7807
      vertex 0.873146 3 23.7807
    endloop
  endfacet
  facet normal -0.733012 0 -0.680216
    outer loop
      vertex 1.21184 0 23.4664
      vertex 1.05427 3 23.6362
      vertex 1.21184 3 23.4664
    endloop
  endfacet
  facet normal -0.733012 -0 -0.680216
    outer loop
      vertex 1.05427 3 23.6362
      vertex 1.21184 0 23.4664
      vertex 1.05427 0 23.6362
    endloop
  endfacet
  facet normal -0.826227 0 -0.563337
    outer loop
      vertex 1.34234 0 23.275
      vertex 1.21184 3 23.4664
      vertex 1.34234 3 23.275
    endloop
  endfacet
  facet normal -0.826227 -0 -0.563337
    outer loop
      vertex 1.21184 3 23.4664
      vertex 1.34234 0 23.275
      vertex 1.21184 0 23.4664
    endloop
  endfacet
  facet normal -0.90096 0 -0.433903
    outer loop
      vertex 1.44285 0 23.0663
      vertex 1.34234 3 23.275
      vertex 1.44285 3 23.0663
    endloop
  endfacet
  facet normal -0.90096 -0 -0.433903
    outer loop
      vertex 1.34234 3 23.275
      vertex 1.44285 0 23.0663
      vertex 1.34234 0 23.275
    endloop
  endfacet
  facet normal -0.955576 0 -0.294744
    outer loop
      vertex 1.51114 0 22.8449
      vertex 1.44285 3 23.0663
      vertex 1.51114 3 22.8449
    endloop
  endfacet
  facet normal -0.955576 -0 -0.294744
    outer loop
      vertex 1.44285 3 23.0663
      vertex 1.51114 0 22.8449
      vertex 1.44285 0 23.0663
    endloop
  endfacet
  facet normal -0.988832 0 -0.149037
    outer loop
      vertex 1.54567 0 22.6158
      vertex 1.51114 3 22.8449
      vertex 1.54567 3 22.6158
    endloop
  endfacet
  facet normal -0.988832 -0 -0.149037
    outer loop
      vertex 1.51114 3 22.8449
      vertex 1.54567 0 22.6158
      vertex 1.51114 0 22.8449
    endloop
  endfacet
  facet normal -1 0 0
    outer loop
      vertex 1.54567 0 22.3842
      vertex 1.54567 3 22.6158
      vertex 1.54567 3 22.3842
    endloop
  endfacet
  facet normal -1 -0 0
    outer loop
      vertex 1.54567 3 22.6158
      vertex 1.54567 0 22.3842
      vertex 1.54567 0 22.6158
    endloop
  endfacet
  facet normal -0.988832 0 0.149037
    outer loop
      vertex 1.51114 0 22.1551
      vertex 1.54567 3 22.3842
      vertex 1.51114 3 22.1551
    endloop
  endfacet
  facet normal -0.988832 0 0.149037
    outer loop
      vertex 1.54567 3 22.3842
      vertex 1.51114 0 22.1551
      vertex 1.54567 0 22.3842
    endloop
  endfacet
  facet normal -0.955576 0 0.294744
    outer loop
      vertex 1.44285 0 21.9337
      vertex 1.51114 3 22.1551
      vertex 1.44285 3 21.9337
    endloop
  endfacet
  facet normal -0.955576 0 0.294744
    outer loop
      vertex 1.51114 3 22.1551
      vertex 1.44285 0 21.9337
      vertex 1.51114 0 22.1551
    endloop
  endfacet
  facet normal -0.90096 0 0.433903
    outer loop
      vertex 1.34234 0 21.725
      vertex 1.44285 3 21.9337
      vertex 1.34234 3 21.725
    endloop
  endfacet
  facet normal -0.90096 0 0.433903
    outer loop
      vertex 1.44285 3 21.9337
      vertex 1.34234 0 21.725
      vertex 1.44285 0 21.9337
    endloop
  endfacet
  facet normal -0.826227 0 0.563337
    outer loop
      vertex 1.21184 0 21.5336
      vertex 1.34234 3 21.725
      vertex 1.21184 3 21.5336
    endloop
  endfacet
  facet normal -0.826227 0 0.563337
    outer loop
      vertex 1.34234 3 21.725
      vertex 1.21184 0 21.5336
      vertex 1.34234 0 21.725
    endloop
  endfacet
  facet normal -0.733012 0 0.680216
    outer loop
      vertex 1.05427 0 21.3638
      vertex 1.21184 3 21.5336
      vertex 1.05427 3 21.3638
    endloop
  endfacet
  facet normal -0.733012 0 0.680216
    outer loop
      vertex 1.21184 3 21.5336
      vertex 1.05427 0 21.3638
      vertex 1.21184 0 21.5336
    endloop
  endfacet
  facet normal -0.623644 0 0.781709
    outer loop
      vertex 0.873146 3 21.2193
      vertex 1.05427 0 21.3638
      vertex 1.05427 3 21.3638
    endloop
  endfacet
  facet normal -0.623644 0 0.781709
    outer loop
      vertex 1.05427 0 21.3638
      vertex 0.873146 3 21.2193
      vertex 0.873146 0 21.2193
    endloop
  endfacet
  facet normal -0.499898 0 0.866084
    outer loop
      vertex 0.67252 3 21.1035
      vertex 0.873146 0 21.2193
      vertex 0.873146 3 21.2193
    endloop
  endfacet
  facet normal -0.499898 0 0.866084
    outer loop
      vertex 0.873146 0 21.2193
      vertex 0.67252 3 21.1035
      vertex 0.67252 0 21.1035
    endloop
  endfacet
  facet normal -0.365205 0 0.930927
    outer loop
      vertex 0.45687 3 21.0189
      vertex 0.67252 0 21.1035
      vertex 0.67252 3 21.1035
    endloop
  endfacet
  facet normal -0.365205 0 0.930927
    outer loop
      vertex 0.67252 0 21.1035
      vertex 0.45687 3 21.0189
      vertex 0.45687 0 21.0189
    endloop
  endfacet
  facet normal -0.222726 0 0.974881
    outer loop
      vertex 0.231015 3 20.9673
      vertex 0.45687 0 21.0189
      vertex 0.45687 3 21.0189
    endloop
  endfacet
  facet normal -0.222726 0 0.974881
    outer loop
      vertex 0.45687 0 21.0189
      vertex 0.231015 3 20.9673
      vertex 0.231015 0 20.9673
    endloop
  endfacet
  facet normal -0.0746778 0 0.997208
    outer loop
      vertex 0 3 20.95
      vertex 0.231015 0 20.9673
      vertex 0.231015 3 20.9673
    endloop
  endfacet
  facet normal -0.0746778 0 0.997208
    outer loop
      vertex 0.231015 0 20.9673
      vertex 0 3 20.95
      vertex 0 0 20.95
    endloop
  endfacet
  facet normal 0.0746778 0 0.997208
    outer loop
      vertex -0.231015 3 20.9673
      vertex 0 0 20.95
      vertex 0 3 20.95
    endloop
  endfacet
  facet normal 0.0746778 0 0.997208
    outer loop
      vertex 0 0 20.95
      vertex -0.231015 3 20.9673
      vertex -0.231015 0 20.9673
    endloop
  endfacet
  facet normal 0.222726 0 0.974881
    outer loop
      vertex -0.45687 3 21.0189
      vertex -0.231015 0 20.9673
      vertex -0.231015 3 20.9673
    endloop
  endfacet
  facet normal 0.222726 0 0.974881
    outer loop
      vertex -0.231015 0 20.9673
      vertex -0.45687 3 21.0189
      vertex -0.45687 0 21.0189
    endloop
  endfacet
  facet normal 0.365205 0 0.930927
    outer loop
      vertex -0.67252 3 21.1035
      vertex -0.45687 0 21.0189
      vertex -0.45687 3 21.0189
    endloop
  endfacet
  facet normal 0.365205 0 0.930927
    outer loop
      vertex -0.45687 0 21.0189
      vertex -0.67252 3 21.1035
      vertex -0.67252 0 21.1035
    endloop
  endfacet
  facet normal 0.499898 0 0.866084
    outer loop
      vertex -0.873146 3 21.2193
      vertex -0.67252 0 21.1035
      vertex -0.67252 3 21.1035
    endloop
  endfacet
  facet normal 0.499898 0 0.866084
    outer loop
      vertex -0.67252 0 21.1035
      vertex -0.873146 3 21.2193
      vertex -0.873146 0 21.2193
    endloop
  endfacet
  facet normal 0.623644 0 0.781709
    outer loop
      vertex -1.05427 3 21.3638
      vertex -0.873146 0 21.2193
      vertex -0.873146 3 21.2193
    endloop
  endfacet
  facet normal 0.623644 0 0.781709
    outer loop
      vertex -0.873146 0 21.2193
      vertex -1.05427 3 21.3638
      vertex -1.05427 0 21.3638
    endloop
  endfacet
  facet normal 0.733012 -0 0.680216
    outer loop
      vertex -1.21184 0 21.5336
      vertex -1.05427 3 21.3638
      vertex -1.21184 3 21.5336
    endloop
  endfacet
  facet normal 0.733012 0 0.680216
    outer loop
      vertex -1.05427 3 21.3638
      vertex -1.21184 0 21.5336
      vertex -1.05427 0 21.3638
    endloop
  endfacet
  facet normal 0.826227 -0 0.563337
    outer loop
      vertex -1.34234 0 21.725
      vertex -1.21184 3 21.5336
      vertex -1.34234 3 21.725
    endloop
  endfacet
  facet normal 0.826227 0 0.563337
    outer loop
      vertex -1.21184 3 21.5336
      vertex -1.34234 0 21.725
      vertex -1.21184 0 21.5336
    endloop
  endfacet
  facet normal 0.90096 -0 0.433903
    outer loop
      vertex -1.44285 0 21.9337
      vertex -1.34234 3 21.725
      vertex -1.44285 3 21.9337
    endloop
  endfacet
  facet normal 0.90096 0 0.433903
    outer loop
      vertex -1.34234 3 21.725
      vertex -1.44285 0 21.9337
      vertex -1.34234 0 21.725
    endloop
  endfacet
  facet normal 0.955576 -0 0.294744
    outer loop
      vertex -1.51114 0 22.1551
      vertex -1.44285 3 21.9337
      vertex -1.51114 3 22.1551
    endloop
  endfacet
  facet normal 0.955576 0 0.294744
    outer loop
      vertex -1.44285 3 21.9337
      vertex -1.51114 0 22.1551
      vertex -1.44285 0 21.9337
    endloop
  endfacet
  facet normal 0.988832 -0 0.149037
    outer loop
      vertex -1.54567 0 22.3842
      vertex -1.51114 3 22.1551
      vertex -1.54567 3 22.3842
    endloop
  endfacet
  facet normal 0.988832 0 0.149037
    outer loop
      vertex -1.51114 3 22.1551
      vertex -1.54567 0 22.3842
      vertex -1.51114 0 22.1551
    endloop
  endfacet
  facet normal 1 -0 0
    outer loop
      vertex -1.54567 0 22.6158
      vertex -1.54567 3 22.3842
      vertex -1.54567 3 22.6158
    endloop
  endfacet
  facet normal 1 0 0
    outer loop
      vertex -1.54567 3 22.3842
      vertex -1.54567 0 22.6158
      vertex -1.54567 0 22.3842
    endloop
  endfacet
  facet normal 0.988832 0 -0.149037
    outer loop
      vertex -1.51114 0 22.8449
      vertex -1.54567 3 22.6158
      vertex -1.51114 3 22.8449
    endloop
  endfacet
  facet normal 0.988832 0 -0.149037
    outer loop
      vertex -1.54567 3 22.6158
      vertex -1.51114 0 22.8449
      vertex -1.54567 0 22.6158
    endloop
  endfacet
  facet normal 0.955576 0 -0.294744
    outer loop
      vertex -1.44285 0 23.0663
      vertex -1.51114 3 22.8449
      vertex -1.44285 3 23.0663
    endloop
  endfacet
  facet normal 0.955576 0 -0.294744
    outer loop
      vertex -1.51114 3 22.8449
      vertex -1.44285 0 23.0663
      vertex -1.51114 0 22.8449
    endloop
  endfacet
  facet normal 0.90096 0 -0.433903
    outer loop
      vertex -1.34234 0 23.275
      vertex -1.44285 3 23.0663
      vertex -1.34234 3 23.275
    endloop
  endfacet
  facet normal 0.90096 0 -0.433903
    outer loop
      vertex -1.44285 3 23.0663
      vertex -1.34234 0 23.275
      vertex -1.44285 0 23.0663
    endloop
  endfacet
  facet normal 0.826227 0 -0.563337
    outer loop
      vertex -1.21184 0 23.4664
      vertex -1.34234 3 23.275
      vertex -1.21184 3 23.4664
    endloop
  endfacet
  facet normal 0.826227 0 -0.563337
    outer loop
      vertex -1.34234 3 23.275
      vertex -1.21184 0 23.4664
      vertex -1.34234 0 23.275
    endloop
  endfacet
  facet normal 0.733012 0 -0.680216
    outer loop
      vertex -1.05427 0 23.6362
      vertex -1.21184 3 23.4664
      vertex -1.05427 3 23.6362
    endloop
  endfacet
  facet normal 0.733012 0 -0.680216
    outer loop
      vertex -1.21184 3 23.4664
      vertex -1.05427 0 23.6362
      vertex -1.21184 0 23.4664
    endloop
  endfacet
  facet normal 0.623644 0 -0.781709
    outer loop
      vertex -1.05427 0 23.6362
      vertex -0.873146 3 23.7807
      vertex -0.873146 0 23.7807
    endloop
  endfacet
  facet normal 0.623644 0 -0.781709
    outer loop
      vertex -0.873146 3 23.7807
      vertex -1.05427 0 23.6362
      vertex -1.05427 3 23.6362
    endloop
  endfacet
  facet normal 0.499898 0 -0.866084
    outer loop
      vertex -0.873146 0 23.7807
      vertex -0.67252 3 23.8965
      vertex -0.67252 0 23.8965
    endloop
  endfacet
  facet normal 0.499898 0 -0.866084
    outer loop
      vertex -0.67252 3 23.8965
      vertex -0.873146 0 23.7807
      vertex -0.873146 3 23.7807
    endloop
  endfacet
  facet normal 0.365205 0 -0.930927
    outer loop
      vertex -0.67252 0 23.8965
      vertex -0.45687 3 23.9811
      vertex -0.45687 0 23.9811
    endloop
  endfacet
  facet normal 0.365205 0 -0.930927
    outer loop
      vertex -0.45687 3 23.9811
      vertex -0.67252 0 23.8965
      vertex -0.67252 3 23.8965
    endloop
  endfacet
  facet normal 0.222726 0 -0.974881
    outer loop
      vertex -0.45687 0 23.9811
      vertex -0.231015 3 24.0327
      vertex -0.231015 0 24.0327
    endloop
  endfacet
  facet normal 0.222726 0 -0.974881
    outer loop
      vertex -0.231015 3 24.0327
      vertex -0.45687 0 23.9811
      vertex -0.45687 3 23.9811
    endloop
  endfacet
  facet normal 0 1 -0
    outer loop
      vertex 17.7351 8 -9.00095
      vertex 1.07248 8 19.8595
      vertex 17.9931 8 -8.82203
    endloop
  endfacet
  facet normal 0 1 0
    outer loop
      vertex -0.157 8 19.6543
      vertex -19.0165 8 -8.43887
      vertex -19.3286 8 -8.40433
    endloop
  endfacet
  facet normal 0 1 0
    outer loop
      vertex 1.07248 8 19.8595
      vertex 17.7351 8 -9.00095
      vertex 0.775495 8 19.7575
    endloop
  endfacet
  facet normal 0 1 0
    outer loop
      vertex -0.157 8 19.6543
      vertex -18.7101 8 -8.50754
      vertex -19.0165 8 -8.43887
    endloop
  endfacet
  facet normal 0 1 -0
    outer loop
      vertex 17.4983 8 -9.20717
      vertex 0.775495 8 19.7575
      vertex 17.7351 8 -9.00095
    endloop
  endfacet
  facet normal 0 1 0
    outer loop
      vertex -0.157 8 19.6543
      vertex -18.4131 8 -8.60949
      vertex -18.7101 8 -8.50754
    endloop
  endfacet
  facet normal 0 1 0
    outer loop
      vertex 0.775495 8 19.7575
      vertex 17.4983 8 -9.20717
      vertex 0.469094 8 19.6889
    endloop
  endfacet
  facet normal 0 1 0
    outer loop
      vertex -0.157 8 19.6543
      vertex -18.1291 8 -8.7435
      vertex -18.4131 8 -8.60949
    endloop
  endfacet
  facet normal 0 1 -0
    outer loop
      vertex 17.2856 8 -9.43819
      vertex 0.469094 8 19.6889
      vertex 17.4983 8 -9.20717
    endloop
  endfacet
  facet normal 0 1 0
    outer loop
      vertex -0.157 8 19.6543
      vertex -17.8616 8 -8.90793
      vertex -18.1291 8 -8.7435
    endloop
  endfacet
  facet normal 0 1 0
    outer loop
      vertex 0.469094 8 19.6889
      vertex 17.2856 8 -9.43819
      vertex 0.157 8 19.6543
    endloop
  endfacet
  facet normal 0 1 0
    outer loop
      vertex -0.157 8 19.6543
      vertex -17.6138 8 -9.1008
      vertex -17.8616 8 -8.90793
    endloop
  endfacet
  facet normal 0 1 -0
    outer loop
      vertex 17.0996 8 -9.6912
      vertex 0.157 8 19.6543
      vertex 17.2856 8 -9.43819
    endloop
  endfacet
  facet normal 0 1 0
    outer loop
      vertex -0.157 8 19.6543
      vertex -17.3888 8 -9.31975
      vertex -17.6138 8 -9.1008
    endloop
  endfacet
  facet normal 0 1 0
    outer loop
      vertex 0.157 8 19.6543
      vertex 17.0996 8 -9.6912
      vertex -0.157 8 19.6543
    endloop
  endfacet
  facet normal 0 1 0
    outer loop
      vertex -0.157 8 19.6543
      vertex -17.1891 8 -9.56213
      vertex -17.3888 8 -9.31975
    endloop
  endfacet
  facet normal 0 1 0
    outer loop
      vertex -17.0174 8 -9.825
      vertex -0.157 8 19.6543
      vertex 17.0996 8 -9.6912
    endloop
  endfacet
  facet normal 0 1 0
    outer loop
      vertex -0.157 8 19.6543
      vertex -17.0174 8 -9.825
      vertex -17.1891 8 -9.56213
    endloop
  endfacet
  facet normal 0 1 -0
    outer loop
      vertex 16.9426 8 -9.96313
      vertex -17.0174 8 -9.825
      vertex 17.0996 8 -9.6912
    endloop
  endfacet
  facet normal 0 1 0
    outer loop
      vertex 16.9426 8 -9.96313
      vertex -16.8756 8 -10.1052
      vertex -17.0174 8 -9.825
    endloop
  endfacet
  facet normal 0 1 -0
    outer loop
      vertex 16.8165 8 -10.2507
      vertex -16.8756 8 -10.1052
      vertex 16.9426 8 -9.96313
    endloop
  endfacet
  facet normal 0 1 0
    outer loop
      vertex 16.8165 8 -10.2507
      vertex -16.7655 8 -10.3992
      vertex -16.8756 8 -10.1052
    endloop
  endfacet
  facet normal 0 1 -0
    outer loop
      vertex 16.7228 8 -10.5504
      vertex -16.7655 8 -10.3992
      vertex 16.8165 8 -10.2507
    endloop
  endfacet
  facet normal 0 1 0
    outer loop
      vertex 16.7228 8 -10.5504
      vertex -16.6884 8 -10.7036
      vertex -16.7655 8 -10.3992
    endloop
  endfacet
  facet normal 0 1 -0
    outer loop
      vertex 16.6626 8 -10.8585
      vertex -16.6884 8 -10.7036
      vertex 16.7228 8 -10.5504
    endloop
  endfacet
  facet normal 0 1 0
    outer loop
      vertex 16.6626 8 -10.8585
      vertex -16.6453 8 -11.0146
      vertex -16.6884 8 -10.7036
    endloop
  endfacet
  facet normal 0 1 -0
    outer loop
      vertex 16.6367 8 -11.1715
      vertex -16.6453 8 -11.0146
      vertex 16.6626 8 -10.8585
    endloop
  endfacet
  facet normal 0 1 0
    outer loop
      vertex 16.6367 8 -11.1715
      vertex -16.6367 8 -11.3285
      vertex -16.6453 8 -11.0146
    endloop
  endfacet
  facet normal 0 1 0
    outer loop
      vertex 0 8 -28.0858
      vertex 16.6367 8 -11.1715
      vertex 16.6453 8 -11.4854
    endloop
  endfacet
  facet normal 0 1 0
    outer loop
      vertex 16.6367 8 -11.1715
      vertex 0 8 -28.0858
      vertex -16.6367 8 -11.3285
    endloop
  endfacet
  facet normal 0 1 0
    outer loop
      vertex 4.98672 8 -27.6395
      vertex 16.6453 8 -11.4854
      vertex 16.6884 8 -11.7964
    endloop
  endfacet
  facet normal -0 1 -0
    outer loop
      vertex -1.00245 8 -28.0679
      vertex -16.6367 8 -11.3285
      vertex 0 8 -28.0858
    endloop
  endfacet
  facet normal 0 1 0
    outer loop
      vertex 7.91268 8 -26.9481
      vertex 16.6884 8 -11.7964
      vertex 16.7655 8 -12.1008
    endloop
  endfacet
  facet normal -0 1 -0
    outer loop
      vertex -2.00362 8 -28.0142
      vertex -16.6367 8 -11.3285
      vertex -1.00245 8 -28.0679
    endloop
  endfacet
  facet normal 0 1 0
    outer loop
      vertex 10.748 8 -25.9479
      vertex 16.7655 8 -12.1008
      vertex 16.8756 8 -12.3948
    endloop
  endfacet
  facet normal -0 1 -0
    outer loop
      vertex -3.00223 8 -27.9249
      vertex -16.6367 8 -11.3285
      vertex -2.00362 8 -28.0142
    endloop
  endfacet
  facet normal 0 1 0
    outer loop
      vertex 12.5717 8 -25.115
      vertex 16.8756 8 -12.3948
      vertex 17.0174 8 -12.675
    endloop
  endfacet
  facet normal 0 1 0
    outer loop
      vertex -16.6367 8 -11.3285
      vertex -3.00223 8 -27.9249
      vertex -16.6626 8 -11.6415
    endloop
  endfacet
  facet normal 0 1 0
    outer loop
      vertex 14.3313 8 -24.1542
      vertex 17.0174 8 -12.675
      vertex 17.1891 8 -12.9379
    endloop
  endfacet
  facet normal -0 1 -0
    outer loop
      vertex -3.99702 8 -27.7999
      vertex -16.6626 8 -11.6415
      vertex -3.00223 8 -27.9249
    endloop
  endfacet
  facet normal 0 1 0
    outer loop
      vertex 16.018 8 -23.0702
      vertex 17.1891 8 -12.9379
      vertex 17.3888 8 -13.1803
    endloop
  endfacet
  facet normal -0 1 -0
    outer loop
      vertex -4.98672 8 -27.6395
      vertex -16.6626 8 -11.6415
      vertex -3.99702 8 -27.7999
    endloop
  endfacet
  facet normal 0 1 0
    outer loop
      vertex 16.8312 8 -22.4838
      vertex 17.3888 8 -13.1803
      vertex 17.6138 8 -13.3992
    endloop
  endfacet
  facet normal -0 1 -0
    outer loop
      vertex -5.97006 8 -27.4439
      vertex -16.6626 8 -11.6415
      vertex -4.98672 8 -27.6395
    endloop
  endfacet
  facet normal 0 1 -0
    outer loop
      vertex 17.623 8 -21.8688
      vertex 17.6138 8 -13.3992
      vertex 17.8616 8 -13.5921
    endloop
  endfacet
  facet normal -0 1 -0
    outer loop
      vertex -6.9458 8 -27.2134
      vertex -16.6626 8 -11.6415
      vertex -5.97006 8 -27.4439
    endloop
  endfacet
  facet normal 0 1 0
    outer loop
      vertex 18.3923 8 -21.2258
      vertex 17.8616 8 -13.5921
      vertex 18.1291 8 -13.7565
    endloop
  endfacet
  facet normal 0 1 0
    outer loop
      vertex -16.6626 8 -11.6415
      vertex -6.9458 8 -27.2134
      vertex -16.7228 8 -11.9496
    endloop
  endfacet
  facet normal 0 1 0
    outer loop
      vertex 19.1382 8 -20.5558
      vertex 18.1291 8 -13.7565
      vertex 18.4131 8 -13.8905
    endloop
  endfacet
  facet normal -0 1 -0
    outer loop
      vertex -7.91268 8 -26.9481
      vertex -16.7228 8 -11.9496
      vertex -6.9458 8 -27.2134
    endloop
  endfacet
  facet normal 0 1 0
    outer loop
      vertex 19.8596 8 -19.8596
      vertex 18.4131 8 -13.8905
      vertex 18.7101 8 -13.9925
    endloop
  endfacet
  facet normal -0 1 -0
    outer loop
      vertex -8.86948 8 -26.6485
      vertex -16.7228 8 -11.9496
      vertex -7.91268 8 -26.9481
    endloop
  endfacet
  facet normal 0 1 0
    outer loop
      vertex 20.5558 8 -19.1382
      vertex 18.7101 8 -13.9925
      vertex 19.0165 8 -14.0611
    endloop
  endfacet
  facet normal -0 1 -0
    outer loop
      vertex -9.81498 8 -26.315
      vertex -16.7228 8 -11.9496
      vertex -8.86948 8 -26.6485
    endloop
  endfacet
  facet normal 0 1 0
    outer loop
      vertex 21.2258 8 -18.3923
      vertex 19.0165 8 -14.0611
      vertex 19.3286 8 -14.0957
    endloop
  endfacet
  facet normal 0 1 0
    outer loop
      vertex -16.7228 8 -11.9496
      vertex -9.81498 8 -26.315
      vertex -16.8165 8 -12.2493
    endloop
  endfacet
  facet normal 0 1 -0
    outer loop
      vertex -20.5581 8 -8.60949
      vertex -27.7999 8 -3.99702
      vertex -20.2611 8 -8.50754
    endloop
  endfacet
  facet normal 0 1 0
    outer loop
      vertex -27.7999 8 -3.99702
      vertex -20.5581 8 -8.60949
      vertex -27.6395 8 -4.98672
    endloop
  endfacet
  facet normal 0 1 -0
    outer loop
      vertex -20.842 8 -8.7435
      vertex -27.6395 8 -4.98672
      vertex -20.5581 8 -8.60949
    endloop
  endfacet
  facet normal 0 1 0
    outer loop
      vertex -27.6395 8 -4.98672
      vertex -20.842 8 -8.7435
      vertex -27.4439 8 -5.97006
    endloop
  endfacet
  facet normal 0 1 -0
    outer loop
      vertex -21.1095 8 -8.90793
      vertex -27.4439 8 -5.97006
      vertex -20.842 8 -8.7435
    endloop
  endfacet
  facet normal 0 1 0
    outer loop
      vertex -27.4439 8 -5.97006
      vertex -21.1095 8 -8.90793
      vertex -27.2134 8 -6.9458
    endloop
  endfacet
  facet normal 0 1 -0
    outer loop
      vertex -21.3573 8 -9.1008
      vertex -27.2134 8 -6.9458
      vertex -21.1095 8 -8.90793
    endloop
  endfacet
  facet normal 0 1 0
    outer loop
      vertex -27.2134 8 -6.9458
      vertex -21.3573 8 -9.1008
      vertex -26.9481 8 -7.91268
    endloop
  endfacet
  facet normal 0 1 -0
    outer loop
      vertex -21.5824 8 -9.31975
      vertex -26.9481 8 -7.91268
      vertex -21.3573 8 -9.1008
    endloop
  endfacet
  facet normal 0 1 0
    outer loop
      vertex -26.9481 8 -7.91268
      vertex -21.5824 8 -9.31975
      vertex -26.6485 8 -8.86948
    endloop
  endfacet
  facet normal 0 1 -0
    outer loop
      vertex -21.782 8 -9.56213
      vertex -26.6485 8 -8.86948
      vertex -21.5824 8 -9.31975
    endloop
  endfacet
  facet normal 0 1 -0
    outer loop
      vertex -21.9537 8 -9.825
      vertex -26.6485 8 -8.86948
      vertex -21.782 8 -9.56213
    endloop
  endfacet
  facet normal 0 1 0
    outer loop
      vertex -26.6485 8 -8.86948
      vertex -21.9537 8 -9.825
      vertex -26.315 8 -9.81498
    endloop
  endfacet
  facet normal 0 1 -0
    outer loop
      vertex -22.0955 8 -10.1052
      vertex -26.315 8 -9.81498
      vertex -21.9537 8 -9.825
    endloop
  endfacet
  facet normal 0 1 -0
    outer loop
      vertex -22.2056 8 -10.3992
      vertex -26.315 8 -9.81498
      vertex -22.0955 8 -10.1052
    endloop
  endfacet
  facet normal 0 1 0
    outer loop
      vertex -25.9479 8 -10.748
      vertex -22.2056 8 -10.3992
      vertex -22.2827 8 -10.7036
    endloop
  endfacet
  facet normal 0 1 0
    outer loop
      vertex -22.2056 8 -10.3992
      vertex -25.9479 8 -10.748
      vertex -26.315 8 -9.81498
    endloop
  endfacet
  facet normal 0 1 0
    outer loop
      vertex -25.5477 8 -11.6673
      vertex -22.2827 8 -10.7036
      vertex -22.3258 8 -11.0146
    endloop
  endfacet
  facet normal 0 1 0
    outer loop
      vertex -25.5477 8 -11.6673
      vertex -22.3258 8 -11.0146
      vertex -22.3345 8 -11.3285
    endloop
  endfacet
  facet normal 0 1 0
    outer loop
      vertex -25.115 8 -12.5717
      vertex -22.3345 8 -11.3285
      vertex -22.3086 8 -11.6415
    endloop
  endfacet
  facet normal 0 1 0
    outer loop
      vertex -22.2827 8 -10.7036
      vertex -25.5477 8 -11.6673
      vertex -25.9479 8 -10.748
    endloop
  endfacet
  facet normal 0 1 0
    outer loop
      vertex -25.115 8 -12.5717
      vertex -22.3086 8 -11.6415
      vertex -22.2484 8 -11.9496
    endloop
  endfacet
  facet normal 0 1 0
    outer loop
      vertex -24.6503 8 -13.4601
      vertex -22.2484 8 -11.9496
      vertex -22.1546 8 -12.2493
    endloop
  endfacet
  facet normal 0 1 0
    outer loop
      vertex -24.6503 8 -13.4601
      vertex -22.1546 8 -12.2493
      vertex -22.0285 8 -12.5369
    endloop
  endfacet
  facet normal 0 1 0
    outer loop
      vertex -22.3345 8 -11.3285
      vertex -25.115 8 -12.5717
      vertex -25.5477 8 -11.6673
    endloop
  endfacet
  facet normal 0 1 0
    outer loop
      vertex -24.1542 8 -14.3313
      vertex -22.0285 8 -12.5369
      vertex -21.8715 8 -12.8088
    endloop
  endfacet
  facet normal 0 1 0
    outer loop
      vertex -24.1542 8 -14.3313
      vertex -21.8715 8 -12.8088
      vertex -21.6855 8 -13.0618
    endloop
  endfacet
  facet normal 0 1 0
    outer loop
      vertex -23.6273 8 -15.1843
      vertex -21.6855 8 -13.0618
      vertex -21.4729 8 -13.2928
    endloop
  endfacet
  facet normal 0 1 0
    outer loop
      vertex -22.2484 8 -11.9496
      vertex -24.6503 8 -13.4601
      vertex -25.115 8 -12.5717
    endloop
  endfacet
  facet normal 0 1 0
    outer loop
      vertex -23.6273 8 -15.1843
      vertex -21.4729 8 -13.2928
      vertex -21.2361 8 -13.4991
    endloop
  endfacet
  facet normal 0 1 0
    outer loop
      vertex -23.0702 8 -16.018
      vertex -21.2361 8 -13.4991
      vertex -20.978 8 -13.678
    endloop
  endfacet
  facet normal 0 1 0
    outer loop
      vertex -23.0702 8 -16.018
      vertex -20.978 8 -13.678
      vertex -20.7019 8 -13.8274
    endloop
  endfacet
  facet normal 0 1 0
    outer loop
      vertex -22.4838 8 -16.8312
      vertex -20.7019 8 -13.8274
      vertex -20.411 8 -13.9456
    endloop
  endfacet
  facet normal 0 1 0
    outer loop
      vertex -22.4838 8 -16.8312
      vertex -20.411 8 -13.9456
      vertex -20.1088 8 -14.031
    endloop
  endfacet
  facet normal 0 1 0
    outer loop
      vertex -21.8688 8 -17.623
      vertex -20.1088 8 -14.031
      vertex -19.7991 8 -14.0827
    endloop
  endfacet
  facet normal 0 1 0
    outer loop
      vertex -22.0285 8 -12.5369
      vertex -24.1542 8 -14.3313
      vertex -24.6503 8 -13.4601
    endloop
  endfacet
  facet normal 0 1 0
    outer loop
      vertex -21.8688 8 -17.623
      vertex -19.7991 8 -14.0827
      vertex -19.4856 8 -14.1
    endloop
  endfacet
  facet normal 0 1 0
    outer loop
      vertex 20.2611 8 -13.9925
      vertex 21.8688 8 -17.623
      vertex 19.9547 8 -14.0611
    endloop
  endfacet
  facet normal 0 1 0
    outer loop
      vertex 19.9547 8 -14.0611
      vertex 21.8688 8 -17.623
      vertex 19.6426 8 -14.0957
    endloop
  endfacet
  facet normal 0 1 0
    outer loop
      vertex -21.6855 8 -13.0618
      vertex -23.6273 8 -15.1843
      vertex -24.1542 8 -14.3313
    endloop
  endfacet
  facet normal 0 1 -0
    outer loop
      vertex 21.2258 8 -18.3923
      vertex 19.6426 8 -14.0957
      vertex 21.8688 8 -17.623
    endloop
  endfacet
  facet normal 0 1 0
    outer loop
      vertex -21.2361 8 -13.4991
      vertex -23.0702 8 -16.018
      vertex -23.6273 8 -15.1843
    endloop
  endfacet
  facet normal 0 1 0
    outer loop
      vertex 19.6426 8 -14.0957
      vertex 21.2258 8 -18.3923
      vertex 19.3286 8 -14.0957
    endloop
  endfacet
  facet normal 0 1 0
    outer loop
      vertex -20.7019 8 -13.8274
      vertex -22.4838 8 -16.8312
      vertex -23.0702 8 -16.018
    endloop
  endfacet
  facet normal 0 1 0
    outer loop
      vertex 19.0165 8 -14.0611
      vertex 21.2258 8 -18.3923
      vertex 20.5558 8 -19.1382
    endloop
  endfacet
  facet normal 0 1 0
    outer loop
      vertex -20.1088 8 -14.031
      vertex -21.8688 8 -17.623
      vertex -22.4838 8 -16.8312
    endloop
  endfacet
  facet normal 0 1 0
    outer loop
      vertex 18.7101 8 -13.9925
      vertex 20.5558 8 -19.1382
      vertex 19.8596 8 -19.8596
    endloop
  endfacet
  facet normal 0 1 0
    outer loop
      vertex -19.4856 8 -14.1
      vertex -21.2258 8 -18.3923
      vertex -21.8688 8 -17.623
    endloop
  endfacet
  facet normal 0 1 0
    outer loop
      vertex 18.4131 8 -13.8905
      vertex 19.8596 8 -19.8596
      vertex 19.1382 8 -20.5558
    endloop
  endfacet
  facet normal 0 1 0
    outer loop
      vertex -19.172 8 -14.0827
      vertex -21.2258 8 -18.3923
      vertex -19.4856 8 -14.1
    endloop
  endfacet
  facet normal 0 1 0
    outer loop
      vertex 18.1291 8 -13.7565
      vertex 19.1382 8 -20.5558
      vertex 18.3923 8 -21.2258
    endloop
  endfacet
  facet normal -0 1 0
    outer loop
      vertex -21.2258 8 -18.3923
      vertex -19.172 8 -14.0827
      vertex -20.5558 8 -19.1382
    endloop
  endfacet
  facet normal 0 1 0
    outer loop
      vertex 17.8616 8 -13.5921
      vertex 18.3923 8 -21.2258
      vertex 17.623 8 -21.8688
    endloop
  endfacet
  facet normal 0 1 0
    outer loop
      vertex -18.8623 8 -14.031
      vertex -20.5558 8 -19.1382
      vertex -19.172 8 -14.0827
    endloop
  endfacet
  facet normal 0 1 0
    outer loop
      vertex 17.6138 8 -13.3992
      vertex 17.623 8 -21.8688
      vertex 16.8312 8 -22.4838
    endloop
  endfacet
  facet normal -0 1 0
    outer loop
      vertex -20.5558 8 -19.1382
      vertex -18.8623 8 -14.031
      vertex -19.8596 8 -19.8596
    endloop
  endfacet
  facet normal 0 1 0
    outer loop
      vertex 17.3888 8 -13.1803
      vertex 16.8312 8 -22.4838
      vertex 16.018 8 -23.0702
    endloop
  endfacet
  facet normal 0 1 0
    outer loop
      vertex -18.5602 8 -13.9456
      vertex -19.8596 8 -19.8596
      vertex -18.8623 8 -14.031
    endloop
  endfacet
  facet normal 0 1 0
    outer loop
      vertex 17.1891 8 -12.9379
      vertex 16.018 8 -23.0702
      vertex 15.1843 8 -23.6273
    endloop
  endfacet
  facet normal 0 1 0
    outer loop
      vertex -18.2693 8 -13.8274
      vertex -19.8596 8 -19.8596
      vertex -18.5602 8 -13.9456
    endloop
  endfacet
  facet normal 0 1 0
    outer loop
      vertex 17.1891 8 -12.9379
      vertex 15.1843 8 -23.6273
      vertex 14.3313 8 -24.1542
    endloop
  endfacet
  facet normal -0 1 0
    outer loop
      vertex -19.8596 8 -19.8596
      vertex -18.2693 8 -13.8274
      vertex -19.1382 8 -20.5558
    endloop
  endfacet
  facet normal 0 1 0
    outer loop
      vertex 17.0174 8 -12.675
      vertex 14.3313 8 -24.1542
      vertex 13.4601 8 -24.6503
    endloop
  endfacet
  facet normal 0 1 0
    outer loop
      vertex -17.9931 8 -13.678
      vertex -19.1382 8 -20.5558
      vertex -18.2693 8 -13.8274
    endloop
  endfacet
  facet normal 0 1 0
    outer loop
      vertex 17.0174 8 -12.675
      vertex 13.4601 8 -24.6503
      vertex 12.5717 8 -25.115
    endloop
  endfacet
  facet normal -0 1 0
    outer loop
      vertex -19.1382 8 -20.5558
      vertex -17.9931 8 -13.678
      vertex -18.3923 8 -21.2258
    endloop
  endfacet
  facet normal 0 1 0
    outer loop
      vertex 16.8756 8 -12.3948
      vertex 12.5717 8 -25.115
      vertex 11.6673 8 -25.5477
    endloop
  endfacet
  facet normal 0 1 0
    outer loop
      vertex -17.7351 8 -13.4991
      vertex -18.3923 8 -21.2258
      vertex -17.9931 8 -13.678
    endloop
  endfacet
  facet normal 0 1 0
    outer loop
      vertex 16.8756 8 -12.3948
      vertex 11.6673 8 -25.5477
      vertex 10.748 8 -25.9479
    endloop
  endfacet
  facet normal -0 1 0
    outer loop
      vertex -18.3923 8 -21.2258
      vertex -17.7351 8 -13.4991
      vertex -17.623 8 -21.8688
    endloop
  endfacet
  facet normal 0 1 0
    outer loop
      vertex 16.7655 8 -12.1008
      vertex 10.748 8 -25.9479
      vertex 9.81498 8 -26.315
    endloop
  endfacet
  facet normal 0 1 0
    outer loop
      vertex -17.4983 8 -13.2928
      vertex -17.623 8 -21.8688
      vertex -17.7351 8 -13.4991
    endloop
  endfacet
  facet normal 0 1 0
    outer loop
      vertex 16.7655 8 -12.1008
      vertex 9.81498 8 -26.315
      vertex 8.86948 8 -26.6485
    endloop
  endfacet
  facet normal -0 1 0
    outer loop
      vertex -17.623 8 -21.8688
      vertex -17.4983 8 -13.2928
      vertex -16.8312 8 -22.4838
    endloop
  endfacet
  facet normal 0 1 0
    outer loop
      vertex 16.7655 8 -12.1008
      vertex 8.86948 8 -26.6485
      vertex 7.91268 8 -26.9481
    endloop
  endfacet
  facet normal -0 1 -0
    outer loop
      vertex -16.8312 8 -22.4838
      vertex -17.4983 8 -13.2928
      vertex -16.018 8 -23.0702
    endloop
  endfacet
  facet normal 0 1 0
    outer loop
      vertex 16.6884 8 -11.7964
      vertex 7.91268 8 -26.9481
      vertex 6.9458 8 -27.2134
    endloop
  endfacet
  facet normal 0 1 0
    outer loop
      vertex -17.2856 8 -13.0618
      vertex -16.018 8 -23.0702
      vertex -17.4983 8 -13.2928
    endloop
  endfacet
  facet normal 0 1 0
    outer loop
      vertex 16.6884 8 -11.7964
      vertex 6.9458 8 -27.2134
      vertex 5.97006 8 -27.4439
    endloop
  endfacet
  facet normal -0 1 -0
    outer loop
      vertex -16.018 8 -23.0702
      vertex -17.2856 8 -13.0618
      vertex -15.1843 8 -23.6273
    endloop
  endfacet
  facet normal 0 1 0
    outer loop
      vertex 16.6884 8 -11.7964
      vertex 5.97006 8 -27.4439
      vertex 4.98672 8 -27.6395
    endloop
  endfacet
  facet normal 0 1 0
    outer loop
      vertex -17.0996 8 -12.8088
      vertex -15.1843 8 -23.6273
      vertex -17.2856 8 -13.0618
    endloop
  endfacet
  facet normal 0 1 0
    outer loop
      vertex 16.6453 8 -11.4854
      vertex 4.98672 8 -27.6395
      vertex 3.99702 8 -27.7999
    endloop
  endfacet
  facet normal -0 1 -0
    outer loop
      vertex -15.1843 8 -23.6273
      vertex -17.0996 8 -12.8088
      vertex -14.3313 8 -24.1542
    endloop
  endfacet
  facet normal 0 1 0
    outer loop
      vertex 16.6453 8 -11.4854
      vertex 3.99702 8 -27.7999
      vertex 3.00223 8 -27.9249
    endloop
  endfacet
  facet normal -0 1 -0
    outer loop
      vertex -14.3313 8 -24.1542
      vertex -17.0996 8 -12.8088
      vertex -13.4601 8 -24.6503
    endloop
  endfacet
  facet normal 0 1 0
    outer loop
      vertex 16.6453 8 -11.4854
      vertex 3.00223 8 -27.9249
      vertex 2.00362 8 -28.0142
    endloop
  endfacet
  facet normal 0 1 0
    outer loop
      vertex -16.9426 8 -12.5369
      vertex -13.4601 8 -24.6503
      vertex -17.0996 8 -12.8088
    endloop
  endfacet
  facet normal 0 1 0
    outer loop
      vertex 16.6453 8 -11.4854
      vertex 2.00362 8 -28.0142
      vertex 1.00245 8 -28.0679
    endloop
  endfacet
  facet normal -0 1 -0
    outer loop
      vertex -13.4601 8 -24.6503
      vertex -16.9426 8 -12.5369
      vertex -12.5717 8 -25.115
    endloop
  endfacet
  facet normal 0 1 0
    outer loop
      vertex 16.6453 8 -11.4854
      vertex 1.00245 8 -28.0679
      vertex 0 8 -28.0858
    endloop
  endfacet
  facet normal -0 1 -0
    outer loop
      vertex -12.5717 8 -25.115
      vertex -16.9426 8 -12.5369
      vertex -11.6673 8 -25.5477
    endloop
  endfacet
  facet normal -0 1 -0
    outer loop
      vertex -10.748 8 -25.9479
      vertex -16.8165 8 -12.2493
      vertex -9.81498 8 -26.315
    endloop
  endfacet
  facet normal 0 1 0
    outer loop
      vertex -16.8165 8 -12.2493
      vertex -11.6673 8 -25.5477
      vertex -16.9426 8 -12.5369
    endloop
  endfacet
  facet normal -0 1 -0
    outer loop
      vertex -11.6673 8 -25.5477
      vertex -16.8165 8 -12.2493
      vertex -10.748 8 -25.9479
    endloop
  endfacet
  facet normal 0 1 -0
    outer loop
      vertex 0.313523 8 25.3327
      vertex 0 8 28.0858
      vertex 1.00245 8 28.0679
    endloop
  endfacet
  facet normal 0 1 0
    outer loop
      vertex 0.925393 8 25.1956
      vertex 1.00245 8 28.0679
      vertex 2.00362 8 28.0142
    endloop
  endfacet
  facet normal 0 1 0
    outer loop
      vertex 0 8 28.0858
      vertex 0.313523 8 25.3327
      vertex 0 8 25.35
    endloop
  endfacet
  facet normal 0 1 0
    outer loop
      vertex 1.49247 8 24.928
      vertex 2.00362 8 28.0142
      vertex 3.00223 8 27.9249
    endloop
  endfacet
  facet normal 0 1 0
    outer loop
      vertex -0.313523 8 25.3327
      vertex 0 8 28.0858
      vertex 0 8 25.35
    endloop
  endfacet
  facet normal 0 1 0
    outer loop
      vertex 1.9873 8 24.5428
      vertex 3.00223 8 27.9249
      vertex 3.99702 8 27.7999
    endloop
  endfacet
  facet normal 0 1 0
    outer loop
      vertex 0 8 28.0858
      vertex -0.313523 8 25.3327
      vertex -1.00245 8 28.0679
    endloop
  endfacet
  facet normal 0 1 0
    outer loop
      vertex 2.19996 8 24.3118
      vertex 3.99702 8 27.7999
      vertex 4.98672 8 27.6395
    endloop
  endfacet
  facet normal 0 1 -0
    outer loop
      vertex -0.62324 8 25.281
      vertex -1.00245 8 28.0679
      vertex -0.313523 8 25.3327
    endloop
  endfacet
  facet normal 0 1 0
    outer loop
      vertex 2.54292 8 23.7869
      vertex 4.98672 8 27.6395
      vertex 5.97006 8 27.4439
    endloop
  endfacet
  facet normal 0 1 0
    outer loop
      vertex -1.00245 8 28.0679
      vertex -0.925393 8 25.1956
      vertex -2.00362 8 28.0142
    endloop
  endfacet
  facet normal 0 1 0
    outer loop
      vertex 2.66906 8 23.4993
      vertex 5.97006 8 27.4439
      vertex 6.9458 8 27.2134
    endloop
  endfacet
  facet normal 0 1 -0
    outer loop
      vertex -1.21631 8 25.0774
      vertex -2.00362 8 28.0142
      vertex -0.925393 8 25.1956
    endloop
  endfacet
  facet normal 0 1 0
    outer loop
      vertex 2.82299 8 22.8915
      vertex 6.9458 8 27.2134
      vertex 7.91268 8 26.9481
    endloop
  endfacet
  facet normal 0 1 -0
    outer loop
      vertex -1.49247 8 24.928
      vertex -2.00362 8 28.0142
      vertex -1.21631 8 25.0774
    endloop
  endfacet
  facet normal 0 1 0
    outer loop
      vertex 2.84892 8 22.5785
      vertex 7.91268 8 26.9481
      vertex 8.86948 8 26.6485
    endloop
  endfacet
  facet normal 0 1 0
    outer loop
      vertex -2.00362 8 28.0142
      vertex -1.49247 8 24.928
      vertex -3.00223 8 27.9249
    endloop
  endfacet
  facet normal 0 1 0
    outer loop
      vertex 2.84027 8 22.2646
      vertex 8.86948 8 26.6485
      vertex 9.81498 8 26.315
    endloop
  endfacet
  facet normal 0 1 -0
    outer loop
      vertex -1.75051 8 24.7491
      vertex -3.00223 8 27.9249
      vertex -1.49247 8 24.928
    endloop
  endfacet
  facet normal 0 1 0
    outer loop
      vertex 2.79714 8 21.9536
      vertex 9.81498 8 26.315
      vertex 10.748 8 25.9479
    endloop
  endfacet
  facet normal 0 1 -0
    outer loop
      vertex -1.9873 8 24.5428
      vertex -3.00223 8 27.9249
      vertex -1.75051 8 24.7491
    endloop
  endfacet
  facet normal 0 1 0
    outer loop
      vertex 2.72005 8 21.6492
      vertex 10.748 8 25.9479
      vertex 11.6673 8 25.5477
    endloop
  endfacet
  facet normal 0 1 0
    outer loop
      vertex -3.00223 8 27.9249
      vertex -1.9873 8 24.5428
      vertex -3.99702 8 27.7999
    endloop
  endfacet
  facet normal 0 1 -0
    outer loop
      vertex -2.19996 8 24.3118
      vertex -3.99702 8 27.7999
      vertex -1.9873 8 24.5428
    endloop
  endfacet
  facet normal 0 1 -0
    outer loop
      vertex -0.925393 8 25.1956
      vertex -1.00245 8 28.0679
      vertex -0.62324 8 25.281
    endloop
  endfacet
  facet normal 0 1 0
    outer loop
      vertex 1.00245 8 28.0679
      vertex 0.62324 8 25.281
      vertex 0.313523 8 25.3327
    endloop
  endfacet
  facet normal 0 1 0
    outer loop
      vertex 1.00245 8 28.0679
      vertex 0.925393 8 25.1956
      vertex 0.62324 8 25.281
    endloop
  endfacet
  facet normal 0 1 0
    outer loop
      vertex 2.72005 8 21.6492
      vertex 11.6673 8 25.5477
      vertex 12.5717 8 25.115
    endloop
  endfacet
  facet normal 0 1 0
    outer loop
      vertex 2.00362 8 28.0142
      vertex 1.21631 8 25.0774
      vertex 0.925393 8 25.1956
    endloop
  endfacet
  facet normal 0 1 0
    outer loop
      vertex 2.00362 8 28.0142
      vertex 1.49247 8 24.928
      vertex 1.21631 8 25.0774
    endloop
  endfacet
  facet normal 0 1 0
    outer loop
      vertex 3.00223 8 27.9249
      vertex 1.75051 8 24.7491
      vertex 1.49247 8 24.928
    endloop
  endfacet
  facet normal 0 1 0
    outer loop
      vertex 2.60995 8 21.3552
      vertex 12.5717 8 25.115
      vertex 13.4601 8 24.6503
    endloop
  endfacet
  facet normal 0 1 0
    outer loop
      vertex 3.00223 8 27.9249
      vertex 1.9873 8 24.5428
      vertex 1.75051 8 24.7491
    endloop
  endfacet
  facet normal 0 1 0
    outer loop
      vertex 3.99702 8 27.7999
      vertex 2.19996 8 24.3118
      vertex 1.9873 8 24.5428
    endloop
  endfacet
  facet normal 0 1 0
    outer loop
      vertex 2.46817 8 21.075
      vertex 13.4601 8 24.6503
      vertex 14.3313 8 24.1542
    endloop
  endfacet
  facet normal 0 1 0
    outer loop
      vertex 4.98672 8 27.6395
      vertex 2.38592 8 24.0588
      vertex 2.19996 8 24.3118
    endloop
  endfacet
  facet normal 0 1 0
    outer loop
      vertex 4.98672 8 27.6395
      vertex 2.54292 8 23.7869
      vertex 2.38592 8 24.0588
    endloop
  endfacet
  facet normal 0 1 0
    outer loop
      vertex 2.46817 8 21.075
      vertex 14.3313 8 24.1542
      vertex 15.1843 8 23.6273
    endloop
  endfacet
  facet normal 0 1 0
    outer loop
      vertex 5.97006 8 27.4439
      vertex 2.66906 8 23.4993
      vertex 2.54292 8 23.7869
    endloop
  endfacet
  facet normal 0 1 0
    outer loop
      vertex 6.9458 8 27.2134
      vertex 2.76279 8 23.1996
      vertex 2.66906 8 23.4993
    endloop
  endfacet
  facet normal 0 1 0
    outer loop
      vertex 2.29643 8 20.8121
      vertex 15.1843 8 23.6273
      vertex 16.018 8 23.0702
    endloop
  endfacet
  facet normal 0 1 0
    outer loop
      vertex 6.9458 8 27.2134
      vertex 2.82299 8 22.8915
      vertex 2.76279 8 23.1996
    endloop
  endfacet
  facet normal 0 1 0
    outer loop
      vertex 7.91268 8 26.9481
      vertex 2.84892 8 22.5785
      vertex 2.82299 8 22.8915
    endloop
  endfacet
  facet normal 0 1 0
    outer loop
      vertex 2.29643 8 20.8121
      vertex 16.018 8 23.0702
      vertex 16.8312 8 22.4838
    endloop
  endfacet
  facet normal 0 1 0
    outer loop
      vertex 8.86948 8 26.6485
      vertex 2.84027 8 22.2646
      vertex 2.84892 8 22.5785
    endloop
  endfacet
  facet normal 0 1 0
    outer loop
      vertex 9.81498 8 26.315
      vertex 2.79714 8 21.9536
      vertex 2.84027 8 22.2646
    endloop
  endfacet
  facet normal 0 1 0
    outer loop
      vertex 2.09681 8 20.5697
      vertex 16.8312 8 22.4838
      vertex 17.623 8 21.8688
    endloop
  endfacet
  facet normal 0 1 0
    outer loop
      vertex 10.748 8 25.9479
      vertex 2.72005 8 21.6492
      vertex 2.79714 8 21.9536
    endloop
  endfacet
  facet normal 0 1 0
    outer loop
      vertex 12.5717 8 25.115
      vertex 2.60995 8 21.3552
      vertex 2.72005 8 21.6492
    endloop
  endfacet
  facet normal 0 1 0
    outer loop
      vertex 2.09681 8 20.5697
      vertex 17.623 8 21.8688
      vertex 18.3923 8 21.2258
    endloop
  endfacet
  facet normal 0 1 0
    outer loop
      vertex 13.4601 8 24.6503
      vertex 2.46817 8 21.075
      vertex 2.60995 8 21.3552
    endloop
  endfacet
  facet normal 0 1 0
    outer loop
      vertex 15.1843 8 23.6273
      vertex 2.29643 8 20.8121
      vertex 2.46817 8 21.075
    endloop
  endfacet
  facet normal 0 1 0
    outer loop
      vertex 16.8312 8 22.4838
      vertex 2.09681 8 20.5697
      vertex 2.29643 8 20.8121
    endloop
  endfacet
  facet normal 0 1 0
    outer loop
      vertex 19.1382 8 20.5558
      vertex 2.09681 8 20.5697
      vertex 18.3923 8 21.2258
    endloop
  endfacet
  facet normal 0 1 0
    outer loop
      vertex 19.1382 8 20.5558
      vertex 1.87174 8 20.3508
      vertex 2.09681 8 20.5697
    endloop
  endfacet
  facet normal 0 1 0
    outer loop
      vertex 19.8596 8 19.8596
      vertex 1.87174 8 20.3508
      vertex 19.1382 8 20.5558
    endloop
  endfacet
  facet normal 0 1 0
    outer loop
      vertex 20.5558 8 19.1382
      vertex 1.87174 8 20.3508
      vertex 19.8596 8 19.8596
    endloop
  endfacet
  facet normal 0 1 0
    outer loop
      vertex 21.2258 8 18.3923
      vertex 1.87174 8 20.3508
      vertex 20.5558 8 19.1382
    endloop
  endfacet
  facet normal 0 1 0
    outer loop
      vertex 1.87174 8 20.3508
      vertex 21.2258 8 18.3923
      vertex 1.62395 8 20.1579
    endloop
  endfacet
  facet normal 0 1 0
    outer loop
      vertex 21.8688 8 17.623
      vertex 1.62395 8 20.1579
      vertex 21.2258 8 18.3923
    endloop
  endfacet
  facet normal 0 1 0
    outer loop
      vertex 22.4838 8 16.8312
      vertex 1.62395 8 20.1579
      vertex 21.8688 8 17.623
    endloop
  endfacet
  facet normal 0 1 0
    outer loop
      vertex 23.0702 8 16.018
      vertex 1.62395 8 20.1579
      vertex 22.4838 8 16.8312
    endloop
  endfacet
  facet normal 0 1 0
    outer loop
      vertex 1.62395 8 20.1579
      vertex 23.6273 8 15.1843
      vertex 1.35645 8 19.9935
    endloop
  endfacet
  facet normal 0 1 0
    outer loop
      vertex 23.6273 8 15.1843
      vertex 1.62395 8 20.1579
      vertex 23.0702 8 16.018
    endloop
  endfacet
  facet normal 0 1 0
    outer loop
      vertex -3.99702 8 27.7999
      vertex -2.19996 8 24.3118
      vertex -4.98672 8 27.6395
    endloop
  endfacet
  facet normal 0 1 -0
    outer loop
      vertex -2.38592 8 24.0588
      vertex -4.98672 8 27.6395
      vertex -2.19996 8 24.3118
    endloop
  endfacet
  facet normal 0 1 -0
    outer loop
      vertex -2.54292 8 23.7869
      vertex -4.98672 8 27.6395
      vertex -2.38592 8 24.0588
    endloop
  endfacet
  facet normal 0 1 0
    outer loop
      vertex -4.98672 8 27.6395
      vertex -2.54292 8 23.7869
      vertex -5.97006 8 27.4439
    endloop
  endfacet
  facet normal 0 1 -0
    outer loop
      vertex -2.66906 8 23.4993
      vertex -5.97006 8 27.4439
      vertex -2.54292 8 23.7869
    endloop
  endfacet
  facet normal 0 1 0
    outer loop
      vertex -5.97006 8 27.4439
      vertex -2.66906 8 23.4993
      vertex -6.9458 8 27.2134
    endloop
  endfacet
  facet normal 0 1 -0
    outer loop
      vertex -2.76279 8 23.1996
      vertex -6.9458 8 27.2134
      vertex -2.66906 8 23.4993
    endloop
  endfacet
  facet normal 0 1 -0
    outer loop
      vertex -2.82299 8 22.8915
      vertex -6.9458 8 27.2134
      vertex -2.76279 8 23.1996
    endloop
  endfacet
  facet normal 0 1 0
    outer loop
      vertex -6.9458 8 27.2134
      vertex -2.82299 8 22.8915
      vertex -7.91268 8 26.9481
    endloop
  endfacet
  facet normal 0 1 -0
    outer loop
      vertex -2.84892 8 22.5785
      vertex -7.91268 8 26.9481
      vertex -2.82299 8 22.8915
    endloop
  endfacet
  facet normal 0 1 0
    outer loop
      vertex -7.91268 8 26.9481
      vertex -2.84892 8 22.5785
      vertex -8.86948 8 26.6485
    endloop
  endfacet
  facet normal 0 1 0
    outer loop
      vertex -2.84027 8 22.2646
      vertex -8.86948 8 26.6485
      vertex -2.84892 8 22.5785
    endloop
  endfacet
  facet normal 0 1 0
    outer loop
      vertex -8.86948 8 26.6485
      vertex -2.84027 8 22.2646
      vertex -9.81498 8 26.315
    endloop
  endfacet
  facet normal 0 1 0
    outer loop
      vertex -2.79714 8 21.9536
      vertex -9.81498 8 26.315
      vertex -2.84027 8 22.2646
    endloop
  endfacet
  facet normal 0 1 0
    outer loop
      vertex -9.81498 8 26.315
      vertex -2.79714 8 21.9536
      vertex -10.748 8 25.9479
    endloop
  endfacet
  facet normal 0 1 0
    outer loop
      vertex -2.72005 8 21.6492
      vertex -10.748 8 25.9479
      vertex -2.79714 8 21.9536
    endloop
  endfacet
  facet normal 0 1 0
    outer loop
      vertex -10.748 8 25.9479
      vertex -2.72005 8 21.6492
      vertex -11.6673 8 25.5477
    endloop
  endfacet
  facet normal 0 1 0
    outer loop
      vertex -11.6673 8 25.5477
      vertex -2.72005 8 21.6492
      vertex -12.5717 8 25.115
    endloop
  endfacet
  facet normal 0 1 0
    outer loop
      vertex -2.60995 8 21.3552
      vertex -12.5717 8 25.115
      vertex -2.72005 8 21.6492
    endloop
  endfacet
  facet normal 0 1 0
    outer loop
      vertex -12.5717 8 25.115
      vertex -2.60995 8 21.3552
      vertex -13.4601 8 24.6503
    endloop
  endfacet
  facet normal 0 1 0
    outer loop
      vertex -2.46817 8 21.075
      vertex -13.4601 8 24.6503
      vertex -2.60995 8 21.3552
    endloop
  endfacet
  facet normal 0 1 0
    outer loop
      vertex -13.4601 8 24.6503
      vertex -2.46817 8 21.075
      vertex -14.3313 8 24.1542
    endloop
  endfacet
  facet normal 0 1 0
    outer loop
      vertex -14.3313 8 24.1542
      vertex -2.46817 8 21.075
      vertex -15.1843 8 23.6273
    endloop
  endfacet
  facet normal 0 1 0
    outer loop
      vertex -2.29643 8 20.8121
      vertex -15.1843 8 23.6273
      vertex -2.46817 8 21.075
    endloop
  endfacet
  facet normal 0 1 0
    outer loop
      vertex -15.1843 8 23.6273
      vertex -2.29643 8 20.8121
      vertex -16.018 8 23.0702
    endloop
  endfacet
  facet normal 0 1 0
    outer loop
      vertex -16.018 8 23.0702
      vertex -2.29643 8 20.8121
      vertex -16.8312 8 22.4838
    endloop
  endfacet
  facet normal 0 1 0
    outer loop
      vertex -2.09681 8 20.5697
      vertex -16.8312 8 22.4838
      vertex -2.29643 8 20.8121
    endloop
  endfacet
  facet normal 0 1 0
    outer loop
      vertex -16.8312 8 22.4838
      vertex -2.09681 8 20.5697
      vertex -17.623 8 21.8688
    endloop
  endfacet
  facet normal 0 1 0
    outer loop
      vertex -17.623 8 21.8688
      vertex -2.09681 8 20.5697
      vertex -18.3923 8 21.2258
    endloop
  endfacet
  facet normal 0 1 0
    outer loop
      vertex -2.09681 8 20.5697
      vertex -19.1382 8 20.5558
      vertex -18.3923 8 21.2258
    endloop
  endfacet
  facet normal 0 1 0
    outer loop
      vertex -1.87174 8 20.3508
      vertex -19.1382 8 20.5558
      vertex -2.09681 8 20.5697
    endloop
  endfacet
  facet normal 0 1 0
    outer loop
      vertex -21.2258 8 18.3923
      vertex -1.87174 8 20.3508
      vertex -1.62395 8 20.1579
    endloop
  endfacet
  facet normal 0 1 0
    outer loop
      vertex -23.6273 8 15.1843
      vertex -1.62395 8 20.1579
      vertex -1.35645 8 19.9935
    endloop
  endfacet
  facet normal 0 1 0
    outer loop
      vertex -1.87174 8 20.3508
      vertex -19.8596 8 19.8596
      vertex -19.1382 8 20.5558
    endloop
  endfacet
  facet normal 0 1 0
    outer loop
      vertex -19.3286 8 -8.40433
      vertex -1.35645 8 19.9935
      vertex -1.07248 8 19.8595
    endloop
  endfacet
  facet normal 0 1 0
    outer loop
      vertex -19.3286 8 -8.40433
      vertex -1.07248 8 19.8595
      vertex -0.775495 8 19.7575
    endloop
  endfacet
  facet normal 0 1 0
    outer loop
      vertex -19.3286 8 -8.40433
      vertex -0.775495 8 19.7575
      vertex -0.469094 8 19.6889
    endloop
  endfacet
  facet normal 0 1 0
    outer loop
      vertex 1.35645 8 19.9935
      vertex 17.9931 8 -8.82203
      vertex 1.07248 8 19.8595
    endloop
  endfacet
  facet normal 0 1 0
    outer loop
      vertex 24.1542 8 14.3313
      vertex 1.35645 8 19.9935
      vertex 23.6273 8 15.1843
    endloop
  endfacet
  facet normal 0 1 0
    outer loop
      vertex -0.157 8 19.6543
      vertex -19.3286 8 -8.40433
      vertex -0.469094 8 19.6889
    endloop
  endfacet
  facet normal 0 1 0
    outer loop
      vertex 25.9479 8 10.748
      vertex 18.2693 8 -8.67258
      vertex 25.5477 8 11.6673
    endloop
  endfacet
  facet normal 0 1 0
    outer loop
      vertex -1.87174 8 20.3508
      vertex -20.5558 8 19.1382
      vertex -19.8596 8 19.8596
    endloop
  endfacet
  facet normal 0 1 0
    outer loop
      vertex 25.5477 8 11.6673
      vertex 18.2693 8 -8.67258
      vertex 25.115 8 12.5717
    endloop
  endfacet
  facet normal 0 1 0
    outer loop
      vertex -1.87174 8 20.3508
      vertex -21.2258 8 18.3923
      vertex -20.5558 8 19.1382
    endloop
  endfacet
  facet normal 0 1 0
    outer loop
      vertex 25.115 8 12.5717
      vertex 18.2693 8 -8.67258
      vertex 24.6503 8 13.4601
    endloop
  endfacet
  facet normal 0 1 0
    outer loop
      vertex -1.62395 8 20.1579
      vertex -21.8688 8 17.623
      vertex -21.2258 8 18.3923
    endloop
  endfacet
  facet normal 0 1 0
    outer loop
      vertex 17.9931 8 -8.82203
      vertex 24.6503 8 13.4601
      vertex 18.2693 8 -8.67258
    endloop
  endfacet
  facet normal 0 1 0
    outer loop
      vertex -1.62395 8 20.1579
      vertex -22.4838 8 16.8312
      vertex -21.8688 8 17.623
    endloop
  endfacet
  facet normal 0 1 0
    outer loop
      vertex 24.6503 8 13.4601
      vertex 17.9931 8 -8.82203
      vertex 24.1542 8 14.3313
    endloop
  endfacet
  facet normal 0 1 0
    outer loop
      vertex -1.62395 8 20.1579
      vertex -23.0702 8 16.018
      vertex -22.4838 8 16.8312
    endloop
  endfacet
  facet normal 0 1 0
    outer loop
      vertex 24.1542 8 14.3313
      vertex 17.9931 8 -8.82203
      vertex 1.35645 8 19.9935
    endloop
  endfacet
  facet normal 0 1 0
    outer loop
      vertex -1.62395 8 20.1579
      vertex -23.6273 8 15.1843
      vertex -23.0702 8 16.018
    endloop
  endfacet
  facet normal 0 1 0
    outer loop
      vertex 26.315 8 9.81498
      vertex 18.2693 8 -8.67258
      vertex 25.9479 8 10.748
    endloop
  endfacet
  facet normal 0 1 0
    outer loop
      vertex -1.35645 8 19.9935
      vertex -24.1542 8 14.3313
      vertex -23.6273 8 15.1843
    endloop
  endfacet
  facet normal 0 1 0
    outer loop
      vertex 18.2693 8 -8.67258
      vertex 26.315 8 9.81498
      vertex 18.5602 8 -8.55442
    endloop
  endfacet
  facet normal 0 1 0
    outer loop
      vertex -1.35645 8 19.9935
      vertex -24.6503 8 13.4601
      vertex -24.1542 8 14.3313
    endloop
  endfacet
  facet normal 0 1 0
    outer loop
      vertex 26.6485 8 8.86948
      vertex 18.5602 8 -8.55442
      vertex 26.315 8 9.81498
    endloop
  endfacet
  facet normal 0 1 -0
    outer loop
      vertex -19.3286 8 -8.40433
      vertex -24.6503 8 13.4601
      vertex -1.35645 8 19.9935
    endloop
  endfacet
  facet normal 0 1 0
    outer loop
      vertex 26.9481 8 7.91268
      vertex 18.5602 8 -8.55442
      vertex 26.6485 8 8.86948
    endloop
  endfacet
  facet normal 0 1 0
    outer loop
      vertex -24.6503 8 13.4601
      vertex -19.3286 8 -8.40433
      vertex -25.115 8 12.5717
    endloop
  endfacet
  facet normal 0 1 0
    outer loop
      vertex 27.2134 8 6.9458
      vertex 18.5602 8 -8.55442
      vertex 26.9481 8 7.91268
    endloop
  endfacet
  facet normal 0 1 0
    outer loop
      vertex -25.115 8 12.5717
      vertex -19.3286 8 -8.40433
      vertex -25.5477 8 11.6673
    endloop
  endfacet
  facet normal 0 1 0
    outer loop
      vertex 27.4439 8 5.97006
      vertex 18.5602 8 -8.55442
      vertex 27.2134 8 6.9458
    endloop
  endfacet
  facet normal 0 1 0
    outer loop
      vertex -25.5477 8 11.6673
      vertex -19.3286 8 -8.40433
      vertex -25.9479 8 10.748
    endloop
  endfacet
  facet normal 0 1 0
    outer loop
      vertex 18.5602 8 -8.55442
      vertex 27.4439 8 5.97006
      vertex 18.8623 8 -8.46898
    endloop
  endfacet
  facet normal 0 1 0
    outer loop
      vertex -25.9479 8 10.748
      vertex -19.3286 8 -8.40433
      vertex -26.315 8 9.81498
    endloop
  endfacet
  facet normal 0 1 0
    outer loop
      vertex 27.6395 8 4.98672
      vertex 18.8623 8 -8.46898
      vertex 27.4439 8 5.97006
    endloop
  endfacet
  facet normal 0 1 0
    outer loop
      vertex -26.315 8 9.81498
      vertex -19.3286 8 -8.40433
      vertex -26.6485 8 8.86948
    endloop
  endfacet
  facet normal 0 1 0
    outer loop
      vertex 27.7999 8 3.99702
      vertex 18.8623 8 -8.46898
      vertex 27.6395 8 4.98672
    endloop
  endfacet
  facet normal 0 1 0
    outer loop
      vertex -26.6485 8 8.86948
      vertex -19.3286 8 -8.40433
      vertex -26.9481 8 7.91268
    endloop
  endfacet
  facet normal 0 1 0
    outer loop
      vertex 18.8623 8 -8.46898
      vertex 27.7999 8 3.99702
      vertex 19.172 8 -8.4173
    endloop
  endfacet
  facet normal 0 1 0
    outer loop
      vertex -26.9481 8 7.91268
      vertex -19.3286 8 -8.40433
      vertex -27.2134 8 6.9458
    endloop
  endfacet
  facet normal 0 1 0
    outer loop
      vertex 27.9249 8 3.00223
      vertex 19.172 8 -8.4173
      vertex 27.7999 8 3.99702
    endloop
  endfacet
  facet normal 0 1 0
    outer loop
      vertex -27.2134 8 6.9458
      vertex -19.3286 8 -8.40433
      vertex -27.4439 8 5.97006
    endloop
  endfacet
  facet normal 0 1 0
    outer loop
      vertex 28.0142 8 2.00362
      vertex 19.172 8 -8.4173
      vertex 27.9249 8 3.00223
    endloop
  endfacet
  facet normal 0 1 0
    outer loop
      vertex -27.4439 8 5.97006
      vertex -19.3286 8 -8.40433
      vertex -27.6395 8 4.98672
    endloop
  endfacet
  facet normal 0 1 0
    outer loop
      vertex 28.0679 8 1.00245
      vertex 19.172 8 -8.4173
      vertex 28.0142 8 2.00362
    endloop
  endfacet
  facet normal 0 1 0
    outer loop
      vertex -27.6395 8 4.98672
      vertex -19.3286 8 -8.40433
      vertex -27.7999 8 3.99702
    endloop
  endfacet
  facet normal 0 1 0
    outer loop
      vertex 19.172 8 -8.4173
      vertex 28.0679 8 1.00245
      vertex 19.4856 8 -8.4
    endloop
  endfacet
  facet normal 0 1 0
    outer loop
      vertex -27.7999 8 3.99702
      vertex -19.3286 8 -8.40433
      vertex -27.9249 8 3.00223
    endloop
  endfacet
  facet normal 0 1 0
    outer loop
      vertex 19.4856 8 -8.4
      vertex 28.0679 8 1.00245
      vertex 28.0858 8 0
    endloop
  endfacet
  facet normal 0 1 0
    outer loop
      vertex -27.9249 8 3.00223
      vertex -19.3286 8 -8.40433
      vertex -28.0142 8 2.00362
    endloop
  endfacet
  facet normal 0 1 0
    outer loop
      vertex 19.4856 8 -8.4
      vertex 28.0858 8 0
      vertex 28.0679 8 -1.00245
    endloop
  endfacet
  facet normal 0 1 0
    outer loop
      vertex -28.0142 8 2.00362
      vertex -19.3286 8 -8.40433
      vertex -28.0679 8 1.00245
    endloop
  endfacet
  facet normal 0 1 0
    outer loop
      vertex 19.7991 8 -8.4173
      vertex 28.0679 8 -1.00245
      vertex 28.0142 8 -2.00362
    endloop
  endfacet
  facet normal 0 1 0
    outer loop
      vertex -28.0679 8 1.00245
      vertex -19.3286 8 -8.40433
      vertex -28.0858 8 0
    endloop
  endfacet
  facet normal 0 1 0
    outer loop
      vertex 20.1088 8 -8.46898
      vertex 28.0142 8 -2.00362
      vertex 27.9249 8 -3.00223
    endloop
  endfacet
  facet normal 0 1 -0
    outer loop
      vertex -19.6426 8 -8.40433
      vertex -28.0858 8 0
      vertex -19.3286 8 -8.40433
    endloop
  endfacet
  facet normal 0 1 0
    outer loop
      vertex 20.1088 8 -8.46898
      vertex 27.9249 8 -3.00223
      vertex 27.7999 8 -3.99702
    endloop
  endfacet
  facet normal 0 1 0
    outer loop
      vertex -28.0858 8 0
      vertex -19.6426 8 -8.40433
      vertex -28.0679 8 -1.00245
    endloop
  endfacet
  facet normal 0 1 0
    outer loop
      vertex 20.411 8 -8.55442
      vertex 27.7999 8 -3.99702
      vertex 27.6395 8 -4.98672
    endloop
  endfacet
  facet normal 0 1 -0
    outer loop
      vertex -19.9547 8 -8.43887
      vertex -28.0679 8 -1.00245
      vertex -19.6426 8 -8.40433
    endloop
  endfacet
  facet normal 0 1 0
    outer loop
      vertex 20.7019 8 -8.67258
      vertex 27.6395 8 -4.98672
      vertex 27.4439 8 -5.97006
    endloop
  endfacet
  facet normal 0 1 0
    outer loop
      vertex -28.0679 8 -1.00245
      vertex -19.9547 8 -8.43887
      vertex -28.0142 8 -2.00362
    endloop
  endfacet
  facet normal 0 1 0
    outer loop
      vertex 20.978 8 -8.82203
      vertex 27.4439 8 -5.97006
      vertex 27.2134 8 -6.9458
    endloop
  endfacet
  facet normal 0 1 0
    outer loop
      vertex -28.0142 8 -2.00362
      vertex -19.9547 8 -8.43887
      vertex -27.9249 8 -3.00223
    endloop
  endfacet
  facet normal 0 1 0
    outer loop
      vertex 21.4729 8 -9.20717
      vertex 27.2134 8 -6.9458
      vertex 26.9481 8 -7.91268
    endloop
  endfacet
  facet normal 0 1 -0
    outer loop
      vertex -20.2611 8 -8.50754
      vertex -27.9249 8 -3.00223
      vertex -19.9547 8 -8.43887
    endloop
  endfacet
  facet normal 0 1 0
    outer loop
      vertex -27.9249 8 -3.00223
      vertex -20.2611 8 -8.50754
      vertex -27.7999 8 -3.99702
    endloop
  endfacet
  facet normal 0 1 0
    outer loop
      vertex 28.0679 8 -1.00245
      vertex 19.7991 8 -8.4173
      vertex 19.4856 8 -8.4
    endloop
  endfacet
  facet normal 0 1 0
    outer loop
      vertex 28.0142 8 -2.00362
      vertex 20.1088 8 -8.46898
      vertex 19.7991 8 -8.4173
    endloop
  endfacet
  facet normal 0 1 0
    outer loop
      vertex 27.7999 8 -3.99702
      vertex 20.411 8 -8.55442
      vertex 20.1088 8 -8.46898
    endloop
  endfacet
  facet normal 0 1 0
    outer loop
      vertex 27.6395 8 -4.98672
      vertex 20.7019 8 -8.67258
      vertex 20.411 8 -8.55442
    endloop
  endfacet
  facet normal 0 1 0
    outer loop
      vertex 27.4439 8 -5.97006
      vertex 20.978 8 -8.82203
      vertex 20.7019 8 -8.67258
    endloop
  endfacet
  facet normal 0 1 0
    outer loop
      vertex 21.6855 8 -9.43819
      vertex 26.9481 8 -7.91268
      vertex 26.6485 8 -8.86948
    endloop
  endfacet
  facet normal 0 1 0
    outer loop
      vertex 27.2134 8 -6.9458
      vertex 21.2361 8 -9.00095
      vertex 20.978 8 -8.82203
    endloop
  endfacet
  facet normal 0 1 0
    outer loop
      vertex 27.2134 8 -6.9458
      vertex 21.4729 8 -9.20717
      vertex 21.2361 8 -9.00095
    endloop
  endfacet
  facet normal 0 1 0
    outer loop
      vertex 26.9481 8 -7.91268
      vertex 21.6855 8 -9.43819
      vertex 21.4729 8 -9.20717
    endloop
  endfacet
  facet normal 0 1 0
    outer loop
      vertex 26.6485 8 -8.86948
      vertex 21.8715 8 -9.6912
      vertex 21.6855 8 -9.43819
    endloop
  endfacet
  facet normal 0 1 -0
    outer loop
      vertex 26.315 8 -9.81498
      vertex 21.8715 8 -9.6912
      vertex 26.6485 8 -8.86948
    endloop
  endfacet
  facet normal 0 1 0
    outer loop
      vertex 26.315 8 -9.81498
      vertex 22.0285 8 -9.96313
      vertex 21.8715 8 -9.6912
    endloop
  endfacet
  facet normal 0 1 0
    outer loop
      vertex 26.315 8 -9.81498
      vertex 22.1546 8 -10.2507
      vertex 22.0285 8 -9.96313
    endloop
  endfacet
  facet normal 0 1 -0
    outer loop
      vertex 25.9479 8 -10.748
      vertex 22.1546 8 -10.2507
      vertex 26.315 8 -9.81498
    endloop
  endfacet
  facet normal 0 1 0
    outer loop
      vertex 22.1546 8 -10.2507
      vertex 25.9479 8 -10.748
      vertex 22.2484 8 -10.5504
    endloop
  endfacet
  facet normal 0 1 0
    outer loop
      vertex 25.9479 8 -10.748
      vertex 22.3086 8 -10.8585
      vertex 22.2484 8 -10.5504
    endloop
  endfacet
  facet normal 0 1 -0
    outer loop
      vertex 25.5477 8 -11.6673
      vertex 22.3086 8 -10.8585
      vertex 25.9479 8 -10.748
    endloop
  endfacet
  facet normal 0 1 0
    outer loop
      vertex 22.3086 8 -10.8585
      vertex 25.5477 8 -11.6673
      vertex 22.3345 8 -11.1715
    endloop
  endfacet
  facet normal 0 1 0
    outer loop
      vertex 22.3345 8 -11.1715
      vertex 25.5477 8 -11.6673
      vertex 22.3258 8 -11.4854
    endloop
  endfacet
  facet normal 0 1 -0
    outer loop
      vertex 25.115 8 -12.5717
      vertex 22.3258 8 -11.4854
      vertex 25.5477 8 -11.6673
    endloop
  endfacet
  facet normal 0 1 0
    outer loop
      vertex 22.3258 8 -11.4854
      vertex 25.115 8 -12.5717
      vertex 22.2827 8 -11.7964
    endloop
  endfacet
  facet normal 0 1 0
    outer loop
      vertex 22.2827 8 -11.7964
      vertex 25.115 8 -12.5717
      vertex 22.2056 8 -12.1008
    endloop
  endfacet
  facet normal 0 1 -0
    outer loop
      vertex 24.6503 8 -13.4601
      vertex 22.2056 8 -12.1008
      vertex 25.115 8 -12.5717
    endloop
  endfacet
  facet normal 0 1 0
    outer loop
      vertex 22.2056 8 -12.1008
      vertex 24.6503 8 -13.4601
      vertex 22.0955 8 -12.3948
    endloop
  endfacet
  facet normal 0 1 0
    outer loop
      vertex 22.0955 8 -12.3948
      vertex 24.6503 8 -13.4601
      vertex 21.9537 8 -12.675
    endloop
  endfacet
  facet normal 0 1 -0
    outer loop
      vertex 24.1542 8 -14.3313
      vertex 21.9537 8 -12.675
      vertex 24.6503 8 -13.4601
    endloop
  endfacet
  facet normal 0 1 0
    outer loop
      vertex 21.9537 8 -12.675
      vertex 24.1542 8 -14.3313
      vertex 21.782 8 -12.9379
    endloop
  endfacet
  facet normal 0 1 0
    outer loop
      vertex 21.782 8 -12.9379
      vertex 24.1542 8 -14.3313
      vertex 21.5824 8 -13.1803
    endloop
  endfacet
  facet normal 0 1 -0
    outer loop
      vertex 23.6273 8 -15.1843
      vertex 21.5824 8 -13.1803
      vertex 24.1542 8 -14.3313
    endloop
  endfacet
  facet normal 0 1 0
    outer loop
      vertex 21.5824 8 -13.1803
      vertex 23.6273 8 -15.1843
      vertex 21.3573 8 -13.3992
    endloop
  endfacet
  facet normal 0 1 0
    outer loop
      vertex 21.3573 8 -13.3992
      vertex 23.6273 8 -15.1843
      vertex 21.1095 8 -13.5921
    endloop
  endfacet
  facet normal 0 1 -0
    outer loop
      vertex 23.0702 8 -16.018
      vertex 21.1095 8 -13.5921
      vertex 23.6273 8 -15.1843
    endloop
  endfacet
  facet normal 0 1 0
    outer loop
      vertex 21.1095 8 -13.5921
      vertex 23.0702 8 -16.018
      vertex 20.842 8 -13.7565
    endloop
  endfacet
  facet normal 0 1 0
    outer loop
      vertex 20.5581 8 -13.8905
      vertex 22.4838 8 -16.8312
      vertex 20.2611 8 -13.9925
    endloop
  endfacet
  facet normal 0 1 -0
    outer loop
      vertex 21.8688 8 -17.623
      vertex 20.2611 8 -13.9925
      vertex 22.4838 8 -16.8312
    endloop
  endfacet
  facet normal 0 1 -0
    outer loop
      vertex 22.4838 8 -16.8312
      vertex 20.5581 8 -13.8905
      vertex 23.0702 8 -16.018
    endloop
  endfacet
  facet normal 0 1 0
    outer loop
      vertex 20.842 8 -13.7565
      vertex 23.0702 8 -16.018
      vertex 20.5581 8 -13.8905
    endloop
  endfacet
  facet normal 0 -1 -0
    outer loop
      vertex 26.062 0 17.6925
      vertex 6.65176 0 4.44456
      vertex 26.6416 0 16.807
    endloop
  endfacet
  facet normal 0 -1 -0
    outer loop
      vertex 26.6416 0 16.807
      vertex 6.65176 0 4.44456
      vertex 27.1912 0 15.9025
    endloop
  endfacet
  facet normal 0 -1 0
    outer loop
      vertex 7.05537 0 3.77117
      vertex 27.1912 0 15.9025
      vertex 6.65176 0 4.44456
    endloop
  endfacet
  facet normal 0 -1 -0
    outer loop
      vertex 27.1912 0 15.9025
      vertex 7.05537 0 3.77117
      vertex 27.71 0 14.9801
    endloop
  endfacet
  facet normal 0 -1 -0
    outer loop
      vertex 27.71 0 14.9801
      vertex 7.05537 0 3.77117
      vertex 28.1976 0 14.0408
    endloop
  endfacet
  facet normal 0 -1 -0
    outer loop
      vertex 28.1976 0 14.0408
      vertex 7.05537 0 3.77117
      vertex 28.6534 0 13.0856
    endloop
  endfacet
  facet normal 0 -1 0
    outer loop
      vertex 7.39104 0 3.06147
      vertex 28.6534 0 13.0856
      vertex 7.05537 0 3.77117
    endloop
  endfacet
  facet normal 0 -1 -0
    outer loop
      vertex 28.6534 0 13.0856
      vertex 7.39104 0 3.06147
      vertex 29.0768 0 12.1156
    endloop
  endfacet
  facet normal 0 -1 -0
    outer loop
      vertex 29.0768 0 12.1156
      vertex 7.39104 0 3.06147
      vertex 29.4674 0 11.132
    endloop
  endfacet
  facet normal 0 -1 -0
    outer loop
      vertex 29.4674 0 11.132
      vertex 7.39104 0 3.06147
      vertex 29.8248 0 10.1358
    endloop
  endfacet
  facet normal 0 -1 0
    outer loop
      vertex 7.65552 0 2.32228
      vertex 29.8248 0 10.1358
      vertex 7.39104 0 3.06147
    endloop
  endfacet
  facet normal 0 -1 -0
    outer loop
      vertex 29.8248 0 10.1358
      vertex 7.65552 0 2.32228
      vertex 30.1484 0 9.12814
    endloop
  endfacet
  facet normal 0 -1 -0
    outer loop
      vertex 30.1484 0 9.12814
      vertex 7.65552 0 2.32228
      vertex 30.438 0 8.1102
    endloop
  endfacet
  facet normal 0 -1 -0
    outer loop
      vertex 30.438 0 8.1102
      vertex 7.65552 0 2.32228
      vertex 30.6933 0 7.08309
    endloop
  endfacet
  facet normal 0 -1 0
    outer loop
      vertex 7.84628 0 1.56072
      vertex 30.6933 0 7.08309
      vertex 7.65552 0 2.32228
    endloop
  endfacet
  facet normal 0 -1 -0
    outer loop
      vertex 30.6933 0 7.08309
      vertex 7.84628 0 1.56072
      vertex 30.9139 0 6.048
    endloop
  endfacet
  facet normal 0 -1 -0
    outer loop
      vertex 30.9139 0 6.048
      vertex 7.84628 0 1.56072
      vertex 31.0997 0 5.00607
    endloop
  endfacet
  facet normal 0 -1 -0
    outer loop
      vertex 31.0997 0 5.00607
      vertex 7.84628 0 1.56072
      vertex 31.2503 0 3.9585
    endloop
  endfacet
  facet normal 0 -1 0
    outer loop
      vertex 7.96148 0 0.784137
      vertex 31.2503 0 3.9585
      vertex 7.84628 0 1.56072
    endloop
  endfacet
  facet normal 0 -1 -0
    outer loop
      vertex 31.2503 0 3.9585
      vertex 7.96148 0 0.784137
      vertex 31.3656 0 2.90645
    endloop
  endfacet
  facet normal 0 -1 0
    outer loop
      vertex 19.4856 0 -9.7
      vertex 31.3656 0 2.90645
      vertex 7.96148 0 0.784137
    endloop
  endfacet
  facet normal 0 -1 -0
    outer loop
      vertex 31.3656 0 2.90645
      vertex 19.4856 0 -9.7
      vertex 31.4456 0 1.85113
    endloop
  endfacet
  facet normal 0 -1 0
    outer loop
      vertex 19.4856 0 -9.7
      vertex 7.96148 0 0.784137
      vertex 8 0 0
    endloop
  endfacet
  facet normal 0 -1 0
    outer loop
      vertex 19.7166 0 -9.71731
      vertex 31.4456 0 1.85113
      vertex 19.4856 0 -9.7
    endloop
  endfacet
  facet normal 0 -1 0
    outer loop
      vertex 19.2546 0 -9.71731
      vertex 8 0 0
      vertex 7.96148 0 -0.784137
    endloop
  endfacet
  facet normal 0 -1 -0
    outer loop
      vertex 31.4456 0 1.85113
      vertex 19.7166 0 -9.71731
      vertex 31.49 0 0.793714
    endloop
  endfacet
  facet normal 0 -1 0
    outer loop
      vertex 18.8131 0 -9.8535
      vertex 7.96148 0 -0.784137
      vertex 7.84628 0 -1.56072
    endloop
  endfacet
  facet normal 0 -1 0
    outer loop
      vertex 18.6124 0 -9.96933
      vertex 7.84628 0 -1.56072
      vertex 7.65552 0 -2.32228
    endloop
  endfacet
  facet normal 0 -1 -0
    outer loop
      vertex 31.49 0 0.793714
      vertex 19.7166 0 -9.71731
      vertex 31.4989 0 -0.264596
    endloop
  endfacet
  facet normal 0 -1 0
    outer loop
      vertex 18.4313 0 -10.1138
      vertex 7.65552 0 -2.32228
      vertex 7.39104 0 -3.06147
    endloop
  endfacet
  facet normal 0 -1 0
    outer loop
      vertex 19.9424 0 -9.76886
      vertex 31.4989 0 -0.264596
      vertex 19.7166 0 -9.71731
    endloop
  endfacet
  facet normal 0 -1 0
    outer loop
      vertex 18.2737 0 -10.2836
      vertex 7.39104 0 -3.06147
      vertex 7.05537 0 -3.77117
    endloop
  endfacet
  facet normal 0 -1 0
    outer loop
      vertex 18.1432 0 -10.475
      vertex 7.05537 0 -3.77117
      vertex 6.65176 0 -4.44456
    endloop
  endfacet
  facet normal 0 -1 0
    outer loop
      vertex 31.4989 0 -0.264596
      vertex 19.9424 0 -9.76886
      vertex 31.4722 0 -1.32261
    endloop
  endfacet
  facet normal 0 -1 0
    outer loop
      vertex 18.0427 0 -10.6837
      vertex 6.65176 0 -4.44456
      vertex 6.18408 0 -5.07515
    endloop
  endfacet
  facet normal 0 -1 0
    outer loop
      vertex 31.4722 0 -1.32261
      vertex 19.9424 0 -9.76886
      vertex 31.41 0 -2.37913
    endloop
  endfacet
  facet normal 0 -1 0
    outer loop
      vertex 17.9744 0 -10.9051
      vertex 6.18408 0 -5.07515
      vertex 5.65685 0 -5.65685
    endloop
  endfacet
  facet normal 0 -1 0
    outer loop
      vertex 17.9399 0 -11.3658
      vertex 5.65685 0 -5.65685
      vertex 5.07515 0 -6.18408
    endloop
  endfacet
  facet normal 0 -1 0
    outer loop
      vertex 31.41 0 -2.37913
      vertex 19.9424 0 -9.76886
      vertex 31.3124 0 -3.43296
    endloop
  endfacet
  facet normal 0 -1 0
    outer loop
      vertex 17.9744 0 -11.5949
      vertex 5.07515 0 -6.18408
      vertex 4.44456 0 -6.65176
    endloop
  endfacet
  facet normal 0 -1 0
    outer loop
      vertex 18.0427 0 -11.8163
      vertex 4.44456 0 -6.65176
      vertex 3.77117 0 -7.05537
    endloop
  endfacet
  facet normal 0 -1 0
    outer loop
      vertex 18.1432 0 -12.025
      vertex 3.77117 0 -7.05537
      vertex 3.06147 0 -7.39104
    endloop
  endfacet
  facet normal 0 -1 0
    outer loop
      vertex 8 0 0
      vertex 19.2546 0 -9.71731
      vertex 19.4856 0 -9.7
    endloop
  endfacet
  facet normal 0 -1 0
    outer loop
      vertex 18.2737 0 -12.2164
      vertex 3.06147 0 -7.39104
      vertex 2.32228 0 -7.65552
    endloop
  endfacet
  facet normal 0 -1 0
    outer loop
      vertex 18.4313 0 -12.3862
      vertex 2.32228 0 -7.65552
      vertex 1.56072 0 -7.84628
    endloop
  endfacet
  facet normal 0 -1 0
    outer loop
      vertex 18.6124 0 -12.5307
      vertex 1.56072 0 -7.84628
      vertex 0.784137 0 -7.96148
    endloop
  endfacet
  facet normal 0 -1 0
    outer loop
      vertex 18.6124 0 -12.5307
      vertex 0.784137 0 -7.96148
      vertex 0 0 -8
    endloop
  endfacet
  facet normal 0 -1 0
    outer loop
      vertex -17.9744 0 -10.9051
      vertex -6.18408 0 -5.07515
      vertex -18.0427 0 -10.6837
    endloop
  endfacet
  facet normal 0 -1 -0
    outer loop
      vertex -6.18408 0 -5.07515
      vertex -17.9744 0 -10.9051
      vertex -5.65685 0 -5.65685
    endloop
  endfacet
  facet normal 0 -1 0
    outer loop
      vertex -20.8279 0 -10.475
      vertex -30.2975 0 -8.62038
      vertex -29.9908 0 -9.63332
    endloop
  endfacet
  facet normal 0 -1 0
    outer loop
      vertex -17.9399 0 -11.1342
      vertex -5.65685 0 -5.65685
      vertex -17.9744 0 -10.9051
    endloop
  endfacet
  facet normal 0 -1 0
    outer loop
      vertex 20.3587 0 -9.96933
      vertex 31.1794 0 -4.48292
      vertex 20.1581 0 -9.8535
    endloop
  endfacet
  facet normal 0 -1 0
    outer loop
      vertex -30.2975 0 -8.62038
      vertex -19.7166 0 -9.71731
      vertex -19.4856 0 -9.7
    endloop
  endfacet
  facet normal 0 -1 0
    outer loop
      vertex -30.2975 0 -8.62038
      vertex -19.9424 0 -9.76886
      vertex -19.7166 0 -9.71731
    endloop
  endfacet
  facet normal 0 -1 0
    outer loop
      vertex -30.2975 0 -8.62038
      vertex -20.1581 0 -9.8535
      vertex -19.9424 0 -9.76886
    endloop
  endfacet
  facet normal 0 -1 0
    outer loop
      vertex -30.2975 0 -8.62038
      vertex -20.3587 0 -9.96933
      vertex -20.1581 0 -9.8535
    endloop
  endfacet
  facet normal 0 -1 0
    outer loop
      vertex -30.2975 0 -8.62038
      vertex -20.5398 0 -10.1138
      vertex -20.3587 0 -9.96933
    endloop
  endfacet
  facet normal 0 -1 0
    outer loop
      vertex -30.2975 0 -8.62038
      vertex -20.6974 0 -10.2836
      vertex -20.5398 0 -10.1138
    endloop
  endfacet
  facet normal 0 -1 0
    outer loop
      vertex -30.2975 0 -8.62038
      vertex -20.8279 0 -10.475
      vertex -20.6974 0 -10.2836
    endloop
  endfacet
  facet normal 0 -1 0
    outer loop
      vertex -20.9284 0 -10.6837
      vertex -29.9908 0 -9.63332
      vertex -29.6503 0 -10.6354
    endloop
  endfacet
  facet normal 0 -1 0
    outer loop
      vertex -29.9908 0 -9.63332
      vertex -20.9284 0 -10.6837
      vertex -20.8279 0 -10.475
    endloop
  endfacet
  facet normal 0 -1 0
    outer loop
      vertex -29.6503 0 -10.6354
      vertex -20.9967 0 -10.9051
      vertex -20.9284 0 -10.6837
    endloop
  endfacet
  facet normal 0 -1 0
    outer loop
      vertex -29.2763 0 -11.6254
      vertex -20.9967 0 -10.9051
      vertex -29.6503 0 -10.6354
    endloop
  endfacet
  facet normal 0 -1 0
    outer loop
      vertex -20.9967 0 -10.9051
      vertex -29.2763 0 -11.6254
      vertex -21.0312 0 -11.1342
    endloop
  endfacet
  facet normal 0 -1 0
    outer loop
      vertex -28.8692 0 -12.6024
      vertex -21.0312 0 -11.1342
      vertex -29.2763 0 -11.6254
    endloop
  endfacet
  facet normal 0 -1 -0
    outer loop
      vertex -21.0312 0 -11.1342
      vertex -28.8692 0 -12.6024
      vertex -21.0312 0 -11.3658
    endloop
  endfacet
  facet normal 0 -1 0
    outer loop
      vertex -28.4295 0 -13.5651
      vertex -21.0312 0 -11.3658
      vertex -28.8692 0 -12.6024
    endloop
  endfacet
  facet normal 0 -1 -0
    outer loop
      vertex -21.0312 0 -11.3658
      vertex -28.4295 0 -13.5651
      vertex -20.9967 0 -11.5949
    endloop
  endfacet
  facet normal 0 -1 0
    outer loop
      vertex -27.9578 0 -14.5125
      vertex -20.9967 0 -11.5949
      vertex -28.4295 0 -13.5651
    endloop
  endfacet
  facet normal 0 -1 -0
    outer loop
      vertex -20.9967 0 -11.5949
      vertex -27.9578 0 -14.5125
      vertex -20.9284 0 -11.8163
    endloop
  endfacet
  facet normal 0 -1 0
    outer loop
      vertex -27.4545 0 -15.4435
      vertex -20.9284 0 -11.8163
      vertex -27.9578 0 -14.5125
    endloop
  endfacet
  facet normal 0 -1 -0
    outer loop
      vertex -20.9284 0 -11.8163
      vertex -27.4545 0 -15.4435
      vertex -20.8279 0 -12.025
    endloop
  endfacet
  facet normal 0 -1 0
    outer loop
      vertex -26.9202 0 -16.3571
      vertex -20.8279 0 -12.025
      vertex -27.4545 0 -15.4435
    endloop
  endfacet
  facet normal 0 -1 -0
    outer loop
      vertex -20.8279 0 -12.025
      vertex -26.9202 0 -16.3571
      vertex -20.6974 0 -12.2164
    endloop
  endfacet
  facet normal 0 -1 0
    outer loop
      vertex -26.3555 0 -17.2522
      vertex -20.6974 0 -12.2164
      vertex -26.9202 0 -16.3571
    endloop
  endfacet
  facet normal 0 -1 -0
    outer loop
      vertex -20.6974 0 -12.2164
      vertex -26.3555 0 -17.2522
      vertex -20.5398 0 -12.3862
    endloop
  endfacet
  facet normal 0 -1 0
    outer loop
      vertex -25.7611 0 -18.1278
      vertex -20.3587 0 -12.5307
      vertex -26.3555 0 -17.2522
    endloop
  endfacet
  facet normal 0 -1 -0
    outer loop
      vertex -20.5398 0 -12.3862
      vertex -26.3555 0 -17.2522
      vertex -20.3587 0 -12.5307
    endloop
  endfacet
  facet normal 0 -1 0
    outer loop
      vertex -0.231015 0 24.0327
      vertex 0 0 31.5
      vertex -1.0582 0 31.4822
    endloop
  endfacet
  facet normal 0 -1 0
    outer loop
      vertex -0.45687 0 23.9811
      vertex -1.0582 0 31.4822
      vertex -2.1152 0 31.4289
    endloop
  endfacet
  facet normal 0 -1 -0
    outer loop
      vertex 0 0 31.5
      vertex -0.231015 0 24.0327
      vertex 0 0 24.05
    endloop
  endfacet
  facet normal 0 -1 0
    outer loop
      vertex -0.67252 0 23.8965
      vertex -2.1152 0 31.4289
      vertex -3.16982 0 31.3401
    endloop
  endfacet
  facet normal 0 -1 0
    outer loop
      vertex 0.231015 0 24.0327
      vertex 0 0 31.5
      vertex 0 0 24.05
    endloop
  endfacet
  facet normal 0 -1 0
    outer loop
      vertex -0.873146 0 23.7807
      vertex -3.16982 0 31.3401
      vertex -4.22086 0 31.2159
    endloop
  endfacet
  facet normal 0 -1 0
    outer loop
      vertex 0.45687 0 23.9811
      vertex 1.0582 0 31.4822
      vertex 0.231015 0 24.0327
    endloop
  endfacet
  facet normal 0 -1 0
    outer loop
      vertex -1.05427 0 23.6362
      vertex -4.22086 0 31.2159
      vertex -5.26713 0 31.0565
    endloop
  endfacet
  facet normal 0 -1 -0
    outer loop
      vertex 1.0582 0 31.4822
      vertex 0.45687 0 23.9811
      vertex 2.1152 0 31.4289
    endloop
  endfacet
  facet normal 0 -1 0
    outer loop
      vertex -1.21184 0 23.4664
      vertex -5.26713 0 31.0565
      vertex -6.30746 0 30.862
    endloop
  endfacet
  facet normal 0 -1 0
    outer loop
      vertex 0.67252 0 23.8965
      vertex 2.1152 0 31.4289
      vertex 0.45687 0 23.9811
    endloop
  endfacet
  facet normal 0 -1 0
    outer loop
      vertex -1.34234 0 23.275
      vertex -6.30746 0 30.862
      vertex -7.34066 0 30.6327
    endloop
  endfacet
  facet normal 0 -1 -0
    outer loop
      vertex 2.1152 0 31.4289
      vertex 0.67252 0 23.8965
      vertex 3.16982 0 31.3401
    endloop
  endfacet
  facet normal 0 -1 0
    outer loop
      vertex -1.44285 0 23.0663
      vertex -7.34066 0 30.6327
      vertex -8.36558 0 30.3688
    endloop
  endfacet
  facet normal 0 -1 0
    outer loop
      vertex 0.873146 0 23.7807
      vertex 3.16982 0 31.3401
      vertex 0.67252 0 23.8965
    endloop
  endfacet
  facet normal 0 -1 0
    outer loop
      vertex -1.51114 0 22.8449
      vertex -8.36558 0 30.3688
      vertex -9.38106 0 30.0707
    endloop
  endfacet
  facet normal 0 -1 -0
    outer loop
      vertex 3.16982 0 31.3401
      vertex 0.873146 0 23.7807
      vertex 4.22086 0 31.2159
    endloop
  endfacet
  facet normal 0 -1 0
    outer loop
      vertex -1.51114 0 22.8449
      vertex -9.38106 0 30.0707
      vertex -10.3859 0 29.7386
    endloop
  endfacet
  facet normal 0 -1 0
    outer loop
      vertex 1.05427 0 23.6362
      vertex 4.22086 0 31.2159
      vertex 0.873146 0 23.7807
    endloop
  endfacet
  facet normal 0 -1 0
    outer loop
      vertex -1.54567 0 22.6158
      vertex -10.3859 0 29.7386
      vertex -11.3791 0 29.3729
    endloop
  endfacet
  facet normal 0 -1 -0
    outer loop
      vertex 4.22086 0 31.2159
      vertex 1.05427 0 23.6362
      vertex 5.26713 0 31.0565
    endloop
  endfacet
  facet normal 0 -1 0
    outer loop
      vertex -1.54567 0 22.3842
      vertex -11.3791 0 29.3729
      vertex -12.3594 0 28.974
    endloop
  endfacet
  facet normal 0 -1 0
    outer loop
      vertex 1.21184 0 23.4664
      vertex 5.26713 0 31.0565
      vertex 1.05427 0 23.6362
    endloop
  endfacet
  facet normal 0 -1 0
    outer loop
      vertex -1.54567 0 22.3842
      vertex -12.3594 0 28.974
      vertex -13.3258 0 28.5425
    endloop
  endfacet
  facet normal 0 -1 -0
    outer loop
      vertex 5.26713 0 31.0565
      vertex 1.21184 0 23.4664
      vertex 6.30746 0 30.862
    endloop
  endfacet
  facet normal 0 -1 0
    outer loop
      vertex -1.51114 0 22.1551
      vertex -13.3258 0 28.5425
      vertex -14.2771 0 28.0787
    endloop
  endfacet
  facet normal 0 -1 0
    outer loop
      vertex 1.34234 0 23.275
      vertex 6.30746 0 30.862
      vertex 1.21184 0 23.4664
    endloop
  endfacet
  facet normal 0 -1 0
    outer loop
      vertex -1.51114 0 22.1551
      vertex -14.2771 0 28.0787
      vertex -15.2123 0 27.5832
    endloop
  endfacet
  facet normal 0 -1 -0
    outer loop
      vertex 6.30746 0 30.862
      vertex 1.34234 0 23.275
      vertex 7.34066 0 30.6327
    endloop
  endfacet
  facet normal 0 -1 0
    outer loop
      vertex -1.44285 0 21.9337
      vertex -15.2123 0 27.5832
      vertex -16.1304 0 27.0566
    endloop
  endfacet
  facet normal 0 -1 0
    outer loop
      vertex 1.44285 0 23.0663
      vertex 7.34066 0 30.6327
      vertex 1.34234 0 23.275
    endloop
  endfacet
  facet normal 0 -1 0
    outer loop
      vertex -1.44285 0 21.9337
      vertex -16.1304 0 27.0566
      vertex -17.0302 0 26.4995
    endloop
  endfacet
  facet normal 0 -1 -0
    outer loop
      vertex 7.34066 0 30.6327
      vertex 1.44285 0 23.0663
      vertex 8.36558 0 30.3688
    endloop
  endfacet
  facet normal 0 -1 0
    outer loop
      vertex -1.44285 0 21.9337
      vertex -17.0302 0 26.4995
      vertex -17.9108 0 25.9124
    endloop
  endfacet
  facet normal 0 -1 0
    outer loop
      vertex 1.51114 0 22.8449
      vertex 8.36558 0 30.3688
      vertex 1.44285 0 23.0663
    endloop
  endfacet
  facet normal 0 -1 0
    outer loop
      vertex -1.34234 0 21.725
      vertex -17.9108 0 25.9124
      vertex -18.7712 0 25.2961
    endloop
  endfacet
  facet normal 0 -1 -0
    outer loop
      vertex 8.36558 0 30.3688
      vertex 1.51114 0 22.8449
      vertex 9.38106 0 30.0707
    endloop
  endfacet
  facet normal 0 -1 0
    outer loop
      vertex -5.07515 0 6.18408
      vertex -18.7712 0 25.2961
      vertex -19.6104 0 24.6512
    endloop
  endfacet
  facet normal 0 -1 -0
    outer loop
      vertex 9.38106 0 30.0707
      vertex 1.51114 0 22.8449
      vertex 10.3859 0 29.7386
    endloop
  endfacet
  facet normal 0 -1 0
    outer loop
      vertex 1.54567 0 22.6158
      vertex 10.3859 0 29.7386
      vertex 1.51114 0 22.8449
    endloop
  endfacet
  facet normal 0 -1 0
    outer loop
      vertex 0 0 31.5
      vertex 0.231015 0 24.0327
      vertex 1.0582 0 31.4822
    endloop
  endfacet
  facet normal 0 -1 0
    outer loop
      vertex -1.0582 0 31.4822
      vertex -0.45687 0 23.9811
      vertex -0.231015 0 24.0327
    endloop
  endfacet
  facet normal 0 -1 0
    outer loop
      vertex -5.07515 0 6.18408
      vertex -19.6104 0 24.6512
      vertex -20.4274 0 23.9785
    endloop
  endfacet
  facet normal 0 -1 0
    outer loop
      vertex -2.1152 0 31.4289
      vertex -0.67252 0 23.8965
      vertex -0.45687 0 23.9811
    endloop
  endfacet
  facet normal 0 -1 0
    outer loop
      vertex -3.16982 0 31.3401
      vertex -0.873146 0 23.7807
      vertex -0.67252 0 23.8965
    endloop
  endfacet
  facet normal 0 -1 0
    outer loop
      vertex -4.22086 0 31.2159
      vertex -1.05427 0 23.6362
      vertex -0.873146 0 23.7807
    endloop
  endfacet
  facet normal 0 -1 0
    outer loop
      vertex -5.26713 0 31.0565
      vertex -1.21184 0 23.4664
      vertex -1.05427 0 23.6362
    endloop
  endfacet
  facet normal 0 -1 0
    outer loop
      vertex -5.07515 0 6.18408
      vertex -20.4274 0 23.9785
      vertex -21.2214 0 23.2788
    endloop
  endfacet
  facet normal 0 -1 0
    outer loop
      vertex -6.30746 0 30.862
      vertex -1.34234 0 23.275
      vertex -1.21184 0 23.4664
    endloop
  endfacet
  facet normal 0 -1 0
    outer loop
      vertex -7.34066 0 30.6327
      vertex -1.44285 0 23.0663
      vertex -1.34234 0 23.275
    endloop
  endfacet
  facet normal 0 -1 0
    outer loop
      vertex -8.36558 0 30.3688
      vertex -1.51114 0 22.8449
      vertex -1.44285 0 23.0663
    endloop
  endfacet
  facet normal 0 -1 0
    outer loop
      vertex -10.3859 0 29.7386
      vertex -1.54567 0 22.6158
      vertex -1.51114 0 22.8449
    endloop
  endfacet
  facet normal 0 -1 0
    outer loop
      vertex -5.65685 0 5.65685
      vertex -21.2214 0 23.2788
      vertex -21.9915 0 22.5527
    endloop
  endfacet
  facet normal 0 -1 0
    outer loop
      vertex -11.3791 0 29.3729
      vertex -1.54567 0 22.3842
      vertex -1.54567 0 22.6158
    endloop
  endfacet
  facet normal 0 -1 0
    outer loop
      vertex -13.3258 0 28.5425
      vertex -1.51114 0 22.1551
      vertex -1.54567 0 22.3842
    endloop
  endfacet
  facet normal 0 -1 0
    outer loop
      vertex -15.2123 0 27.5832
      vertex -1.44285 0 21.9337
      vertex -1.51114 0 22.1551
    endloop
  endfacet
  facet normal 0 -1 0
    outer loop
      vertex -5.65685 0 5.65685
      vertex -21.9915 0 22.5527
      vertex -22.7367 0 21.8012
    endloop
  endfacet
  facet normal 0 -1 0
    outer loop
      vertex -17.9108 0 25.9124
      vertex -1.34234 0 21.725
      vertex -1.44285 0 21.9337
    endloop
  endfacet
  facet normal 0 -1 0
    outer loop
      vertex -18.7712 0 25.2961
      vertex -4.44456 0 6.65176
      vertex -1.34234 0 21.725
    endloop
  endfacet
  facet normal 0 -1 -0
    outer loop
      vertex -1.34234 0 21.725
      vertex -4.44456 0 6.65176
      vertex -1.21184 0 21.5336
    endloop
  endfacet
  facet normal -0 -1 0
    outer loop
      vertex -3.77117 0 7.05537
      vertex -1.21184 0 21.5336
      vertex -4.44456 0 6.65176
    endloop
  endfacet
  facet normal 0 -1 -0
    outer loop
      vertex -1.21184 0 21.5336
      vertex -3.77117 0 7.05537
      vertex -1.05427 0 21.3638
    endloop
  endfacet
  facet normal 0 -1 0
    outer loop
      vertex -5.65685 0 5.65685
      vertex -22.7367 0 21.8012
      vertex -23.4562 0 21.0251
    endloop
  endfacet
  facet normal -0 -1 0
    outer loop
      vertex -3.06147 0 7.39104
      vertex -1.05427 0 21.3638
      vertex -3.77117 0 7.05537
    endloop
  endfacet
  facet normal 0 -1 -0
    outer loop
      vertex -1.05427 0 21.3638
      vertex -3.06147 0 7.39104
      vertex -0.873146 0 21.2193
    endloop
  endfacet
  facet normal -0 -1 0
    outer loop
      vertex -2.32228 0 7.65552
      vertex -0.873146 0 21.2193
      vertex -3.06147 0 7.39104
    endloop
  endfacet
  facet normal 0 -1 0
    outer loop
      vertex -6.18408 0 5.07515
      vertex -23.4562 0 21.0251
      vertex -24.1493 0 20.2253
    endloop
  endfacet
  facet normal 0 -1 -0
    outer loop
      vertex 10.3859 0 29.7386
      vertex 1.54567 0 22.6158
      vertex 11.3791 0 29.3729
    endloop
  endfacet
  facet normal 0 -1 0
    outer loop
      vertex 1.54567 0 22.3842
      vertex 11.3791 0 29.3729
      vertex 1.54567 0 22.6158
    endloop
  endfacet
  facet normal 0 -1 -0
    outer loop
      vertex 11.3791 0 29.3729
      vertex 1.54567 0 22.3842
      vertex 12.3594 0 28.974
    endloop
  endfacet
  facet normal 0 -1 -0
    outer loop
      vertex 12.3594 0 28.974
      vertex 1.54567 0 22.3842
      vertex 13.3258 0 28.5425
    endloop
  endfacet
  facet normal 0 -1 0
    outer loop
      vertex 1.51114 0 22.1551
      vertex 13.3258 0 28.5425
      vertex 1.54567 0 22.3842
    endloop
  endfacet
  facet normal 0 -1 -0
    outer loop
      vertex 13.3258 0 28.5425
      vertex 1.51114 0 22.1551
      vertex 14.2771 0 28.0787
    endloop
  endfacet
  facet normal 0 -1 -0
    outer loop
      vertex 14.2771 0 28.0787
      vertex 1.51114 0 22.1551
      vertex 15.2123 0 27.5832
    endloop
  endfacet
  facet normal 0 -1 0
    outer loop
      vertex 1.44285 0 21.9337
      vertex 15.2123 0 27.5832
      vertex 1.51114 0 22.1551
    endloop
  endfacet
  facet normal 0 -1 -0
    outer loop
      vertex 15.2123 0 27.5832
      vertex 1.44285 0 21.9337
      vertex 16.1304 0 27.0566
    endloop
  endfacet
  facet normal 0 -1 -0
    outer loop
      vertex 16.1304 0 27.0566
      vertex 1.44285 0 21.9337
      vertex 17.0302 0 26.4995
    endloop
  endfacet
  facet normal 0 -1 -0
    outer loop
      vertex 17.0302 0 26.4995
      vertex 1.44285 0 21.9337
      vertex 17.9108 0 25.9124
    endloop
  endfacet
  facet normal 0 -1 0
    outer loop
      vertex 1.34234 0 21.725
      vertex 17.9108 0 25.9124
      vertex 1.44285 0 21.9337
    endloop
  endfacet
  facet normal 0 -1 -0
    outer loop
      vertex 17.9108 0 25.9124
      vertex 1.34234 0 21.725
      vertex 18.7712 0 25.2961
    endloop
  endfacet
  facet normal 0 -1 0
    outer loop
      vertex 4.44456 0 6.65176
      vertex 1.21184 0 21.5336
      vertex 3.77117 0 7.05537
    endloop
  endfacet
  facet normal 0 -1 0
    outer loop
      vertex 3.77117 0 7.05537
      vertex 1.05427 0 21.3638
      vertex 3.06147 0 7.39104
    endloop
  endfacet
  facet normal 0 -1 0
    outer loop
      vertex 0.873146 0 21.2193
      vertex 3.06147 0 7.39104
      vertex 1.05427 0 21.3638
    endloop
  endfacet
  facet normal 0 -1 0
    outer loop
      vertex 3.06147 0 7.39104
      vertex 0.873146 0 21.2193
      vertex 2.32228 0 7.65552
    endloop
  endfacet
  facet normal 0 -1 0
    outer loop
      vertex 0.67252 0 21.1035
      vertex 2.32228 0 7.65552
      vertex 0.873146 0 21.2193
    endloop
  endfacet
  facet normal 0 -1 0
    outer loop
      vertex 1.05427 0 21.3638
      vertex 3.77117 0 7.05537
      vertex 1.21184 0 21.5336
    endloop
  endfacet
  facet normal 0 -1 0
    outer loop
      vertex 2.32228 0 7.65552
      vertex 0.67252 0 21.1035
      vertex 1.56072 0 7.84628
    endloop
  endfacet
  facet normal 0 -1 0
    outer loop
      vertex 0.45687 0 21.0189
      vertex 1.56072 0 7.84628
      vertex 0.67252 0 21.1035
    endloop
  endfacet
  facet normal 0 -1 0
    outer loop
      vertex 1.56072 0 7.84628
      vertex 0.45687 0 21.0189
      vertex 0.784137 0 7.96148
    endloop
  endfacet
  facet normal 0 -1 0
    outer loop
      vertex 1.21184 0 21.5336
      vertex 4.44456 0 6.65176
      vertex 1.34234 0 21.725
    endloop
  endfacet
  facet normal 0 -1 0
    outer loop
      vertex 0.231015 0 20.9673
      vertex 0.784137 0 7.96148
      vertex 0.45687 0 21.0189
    endloop
  endfacet
  facet normal 0 -1 0
    outer loop
      vertex 0.784137 0 7.96148
      vertex 0.231015 0 20.9673
      vertex 0 0 8
    endloop
  endfacet
  facet normal 0 -1 0
    outer loop
      vertex 0 0 8
      vertex 0.231015 0 20.9673
      vertex 0 0 20.95
    endloop
  endfacet
  facet normal 0 -1 -0
    outer loop
      vertex -0.873146 0 21.2193
      vertex -2.32228 0 7.65552
      vertex -0.67252 0 21.1035
    endloop
  endfacet
  facet normal 0 -1 0
    outer loop
      vertex 1.34234 0 21.725
      vertex 4.44456 0 6.65176
      vertex 18.7712 0 25.2961
    endloop
  endfacet
  facet normal 0 -1 0
    outer loop
      vertex -6.18408 0 5.07515
      vertex -24.1493 0 20.2253
      vertex -24.8151 0 19.4026
    endloop
  endfacet
  facet normal 0 -1 0
    outer loop
      vertex 5.07515 0 6.18408
      vertex 18.7712 0 25.2961
      vertex 4.44456 0 6.65176
    endloop
  endfacet
  facet normal 0 -1 0
    outer loop
      vertex -6.18408 0 5.07515
      vertex -24.8151 0 19.4026
      vertex -25.4529 0 18.558
    endloop
  endfacet
  facet normal 0 -1 -0
    outer loop
      vertex 18.7712 0 25.2961
      vertex 5.07515 0 6.18408
      vertex 19.6104 0 24.6512
    endloop
  endfacet
  facet normal 0 -1 0
    outer loop
      vertex -6.65176 0 4.44456
      vertex -25.4529 0 18.558
      vertex -26.062 0 17.6925
    endloop
  endfacet
  facet normal 0 -1 -0
    outer loop
      vertex 19.6104 0 24.6512
      vertex 5.07515 0 6.18408
      vertex 20.4274 0 23.9785
    endloop
  endfacet
  facet normal 0 -1 0
    outer loop
      vertex -6.65176 0 4.44456
      vertex -26.062 0 17.6925
      vertex -26.6416 0 16.807
    endloop
  endfacet
  facet normal 0 -1 -0
    outer loop
      vertex 20.4274 0 23.9785
      vertex 5.07515 0 6.18408
      vertex 21.2214 0 23.2788
    endloop
  endfacet
  facet normal 0 -1 0
    outer loop
      vertex -6.65176 0 4.44456
      vertex -26.6416 0 16.807
      vertex -27.1912 0 15.9025
    endloop
  endfacet
  facet normal 0 -1 0
    outer loop
      vertex 5.65685 0 5.65685
      vertex 21.2214 0 23.2788
      vertex 5.07515 0 6.18408
    endloop
  endfacet
  facet normal 0 -1 0
    outer loop
      vertex -7.05537 0 3.77117
      vertex -27.1912 0 15.9025
      vertex -27.71 0 14.9801
    endloop
  endfacet
  facet normal 0 -1 -0
    outer loop
      vertex 21.2214 0 23.2788
      vertex 5.65685 0 5.65685
      vertex 21.9915 0 22.5527
    endloop
  endfacet
  facet normal 0 -1 0
    outer loop
      vertex -7.05537 0 3.77117
      vertex -27.71 0 14.9801
      vertex -28.1976 0 14.0408
    endloop
  endfacet
  facet normal 0 -1 -0
    outer loop
      vertex 21.9915 0 22.5527
      vertex 5.65685 0 5.65685
      vertex 22.7367 0 21.8012
    endloop
  endfacet
  facet normal 0 -1 0
    outer loop
      vertex -7.05537 0 3.77117
      vertex -28.1976 0 14.0408
      vertex -28.6534 0 13.0856
    endloop
  endfacet
  facet normal 0 -1 -0
    outer loop
      vertex 22.7367 0 21.8012
      vertex 5.65685 0 5.65685
      vertex 23.4562 0 21.0251
    endloop
  endfacet
  facet normal 0 -1 0
    outer loop
      vertex -7.39104 0 3.06147
      vertex -28.6534 0 13.0856
      vertex -29.0768 0 12.1156
    endloop
  endfacet
  facet normal 0 -1 0
    outer loop
      vertex 6.18408 0 5.07515
      vertex 23.4562 0 21.0251
      vertex 5.65685 0 5.65685
    endloop
  endfacet
  facet normal 0 -1 0
    outer loop
      vertex -7.39104 0 3.06147
      vertex -29.0768 0 12.1156
      vertex -29.4674 0 11.132
    endloop
  endfacet
  facet normal 0 -1 -0
    outer loop
      vertex 23.4562 0 21.0251
      vertex 6.18408 0 5.07515
      vertex 24.1493 0 20.2253
    endloop
  endfacet
  facet normal 0 -1 0
    outer loop
      vertex -7.39104 0 3.06147
      vertex -29.4674 0 11.132
      vertex -29.8248 0 10.1358
    endloop
  endfacet
  facet normal 0 -1 -0
    outer loop
      vertex 24.1493 0 20.2253
      vertex 6.18408 0 5.07515
      vertex 24.8151 0 19.4026
    endloop
  endfacet
  facet normal 0 -1 0
    outer loop
      vertex -7.65552 0 2.32228
      vertex -29.8248 0 10.1358
      vertex -30.1484 0 9.12814
    endloop
  endfacet
  facet normal 0 -1 -0
    outer loop
      vertex 24.8151 0 19.4026
      vertex 6.18408 0 5.07515
      vertex 25.4529 0 18.558
    endloop
  endfacet
  facet normal 0 -1 0
    outer loop
      vertex -7.65552 0 2.32228
      vertex -30.1484 0 9.12814
      vertex -30.438 0 8.1102
    endloop
  endfacet
  facet normal 0 -1 0
    outer loop
      vertex 6.65176 0 4.44456
      vertex 25.4529 0 18.558
      vertex 6.18408 0 5.07515
    endloop
  endfacet
  facet normal 0 -1 -0
    outer loop
      vertex 25.4529 0 18.558
      vertex 6.65176 0 4.44456
      vertex 26.062 0 17.6925
    endloop
  endfacet
  facet normal 0 -1 0
    outer loop
      vertex -0.231015 0 20.9673
      vertex 0 0 8
      vertex 0 0 20.95
    endloop
  endfacet
  facet normal -0 -1 0
    outer loop
      vertex 0 0 8
      vertex -0.231015 0 20.9673
      vertex -0.784137 0 7.96148
    endloop
  endfacet
  facet normal 0 -1 -0
    outer loop
      vertex -0.45687 0 21.0189
      vertex -0.784137 0 7.96148
      vertex -0.231015 0 20.9673
    endloop
  endfacet
  facet normal -0 -1 0
    outer loop
      vertex -0.784137 0 7.96148
      vertex -0.45687 0 21.0189
      vertex -1.56072 0 7.84628
    endloop
  endfacet
  facet normal 0 -1 0
    outer loop
      vertex -7.65552 0 2.32228
      vertex -30.438 0 8.1102
      vertex -30.6933 0 7.08309
    endloop
  endfacet
  facet normal 0 -1 -0
    outer loop
      vertex -0.67252 0 21.1035
      vertex -1.56072 0 7.84628
      vertex -0.45687 0 21.0189
    endloop
  endfacet
  facet normal -0 -1 0
    outer loop
      vertex -1.56072 0 7.84628
      vertex -0.67252 0 21.1035
      vertex -2.32228 0 7.65552
    endloop
  endfacet
  facet normal 0 -1 0
    outer loop
      vertex -18.7712 0 25.2961
      vertex -5.07515 0 6.18408
      vertex -4.44456 0 6.65176
    endloop
  endfacet
  facet normal 0 -1 0
    outer loop
      vertex -7.84628 0 1.56072
      vertex -30.6933 0 7.08309
      vertex -30.9139 0 6.048
    endloop
  endfacet
  facet normal 0 -1 0
    outer loop
      vertex -21.2214 0 23.2788
      vertex -5.65685 0 5.65685
      vertex -5.07515 0 6.18408
    endloop
  endfacet
  facet normal 0 -1 0
    outer loop
      vertex -23.4562 0 21.0251
      vertex -6.18408 0 5.07515
      vertex -5.65685 0 5.65685
    endloop
  endfacet
  facet normal 0 -1 0
    outer loop
      vertex -7.84628 0 1.56072
      vertex -30.9139 0 6.048
      vertex -31.0997 0 5.00607
    endloop
  endfacet
  facet normal 0 -1 0
    outer loop
      vertex -25.4529 0 18.558
      vertex -6.65176 0 4.44456
      vertex -6.18408 0 5.07515
    endloop
  endfacet
  facet normal 0 -1 0
    outer loop
      vertex -7.84628 0 1.56072
      vertex -31.0997 0 5.00607
      vertex -31.2503 0 3.9585
    endloop
  endfacet
  facet normal 0 -1 0
    outer loop
      vertex -27.1912 0 15.9025
      vertex -7.05537 0 3.77117
      vertex -6.65176 0 4.44456
    endloop
  endfacet
  facet normal 0 -1 0
    outer loop
      vertex -28.6534 0 13.0856
      vertex -7.39104 0 3.06147
      vertex -7.05537 0 3.77117
    endloop
  endfacet
  facet normal 0 -1 0
    outer loop
      vertex -7.96148 0 0.784137
      vertex -31.2503 0 3.9585
      vertex -31.3656 0 2.90645
    endloop
  endfacet
  facet normal 0 -1 0
    outer loop
      vertex -29.8248 0 10.1358
      vertex -7.65552 0 2.32228
      vertex -7.39104 0 3.06147
    endloop
  endfacet
  facet normal 0 -1 0
    outer loop
      vertex -19.4856 0 -9.7
      vertex -31.3656 0 2.90645
      vertex -31.4456 0 1.85113
    endloop
  endfacet
  facet normal 0 -1 0
    outer loop
      vertex -30.6933 0 7.08309
      vertex -7.84628 0 1.56072
      vertex -7.65552 0 2.32228
    endloop
  endfacet
  facet normal 0 -1 0
    outer loop
      vertex -19.4856 0 -9.7
      vertex -31.4456 0 1.85113
      vertex -31.49 0 0.793714
    endloop
  endfacet
  facet normal 0 -1 0
    outer loop
      vertex -31.2503 0 3.9585
      vertex -7.96148 0 0.784137
      vertex -7.84628 0 1.56072
    endloop
  endfacet
  facet normal 0 -1 0
    outer loop
      vertex -31.3656 0 2.90645
      vertex -19.4856 0 -9.7
      vertex -7.96148 0 0.784137
    endloop
  endfacet
  facet normal 0 -1 0
    outer loop
      vertex -19.4856 0 -9.7
      vertex -31.49 0 0.793714
      vertex -31.4989 0 -0.264596
    endloop
  endfacet
  facet normal 0 -1 0
    outer loop
      vertex -19.4856 0 -9.7
      vertex -31.4989 0 -0.264596
      vertex -31.4722 0 -1.32261
    endloop
  endfacet
  facet normal 0 -1 0
    outer loop
      vertex -7.96148 0 0.784137
      vertex -19.4856 0 -9.7
      vertex -8 0 0
    endloop
  endfacet
  facet normal 0 -1 0
    outer loop
      vertex -19.4856 0 -9.7
      vertex -31.4722 0 -1.32261
      vertex -31.41 0 -2.37913
    endloop
  endfacet
  facet normal 0 -1 0
    outer loop
      vertex -19.4856 0 -9.7
      vertex -31.41 0 -2.37913
      vertex -31.3124 0 -3.43296
    endloop
  endfacet
  facet normal 0 -1 0
    outer loop
      vertex -19.4856 0 -9.7
      vertex -31.3124 0 -3.43296
      vertex -31.1794 0 -4.48292
    endloop
  endfacet
  facet normal 0 -1 0
    outer loop
      vertex -19.2546 0 -9.71731
      vertex -8 0 0
      vertex -19.4856 0 -9.7
    endloop
  endfacet
  facet normal 0 -1 0
    outer loop
      vertex -19.4856 0 -9.7
      vertex -31.1794 0 -4.48292
      vertex -31.0112 0 -5.52781
    endloop
  endfacet
  facet normal 0 -1 0
    outer loop
      vertex -19.4856 0 -9.7
      vertex -31.0112 0 -5.52781
      vertex -30.808 0 -6.56647
    endloop
  endfacet
  facet normal 0 -1 0
    outer loop
      vertex -19.4856 0 -9.7
      vertex -30.808 0 -6.56647
      vertex -30.57 0 -7.59772
    endloop
  endfacet
  facet normal 0 -1 -0
    outer loop
      vertex -8 0 0
      vertex -19.2546 0 -9.71731
      vertex -7.96148 0 -0.784137
    endloop
  endfacet
  facet normal 0 -1 0
    outer loop
      vertex -19.4856 0 -9.7
      vertex -30.57 0 -7.59772
      vertex -30.2975 0 -8.62038
    endloop
  endfacet
  facet normal 0 -1 0
    outer loop
      vertex -19.0287 0 -9.76886
      vertex -7.96148 0 -0.784137
      vertex -19.2546 0 -9.71731
    endloop
  endfacet
  facet normal 0 -1 0
    outer loop
      vertex -18.8131 0 -9.8535
      vertex -7.96148 0 -0.784137
      vertex -19.0287 0 -9.76886
    endloop
  endfacet
  facet normal 0 -1 -0
    outer loop
      vertex -7.96148 0 -0.784137
      vertex -18.8131 0 -9.8535
      vertex -7.84628 0 -1.56072
    endloop
  endfacet
  facet normal 0 -1 0
    outer loop
      vertex -18.6124 0 -9.96933
      vertex -7.84628 0 -1.56072
      vertex -18.8131 0 -9.8535
    endloop
  endfacet
  facet normal 0 -1 -0
    outer loop
      vertex -7.84628 0 -1.56072
      vertex -18.6124 0 -9.96933
      vertex -7.65552 0 -2.32228
    endloop
  endfacet
  facet normal 0 -1 0
    outer loop
      vertex -18.4313 0 -10.1138
      vertex -7.65552 0 -2.32228
      vertex -18.6124 0 -9.96933
    endloop
  endfacet
  facet normal 0 -1 -0
    outer loop
      vertex -7.65552 0 -2.32228
      vertex -18.4313 0 -10.1138
      vertex -7.39104 0 -3.06147
    endloop
  endfacet
  facet normal 0 -1 0
    outer loop
      vertex -18.2737 0 -10.2836
      vertex -7.39104 0 -3.06147
      vertex -18.4313 0 -10.1138
    endloop
  endfacet
  facet normal 0 -1 -0
    outer loop
      vertex -7.39104 0 -3.06147
      vertex -18.2737 0 -10.2836
      vertex -7.05537 0 -3.77117
    endloop
  endfacet
  facet normal 0 -1 0
    outer loop
      vertex -18.1432 0 -10.475
      vertex -7.05537 0 -3.77117
      vertex -18.2737 0 -10.2836
    endloop
  endfacet
  facet normal 0 -1 -0
    outer loop
      vertex -7.05537 0 -3.77117
      vertex -18.1432 0 -10.475
      vertex -6.65176 0 -4.44456
    endloop
  endfacet
  facet normal 0 -1 0
    outer loop
      vertex -18.0427 0 -10.6837
      vertex -6.65176 0 -4.44456
      vertex -18.1432 0 -10.475
    endloop
  endfacet
  facet normal 0 -1 -0
    outer loop
      vertex -6.65176 0 -4.44456
      vertex -18.0427 0 -10.6837
      vertex -6.18408 0 -5.07515
    endloop
  endfacet
  facet normal 0 -1 0
    outer loop
      vertex 20.1581 0 -9.8535
      vertex 31.3124 0 -3.43296
      vertex 19.9424 0 -9.76886
    endloop
  endfacet
  facet normal 0 -1 0
    outer loop
      vertex 31.3124 0 -3.43296
      vertex 20.1581 0 -9.8535
      vertex 31.1794 0 -4.48292
    endloop
  endfacet
  facet normal 0 -1 0
    outer loop
      vertex -17.9399 0 -11.3658
      vertex -5.65685 0 -5.65685
      vertex -17.9399 0 -11.1342
    endloop
  endfacet
  facet normal 0 -1 0
    outer loop
      vertex 7.96148 0 -0.784137
      vertex 19.0287 0 -9.76886
      vertex 19.2546 0 -9.71731
    endloop
  endfacet
  facet normal 0 -1 -0
    outer loop
      vertex -5.65685 0 -5.65685
      vertex -17.9399 0 -11.3658
      vertex -5.07515 0 -6.18408
    endloop
  endfacet
  facet normal 0 -1 0
    outer loop
      vertex 7.96148 0 -0.784137
      vertex 18.8131 0 -9.8535
      vertex 19.0287 0 -9.76886
    endloop
  endfacet
  facet normal 0 -1 0
    outer loop
      vertex -17.9744 0 -11.5949
      vertex -5.07515 0 -6.18408
      vertex -17.9399 0 -11.3658
    endloop
  endfacet
  facet normal 0 -1 0
    outer loop
      vertex 7.84628 0 -1.56072
      vertex 18.6124 0 -9.96933
      vertex 18.8131 0 -9.8535
    endloop
  endfacet
  facet normal 0 -1 -0
    outer loop
      vertex -5.07515 0 -6.18408
      vertex -17.9744 0 -11.5949
      vertex -4.44456 0 -6.65176
    endloop
  endfacet
  facet normal 0 -1 0
    outer loop
      vertex 7.65552 0 -2.32228
      vertex 18.4313 0 -10.1138
      vertex 18.6124 0 -9.96933
    endloop
  endfacet
  facet normal 0 -1 0
    outer loop
      vertex -18.0427 0 -11.8163
      vertex -4.44456 0 -6.65176
      vertex -17.9744 0 -11.5949
    endloop
  endfacet
  facet normal 0 -1 0
    outer loop
      vertex 7.39104 0 -3.06147
      vertex 18.2737 0 -10.2836
      vertex 18.4313 0 -10.1138
    endloop
  endfacet
  facet normal 0 -1 -0
    outer loop
      vertex -4.44456 0 -6.65176
      vertex -18.0427 0 -11.8163
      vertex -3.77117 0 -7.05537
    endloop
  endfacet
  facet normal 0 -1 0
    outer loop
      vertex 7.05537 0 -3.77117
      vertex 18.1432 0 -10.475
      vertex 18.2737 0 -10.2836
    endloop
  endfacet
  facet normal 0 -1 0
    outer loop
      vertex -18.1432 0 -12.025
      vertex -3.77117 0 -7.05537
      vertex -18.0427 0 -11.8163
    endloop
  endfacet
  facet normal 0 -1 0
    outer loop
      vertex 6.65176 0 -4.44456
      vertex 18.0427 0 -10.6837
      vertex 18.1432 0 -10.475
    endloop
  endfacet
  facet normal 0 -1 -0
    outer loop
      vertex -3.77117 0 -7.05537
      vertex -18.1432 0 -12.025
      vertex -3.06147 0 -7.39104
    endloop
  endfacet
  facet normal 0 -1 0
    outer loop
      vertex 6.18408 0 -5.07515
      vertex 17.9744 0 -10.9051
      vertex 18.0427 0 -10.6837
    endloop
  endfacet
  facet normal 0 -1 0
    outer loop
      vertex -18.2737 0 -12.2164
      vertex -3.06147 0 -7.39104
      vertex -18.1432 0 -12.025
    endloop
  endfacet
  facet normal 0 -1 0
    outer loop
      vertex 5.65685 0 -5.65685
      vertex 17.9399 0 -11.1342
      vertex 17.9744 0 -10.9051
    endloop
  endfacet
  facet normal 0 -1 -0
    outer loop
      vertex -3.06147 0 -7.39104
      vertex -18.2737 0 -12.2164
      vertex -2.32228 0 -7.65552
    endloop
  endfacet
  facet normal 0 -1 0
    outer loop
      vertex 5.65685 0 -5.65685
      vertex 17.9399 0 -11.3658
      vertex 17.9399 0 -11.1342
    endloop
  endfacet
  facet normal 0 -1 0
    outer loop
      vertex -18.4313 0 -12.3862
      vertex -2.32228 0 -7.65552
      vertex -18.2737 0 -12.2164
    endloop
  endfacet
  facet normal 0 -1 0
    outer loop
      vertex 5.07515 0 -6.18408
      vertex 17.9744 0 -11.5949
      vertex 17.9399 0 -11.3658
    endloop
  endfacet
  facet normal 0 -1 -0
    outer loop
      vertex -2.32228 0 -7.65552
      vertex -18.4313 0 -12.3862
      vertex -1.56072 0 -7.84628
    endloop
  endfacet
  facet normal 0 -1 0
    outer loop
      vertex 4.44456 0 -6.65176
      vertex 18.0427 0 -11.8163
      vertex 17.9744 0 -11.5949
    endloop
  endfacet
  facet normal 0 -1 0
    outer loop
      vertex -18.6124 0 -12.5307
      vertex -1.56072 0 -7.84628
      vertex -18.4313 0 -12.3862
    endloop
  endfacet
  facet normal 0 -1 0
    outer loop
      vertex 3.77117 0 -7.05537
      vertex 18.1432 0 -12.025
      vertex 18.0427 0 -11.8163
    endloop
  endfacet
  facet normal 0 -1 -0
    outer loop
      vertex -1.56072 0 -7.84628
      vertex -18.6124 0 -12.5307
      vertex -0.784137 0 -7.96148
    endloop
  endfacet
  facet normal 0 -1 0
    outer loop
      vertex 3.06147 0 -7.39104
      vertex 18.2737 0 -12.2164
      vertex 18.1432 0 -12.025
    endloop
  endfacet
  facet normal 0 -1 -0
    outer loop
      vertex -0.784137 0 -7.96148
      vertex -18.6124 0 -12.5307
      vertex 0 0 -8
    endloop
  endfacet
  facet normal 0 -1 0
    outer loop
      vertex 2.32228 0 -7.65552
      vertex 18.4313 0 -12.3862
      vertex 18.2737 0 -12.2164
    endloop
  endfacet
  facet normal 0 -1 0
    outer loop
      vertex -18.8131 0 -12.6465
      vertex 0 0 -8
      vertex -18.6124 0 -12.5307
    endloop
  endfacet
  facet normal 0 -1 0
    outer loop
      vertex 1.56072 0 -7.84628
      vertex 18.6124 0 -12.5307
      vertex 18.4313 0 -12.3862
    endloop
  endfacet
  facet normal 0 -1 0
    outer loop
      vertex 18.8131 0 -12.6465
      vertex 0 0 -8
      vertex -18.8131 0 -12.6465
    endloop
  endfacet
  facet normal 0 -1 0
    outer loop
      vertex 0 0 -8
      vertex 18.8131 0 -12.6465
      vertex 18.6124 0 -12.5307
    endloop
  endfacet
  facet normal 0 -1 0
    outer loop
      vertex -19.0287 0 -12.7311
      vertex 18.8131 0 -12.6465
      vertex -18.8131 0 -12.6465
    endloop
  endfacet
  facet normal 0 -1 0
    outer loop
      vertex -19.0287 0 -12.7311
      vertex 19.0287 0 -12.7311
      vertex 18.8131 0 -12.6465
    endloop
  endfacet
  facet normal 0 -1 0
    outer loop
      vertex -19.2546 0 -12.7827
      vertex 19.0287 0 -12.7311
      vertex -19.0287 0 -12.7311
    endloop
  endfacet
  facet normal 0 -1 0
    outer loop
      vertex -19.2546 0 -12.7827
      vertex 19.2546 0 -12.7827
      vertex 19.0287 0 -12.7311
    endloop
  endfacet
  facet normal 0 -1 0
    outer loop
      vertex -19.4856 0 -12.8
      vertex 19.2546 0 -12.7827
      vertex -19.2546 0 -12.7827
    endloop
  endfacet
  facet normal 0 -1 -0
    outer loop
      vertex 19.2546 0 -12.7827
      vertex -19.4856 0 -12.8
      vertex 19.4856 0 -12.8
    endloop
  endfacet
  facet normal 0 -1 0
    outer loop
      vertex 31.1794 0 -4.48292
      vertex 20.3587 0 -9.96933
      vertex 31.0112 0 -5.52781
    endloop
  endfacet
  facet normal 0 -1 0
    outer loop
      vertex 31.0112 0 -5.52781
      vertex 20.3587 0 -9.96933
      vertex 30.808 0 -6.56647
    endloop
  endfacet
  facet normal 0 -1 0
    outer loop
      vertex 20.5398 0 -10.1138
      vertex 30.808 0 -6.56647
      vertex 20.3587 0 -9.96933
    endloop
  endfacet
  facet normal 0 -1 0
    outer loop
      vertex 30.808 0 -6.56647
      vertex 20.5398 0 -10.1138
      vertex 30.57 0 -7.59772
    endloop
  endfacet
  facet normal 0 -1 0
    outer loop
      vertex 20.6974 0 -10.2836
      vertex 30.57 0 -7.59772
      vertex 20.5398 0 -10.1138
    endloop
  endfacet
  facet normal 0 -1 0
    outer loop
      vertex 30.57 0 -7.59772
      vertex 20.6974 0 -10.2836
      vertex 30.2975 0 -8.62038
    endloop
  endfacet
  facet normal 0 -1 0
    outer loop
      vertex 20.8279 0 -10.475
      vertex 30.2975 0 -8.62038
      vertex 20.6974 0 -10.2836
    endloop
  endfacet
  facet normal 0 -1 0
    outer loop
      vertex 30.2975 0 -8.62038
      vertex 20.8279 0 -10.475
      vertex 29.9908 0 -9.63332
    endloop
  endfacet
  facet normal 0 -1 0
    outer loop
      vertex 20.9284 0 -10.6837
      vertex 29.9908 0 -9.63332
      vertex 20.8279 0 -10.475
    endloop
  endfacet
  facet normal 0 -1 0
    outer loop
      vertex 29.9908 0 -9.63332
      vertex 20.9284 0 -10.6837
      vertex 29.6503 0 -10.6354
    endloop
  endfacet
  facet normal 0 -1 0
    outer loop
      vertex 20.9967 0 -10.9051
      vertex 29.6503 0 -10.6354
      vertex 20.9284 0 -10.6837
    endloop
  endfacet
  facet normal 0 -1 0
    outer loop
      vertex 29.2763 0 -11.6254
      vertex 20.9967 0 -10.9051
      vertex 21.0312 0 -11.1342
    endloop
  endfacet
  facet normal 0 -1 0
    outer loop
      vertex 28.8692 0 -12.6024
      vertex 21.0312 0 -11.1342
      vertex 21.0312 0 -11.3658
    endloop
  endfacet
  facet normal 0 -1 0
    outer loop
      vertex 28.4295 0 -13.5651
      vertex 21.0312 0 -11.3658
      vertex 20.9967 0 -11.5949
    endloop
  endfacet
  facet normal 0 -1 0
    outer loop
      vertex 20.9967 0 -10.9051
      vertex 29.2763 0 -11.6254
      vertex 29.6503 0 -10.6354
    endloop
  endfacet
  facet normal 0 -1 0
    outer loop
      vertex 27.9578 0 -14.5125
      vertex 20.9967 0 -11.5949
      vertex 20.9284 0 -11.8163
    endloop
  endfacet
  facet normal 0 -1 0
    outer loop
      vertex 27.4545 0 -15.4435
      vertex 20.9284 0 -11.8163
      vertex 20.8279 0 -12.025
    endloop
  endfacet
  facet normal 0 -1 0
    outer loop
      vertex 26.9202 0 -16.3571
      vertex 20.8279 0 -12.025
      vertex 20.6974 0 -12.2164
    endloop
  endfacet
  facet normal 0 -1 0
    outer loop
      vertex 26.3555 0 -17.2522
      vertex 20.6974 0 -12.2164
      vertex 20.5398 0 -12.3862
    endloop
  endfacet
  facet normal 0 -1 0
    outer loop
      vertex 26.3555 0 -17.2522
      vertex 20.5398 0 -12.3862
      vertex 20.3587 0 -12.5307
    endloop
  endfacet
  facet normal 0 -1 0
    outer loop
      vertex 21.0312 0 -11.1342
      vertex 28.8692 0 -12.6024
      vertex 29.2763 0 -11.6254
    endloop
  endfacet
  facet normal 0 -1 0
    outer loop
      vertex 25.7611 0 -18.1278
      vertex 20.3587 0 -12.5307
      vertex 20.1581 0 -12.6465
    endloop
  endfacet
  facet normal 0 -1 0
    outer loop
      vertex 25.1375 0 -18.983
      vertex 20.1581 0 -12.6465
      vertex 19.9424 0 -12.7311
    endloop
  endfacet
  facet normal 0 -1 0
    outer loop
      vertex 24.4856 0 -19.8167
      vertex 19.9424 0 -12.7311
      vertex 19.7166 0 -12.7827
    endloop
  endfacet
  facet normal 0 -1 0
    outer loop
      vertex 23.8061 0 -20.6281
      vertex 19.7166 0 -12.7827
      vertex 19.4856 0 -12.8
    endloop
  endfacet
  facet normal 0 -1 0
    outer loop
      vertex 21.0312 0 -11.3658
      vertex 28.4295 0 -13.5651
      vertex 28.8692 0 -12.6024
    endloop
  endfacet
  facet normal 0 -1 -0
    outer loop
      vertex -20.3587 0 -12.5307
      vertex -25.7611 0 -18.1278
      vertex -20.1581 0 -12.6465
    endloop
  endfacet
  facet normal 0 -1 0
    outer loop
      vertex -25.1375 0 -18.983
      vertex -20.1581 0 -12.6465
      vertex -25.7611 0 -18.1278
    endloop
  endfacet
  facet normal 0 -1 0
    outer loop
      vertex 20.9967 0 -11.5949
      vertex 27.9578 0 -14.5125
      vertex 28.4295 0 -13.5651
    endloop
  endfacet
  facet normal 0 -1 -0
    outer loop
      vertex -20.1581 0 -12.6465
      vertex -25.1375 0 -18.983
      vertex -19.9424 0 -12.7311
    endloop
  endfacet
  facet normal 0 -1 0
    outer loop
      vertex 20.9284 0 -11.8163
      vertex 27.4545 0 -15.4435
      vertex 27.9578 0 -14.5125
    endloop
  endfacet
  facet normal 0 -1 0
    outer loop
      vertex -24.4856 0 -19.8167
      vertex -19.9424 0 -12.7311
      vertex -25.1375 0 -18.983
    endloop
  endfacet
  facet normal 0 -1 0
    outer loop
      vertex 20.8279 0 -12.025
      vertex 26.9202 0 -16.3571
      vertex 27.4545 0 -15.4435
    endloop
  endfacet
  facet normal 0 -1 -0
    outer loop
      vertex -19.9424 0 -12.7311
      vertex -24.4856 0 -19.8167
      vertex -19.7166 0 -12.7827
    endloop
  endfacet
  facet normal 0 -1 0
    outer loop
      vertex 20.6974 0 -12.2164
      vertex 26.3555 0 -17.2522
      vertex 26.9202 0 -16.3571
    endloop
  endfacet
  facet normal 0 -1 0
    outer loop
      vertex -23.8061 0 -20.6281
      vertex -19.7166 0 -12.7827
      vertex -24.4856 0 -19.8167
    endloop
  endfacet
  facet normal 0 -1 0
    outer loop
      vertex 20.3587 0 -12.5307
      vertex 25.7611 0 -18.1278
      vertex 26.3555 0 -17.2522
    endloop
  endfacet
  facet normal 0 -1 -0
    outer loop
      vertex -19.7166 0 -12.7827
      vertex -23.8061 0 -20.6281
      vertex -19.4856 0 -12.8
    endloop
  endfacet
  facet normal 0 -1 0
    outer loop
      vertex 20.1581 0 -12.6465
      vertex 25.1375 0 -18.983
      vertex 25.7611 0 -18.1278
    endloop
  endfacet
  facet normal 0 -1 0
    outer loop
      vertex -23.0997 0 -21.4162
      vertex -19.4856 0 -12.8
      vertex -23.8061 0 -20.6281
    endloop
  endfacet
  facet normal 0 -1 0
    outer loop
      vertex 19.9424 0 -12.7311
      vertex 24.4856 0 -19.8167
      vertex 25.1375 0 -18.983
    endloop
  endfacet
  facet normal 0 -1 0
    outer loop
      vertex -22.3672 0 -22.1801
      vertex -19.4856 0 -12.8
      vertex -23.0997 0 -21.4162
    endloop
  endfacet
  facet normal 0 -1 0
    outer loop
      vertex 19.7166 0 -12.7827
      vertex 23.8061 0 -20.6281
      vertex 24.4856 0 -19.8167
    endloop
  endfacet
  facet normal 0 -1 0
    outer loop
      vertex -21.6095 0 -22.919
      vertex -19.4856 0 -12.8
      vertex -22.3672 0 -22.1801
    endloop
  endfacet
  facet normal 0 -1 0
    outer loop
      vertex 19.4856 0 -12.8
      vertex 23.0997 0 -21.4162
      vertex 23.8061 0 -20.6281
    endloop
  endfacet
  facet normal 0 -1 0
    outer loop
      vertex -20.8274 0 -23.632
      vertex -19.4856 0 -12.8
      vertex -21.6095 0 -22.919
    endloop
  endfacet
  facet normal 0 -1 0
    outer loop
      vertex 19.4856 0 -12.8
      vertex 22.3672 0 -22.1801
      vertex 23.0997 0 -21.4162
    endloop
  endfacet
  facet normal 0 -1 0
    outer loop
      vertex -20.0217 0 -24.3183
      vertex -19.4856 0 -12.8
      vertex -20.8274 0 -23.632
    endloop
  endfacet
  facet normal 0 -1 0
    outer loop
      vertex 19.4856 0 -12.8
      vertex 21.6095 0 -22.919
      vertex 22.3672 0 -22.1801
    endloop
  endfacet
  facet normal 0 -1 0
    outer loop
      vertex -19.1935 0 -24.9772
      vertex -19.4856 0 -12.8
      vertex -20.0217 0 -24.3183
    endloop
  endfacet
  facet normal 0 -1 0
    outer loop
      vertex 19.4856 0 -12.8
      vertex 20.8274 0 -23.632
      vertex 21.6095 0 -22.919
    endloop
  endfacet
  facet normal 0 -1 0
    outer loop
      vertex -18.3436 0 -25.6079
      vertex -19.4856 0 -12.8
      vertex -19.1935 0 -24.9772
    endloop
  endfacet
  facet normal 0 -1 0
    outer loop
      vertex 19.4856 0 -12.8
      vertex 20.0217 0 -24.3183
      vertex 20.8274 0 -23.632
    endloop
  endfacet
  facet normal 0 -1 0
    outer loop
      vertex -17.473 0 -26.2097
      vertex -19.4856 0 -12.8
      vertex -18.3436 0 -25.6079
    endloop
  endfacet
  facet normal 0 -1 -0
    outer loop
      vertex 19.4856 0 -12.8
      vertex 19.1935 0 -24.9772
      vertex 20.0217 0 -24.3183
    endloop
  endfacet
  facet normal 0 -1 0
    outer loop
      vertex -16.5826 0 -26.7818
      vertex -19.4856 0 -12.8
      vertex -17.473 0 -26.2097
    endloop
  endfacet
  facet normal 0 -1 0
    outer loop
      vertex 19.4856 0 -12.8
      vertex 18.3436 0 -25.6079
      vertex 19.1935 0 -24.9772
    endloop
  endfacet
  facet normal 0 -1 0
    outer loop
      vertex -15.6736 0 -27.3238
      vertex -19.4856 0 -12.8
      vertex -16.5826 0 -26.7818
    endloop
  endfacet
  facet normal 0 -1 0
    outer loop
      vertex 19.4856 0 -12.8
      vertex 17.473 0 -26.2097
      vertex 18.3436 0 -25.6079
    endloop
  endfacet
  facet normal 0 -1 0
    outer loop
      vertex -14.7468 0 -27.8349
      vertex -19.4856 0 -12.8
      vertex -15.6736 0 -27.3238
    endloop
  endfacet
  facet normal 0 -1 0
    outer loop
      vertex 19.4856 0 -12.8
      vertex 16.5826 0 -26.7818
      vertex 17.473 0 -26.2097
    endloop
  endfacet
  facet normal 0 -1 0
    outer loop
      vertex -13.8034 0 -28.3146
      vertex -19.4856 0 -12.8
      vertex -14.7468 0 -27.8349
    endloop
  endfacet
  facet normal 0 -1 0
    outer loop
      vertex 19.4856 0 -12.8
      vertex 15.6736 0 -27.3238
      vertex 16.5826 0 -26.7818
    endloop
  endfacet
  facet normal 0 -1 0
    outer loop
      vertex -12.8444 0 -28.7623
      vertex -19.4856 0 -12.8
      vertex -13.8034 0 -28.3146
    endloop
  endfacet
  facet normal 0 -1 0
    outer loop
      vertex 19.4856 0 -12.8
      vertex 14.7468 0 -27.8349
      vertex 15.6736 0 -27.3238
    endloop
  endfacet
  facet normal 0 -1 0
    outer loop
      vertex -11.8709 0 -29.1776
      vertex -19.4856 0 -12.8
      vertex -12.8444 0 -28.7623
    endloop
  endfacet
  facet normal 0 -1 0
    outer loop
      vertex 19.4856 0 -12.8
      vertex 13.8034 0 -28.3146
      vertex 14.7468 0 -27.8349
    endloop
  endfacet
  facet normal 0 -1 0
    outer loop
      vertex -10.8841 0 -29.5599
      vertex -19.4856 0 -12.8
      vertex -11.8709 0 -29.1776
    endloop
  endfacet
  facet normal 0 -1 0
    outer loop
      vertex 19.4856 0 -12.8
      vertex 12.8444 0 -28.7623
      vertex 13.8034 0 -28.3146
    endloop
  endfacet
  facet normal 0 -1 0
    outer loop
      vertex -9.8849 0 -29.9088
      vertex -19.4856 0 -12.8
      vertex -10.8841 0 -29.5599
    endloop
  endfacet
  facet normal 0 -1 0
    outer loop
      vertex 19.4856 0 -12.8
      vertex 11.8709 0 -29.1776
      vertex 12.8444 0 -28.7623
    endloop
  endfacet
  facet normal 0 -1 0
    outer loop
      vertex -8.87458 0 -30.224
      vertex -19.4856 0 -12.8
      vertex -9.8849 0 -29.9088
    endloop
  endfacet
  facet normal 0 -1 0
    outer loop
      vertex 19.4856 0 -12.8
      vertex 10.8841 0 -29.5599
      vertex 11.8709 0 -29.1776
    endloop
  endfacet
  facet normal 0 -1 0
    outer loop
      vertex -7.85423 0 -30.5051
      vertex -19.4856 0 -12.8
      vertex -8.87458 0 -30.224
    endloop
  endfacet
  facet normal 0 -1 0
    outer loop
      vertex 19.4856 0 -12.8
      vertex 9.8849 0 -29.9088
      vertex 10.8841 0 -29.5599
    endloop
  endfacet
  facet normal 0 -1 0
    outer loop
      vertex -6.82502 0 -30.7517
      vertex -19.4856 0 -12.8
      vertex -7.85423 0 -30.5051
    endloop
  endfacet
  facet normal 0 -1 0
    outer loop
      vertex 19.4856 0 -12.8
      vertex 8.87458 0 -30.224
      vertex 9.8849 0 -29.9088
    endloop
  endfacet
  facet normal 0 -1 0
    outer loop
      vertex -5.78811 0 -30.9637
      vertex -19.4856 0 -12.8
      vertex -6.82502 0 -30.7517
    endloop
  endfacet
  facet normal 0 -1 0
    outer loop
      vertex 19.4856 0 -12.8
      vertex 7.85423 0 -30.5051
      vertex 8.87458 0 -30.224
    endloop
  endfacet
  facet normal 0 -1 0
    outer loop
      vertex -4.74466 0 -31.1406
      vertex -19.4856 0 -12.8
      vertex -5.78811 0 -30.9637
    endloop
  endfacet
  facet normal 0 -1 0
    outer loop
      vertex 19.4856 0 -12.8
      vertex 6.82502 0 -30.7517
      vertex 7.85423 0 -30.5051
    endloop
  endfacet
  facet normal 0 -1 0
    outer loop
      vertex -3.69586 0 -31.2824
      vertex -19.4856 0 -12.8
      vertex -4.74466 0 -31.1406
    endloop
  endfacet
  facet normal 0 -1 0
    outer loop
      vertex 19.4856 0 -12.8
      vertex 5.78811 0 -30.9637
      vertex 6.82502 0 -30.7517
    endloop
  endfacet
  facet normal 0 -1 0
    outer loop
      vertex -2.64288 0 -31.3889
      vertex -19.4856 0 -12.8
      vertex -3.69586 0 -31.2824
    endloop
  endfacet
  facet normal 0 -1 0
    outer loop
      vertex 19.4856 0 -12.8
      vertex 4.74466 0 -31.1406
      vertex 5.78811 0 -30.9637
    endloop
  endfacet
  facet normal 0 -1 0
    outer loop
      vertex -1.58692 0 -31.46
      vertex -19.4856 0 -12.8
      vertex -2.64288 0 -31.3889
    endloop
  endfacet
  facet normal 0 -1 0
    outer loop
      vertex 19.4856 0 -12.8
      vertex 3.69586 0 -31.2824
      vertex 4.74466 0 -31.1406
    endloop
  endfacet
  facet normal 0 -1 0
    outer loop
      vertex -0.529174 0 -31.4956
      vertex -19.4856 0 -12.8
      vertex -1.58692 0 -31.46
    endloop
  endfacet
  facet normal 0 -1 0
    outer loop
      vertex 19.4856 0 -12.8
      vertex 2.64288 0 -31.3889
      vertex 3.69586 0 -31.2824
    endloop
  endfacet
  facet normal 0 -1 0
    outer loop
      vertex -19.4856 0 -12.8
      vertex -0.529174 0 -31.4956
      vertex 19.4856 0 -12.8
    endloop
  endfacet
  facet normal 0 -1 0
    outer loop
      vertex 19.4856 0 -12.8
      vertex 1.58692 0 -31.46
      vertex 2.64288 0 -31.3889
    endloop
  endfacet
  facet normal 0 -1 0
    outer loop
      vertex 0.529174 0 -31.4956
      vertex 19.4856 0 -12.8
      vertex -0.529174 0 -31.4956
    endloop
  endfacet
  facet normal 0 -1 0
    outer loop
      vertex 19.4856 0 -12.8
      vertex 0.529174 0 -31.4956
      vertex 1.58692 0 -31.46
    endloop
  endfacet
  facet normal -0.0168186 0 0.999859
    outer loop
      vertex -1.0582 5 31.4822
      vertex 0 0 31.5
      vertex 0 5 31.5
    endloop
  endfacet
  facet normal -0.0168186 0 0.999859
    outer loop
      vertex 0 0 31.5
      vertex -1.0582 5 31.4822
      vertex -1.0582 0 31.4822
    endloop
  endfacet
  facet normal 0.0168186 0 0.999859
    outer loop
      vertex 0 5 31.5
      vertex 1.0582 0 31.4822
      vertex 1.0582 5 31.4822
    endloop
  endfacet
  facet normal 0.0168186 0 0.999859
    outer loop
      vertex 1.0582 0 31.4822
      vertex 0 5 31.5
      vertex 0 0 31.5
    endloop
  endfacet
  facet normal 0.0503617 0 0.998731
    outer loop
      vertex 1.0582 5 31.4822
      vertex 2.1152 0 31.4289
      vertex 2.1152 5 31.4289
    endloop
  endfacet
  facet normal 0.0503617 0 0.998731
    outer loop
      vertex 2.1152 0 31.4289
      vertex 1.0582 5 31.4822
      vertex 1.0582 0 31.4822
    endloop
  endfacet
  facet normal 0.083904 0 0.996474
    outer loop
      vertex 2.1152 5 31.4289
      vertex 3.16982 0 31.3401
      vertex 3.16982 5 31.3401
    endloop
  endfacet
  facet normal 0.083904 0 0.996474
    outer loop
      vertex 3.16982 0 31.3401
      vertex 2.1152 5 31.4289
      vertex 2.1152 0 31.4289
    endloop
  endfacet
  facet normal 0.117352 0 0.99309
    outer loop
      vertex 3.16982 5 31.3401
      vertex 4.22086 0 31.2159
      vertex 4.22086 5 31.2159
    endloop
  endfacet
  facet normal 0.117352 0 0.99309
    outer loop
      vertex 4.22086 0 31.2159
      vertex 3.16982 5 31.3401
      vertex 3.16982 0 31.3401
    endloop
  endfacet
  facet normal 0.150613 0 0.988593
    outer loop
      vertex 4.22086 5 31.2159
      vertex 5.26713 0 31.0565
      vertex 5.26713 5 31.0565
    endloop
  endfacet
  facet normal 0.150613 0 0.988593
    outer loop
      vertex 5.26713 0 31.0565
      vertex 4.22086 5 31.2159
      vertex 4.22086 0 31.2159
    endloop
  endfacet
  facet normal 0.183776 0 0.982968
    outer loop
      vertex 5.26713 5 31.0565
      vertex 6.30746 0 30.862
      vertex 6.30746 5 30.862
    endloop
  endfacet
  facet normal 0.183776 0 0.982968
    outer loop
      vertex 6.30746 0 30.862
      vertex 5.26713 5 31.0565
      vertex 5.26713 0 31.0565
    endloop
  endfacet
  facet normal 0.21666 0 0.976247
    outer loop
      vertex 6.30746 5 30.862
      vertex 7.34066 0 30.6327
      vertex 7.34066 5 30.6327
    endloop
  endfacet
  facet normal 0.21666 0 0.976247
    outer loop
      vertex 7.34066 0 30.6327
      vertex 6.30746 5 30.862
      vertex 6.30746 0 30.862
    endloop
  endfacet
  facet normal 0.24935 0 0.968413
    outer loop
      vertex 7.34066 5 30.6327
      vertex 8.36558 0 30.3688
      vertex 8.36558 5 30.3688
    endloop
  endfacet
  facet normal 0.24935 0 0.968413
    outer loop
      vertex 8.36558 0 30.3688
      vertex 7.34066 5 30.6327
      vertex 7.34066 0 30.6327
    endloop
  endfacet
  facet normal 0.28167 0 0.959511
    outer loop
      vertex 8.36558 5 30.3688
      vertex 9.38106 0 30.0707
      vertex 9.38106 5 30.0707
    endloop
  endfacet
  facet normal 0.28167 0 0.959511
    outer loop
      vertex 9.38106 0 30.0707
      vertex 8.36558 5 30.3688
      vertex 8.36558 0 30.3688
    endloop
  endfacet
  facet normal 0.313806 0 0.949487
    outer loop
      vertex 9.38106 5 30.0707
      vertex 10.3859 0 29.7386
      vertex 10.3859 5 29.7386
    endloop
  endfacet
  facet normal 0.313806 0 0.949487
    outer loop
      vertex 10.3859 0 29.7386
      vertex 9.38106 5 30.0707
      vertex 9.38106 0 30.0707
    endloop
  endfacet
  facet normal 0.345526 0 0.938409
    outer loop
      vertex 10.3859 5 29.7386
      vertex 11.3791 0 29.3729
      vertex 11.3791 5 29.3729
    endloop
  endfacet
  facet normal 0.345526 0 0.938409
    outer loop
      vertex 11.3791 0 29.3729
      vertex 10.3859 5 29.7386
      vertex 10.3859 0 29.7386
    endloop
  endfacet
  facet normal 0.376907 0 0.926251
    outer loop
      vertex 11.3791 5 29.3729
      vertex 12.3594 0 28.974
      vertex 12.3594 5 28.974
    endloop
  endfacet
  facet normal 0.376907 0 0.926251
    outer loop
      vertex 12.3594 0 28.974
      vertex 11.3791 5 29.3729
      vertex 11.3791 0 29.3729
    endloop
  endfacet
  facet normal 0.407707 0 0.913113
    outer loop
      vertex 12.3594 5 28.974
      vertex 13.3258 0 28.5425
      vertex 13.3258 5 28.5425
    endloop
  endfacet
  facet normal 0.407707 0 0.913113
    outer loop
      vertex 13.3258 0 28.5425
      vertex 12.3594 5 28.974
      vertex 12.3594 0 28.974
    endloop
  endfacet
  facet normal 0.438234 0 0.898861
    outer loop
      vertex 13.3258 5 28.5425
      vertex 14.2771 0 28.0787
      vertex 14.2771 5 28.0787
    endloop
  endfacet
  facet normal 0.438234 0 0.898861
    outer loop
      vertex 14.2771 0 28.0787
      vertex 13.3258 5 28.5425
      vertex 13.3258 0 28.5425
    endloop
  endfacet
  facet normal 0.468179 0 0.883634
    outer loop
      vertex 14.2771 5 28.0787
      vertex 15.2123 0 27.5832
      vertex 15.2123 5 27.5832
    endloop
  endfacet
  facet normal 0.468179 0 0.883634
    outer loop
      vertex 15.2123 0 27.5832
      vertex 14.2771 5 28.0787
      vertex 14.2771 0 28.0787
    endloop
  endfacet
  facet normal 0.497542 0 0.86744
    outer loop
      vertex 15.2123 5 27.5832
      vertex 16.1304 0 27.0566
      vertex 16.1304 5 27.0566
    endloop
  endfacet
  facet normal 0.497542 0 0.86744
    outer loop
      vertex 16.1304 0 27.0566
      vertex 15.2123 5 27.5832
      vertex 15.2123 0 27.5832
    endloop
  endfacet
  facet normal 0.52641 0 0.850231
    outer loop
      vertex 16.1304 5 27.0566
      vertex 17.0302 0 26.4995
      vertex 17.0302 5 26.4995
    endloop
  endfacet
  facet normal 0.52641 0 0.850231
    outer loop
      vertex 17.0302 0 26.4995
      vertex 16.1304 5 27.0566
      vertex 16.1304 0 27.0566
    endloop
  endfacet
  facet normal 0.554722 0 0.832036
    outer loop
      vertex 17.0302 5 26.4995
      vertex 17.9108 0 25.9124
      vertex 17.9108 5 25.9124
    endloop
  endfacet
  facet normal 0.554722 0 0.832036
    outer loop
      vertex 17.9108 0 25.9124
      vertex 17.0302 5 26.4995
      vertex 17.0302 0 26.4995
    endloop
  endfacet
  facet normal 0.582319 0 0.81296
    outer loop
      vertex 17.9108 5 25.9124
      vertex 18.7712 0 25.2961
      vertex 18.7712 5 25.2961
    endloop
  endfacet
  facet normal 0.582319 0 0.81296
    outer loop
      vertex 18.7712 0 25.2961
      vertex 17.9108 5 25.9124
      vertex 17.9108 0 25.9124
    endloop
  endfacet
  facet normal 0.609332 0 0.792915
    outer loop
      vertex 18.7712 5 25.2961
      vertex 19.6104 0 24.6512
      vertex 19.6104 5 24.6512
    endloop
  endfacet
  facet normal 0.609332 0 0.792915
    outer loop
      vertex 19.6104 0 24.6512
      vertex 18.7712 5 25.2961
      vertex 18.7712 0 25.2961
    endloop
  endfacet
  facet normal 0.635638 0 0.771988
    outer loop
      vertex 19.6104 5 24.6512
      vertex 20.4274 0 23.9785
      vertex 20.4274 5 23.9785
    endloop
  endfacet
  facet normal 0.635638 0 0.771988
    outer loop
      vertex 20.4274 0 23.9785
      vertex 19.6104 5 24.6512
      vertex 19.6104 0 24.6512
    endloop
  endfacet
  facet normal 0.66115 0 0.750254
    outer loop
      vertex 20.4274 5 23.9785
      vertex 21.2214 0 23.2788
      vertex 21.2214 5 23.2788
    endloop
  endfacet
  facet normal 0.66115 0 0.750254
    outer loop
      vertex 21.2214 0 23.2788
      vertex 20.4274 5 23.9785
      vertex 20.4274 0 23.9785
    endloop
  endfacet
  facet normal 0.686016 0 0.727587
    outer loop
      vertex 21.2214 5 23.2788
      vertex 21.9915 0 22.5527
      vertex 21.9915 5 22.5527
    endloop
  endfacet
  facet normal 0.686016 0 0.727587
    outer loop
      vertex 21.9915 0 22.5527
      vertex 21.2214 5 23.2788
      vertex 21.2214 0 23.2788
    endloop
  endfacet
  facet normal 0.710077 -0 0.704124
    outer loop
      vertex 21.9915 0 22.5527
      vertex 22.7367 5 21.8012
      vertex 21.9915 5 22.5527
    endloop
  endfacet
  facet normal 0.710077 0 0.704124
    outer loop
      vertex 22.7367 5 21.8012
      vertex 21.9915 0 22.5527
      vertex 22.7367 0 21.8012
    endloop
  endfacet
  facet normal 0.733342 -0 0.67986
    outer loop
      vertex 22.7367 0 21.8012
      vertex 23.4562 5 21.0251
      vertex 22.7367 5 21.8012
    endloop
  endfacet
  facet normal 0.733342 0 0.67986
    outer loop
      vertex 23.4562 5 21.0251
      vertex 22.7367 0 21.8012
      vertex 23.4562 0 21.0251
    endloop
  endfacet
  facet normal 0.755717 -0 0.654898
    outer loop
      vertex 23.4562 0 21.0251
      vertex 24.1493 5 20.2253
      vertex 23.4562 5 21.0251
    endloop
  endfacet
  facet normal 0.755717 0 0.654898
    outer loop
      vertex 24.1493 5 20.2253
      vertex 23.4562 0 21.0251
      vertex 24.1493 0 20.2253
    endloop
  endfacet
  facet normal 0.777335 -0 0.629087
    outer loop
      vertex 24.1493 0 20.2253
      vertex 24.8151 5 19.4026
      vertex 24.1493 5 20.2253
    endloop
  endfacet
  facet normal 0.777335 0 0.629087
    outer loop
      vertex 24.8151 5 19.4026
      vertex 24.1493 0 20.2253
      vertex 24.8151 0 19.4026
    endloop
  endfacet
  facet normal 0.798023 -0 0.602627
    outer loop
      vertex 24.8151 0 19.4026
      vertex 25.4529 5 18.558
      vertex 24.8151 5 19.4026
    endloop
  endfacet
  facet normal 0.798023 0 0.602627
    outer loop
      vertex 25.4529 5 18.558
      vertex 24.8151 0 19.4026
      vertex 25.4529 0 18.558
    endloop
  endfacet
  facet normal 0.817787 -0 0.575521
    outer loop
      vertex 25.4529 0 18.558
      vertex 26.062 5 17.6925
      vertex 25.4529 5 18.558
    endloop
  endfacet
  facet normal 0.817787 0 0.575521
    outer loop
      vertex 26.062 5 17.6925
      vertex 25.4529 0 18.558
      vertex 26.062 0 17.6925
    endloop
  endfacet
  facet normal 0.836702 -0 0.547659
    outer loop
      vertex 26.062 0 17.6925
      vertex 26.6416 5 16.807
      vertex 26.062 5 17.6925
    endloop
  endfacet
  facet normal 0.836702 0 0.547659
    outer loop
      vertex 26.6416 5 16.807
      vertex 26.062 0 17.6925
      vertex 26.6416 0 16.807
    endloop
  endfacet
  facet normal 0.854603 -0 0.519281
    outer loop
      vertex 26.6416 0 16.807
      vertex 27.1912 5 15.9025
      vertex 26.6416 5 16.807
    endloop
  endfacet
  facet normal 0.854603 0 0.519281
    outer loop
      vertex 27.1912 5 15.9025
      vertex 26.6416 0 16.807
      vertex 27.1912 0 15.9025
    endloop
  endfacet
  facet normal 0.871596 -0 0.490225
    outer loop
      vertex 27.1912 0 15.9025
      vertex 27.71 5 14.9801
      vertex 27.1912 5 15.9025
    endloop
  endfacet
  facet normal 0.871596 0 0.490225
    outer loop
      vertex 27.71 5 14.9801
      vertex 27.1912 0 15.9025
      vertex 27.71 0 14.9801
    endloop
  endfacet
  facet normal 0.88754 -0 0.460731
    outer loop
      vertex 27.71 0 14.9801
      vertex 28.1976 5 14.0408
      vertex 27.71 5 14.9801
    endloop
  endfacet
  facet normal 0.88754 0 0.460731
    outer loop
      vertex 28.1976 5 14.0408
      vertex 27.71 0 14.9801
      vertex 28.1976 0 14.0408
    endloop
  endfacet
  facet normal 0.902514 -0 0.43066
    outer loop
      vertex 28.1976 0 14.0408
      vertex 28.6534 5 13.0856
      vertex 28.1976 5 14.0408
    endloop
  endfacet
  facet normal 0.902514 0 0.43066
    outer loop
      vertex 28.6534 5 13.0856
      vertex 28.1976 0 14.0408
      vertex 28.6534 0 13.0856
    endloop
  endfacet
  facet normal 0.916495 -0 0.400045
    outer loop
      vertex 28.6534 0 13.0856
      vertex 29.0768 5 12.1156
      vertex 28.6534 5 13.0856
    endloop
  endfacet
  facet normal 0.916495 0 0.400045
    outer loop
      vertex 29.0768 5 12.1156
      vertex 28.6534 0 13.0856
      vertex 29.0768 0 12.1156
    endloop
  endfacet
  facet normal 0.929399 -0 0.369076
    outer loop
      vertex 29.0768 0 12.1156
      vertex 29.4674 5 11.132
      vertex 29.0768 5 12.1156
    endloop
  endfacet
  facet normal 0.929399 0 0.369076
    outer loop
      vertex 29.4674 5 11.132
      vertex 29.0768 0 12.1156
      vertex 29.4674 0 11.132
    endloop
  endfacet
  facet normal 0.941258 -0 0.337689
    outer loop
      vertex 29.4674 0 11.132
      vertex 29.8248 5 10.1358
      vertex 29.4674 5 11.132
    endloop
  endfacet
  facet normal 0.941258 0 0.337689
    outer loop
      vertex 29.8248 5 10.1358
      vertex 29.4674 0 11.132
      vertex 29.8248 0 10.1358
    endloop
  endfacet
  facet normal 0.952109 -0 0.30576
    outer loop
      vertex 29.8248 0 10.1358
      vertex 30.1484 5 9.12814
      vertex 29.8248 5 10.1358
    endloop
  endfacet
  facet normal 0.952109 0 0.30576
    outer loop
      vertex 30.1484 5 9.12814
      vertex 29.8248 0 10.1358
      vertex 30.1484 0 9.12814
    endloop
  endfacet
  facet normal 0.961833 -0 0.273638
    outer loop
      vertex 30.1484 0 9.12814
      vertex 30.438 5 8.1102
      vertex 30.1484 5 9.12814
    endloop
  endfacet
  facet normal 0.961833 0 0.273638
    outer loop
      vertex 30.438 5 8.1102
      vertex 30.1484 0 9.12814
      vertex 30.438 0 8.1102
    endloop
  endfacet
  facet normal 0.97047 -0 0.241221
    outer loop
      vertex 30.438 0 8.1102
      vertex 30.6933 5 7.08309
      vertex 30.438 5 8.1102
    endloop
  endfacet
  facet normal 0.97047 0 0.241221
    outer loop
      vertex 30.6933 5 7.08309
      vertex 30.438 0 8.1102
      vertex 30.6933 0 7.08309
    endloop
  endfacet
  facet normal 0.978035 -0 0.20844
    outer loop
      vertex 30.6933 0 7.08309
      vertex 30.9139 5 6.048
      vertex 30.6933 5 7.08309
    endloop
  endfacet
  facet normal 0.978035 0 0.20844
    outer loop
      vertex 30.9139 5 6.048
      vertex 30.6933 0 7.08309
      vertex 30.9139 0 6.048
    endloop
  endfacet
  facet normal 0.98447 -0 0.175554
    outer loop
      vertex 30.9139 0 6.048
      vertex 31.0997 5 5.00607
      vertex 30.9139 5 6.048
    endloop
  endfacet
  facet normal 0.98447 0 0.175554
    outer loop
      vertex 31.0997 5 5.00607
      vertex 30.9139 0 6.048
      vertex 31.0997 0 5.00607
    endloop
  endfacet
  facet normal 0.989824 -0 0.142298
    outer loop
      vertex 31.0997 0 5.00607
      vertex 31.2503 5 3.9585
      vertex 31.0997 5 5.00607
    endloop
  endfacet
  facet normal 0.989824 0 0.142298
    outer loop
      vertex 31.2503 5 3.9585
      vertex 31.0997 0 5.00607
      vertex 31.2503 0 3.9585
    endloop
  endfacet
  facet normal 0.994048 -0 0.108943
    outer loop
      vertex 31.2503 0 3.9585
      vertex 31.3656 5 2.90645
      vertex 31.2503 5 3.9585
    endloop
  endfacet
  facet normal 0.994048 0 0.108943
    outer loop
      vertex 31.3656 5 2.90645
      vertex 31.2503 0 3.9585
      vertex 31.3656 0 2.90645
    endloop
  endfacet
  facet normal 0.997139 -0 0.0755895
    outer loop
      vertex 31.3656 0 2.90645
      vertex 31.4456 5 1.85113
      vertex 31.3656 5 2.90645
    endloop
  endfacet
  facet normal 0.997139 0 0.0755895
    outer loop
      vertex 31.4456 5 1.85113
      vertex 31.3656 0 2.90645
      vertex 31.4456 0 1.85113
    endloop
  endfacet
  facet normal 0.99912 -0 0.0419522
    outer loop
      vertex 31.4456 0 1.85113
      vertex 31.49 5 0.793714
      vertex 31.4456 5 1.85113
    endloop
  endfacet
  facet normal 0.99912 0 0.0419522
    outer loop
      vertex 31.49 5 0.793714
      vertex 31.4456 0 1.85113
      vertex 31.49 0 0.793714
    endloop
  endfacet
  facet normal 0.999965 -0 0.00840934
    outer loop
      vertex 31.49 0 0.793714
      vertex 31.4989 5 -0.264596
      vertex 31.49 5 0.793714
    endloop
  endfacet
  facet normal 0.999965 0 0.00840934
    outer loop
      vertex 31.4989 5 -0.264596
      vertex 31.49 0 0.793714
      vertex 31.4989 0 -0.264596
    endloop
  endfacet
  facet normal 0.999682 0 -0.0252279
    outer loop
      vertex 31.4989 0 -0.264596
      vertex 31.4722 5 -1.32261
      vertex 31.4989 5 -0.264596
    endloop
  endfacet
  facet normal 0.999682 0 -0.0252279
    outer loop
      vertex 31.4722 5 -1.32261
      vertex 31.4989 0 -0.264596
      vertex 31.4722 0 -1.32261
    endloop
  endfacet
  facet normal 0.998272 0 -0.0587708
    outer loop
      vertex 31.4722 0 -1.32261
      vertex 31.41 5 -2.37913
      vertex 31.4722 5 -1.32261
    endloop
  endfacet
  facet normal 0.998272 0 -0.0587708
    outer loop
      vertex 31.41 5 -2.37913
      vertex 31.4722 0 -1.32261
      vertex 31.41 0 -2.37913
    endloop
  endfacet
  facet normal 0.995739 0 -0.0922199
    outer loop
      vertex 31.41 0 -2.37913
      vertex 31.3124 5 -3.43296
      vertex 31.41 5 -2.37913
    endloop
  endfacet
  facet normal 0.995739 0 -0.0922199
    outer loop
      vertex 31.3124 5 -3.43296
      vertex 31.41 0 -2.37913
      vertex 31.3124 0 -3.43296
    endloop
  endfacet
  facet normal 0.992072 0 -0.125667
    outer loop
      vertex 31.3124 0 -3.43296
      vertex 31.1794 5 -4.48292
      vertex 31.3124 5 -3.43296
    endloop
  endfacet
  facet normal 0.992072 0 -0.125667
    outer loop
      vertex 31.1794 5 -4.48292
      vertex 31.3124 0 -3.43296
      vertex 31.1794 0 -4.48292
    endloop
  endfacet
  facet normal 0.98729 0 -0.158928
    outer loop
      vertex 31.1794 0 -4.48292
      vertex 31.0112 5 -5.52781
      vertex 31.1794 5 -4.48292
    endloop
  endfacet
  facet normal 0.98729 0 -0.158928
    outer loop
      vertex 31.0112 5 -5.52781
      vertex 31.1794 0 -4.48292
      vertex 31.0112 0 -5.52781
    endloop
  endfacet
  facet normal 0.981396 0 -0.191997
    outer loop
      vertex 31.0112 0 -5.52781
      vertex 30.808 5 -6.56647
      vertex 31.0112 5 -5.52781
    endloop
  endfacet
  facet normal 0.981396 0 -0.191997
    outer loop
      vertex 30.808 5 -6.56647
      vertex 31.0112 0 -5.52781
      vertex 30.808 0 -6.56647
    endloop
  endfacet
  facet normal 0.974387 0 -0.224877
    outer loop
      vertex 30.808 0 -6.56647
      vertex 30.57 5 -7.59772
      vertex 30.808 5 -6.56647
    endloop
  endfacet
  facet normal 0.974387 0 -0.224877
    outer loop
      vertex 30.57 5 -7.59772
      vertex 30.808 0 -6.56647
      vertex 30.57 0 -7.59772
    endloop
  endfacet
  facet normal 0.966284 0 -0.257478
    outer loop
      vertex 30.57 0 -7.59772
      vertex 30.2975 5 -8.62038
      vertex 30.57 5 -7.59772
    endloop
  endfacet
  facet normal 0.966284 0 -0.257478
    outer loop
      vertex 30.2975 5 -8.62038
      vertex 30.57 0 -7.59772
      vertex 30.2975 0 -8.62038
    endloop
  endfacet
  facet normal 0.95709 0 -0.28979
    outer loop
      vertex 30.2975 0 -8.62038
      vertex 29.9908 5 -9.63332
      vertex 30.2975 5 -8.62038
    endloop
  endfacet
  facet normal 0.95709 0 -0.28979
    outer loop
      vertex 29.9908 5 -9.63332
      vertex 30.2975 0 -8.62038
      vertex 29.9908 0 -9.63332
    endloop
  endfacet
  facet normal 0.946832 0 -0.321727
    outer loop
      vertex 29.9908 0 -9.63332
      vertex 29.6503 5 -10.6354
      vertex 29.9908 5 -9.63332
    endloop
  endfacet
  facet normal 0.946832 0 -0.321727
    outer loop
      vertex 29.6503 5 -10.6354
      vertex 29.9908 0 -9.63332
      vertex 29.6503 0 -10.6354
    endloop
  endfacet
  facet normal 0.935472 0 -0.353401
    outer loop
      vertex 29.6503 0 -10.6354
      vertex 29.2763 5 -11.6254
      vertex 29.6503 5 -10.6354
    endloop
  endfacet
  facet normal 0.935472 0 -0.353401
    outer loop
      vertex 29.2763 5 -11.6254
      vertex 29.6503 0 -10.6354
      vertex 29.2763 0 -11.6254
    endloop
  endfacet
  facet normal 0.923071 0 -0.384629
    outer loop
      vertex 29.2763 0 -11.6254
      vertex 28.8692 5 -12.6024
      vertex 29.2763 5 -11.6254
    endloop
  endfacet
  facet normal 0.923071 0 -0.384629
    outer loop
      vertex 28.8692 5 -12.6024
      vertex 29.2763 0 -11.6254
      vertex 28.8692 0 -12.6024
    endloop
  endfacet
  facet normal 0.909614 0 -0.415454
    outer loop
      vertex 28.8692 0 -12.6024
      vertex 28.4295 5 -13.5651
      vertex 28.8692 5 -12.6024
    endloop
  endfacet
  facet normal 0.909614 0 -0.415454
    outer loop
      vertex 28.4295 5 -13.5651
      vertex 28.8692 0 -12.6024
      vertex 28.4295 0 -13.5651
    endloop
  endfacet
  facet normal 0.895182 0 -0.445701
    outer loop
      vertex 28.4295 0 -13.5651
      vertex 27.9578 5 -14.5125
      vertex 28.4295 5 -13.5651
    endloop
  endfacet
  facet normal 0.895182 0 -0.445701
    outer loop
      vertex 27.9578 5 -14.5125
      vertex 28.4295 0 -13.5651
      vertex 27.9578 0 -14.5125
    endloop
  endfacet
  facet normal 0.879684 0 -0.475559
    outer loop
      vertex 27.9578 0 -14.5125
      vertex 27.4545 5 -15.4435
      vertex 27.9578 5 -14.5125
    endloop
  endfacet
  facet normal 0.879684 0 -0.475559
    outer loop
      vertex 27.4545 5 -15.4435
      vertex 27.9578 0 -14.5125
      vertex 27.4545 0 -15.4435
    endloop
  endfacet
  facet normal 0.863216 0 -0.504834
    outer loop
      vertex 27.4545 0 -15.4435
      vertex 26.9202 5 -16.3571
      vertex 27.4545 5 -15.4435
    endloop
  endfacet
  facet normal 0.863216 0 -0.504834
    outer loop
      vertex 26.9202 5 -16.3571
      vertex 27.4545 0 -15.4435
      vertex 26.9202 0 -16.3571
    endloop
  endfacet
  facet normal 0.845756 0 -0.53357
    outer loop
      vertex 26.9202 0 -16.3571
      vertex 26.3555 5 -17.2522
      vertex 26.9202 5 -16.3571
    endloop
  endfacet
  facet normal 0.845756 0 -0.53357
    outer loop
      vertex 26.3555 5 -17.2522
      vertex 26.9202 0 -16.3571
      vertex 26.3555 0 -17.2522
    endloop
  endfacet
  facet normal 0.827369 0 -0.561659
    outer loop
      vertex 26.3555 0 -17.2522
      vertex 25.7611 5 -18.1278
      vertex 26.3555 5 -17.2522
    endloop
  endfacet
  facet normal 0.827369 0 -0.561659
    outer loop
      vertex 25.7611 5 -18.1278
      vertex 26.3555 0 -17.2522
      vertex 25.7611 0 -18.1278
    endloop
  endfacet
  facet normal 0.808 0 -0.589182
    outer loop
      vertex 25.7611 0 -18.1278
      vertex 25.1375 5 -18.983
      vertex 25.7611 5 -18.1278
    endloop
  endfacet
  facet normal 0.808 0 -0.589182
    outer loop
      vertex 25.1375 5 -18.983
      vertex 25.7611 0 -18.1278
      vertex 25.1375 0 -18.983
    endloop
  endfacet
  facet normal 0.787762 0 -0.61598
    outer loop
      vertex 25.1375 0 -18.983
      vertex 24.4856 5 -19.8167
      vertex 25.1375 5 -18.983
    endloop
  endfacet
  facet normal 0.787762 0 -0.61598
    outer loop
      vertex 24.4856 5 -19.8167
      vertex 25.1375 0 -18.983
      vertex 24.4856 0 -19.8167
    endloop
  endfacet
  facet normal 0.76667 0 -0.642041
    outer loop
      vertex 24.4856 0 -19.8167
      vertex 23.8061 5 -20.6281
      vertex 24.4856 5 -19.8167
    endloop
  endfacet
  facet normal 0.76667 0 -0.642041
    outer loop
      vertex 23.8061 5 -20.6281
      vertex 24.4856 0 -19.8167
      vertex 23.8061 0 -20.6281
    endloop
  endfacet
  facet normal 0.74465 0 -0.667455
    outer loop
      vertex 23.8061 0 -20.6281
      vertex 23.0997 5 -21.4162
      vertex 23.8061 5 -20.6281
    endloop
  endfacet
  facet normal 0.74465 0 -0.667455
    outer loop
      vertex 23.0997 5 -21.4162
      vertex 23.8061 0 -20.6281
      vertex 23.0997 0 -21.4162
    endloop
  endfacet
  facet normal 0.721786 0 -0.692117
    outer loop
      vertex 23.0997 0 -21.4162
      vertex 22.3672 5 -22.1801
      vertex 23.0997 5 -21.4162
    endloop
  endfacet
  facet normal 0.721786 0 -0.692117
    outer loop
      vertex 22.3672 5 -22.1801
      vertex 23.0997 0 -21.4162
      vertex 22.3672 0 -22.1801
    endloop
  endfacet
  facet normal 0.698169 0 -0.715933
    outer loop
      vertex 21.6095 0 -22.919
      vertex 22.3672 5 -22.1801
      vertex 22.3672 0 -22.1801
    endloop
  endfacet
  facet normal 0.698169 0 -0.715933
    outer loop
      vertex 22.3672 5 -22.1801
      vertex 21.6095 0 -22.919
      vertex 21.6095 5 -22.919
    endloop
  endfacet
  facet normal 0.673707 0 -0.738999
    outer loop
      vertex 20.8274 0 -23.632
      vertex 21.6095 5 -22.919
      vertex 21.6095 0 -22.919
    endloop
  endfacet
  facet normal 0.673707 0 -0.738999
    outer loop
      vertex 21.6095 5 -22.919
      vertex 20.8274 0 -23.632
      vertex 20.8274 5 -23.632
    endloop
  endfacet
  facet normal 0.648446 0 -0.761261
    outer loop
      vertex 20.0217 0 -24.3183
      vertex 20.8274 5 -23.632
      vertex 20.8274 0 -23.632
    endloop
  endfacet
  facet normal 0.648446 0 -0.761261
    outer loop
      vertex 20.8274 5 -23.632
      vertex 20.0217 0 -24.3183
      vertex 20.0217 5 -24.3183
    endloop
  endfacet
  facet normal 0.622584 0 -0.782553
    outer loop
      vertex 19.1935 0 -24.9772
      vertex 20.0217 5 -24.3183
      vertex 20.0217 0 -24.3183
    endloop
  endfacet
  facet normal 0.622584 0 -0.782553
    outer loop
      vertex 20.0217 5 -24.3183
      vertex 19.1935 0 -24.9772
      vertex 19.1935 5 -24.9772
    endloop
  endfacet
  facet normal 0.595926 0 -0.80304
    outer loop
      vertex 18.3436 0 -25.6079
      vertex 19.1935 5 -24.9772
      vertex 19.1935 0 -24.9772
    endloop
  endfacet
  facet normal 0.595926 0 -0.80304
    outer loop
      vertex 19.1935 5 -24.9772
      vertex 18.3436 0 -25.6079
      vertex 18.3436 5 -25.6079
    endloop
  endfacet
  facet normal 0.56862 0 -0.8226
    outer loop
      vertex 17.473 0 -26.2097
      vertex 18.3436 5 -25.6079
      vertex 18.3436 0 -25.6079
    endloop
  endfacet
  facet normal 0.56862 0 -0.8226
    outer loop
      vertex 18.3436 5 -25.6079
      vertex 17.473 0 -26.2097
      vertex 17.473 5 -26.2097
    endloop
  endfacet
  facet normal 0.540557 0 -0.841307
    outer loop
      vertex 16.5826 0 -26.7818
      vertex 17.473 5 -26.2097
      vertex 17.473 0 -26.2097
    endloop
  endfacet
  facet normal 0.540557 0 -0.841307
    outer loop
      vertex 17.473 5 -26.2097
      vertex 16.5826 0 -26.7818
      vertex 16.5826 5 -26.7818
    endloop
  endfacet
  facet normal 0.512132 0 -0.858907
    outer loop
      vertex 15.6736 0 -27.3238
      vertex 16.5826 5 -26.7818
      vertex 16.5826 0 -26.7818
    endloop
  endfacet
  facet normal 0.512132 0 -0.858907
    outer loop
      vertex 16.5826 5 -26.7818
      vertex 15.6736 0 -27.3238
      vertex 15.6736 5 -27.3238
    endloop
  endfacet
  facet normal 0.482905 0 -0.875673
    outer loop
      vertex 14.7468 0 -27.8349
      vertex 15.6736 5 -27.3238
      vertex 15.6736 0 -27.3238
    endloop
  endfacet
  facet normal 0.482905 0 -0.875673
    outer loop
      vertex 15.6736 5 -27.3238
      vertex 14.7468 0 -27.8349
      vertex 14.7468 5 -27.8349
    endloop
  endfacet
  facet normal 0.45325 0 -0.891383
    outer loop
      vertex 13.8034 0 -28.3146
      vertex 14.7468 5 -27.8349
      vertex 14.7468 0 -27.8349
    endloop
  endfacet
  facet normal 0.45325 0 -0.891383
    outer loop
      vertex 14.7468 5 -27.8349
      vertex 13.8034 0 -28.3146
      vertex 13.8034 5 -28.3146
    endloop
  endfacet
  facet normal 0.423015 0 -0.906123
    outer loop
      vertex 12.8444 0 -28.7623
      vertex 13.8034 5 -28.3146
      vertex 13.8034 0 -28.3146
    endloop
  endfacet
  facet normal 0.423015 0 -0.906123
    outer loop
      vertex 13.8034 5 -28.3146
      vertex 12.8444 0 -28.7623
      vertex 12.8444 5 -28.7623
    endloop
  endfacet
  facet normal 0.392391 0 -0.919799
    outer loop
      vertex 11.8709 0 -29.1776
      vertex 12.8444 5 -28.7623
      vertex 12.8444 0 -28.7623
    endloop
  endfacet
  facet normal 0.392391 0 -0.919799
    outer loop
      vertex 12.8444 5 -28.7623
      vertex 11.8709 0 -29.1776
      vertex 11.8709 5 -29.1776
    endloop
  endfacet
  facet normal 0.361251 0 -0.932469
    outer loop
      vertex 10.8841 0 -29.5599
      vertex 11.8709 5 -29.1776
      vertex 11.8709 0 -29.1776
    endloop
  endfacet
  facet normal 0.361251 0 -0.932469
    outer loop
      vertex 11.8709 5 -29.1776
      vertex 10.8841 0 -29.5599
      vertex 10.8841 5 -29.5599
    endloop
  endfacet
  facet normal 0.32966 0 -0.9441
    outer loop
      vertex 9.8849 0 -29.9088
      vertex 10.8841 5 -29.5599
      vertex 10.8841 0 -29.5599
    endloop
  endfacet
  facet normal 0.32966 0 -0.9441
    outer loop
      vertex 10.8841 5 -29.5599
      vertex 9.8849 0 -29.9088
      vertex 9.8849 5 -29.9088
    endloop
  endfacet
  facet normal 0.297823 0 -0.954621
    outer loop
      vertex 8.87458 0 -30.224
      vertex 9.8849 5 -29.9088
      vertex 9.8849 0 -29.9088
    endloop
  endfacet
  facet normal 0.297823 0 -0.954621
    outer loop
      vertex 9.8849 5 -29.9088
      vertex 8.87458 0 -30.224
      vertex 8.87458 5 -30.224
    endloop
  endfacet
  facet normal 0.265599 0 -0.964084
    outer loop
      vertex 7.85423 0 -30.5051
      vertex 8.87458 5 -30.224
      vertex 8.87458 0 -30.224
    endloop
  endfacet
  facet normal 0.265599 0 -0.964084
    outer loop
      vertex 8.87458 5 -30.224
      vertex 7.85423 0 -30.5051
      vertex 7.85423 5 -30.5051
    endloop
  endfacet
  facet normal 0.233006 0 -0.972475
    outer loop
      vertex 6.82502 0 -30.7517
      vertex 7.85423 5 -30.5051
      vertex 7.85423 0 -30.5051
    endloop
  endfacet
  facet normal 0.233006 0 -0.972475
    outer loop
      vertex 7.85423 5 -30.5051
      vertex 6.82502 0 -30.7517
      vertex 6.82502 5 -30.7517
    endloop
  endfacet
  facet normal 0.20031 0 -0.979733
    outer loop
      vertex 5.78811 0 -30.9637
      vertex 6.82502 5 -30.7517
      vertex 6.82502 0 -30.7517
    endloop
  endfacet
  facet normal 0.20031 0 -0.979733
    outer loop
      vertex 6.82502 5 -30.7517
      vertex 5.78811 0 -30.9637
      vertex 5.78811 5 -30.9637
    endloop
  endfacet
  facet normal 0.167149 0 -0.985932
    outer loop
      vertex 4.74466 0 -31.1406
      vertex 5.78811 5 -30.9637
      vertex 5.78811 0 -30.9637
    endloop
  endfacet
  facet normal 0.167149 0 -0.985932
    outer loop
      vertex 5.78811 5 -30.9637
      vertex 4.74466 0 -31.1406
      vertex 4.74466 5 -31.1406
    endloop
  endfacet
  facet normal 0.133983 0 -0.990984
    outer loop
      vertex 3.69586 0 -31.2824
      vertex 4.74466 5 -31.1406
      vertex 4.74466 0 -31.1406
    endloop
  endfacet
  facet normal 0.133983 0 -0.990984
    outer loop
      vertex 4.74466 5 -31.1406
      vertex 3.69586 0 -31.2824
      vertex 3.69586 5 -31.2824
    endloop
  endfacet
  facet normal 0.100628 0 -0.994924
    outer loop
      vertex 2.64288 0 -31.3889
      vertex 3.69586 5 -31.2824
      vertex 3.69586 0 -31.2824
    endloop
  endfacet
  facet normal 0.100628 0 -0.994924
    outer loop
      vertex 3.69586 5 -31.2824
      vertex 2.64288 0 -31.3889
      vertex 2.64288 5 -31.3889
    endloop
  endfacet
  facet normal 0.06718 0 -0.997741
    outer loop
      vertex 1.58692 0 -31.46
      vertex 2.64288 5 -31.3889
      vertex 2.64288 0 -31.3889
    endloop
  endfacet
  facet normal 0.06718 0 -0.997741
    outer loop
      vertex 2.64288 5 -31.3889
      vertex 1.58692 0 -31.46
      vertex 1.58692 5 -31.46
    endloop
  endfacet
  facet normal 0.0336374 0 -0.999434
    outer loop
      vertex 0.529174 0 -31.4956
      vertex 1.58692 5 -31.46
      vertex 1.58692 0 -31.46
    endloop
  endfacet
  facet normal 0.0336374 0 -0.999434
    outer loop
      vertex 1.58692 5 -31.46
      vertex 0.529174 0 -31.4956
      vertex 0.529174 5 -31.4956
    endloop
  endfacet
  facet normal 0 0 -1
    outer loop
      vertex -0.529174 0 -31.4956
      vertex 0.529174 5 -31.4956
      vertex 0.529174 0 -31.4956
    endloop
  endfacet
  facet normal -0 0 -1
    outer loop
      vertex 0.529174 5 -31.4956
      vertex -0.529174 0 -31.4956
      vertex -0.529174 5 -31.4956
    endloop
  endfacet
  facet normal -0.0336374 0 -0.999434
    outer loop
      vertex -1.58692 0 -31.46
      vertex -0.529174 5 -31.4956
      vertex -0.529174 0 -31.4956
    endloop
  endfacet
  facet normal -0.0336374 0 -0.999434
    outer loop
      vertex -0.529174 5 -31.4956
      vertex -1.58692 0 -31.46
      vertex -1.58692 5 -31.46
    endloop
  endfacet
  facet normal -0.06718 0 -0.997741
    outer loop
      vertex -2.64288 0 -31.3889
      vertex -1.58692 5 -31.46
      vertex -1.58692 0 -31.46
    endloop
  endfacet
  facet normal -0.06718 0 -0.997741
    outer loop
      vertex -1.58692 5 -31.46
      vertex -2.64288 0 -31.3889
      vertex -2.64288 5 -31.3889
    endloop
  endfacet
  facet normal -0.100628 0 -0.994924
    outer loop
      vertex -3.69586 0 -31.2824
      vertex -2.64288 5 -31.3889
      vertex -2.64288 0 -31.3889
    endloop
  endfacet
  facet normal -0.100628 0 -0.994924
    outer loop
      vertex -2.64288 5 -31.3889
      vertex -3.69586 0 -31.2824
      vertex -3.69586 5 -31.2824
    endloop
  endfacet
  facet normal -0.133983 0 -0.990984
    outer loop
      vertex -4.74466 0 -31.1406
      vertex -3.69586 5 -31.2824
      vertex -3.69586 0 -31.2824
    endloop
  endfacet
  facet normal -0.133983 0 -0.990984
    outer loop
      vertex -3.69586 5 -31.2824
      vertex -4.74466 0 -31.1406
      vertex -4.74466 5 -31.1406
    endloop
  endfacet
  facet normal -0.167149 0 -0.985932
    outer loop
      vertex -5.78811 0 -30.9637
      vertex -4.74466 5 -31.1406
      vertex -4.74466 0 -31.1406
    endloop
  endfacet
  facet normal -0.167149 0 -0.985932
    outer loop
      vertex -4.74466 5 -31.1406
      vertex -5.78811 0 -30.9637
      vertex -5.78811 5 -30.9637
    endloop
  endfacet
  facet normal -0.20031 0 -0.979733
    outer loop
      vertex -6.82502 0 -30.7517
      vertex -5.78811 5 -30.9637
      vertex -5.78811 0 -30.9637
    endloop
  endfacet
  facet normal -0.20031 0 -0.979733
    outer loop
      vertex -5.78811 5 -30.9637
      vertex -6.82502 0 -30.7517
      vertex -6.82502 5 -30.7517
    endloop
  endfacet
  facet normal -0.233006 0 -0.972475
    outer loop
      vertex -7.85423 0 -30.5051
      vertex -6.82502 5 -30.7517
      vertex -6.82502 0 -30.7517
    endloop
  endfacet
  facet normal -0.233006 0 -0.972475
    outer loop
      vertex -6.82502 5 -30.7517
      vertex -7.85423 0 -30.5051
      vertex -7.85423 5 -30.5051
    endloop
  endfacet
  facet normal -0.265599 0 -0.964084
    outer loop
      vertex -8.87458 0 -30.224
      vertex -7.85423 5 -30.5051
      vertex -7.85423 0 -30.5051
    endloop
  endfacet
  facet normal -0.265599 0 -0.964084
    outer loop
      vertex -7.85423 5 -30.5051
      vertex -8.87458 0 -30.224
      vertex -8.87458 5 -30.224
    endloop
  endfacet
  facet normal -0.297823 0 -0.954621
    outer loop
      vertex -9.8849 0 -29.9088
      vertex -8.87458 5 -30.224
      vertex -8.87458 0 -30.224
    endloop
  endfacet
  facet normal -0.297823 0 -0.954621
    outer loop
      vertex -8.87458 5 -30.224
      vertex -9.8849 0 -29.9088
      vertex -9.8849 5 -29.9088
    endloop
  endfacet
  facet normal -0.32966 0 -0.9441
    outer loop
      vertex -10.8841 0 -29.5599
      vertex -9.8849 5 -29.9088
      vertex -9.8849 0 -29.9088
    endloop
  endfacet
  facet normal -0.32966 0 -0.9441
    outer loop
      vertex -9.8849 5 -29.9088
      vertex -10.8841 0 -29.5599
      vertex -10.8841 5 -29.5599
    endloop
  endfacet
  facet normal -0.361251 0 -0.932469
    outer loop
      vertex -11.8709 0 -29.1776
      vertex -10.8841 5 -29.5599
      vertex -10.8841 0 -29.5599
    endloop
  endfacet
  facet normal -0.361251 0 -0.932469
    outer loop
      vertex -10.8841 5 -29.5599
      vertex -11.8709 0 -29.1776
      vertex -11.8709 5 -29.1776
    endloop
  endfacet
  facet normal -0.392391 0 -0.919799
    outer loop
      vertex -12.8444 0 -28.7623
      vertex -11.8709 5 -29.1776
      vertex -11.8709 0 -29.1776
    endloop
  endfacet
  facet normal -0.392391 0 -0.919799
    outer loop
      vertex -11.8709 5 -29.1776
      vertex -12.8444 0 -28.7623
      vertex -12.8444 5 -28.7623
    endloop
  endfacet
  facet normal -0.423015 0 -0.906123
    outer loop
      vertex -13.8034 0 -28.3146
      vertex -12.8444 5 -28.7623
      vertex -12.8444 0 -28.7623
    endloop
  endfacet
  facet normal -0.423015 0 -0.906123
    outer loop
      vertex -12.8444 5 -28.7623
      vertex -13.8034 0 -28.3146
      vertex -13.8034 5 -28.3146
    endloop
  endfacet
  facet normal -0.45325 0 -0.891383
    outer loop
      vertex -14.7468 0 -27.8349
      vertex -13.8034 5 -28.3146
      vertex -13.8034 0 -28.3146
    endloop
  endfacet
  facet normal -0.45325 0 -0.891383
    outer loop
      vertex -13.8034 5 -28.3146
      vertex -14.7468 0 -27.8349
      vertex -14.7468 5 -27.8349
    endloop
  endfacet
  facet normal -0.482905 0 -0.875673
    outer loop
      vertex -15.6736 0 -27.3238
      vertex -14.7468 5 -27.8349
      vertex -14.7468 0 -27.8349
    endloop
  endfacet
  facet normal -0.482905 0 -0.875673
    outer loop
      vertex -14.7468 5 -27.8349
      vertex -15.6736 0 -27.3238
      vertex -15.6736 5 -27.3238
    endloop
  endfacet
  facet normal -0.512132 0 -0.858907
    outer loop
      vertex -16.5826 0 -26.7818
      vertex -15.6736 5 -27.3238
      vertex -15.6736 0 -27.3238
    endloop
  endfacet
  facet normal -0.512132 0 -0.858907
    outer loop
      vertex -15.6736 5 -27.3238
      vertex -16.5826 0 -26.7818
      vertex -16.5826 5 -26.7818
    endloop
  endfacet
  facet normal -0.540557 0 -0.841307
    outer loop
      vertex -17.473 0 -26.2097
      vertex -16.5826 5 -26.7818
      vertex -16.5826 0 -26.7818
    endloop
  endfacet
  facet normal -0.540557 0 -0.841307
    outer loop
      vertex -16.5826 5 -26.7818
      vertex -17.473 0 -26.2097
      vertex -17.473 5 -26.2097
    endloop
  endfacet
  facet normal -0.56862 0 -0.8226
    outer loop
      vertex -18.3436 0 -25.6079
      vertex -17.473 5 -26.2097
      vertex -17.473 0 -26.2097
    endloop
  endfacet
  facet normal -0.56862 0 -0.8226
    outer loop
      vertex -17.473 5 -26.2097
      vertex -18.3436 0 -25.6079
      vertex -18.3436 5 -25.6079
    endloop
  endfacet
  facet normal -0.595926 0 -0.80304
    outer loop
      vertex -19.1935 0 -24.9772
      vertex -18.3436 5 -25.6079
      vertex -18.3436 0 -25.6079
    endloop
  endfacet
  facet normal -0.595926 0 -0.80304
    outer loop
      vertex -18.3436 5 -25.6079
      vertex -19.1935 0 -24.9772
      vertex -19.1935 5 -24.9772
    endloop
  endfacet
  facet normal -0.622584 0 -0.782553
    outer loop
      vertex -20.0217 0 -24.3183
      vertex -19.1935 5 -24.9772
      vertex -19.1935 0 -24.9772
    endloop
  endfacet
  facet normal -0.622584 0 -0.782553
    outer loop
      vertex -19.1935 5 -24.9772
      vertex -20.0217 0 -24.3183
      vertex -20.0217 5 -24.3183
    endloop
  endfacet
  facet normal -0.648446 0 -0.761261
    outer loop
      vertex -20.8274 0 -23.632
      vertex -20.0217 5 -24.3183
      vertex -20.0217 0 -24.3183
    endloop
  endfacet
  facet normal -0.648446 0 -0.761261
    outer loop
      vertex -20.0217 5 -24.3183
      vertex -20.8274 0 -23.632
      vertex -20.8274 5 -23.632
    endloop
  endfacet
  facet normal -0.673707 0 -0.738999
    outer loop
      vertex -21.6095 0 -22.919
      vertex -20.8274 5 -23.632
      vertex -20.8274 0 -23.632
    endloop
  endfacet
  facet normal -0.673707 0 -0.738999
    outer loop
      vertex -20.8274 5 -23.632
      vertex -21.6095 0 -22.919
      vertex -21.6095 5 -22.919
    endloop
  endfacet
  facet normal -0.698169 0 -0.715933
    outer loop
      vertex -22.3672 0 -22.1801
      vertex -21.6095 5 -22.919
      vertex -21.6095 0 -22.919
    endloop
  endfacet
  facet normal -0.698169 0 -0.715933
    outer loop
      vertex -21.6095 5 -22.919
      vertex -22.3672 0 -22.1801
      vertex -22.3672 5 -22.1801
    endloop
  endfacet
  facet normal -0.721786 0 -0.692117
    outer loop
      vertex -22.3672 0 -22.1801
      vertex -23.0997 5 -21.4162
      vertex -22.3672 5 -22.1801
    endloop
  endfacet
  facet normal -0.721786 -0 -0.692117
    outer loop
      vertex -23.0997 5 -21.4162
      vertex -22.3672 0 -22.1801
      vertex -23.0997 0 -21.4162
    endloop
  endfacet
  facet normal -0.74465 0 -0.667455
    outer loop
      vertex -23.0997 0 -21.4162
      vertex -23.8061 5 -20.6281
      vertex -23.0997 5 -21.4162
    endloop
  endfacet
  facet normal -0.74465 -0 -0.667455
    outer loop
      vertex -23.8061 5 -20.6281
      vertex -23.0997 0 -21.4162
      vertex -23.8061 0 -20.6281
    endloop
  endfacet
  facet normal -0.76667 0 -0.642041
    outer loop
      vertex -23.8061 0 -20.6281
      vertex -24.4856 5 -19.8167
      vertex -23.8061 5 -20.6281
    endloop
  endfacet
  facet normal -0.76667 -0 -0.642041
    outer loop
      vertex -24.4856 5 -19.8167
      vertex -23.8061 0 -20.6281
      vertex -24.4856 0 -19.8167
    endloop
  endfacet
  facet normal -0.787762 0 -0.61598
    outer loop
      vertex -24.4856 0 -19.8167
      vertex -25.1375 5 -18.983
      vertex -24.4856 5 -19.8167
    endloop
  endfacet
  facet normal -0.787762 -0 -0.61598
    outer loop
      vertex -25.1375 5 -18.983
      vertex -24.4856 0 -19.8167
      vertex -25.1375 0 -18.983
    endloop
  endfacet
  facet normal -0.808 0 -0.589182
    outer loop
      vertex -25.1375 0 -18.983
      vertex -25.7611 5 -18.1278
      vertex -25.1375 5 -18.983
    endloop
  endfacet
  facet normal -0.808 -0 -0.589182
    outer loop
      vertex -25.7611 5 -18.1278
      vertex -25.1375 0 -18.983
      vertex -25.7611 0 -18.1278
    endloop
  endfacet
  facet normal -0.827369 0 -0.561659
    outer loop
      vertex -25.7611 0 -18.1278
      vertex -26.3555 5 -17.2522
      vertex -25.7611 5 -18.1278
    endloop
  endfacet
  facet normal -0.827369 -0 -0.561659
    outer loop
      vertex -26.3555 5 -17.2522
      vertex -25.7611 0 -18.1278
      vertex -26.3555 0 -17.2522
    endloop
  endfacet
  facet normal -0.845756 0 -0.53357
    outer loop
      vertex -26.3555 0 -17.2522
      vertex -26.9202 5 -16.3571
      vertex -26.3555 5 -17.2522
    endloop
  endfacet
  facet normal -0.845756 -0 -0.53357
    outer loop
      vertex -26.9202 5 -16.3571
      vertex -26.3555 0 -17.2522
      vertex -26.9202 0 -16.3571
    endloop
  endfacet
  facet normal -0.863216 0 -0.504834
    outer loop
      vertex -26.9202 0 -16.3571
      vertex -27.4545 5 -15.4435
      vertex -26.9202 5 -16.3571
    endloop
  endfacet
  facet normal -0.863216 -0 -0.504834
    outer loop
      vertex -27.4545 5 -15.4435
      vertex -26.9202 0 -16.3571
      vertex -27.4545 0 -15.4435
    endloop
  endfacet
  facet normal -0.879684 0 -0.475559
    outer loop
      vertex -27.4545 0 -15.4435
      vertex -27.9578 5 -14.5125
      vertex -27.4545 5 -15.4435
    endloop
  endfacet
  facet normal -0.879684 -0 -0.475559
    outer loop
      vertex -27.9578 5 -14.5125
      vertex -27.4545 0 -15.4435
      vertex -27.9578 0 -14.5125
    endloop
  endfacet
  facet normal -0.895182 0 -0.445701
    outer loop
      vertex -27.9578 0 -14.5125
      vertex -28.4295 5 -13.5651
      vertex -27.9578 5 -14.5125
    endloop
  endfacet
  facet normal -0.895182 -0 -0.445701
    outer loop
      vertex -28.4295 5 -13.5651
      vertex -27.9578 0 -14.5125
      vertex -28.4295 0 -13.5651
    endloop
  endfacet
  facet normal -0.909614 0 -0.415454
    outer loop
      vertex -28.4295 0 -13.5651
      vertex -28.8692 5 -12.6024
      vertex -28.4295 5 -13.5651
    endloop
  endfacet
  facet normal -0.909614 -0 -0.415454
    outer loop
      vertex -28.8692 5 -12.6024
      vertex -28.4295 0 -13.5651
      vertex -28.8692 0 -12.6024
    endloop
  endfacet
  facet normal -0.923071 0 -0.384629
    outer loop
      vertex -28.8692 0 -12.6024
      vertex -29.2763 5 -11.6254
      vertex -28.8692 5 -12.6024
    endloop
  endfacet
  facet normal -0.923071 -0 -0.384629
    outer loop
      vertex -29.2763 5 -11.6254
      vertex -28.8692 0 -12.6024
      vertex -29.2763 0 -11.6254
    endloop
  endfacet
  facet normal -0.935472 0 -0.353401
    outer loop
      vertex -29.2763 0 -11.6254
      vertex -29.6503 5 -10.6354
      vertex -29.2763 5 -11.6254
    endloop
  endfacet
  facet normal -0.935472 -0 -0.353401
    outer loop
      vertex -29.6503 5 -10.6354
      vertex -29.2763 0 -11.6254
      vertex -29.6503 0 -10.6354
    endloop
  endfacet
  facet normal -0.946832 0 -0.321727
    outer loop
      vertex -29.6503 0 -10.6354
      vertex -29.9908 5 -9.63332
      vertex -29.6503 5 -10.6354
    endloop
  endfacet
  facet normal -0.946832 -0 -0.321727
    outer loop
      vertex -29.9908 5 -9.63332
      vertex -29.6503 0 -10.6354
      vertex -29.9908 0 -9.63332
    endloop
  endfacet
  facet normal -0.95709 0 -0.28979
    outer loop
      vertex -29.9908 0 -9.63332
      vertex -30.2975 5 -8.62038
      vertex -29.9908 5 -9.63332
    endloop
  endfacet
  facet normal -0.95709 -0 -0.28979
    outer loop
      vertex -30.2975 5 -8.62038
      vertex -29.9908 0 -9.63332
      vertex -30.2975 0 -8.62038
    endloop
  endfacet
  facet normal -0.966284 0 -0.257478
    outer loop
      vertex -30.2975 0 -8.62038
      vertex -30.57 5 -7.59772
      vertex -30.2975 5 -8.62038
    endloop
  endfacet
  facet normal -0.966284 -0 -0.257478
    outer loop
      vertex -30.57 5 -7.59772
      vertex -30.2975 0 -8.62038
      vertex -30.57 0 -7.59772
    endloop
  endfacet
  facet normal -0.974387 0 -0.224877
    outer loop
      vertex -30.57 0 -7.59772
      vertex -30.808 5 -6.56647
      vertex -30.57 5 -7.59772
    endloop
  endfacet
  facet normal -0.974387 -0 -0.224877
    outer loop
      vertex -30.808 5 -6.56647
      vertex -30.57 0 -7.59772
      vertex -30.808 0 -6.56647
    endloop
  endfacet
  facet normal -0.981396 0 -0.191997
    outer loop
      vertex -30.808 0 -6.56647
      vertex -31.0112 5 -5.52781
      vertex -30.808 5 -6.56647
    endloop
  endfacet
  facet normal -0.981396 -0 -0.191997
    outer loop
      vertex -31.0112 5 -5.52781
      vertex -30.808 0 -6.56647
      vertex -31.0112 0 -5.52781
    endloop
  endfacet
  facet normal -0.98729 0 -0.158928
    outer loop
      vertex -31.0112 0 -5.52781
      vertex -31.1794 5 -4.48292
      vertex -31.0112 5 -5.52781
    endloop
  endfacet
  facet normal -0.98729 -0 -0.158928
    outer loop
      vertex -31.1794 5 -4.48292
      vertex -31.0112 0 -5.52781
      vertex -31.1794 0 -4.48292
    endloop
  endfacet
  facet normal -0.992072 0 -0.125667
    outer loop
      vertex -31.1794 0 -4.48292
      vertex -31.3124 5 -3.43296
      vertex -31.1794 5 -4.48292
    endloop
  endfacet
  facet normal -0.992072 -0 -0.125667
    outer loop
      vertex -31.3124 5 -3.43296
      vertex -31.1794 0 -4.48292
      vertex -31.3124 0 -3.43296
    endloop
  endfacet
  facet normal -0.995739 0 -0.0922199
    outer loop
      vertex -31.3124 0 -3.43296
      vertex -31.41 5 -2.37913
      vertex -31.3124 5 -3.43296
    endloop
  endfacet
  facet normal -0.995739 -0 -0.0922199
    outer loop
      vertex -31.41 5 -2.37913
      vertex -31.3124 0 -3.43296
      vertex -31.41 0 -2.37913
    endloop
  endfacet
  facet normal -0.998272 0 -0.0587708
    outer loop
      vertex -31.41 0 -2.37913
      vertex -31.4722 5 -1.32261
      vertex -31.41 5 -2.37913
    endloop
  endfacet
  facet normal -0.998272 -0 -0.0587708
    outer loop
      vertex -31.4722 5 -1.32261
      vertex -31.41 0 -2.37913
      vertex -31.4722 0 -1.32261
    endloop
  endfacet
  facet normal -0.999682 0 -0.0252279
    outer loop
      vertex -31.4722 0 -1.32261
      vertex -31.4989 5 -0.264596
      vertex -31.4722 5 -1.32261
    endloop
  endfacet
  facet normal -0.999682 -0 -0.0252279
    outer loop
      vertex -31.4989 5 -0.264596
      vertex -31.4722 0 -1.32261
      vertex -31.4989 0 -0.264596
    endloop
  endfacet
  facet normal -0.999965 0 0.00840934
    outer loop
      vertex -31.4989 0 -0.264596
      vertex -31.49 5 0.793714
      vertex -31.4989 5 -0.264596
    endloop
  endfacet
  facet normal -0.999965 0 0.00840934
    outer loop
      vertex -31.49 5 0.793714
      vertex -31.4989 0 -0.264596
      vertex -31.49 0 0.793714
    endloop
  endfacet
  facet normal -0.99912 0 0.0419522
    outer loop
      vertex -31.49 0 0.793714
      vertex -31.4456 5 1.85113
      vertex -31.49 5 0.793714
    endloop
  endfacet
  facet normal -0.99912 0 0.0419522
    outer loop
      vertex -31.4456 5 1.85113
      vertex -31.49 0 0.793714
      vertex -31.4456 0 1.85113
    endloop
  endfacet
  facet normal -0.997139 0 0.0755895
    outer loop
      vertex -31.4456 0 1.85113
      vertex -31.3656 5 2.90645
      vertex -31.4456 5 1.85113
    endloop
  endfacet
  facet normal -0.997139 0 0.0755895
    outer loop
      vertex -31.3656 5 2.90645
      vertex -31.4456 0 1.85113
      vertex -31.3656 0 2.90645
    endloop
  endfacet
  facet normal -0.994048 0 0.108943
    outer loop
      vertex -31.3656 0 2.90645
      vertex -31.2503 5 3.9585
      vertex -31.3656 5 2.90645
    endloop
  endfacet
  facet normal -0.994048 0 0.108943
    outer loop
      vertex -31.2503 5 3.9585
      vertex -31.3656 0 2.90645
      vertex -31.2503 0 3.9585
    endloop
  endfacet
  facet normal -0.989824 0 0.142298
    outer loop
      vertex -31.2503 0 3.9585
      vertex -31.0997 5 5.00607
      vertex -31.2503 5 3.9585
    endloop
  endfacet
  facet normal -0.989824 0 0.142298
    outer loop
      vertex -31.0997 5 5.00607
      vertex -31.2503 0 3.9585
      vertex -31.0997 0 5.00607
    endloop
  endfacet
  facet normal -0.98447 0 0.175554
    outer loop
      vertex -31.0997 0 5.00607
      vertex -30.9139 5 6.048
      vertex -31.0997 5 5.00607
    endloop
  endfacet
  facet normal -0.98447 0 0.175554
    outer loop
      vertex -30.9139 5 6.048
      vertex -31.0997 0 5.00607
      vertex -30.9139 0 6.048
    endloop
  endfacet
  facet normal -0.978035 0 0.20844
    outer loop
      vertex -30.9139 0 6.048
      vertex -30.6933 5 7.08309
      vertex -30.9139 5 6.048
    endloop
  endfacet
  facet normal -0.978035 0 0.20844
    outer loop
      vertex -30.6933 5 7.08309
      vertex -30.9139 0 6.048
      vertex -30.6933 0 7.08309
    endloop
  endfacet
  facet normal -0.97047 0 0.241221
    outer loop
      vertex -30.6933 0 7.08309
      vertex -30.438 5 8.1102
      vertex -30.6933 5 7.08309
    endloop
  endfacet
  facet normal -0.97047 0 0.241221
    outer loop
      vertex -30.438 5 8.1102
      vertex -30.6933 0 7.08309
      vertex -30.438 0 8.1102
    endloop
  endfacet
  facet normal -0.961833 0 0.273638
    outer loop
      vertex -30.438 0 8.1102
      vertex -30.1484 5 9.12814
      vertex -30.438 5 8.1102
    endloop
  endfacet
  facet normal -0.961833 0 0.273638
    outer loop
      vertex -30.1484 5 9.12814
      vertex -30.438 0 8.1102
      vertex -30.1484 0 9.12814
    endloop
  endfacet
  facet normal -0.952109 0 0.30576
    outer loop
      vertex -30.1484 0 9.12814
      vertex -29.8248 5 10.1358
      vertex -30.1484 5 9.12814
    endloop
  endfacet
  facet normal -0.952109 0 0.30576
    outer loop
      vertex -29.8248 5 10.1358
      vertex -30.1484 0 9.12814
      vertex -29.8248 0 10.1358
    endloop
  endfacet
  facet normal -0.941258 0 0.337689
    outer loop
      vertex -29.8248 0 10.1358
      vertex -29.4674 5 11.132
      vertex -29.8248 5 10.1358
    endloop
  endfacet
  facet normal -0.941258 0 0.337689
    outer loop
      vertex -29.4674 5 11.132
      vertex -29.8248 0 10.1358
      vertex -29.4674 0 11.132
    endloop
  endfacet
  facet normal -0.929399 0 0.369076
    outer loop
      vertex -29.4674 0 11.132
      vertex -29.0768 5 12.1156
      vertex -29.4674 5 11.132
    endloop
  endfacet
  facet normal -0.929399 0 0.369076
    outer loop
      vertex -29.0768 5 12.1156
      vertex -29.4674 0 11.132
      vertex -29.0768 0 12.1156
    endloop
  endfacet
  facet normal -0.916495 0 0.400045
    outer loop
      vertex -29.0768 0 12.1156
      vertex -28.6534 5 13.0856
      vertex -29.0768 5 12.1156
    endloop
  endfacet
  facet normal -0.916495 0 0.400045
    outer loop
      vertex -28.6534 5 13.0856
      vertex -29.0768 0 12.1156
      vertex -28.6534 0 13.0856
    endloop
  endfacet
  facet normal -0.902514 0 0.43066
    outer loop
      vertex -28.6534 0 13.0856
      vertex -28.1976 5 14.0408
      vertex -28.6534 5 13.0856
    endloop
  endfacet
  facet normal -0.902514 0 0.43066
    outer loop
      vertex -28.1976 5 14.0408
      vertex -28.6534 0 13.0856
      vertex -28.1976 0 14.0408
    endloop
  endfacet
  facet normal -0.88754 0 0.460731
    outer loop
      vertex -28.1976 0 14.0408
      vertex -27.71 5 14.9801
      vertex -28.1976 5 14.0408
    endloop
  endfacet
  facet normal -0.88754 0 0.460731
    outer loop
      vertex -27.71 5 14.9801
      vertex -28.1976 0 14.0408
      vertex -27.71 0 14.9801
    endloop
  endfacet
  facet normal -0.871596 0 0.490225
    outer loop
      vertex -27.71 0 14.9801
      vertex -27.1912 5 15.9025
      vertex -27.71 5 14.9801
    endloop
  endfacet
  facet normal -0.871596 0 0.490225
    outer loop
      vertex -27.1912 5 15.9025
      vertex -27.71 0 14.9801
      vertex -27.1912 0 15.9025
    endloop
  endfacet
  facet normal -0.854603 0 0.519281
    outer loop
      vertex -27.1912 0 15.9025
      vertex -26.6416 5 16.807
      vertex -27.1912 5 15.9025
    endloop
  endfacet
  facet normal -0.854603 0 0.519281
    outer loop
      vertex -26.6416 5 16.807
      vertex -27.1912 0 15.9025
      vertex -26.6416 0 16.807
    endloop
  endfacet
  facet normal -0.836702 0 0.547659
    outer loop
      vertex -26.6416 0 16.807
      vertex -26.062 5 17.6925
      vertex -26.6416 5 16.807
    endloop
  endfacet
  facet normal -0.836702 0 0.547659
    outer loop
      vertex -26.062 5 17.6925
      vertex -26.6416 0 16.807
      vertex -26.062 0 17.6925
    endloop
  endfacet
  facet normal -0.817787 0 0.575521
    outer loop
      vertex -26.062 0 17.6925
      vertex -25.4529 5 18.558
      vertex -26.062 5 17.6925
    endloop
  endfacet
  facet normal -0.817787 0 0.575521
    outer loop
      vertex -25.4529 5 18.558
      vertex -26.062 0 17.6925
      vertex -25.4529 0 18.558
    endloop
  endfacet
  facet normal -0.798023 0 0.602627
    outer loop
      vertex -25.4529 0 18.558
      vertex -24.8151 5 19.4026
      vertex -25.4529 5 18.558
    endloop
  endfacet
  facet normal -0.798023 0 0.602627
    outer loop
      vertex -24.8151 5 19.4026
      vertex -25.4529 0 18.558
      vertex -24.8151 0 19.4026
    endloop
  endfacet
  facet normal -0.777335 0 0.629087
    outer loop
      vertex -24.8151 0 19.4026
      vertex -24.1493 5 20.2253
      vertex -24.8151 5 19.4026
    endloop
  endfacet
  facet normal -0.777335 0 0.629087
    outer loop
      vertex -24.1493 5 20.2253
      vertex -24.8151 0 19.4026
      vertex -24.1493 0 20.2253
    endloop
  endfacet
  facet normal -0.755717 0 0.654898
    outer loop
      vertex -24.1493 0 20.2253
      vertex -23.4562 5 21.0251
      vertex -24.1493 5 20.2253
    endloop
  endfacet
  facet normal -0.755717 0 0.654898
    outer loop
      vertex -23.4562 5 21.0251
      vertex -24.1493 0 20.2253
      vertex -23.4562 0 21.0251
    endloop
  endfacet
  facet normal -0.733342 0 0.67986
    outer loop
      vertex -23.4562 0 21.0251
      vertex -22.7367 5 21.8012
      vertex -23.4562 5 21.0251
    endloop
  endfacet
  facet normal -0.733342 0 0.67986
    outer loop
      vertex -22.7367 5 21.8012
      vertex -23.4562 0 21.0251
      vertex -22.7367 0 21.8012
    endloop
  endfacet
  facet normal -0.710077 0 0.704124
    outer loop
      vertex -22.7367 0 21.8012
      vertex -21.9915 5 22.5527
      vertex -22.7367 5 21.8012
    endloop
  endfacet
  facet normal -0.710077 0 0.704124
    outer loop
      vertex -21.9915 5 22.5527
      vertex -22.7367 0 21.8012
      vertex -21.9915 0 22.5527
    endloop
  endfacet
  facet normal -0.686016 0 0.727587
    outer loop
      vertex -21.9915 5 22.5527
      vertex -21.2214 0 23.2788
      vertex -21.2214 5 23.2788
    endloop
  endfacet
  facet normal -0.686016 0 0.727587
    outer loop
      vertex -21.2214 0 23.2788
      vertex -21.9915 5 22.5527
      vertex -21.9915 0 22.5527
    endloop
  endfacet
  facet normal -0.66115 0 0.750254
    outer loop
      vertex -21.2214 5 23.2788
      vertex -20.4274 0 23.9785
      vertex -20.4274 5 23.9785
    endloop
  endfacet
  facet normal -0.66115 0 0.750254
    outer loop
      vertex -20.4274 0 23.9785
      vertex -21.2214 5 23.2788
      vertex -21.2214 0 23.2788
    endloop
  endfacet
  facet normal -0.635638 0 0.771988
    outer loop
      vertex -20.4274 5 23.9785
      vertex -19.6104 0 24.6512
      vertex -19.6104 5 24.6512
    endloop
  endfacet
  facet normal -0.635638 0 0.771988
    outer loop
      vertex -19.6104 0 24.6512
      vertex -20.4274 5 23.9785
      vertex -20.4274 0 23.9785
    endloop
  endfacet
  facet normal -0.609332 0 0.792915
    outer loop
      vertex -19.6104 5 24.6512
      vertex -18.7712 0 25.2961
      vertex -18.7712 5 25.2961
    endloop
  endfacet
  facet normal -0.609332 0 0.792915
    outer loop
      vertex -18.7712 0 25.2961
      vertex -19.6104 5 24.6512
      vertex -19.6104 0 24.6512
    endloop
  endfacet
  facet normal -0.582319 0 0.81296
    outer loop
      vertex -18.7712 5 25.2961
      vertex -17.9108 0 25.9124
      vertex -17.9108 5 25.9124
    endloop
  endfacet
  facet normal -0.582319 0 0.81296
    outer loop
      vertex -17.9108 0 25.9124
      vertex -18.7712 5 25.2961
      vertex -18.7712 0 25.2961
    endloop
  endfacet
  facet normal -0.554722 0 0.832036
    outer loop
      vertex -17.9108 5 25.9124
      vertex -17.0302 0 26.4995
      vertex -17.0302 5 26.4995
    endloop
  endfacet
  facet normal -0.554722 0 0.832036
    outer loop
      vertex -17.0302 0 26.4995
      vertex -17.9108 5 25.9124
      vertex -17.9108 0 25.9124
    endloop
  endfacet
  facet normal -0.52641 0 0.850231
    outer loop
      vertex -17.0302 5 26.4995
      vertex -16.1304 0 27.0566
      vertex -16.1304 5 27.0566
    endloop
  endfacet
  facet normal -0.52641 0 0.850231
    outer loop
      vertex -16.1304 0 27.0566
      vertex -17.0302 5 26.4995
      vertex -17.0302 0 26.4995
    endloop
  endfacet
  facet normal -0.497542 0 0.86744
    outer loop
      vertex -16.1304 5 27.0566
      vertex -15.2123 0 27.5832
      vertex -15.2123 5 27.5832
    endloop
  endfacet
  facet normal -0.497542 0 0.86744
    outer loop
      vertex -15.2123 0 27.5832
      vertex -16.1304 5 27.0566
      vertex -16.1304 0 27.0566
    endloop
  endfacet
  facet normal -0.468179 0 0.883634
    outer loop
      vertex -15.2123 5 27.5832
      vertex -14.2771 0 28.0787
      vertex -14.2771 5 28.0787
    endloop
  endfacet
  facet normal -0.468179 0 0.883634
    outer loop
      vertex -14.2771 0 28.0787
      vertex -15.2123 5 27.5832
      vertex -15.2123 0 27.5832
    endloop
  endfacet
  facet normal -0.438234 0 0.898861
    outer loop
      vertex -14.2771 5 28.0787
      vertex -13.3258 0 28.5425
      vertex -13.3258 5 28.5425
    endloop
  endfacet
  facet normal -0.438234 0 0.898861
    outer loop
      vertex -13.3258 0 28.5425
      vertex -14.2771 5 28.0787
      vertex -14.2771 0 28.0787
    endloop
  endfacet
  facet normal -0.407707 0 0.913113
    outer loop
      vertex -13.3258 5 28.5425
      vertex -12.3594 0 28.974
      vertex -12.3594 5 28.974
    endloop
  endfacet
  facet normal -0.407707 0 0.913113
    outer loop
      vertex -12.3594 0 28.974
      vertex -13.3258 5 28.5425
      vertex -13.3258 0 28.5425
    endloop
  endfacet
  facet normal -0.376907 0 0.926251
    outer loop
      vertex -12.3594 5 28.974
      vertex -11.3791 0 29.3729
      vertex -11.3791 5 29.3729
    endloop
  endfacet
  facet normal -0.376907 0 0.926251
    outer loop
      vertex -11.3791 0 29.3729
      vertex -12.3594 5 28.974
      vertex -12.3594 0 28.974
    endloop
  endfacet
  facet normal -0.345526 0 0.938409
    outer loop
      vertex -11.3791 5 29.3729
      vertex -10.3859 0 29.7386
      vertex -10.3859 5 29.7386
    endloop
  endfacet
  facet normal -0.345526 0 0.938409
    outer loop
      vertex -10.3859 0 29.7386
      vertex -11.3791 5 29.3729
      vertex -11.3791 0 29.3729
    endloop
  endfacet
  facet normal -0.313806 0 0.949487
    outer loop
      vertex -10.3859 5 29.7386
      vertex -9.38106 0 30.0707
      vertex -9.38106 5 30.0707
    endloop
  endfacet
  facet normal -0.313806 0 0.949487
    outer loop
      vertex -9.38106 0 30.0707
      vertex -10.3859 5 29.7386
      vertex -10.3859 0 29.7386
    endloop
  endfacet
  facet normal -0.28167 0 0.959511
    outer loop
      vertex -9.38106 5 30.0707
      vertex -8.36558 0 30.3688
      vertex -8.36558 5 30.3688
    endloop
  endfacet
  facet normal -0.28167 0 0.959511
    outer loop
      vertex -8.36558 0 30.3688
      vertex -9.38106 5 30.0707
      vertex -9.38106 0 30.0707
    endloop
  endfacet
  facet normal -0.24935 0 0.968413
    outer loop
      vertex -8.36558 5 30.3688
      vertex -7.34066 0 30.6327
      vertex -7.34066 5 30.6327
    endloop
  endfacet
  facet normal -0.24935 0 0.968413
    outer loop
      vertex -7.34066 0 30.6327
      vertex -8.36558 5 30.3688
      vertex -8.36558 0 30.3688
    endloop
  endfacet
  facet normal -0.21666 0 0.976247
    outer loop
      vertex -7.34066 5 30.6327
      vertex -6.30746 0 30.862
      vertex -6.30746 5 30.862
    endloop
  endfacet
  facet normal -0.21666 0 0.976247
    outer loop
      vertex -6.30746 0 30.862
      vertex -7.34066 5 30.6327
      vertex -7.34066 0 30.6327
    endloop
  endfacet
  facet normal -0.183776 0 0.982968
    outer loop
      vertex -6.30746 5 30.862
      vertex -5.26713 0 31.0565
      vertex -5.26713 5 31.0565
    endloop
  endfacet
  facet normal -0.183776 0 0.982968
    outer loop
      vertex -5.26713 0 31.0565
      vertex -6.30746 5 30.862
      vertex -6.30746 0 30.862
    endloop
  endfacet
  facet normal -0.150613 0 0.988593
    outer loop
      vertex -5.26713 5 31.0565
      vertex -4.22086 0 31.2159
      vertex -4.22086 5 31.2159
    endloop
  endfacet
  facet normal -0.150613 0 0.988593
    outer loop
      vertex -4.22086 0 31.2159
      vertex -5.26713 5 31.0565
      vertex -5.26713 0 31.0565
    endloop
  endfacet
  facet normal -0.117352 0 0.99309
    outer loop
      vertex -4.22086 5 31.2159
      vertex -3.16982 0 31.3401
      vertex -3.16982 5 31.3401
    endloop
  endfacet
  facet normal -0.117352 0 0.99309
    outer loop
      vertex -3.16982 0 31.3401
      vertex -4.22086 5 31.2159
      vertex -4.22086 0 31.2159
    endloop
  endfacet
  facet normal -0.083904 0 0.996474
    outer loop
      vertex -3.16982 5 31.3401
      vertex -2.1152 0 31.4289
      vertex -2.1152 5 31.4289
    endloop
  endfacet
  facet normal -0.083904 0 0.996474
    outer loop
      vertex -2.1152 0 31.4289
      vertex -3.16982 5 31.3401
      vertex -3.16982 0 31.3401
    endloop
  endfacet
  facet normal -0.0503617 0 0.998731
    outer loop
      vertex -2.1152 5 31.4289
      vertex -1.0582 0 31.4822
      vertex -1.0582 5 31.4822
    endloop
  endfacet
  facet normal -0.0503617 0 0.998731
    outer loop
      vertex -1.0582 0 31.4822
      vertex -2.1152 5 31.4289
      vertex -2.1152 0 31.4289
    endloop
  endfacet
  facet normal 0.0746826 0 0.997207
    outer loop
      vertex -19.7166 3 -12.7827
      vertex -19.4856 0 -12.8
      vertex -19.4856 3 -12.8
    endloop
  endfacet
  facet normal 0.0746826 0 0.997207
    outer loop
      vertex -19.4856 0 -12.8
      vertex -19.7166 3 -12.7827
      vertex -19.7166 0 -12.7827
    endloop
  endfacet
  facet normal -0.0746826 0 0.997207
    outer loop
      vertex -19.4856 3 -12.8
      vertex -19.2546 0 -12.7827
      vertex -19.2546 3 -12.7827
    endloop
  endfacet
  facet normal -0.0746826 0 0.997207
    outer loop
      vertex -19.2546 0 -12.7827
      vertex -19.4856 3 -12.8
      vertex -19.4856 0 -12.8
    endloop
  endfacet
  facet normal -0.222684 0 0.974891
    outer loop
      vertex -19.2546 3 -12.7827
      vertex -19.0287 0 -12.7311
      vertex -19.0287 3 -12.7311
    endloop
  endfacet
  facet normal -0.222684 0 0.974891
    outer loop
      vertex -19.0287 0 -12.7311
      vertex -19.2546 3 -12.7827
      vertex -19.2546 0 -12.7827
    endloop
  endfacet
  facet normal -0.365278 0 0.930898
    outer loop
      vertex -19.0287 3 -12.7311
      vertex -18.8131 0 -12.6465
      vertex -18.8131 3 -12.6465
    endloop
  endfacet
  facet normal -0.365278 0 0.930898
    outer loop
      vertex -18.8131 0 -12.6465
      vertex -19.0287 3 -12.7311
      vertex -19.0287 0 -12.7311
    endloop
  endfacet
  facet normal -0.49976 0 0.866164
    outer loop
      vertex -18.8131 3 -12.6465
      vertex -18.6124 0 -12.5307
      vertex -18.6124 3 -12.5307
    endloop
  endfacet
  facet normal -0.49976 0 0.866164
    outer loop
      vertex -18.6124 0 -12.5307
      vertex -18.8131 3 -12.6465
      vertex -18.8131 0 -12.6465
    endloop
  endfacet
  facet normal -0.623694 0 0.781668
    outer loop
      vertex -18.6124 3 -12.5307
      vertex -18.4313 0 -12.3862
      vertex -18.4313 3 -12.3862
    endloop
  endfacet
  facet normal -0.623694 0 0.781668
    outer loop
      vertex -18.4313 0 -12.3862
      vertex -18.6124 3 -12.5307
      vertex -18.6124 0 -12.5307
    endloop
  endfacet
  facet normal -0.732947 0 0.680286
    outer loop
      vertex -18.4313 0 -12.3862
      vertex -18.2737 3 -12.2164
      vertex -18.4313 3 -12.3862
    endloop
  endfacet
  facet normal -0.732947 0 0.680286
    outer loop
      vertex -18.2737 3 -12.2164
      vertex -18.4313 0 -12.3862
      vertex -18.2737 0 -12.2164
    endloop
  endfacet
  facet normal -0.826227 0 0.563337
    outer loop
      vertex -18.2737 0 -12.2164
      vertex -18.1432 3 -12.025
      vertex -18.2737 3 -12.2164
    endloop
  endfacet
  facet normal -0.826227 0 0.563337
    outer loop
      vertex -18.1432 3 -12.025
      vertex -18.2737 0 -12.2164
      vertex -18.1432 0 -12.025
    endloop
  endfacet
  facet normal -0.900977 0 0.433868
    outer loop
      vertex -18.1432 0 -12.025
      vertex -18.0427 3 -11.8163
      vertex -18.1432 3 -12.025
    endloop
  endfacet
  facet normal -0.900977 0 0.433868
    outer loop
      vertex -18.0427 3 -11.8163
      vertex -18.1432 0 -12.025
      vertex -18.0427 0 -11.8163
    endloop
  endfacet
  facet normal -0.955564 0 0.294783
    outer loop
      vertex -18.0427 0 -11.8163
      vertex -17.9744 3 -11.5949
      vertex -18.0427 3 -11.8163
    endloop
  endfacet
  facet normal -0.955564 0 0.294783
    outer loop
      vertex -17.9744 3 -11.5949
      vertex -18.0427 0 -11.8163
      vertex -17.9744 0 -11.5949
    endloop
  endfacet
  facet normal -0.988851 0 0.14891
    outer loop
      vertex -17.9744 0 -11.5949
      vertex -17.9399 3 -11.3658
      vertex -17.9744 3 -11.5949
    endloop
  endfacet
  facet normal -0.988851 0 0.14891
    outer loop
      vertex -17.9399 3 -11.3658
      vertex -17.9744 0 -11.5949
      vertex -17.9399 0 -11.3658
    endloop
  endfacet
  facet normal -1 0 0
    outer loop
      vertex -17.9399 0 -11.3658
      vertex -17.9399 3 -11.1342
      vertex -17.9399 3 -11.3658
    endloop
  endfacet
  facet normal -1 -0 0
    outer loop
      vertex -17.9399 3 -11.1342
      vertex -17.9399 0 -11.3658
      vertex -17.9399 0 -11.1342
    endloop
  endfacet
  facet normal -0.988851 0 -0.14891
    outer loop
      vertex -17.9399 0 -11.1342
      vertex -17.9744 3 -10.9051
      vertex -17.9399 3 -11.1342
    endloop
  endfacet
  facet normal -0.988851 -0 -0.14891
    outer loop
      vertex -17.9744 3 -10.9051
      vertex -17.9399 0 -11.1342
      vertex -17.9744 0 -10.9051
    endloop
  endfacet
  facet normal -0.955564 0 -0.294783
    outer loop
      vertex -17.9744 0 -10.9051
      vertex -18.0427 3 -10.6837
      vertex -17.9744 3 -10.9051
    endloop
  endfacet
  facet normal -0.955564 -0 -0.294783
    outer loop
      vertex -18.0427 3 -10.6837
      vertex -17.9744 0 -10.9051
      vertex -18.0427 0 -10.6837
    endloop
  endfacet
  facet normal -0.900977 0 -0.433868
    outer loop
      vertex -18.0427 0 -10.6837
      vertex -18.1432 3 -10.475
      vertex -18.0427 3 -10.6837
    endloop
  endfacet
  facet normal -0.900977 -0 -0.433868
    outer loop
      vertex -18.1432 3 -10.475
      vertex -18.0427 0 -10.6837
      vertex -18.1432 0 -10.475
    endloop
  endfacet
  facet normal -0.826227 0 -0.563337
    outer loop
      vertex -18.1432 0 -10.475
      vertex -18.2737 3 -10.2836
      vertex -18.1432 3 -10.475
    endloop
  endfacet
  facet normal -0.826227 -0 -0.563337
    outer loop
      vertex -18.2737 3 -10.2836
      vertex -18.1432 0 -10.475
      vertex -18.2737 0 -10.2836
    endloop
  endfacet
  facet normal -0.732947 0 -0.680286
    outer loop
      vertex -18.2737 0 -10.2836
      vertex -18.4313 3 -10.1138
      vertex -18.2737 3 -10.2836
    endloop
  endfacet
  facet normal -0.732947 -0 -0.680286
    outer loop
      vertex -18.4313 3 -10.1138
      vertex -18.2737 0 -10.2836
      vertex -18.4313 0 -10.1138
    endloop
  endfacet
  facet normal -0.623615 0 -0.781731
    outer loop
      vertex -18.6124 0 -9.96933
      vertex -18.4313 3 -10.1138
      vertex -18.4313 0 -10.1138
    endloop
  endfacet
  facet normal -0.623615 0 -0.781731
    outer loop
      vertex -18.4313 3 -10.1138
      vertex -18.6124 0 -9.96933
      vertex -18.6124 3 -9.96933
    endloop
  endfacet
  facet normal -0.499857 0 -0.866108
    outer loop
      vertex -18.8131 0 -9.8535
      vertex -18.6124 3 -9.96933
      vertex -18.6124 0 -9.96933
    endloop
  endfacet
  facet normal -0.499857 0 -0.866108
    outer loop
      vertex -18.6124 3 -9.96933
      vertex -18.8131 0 -9.8535
      vertex -18.8131 3 -9.8535
    endloop
  endfacet
  facet normal -0.365428 0 -0.93084
    outer loop
      vertex -19.0287 0 -9.76886
      vertex -18.8131 3 -9.8535
      vertex -18.8131 0 -9.8535
    endloop
  endfacet
  facet normal -0.365428 0 -0.93084
    outer loop
      vertex -18.8131 3 -9.8535
      vertex -19.0287 0 -9.76886
      vertex -19.0287 3 -9.76886
    endloop
  endfacet
  facet normal -0.222479 0 -0.974937
    outer loop
      vertex -19.2546 0 -9.71731
      vertex -19.0287 3 -9.76886
      vertex -19.0287 0 -9.76886
    endloop
  endfacet
  facet normal -0.222479 0 -0.974937
    outer loop
      vertex -19.0287 3 -9.76886
      vertex -19.2546 0 -9.71731
      vertex -19.2546 3 -9.71731
    endloop
  endfacet
  facet normal -0.0747256 0 -0.997204
    outer loop
      vertex -19.4856 0 -9.7
      vertex -19.2546 3 -9.71731
      vertex -19.2546 0 -9.71731
    endloop
  endfacet
  facet normal -0.0747256 0 -0.997204
    outer loop
      vertex -19.2546 3 -9.71731
      vertex -19.4856 0 -9.7
      vertex -19.4856 3 -9.7
    endloop
  endfacet
  facet normal 0.0747256 0 -0.997204
    outer loop
      vertex -19.7166 0 -9.71731
      vertex -19.4856 3 -9.7
      vertex -19.4856 0 -9.7
    endloop
  endfacet
  facet normal 0.0747256 0 -0.997204
    outer loop
      vertex -19.4856 3 -9.7
      vertex -19.7166 0 -9.71731
      vertex -19.7166 3 -9.71731
    endloop
  endfacet
  facet normal 0.222573 0 -0.974916
    outer loop
      vertex -19.9424 0 -9.76886
      vertex -19.7166 3 -9.71731
      vertex -19.7166 0 -9.71731
    endloop
  endfacet
  facet normal 0.222573 0 -0.974916
    outer loop
      vertex -19.7166 3 -9.71731
      vertex -19.9424 0 -9.76886
      vertex -19.9424 3 -9.76886
    endloop
  endfacet
  facet normal 0.365281 0 -0.930897
    outer loop
      vertex -20.1581 0 -9.8535
      vertex -19.9424 3 -9.76886
      vertex -19.9424 0 -9.76886
    endloop
  endfacet
  facet normal 0.365281 0 -0.930897
    outer loop
      vertex -19.9424 3 -9.76886
      vertex -20.1581 0 -9.8535
      vertex -20.1581 3 -9.8535
    endloop
  endfacet
  facet normal 0.500044 0 -0.866
    outer loop
      vertex -20.3587 0 -9.96933
      vertex -20.1581 3 -9.8535
      vertex -20.1581 0 -9.8535
    endloop
  endfacet
  facet normal 0.500044 0 -0.866
    outer loop
      vertex -20.1581 3 -9.8535
      vertex -20.3587 0 -9.96933
      vertex -20.3587 3 -9.96933
    endloop
  endfacet
  facet normal 0.623615 0 -0.781731
    outer loop
      vertex -20.5398 0 -10.1138
      vertex -20.3587 3 -9.96933
      vertex -20.3587 0 -9.96933
    endloop
  endfacet
  facet normal 0.623615 0 -0.781731
    outer loop
      vertex -20.3587 3 -9.96933
      vertex -20.5398 0 -10.1138
      vertex -20.5398 3 -10.1138
    endloop
  endfacet
  facet normal 0.732947 0 -0.680286
    outer loop
      vertex -20.5398 0 -10.1138
      vertex -20.6974 3 -10.2836
      vertex -20.5398 3 -10.1138
    endloop
  endfacet
  facet normal 0.732947 0 -0.680286
    outer loop
      vertex -20.6974 3 -10.2836
      vertex -20.5398 0 -10.1138
      vertex -20.6974 0 -10.2836
    endloop
  endfacet
  facet normal 0.826227 0 -0.563337
    outer loop
      vertex -20.6974 0 -10.2836
      vertex -20.8279 3 -10.475
      vertex -20.6974 3 -10.2836
    endloop
  endfacet
  facet normal 0.826227 0 -0.563337
    outer loop
      vertex -20.8279 3 -10.475
      vertex -20.6974 0 -10.2836
      vertex -20.8279 0 -10.475
    endloop
  endfacet
  facet normal 0.900977 0 -0.433868
    outer loop
      vertex -20.8279 0 -10.475
      vertex -20.9284 3 -10.6837
      vertex -20.8279 3 -10.475
    endloop
  endfacet
  facet normal 0.900977 0 -0.433868
    outer loop
      vertex -20.9284 3 -10.6837
      vertex -20.8279 0 -10.475
      vertex -20.9284 0 -10.6837
    endloop
  endfacet
  facet normal 0.955564 0 -0.294783
    outer loop
      vertex -20.9284 0 -10.6837
      vertex -20.9967 3 -10.9051
      vertex -20.9284 3 -10.6837
    endloop
  endfacet
  facet normal 0.955564 0 -0.294783
    outer loop
      vertex -20.9967 3 -10.9051
      vertex -20.9284 0 -10.6837
      vertex -20.9967 0 -10.9051
    endloop
  endfacet
  facet normal 0.988851 0 -0.14891
    outer loop
      vertex -20.9967 0 -10.9051
      vertex -21.0312 3 -11.1342
      vertex -20.9967 3 -10.9051
    endloop
  endfacet
  facet normal 0.988851 0 -0.14891
    outer loop
      vertex -21.0312 3 -11.1342
      vertex -20.9967 0 -10.9051
      vertex -21.0312 0 -11.1342
    endloop
  endfacet
  facet normal 1 -0 0
    outer loop
      vertex -21.0312 0 -11.1342
      vertex -21.0312 3 -11.3658
      vertex -21.0312 3 -11.1342
    endloop
  endfacet
  facet normal 1 0 0
    outer loop
      vertex -21.0312 3 -11.3658
      vertex -21.0312 0 -11.1342
      vertex -21.0312 0 -11.3658
    endloop
  endfacet
  facet normal 0.988851 -0 0.14891
    outer loop
      vertex -21.0312 0 -11.3658
      vertex -20.9967 3 -11.5949
      vertex -21.0312 3 -11.3658
    endloop
  endfacet
  facet normal 0.988851 0 0.14891
    outer loop
      vertex -20.9967 3 -11.5949
      vertex -21.0312 0 -11.3658
      vertex -20.9967 0 -11.5949
    endloop
  endfacet
  facet normal 0.955564 -0 0.294783
    outer loop
      vertex -20.9967 0 -11.5949
      vertex -20.9284 3 -11.8163
      vertex -20.9967 3 -11.5949
    endloop
  endfacet
  facet normal 0.955564 0 0.294783
    outer loop
      vertex -20.9284 3 -11.8163
      vertex -20.9967 0 -11.5949
      vertex -20.9284 0 -11.8163
    endloop
  endfacet
  facet normal 0.900977 -0 0.433868
    outer loop
      vertex -20.9284 0 -11.8163
      vertex -20.8279 3 -12.025
      vertex -20.9284 3 -11.8163
    endloop
  endfacet
  facet normal 0.900977 0 0.433868
    outer loop
      vertex -20.8279 3 -12.025
      vertex -20.9284 0 -11.8163
      vertex -20.8279 0 -12.025
    endloop
  endfacet
  facet normal 0.826227 -0 0.563337
    outer loop
      vertex -20.8279 0 -12.025
      vertex -20.6974 3 -12.2164
      vertex -20.8279 3 -12.025
    endloop
  endfacet
  facet normal 0.826227 0 0.563337
    outer loop
      vertex -20.6974 3 -12.2164
      vertex -20.8279 0 -12.025
      vertex -20.6974 0 -12.2164
    endloop
  endfacet
  facet normal 0.732947 -0 0.680286
    outer loop
      vertex -20.6974 0 -12.2164
      vertex -20.5398 3 -12.3862
      vertex -20.6974 3 -12.2164
    endloop
  endfacet
  facet normal 0.732947 0 0.680286
    outer loop
      vertex -20.5398 3 -12.3862
      vertex -20.6974 0 -12.2164
      vertex -20.5398 0 -12.3862
    endloop
  endfacet
  facet normal 0.623694 0 0.781668
    outer loop
      vertex -20.5398 3 -12.3862
      vertex -20.3587 0 -12.5307
      vertex -20.3587 3 -12.5307
    endloop
  endfacet
  facet normal 0.623694 0 0.781668
    outer loop
      vertex -20.3587 0 -12.5307
      vertex -20.5398 3 -12.3862
      vertex -20.5398 0 -12.3862
    endloop
  endfacet
  facet normal 0.499947 0 0.866056
    outer loop
      vertex -20.3587 3 -12.5307
      vertex -20.1581 0 -12.6465
      vertex -20.1581 3 -12.6465
    endloop
  endfacet
  facet normal 0.499947 0 0.866056
    outer loop
      vertex -20.1581 0 -12.6465
      vertex -20.3587 3 -12.5307
      vertex -20.3587 0 -12.5307
    endloop
  endfacet
  facet normal 0.365132 0 0.930956
    outer loop
      vertex -20.1581 3 -12.6465
      vertex -19.9424 0 -12.7311
      vertex -19.9424 3 -12.7311
    endloop
  endfacet
  facet normal 0.365132 0 0.930956
    outer loop
      vertex -19.9424 0 -12.7311
      vertex -20.1581 3 -12.6465
      vertex -20.1581 0 -12.6465
    endloop
  endfacet
  facet normal 0.222778 0 0.974869
    outer loop
      vertex -19.9424 3 -12.7311
      vertex -19.7166 0 -12.7827
      vertex -19.7166 3 -12.7827
    endloop
  endfacet
  facet normal 0.222778 0 0.974869
    outer loop
      vertex -19.7166 0 -12.7827
      vertex -19.9424 3 -12.7311
      vertex -19.9424 0 -12.7311
    endloop
  endfacet
  facet normal 0.0550956 0 -0.998481
    outer loop
      vertex -0.313523 3 25.3327
      vertex 0 8 25.35
      vertex 0 3 25.35
    endloop
  endfacet
  facet normal 0.0550956 0 -0.998481
    outer loop
      vertex 0 8 25.35
      vertex -0.313523 3 25.3327
      vertex -0.313523 8 25.3327
    endloop
  endfacet
  facet normal -0.0550956 0 -0.998481
    outer loop
      vertex 0 3 25.35
      vertex 0.313523 8 25.3327
      vertex 0.313523 3 25.3327
    endloop
  endfacet
  facet normal -0.0550956 0 -0.998481
    outer loop
      vertex 0.313523 8 25.3327
      vertex 0 3 25.35
      vertex 0 8 25.35
    endloop
  endfacet
  facet normal -0.164648 0 -0.986352
    outer loop
      vertex 0.313523 3 25.3327
      vertex 0.62324 8 25.281
      vertex 0.62324 3 25.281
    endloop
  endfacet
  facet normal -0.164648 0 -0.986352
    outer loop
      vertex 0.62324 8 25.281
      vertex 0.313523 3 25.3327
      vertex 0.313523 8 25.3327
    endloop
  endfacet
  facet normal 0.164648 0 -0.986352
    outer loop
      vertex -0.62324 3 25.281
      vertex -0.313523 8 25.3327
      vertex -0.313523 3 25.3327
    endloop
  endfacet
  facet normal 0.164648 0 -0.986352
    outer loop
      vertex -0.313523 8 25.3327
      vertex -0.62324 3 25.281
      vertex -0.62324 8 25.281
    endloop
  endfacet
  facet normal 0.271983 0 -0.962302
    outer loop
      vertex -0.925393 3 25.1956
      vertex -0.62324 8 25.281
      vertex -0.62324 3 25.281
    endloop
  endfacet
  facet normal 0.271983 0 -0.962302
    outer loop
      vertex -0.62324 8 25.281
      vertex -0.925393 3 25.1956
      vertex -0.925393 8 25.1956
    endloop
  endfacet
  facet normal 0.376418 0 -0.92645
    outer loop
      vertex -1.21631 3 25.0774
      vertex -0.925393 8 25.1956
      vertex -0.925393 3 25.1956
    endloop
  endfacet
  facet normal 0.376418 0 -0.92645
    outer loop
      vertex -0.925393 8 25.1956
      vertex -1.21631 3 25.0774
      vertex -1.21631 8 25.0774
    endloop
  endfacet
  facet normal 0.475823 0 -0.879541
    outer loop
      vertex -1.49247 3 24.928
      vertex -1.21631 8 25.0774
      vertex -1.21631 3 25.0774
    endloop
  endfacet
  facet normal 0.475823 0 -0.879541
    outer loop
      vertex -1.21631 8 25.0774
      vertex -1.49247 3 24.928
      vertex -1.49247 8 24.928
    endloop
  endfacet
  facet normal 0.569763 0 -0.821809
    outer loop
      vertex -1.75051 3 24.7491
      vertex -1.49247 8 24.928
      vertex -1.49247 3 24.928
    endloop
  endfacet
  facet normal 0.569763 0 -0.821809
    outer loop
      vertex -1.49247 8 24.928
      vertex -1.75051 3 24.7491
      vertex -1.75051 8 24.7491
    endloop
  endfacet
  facet normal 0.656896 0 -0.753981
    outer loop
      vertex -1.9873 3 24.5428
      vertex -1.75051 8 24.7491
      vertex -1.75051 3 24.7491
    endloop
  endfacet
  facet normal 0.656896 0 -0.753981
    outer loop
      vertex -1.75051 8 24.7491
      vertex -1.9873 3 24.5428
      vertex -1.9873 8 24.5428
    endloop
  endfacet
  facet normal 0.735709 0 -0.677298
    outer loop
      vertex -1.9873 3 24.5428
      vertex -2.19996 8 24.3118
      vertex -1.9873 8 24.5428
    endloop
  endfacet
  facet normal 0.735709 0 -0.677298
    outer loop
      vertex -2.19996 8 24.3118
      vertex -1.9873 3 24.5428
      vertex -2.19996 3 24.3118
    endloop
  endfacet
  facet normal 0.805757 0 -0.592247
    outer loop
      vertex -2.19996 3 24.3118
      vertex -2.38592 8 24.0588
      vertex -2.19996 8 24.3118
    endloop
  endfacet
  facet normal 0.805757 0 -0.592247
    outer loop
      vertex -2.38592 8 24.0588
      vertex -2.19996 3 24.3118
      vertex -2.38592 3 24.0588
    endloop
  endfacet
  facet normal 0.866 0 -0.500044
    outer loop
      vertex -2.38592 3 24.0588
      vertex -2.54292 8 23.7869
      vertex -2.38592 8 24.0588
    endloop
  endfacet
  facet normal 0.866 0 -0.500044
    outer loop
      vertex -2.54292 8 23.7869
      vertex -2.38592 3 24.0588
      vertex -2.54292 3 23.7869
    endloop
  endfacet
  facet normal 0.915789 0 -0.401661
    outer loop
      vertex -2.54292 3 23.7869
      vertex -2.66906 8 23.4993
      vertex -2.54292 8 23.7869
    endloop
  endfacet
  facet normal 0.915789 0 -0.401661
    outer loop
      vertex -2.66906 8 23.4993
      vertex -2.54292 3 23.7869
      vertex -2.66906 3 23.4993
    endloop
  endfacet
  facet normal 0.954413 0 -0.298489
    outer loop
      vertex -2.66906 3 23.4993
      vertex -2.76279 8 23.1996
      vertex -2.66906 8 23.4993
    endloop
  endfacet
  facet normal 0.954413 0 -0.298489
    outer loop
      vertex -2.76279 8 23.1996
      vertex -2.66906 3 23.4993
      vertex -2.76279 3 23.1996
    endloop
  endfacet
  facet normal 0.981441 0 -0.191765
    outer loop
      vertex -2.76279 3 23.1996
      vertex -2.82299 8 22.8915
      vertex -2.76279 8 23.1996
    endloop
  endfacet
  facet normal 0.981441 0 -0.191765
    outer loop
      vertex -2.82299 8 22.8915
      vertex -2.76279 3 23.1996
      vertex -2.82299 3 22.8915
    endloop
  endfacet
  facet normal 0.996586 0 -0.0825606
    outer loop
      vertex -2.82299 3 22.8915
      vertex -2.84892 8 22.5785
      vertex -2.82299 8 22.8915
    endloop
  endfacet
  facet normal 0.996586 0 -0.0825606
    outer loop
      vertex -2.84892 8 22.5785
      vertex -2.82299 3 22.8915
      vertex -2.84892 3 22.5785
    endloop
  endfacet
  facet normal 0.999621 -0 0.0275461
    outer loop
      vertex -2.84892 3 22.5785
      vertex -2.84027 8 22.2646
      vertex -2.84892 8 22.5785
    endloop
  endfacet
  facet normal 0.999621 0 0.0275461
    outer loop
      vertex -2.84027 8 22.2646
      vertex -2.84892 3 22.5785
      vertex -2.84027 3 22.2646
    endloop
  endfacet
  facet normal 0.99052 -0 0.137367
    outer loop
      vertex -2.84027 3 22.2646
      vertex -2.79714 8 21.9536
      vertex -2.84027 8 22.2646
    endloop
  endfacet
  facet normal 0.99052 0 0.137367
    outer loop
      vertex -2.79714 8 21.9536
      vertex -2.84027 3 22.2646
      vertex -2.79714 3 21.9536
    endloop
  endfacet
  facet normal 0.969396 -0 0.245502
    outer loop
      vertex -2.79714 3 21.9536
      vertex -2.72005 8 21.6492
      vertex -2.79714 8 21.9536
    endloop
  endfacet
  facet normal 0.969396 0 0.245502
    outer loop
      vertex -2.72005 8 21.6492
      vertex -2.79714 3 21.9536
      vertex -2.72005 3 21.6492
    endloop
  endfacet
  facet normal 0.936486 -0 0.350705
    outer loop
      vertex -2.72005 3 21.6492
      vertex -2.60995 8 21.3552
      vertex -2.72005 8 21.6492
    endloop
  endfacet
  facet normal 0.936486 0 0.350705
    outer loop
      vertex -2.60995 8 21.3552
      vertex -2.72005 3 21.6492
      vertex -2.60995 3 21.3552
    endloop
  endfacet
  facet normal 0.892277 -0 0.451488
    outer loop
      vertex -2.60995 3 21.3552
      vertex -2.46817 8 21.075
      vertex -2.60995 8 21.3552
    endloop
  endfacet
  facet normal 0.892277 0 0.451488
    outer loop
      vertex -2.46817 8 21.075
      vertex -2.60995 3 21.3552
      vertex -2.46817 3 21.075
    endloop
  endfacet
  facet normal 0.837197 -0 0.546901
    outer loop
      vertex -2.46817 3 21.075
      vertex -2.29643 8 20.8121
      vertex -2.46817 8 21.075
    endloop
  endfacet
  facet normal 0.837197 0 0.546901
    outer loop
      vertex -2.29643 8 20.8121
      vertex -2.46817 3 21.075
      vertex -2.29643 3 20.8121
    endloop
  endfacet
  facet normal 0.771936 -0 0.635701
    outer loop
      vertex -2.29643 3 20.8121
      vertex -2.09681 8 20.5697
      vertex -2.29643 8 20.8121
    endloop
  endfacet
  facet normal 0.771936 0 0.635701
    outer loop
      vertex -2.09681 8 20.5697
      vertex -2.29643 3 20.8121
      vertex -2.09681 3 20.5697
    endloop
  endfacet
  facet normal 0.697213 0 0.716864
    outer loop
      vertex -2.09681 8 20.5697
      vertex -1.87174 3 20.3508
      vertex -1.87174 8 20.3508
    endloop
  endfacet
  facet normal 0.697213 0 0.716864
    outer loop
      vertex -1.87174 3 20.3508
      vertex -2.09681 8 20.5697
      vertex -2.09681 3 20.5697
    endloop
  endfacet
  facet normal 0.614287 0 0.789083
    outer loop
      vertex -1.87174 8 20.3508
      vertex -1.62395 3 20.1579
      vertex -1.62395 8 20.1579
    endloop
  endfacet
  facet normal 0.614287 0 0.789083
    outer loop
      vertex -1.62395 3 20.1579
      vertex -1.87174 8 20.3508
      vertex -1.87174 3 20.3508
    endloop
  endfacet
  facet normal 0.5236 0 0.851964
    outer loop
      vertex -1.62395 8 20.1579
      vertex -1.35645 3 19.9935
      vertex -1.35645 8 19.9935
    endloop
  endfacet
  facet normal 0.5236 0 0.851964
    outer loop
      vertex -1.35645 3 19.9935
      vertex -1.62395 8 20.1579
      vertex -1.62395 3 20.1579
    endloop
  endfacet
  facet normal 0.426754 0 0.904368
    outer loop
      vertex -1.35645 8 19.9935
      vertex -1.07248 3 19.8595
      vertex -1.07248 8 19.8595
    endloop
  endfacet
  facet normal 0.426754 0 0.904368
    outer loop
      vertex -1.07248 3 19.8595
      vertex -1.35645 8 19.9935
      vertex -1.35645 3 19.9935
    endloop
  endfacet
  facet normal 0.324827 0 0.945773
    outer loop
      vertex -1.07248 8 19.8595
      vertex -0.775495 3 19.7575
      vertex -0.775495 8 19.7575
    endloop
  endfacet
  facet normal 0.324827 0 0.945773
    outer loop
      vertex -0.775495 3 19.7575
      vertex -1.07248 8 19.8595
      vertex -1.07248 3 19.8595
    endloop
  endfacet
  facet normal 0.218481 0 0.975841
    outer loop
      vertex -0.775495 8 19.7575
      vertex -0.469094 3 19.6889
      vertex -0.469094 8 19.6889
    endloop
  endfacet
  facet normal 0.218481 0 0.975841
    outer loop
      vertex -0.469094 3 19.6889
      vertex -0.775495 8 19.7575
      vertex -0.775495 3 19.7575
    endloop
  endfacet
  facet normal 0.110189 0 0.993911
    outer loop
      vertex -0.469094 8 19.6889
      vertex -0.157 3 19.6543
      vertex -0.157 8 19.6543
    endloop
  endfacet
  facet normal 0.110189 0 0.993911
    outer loop
      vertex -0.157 3 19.6543
      vertex -0.469094 8 19.6889
      vertex -0.469094 3 19.6889
    endloop
  endfacet
  facet normal -0 0 1
    outer loop
      vertex -0.157 8 19.6543
      vertex 0.157 3 19.6543
      vertex 0.157 8 19.6543
    endloop
  endfacet
  facet normal 0 0 1
    outer loop
      vertex 0.157 3 19.6543
      vertex -0.157 8 19.6543
      vertex -0.157 3 19.6543
    endloop
  endfacet
  facet normal -0.110189 0 0.993911
    outer loop
      vertex 0.157 8 19.6543
      vertex 0.469094 3 19.6889
      vertex 0.469094 8 19.6889
    endloop
  endfacet
  facet normal -0.110189 0 0.993911
    outer loop
      vertex 0.469094 3 19.6889
      vertex 0.157 8 19.6543
      vertex 0.157 3 19.6543
    endloop
  endfacet
  facet normal -0.218481 0 0.975841
    outer loop
      vertex 0.469094 8 19.6889
      vertex 0.775495 3 19.7575
      vertex 0.775495 8 19.7575
    endloop
  endfacet
  facet normal -0.218481 0 0.975841
    outer loop
      vertex 0.775495 3 19.7575
      vertex 0.469094 8 19.6889
      vertex 0.469094 3 19.6889
    endloop
  endfacet
  facet normal -0.324827 0 0.945773
    outer loop
      vertex 0.775495 8 19.7575
      vertex 1.07248 3 19.8595
      vertex 1.07248 8 19.8595
    endloop
  endfacet
  facet normal -0.324827 0 0.945773
    outer loop
      vertex 1.07248 3 19.8595
      vertex 0.775495 8 19.7575
      vertex 0.775495 3 19.7575
    endloop
  endfacet
  facet normal -0.426754 0 0.904368
    outer loop
      vertex 1.07248 8 19.8595
      vertex 1.35645 3 19.9935
      vertex 1.35645 8 19.9935
    endloop
  endfacet
  facet normal -0.426754 0 0.904368
    outer loop
      vertex 1.35645 3 19.9935
      vertex 1.07248 8 19.8595
      vertex 1.07248 3 19.8595
    endloop
  endfacet
  facet normal -0.5236 0 0.851964
    outer loop
      vertex 1.35645 8 19.9935
      vertex 1.62395 3 20.1579
      vertex 1.62395 8 20.1579
    endloop
  endfacet
  facet normal -0.5236 0 0.851964
    outer loop
      vertex 1.62395 3 20.1579
      vertex 1.35645 8 19.9935
      vertex 1.35645 3 19.9935
    endloop
  endfacet
  facet normal -0.614287 0 0.789083
    outer loop
      vertex 1.62395 8 20.1579
      vertex 1.87174 3 20.3508
      vertex 1.87174 8 20.3508
    endloop
  endfacet
  facet normal -0.614287 0 0.789083
    outer loop
      vertex 1.87174 3 20.3508
      vertex 1.62395 8 20.1579
      vertex 1.62395 3 20.1579
    endloop
  endfacet
  facet normal -0.697213 0 0.716864
    outer loop
      vertex 1.87174 8 20.3508
      vertex 2.09681 3 20.5697
      vertex 2.09681 8 20.5697
    endloop
  endfacet
  facet normal -0.697213 0 0.716864
    outer loop
      vertex 2.09681 3 20.5697
      vertex 1.87174 8 20.3508
      vertex 1.87174 3 20.3508
    endloop
  endfacet
  facet normal -0.771936 0 0.635701
    outer loop
      vertex 2.09681 3 20.5697
      vertex 2.29643 8 20.8121
      vertex 2.09681 8 20.5697
    endloop
  endfacet
  facet normal -0.771936 0 0.635701
    outer loop
      vertex 2.29643 8 20.8121
      vertex 2.09681 3 20.5697
      vertex 2.29643 3 20.8121
    endloop
  endfacet
  facet normal -0.837197 0 0.546901
    outer loop
      vertex 2.29643 3 20.8121
      vertex 2.46817 8 21.075
      vertex 2.29643 8 20.8121
    endloop
  endfacet
  facet normal -0.837197 0 0.546901
    outer loop
      vertex 2.46817 8 21.075
      vertex 2.29643 3 20.8121
      vertex 2.46817 3 21.075
    endloop
  endfacet
  facet normal -0.892277 0 0.451488
    outer loop
      vertex 2.46817 3 21.075
      vertex 2.60995 8 21.3552
      vertex 2.46817 8 21.075
    endloop
  endfacet
  facet normal -0.892277 0 0.451488
    outer loop
      vertex 2.60995 8 21.3552
      vertex 2.46817 3 21.075
      vertex 2.60995 3 21.3552
    endloop
  endfacet
  facet normal -0.936486 0 0.350705
    outer loop
      vertex 2.60995 3 21.3552
      vertex 2.72005 8 21.6492
      vertex 2.60995 8 21.3552
    endloop
  endfacet
  facet normal -0.936486 0 0.350705
    outer loop
      vertex 2.72005 8 21.6492
      vertex 2.60995 3 21.3552
      vertex 2.72005 3 21.6492
    endloop
  endfacet
  facet normal -0.969396 0 0.245502
    outer loop
      vertex 2.72005 3 21.6492
      vertex 2.79714 8 21.9536
      vertex 2.72005 8 21.6492
    endloop
  endfacet
  facet normal -0.969396 0 0.245502
    outer loop
      vertex 2.79714 8 21.9536
      vertex 2.72005 3 21.6492
      vertex 2.79714 3 21.9536
    endloop
  endfacet
  facet normal -0.99052 0 0.137367
    outer loop
      vertex 2.79714 3 21.9536
      vertex 2.84027 8 22.2646
      vertex 2.79714 8 21.9536
    endloop
  endfacet
  facet normal -0.99052 0 0.137367
    outer loop
      vertex 2.84027 8 22.2646
      vertex 2.79714 3 21.9536
      vertex 2.84027 3 22.2646
    endloop
  endfacet
  facet normal -0.999621 0 0.0275461
    outer loop
      vertex 2.84027 3 22.2646
      vertex 2.84892 8 22.5785
      vertex 2.84027 8 22.2646
    endloop
  endfacet
  facet normal -0.999621 0 0.0275461
    outer loop
      vertex 2.84892 8 22.5785
      vertex 2.84027 3 22.2646
      vertex 2.84892 3 22.5785
    endloop
  endfacet
  facet normal -0.996586 0 -0.0825606
    outer loop
      vertex 2.84892 3 22.5785
      vertex 2.82299 8 22.8915
      vertex 2.84892 8 22.5785
    endloop
  endfacet
  facet normal -0.996586 -0 -0.0825606
    outer loop
      vertex 2.82299 8 22.8915
      vertex 2.84892 3 22.5785
      vertex 2.82299 3 22.8915
    endloop
  endfacet
  facet normal -0.981441 0 -0.191765
    outer loop
      vertex 2.82299 3 22.8915
      vertex 2.76279 8 23.1996
      vertex 2.82299 8 22.8915
    endloop
  endfacet
  facet normal -0.981441 -0 -0.191765
    outer loop
      vertex 2.76279 8 23.1996
      vertex 2.82299 3 22.8915
      vertex 2.76279 3 23.1996
    endloop
  endfacet
  facet normal -0.954413 0 -0.298489
    outer loop
      vertex 2.76279 3 23.1996
      vertex 2.66906 8 23.4993
      vertex 2.76279 8 23.1996
    endloop
  endfacet
  facet normal -0.954413 -0 -0.298489
    outer loop
      vertex 2.66906 8 23.4993
      vertex 2.76279 3 23.1996
      vertex 2.66906 3 23.4993
    endloop
  endfacet
  facet normal -0.915789 0 -0.401661
    outer loop
      vertex 2.66906 3 23.4993
      vertex 2.54292 8 23.7869
      vertex 2.66906 8 23.4993
    endloop
  endfacet
  facet normal -0.915789 -0 -0.401661
    outer loop
      vertex 2.54292 8 23.7869
      vertex 2.66906 3 23.4993
      vertex 2.54292 3 23.7869
    endloop
  endfacet
  facet normal -0.866 0 -0.500044
    outer loop
      vertex 2.54292 3 23.7869
      vertex 2.38592 8 24.0588
      vertex 2.54292 8 23.7869
    endloop
  endfacet
  facet normal -0.866 -0 -0.500044
    outer loop
      vertex 2.38592 8 24.0588
      vertex 2.54292 3 23.7869
      vertex 2.38592 3 24.0588
    endloop
  endfacet
  facet normal -0.805757 0 -0.592247
    outer loop
      vertex 2.38592 3 24.0588
      vertex 2.19996 8 24.3118
      vertex 2.38592 8 24.0588
    endloop
  endfacet
  facet normal -0.805757 -0 -0.592247
    outer loop
      vertex 2.19996 8 24.3118
      vertex 2.38592 3 24.0588
      vertex 2.19996 3 24.3118
    endloop
  endfacet
  facet normal -0.735709 0 -0.677298
    outer loop
      vertex 2.19996 3 24.3118
      vertex 1.9873 8 24.5428
      vertex 2.19996 8 24.3118
    endloop
  endfacet
  facet normal -0.735709 -0 -0.677298
    outer loop
      vertex 1.9873 8 24.5428
      vertex 2.19996 3 24.3118
      vertex 1.9873 3 24.5428
    endloop
  endfacet
  facet normal -0.656896 0 -0.753981
    outer loop
      vertex 1.75051 3 24.7491
      vertex 1.9873 8 24.5428
      vertex 1.9873 3 24.5428
    endloop
  endfacet
  facet normal -0.656896 0 -0.753981
    outer loop
      vertex 1.9873 8 24.5428
      vertex 1.75051 3 24.7491
      vertex 1.75051 8 24.7491
    endloop
  endfacet
  facet normal -0.569763 0 -0.821809
    outer loop
      vertex 1.49247 3 24.928
      vertex 1.75051 8 24.7491
      vertex 1.75051 3 24.7491
    endloop
  endfacet
  facet normal -0.569763 0 -0.821809
    outer loop
      vertex 1.75051 8 24.7491
      vertex 1.49247 3 24.928
      vertex 1.49247 8 24.928
    endloop
  endfacet
  facet normal -0.475823 0 -0.879541
    outer loop
      vertex 1.21631 3 25.0774
      vertex 1.49247 8 24.928
      vertex 1.49247 3 24.928
    endloop
  endfacet
  facet normal -0.475823 0 -0.879541
    outer loop
      vertex 1.49247 8 24.928
      vertex 1.21631 3 25.0774
      vertex 1.21631 8 25.0774
    endloop
  endfacet
  facet normal -0.376418 0 -0.92645
    outer loop
      vertex 0.925393 3 25.1956
      vertex 1.21631 8 25.0774
      vertex 1.21631 3 25.0774
    endloop
  endfacet
  facet normal -0.376418 0 -0.92645
    outer loop
      vertex 1.21631 8 25.0774
      vertex 0.925393 3 25.1956
      vertex 0.925393 8 25.1956
    endloop
  endfacet
  facet normal -0.271983 0 -0.962302
    outer loop
      vertex 0.62324 3 25.281
      vertex 0.925393 8 25.1956
      vertex 0.925393 3 25.1956
    endloop
  endfacet
  facet normal -0.271983 0 -0.962302
    outer loop
      vertex 0.925393 8 25.1956
      vertex 0.62324 3 25.281
      vertex 0.62324 8 25.281
    endloop
  endfacet
  facet normal 0 1 0
    outer loop
      vertex 0 3 24.05
      vertex 0 3 25.35
      vertex 0.313523 3 25.3327
    endloop
  endfacet
  facet normal 0 1 0
    outer loop
      vertex 0.231015 3 24.0327
      vertex 0.313523 3 25.3327
      vertex 0.62324 3 25.281
    endloop
  endfacet
  facet normal 0 1 0
    outer loop
      vertex 0 3 25.35
      vertex 0 3 24.05
      vertex -0.313523 3 25.3327
    endloop
  endfacet
  facet normal 0 1 0
    outer loop
      vertex 0.45687 3 23.9811
      vertex 0.62324 3 25.281
      vertex 0.925393 3 25.1956
    endloop
  endfacet
  facet normal 0 1 -0
    outer loop
      vertex -0.231015 3 24.0327
      vertex -0.313523 3 25.3327
      vertex 0 3 24.05
    endloop
  endfacet
  facet normal 0 1 0
    outer loop
      vertex 0.67252 3 23.8965
      vertex 0.925393 3 25.1956
      vertex 1.21631 3 25.0774
    endloop
  endfacet
  facet normal 0 1 0
    outer loop
      vertex -0.313523 3 25.3327
      vertex -0.231015 3 24.0327
      vertex -0.62324 3 25.281
    endloop
  endfacet
  facet normal 0 1 0
    outer loop
      vertex 0.67252 3 23.8965
      vertex 1.21631 3 25.0774
      vertex 1.49247 3 24.928
    endloop
  endfacet
  facet normal 0 1 -0
    outer loop
      vertex -0.45687 3 23.9811
      vertex -0.62324 3 25.281
      vertex -0.231015 3 24.0327
    endloop
  endfacet
  facet normal 0 1 0
    outer loop
      vertex 0.873146 3 23.7807
      vertex 1.49247 3 24.928
      vertex 1.75051 3 24.7491
    endloop
  endfacet
  facet normal 0 1 0
    outer loop
      vertex -0.62324 3 25.281
      vertex -0.45687 3 23.9811
      vertex -0.925393 3 25.1956
    endloop
  endfacet
  facet normal 0 1 0
    outer loop
      vertex 1.05427 3 23.6362
      vertex 1.75051 3 24.7491
      vertex 1.9873 3 24.5428
    endloop
  endfacet
  facet normal 0 1 -0
    outer loop
      vertex -0.67252 3 23.8965
      vertex -0.925393 3 25.1956
      vertex -0.45687 3 23.9811
    endloop
  endfacet
  facet normal 0 1 0
    outer loop
      vertex 1.21184 3 23.4664
      vertex 1.9873 3 24.5428
      vertex 2.19996 3 24.3118
    endloop
  endfacet
  facet normal 0 1 0
    outer loop
      vertex -0.925393 3 25.1956
      vertex -0.67252 3 23.8965
      vertex -1.21631 3 25.0774
    endloop
  endfacet
  facet normal 0 1 0
    outer loop
      vertex 1.21184 3 23.4664
      vertex 2.19996 3 24.3118
      vertex 2.38592 3 24.0588
    endloop
  endfacet
  facet normal 0 1 0
    outer loop
      vertex -1.21631 3 25.0774
      vertex -0.67252 3 23.8965
      vertex -1.49247 3 24.928
    endloop
  endfacet
  facet normal 0 1 -0
    outer loop
      vertex -0.873146 3 23.7807
      vertex -1.49247 3 24.928
      vertex -0.67252 3 23.8965
    endloop
  endfacet
  facet normal 0 1 0
    outer loop
      vertex 0.313523 3 25.3327
      vertex 0.231015 3 24.0327
      vertex 0 3 24.05
    endloop
  endfacet
  facet normal 0 1 0
    outer loop
      vertex 0.62324 3 25.281
      vertex 0.45687 3 23.9811
      vertex 0.231015 3 24.0327
    endloop
  endfacet
  facet normal 0 1 0
    outer loop
      vertex 0.925393 3 25.1956
      vertex 0.67252 3 23.8965
      vertex 0.45687 3 23.9811
    endloop
  endfacet
  facet normal 0 1 0
    outer loop
      vertex 1.34234 3 23.275
      vertex 2.38592 3 24.0588
      vertex 2.54292 3 23.7869
    endloop
  endfacet
  facet normal 0 1 0
    outer loop
      vertex 1.49247 3 24.928
      vertex 0.873146 3 23.7807
      vertex 0.67252 3 23.8965
    endloop
  endfacet
  facet normal 0 1 0
    outer loop
      vertex 1.75051 3 24.7491
      vertex 1.05427 3 23.6362
      vertex 0.873146 3 23.7807
    endloop
  endfacet
  facet normal 0 1 0
    outer loop
      vertex 1.44285 3 23.0663
      vertex 2.54292 3 23.7869
      vertex 2.66906 3 23.4993
    endloop
  endfacet
  facet normal 0 1 0
    outer loop
      vertex 1.9873 3 24.5428
      vertex 1.21184 3 23.4664
      vertex 1.05427 3 23.6362
    endloop
  endfacet
  facet normal 0 1 0
    outer loop
      vertex 2.38592 3 24.0588
      vertex 1.34234 3 23.275
      vertex 1.21184 3 23.4664
    endloop
  endfacet
  facet normal 0 1 0
    outer loop
      vertex 1.44285 3 23.0663
      vertex 2.66906 3 23.4993
      vertex 2.76279 3 23.1996
    endloop
  endfacet
  facet normal 0 1 0
    outer loop
      vertex 2.54292 3 23.7869
      vertex 1.44285 3 23.0663
      vertex 1.34234 3 23.275
    endloop
  endfacet
  facet normal 0 1 0
    outer loop
      vertex 1.51114 3 22.8449
      vertex 2.76279 3 23.1996
      vertex 2.82299 3 22.8915
    endloop
  endfacet
  facet normal 0 1 0
    outer loop
      vertex 2.76279 3 23.1996
      vertex 1.51114 3 22.8449
      vertex 1.44285 3 23.0663
    endloop
  endfacet
  facet normal 0 1 0
    outer loop
      vertex 2.82299 3 22.8915
      vertex 1.54567 3 22.6158
      vertex 1.51114 3 22.8449
    endloop
  endfacet
  facet normal 0 1 0
    outer loop
      vertex 2.84892 3 22.5785
      vertex 1.54567 3 22.6158
      vertex 2.82299 3 22.8915
    endloop
  endfacet
  facet normal 0 1 0
    outer loop
      vertex 2.84892 3 22.5785
      vertex 1.54567 3 22.3842
      vertex 1.54567 3 22.6158
    endloop
  endfacet
  facet normal 0 1 -0
    outer loop
      vertex 2.84027 3 22.2646
      vertex 1.54567 3 22.3842
      vertex 2.84892 3 22.5785
    endloop
  endfacet
  facet normal 0 1 -0
    outer loop
      vertex 2.79714 3 21.9536
      vertex 1.54567 3 22.3842
      vertex 2.84027 3 22.2646
    endloop
  endfacet
  facet normal 0 1 0
    outer loop
      vertex 1.54567 3 22.3842
      vertex 2.79714 3 21.9536
      vertex 1.51114 3 22.1551
    endloop
  endfacet
  facet normal 0 1 -0
    outer loop
      vertex 2.72005 3 21.6492
      vertex 1.51114 3 22.1551
      vertex 2.79714 3 21.9536
    endloop
  endfacet
  facet normal 0 1 0
    outer loop
      vertex 1.51114 3 22.1551
      vertex 2.72005 3 21.6492
      vertex 1.44285 3 21.9337
    endloop
  endfacet
  facet normal 0 1 -0
    outer loop
      vertex 2.60995 3 21.3552
      vertex 1.44285 3 21.9337
      vertex 2.72005 3 21.6492
    endloop
  endfacet
  facet normal 0 1 0
    outer loop
      vertex 1.44285 3 21.9337
      vertex 2.60995 3 21.3552
      vertex 1.34234 3 21.725
    endloop
  endfacet
  facet normal 0 1 -0
    outer loop
      vertex 2.46817 3 21.075
      vertex 1.34234 3 21.725
      vertex 2.60995 3 21.3552
    endloop
  endfacet
  facet normal 0 1 -0
    outer loop
      vertex 2.29643 3 20.8121
      vertex 1.34234 3 21.725
      vertex 2.46817 3 21.075
    endloop
  endfacet
  facet normal 0 1 0
    outer loop
      vertex 1.34234 3 21.725
      vertex 2.29643 3 20.8121
      vertex 1.21184 3 21.5336
    endloop
  endfacet
  facet normal 0 1 -0
    outer loop
      vertex 2.09681 3 20.5697
      vertex 1.21184 3 21.5336
      vertex 2.29643 3 20.8121
    endloop
  endfacet
  facet normal 0 1 0
    outer loop
      vertex 1.21184 3 21.5336
      vertex 2.09681 3 20.5697
      vertex 1.05427 3 21.3638
    endloop
  endfacet
  facet normal 0 1 -0
    outer loop
      vertex 1.87174 3 20.3508
      vertex 1.05427 3 21.3638
      vertex 2.09681 3 20.5697
    endloop
  endfacet
  facet normal 0 1 0
    outer loop
      vertex 1.05427 3 21.3638
      vertex 1.87174 3 20.3508
      vertex 0.873146 3 21.2193
    endloop
  endfacet
  facet normal 0 1 -0
    outer loop
      vertex 1.62395 3 20.1579
      vertex 0.873146 3 21.2193
      vertex 1.87174 3 20.3508
    endloop
  endfacet
  facet normal 0 1 -0
    outer loop
      vertex 1.35645 3 19.9935
      vertex 0.873146 3 21.2193
      vertex 1.62395 3 20.1579
    endloop
  endfacet
  facet normal 0 1 0
    outer loop
      vertex -1.49247 3 24.928
      vertex -0.873146 3 23.7807
      vertex -1.75051 3 24.7491
    endloop
  endfacet
  facet normal 0 1 -0
    outer loop
      vertex -1.05427 3 23.6362
      vertex -1.75051 3 24.7491
      vertex -0.873146 3 23.7807
    endloop
  endfacet
  facet normal 0 1 0
    outer loop
      vertex -1.75051 3 24.7491
      vertex -1.05427 3 23.6362
      vertex -1.9873 3 24.5428
    endloop
  endfacet
  facet normal 0 1 -0
    outer loop
      vertex -1.21184 3 23.4664
      vertex -1.9873 3 24.5428
      vertex -1.05427 3 23.6362
    endloop
  endfacet
  facet normal 0 1 0
    outer loop
      vertex -1.9873 3 24.5428
      vertex -1.21184 3 23.4664
      vertex -2.19996 3 24.3118
    endloop
  endfacet
  facet normal 0 1 0
    outer loop
      vertex -2.19996 3 24.3118
      vertex -1.21184 3 23.4664
      vertex -2.38592 3 24.0588
    endloop
  endfacet
  facet normal 0 1 -0
    outer loop
      vertex -1.34234 3 23.275
      vertex -2.38592 3 24.0588
      vertex -1.21184 3 23.4664
    endloop
  endfacet
  facet normal 0 1 0
    outer loop
      vertex -2.38592 3 24.0588
      vertex -1.34234 3 23.275
      vertex -2.54292 3 23.7869
    endloop
  endfacet
  facet normal 0 1 -0
    outer loop
      vertex -1.44285 3 23.0663
      vertex -2.54292 3 23.7869
      vertex -1.34234 3 23.275
    endloop
  endfacet
  facet normal 0 1 0
    outer loop
      vertex -2.54292 3 23.7869
      vertex -1.44285 3 23.0663
      vertex -2.66906 3 23.4993
    endloop
  endfacet
  facet normal 0 1 0
    outer loop
      vertex -2.66906 3 23.4993
      vertex -1.44285 3 23.0663
      vertex -2.76279 3 23.1996
    endloop
  endfacet
  facet normal 0 1 -0
    outer loop
      vertex -1.51114 3 22.8449
      vertex -2.76279 3 23.1996
      vertex -1.44285 3 23.0663
    endloop
  endfacet
  facet normal 0 1 0
    outer loop
      vertex -2.76279 3 23.1996
      vertex -1.51114 3 22.8449
      vertex -2.82299 3 22.8915
    endloop
  endfacet
  facet normal 0 1 -0
    outer loop
      vertex -1.54567 3 22.6158
      vertex -2.82299 3 22.8915
      vertex -1.51114 3 22.8449
    endloop
  endfacet
  facet normal 0 1 0
    outer loop
      vertex -1.54567 3 22.6158
      vertex -2.84892 3 22.5785
      vertex -2.82299 3 22.8915
    endloop
  endfacet
  facet normal 0 1 -0
    outer loop
      vertex -1.54567 3 22.3842
      vertex -2.84892 3 22.5785
      vertex -1.54567 3 22.6158
    endloop
  endfacet
  facet normal 0 1 0
    outer loop
      vertex -1.54567 3 22.3842
      vertex -2.84027 3 22.2646
      vertex -2.84892 3 22.5785
    endloop
  endfacet
  facet normal 0 1 0
    outer loop
      vertex -2.79714 3 21.9536
      vertex -1.54567 3 22.3842
      vertex -1.51114 3 22.1551
    endloop
  endfacet
  facet normal 0 1 0
    outer loop
      vertex -1.54567 3 22.3842
      vertex -2.79714 3 21.9536
      vertex -2.84027 3 22.2646
    endloop
  endfacet
  facet normal 0 1 0
    outer loop
      vertex -2.72005 3 21.6492
      vertex -1.51114 3 22.1551
      vertex -1.44285 3 21.9337
    endloop
  endfacet
  facet normal 0 1 0
    outer loop
      vertex -2.60995 3 21.3552
      vertex -1.44285 3 21.9337
      vertex -1.34234 3 21.725
    endloop
  endfacet
  facet normal 0 1 0
    outer loop
      vertex -1.51114 3 22.1551
      vertex -2.72005 3 21.6492
      vertex -2.79714 3 21.9536
    endloop
  endfacet
  facet normal 0 1 0
    outer loop
      vertex -2.29643 3 20.8121
      vertex -1.34234 3 21.725
      vertex -1.21184 3 21.5336
    endloop
  endfacet
  facet normal 0 1 0
    outer loop
      vertex -2.09681 3 20.5697
      vertex -1.21184 3 21.5336
      vertex -1.05427 3 21.3638
    endloop
  endfacet
  facet normal 0 1 0
    outer loop
      vertex -1.44285 3 21.9337
      vertex -2.60995 3 21.3552
      vertex -2.72005 3 21.6492
    endloop
  endfacet
  facet normal 0 1 0
    outer loop
      vertex -1.87174 3 20.3508
      vertex -1.05427 3 21.3638
      vertex -0.873146 3 21.2193
    endloop
  endfacet
  facet normal 0 1 0
    outer loop
      vertex -1.35645 3 19.9935
      vertex -0.873146 3 21.2193
      vertex -0.67252 3 21.1035
    endloop
  endfacet
  facet normal 0 1 0
    outer loop
      vertex -1.34234 3 21.725
      vertex -2.46817 3 21.075
      vertex -2.60995 3 21.3552
    endloop
  endfacet
  facet normal 0 1 0
    outer loop
      vertex -1.07248 3 19.8595
      vertex -0.67252 3 21.1035
      vertex -0.45687 3 21.0189
    endloop
  endfacet
  facet normal 0 1 0
    outer loop
      vertex -0.775495 3 19.7575
      vertex -0.45687 3 21.0189
      vertex -0.231015 3 20.9673
    endloop
  endfacet
  facet normal 0 1 -0
    outer loop
      vertex -0.157 3 19.6543
      vertex -0.231015 3 20.9673
      vertex 0 3 20.95
    endloop
  endfacet
  facet normal 0 1 0
    outer loop
      vertex 0.873146 3 21.2193
      vertex 1.35645 3 19.9935
      vertex 0.67252 3 21.1035
    endloop
  endfacet
  facet normal 0 1 0
    outer loop
      vertex -1.34234 3 21.725
      vertex -2.29643 3 20.8121
      vertex -2.46817 3 21.075
    endloop
  endfacet
  facet normal 0 1 -0
    outer loop
      vertex 1.07248 3 19.8595
      vertex 0.67252 3 21.1035
      vertex 1.35645 3 19.9935
    endloop
  endfacet
  facet normal 0 1 0
    outer loop
      vertex -1.21184 3 21.5336
      vertex -2.09681 3 20.5697
      vertex -2.29643 3 20.8121
    endloop
  endfacet
  facet normal 0 1 0
    outer loop
      vertex 0.67252 3 21.1035
      vertex 1.07248 3 19.8595
      vertex 0.45687 3 21.0189
    endloop
  endfacet
  facet normal 0 1 0
    outer loop
      vertex -1.05427 3 21.3638
      vertex -1.87174 3 20.3508
      vertex -2.09681 3 20.5697
    endloop
  endfacet
  facet normal 0 1 -0
    outer loop
      vertex 0.775495 3 19.7575
      vertex 0.45687 3 21.0189
      vertex 1.07248 3 19.8595
    endloop
  endfacet
  facet normal 0 1 0
    outer loop
      vertex -0.873146 3 21.2193
      vertex -1.62395 3 20.1579
      vertex -1.87174 3 20.3508
    endloop
  endfacet
  facet normal 0 1 0
    outer loop
      vertex 0.45687 3 21.0189
      vertex 0.775495 3 19.7575
      vertex 0.231015 3 20.9673
    endloop
  endfacet
  facet normal 0 1 0
    outer loop
      vertex -0.873146 3 21.2193
      vertex -1.35645 3 19.9935
      vertex -1.62395 3 20.1579
    endloop
  endfacet
  facet normal 0 1 -0
    outer loop
      vertex 0.469094 3 19.6889
      vertex 0.231015 3 20.9673
      vertex 0.775495 3 19.7575
    endloop
  endfacet
  facet normal 0 1 0
    outer loop
      vertex -0.67252 3 21.1035
      vertex -1.07248 3 19.8595
      vertex -1.35645 3 19.9935
    endloop
  endfacet
  facet normal 0 1 0
    outer loop
      vertex 0.157 3 19.6543
      vertex 0.231015 3 20.9673
      vertex 0.469094 3 19.6889
    endloop
  endfacet
  facet normal 0 1 0
    outer loop
      vertex -0.45687 3 21.0189
      vertex -0.775495 3 19.7575
      vertex -1.07248 3 19.8595
    endloop
  endfacet
  facet normal 0 1 0
    outer loop
      vertex 0.231015 3 20.9673
      vertex 0.157 3 19.6543
      vertex 0 3 20.95
    endloop
  endfacet
  facet normal 0 1 0
    outer loop
      vertex -0.231015 3 20.9673
      vertex -0.469094 3 19.6889
      vertex -0.775495 3 19.7575
    endloop
  endfacet
  facet normal 0 1 0
    outer loop
      vertex -0.157 3 19.6543
      vertex 0 3 20.95
      vertex 0.157 3 19.6543
    endloop
  endfacet
  facet normal 0 1 0
    outer loop
      vertex -0.231015 3 20.9673
      vertex -0.157 3 19.6543
      vertex -0.469094 3 19.6889
    endloop
  endfacet
  facet normal 0.0550821 0 -0.998482
    outer loop
      vertex 19.172 3 -8.4173
      vertex 19.4856 8 -8.4
      vertex 19.4856 3 -8.4
    endloop
  endfacet
  facet normal 0.0550821 0 -0.998482
    outer loop
      vertex 19.4856 8 -8.4
      vertex 19.172 3 -8.4173
      vertex 19.172 8 -8.4173
    endloop
  endfacet
  facet normal -0.0550996 0 -0.998481
    outer loop
      vertex 19.4856 3 -8.4
      vertex 19.7991 8 -8.4173
      vertex 19.7991 3 -8.4173
    endloop
  endfacet
  facet normal -0.0550996 0 -0.998481
    outer loop
      vertex 19.7991 8 -8.4173
      vertex 19.4856 3 -8.4
      vertex 19.4856 8 -8.4
    endloop
  endfacet
  facet normal -0.164595 0 -0.986361
    outer loop
      vertex 19.7991 3 -8.4173
      vertex 20.1088 8 -8.46898
      vertex 20.1088 3 -8.46898
    endloop
  endfacet
  facet normal -0.164595 0 -0.986361
    outer loop
      vertex 20.1088 8 -8.46898
      vertex 19.7991 3 -8.4173
      vertex 19.7991 8 -8.4173
    endloop
  endfacet
  facet normal 0.164595 0 -0.986361
    outer loop
      vertex 18.8623 3 -8.46898
      vertex 19.172 8 -8.4173
      vertex 19.172 3 -8.4173
    endloop
  endfacet
  facet normal 0.164595 0 -0.986361
    outer loop
      vertex 19.172 8 -8.4173
      vertex 18.8623 3 -8.46898
      vertex 18.8623 8 -8.46898
    endloop
  endfacet
  facet normal 0.272146 0 -0.962256
    outer loop
      vertex 18.5602 3 -8.55442
      vertex 18.8623 8 -8.46898
      vertex 18.8623 3 -8.46898
    endloop
  endfacet
  facet normal 0.272146 0 -0.962256
    outer loop
      vertex 18.8623 8 -8.46898
      vertex 18.5602 3 -8.55442
      vertex 18.5602 8 -8.55442
    endloop
  endfacet
  facet normal 0.376327 0 -0.926487
    outer loop
      vertex 18.2693 3 -8.67258
      vertex 18.5602 8 -8.55442
      vertex 18.5602 3 -8.55442
    endloop
  endfacet
  facet normal 0.376327 0 -0.926487
    outer loop
      vertex 18.5602 8 -8.55442
      vertex 18.2693 3 -8.67258
      vertex 18.2693 8 -8.67258
    endloop
  endfacet
  facet normal 0.475893 0 -0.879503
    outer loop
      vertex 17.9931 3 -8.82203
      vertex 18.2693 8 -8.67258
      vertex 18.2693 3 -8.67258
    endloop
  endfacet
  facet normal 0.475893 0 -0.879503
    outer loop
      vertex 18.2693 8 -8.67258
      vertex 17.9931 3 -8.82203
      vertex 17.9931 8 -8.82203
    endloop
  endfacet
  facet normal 0.569866 0 -0.821738
    outer loop
      vertex 17.7351 3 -9.00095
      vertex 17.9931 8 -8.82203
      vertex 17.9931 3 -8.82203
    endloop
  endfacet
  facet normal 0.569866 0 -0.821738
    outer loop
      vertex 17.9931 8 -8.82203
      vertex 17.7351 3 -9.00095
      vertex 17.7351 8 -9.00095
    endloop
  endfacet
  facet normal 0.656735 0 -0.754121
    outer loop
      vertex 17.4983 3 -9.20717
      vertex 17.7351 8 -9.00095
      vertex 17.7351 3 -9.00095
    endloop
  endfacet
  facet normal 0.656735 0 -0.754121
    outer loop
      vertex 17.7351 8 -9.00095
      vertex 17.4983 3 -9.20717
      vertex 17.4983 8 -9.20717
    endloop
  endfacet
  facet normal 0.735675 0 -0.677335
    outer loop
      vertex 17.4983 3 -9.20717
      vertex 17.2856 8 -9.43819
      vertex 17.4983 8 -9.20717
    endloop
  endfacet
  facet normal 0.735675 0 -0.677335
    outer loop
      vertex 17.2856 8 -9.43819
      vertex 17.4983 3 -9.20717
      vertex 17.2856 3 -9.43819
    endloop
  endfacet
  facet normal 0.805707 0 -0.592314
    outer loop
      vertex 17.2856 3 -9.43819
      vertex 17.0996 8 -9.6912
      vertex 17.2856 8 -9.43819
    endloop
  endfacet
  facet normal 0.805707 0 -0.592314
    outer loop
      vertex 17.0996 8 -9.6912
      vertex 17.2856 3 -9.43819
      vertex 17.0996 3 -9.6912
    endloop
  endfacet
  facet normal 0.866024 0 -0.500003
    outer loop
      vertex 17.0996 3 -9.6912
      vertex 16.9426 8 -9.96313
      vertex 17.0996 8 -9.6912
    endloop
  endfacet
  facet normal 0.866024 0 -0.500003
    outer loop
      vertex 16.9426 8 -9.96313
      vertex 17.0996 3 -9.6912
      vertex 16.9426 3 -9.96313
    endloop
  endfacet
  facet normal 0.91582 0 -0.401589
    outer loop
      vertex 16.9426 3 -9.96313
      vertex 16.8165 8 -10.2507
      vertex 16.9426 8 -9.96313
    endloop
  endfacet
  facet normal 0.91582 0 -0.401589
    outer loop
      vertex 16.8165 8 -10.2507
      vertex 16.9426 3 -9.96313
      vertex 16.8165 3 -10.2507
    endloop
  endfacet
  facet normal 0.95444 0 -0.298402
    outer loop
      vertex 16.8165 3 -10.2507
      vertex 16.7228 8 -10.5504
      vertex 16.8165 8 -10.2507
    endloop
  endfacet
  facet normal 0.95444 0 -0.298402
    outer loop
      vertex 16.7228 8 -10.5504
      vertex 16.8165 3 -10.2507
      vertex 16.7228 3 -10.5504
    endloop
  endfacet
  facet normal 0.981441 0 -0.191765
    outer loop
      vertex 16.7228 3 -10.5504
      vertex 16.6626 8 -10.8585
      vertex 16.7228 8 -10.5504
    endloop
  endfacet
  facet normal 0.981441 0 -0.191765
    outer loop
      vertex 16.6626 8 -10.8585
      vertex 16.7228 3 -10.5504
      vertex 16.6626 3 -10.8585
    endloop
  endfacet
  facet normal 0.996594 0 -0.0824658
    outer loop
      vertex 16.6626 3 -10.8585
      vertex 16.6367 8 -11.1715
      vertex 16.6626 8 -10.8585
    endloop
  endfacet
  facet normal 0.996594 0 -0.0824658
    outer loop
      vertex 16.6367 8 -11.1715
      vertex 16.6626 3 -10.8585
      vertex 16.6367 3 -11.1715
    endloop
  endfacet
  facet normal 0.999625 -0 0.027387
    outer loop
      vertex 16.6367 3 -11.1715
      vertex 16.6453 8 -11.4854
      vertex 16.6367 8 -11.1715
    endloop
  endfacet
  facet normal 0.999625 0 0.027387
    outer loop
      vertex 16.6453 8 -11.4854
      vertex 16.6367 3 -11.1715
      vertex 16.6453 3 -11.4854
    endloop
  endfacet
  facet normal 0.990533 -0 0.137273
    outer loop
      vertex 16.6453 3 -11.4854
      vertex 16.6884 8 -11.7964
      vertex 16.6453 8 -11.4854
    endloop
  endfacet
  facet normal 0.990533 0 0.137273
    outer loop
      vertex 16.6884 8 -11.7964
      vertex 16.6453 3 -11.4854
      vertex 16.6884 3 -11.7964
    endloop
  endfacet
  facet normal 0.969389 -0 0.245532
    outer loop
      vertex 16.6884 3 -11.7964
      vertex 16.7655 8 -12.1008
      vertex 16.6884 8 -11.7964
    endloop
  endfacet
  facet normal 0.969389 0 0.245532
    outer loop
      vertex 16.7655 8 -12.1008
      vertex 16.6884 3 -11.7964
      vertex 16.7655 3 -12.1008
    endloop
  endfacet
  facet normal 0.936486 -0 0.350705
    outer loop
      vertex 16.7655 3 -12.1008
      vertex 16.8756 8 -12.3948
      vertex 16.7655 8 -12.1008
    endloop
  endfacet
  facet normal 0.936486 0 0.350705
    outer loop
      vertex 16.8756 8 -12.3948
      vertex 16.7655 3 -12.1008
      vertex 16.8756 3 -12.3948
    endloop
  endfacet
  facet normal 0.892251 -0 0.451539
    outer loop
      vertex 16.8756 3 -12.3948
      vertex 17.0174 8 -12.675
      vertex 16.8756 8 -12.3948
    endloop
  endfacet
  facet normal 0.892251 0 0.451539
    outer loop
      vertex 17.0174 8 -12.675
      vertex 16.8756 3 -12.3948
      vertex 17.0174 3 -12.675
    endloop
  endfacet
  facet normal 0.837256 -0 0.546812
    outer loop
      vertex 17.0174 3 -12.675
      vertex 17.1891 8 -12.9379
      vertex 17.0174 8 -12.675
    endloop
  endfacet
  facet normal 0.837256 0 0.546812
    outer loop
      vertex 17.1891 8 -12.9379
      vertex 17.0174 3 -12.675
      vertex 17.1891 3 -12.9379
    endloop
  endfacet
  facet normal 0.771811 -0 0.635852
    outer loop
      vertex 17.1891 3 -12.9379
      vertex 17.3888 8 -13.1803
      vertex 17.1891 8 -12.9379
    endloop
  endfacet
  facet normal 0.771811 0 0.635852
    outer loop
      vertex 17.3888 8 -13.1803
      vertex 17.1891 3 -12.9379
      vertex 17.3888 3 -13.1803
    endloop
  endfacet
  facet normal 0.697324 0 0.716756
    outer loop
      vertex 17.3888 8 -13.1803
      vertex 17.6138 3 -13.3992
      vertex 17.6138 8 -13.3992
    endloop
  endfacet
  facet normal 0.697324 0 0.716756
    outer loop
      vertex 17.6138 3 -13.3992
      vertex 17.3888 8 -13.1803
      vertex 17.3888 3 -13.1803
    endloop
  endfacet
  facet normal 0.614271 0 0.789095
    outer loop
      vertex 17.6138 8 -13.3992
      vertex 17.8616 3 -13.5921
      vertex 17.8616 8 -13.5921
    endloop
  endfacet
  facet normal 0.614271 0 0.789095
    outer loop
      vertex 17.8616 3 -13.5921
      vertex 17.6138 8 -13.3992
      vertex 17.6138 3 -13.3992
    endloop
  endfacet
  facet normal 0.5236 0 0.851964
    outer loop
      vertex 17.8616 8 -13.5921
      vertex 18.1291 3 -13.7565
      vertex 18.1291 8 -13.7565
    endloop
  endfacet
  facet normal 0.5236 0 0.851964
    outer loop
      vertex 18.1291 3 -13.7565
      vertex 17.8616 8 -13.5921
      vertex 17.8616 3 -13.5921
    endloop
  endfacet
  facet normal 0.426717 0 0.904385
    outer loop
      vertex 18.1291 8 -13.7565
      vertex 18.4131 3 -13.8905
      vertex 18.4131 8 -13.8905
    endloop
  endfacet
  facet normal 0.426717 0 0.904385
    outer loop
      vertex 18.4131 3 -13.8905
      vertex 18.1291 8 -13.7565
      vertex 18.1291 3 -13.7565
    endloop
  endfacet
  facet normal 0.324813 0 0.945778
    outer loop
      vertex 18.4131 8 -13.8905
      vertex 18.7101 3 -13.9925
      vertex 18.7101 8 -13.9925
    endloop
  endfacet
  facet normal 0.324813 0 0.945778
    outer loop
      vertex 18.7101 3 -13.9925
      vertex 18.4131 8 -13.8905
      vertex 18.4131 3 -13.8905
    endloop
  endfacet
  facet normal 0.218481 0 0.975841
    outer loop
      vertex 18.7101 8 -13.9925
      vertex 19.0165 3 -14.0611
      vertex 19.0165 8 -14.0611
    endloop
  endfacet
  facet normal 0.218481 0 0.975841
    outer loop
      vertex 19.0165 3 -14.0611
      vertex 18.7101 8 -13.9925
      vertex 18.7101 3 -13.9925
    endloop
  endfacet
  facet normal 0.110187 0 0.993911
    outer loop
      vertex 19.0165 8 -14.0611
      vertex 19.3286 3 -14.0957
      vertex 19.3286 8 -14.0957
    endloop
  endfacet
  facet normal 0.110187 0 0.993911
    outer loop
      vertex 19.3286 3 -14.0957
      vertex 19.0165 8 -14.0611
      vertex 19.0165 3 -14.0611
    endloop
  endfacet
  facet normal -0 0 1
    outer loop
      vertex 19.3286 8 -14.0957
      vertex 19.6426 3 -14.0957
      vertex 19.6426 8 -14.0957
    endloop
  endfacet
  facet normal 0 0 1
    outer loop
      vertex 19.6426 3 -14.0957
      vertex 19.3286 8 -14.0957
      vertex 19.3286 3 -14.0957
    endloop
  endfacet
  facet normal -0.110187 0 0.993911
    outer loop
      vertex 19.6426 8 -14.0957
      vertex 19.9547 3 -14.0611
      vertex 19.9547 8 -14.0611
    endloop
  endfacet
  facet normal -0.110187 0 0.993911
    outer loop
      vertex 19.9547 3 -14.0611
      vertex 19.6426 8 -14.0957
      vertex 19.6426 3 -14.0957
    endloop
  endfacet
  facet normal -0.218481 0 0.975841
    outer loop
      vertex 19.9547 8 -14.0611
      vertex 20.2611 3 -13.9925
      vertex 20.2611 8 -13.9925
    endloop
  endfacet
  facet normal -0.218481 0 0.975841
    outer loop
      vertex 20.2611 3 -13.9925
      vertex 19.9547 8 -14.0611
      vertex 19.9547 3 -14.0611
    endloop
  endfacet
  facet normal -0.324813 0 0.945778
    outer loop
      vertex 20.2611 8 -13.9925
      vertex 20.5581 3 -13.8905
      vertex 20.5581 8 -13.8905
    endloop
  endfacet
  facet normal -0.324813 0 0.945778
    outer loop
      vertex 20.5581 3 -13.8905
      vertex 20.2611 8 -13.9925
      vertex 20.2611 3 -13.9925
    endloop
  endfacet
  facet normal -0.42684 0 0.904327
    outer loop
      vertex 20.5581 8 -13.8905
      vertex 20.842 3 -13.7565
      vertex 20.842 8 -13.7565
    endloop
  endfacet
  facet normal -0.42684 0 0.904327
    outer loop
      vertex 20.842 3 -13.7565
      vertex 20.5581 8 -13.8905
      vertex 20.5581 3 -13.8905
    endloop
  endfacet
  facet normal -0.5236 0 0.851964
    outer loop
      vertex 20.842 8 -13.7565
      vertex 21.1095 3 -13.5921
      vertex 21.1095 8 -13.5921
    endloop
  endfacet
  facet normal -0.5236 0 0.851964
    outer loop
      vertex 21.1095 3 -13.5921
      vertex 20.842 8 -13.7565
      vertex 20.842 3 -13.7565
    endloop
  endfacet
  facet normal -0.614271 0 0.789095
    outer loop
      vertex 21.1095 8 -13.5921
      vertex 21.3573 3 -13.3992
      vertex 21.3573 8 -13.3992
    endloop
  endfacet
  facet normal -0.614271 0 0.789095
    outer loop
      vertex 21.3573 3 -13.3992
      vertex 21.1095 8 -13.5921
      vertex 21.1095 3 -13.5921
    endloop
  endfacet
  facet normal -0.697165 0 0.716911
    outer loop
      vertex 21.3573 8 -13.3992
      vertex 21.5824 3 -13.1803
      vertex 21.5824 8 -13.1803
    endloop
  endfacet
  facet normal -0.697165 0 0.716911
    outer loop
      vertex 21.5824 3 -13.1803
      vertex 21.3573 8 -13.3992
      vertex 21.3573 3 -13.3992
    endloop
  endfacet
  facet normal -0.771967 0 0.635663
    outer loop
      vertex 21.5824 3 -13.1803
      vertex 21.782 8 -12.9379
      vertex 21.5824 8 -13.1803
    endloop
  endfacet
  facet normal -0.771967 0 0.635663
    outer loop
      vertex 21.782 8 -12.9379
      vertex 21.5824 3 -13.1803
      vertex 21.782 3 -12.9379
    endloop
  endfacet
  facet normal -0.837256 0 0.546812
    outer loop
      vertex 21.782 3 -12.9379
      vertex 21.9537 8 -12.675
      vertex 21.782 8 -12.9379
    endloop
  endfacet
  facet normal -0.837256 0 0.546812
    outer loop
      vertex 21.9537 8 -12.675
      vertex 21.782 3 -12.9379
      vertex 21.9537 3 -12.675
    endloop
  endfacet
  facet normal -0.892251 0 0.451539
    outer loop
      vertex 21.9537 3 -12.675
      vertex 22.0955 8 -12.3948
      vertex 21.9537 8 -12.675
    endloop
  endfacet
  facet normal -0.892251 0 0.451539
    outer loop
      vertex 22.0955 8 -12.3948
      vertex 21.9537 3 -12.675
      vertex 22.0955 3 -12.3948
    endloop
  endfacet
  facet normal -0.936486 0 0.350705
    outer loop
      vertex 22.0955 3 -12.3948
      vertex 22.2056 8 -12.1008
      vertex 22.0955 8 -12.3948
    endloop
  endfacet
  facet normal -0.936486 0 0.350705
    outer loop
      vertex 22.2056 8 -12.1008
      vertex 22.0955 3 -12.3948
      vertex 22.2056 3 -12.1008
    endloop
  endfacet
  facet normal -0.969389 0 0.245532
    outer loop
      vertex 22.2056 3 -12.1008
      vertex 22.2827 8 -11.7964
      vertex 22.2056 8 -12.1008
    endloop
  endfacet
  facet normal -0.969389 0 0.245532
    outer loop
      vertex 22.2827 8 -11.7964
      vertex 22.2056 3 -12.1008
      vertex 22.2827 3 -11.7964
    endloop
  endfacet
  facet normal -0.990533 0 0.137273
    outer loop
      vertex 22.2827 3 -11.7964
      vertex 22.3258 8 -11.4854
      vertex 22.2827 8 -11.7964
    endloop
  endfacet
  facet normal -0.990533 0 0.137273
    outer loop
      vertex 22.3258 8 -11.4854
      vertex 22.2827 3 -11.7964
      vertex 22.3258 3 -11.4854
    endloop
  endfacet
  facet normal -0.999616 0 0.0277052
    outer loop
      vertex 22.3258 3 -11.4854
      vertex 22.3345 8 -11.1715
      vertex 22.3258 8 -11.4854
    endloop
  endfacet
  facet normal -0.999616 0 0.0277052
    outer loop
      vertex 22.3345 8 -11.1715
      vertex 22.3258 3 -11.4854
      vertex 22.3345 3 -11.1715
    endloop
  endfacet
  facet normal -0.996594 0 -0.0824658
    outer loop
      vertex 22.3345 3 -11.1715
      vertex 22.3086 8 -10.8585
      vertex 22.3345 8 -11.1715
    endloop
  endfacet
  facet normal -0.996594 -0 -0.0824658
    outer loop
      vertex 22.3086 8 -10.8585
      vertex 22.3345 3 -11.1715
      vertex 22.3086 3 -10.8585
    endloop
  endfacet
  facet normal -0.981441 0 -0.191765
    outer loop
      vertex 22.3086 3 -10.8585
      vertex 22.2484 8 -10.5504
      vertex 22.3086 8 -10.8585
    endloop
  endfacet
  facet normal -0.981441 -0 -0.191765
    outer loop
      vertex 22.2484 8 -10.5504
      vertex 22.3086 3 -10.8585
      vertex 22.2484 3 -10.5504
    endloop
  endfacet
  facet normal -0.95435 0 -0.298692
    outer loop
      vertex 22.2484 3 -10.5504
      vertex 22.1546 8 -10.2507
      vertex 22.2484 8 -10.5504
    endloop
  endfacet
  facet normal -0.95435 -0 -0.298692
    outer loop
      vertex 22.1546 8 -10.2507
      vertex 22.2484 3 -10.5504
      vertex 22.1546 3 -10.2507
    endloop
  endfacet
  facet normal -0.91582 0 -0.401589
    outer loop
      vertex 22.1546 3 -10.2507
      vertex 22.0285 8 -9.96313
      vertex 22.1546 8 -10.2507
    endloop
  endfacet
  facet normal -0.91582 -0 -0.401589
    outer loop
      vertex 22.0285 8 -9.96313
      vertex 22.1546 3 -10.2507
      vertex 22.0285 3 -9.96313
    endloop
  endfacet
  facet normal -0.866024 0 -0.500003
    outer loop
      vertex 22.0285 3 -9.96313
      vertex 21.8715 8 -9.6912
      vertex 22.0285 8 -9.96313
    endloop
  endfacet
  facet normal -0.866024 -0 -0.500003
    outer loop
      vertex 21.8715 8 -9.6912
      vertex 22.0285 3 -9.96313
      vertex 21.8715 3 -9.6912
    endloop
  endfacet
  facet normal -0.805707 0 -0.592314
    outer loop
      vertex 21.8715 3 -9.6912
      vertex 21.6855 8 -9.43819
      vertex 21.8715 8 -9.6912
    endloop
  endfacet
  facet normal -0.805707 -0 -0.592314
    outer loop
      vertex 21.6855 8 -9.43819
      vertex 21.8715 3 -9.6912
      vertex 21.6855 3 -9.43819
    endloop
  endfacet
  facet normal -0.735833 0 -0.677163
    outer loop
      vertex 21.6855 3 -9.43819
      vertex 21.4729 8 -9.20717
      vertex 21.6855 8 -9.43819
    endloop
  endfacet
  facet normal -0.735833 -0 -0.677163
    outer loop
      vertex 21.4729 8 -9.20717
      vertex 21.6855 3 -9.43819
      vertex 21.4729 3 -9.20717
    endloop
  endfacet
  facet normal -0.656735 0 -0.754121
    outer loop
      vertex 21.2361 3 -9.00095
      vertex 21.4729 8 -9.20717
      vertex 21.4729 3 -9.20717
    endloop
  endfacet
  facet normal -0.656735 0 -0.754121
    outer loop
      vertex 21.4729 8 -9.20717
      vertex 21.2361 3 -9.00095
      vertex 21.2361 8 -9.00095
    endloop
  endfacet
  facet normal -0.569717 0 -0.821841
    outer loop
      vertex 20.978 3 -8.82203
      vertex 21.2361 8 -9.00095
      vertex 21.2361 3 -9.00095
    endloop
  endfacet
  facet normal -0.569717 0 -0.821841
    outer loop
      vertex 21.2361 8 -9.00095
      vertex 20.978 3 -8.82203
      vertex 20.978 8 -8.82203
    endloop
  endfacet
  facet normal -0.476027 0 -0.879431
    outer loop
      vertex 20.7019 3 -8.67258
      vertex 20.978 8 -8.82203
      vertex 20.978 3 -8.82203
    endloop
  endfacet
  facet normal -0.476027 0 -0.879431
    outer loop
      vertex 20.978 8 -8.82203
      vertex 20.7019 3 -8.67258
      vertex 20.7019 8 -8.67258
    endloop
  endfacet
  facet normal -0.376327 0 -0.926487
    outer loop
      vertex 20.411 3 -8.55442
      vertex 20.7019 8 -8.67258
      vertex 20.7019 3 -8.67258
    endloop
  endfacet
  facet normal -0.376327 0 -0.926487
    outer loop
      vertex 20.7019 8 -8.67258
      vertex 20.411 3 -8.55442
      vertex 20.411 8 -8.55442
    endloop
  endfacet
  facet normal -0.272062 0 -0.96228
    outer loop
      vertex 20.1088 3 -8.46898
      vertex 20.411 8 -8.55442
      vertex 20.411 3 -8.55442
    endloop
  endfacet
  facet normal -0.272062 0 -0.96228
    outer loop
      vertex 20.411 8 -8.55442
      vertex 20.1088 3 -8.46898
      vertex 20.1088 8 -8.46898
    endloop
  endfacet
  facet normal 0 1 0
    outer loop
      vertex 19.4856 3 -9.7
      vertex 19.4856 3 -8.4
      vertex 19.7991 3 -8.4173
    endloop
  endfacet
  facet normal 0 1 0
    outer loop
      vertex 19.7166 3 -9.71731
      vertex 19.7991 3 -8.4173
      vertex 20.1088 3 -8.46898
    endloop
  endfacet
  facet normal 0 1 0
    outer loop
      vertex 19.4856 3 -8.4
      vertex 19.4856 3 -9.7
      vertex 19.172 3 -8.4173
    endloop
  endfacet
  facet normal 0 1 0
    outer loop
      vertex 19.9424 3 -9.76886
      vertex 20.1088 3 -8.46898
      vertex 20.411 3 -8.55442
    endloop
  endfacet
  facet normal 0 1 -0
    outer loop
      vertex 19.2546 3 -9.71731
      vertex 19.172 3 -8.4173
      vertex 19.4856 3 -9.7
    endloop
  endfacet
  facet normal 0 1 0
    outer loop
      vertex 20.1581 3 -9.8535
      vertex 20.411 3 -8.55442
      vertex 20.7019 3 -8.67258
    endloop
  endfacet
  facet normal 0 1 0
    outer loop
      vertex 19.172 3 -8.4173
      vertex 19.2546 3 -9.71731
      vertex 18.8623 3 -8.46898
    endloop
  endfacet
  facet normal 0 1 0
    outer loop
      vertex 20.1581 3 -9.8535
      vertex 20.7019 3 -8.67258
      vertex 20.978 3 -8.82203
    endloop
  endfacet
  facet normal 0 1 -0
    outer loop
      vertex 19.0287 3 -9.76886
      vertex 18.8623 3 -8.46898
      vertex 19.2546 3 -9.71731
    endloop
  endfacet
  facet normal 0 1 0
    outer loop
      vertex 20.3587 3 -9.96933
      vertex 20.978 3 -8.82203
      vertex 21.2361 3 -9.00095
    endloop
  endfacet
  facet normal 0 1 0
    outer loop
      vertex 18.8623 3 -8.46898
      vertex 19.0287 3 -9.76886
      vertex 18.5602 3 -8.55442
    endloop
  endfacet
  facet normal 0 1 0
    outer loop
      vertex 20.5398 3 -10.1138
      vertex 21.2361 3 -9.00095
      vertex 21.4729 3 -9.20717
    endloop
  endfacet
  facet normal 0 1 -0
    outer loop
      vertex 18.8131 3 -9.8535
      vertex 18.5602 3 -8.55442
      vertex 19.0287 3 -9.76886
    endloop
  endfacet
  facet normal 0 1 0
    outer loop
      vertex 20.6974 3 -10.2836
      vertex 21.4729 3 -9.20717
      vertex 21.6855 3 -9.43819
    endloop
  endfacet
  facet normal 0 1 0
    outer loop
      vertex 18.5602 3 -8.55442
      vertex 18.8131 3 -9.8535
      vertex 18.2693 3 -8.67258
    endloop
  endfacet
  facet normal 0 1 0
    outer loop
      vertex 20.6974 3 -10.2836
      vertex 21.6855 3 -9.43819
      vertex 21.8715 3 -9.6912
    endloop
  endfacet
  facet normal 0 1 0
    outer loop
      vertex 18.2693 3 -8.67258
      vertex 18.8131 3 -9.8535
      vertex 17.9931 3 -8.82203
    endloop
  endfacet
  facet normal 0 1 -0
    outer loop
      vertex 18.6124 3 -9.96933
      vertex 17.9931 3 -8.82203
      vertex 18.8131 3 -9.8535
    endloop
  endfacet
  facet normal 0 1 0
    outer loop
      vertex 19.7991 3 -8.4173
      vertex 19.7166 3 -9.71731
      vertex 19.4856 3 -9.7
    endloop
  endfacet
  facet normal 0 1 0
    outer loop
      vertex 20.1088 3 -8.46898
      vertex 19.9424 3 -9.76886
      vertex 19.7166 3 -9.71731
    endloop
  endfacet
  facet normal 0 1 0
    outer loop
      vertex 20.411 3 -8.55442
      vertex 20.1581 3 -9.8535
      vertex 19.9424 3 -9.76886
    endloop
  endfacet
  facet normal 0 1 0
    outer loop
      vertex 20.8279 3 -10.475
      vertex 21.8715 3 -9.6912
      vertex 22.0285 3 -9.96313
    endloop
  endfacet
  facet normal 0 1 0
    outer loop
      vertex 20.978 3 -8.82203
      vertex 20.3587 3 -9.96933
      vertex 20.1581 3 -9.8535
    endloop
  endfacet
  facet normal 0 1 0
    outer loop
      vertex 21.2361 3 -9.00095
      vertex 20.5398 3 -10.1138
      vertex 20.3587 3 -9.96933
    endloop
  endfacet
  facet normal 0 1 0
    outer loop
      vertex 20.9284 3 -10.6837
      vertex 22.0285 3 -9.96313
      vertex 22.1546 3 -10.2507
    endloop
  endfacet
  facet normal 0 1 0
    outer loop
      vertex 21.4729 3 -9.20717
      vertex 20.6974 3 -10.2836
      vertex 20.5398 3 -10.1138
    endloop
  endfacet
  facet normal 0 1 0
    outer loop
      vertex 21.8715 3 -9.6912
      vertex 20.8279 3 -10.475
      vertex 20.6974 3 -10.2836
    endloop
  endfacet
  facet normal 0 1 0
    outer loop
      vertex 20.9284 3 -10.6837
      vertex 22.1546 3 -10.2507
      vertex 22.2484 3 -10.5504
    endloop
  endfacet
  facet normal 0 1 0
    outer loop
      vertex 22.0285 3 -9.96313
      vertex 20.9284 3 -10.6837
      vertex 20.8279 3 -10.475
    endloop
  endfacet
  facet normal 0 1 0
    outer loop
      vertex 20.9967 3 -10.9051
      vertex 22.2484 3 -10.5504
      vertex 22.3086 3 -10.8585
    endloop
  endfacet
  facet normal 0 1 0
    outer loop
      vertex 22.2484 3 -10.5504
      vertex 20.9967 3 -10.9051
      vertex 20.9284 3 -10.6837
    endloop
  endfacet
  facet normal 0 1 0
    outer loop
      vertex 22.3086 3 -10.8585
      vertex 21.0312 3 -11.1342
      vertex 20.9967 3 -10.9051
    endloop
  endfacet
  facet normal 0 1 0
    outer loop
      vertex 22.3345 3 -11.1715
      vertex 21.0312 3 -11.1342
      vertex 22.3086 3 -10.8585
    endloop
  endfacet
  facet normal 0 1 0
    outer loop
      vertex 22.3345 3 -11.1715
      vertex 21.0312 3 -11.3658
      vertex 21.0312 3 -11.1342
    endloop
  endfacet
  facet normal 0 1 -0
    outer loop
      vertex 22.3258 3 -11.4854
      vertex 21.0312 3 -11.3658
      vertex 22.3345 3 -11.1715
    endloop
  endfacet
  facet normal 0 1 -0
    outer loop
      vertex 22.2827 3 -11.7964
      vertex 21.0312 3 -11.3658
      vertex 22.3258 3 -11.4854
    endloop
  endfacet
  facet normal 0 1 0
    outer loop
      vertex 21.0312 3 -11.3658
      vertex 22.2827 3 -11.7964
      vertex 20.9967 3 -11.5949
    endloop
  endfacet
  facet normal 0 1 -0
    outer loop
      vertex 22.2056 3 -12.1008
      vertex 20.9967 3 -11.5949
      vertex 22.2827 3 -11.7964
    endloop
  endfacet
  facet normal 0 1 0
    outer loop
      vertex 20.9967 3 -11.5949
      vertex 22.2056 3 -12.1008
      vertex 20.9284 3 -11.8163
    endloop
  endfacet
  facet normal 0 1 -0
    outer loop
      vertex 22.0955 3 -12.3948
      vertex 20.9284 3 -11.8163
      vertex 22.2056 3 -12.1008
    endloop
  endfacet
  facet normal 0 1 0
    outer loop
      vertex 20.9284 3 -11.8163
      vertex 22.0955 3 -12.3948
      vertex 20.8279 3 -12.025
    endloop
  endfacet
  facet normal 0 1 -0
    outer loop
      vertex 21.9537 3 -12.675
      vertex 20.8279 3 -12.025
      vertex 22.0955 3 -12.3948
    endloop
  endfacet
  facet normal 0 1 -0
    outer loop
      vertex 21.782 3 -12.9379
      vertex 20.8279 3 -12.025
      vertex 21.9537 3 -12.675
    endloop
  endfacet
  facet normal 0 1 0
    outer loop
      vertex 20.8279 3 -12.025
      vertex 21.782 3 -12.9379
      vertex 20.6974 3 -12.2164
    endloop
  endfacet
  facet normal 0 1 -0
    outer loop
      vertex 21.5824 3 -13.1803
      vertex 20.6974 3 -12.2164
      vertex 21.782 3 -12.9379
    endloop
  endfacet
  facet normal 0 1 0
    outer loop
      vertex 20.6974 3 -12.2164
      vertex 21.5824 3 -13.1803
      vertex 20.5398 3 -12.3862
    endloop
  endfacet
  facet normal 0 1 -0
    outer loop
      vertex 21.3573 3 -13.3992
      vertex 20.5398 3 -12.3862
      vertex 21.5824 3 -13.1803
    endloop
  endfacet
  facet normal 0 1 0
    outer loop
      vertex 20.5398 3 -12.3862
      vertex 21.3573 3 -13.3992
      vertex 20.3587 3 -12.5307
    endloop
  endfacet
  facet normal 0 1 -0
    outer loop
      vertex 21.1095 3 -13.5921
      vertex 20.3587 3 -12.5307
      vertex 21.3573 3 -13.3992
    endloop
  endfacet
  facet normal 0 1 -0
    outer loop
      vertex 20.842 3 -13.7565
      vertex 20.3587 3 -12.5307
      vertex 21.1095 3 -13.5921
    endloop
  endfacet
  facet normal 0 1 0
    outer loop
      vertex 17.9931 3 -8.82203
      vertex 18.6124 3 -9.96933
      vertex 17.7351 3 -9.00095
    endloop
  endfacet
  facet normal 0 1 -0
    outer loop
      vertex 18.4313 3 -10.1138
      vertex 17.7351 3 -9.00095
      vertex 18.6124 3 -9.96933
    endloop
  endfacet
  facet normal 0 1 0
    outer loop
      vertex 17.7351 3 -9.00095
      vertex 18.4313 3 -10.1138
      vertex 17.4983 3 -9.20717
    endloop
  endfacet
  facet normal 0 1 -0
    outer loop
      vertex 18.2737 3 -10.2836
      vertex 17.4983 3 -9.20717
      vertex 18.4313 3 -10.1138
    endloop
  endfacet
  facet normal 0 1 0
    outer loop
      vertex 17.4983 3 -9.20717
      vertex 18.2737 3 -10.2836
      vertex 17.2856 3 -9.43819
    endloop
  endfacet
  facet normal 0 1 0
    outer loop
      vertex 17.2856 3 -9.43819
      vertex 18.2737 3 -10.2836
      vertex 17.0996 3 -9.6912
    endloop
  endfacet
  facet normal 0 1 -0
    outer loop
      vertex 18.1432 3 -10.475
      vertex 17.0996 3 -9.6912
      vertex 18.2737 3 -10.2836
    endloop
  endfacet
  facet normal 0 1 0
    outer loop
      vertex 17.0996 3 -9.6912
      vertex 18.1432 3 -10.475
      vertex 16.9426 3 -9.96313
    endloop
  endfacet
  facet normal 0 1 -0
    outer loop
      vertex 18.0427 3 -10.6837
      vertex 16.9426 3 -9.96313
      vertex 18.1432 3 -10.475
    endloop
  endfacet
  facet normal 0 1 0
    outer loop
      vertex 16.9426 3 -9.96313
      vertex 18.0427 3 -10.6837
      vertex 16.8165 3 -10.2507
    endloop
  endfacet
  facet normal 0 1 0
    outer loop
      vertex 16.8165 3 -10.2507
      vertex 18.0427 3 -10.6837
      vertex 16.7228 3 -10.5504
    endloop
  endfacet
  facet normal 0 1 -0
    outer loop
      vertex 17.9744 3 -10.9051
      vertex 16.7228 3 -10.5504
      vertex 18.0427 3 -10.6837
    endloop
  endfacet
  facet normal 0 1 0
    outer loop
      vertex 16.7228 3 -10.5504
      vertex 17.9744 3 -10.9051
      vertex 16.6626 3 -10.8585
    endloop
  endfacet
  facet normal 0 1 -0
    outer loop
      vertex 17.9399 3 -11.1342
      vertex 16.6626 3 -10.8585
      vertex 17.9744 3 -10.9051
    endloop
  endfacet
  facet normal 0 1 0
    outer loop
      vertex 17.9399 3 -11.1342
      vertex 16.6367 3 -11.1715
      vertex 16.6626 3 -10.8585
    endloop
  endfacet
  facet normal 0 1 -0
    outer loop
      vertex 17.9399 3 -11.3658
      vertex 16.6367 3 -11.1715
      vertex 17.9399 3 -11.1342
    endloop
  endfacet
  facet normal 0 1 0
    outer loop
      vertex 17.9399 3 -11.3658
      vertex 16.6453 3 -11.4854
      vertex 16.6367 3 -11.1715
    endloop
  endfacet
  facet normal 0 1 0
    outer loop
      vertex 16.6884 3 -11.7964
      vertex 17.9399 3 -11.3658
      vertex 17.9744 3 -11.5949
    endloop
  endfacet
  facet normal 0 1 0
    outer loop
      vertex 17.9399 3 -11.3658
      vertex 16.6884 3 -11.7964
      vertex 16.6453 3 -11.4854
    endloop
  endfacet
  facet normal 0 1 0
    outer loop
      vertex 16.7655 3 -12.1008
      vertex 17.9744 3 -11.5949
      vertex 18.0427 3 -11.8163
    endloop
  endfacet
  facet normal 0 1 0
    outer loop
      vertex 16.8756 3 -12.3948
      vertex 18.0427 3 -11.8163
      vertex 18.1432 3 -12.025
    endloop
  endfacet
  facet normal 0 1 0
    outer loop
      vertex 17.9744 3 -11.5949
      vertex 16.7655 3 -12.1008
      vertex 16.6884 3 -11.7964
    endloop
  endfacet
  facet normal 0 1 0
    outer loop
      vertex 17.1891 3 -12.9379
      vertex 18.1432 3 -12.025
      vertex 18.2737 3 -12.2164
    endloop
  endfacet
  facet normal 0 1 0
    outer loop
      vertex 17.3888 3 -13.1803
      vertex 18.2737 3 -12.2164
      vertex 18.4313 3 -12.3862
    endloop
  endfacet
  facet normal 0 1 0
    outer loop
      vertex 18.0427 3 -11.8163
      vertex 16.8756 3 -12.3948
      vertex 16.7655 3 -12.1008
    endloop
  endfacet
  facet normal 0 1 0
    outer loop
      vertex 17.6138 3 -13.3992
      vertex 18.4313 3 -12.3862
      vertex 18.6124 3 -12.5307
    endloop
  endfacet
  facet normal 0 1 0
    outer loop
      vertex 18.1291 3 -13.7565
      vertex 18.6124 3 -12.5307
      vertex 18.8131 3 -12.6465
    endloop
  endfacet
  facet normal 0 1 0
    outer loop
      vertex 18.1432 3 -12.025
      vertex 17.0174 3 -12.675
      vertex 16.8756 3 -12.3948
    endloop
  endfacet
  facet normal 0 1 0
    outer loop
      vertex 18.4131 3 -13.8905
      vertex 18.8131 3 -12.6465
      vertex 19.0287 3 -12.7311
    endloop
  endfacet
  facet normal 0 1 0
    outer loop
      vertex 18.7101 3 -13.9925
      vertex 19.0287 3 -12.7311
      vertex 19.2546 3 -12.7827
    endloop
  endfacet
  facet normal 0 1 -0
    outer loop
      vertex 19.3286 3 -14.0957
      vertex 19.2546 3 -12.7827
      vertex 19.4856 3 -12.8
    endloop
  endfacet
  facet normal 0 1 0
    outer loop
      vertex 20.3587 3 -12.5307
      vertex 20.842 3 -13.7565
      vertex 20.1581 3 -12.6465
    endloop
  endfacet
  facet normal 0 1 0
    outer loop
      vertex 18.1432 3 -12.025
      vertex 17.1891 3 -12.9379
      vertex 17.0174 3 -12.675
    endloop
  endfacet
  facet normal 0 1 -0
    outer loop
      vertex 20.5581 3 -13.8905
      vertex 20.1581 3 -12.6465
      vertex 20.842 3 -13.7565
    endloop
  endfacet
  facet normal 0 1 0
    outer loop
      vertex 18.2737 3 -12.2164
      vertex 17.3888 3 -13.1803
      vertex 17.1891 3 -12.9379
    endloop
  endfacet
  facet normal 0 1 0
    outer loop
      vertex 20.1581 3 -12.6465
      vertex 20.5581 3 -13.8905
      vertex 19.9424 3 -12.7311
    endloop
  endfacet
  facet normal 0 1 0
    outer loop
      vertex 18.4313 3 -12.3862
      vertex 17.6138 3 -13.3992
      vertex 17.3888 3 -13.1803
    endloop
  endfacet
  facet normal 0 1 -0
    outer loop
      vertex 20.2611 3 -13.9925
      vertex 19.9424 3 -12.7311
      vertex 20.5581 3 -13.8905
    endloop
  endfacet
  facet normal 0 1 0
    outer loop
      vertex 18.6124 3 -12.5307
      vertex 17.8616 3 -13.5921
      vertex 17.6138 3 -13.3992
    endloop
  endfacet
  facet normal 0 1 0
    outer loop
      vertex 19.9424 3 -12.7311
      vertex 20.2611 3 -13.9925
      vertex 19.7166 3 -12.7827
    endloop
  endfacet
  facet normal 0 1 0
    outer loop
      vertex 18.6124 3 -12.5307
      vertex 18.1291 3 -13.7565
      vertex 17.8616 3 -13.5921
    endloop
  endfacet
  facet normal 0 1 -0
    outer loop
      vertex 19.9547 3 -14.0611
      vertex 19.7166 3 -12.7827
      vertex 20.2611 3 -13.9925
    endloop
  endfacet
  facet normal 0 1 0
    outer loop
      vertex 18.8131 3 -12.6465
      vertex 18.4131 3 -13.8905
      vertex 18.1291 3 -13.7565
    endloop
  endfacet
  facet normal 0 1 0
    outer loop
      vertex 19.6426 3 -14.0957
      vertex 19.7166 3 -12.7827
      vertex 19.9547 3 -14.0611
    endloop
  endfacet
  facet normal 0 1 0
    outer loop
      vertex 19.0287 3 -12.7311
      vertex 18.7101 3 -13.9925
      vertex 18.4131 3 -13.8905
    endloop
  endfacet
  facet normal 0 1 0
    outer loop
      vertex 19.7166 3 -12.7827
      vertex 19.6426 3 -14.0957
      vertex 19.4856 3 -12.8
    endloop
  endfacet
  facet normal 0 1 0
    outer loop
      vertex 19.2546 3 -12.7827
      vertex 19.0165 3 -14.0611
      vertex 18.7101 3 -13.9925
    endloop
  endfacet
  facet normal 0 1 0
    outer loop
      vertex 19.3286 3 -14.0957
      vertex 19.4856 3 -12.8
      vertex 19.6426 3 -14.0957
    endloop
  endfacet
  facet normal 0 1 0
    outer loop
      vertex 19.2546 3 -12.7827
      vertex 19.3286 3 -14.0957
      vertex 19.0165 3 -14.0611
    endloop
  endfacet
  facet normal -0.0550821 0 0.998482
    outer loop
      vertex -19.4856 8 -14.1
      vertex -19.172 3 -14.0827
      vertex -19.172 8 -14.0827
    endloop
  endfacet
  facet normal -0.0550821 0 0.998482
    outer loop
      vertex -19.172 3 -14.0827
      vertex -19.4856 8 -14.1
      vertex -19.4856 3 -14.1
    endloop
  endfacet
  facet normal 0.0550996 0 0.998481
    outer loop
      vertex -19.7991 8 -14.0827
      vertex -19.4856 3 -14.1
      vertex -19.4856 8 -14.1
    endloop
  endfacet
  facet normal 0.0550996 0 0.998481
    outer loop
      vertex -19.4856 3 -14.1
      vertex -19.7991 8 -14.0827
      vertex -19.7991 3 -14.0827
    endloop
  endfacet
  facet normal -0.164657 0 0.986351
    outer loop
      vertex -19.172 8 -14.0827
      vertex -18.8623 3 -14.031
      vertex -18.8623 8 -14.031
    endloop
  endfacet
  facet normal -0.164657 0 0.986351
    outer loop
      vertex -18.8623 3 -14.031
      vertex -19.172 8 -14.0827
      vertex -19.172 3 -14.0827
    endloop
  endfacet
  facet normal -0.272028 0 0.962289
    outer loop
      vertex -18.8623 8 -14.031
      vertex -18.5602 3 -13.9456
      vertex -18.5602 8 -13.9456
    endloop
  endfacet
  facet normal -0.272028 0 0.962289
    outer loop
      vertex -18.5602 3 -13.9456
      vertex -18.8623 8 -14.031
      vertex -18.8623 3 -14.031
    endloop
  endfacet
  facet normal -0.376437 0 0.926442
    outer loop
      vertex -18.5602 8 -13.9456
      vertex -18.2693 3 -13.8274
      vertex -18.2693 8 -13.8274
    endloop
  endfacet
  facet normal -0.376437 0 0.926442
    outer loop
      vertex -18.2693 3 -13.8274
      vertex -18.5602 8 -13.9456
      vertex -18.5602 3 -13.9456
    endloop
  endfacet
  facet normal -0.47577 0 0.87957
    outer loop
      vertex -18.2693 8 -13.8274
      vertex -17.9931 3 -13.678
      vertex -17.9931 8 -13.678
    endloop
  endfacet
  facet normal -0.47577 0 0.87957
    outer loop
      vertex -17.9931 3 -13.678
      vertex -18.2693 8 -13.8274
      vertex -18.2693 3 -13.8274
    endloop
  endfacet
  facet normal -0.569823 0 0.821768
    outer loop
      vertex -17.9931 8 -13.678
      vertex -17.7351 3 -13.4991
      vertex -17.7351 8 -13.4991
    endloop
  endfacet
  facet normal -0.569823 0 0.821768
    outer loop
      vertex -17.7351 3 -13.4991
      vertex -17.9931 8 -13.678
      vertex -17.9931 3 -13.678
    endloop
  endfacet
  facet normal -0.65688 0 0.753995
    outer loop
      vertex -17.7351 8 -13.4991
      vertex -17.4983 3 -13.2928
      vertex -17.4983 8 -13.2928
    endloop
  endfacet
  facet normal -0.65688 0 0.753995
    outer loop
      vertex -17.4983 3 -13.2928
      vertex -17.7351 8 -13.4991
      vertex -17.7351 3 -13.4991
    endloop
  endfacet
  facet normal -0.735645 0 0.677367
    outer loop
      vertex -17.4983 3 -13.2928
      vertex -17.2856 8 -13.0618
      vertex -17.4983 8 -13.2928
    endloop
  endfacet
  facet normal -0.735645 0 0.677367
    outer loop
      vertex -17.2856 8 -13.0618
      vertex -17.4983 3 -13.2928
      vertex -17.2856 3 -13.0618
    endloop
  endfacet
  facet normal -0.805696 0 0.59233
    outer loop
      vertex -17.2856 3 -13.0618
      vertex -17.0996 8 -12.8088
      vertex -17.2856 8 -13.0618
    endloop
  endfacet
  facet normal -0.805696 0 0.59233
    outer loop
      vertex -17.0996 8 -12.8088
      vertex -17.2856 3 -13.0618
      vertex -17.0996 3 -12.8088
    endloop
  endfacet
  facet normal -0.866 0 0.500044
    outer loop
      vertex -17.0996 3 -12.8088
      vertex -16.9426 8 -12.5369
      vertex -17.0996 8 -12.8088
    endloop
  endfacet
  facet normal -0.866 0 0.500044
    outer loop
      vertex -16.9426 8 -12.5369
      vertex -17.0996 3 -12.8088
      vertex -16.9426 3 -12.5369
    endloop
  endfacet
  facet normal -0.915835 0 0.401554
    outer loop
      vertex -16.9426 3 -12.5369
      vertex -16.8165 8 -12.2493
      vertex -16.9426 8 -12.5369
    endloop
  endfacet
  facet normal -0.915835 0 0.401554
    outer loop
      vertex -16.8165 8 -12.2493
      vertex -16.9426 3 -12.5369
      vertex -16.8165 3 -12.2493
    endloop
  endfacet
  facet normal -0.95444 0 0.298402
    outer loop
      vertex -16.8165 3 -12.2493
      vertex -16.7228 8 -11.9496
      vertex -16.8165 8 -12.2493
    endloop
  endfacet
  facet normal -0.95444 0 0.298402
    outer loop
      vertex -16.7228 8 -11.9496
      vertex -16.8165 3 -12.2493
      vertex -16.7228 3 -11.9496
    endloop
  endfacet
  facet normal -0.981441 0 0.191765
    outer loop
      vertex -16.7228 3 -11.9496
      vertex -16.6626 8 -11.6415
      vertex -16.7228 8 -11.9496
    endloop
  endfacet
  facet normal -0.981441 0 0.191765
    outer loop
      vertex -16.6626 8 -11.6415
      vertex -16.7228 3 -11.9496
      vertex -16.6626 3 -11.6415
    endloop
  endfacet
  facet normal -0.996594 0 0.0824658
    outer loop
      vertex -16.6626 3 -11.6415
      vertex -16.6367 8 -11.3285
      vertex -16.6626 8 -11.6415
    endloop
  endfacet
  facet normal -0.996594 0 0.0824658
    outer loop
      vertex -16.6367 8 -11.3285
      vertex -16.6626 3 -11.6415
      vertex -16.6367 3 -11.3285
    endloop
  endfacet
  facet normal -0.999625 0 -0.027387
    outer loop
      vertex -16.6367 3 -11.3285
      vertex -16.6453 8 -11.0146
      vertex -16.6367 8 -11.3285
    endloop
  endfacet
  facet normal -0.999625 -0 -0.027387
    outer loop
      vertex -16.6453 8 -11.0146
      vertex -16.6367 3 -11.3285
      vertex -16.6453 3 -11.0146
    endloop
  endfacet
  facet normal -0.990533 0 -0.137273
    outer loop
      vertex -16.6453 3 -11.0146
      vertex -16.6884 8 -10.7036
      vertex -16.6453 8 -11.0146
    endloop
  endfacet
  facet normal -0.990533 -0 -0.137273
    outer loop
      vertex -16.6884 8 -10.7036
      vertex -16.6453 3 -11.0146
      vertex -16.6884 3 -10.7036
    endloop
  endfacet
  facet normal -0.969389 0 -0.245532
    outer loop
      vertex -16.6884 3 -10.7036
      vertex -16.7655 8 -10.3992
      vertex -16.6884 8 -10.7036
    endloop
  endfacet
  facet normal -0.969389 -0 -0.245532
    outer loop
      vertex -16.7655 8 -10.3992
      vertex -16.6884 3 -10.7036
      vertex -16.7655 3 -10.3992
    endloop
  endfacet
  facet normal -0.936486 0 -0.350705
    outer loop
      vertex -16.7655 3 -10.3992
      vertex -16.8756 8 -10.1052
      vertex -16.7655 8 -10.3992
    endloop
  endfacet
  facet normal -0.936486 -0 -0.350705
    outer loop
      vertex -16.8756 8 -10.1052
      vertex -16.7655 3 -10.3992
      vertex -16.8756 3 -10.1052
    endloop
  endfacet
  facet normal -0.892251 0 -0.451539
    outer loop
      vertex -16.8756 3 -10.1052
      vertex -17.0174 8 -9.825
      vertex -16.8756 8 -10.1052
    endloop
  endfacet
  facet normal -0.892251 -0 -0.451539
    outer loop
      vertex -17.0174 8 -9.825
      vertex -16.8756 3 -10.1052
      vertex -17.0174 3 -9.825
    endloop
  endfacet
  facet normal -0.837227 0 -0.546855
    outer loop
      vertex -17.0174 3 -9.825
      vertex -17.1891 8 -9.56213
      vertex -17.0174 8 -9.825
    endloop
  endfacet
  facet normal -0.837227 -0 -0.546855
    outer loop
      vertex -17.1891 8 -9.56213
      vertex -17.0174 3 -9.825
      vertex -17.1891 3 -9.56213
    endloop
  endfacet
  facet normal -0.771785 0 -0.635884
    outer loop
      vertex -17.1891 3 -9.56213
      vertex -17.3888 8 -9.31975
      vertex -17.1891 8 -9.56213
    endloop
  endfacet
  facet normal -0.771785 -0 -0.635884
    outer loop
      vertex -17.3888 8 -9.31975
      vertex -17.1891 3 -9.56213
      vertex -17.3888 3 -9.31975
    endloop
  endfacet
  facet normal -0.697406 0 -0.716676
    outer loop
      vertex -17.6138 3 -9.1008
      vertex -17.3888 8 -9.31975
      vertex -17.3888 3 -9.31975
    endloop
  endfacet
  facet normal -0.697406 0 -0.716676
    outer loop
      vertex -17.3888 8 -9.31975
      vertex -17.6138 3 -9.1008
      vertex -17.6138 8 -9.1008
    endloop
  endfacet
  facet normal -0.614212 0 -0.789141
    outer loop
      vertex -17.8616 3 -8.90793
      vertex -17.6138 8 -9.1008
      vertex -17.6138 3 -9.1008
    endloop
  endfacet
  facet normal -0.614212 0 -0.789141
    outer loop
      vertex -17.6138 8 -9.1008
      vertex -17.8616 3 -8.90793
      vertex -17.8616 8 -8.90793
    endloop
  endfacet
  facet normal -0.523669 0 -0.851922
    outer loop
      vertex -18.1291 3 -8.7435
      vertex -17.8616 8 -8.90793
      vertex -17.8616 3 -8.90793
    endloop
  endfacet
  facet normal -0.523669 0 -0.851922
    outer loop
      vertex -17.8616 8 -8.90793
      vertex -18.1291 3 -8.7435
      vertex -18.1291 8 -8.7435
    endloop
  endfacet
  facet normal -0.426743 0 -0.904373
    outer loop
      vertex -18.4131 3 -8.60949
      vertex -18.1291 8 -8.7435
      vertex -18.1291 3 -8.7435
    endloop
  endfacet
  facet normal -0.426743 0 -0.904373
    outer loop
      vertex -18.1291 8 -8.7435
      vertex -18.4131 3 -8.60949
      vertex -18.4131 8 -8.60949
    endloop
  endfacet
  facet normal -0.32467 0 -0.945827
    outer loop
      vertex -18.7101 3 -8.50754
      vertex -18.4131 8 -8.60949
      vertex -18.4131 3 -8.60949
    endloop
  endfacet
  facet normal -0.32467 0 -0.945827
    outer loop
      vertex -18.4131 8 -8.60949
      vertex -18.7101 3 -8.50754
      vertex -18.7101 8 -8.50754
    endloop
  endfacet
  facet normal -0.218694 0 -0.975794
    outer loop
      vertex -19.0165 3 -8.43887
      vertex -18.7101 8 -8.50754
      vertex -18.7101 3 -8.50754
    endloop
  endfacet
  facet normal -0.218694 0 -0.975794
    outer loop
      vertex -18.7101 8 -8.50754
      vertex -19.0165 3 -8.43887
      vertex -19.0165 8 -8.43887
    endloop
  endfacet
  facet normal -0.109998 0 -0.993932
    outer loop
      vertex -19.3286 3 -8.40433
      vertex -19.0165 8 -8.43887
      vertex -19.0165 3 -8.43887
    endloop
  endfacet
  facet normal -0.109998 0 -0.993932
    outer loop
      vertex -19.0165 8 -8.43887
      vertex -19.3286 3 -8.40433
      vertex -19.3286 8 -8.40433
    endloop
  endfacet
  facet normal 0 0 -1
    outer loop
      vertex -19.6426 3 -8.40433
      vertex -19.3286 8 -8.40433
      vertex -19.3286 3 -8.40433
    endloop
  endfacet
  facet normal -0 0 -1
    outer loop
      vertex -19.3286 8 -8.40433
      vertex -19.6426 3 -8.40433
      vertex -19.6426 8 -8.40433
    endloop
  endfacet
  facet normal 0.109998 0 -0.993932
    outer loop
      vertex -19.9547 3 -8.43887
      vertex -19.6426 8 -8.40433
      vertex -19.6426 3 -8.40433
    endloop
  endfacet
  facet normal 0.109998 0 -0.993932
    outer loop
      vertex -19.6426 8 -8.40433
      vertex -19.9547 3 -8.43887
      vertex -19.9547 8 -8.43887
    endloop
  endfacet
  facet normal 0.218694 0 -0.975794
    outer loop
      vertex -20.2611 3 -8.50754
      vertex -19.9547 8 -8.43887
      vertex -19.9547 3 -8.43887
    endloop
  endfacet
  facet normal 0.218694 0 -0.975794
    outer loop
      vertex -19.9547 8 -8.43887
      vertex -20.2611 3 -8.50754
      vertex -20.2611 8 -8.50754
    endloop
  endfacet
  facet normal 0.32467 0 -0.945827
    outer loop
      vertex -20.5581 3 -8.60949
      vertex -20.2611 8 -8.50754
      vertex -20.2611 3 -8.50754
    endloop
  endfacet
  facet normal 0.32467 0 -0.945827
    outer loop
      vertex -20.2611 8 -8.50754
      vertex -20.5581 3 -8.60949
      vertex -20.5581 8 -8.60949
    endloop
  endfacet
  facet normal 0.426866 0 -0.904315
    outer loop
      vertex -20.842 3 -8.7435
      vertex -20.5581 8 -8.60949
      vertex -20.5581 3 -8.60949
    endloop
  endfacet
  facet normal 0.426866 0 -0.904315
    outer loop
      vertex -20.5581 8 -8.60949
      vertex -20.842 3 -8.7435
      vertex -20.842 8 -8.7435
    endloop
  endfacet
  facet normal 0.523669 0 -0.851922
    outer loop
      vertex -21.1095 3 -8.90793
      vertex -20.842 8 -8.7435
      vertex -20.842 3 -8.7435
    endloop
  endfacet
  facet normal 0.523669 0 -0.851922
    outer loop
      vertex -20.842 8 -8.7435
      vertex -21.1095 3 -8.90793
      vertex -21.1095 8 -8.90793
    endloop
  endfacet
  facet normal 0.614212 0 -0.789141
    outer loop
      vertex -21.3573 3 -9.1008
      vertex -21.1095 8 -8.90793
      vertex -21.1095 3 -8.90793
    endloop
  endfacet
  facet normal 0.614212 0 -0.789141
    outer loop
      vertex -21.1095 8 -8.90793
      vertex -21.3573 3 -9.1008
      vertex -21.3573 8 -9.1008
    endloop
  endfacet
  facet normal 0.697247 0 -0.716831
    outer loop
      vertex -21.5824 3 -9.31975
      vertex -21.3573 8 -9.1008
      vertex -21.3573 3 -9.1008
    endloop
  endfacet
  facet normal 0.697247 0 -0.716831
    outer loop
      vertex -21.3573 8 -9.1008
      vertex -21.5824 3 -9.31975
      vertex -21.5824 8 -9.31975
    endloop
  endfacet
  facet normal 0.771941 0 -0.635694
    outer loop
      vertex -21.5824 3 -9.31975
      vertex -21.782 8 -9.56213
      vertex -21.5824 8 -9.31975
    endloop
  endfacet
  facet normal 0.771941 0 -0.635694
    outer loop
      vertex -21.782 8 -9.56213
      vertex -21.5824 3 -9.31975
      vertex -21.782 3 -9.56213
    endloop
  endfacet
  facet normal 0.837227 0 -0.546855
    outer loop
      vertex -21.782 3 -9.56213
      vertex -21.9537 8 -9.825
      vertex -21.782 8 -9.56213
    endloop
  endfacet
  facet normal 0.837227 0 -0.546855
    outer loop
      vertex -21.9537 8 -9.825
      vertex -21.782 3 -9.56213
      vertex -21.9537 3 -9.825
    endloop
  endfacet
  facet normal 0.892251 0 -0.451539
    outer loop
      vertex -21.9537 3 -9.825
      vertex -22.0955 8 -10.1052
      vertex -21.9537 8 -9.825
    endloop
  endfacet
  facet normal 0.892251 0 -0.451539
    outer loop
      vertex -22.0955 8 -10.1052
      vertex -21.9537 3 -9.825
      vertex -22.0955 3 -10.1052
    endloop
  endfacet
  facet normal 0.936486 0 -0.350705
    outer loop
      vertex -22.0955 3 -10.1052
      vertex -22.2056 8 -10.3992
      vertex -22.0955 8 -10.1052
    endloop
  endfacet
  facet normal 0.936486 0 -0.350705
    outer loop
      vertex -22.2056 8 -10.3992
      vertex -22.0955 3 -10.1052
      vertex -22.2056 3 -10.3992
    endloop
  endfacet
  facet normal 0.969389 0 -0.245532
    outer loop
      vertex -22.2056 3 -10.3992
      vertex -22.2827 8 -10.7036
      vertex -22.2056 8 -10.3992
    endloop
  endfacet
  facet normal 0.969389 0 -0.245532
    outer loop
      vertex -22.2827 8 -10.7036
      vertex -22.2056 3 -10.3992
      vertex -22.2827 3 -10.7036
    endloop
  endfacet
  facet normal 0.990533 0 -0.137273
    outer loop
      vertex -22.2827 3 -10.7036
      vertex -22.3258 8 -11.0146
      vertex -22.2827 8 -10.7036
    endloop
  endfacet
  facet normal 0.990533 0 -0.137273
    outer loop
      vertex -22.3258 8 -11.0146
      vertex -22.2827 3 -10.7036
      vertex -22.3258 3 -11.0146
    endloop
  endfacet
  facet normal 0.999616 0 -0.0277052
    outer loop
      vertex -22.3258 3 -11.0146
      vertex -22.3345 8 -11.3285
      vertex -22.3258 8 -11.0146
    endloop
  endfacet
  facet normal 0.999616 0 -0.0277052
    outer loop
      vertex -22.3345 8 -11.3285
      vertex -22.3258 3 -11.0146
      vertex -22.3345 3 -11.3285
    endloop
  endfacet
  facet normal 0.996594 -0 0.0824658
    outer loop
      vertex -22.3345 3 -11.3285
      vertex -22.3086 8 -11.6415
      vertex -22.3345 8 -11.3285
    endloop
  endfacet
  facet normal 0.996594 0 0.0824658
    outer loop
      vertex -22.3086 8 -11.6415
      vertex -22.3345 3 -11.3285
      vertex -22.3086 3 -11.6415
    endloop
  endfacet
  facet normal 0.981441 -0 0.191765
    outer loop
      vertex -22.3086 3 -11.6415
      vertex -22.2484 8 -11.9496
      vertex -22.3086 8 -11.6415
    endloop
  endfacet
  facet normal 0.981441 0 0.191765
    outer loop
      vertex -22.2484 8 -11.9496
      vertex -22.3086 3 -11.6415
      vertex -22.2484 3 -11.9496
    endloop
  endfacet
  facet normal 0.95435 -0 0.298692
    outer loop
      vertex -22.2484 3 -11.9496
      vertex -22.1546 8 -12.2493
      vertex -22.2484 8 -11.9496
    endloop
  endfacet
  facet normal 0.95435 0 0.298692
    outer loop
      vertex -22.1546 8 -12.2493
      vertex -22.2484 3 -11.9496
      vertex -22.1546 3 -12.2493
    endloop
  endfacet
  facet normal 0.915835 -0 0.401554
    outer loop
      vertex -22.1546 3 -12.2493
      vertex -22.0285 8 -12.5369
      vertex -22.1546 8 -12.2493
    endloop
  endfacet
  facet normal 0.915835 0 0.401554
    outer loop
      vertex -22.0285 8 -12.5369
      vertex -22.1546 3 -12.2493
      vertex -22.0285 3 -12.5369
    endloop
  endfacet
  facet normal 0.866 -0 0.500044
    outer loop
      vertex -22.0285 3 -12.5369
      vertex -21.8715 8 -12.8088
      vertex -22.0285 8 -12.5369
    endloop
  endfacet
  facet normal 0.866 0 0.500044
    outer loop
      vertex -21.8715 8 -12.8088
      vertex -22.0285 3 -12.5369
      vertex -21.8715 3 -12.8088
    endloop
  endfacet
  facet normal 0.805696 -0 0.59233
    outer loop
      vertex -21.8715 3 -12.8088
      vertex -21.6855 8 -13.0618
      vertex -21.8715 8 -12.8088
    endloop
  endfacet
  facet normal 0.805696 0 0.59233
    outer loop
      vertex -21.6855 8 -13.0618
      vertex -21.8715 3 -12.8088
      vertex -21.6855 3 -13.0618
    endloop
  endfacet
  facet normal 0.735804 -0 0.677195
    outer loop
      vertex -21.6855 3 -13.0618
      vertex -21.4729 8 -13.2928
      vertex -21.6855 8 -13.0618
    endloop
  endfacet
  facet normal 0.735804 0 0.677195
    outer loop
      vertex -21.4729 8 -13.2928
      vertex -21.6855 3 -13.0618
      vertex -21.4729 3 -13.2928
    endloop
  endfacet
  facet normal 0.65688 0 0.753995
    outer loop
      vertex -21.4729 8 -13.2928
      vertex -21.2361 3 -13.4991
      vertex -21.2361 8 -13.4991
    endloop
  endfacet
  facet normal 0.65688 0 0.753995
    outer loop
      vertex -21.2361 3 -13.4991
      vertex -21.4729 8 -13.2928
      vertex -21.4729 3 -13.2928
    endloop
  endfacet
  facet normal 0.569674 0 0.821871
    outer loop
      vertex -21.2361 8 -13.4991
      vertex -20.978 3 -13.678
      vertex -20.978 8 -13.678
    endloop
  endfacet
  facet normal 0.569674 0 0.821871
    outer loop
      vertex -20.978 3 -13.678
      vertex -21.2361 8 -13.4991
      vertex -21.2361 3 -13.4991
    endloop
  endfacet
  facet normal 0.475903 0 0.879498
    outer loop
      vertex -20.978 8 -13.678
      vertex -20.7019 3 -13.8274
      vertex -20.7019 8 -13.8274
    endloop
  endfacet
  facet normal 0.475903 0 0.879498
    outer loop
      vertex -20.7019 3 -13.8274
      vertex -20.978 8 -13.678
      vertex -20.978 3 -13.678
    endloop
  endfacet
  facet normal 0.376437 0 0.926442
    outer loop
      vertex -20.7019 8 -13.8274
      vertex -20.411 3 -13.9456
      vertex -20.411 8 -13.9456
    endloop
  endfacet
  facet normal 0.376437 0 0.926442
    outer loop
      vertex -20.411 3 -13.9456
      vertex -20.7019 8 -13.8274
      vertex -20.7019 3 -13.8274
    endloop
  endfacet
  facet normal 0.271944 0 0.962313
    outer loop
      vertex -20.411 8 -13.9456
      vertex -20.1088 3 -14.031
      vertex -20.1088 8 -14.031
    endloop
  endfacet
  facet normal 0.271944 0 0.962313
    outer loop
      vertex -20.1088 3 -14.031
      vertex -20.411 8 -13.9456
      vertex -20.411 3 -13.9456
    endloop
  endfacet
  facet normal 0.164657 0 0.986351
    outer loop
      vertex -20.1088 8 -14.031
      vertex -19.7991 3 -14.0827
      vertex -19.7991 8 -14.0827
    endloop
  endfacet
  facet normal 0.164657 0 0.986351
    outer loop
      vertex -19.7991 3 -14.0827
      vertex -20.1088 8 -14.031
      vertex -20.1088 3 -14.031
    endloop
  endfacet
  facet normal 0 1 -0
    outer loop
      vertex -19.2546 3 -9.71731
      vertex -19.3286 3 -8.40433
      vertex -19.0165 3 -8.43887
    endloop
  endfacet
  facet normal 0 1 0
    outer loop
      vertex -19.3286 3 -8.40433
      vertex -19.4856 3 -9.7
      vertex -19.6426 3 -8.40433
    endloop
  endfacet
  facet normal 0 1 0
    outer loop
      vertex -19.2546 3 -9.71731
      vertex -19.0165 3 -8.43887
      vertex -18.7101 3 -8.50754
    endloop
  endfacet
  facet normal 0 1 0
    outer loop
      vertex -19.7166 3 -9.71731
      vertex -19.6426 3 -8.40433
      vertex -19.4856 3 -9.7
    endloop
  endfacet
  facet normal 0 1 0
    outer loop
      vertex -19.0287 3 -9.76886
      vertex -18.7101 3 -8.50754
      vertex -18.4131 3 -8.60949
    endloop
  endfacet
  facet normal 0 1 0
    outer loop
      vertex -19.6426 3 -8.40433
      vertex -19.7166 3 -9.71731
      vertex -19.9547 3 -8.43887
    endloop
  endfacet
  facet normal 0 1 0
    outer loop
      vertex -18.8131 3 -9.8535
      vertex -18.4131 3 -8.60949
      vertex -18.1291 3 -8.7435
    endloop
  endfacet
  facet normal 0 1 0
    outer loop
      vertex -19.9547 3 -8.43887
      vertex -19.7166 3 -9.71731
      vertex -20.2611 3 -8.50754
    endloop
  endfacet
  facet normal 0 1 0
    outer loop
      vertex -18.6124 3 -9.96933
      vertex -18.1291 3 -8.7435
      vertex -17.8616 3 -8.90793
    endloop
  endfacet
  facet normal 0 1 -0
    outer loop
      vertex -19.9424 3 -9.76886
      vertex -20.2611 3 -8.50754
      vertex -19.7166 3 -9.71731
    endloop
  endfacet
  facet normal 0 1 0
    outer loop
      vertex -18.6124 3 -9.96933
      vertex -17.8616 3 -8.90793
      vertex -17.6138 3 -9.1008
    endloop
  endfacet
  facet normal 0 1 0
    outer loop
      vertex -20.2611 3 -8.50754
      vertex -19.9424 3 -9.76886
      vertex -20.5581 3 -8.60949
    endloop
  endfacet
  facet normal 0 1 0
    outer loop
      vertex -18.4313 3 -10.1138
      vertex -17.6138 3 -9.1008
      vertex -17.3888 3 -9.31975
    endloop
  endfacet
  facet normal 0 1 -0
    outer loop
      vertex -20.1581 3 -9.8535
      vertex -20.5581 3 -8.60949
      vertex -19.9424 3 -9.76886
    endloop
  endfacet
  facet normal 0 1 0
    outer loop
      vertex -18.2737 3 -10.2836
      vertex -17.3888 3 -9.31975
      vertex -17.1891 3 -9.56213
    endloop
  endfacet
  facet normal 0 1 0
    outer loop
      vertex -20.5581 3 -8.60949
      vertex -20.1581 3 -9.8535
      vertex -20.842 3 -8.7435
    endloop
  endfacet
  facet normal 0 1 -0
    outer loop
      vertex -20.3587 3 -9.96933
      vertex -20.842 3 -8.7435
      vertex -20.1581 3 -9.8535
    endloop
  endfacet
  facet normal 0 1 0
    outer loop
      vertex -19.3286 3 -8.40433
      vertex -19.2546 3 -9.71731
      vertex -19.4856 3 -9.7
    endloop
  endfacet
  facet normal 0 1 0
    outer loop
      vertex -18.7101 3 -8.50754
      vertex -19.0287 3 -9.76886
      vertex -19.2546 3 -9.71731
    endloop
  endfacet
  facet normal 0 1 0
    outer loop
      vertex -18.1432 3 -10.475
      vertex -17.1891 3 -9.56213
      vertex -17.0174 3 -9.825
    endloop
  endfacet
  facet normal 0 1 0
    outer loop
      vertex -18.4131 3 -8.60949
      vertex -18.8131 3 -9.8535
      vertex -19.0287 3 -9.76886
    endloop
  endfacet
  facet normal 0 1 0
    outer loop
      vertex -18.1291 3 -8.7435
      vertex -18.6124 3 -9.96933
      vertex -18.8131 3 -9.8535
    endloop
  endfacet
  facet normal 0 1 0
    outer loop
      vertex -18.1432 3 -10.475
      vertex -17.0174 3 -9.825
      vertex -16.8756 3 -10.1052
    endloop
  endfacet
  facet normal 0 1 0
    outer loop
      vertex -17.6138 3 -9.1008
      vertex -18.4313 3 -10.1138
      vertex -18.6124 3 -9.96933
    endloop
  endfacet
  facet normal 0 1 0
    outer loop
      vertex -17.3888 3 -9.31975
      vertex -18.2737 3 -10.2836
      vertex -18.4313 3 -10.1138
    endloop
  endfacet
  facet normal 0 1 0
    outer loop
      vertex -18.0427 3 -10.6837
      vertex -16.8756 3 -10.1052
      vertex -16.7655 3 -10.3992
    endloop
  endfacet
  facet normal 0 1 0
    outer loop
      vertex -17.1891 3 -9.56213
      vertex -18.1432 3 -10.475
      vertex -18.2737 3 -10.2836
    endloop
  endfacet
  facet normal 0 1 0
    outer loop
      vertex -16.8756 3 -10.1052
      vertex -18.0427 3 -10.6837
      vertex -18.1432 3 -10.475
    endloop
  endfacet
  facet normal 0 1 0
    outer loop
      vertex -17.9744 3 -10.9051
      vertex -16.7655 3 -10.3992
      vertex -16.6884 3 -10.7036
    endloop
  endfacet
  facet normal 0 1 0
    outer loop
      vertex -16.7655 3 -10.3992
      vertex -17.9744 3 -10.9051
      vertex -18.0427 3 -10.6837
    endloop
  endfacet
  facet normal 0 1 0
    outer loop
      vertex -17.9399 3 -11.1342
      vertex -16.6884 3 -10.7036
      vertex -16.6453 3 -11.0146
    endloop
  endfacet
  facet normal 0 1 0
    outer loop
      vertex -16.6884 3 -10.7036
      vertex -17.9399 3 -11.1342
      vertex -17.9744 3 -10.9051
    endloop
  endfacet
  facet normal 0 1 0
    outer loop
      vertex -16.6367 3 -11.3285
      vertex -17.9399 3 -11.1342
      vertex -16.6453 3 -11.0146
    endloop
  endfacet
  facet normal 0 1 0
    outer loop
      vertex -16.6367 3 -11.3285
      vertex -17.9399 3 -11.3658
      vertex -17.9399 3 -11.1342
    endloop
  endfacet
  facet normal 0 1 -0
    outer loop
      vertex -16.6626 3 -11.6415
      vertex -17.9399 3 -11.3658
      vertex -16.6367 3 -11.3285
    endloop
  endfacet
  facet normal 0 1 0
    outer loop
      vertex -17.9399 3 -11.3658
      vertex -16.6626 3 -11.6415
      vertex -17.9744 3 -11.5949
    endloop
  endfacet
  facet normal 0 1 -0
    outer loop
      vertex -16.7228 3 -11.9496
      vertex -17.9744 3 -11.5949
      vertex -16.6626 3 -11.6415
    endloop
  endfacet
  facet normal 0 1 0
    outer loop
      vertex -17.9744 3 -11.5949
      vertex -16.7228 3 -11.9496
      vertex -18.0427 3 -11.8163
    endloop
  endfacet
  facet normal 0 1 -0
    outer loop
      vertex -16.8165 3 -12.2493
      vertex -18.0427 3 -11.8163
      vertex -16.7228 3 -11.9496
    endloop
  endfacet
  facet normal 0 1 -0
    outer loop
      vertex -16.9426 3 -12.5369
      vertex -18.0427 3 -11.8163
      vertex -16.8165 3 -12.2493
    endloop
  endfacet
  facet normal 0 1 0
    outer loop
      vertex -18.0427 3 -11.8163
      vertex -16.9426 3 -12.5369
      vertex -18.1432 3 -12.025
    endloop
  endfacet
  facet normal 0 1 -0
    outer loop
      vertex -17.0996 3 -12.8088
      vertex -18.1432 3 -12.025
      vertex -16.9426 3 -12.5369
    endloop
  endfacet
  facet normal 0 1 0
    outer loop
      vertex -18.1432 3 -12.025
      vertex -17.0996 3 -12.8088
      vertex -18.2737 3 -12.2164
    endloop
  endfacet
  facet normal 0 1 -0
    outer loop
      vertex -17.2856 3 -13.0618
      vertex -18.2737 3 -12.2164
      vertex -17.0996 3 -12.8088
    endloop
  endfacet
  facet normal 0 1 -0
    outer loop
      vertex -17.4983 3 -13.2928
      vertex -18.2737 3 -12.2164
      vertex -17.2856 3 -13.0618
    endloop
  endfacet
  facet normal 0 1 0
    outer loop
      vertex -18.2737 3 -12.2164
      vertex -17.4983 3 -13.2928
      vertex -18.4313 3 -12.3862
    endloop
  endfacet
  facet normal 0 1 -0
    outer loop
      vertex -17.7351 3 -13.4991
      vertex -18.4313 3 -12.3862
      vertex -17.4983 3 -13.2928
    endloop
  endfacet
  facet normal 0 1 -0
    outer loop
      vertex -17.9931 3 -13.678
      vertex -18.6124 3 -12.5307
      vertex -17.7351 3 -13.4991
    endloop
  endfacet
  facet normal 0 1 0
    outer loop
      vertex -18.4313 3 -12.3862
      vertex -17.7351 3 -13.4991
      vertex -18.6124 3 -12.5307
    endloop
  endfacet
  facet normal 0 1 0
    outer loop
      vertex -20.842 3 -8.7435
      vertex -20.3587 3 -9.96933
      vertex -21.1095 3 -8.90793
    endloop
  endfacet
  facet normal 0 1 0
    outer loop
      vertex -21.1095 3 -8.90793
      vertex -20.3587 3 -9.96933
      vertex -21.3573 3 -9.1008
    endloop
  endfacet
  facet normal 0 1 -0
    outer loop
      vertex -20.5398 3 -10.1138
      vertex -21.3573 3 -9.1008
      vertex -20.3587 3 -9.96933
    endloop
  endfacet
  facet normal 0 1 0
    outer loop
      vertex -21.3573 3 -9.1008
      vertex -20.5398 3 -10.1138
      vertex -21.5824 3 -9.31975
    endloop
  endfacet
  facet normal 0 1 -0
    outer loop
      vertex -20.6974 3 -10.2836
      vertex -21.5824 3 -9.31975
      vertex -20.5398 3 -10.1138
    endloop
  endfacet
  facet normal 0 1 0
    outer loop
      vertex -21.5824 3 -9.31975
      vertex -20.6974 3 -10.2836
      vertex -21.782 3 -9.56213
    endloop
  endfacet
  facet normal 0 1 -0
    outer loop
      vertex -20.8279 3 -10.475
      vertex -21.782 3 -9.56213
      vertex -20.6974 3 -10.2836
    endloop
  endfacet
  facet normal 0 1 0
    outer loop
      vertex -21.782 3 -9.56213
      vertex -20.8279 3 -10.475
      vertex -21.9537 3 -9.825
    endloop
  endfacet
  facet normal 0 1 0
    outer loop
      vertex -21.9537 3 -9.825
      vertex -20.8279 3 -10.475
      vertex -22.0955 3 -10.1052
    endloop
  endfacet
  facet normal 0 1 -0
    outer loop
      vertex -20.9284 3 -10.6837
      vertex -22.0955 3 -10.1052
      vertex -20.8279 3 -10.475
    endloop
  endfacet
  facet normal 0 1 0
    outer loop
      vertex -22.0955 3 -10.1052
      vertex -20.9284 3 -10.6837
      vertex -22.2056 3 -10.3992
    endloop
  endfacet
  facet normal 0 1 -0
    outer loop
      vertex -20.9967 3 -10.9051
      vertex -22.2056 3 -10.3992
      vertex -20.9284 3 -10.6837
    endloop
  endfacet
  facet normal 0 1 0
    outer loop
      vertex -22.2056 3 -10.3992
      vertex -20.9967 3 -10.9051
      vertex -22.2827 3 -10.7036
    endloop
  endfacet
  facet normal 0 1 -0
    outer loop
      vertex -21.0312 3 -11.1342
      vertex -22.2827 3 -10.7036
      vertex -20.9967 3 -10.9051
    endloop
  endfacet
  facet normal 0 1 0
    outer loop
      vertex -22.2827 3 -10.7036
      vertex -21.0312 3 -11.1342
      vertex -22.3258 3 -11.0146
    endloop
  endfacet
  facet normal 0 1 0
    outer loop
      vertex -21.0312 3 -11.1342
      vertex -22.3345 3 -11.3285
      vertex -22.3258 3 -11.0146
    endloop
  endfacet
  facet normal 0 1 -0
    outer loop
      vertex -21.0312 3 -11.3658
      vertex -22.3345 3 -11.3285
      vertex -21.0312 3 -11.1342
    endloop
  endfacet
  facet normal 0 1 0
    outer loop
      vertex -22.3086 3 -11.6415
      vertex -21.0312 3 -11.3658
      vertex -20.9967 3 -11.5949
    endloop
  endfacet
  facet normal 0 1 0
    outer loop
      vertex -21.0312 3 -11.3658
      vertex -22.3086 3 -11.6415
      vertex -22.3345 3 -11.3285
    endloop
  endfacet
  facet normal 0 1 0
    outer loop
      vertex -22.2484 3 -11.9496
      vertex -20.9967 3 -11.5949
      vertex -20.9284 3 -11.8163
    endloop
  endfacet
  facet normal 0 1 0
    outer loop
      vertex -20.9967 3 -11.5949
      vertex -22.2484 3 -11.9496
      vertex -22.3086 3 -11.6415
    endloop
  endfacet
  facet normal 0 1 0
    outer loop
      vertex -22.0285 3 -12.5369
      vertex -20.9284 3 -11.8163
      vertex -20.8279 3 -12.025
    endloop
  endfacet
  facet normal 0 1 0
    outer loop
      vertex -21.8715 3 -12.8088
      vertex -20.8279 3 -12.025
      vertex -20.6974 3 -12.2164
    endloop
  endfacet
  facet normal 0 1 0
    outer loop
      vertex -20.9284 3 -11.8163
      vertex -22.1546 3 -12.2493
      vertex -22.2484 3 -11.9496
    endloop
  endfacet
  facet normal 0 1 0
    outer loop
      vertex -21.4729 3 -13.2928
      vertex -20.6974 3 -12.2164
      vertex -20.5398 3 -12.3862
    endloop
  endfacet
  facet normal 0 1 0
    outer loop
      vertex -21.2361 3 -13.4991
      vertex -20.5398 3 -12.3862
      vertex -20.3587 3 -12.5307
    endloop
  endfacet
  facet normal 0 1 0
    outer loop
      vertex -20.9284 3 -11.8163
      vertex -22.0285 3 -12.5369
      vertex -22.1546 3 -12.2493
    endloop
  endfacet
  facet normal 0 1 0
    outer loop
      vertex -20.978 3 -13.678
      vertex -20.3587 3 -12.5307
      vertex -20.1581 3 -12.6465
    endloop
  endfacet
  facet normal 0 1 0
    outer loop
      vertex -20.411 3 -13.9456
      vertex -20.1581 3 -12.6465
      vertex -19.9424 3 -12.7311
    endloop
  endfacet
  facet normal 0 1 0
    outer loop
      vertex -20.1088 3 -14.031
      vertex -19.9424 3 -12.7311
      vertex -19.7166 3 -12.7827
    endloop
  endfacet
  facet normal 0 1 0
    outer loop
      vertex -20.8279 3 -12.025
      vertex -21.8715 3 -12.8088
      vertex -22.0285 3 -12.5369
    endloop
  endfacet
  facet normal 0 1 0
    outer loop
      vertex -19.7991 3 -14.0827
      vertex -19.7166 3 -12.7827
      vertex -19.4856 3 -12.8
    endloop
  endfacet
  facet normal 0 1 0
    outer loop
      vertex -18.6124 3 -12.5307
      vertex -17.9931 3 -13.678
      vertex -18.8131 3 -12.6465
    endloop
  endfacet
  facet normal 0 1 -0
    outer loop
      vertex -18.2693 3 -13.8274
      vertex -18.8131 3 -12.6465
      vertex -17.9931 3 -13.678
    endloop
  endfacet
  facet normal 0 1 0
    outer loop
      vertex -20.6974 3 -12.2164
      vertex -21.6855 3 -13.0618
      vertex -21.8715 3 -12.8088
    endloop
  endfacet
  facet normal 0 1 -0
    outer loop
      vertex -18.5602 3 -13.9456
      vertex -18.8131 3 -12.6465
      vertex -18.2693 3 -13.8274
    endloop
  endfacet
  facet normal 0 1 0
    outer loop
      vertex -20.6974 3 -12.2164
      vertex -21.4729 3 -13.2928
      vertex -21.6855 3 -13.0618
    endloop
  endfacet
  facet normal 0 1 0
    outer loop
      vertex -18.8131 3 -12.6465
      vertex -18.5602 3 -13.9456
      vertex -19.0287 3 -12.7311
    endloop
  endfacet
  facet normal 0 1 0
    outer loop
      vertex -20.5398 3 -12.3862
      vertex -21.2361 3 -13.4991
      vertex -21.4729 3 -13.2928
    endloop
  endfacet
  facet normal 0 1 -0
    outer loop
      vertex -18.8623 3 -14.031
      vertex -19.0287 3 -12.7311
      vertex -18.5602 3 -13.9456
    endloop
  endfacet
  facet normal 0 1 0
    outer loop
      vertex -20.3587 3 -12.5307
      vertex -20.978 3 -13.678
      vertex -21.2361 3 -13.4991
    endloop
  endfacet
  facet normal 0 1 0
    outer loop
      vertex -19.0287 3 -12.7311
      vertex -18.8623 3 -14.031
      vertex -19.2546 3 -12.7827
    endloop
  endfacet
  facet normal 0 1 0
    outer loop
      vertex -20.1581 3 -12.6465
      vertex -20.7019 3 -13.8274
      vertex -20.978 3 -13.678
    endloop
  endfacet
  facet normal 0 1 -0
    outer loop
      vertex -19.172 3 -14.0827
      vertex -19.2546 3 -12.7827
      vertex -18.8623 3 -14.031
    endloop
  endfacet
  facet normal 0 1 0
    outer loop
      vertex -20.1581 3 -12.6465
      vertex -20.411 3 -13.9456
      vertex -20.7019 3 -13.8274
    endloop
  endfacet
  facet normal 0 1 0
    outer loop
      vertex -19.2546 3 -12.7827
      vertex -19.172 3 -14.0827
      vertex -19.4856 3 -12.8
    endloop
  endfacet
  facet normal 0 1 0
    outer loop
      vertex -19.9424 3 -12.7311
      vertex -20.1088 3 -14.031
      vertex -20.411 3 -13.9456
    endloop
  endfacet
  facet normal 0 1 0
    outer loop
      vertex -19.4856 3 -14.1
      vertex -19.4856 3 -12.8
      vertex -19.172 3 -14.0827
    endloop
  endfacet
  facet normal 0 1 0
    outer loop
      vertex -19.7166 3 -12.7827
      vertex -19.7991 3 -14.0827
      vertex -20.1088 3 -14.031
    endloop
  endfacet
  facet normal 0 1 0
    outer loop
      vertex -19.4856 3 -12.8
      vertex -19.4856 3 -14.1
      vertex -19.7991 3 -14.0827
    endloop
  endfacet
  facet normal -0.0123835 0.707147 0.706958
    outer loop
      vertex 0 7.70711 28.7929
      vertex -1.01047 7.70711 28.7752
      vertex -1.0582 5 31.4822
    endloop
  endfacet
  facet normal -0.0118934 0.707055 0.707058
    outer loop
      vertex 0 5 31.5
      vertex 0 7.70711 28.7929
      vertex -1.0582 5 31.4822
    endloop
  endfacet
  facet normal 0.0118934 0.707055 0.707058
    outer loop
      vertex 1.0582 5 31.4822
      vertex 0 7.70711 28.7929
      vertex 0 5 31.5
    endloop
  endfacet
  facet normal -0.0356186 0.706958 0.706358
    outer loop
      vertex -1.0582 5 31.4822
      vertex -1.01047 7.70711 28.7752
      vertex -2.1152 5 31.4289
    endloop
  endfacet
  facet normal -0.0372154 0.707246 0.705988
    outer loop
      vertex -1.01047 7.70711 28.7752
      vertex -2.01969 7.70711 28.722
      vertex -2.1152 5 31.4289
    endloop
  endfacet
  facet normal -0.0593482 0.706879 0.70484
    outer loop
      vertex -2.1152 5 31.4289
      vertex -2.01969 7.70711 28.722
      vertex -3.16982 5 31.3401
    endloop
  endfacet
  facet normal -0.0619707 0.707334 0.704158
    outer loop
      vertex -2.01969 7.70711 28.722
      vertex -3.02643 7.70711 28.6334
      vertex -3.16982 5 31.3401
    endloop
  endfacet
  facet normal -0.0830155 0.706808 0.702517
    outer loop
      vertex -3.16982 5 31.3401
      vertex -3.02643 7.70711 28.6334
      vertex -4.22086 5 31.2159
    endloop
  endfacet
  facet normal -0.0866512 0.707412 0.701469
    outer loop
      vertex -3.02643 7.70711 28.6334
      vertex -4.02944 7.70711 28.5095
      vertex -4.22086 5 31.2159
    endloop
  endfacet
  facet normal -0.106554 0.706747 0.699396
    outer loop
      vertex -4.22086 5 31.2159
      vertex -4.02944 7.70711 28.5095
      vertex -5.26713 5 31.0565
    endloop
  endfacet
  facet normal -0.111122 0.707474 0.697949
    outer loop
      vertex -4.02944 7.70711 28.5095
      vertex -5.02748 7.70711 28.3506
      vertex -5.26713 5 31.0565
    endloop
  endfacet
  facet normal -0.130027 0.706681 0.695481
    outer loop
      vertex -5.26713 5 31.0565
      vertex -5.02748 7.70711 28.3506
      vertex -6.30746 5 30.862
    endloop
  endfacet
  facet normal -0.135586 0.707526 0.693559
    outer loop
      vertex -5.02748 7.70711 28.3506
      vertex -6.01933 7.70711 28.1567
      vertex -6.30746 5 30.862
    endloop
  endfacet
  facet normal -0.153305 0.706631 0.690775
    outer loop
      vertex -6.30746 5 30.862
      vertex -6.01933 7.70711 28.1567
      vertex -7.34066 5 30.6327
    endloop
  endfacet
  facet normal -0.159839 0.707576 0.688322
    outer loop
      vertex -6.01933 7.70711 28.1567
      vertex -7.00376 7.70711 27.9281
      vertex -7.34066 5 30.6327
    endloop
  endfacet
  facet normal -0.176446 0.706593 0.685269
    outer loop
      vertex -7.34066 5 30.6327
      vertex -7.00376 7.70711 27.9281
      vertex -8.36558 5 30.3688
    endloop
  endfacet
  facet normal -0.183881 0.707614 0.682254
    outer loop
      vertex -7.00376 7.70711 27.9281
      vertex -7.97957 7.70711 27.6651
      vertex -8.36558 5 30.3688
    endloop
  endfacet
  facet normal -0.199324 0.706564 0.678997
    outer loop
      vertex -8.36558 5 30.3688
      vertex -7.97957 7.70711 27.6651
      vertex -9.38106 5 30.0707
    endloop
  endfacet
  facet normal -0.207711 0.707654 0.675338
    outer loop
      vertex -7.97957 7.70711 27.6651
      vertex -8.94554 7.70711 27.368
      vertex -9.38106 5 30.0707
    endloop
  endfacet
  facet normal -0.222069 0.706549 0.671918
    outer loop
      vertex -9.38106 5 30.0707
      vertex -8.94554 7.70711 27.368
      vertex -10.3859 5 29.7386
    endloop
  endfacet
  facet normal -0.231266 0.707676 0.667616
    outer loop
      vertex -8.94554 7.70711 27.368
      vertex -9.90049 7.70711 27.0372
      vertex -10.3859 5 29.7386
    endloop
  endfacet
  facet normal -0.244521 0.706535 0.664091
    outer loop
      vertex -10.3859 5 29.7386
      vertex -9.90049 7.70711 27.0372
      vertex -11.3791 5 29.3729
    endloop
  endfacet
  facet normal -0.254553 0.707688 0.659076
    outer loop
      vertex -9.90049 7.70711 27.0372
      vertex -10.8432 7.70711 26.6731
      vertex -11.3791 5 29.3729
    endloop
  endfacet
  facet normal -0.266732 0.706527 0.655495
    outer loop
      vertex -11.3791 5 29.3729
      vertex -10.8432 7.70711 26.6731
      vertex -12.3594 5 28.974
    endloop
  endfacet
  facet normal -0.277539 0.707684 0.649735
    outer loop
      vertex -10.8432 7.70711 26.6731
      vertex -11.7726 7.70711 26.2761
      vertex -12.3594 5 28.974
    endloop
  endfacet
  facet normal -0.288526 0.706534 0.646191
    outer loop
      vertex -12.3594 5 28.974
      vertex -11.7726 7.70711 26.2761
      vertex -13.3258 5 28.5425
    endloop
  endfacet
  facet normal -0.300127 0.707684 0.639614
    outer loop
      vertex -11.7726 7.70711 26.2761
      vertex -12.6875 7.70711 25.8468
      vertex -13.3258 5 28.5425
    endloop
  endfacet
  facet normal -0.310126 0.706541 0.636099
    outer loop
      vertex -13.3258 5 28.5425
      vertex -12.6875 7.70711 25.8468
      vertex -14.2771 5 28.0787
    endloop
  endfacet
  facet normal -0.322423 0.70766 0.628697
    outer loop
      vertex -12.6875 7.70711 25.8468
      vertex -13.5868 7.70711 25.3856
      vertex -14.2771 5 28.0787
    endloop
  endfacet
  facet normal -0.33131 0.706556 0.62531
    outer loop
      vertex -14.2771 5 28.0787
      vertex -13.5868 7.70711 25.3856
      vertex -15.2123 5 27.5832
    endloop
  endfacet
  facet normal -0.344281 0.707628 0.617036
    outer loop
      vertex -13.5868 7.70711 25.3856
      vertex -14.4693 7.70711 24.8932
      vertex -15.2123 5 27.5832
    endloop
  endfacet
  facet normal -0.352077 0.706581 0.613828
    outer loop
      vertex -15.2123 5 27.5832
      vertex -14.4693 7.70711 24.8932
      vertex -16.1304 5 27.0566
    endloop
  endfacet
  facet normal -0.3658 0.707597 0.604563
    outer loop
      vertex -14.4693 7.70711 24.8932
      vertex -15.334 7.70711 24.37
      vertex -16.1304 5 27.0566
    endloop
  endfacet
  facet normal -0.372479 0.70663 0.601609
    outer loop
      vertex -16.1304 5 27.0566
      vertex -15.334 7.70711 24.37
      vertex -17.0302 5 26.4995
    endloop
  endfacet
  facet normal -0.386753 0.70756 0.591422
    outer loop
      vertex -15.334 7.70711 24.37
      vertex -16.1798 7.70711 23.8169
      vertex -17.0302 5 26.4995
    endloop
  endfacet
  facet normal -0.392491 0.706668 0.588703
    outer loop
      vertex -17.0302 5 26.4995
      vertex -16.1798 7.70711 23.8169
      vertex -17.9108 5 25.9124
    endloop
  endfacet
  facet normal -0.407323 0.707499 0.577524
    outer loop
      vertex -16.1798 7.70711 23.8169
      vertex -17.0057 7.70711 23.2344
      vertex -17.9108 5 25.9124
    endloop
  endfacet
  facet normal -0.411986 0.706722 0.575163
    outer loop
      vertex -17.9108 5 25.9124
      vertex -17.0057 7.70711 23.2344
      vertex -18.7712 5 25.2961
    endloop
  endfacet
  facet normal -0.427382 0.707437 0.562918
    outer loop
      vertex -17.0057 7.70711 23.2344
      vertex -17.8106 7.70711 22.6233
      vertex -18.7712 5 25.2961
    endloop
  endfacet
  facet normal -0.43106 0.706782 0.560933
    outer loop
      vertex -18.7712 5 25.2961
      vertex -17.8106 7.70711 22.6233
      vertex -19.6104 5 24.6512
    endloop
  endfacet
  facet normal -0.446919 0.707363 0.547633
    outer loop
      vertex -17.8106 7.70711 22.6233
      vertex -18.5936 7.70711 21.9843
      vertex -19.6104 5 24.6512
    endloop
  endfacet
  facet normal -0.449628 0.706848 0.546077
    outer loop
      vertex -19.6104 5 24.6512
      vertex -18.5936 7.70711 21.9843
      vertex -20.4274 5 23.9785
    endloop
  endfacet
  facet normal -0.465923 0.707276 0.531674
    outer loop
      vertex -18.5936 7.70711 21.9843
      vertex -19.3537 7.70711 21.3182
      vertex -20.4274 5 23.9785
    endloop
  endfacet
  facet normal -0.467618 0.706933 0.53064
    outer loop
      vertex -20.4274 5 23.9785
      vertex -19.3537 7.70711 21.3182
      vertex -21.2214 5 23.2788
    endloop
  endfacet
  facet normal -0.484348 0.707191 0.515061
    outer loop
      vertex -19.3537 7.70711 21.3182
      vertex -20.0899 7.70711 20.6259
      vertex -21.2214 5 23.2788
    endloop
  endfacet
  facet normal -0.485146 0.707019 0.514545
    outer loop
      vertex -21.2214 5 23.2788
      vertex -20.0899 7.70711 20.6259
      vertex -21.9915 5 22.5527
    endloop
  endfacet
  facet normal -0.502111 0.707091 0.497902
    outer loop
      vertex -21.9915 5 22.5527
      vertex -20.0899 7.70711 20.6259
      vertex -22.7367 5 21.8012
    endloop
  endfacet
  facet normal -0.502191 0.707118 0.497784
    outer loop
      vertex -20.0899 7.70711 20.6259
      vertex -20.8014 7.70711 19.9081
      vertex -22.7367 5 21.8012
    endloop
  endfacet
  facet normal -0.518631 0.706998 0.480807
    outer loop
      vertex -22.7367 5 21.8012
      vertex -20.8014 7.70711 19.9081
      vertex -23.4562 5 21.0251
    endloop
  endfacet
  facet normal -0.519267 0.70721 0.479808
    outer loop
      vertex -20.8014 7.70711 19.9081
      vertex -21.4872 7.70711 19.1659
      vertex -23.4562 5 21.0251
    endloop
  endfacet
  facet normal -0.534522 0.706909 0.463213
    outer loop
      vertex -23.4562 5 21.0251
      vertex -21.4872 7.70711 19.1659
      vertex -24.1493 5 20.2253
    endloop
  endfacet
  facet normal -0.535717 0.707305 0.461224
    outer loop
      vertex -21.4872 7.70711 19.1659
      vertex -22.1466 7.70711 18.4
      vertex -24.1493 5 20.2253
    endloop
  endfacet
  facet normal -0.549869 0.706836 0.445002
    outer loop
      vertex -24.1493 5 20.2253
      vertex -22.1466 7.70711 18.4
      vertex -24.8151 5 19.4026
    endloop
  endfacet
  facet normal -0.551525 0.707384 0.442073
    outer loop
      vertex -22.1466 7.70711 18.4
      vertex -22.7787 7.70711 17.6114
      vertex -24.8151 5 19.4026
    endloop
  endfacet
  facet normal -0.564557 0.706768 0.426326
    outer loop
      vertex -24.8151 5 19.4026
      vertex -22.7787 7.70711 17.6114
      vertex -25.4529 5 18.558
    endloop
  endfacet
  facet normal -0.566632 0.707452 0.422421
    outer loop
      vertex -22.7787 7.70711 17.6114
      vertex -23.3827 7.70711 16.8012
      vertex -25.4529 5 18.558
    endloop
  endfacet
  facet normal -0.578589 0.706708 0.407185
    outer loop
      vertex -25.4529 5 18.558
      vertex -23.3827 7.70711 16.8012
      vertex -26.062 5 17.6925
    endloop
  endfacet
  facet normal -0.58107 0.707524 0.402204
    outer loop
      vertex -23.3827 7.70711 16.8012
      vertex -23.9579 7.70711 15.9702
      vertex -26.062 5 17.6925
    endloop
  endfacet
  facet normal -0.592006 0.706666 0.387495
    outer loop
      vertex -26.062 5 17.6925
      vertex -23.9579 7.70711 15.9702
      vertex -26.6416 5 16.807
    endloop
  endfacet
  facet normal -0.594741 0.707563 0.381625
    outer loop
      vertex -23.9579 7.70711 15.9702
      vertex -24.5037 7.70711 15.1196
      vertex -26.6416 5 16.807
    endloop
  endfacet
  facet normal -0.604722 0.706608 0.367446
    outer loop
      vertex -26.6416 5 16.807
      vertex -24.5037 7.70711 15.1196
      vertex -27.1912 5 15.9025
    endloop
  endfacet
  facet normal -0.607777 0.707607 0.360415
    outer loop
      vertex -24.5037 7.70711 15.1196
      vertex -25.0192 7.70711 14.2503
      vertex -27.1912 5 15.9025
    endloop
  endfacet
  facet normal -0.616773 0.706577 0.346901
    outer loop
      vertex -27.1912 5 15.9025
      vertex -25.0192 7.70711 14.2503
      vertex -27.71 5 14.9801
    endloop
  endfacet
  facet normal -0.620012 0.707634 0.338881
    outer loop
      vertex -25.0192 7.70711 14.2503
      vertex -25.5039 7.70711 13.3635
      vertex -27.71 5 14.9801
    endloop
  endfacet
  facet normal -0.628083 0.706546 0.326044
    outer loop
      vertex -27.71 5 14.9801
      vertex -25.5039 7.70711 13.3635
      vertex -28.1976 5 14.0408
    endloop
  endfacet
  facet normal -0.631521 0.707665 0.316844
    outer loop
      vertex -25.5039 7.70711 13.3635
      vertex -25.9571 7.70711 12.4602
      vertex -28.1976 5 14.0408
    endloop
  endfacet
  facet normal -0.638684 0.706541 0.304766
    outer loop
      vertex -28.1976 5 14.0408
      vertex -25.9571 7.70711 12.4602
      vertex -28.6534 5 13.0856
    endloop
  endfacet
  facet normal -0.642206 0.707686 0.294537
    outer loop
      vertex -25.9571 7.70711 12.4602
      vertex -26.3784 7.70711 11.5416
      vertex -28.6534 5 13.0856
    endloop
  endfacet
  facet normal -0.648588 0.70653 0.283106
    outer loop
      vertex -28.6534 5 13.0856
      vertex -26.3784 7.70711 11.5416
      vertex -29.0768 5 12.1156
    endloop
  endfacet
  facet normal -0.652147 0.707684 0.271821
    outer loop
      vertex -26.3784 7.70711 11.5416
      vertex -26.7672 7.70711 10.6088
      vertex -29.0768 5 12.1156
    endloop
  endfacet
  facet normal -0.657724 0.706525 0.261191
    outer loop
      vertex -29.0768 5 12.1156
      vertex -26.7672 7.70711 10.6088
      vertex -29.4674 5 11.132
    endloop
  endfacet
  facet normal -0.661281 0.707678 0.248797
    outer loop
      vertex -26.7672 7.70711 10.6088
      vertex -27.1231 7.70711 9.66285
      vertex -29.4674 5 11.132
    endloop
  endfacet
  facet normal -0.666111 0.706531 0.238976
    outer loop
      vertex -29.4674 5 11.132
      vertex -27.1231 7.70711 9.66285
      vertex -29.8248 5 10.1358
    endloop
  endfacet
  facet normal -0.669629 0.707668 0.225395
    outer loop
      vertex -27.1231 7.70711 9.66285
      vertex -27.4455 7.70711 8.70503
      vertex -29.8248 5 10.1358
    endloop
  endfacet
  facet normal -0.673776 0.706546 0.216376
    outer loop
      vertex -29.8248 5 10.1358
      vertex -27.4455 7.70711 8.70503
      vertex -30.1484 5 9.12814
    endloop
  endfacet
  facet normal -0.677168 0.707642 0.201709
    outer loop
      vertex -27.4455 7.70711 8.70503
      vertex -27.734 7.70711 7.73649
      vertex -30.1484 5 9.12814
    endloop
  endfacet
  facet normal -0.680628 0.706577 0.193636
    outer loop
      vertex -30.1484 5 9.12814
      vertex -27.734 7.70711 7.73649
      vertex -30.438 5 8.1102
    endloop
  endfacet
  facet normal -0.683832 0.70761 0.177936
    outer loop
      vertex -27.734 7.70711 7.73649
      vertex -27.9885 7.70711 6.75841
      vertex -30.438 5 8.1102
    endloop
  endfacet
  facet normal -0.686716 0.706602 0.170691
    outer loop
      vertex -30.438 5 8.1102
      vertex -27.9885 7.70711 6.75841
      vertex -30.6933 5 7.08309
    endloop
  endfacet
  facet normal -0.689715 0.707567 0.153759
    outer loop
      vertex -27.9885 7.70711 6.75841
      vertex -28.2084 7.70711 5.77201
      vertex -30.6933 5 7.08309
    endloop
  endfacet
  facet normal -0.692024 0.706648 0.147485
    outer loop
      vertex -30.6933 5 7.08309
      vertex -28.2084 7.70711 5.77201
      vertex -30.9139 5 6.048
    endloop
  endfacet
  facet normal -0.694728 0.707518 0.129504
    outer loop
      vertex -28.2084 7.70711 5.77201
      vertex -28.3936 7.70711 4.7785
      vertex -30.9139 5 6.048
    endloop
  endfacet
  facet normal -0.696522 0.706703 0.124206
    outer loop
      vertex -30.9139 5 6.048
      vertex -28.3936 7.70711 4.7785
      vertex -31.0997 5 5.00607
    endloop
  endfacet
  facet normal -0.698898 0.707467 0.105037
    outer loop
      vertex -28.3936 7.70711 4.7785
      vertex -28.5438 7.70711 3.7791
      vertex -31.0997 5 5.00607
    endloop
  endfacet
  facet normal -0.70025 0.706764 0.100669
    outer loop
      vertex -31.0997 5 5.00607
      vertex -28.5438 7.70711 3.7791
      vertex -31.2503 5 3.9585
    endloop
  endfacet
  facet normal -0.702219 0.707395 0.0804994
    outer loop
      vertex -28.5438 7.70711 3.7791
      vertex -28.6589 7.70711 2.77505
      vertex -31.2503 5 3.9585
    endloop
  endfacet
  facet normal -0.703184 0.706819 0.0770659
    outer loop
      vertex -31.2503 5 3.9585
      vertex -28.6589 7.70711 2.77505
      vertex -31.3656 5 2.90645
    endloop
  endfacet
  facet normal -0.704706 0.707306 0.0557481
    outer loop
      vertex -28.6589 7.70711 2.77505
      vertex -28.7386 7.70711 1.76757
      vertex -31.3656 5 2.90645
    endloop
  endfacet
  facet normal -0.705284 0.706906 0.053465
    outer loop
      vertex -31.3656 5 2.90645
      vertex -28.7386 7.70711 1.76757
      vertex -31.4456 5 1.85113
    endloop
  endfacet
  facet normal -0.706303 0.707231 0.0309901
    outer loop
      vertex -28.7386 7.70711 1.76757
      vertex -28.7829 7.70711 0.757919
      vertex -31.4456 5 1.85113
    endloop
  endfacet
  facet normal -0.706601 0.70699 0.0296696
    outer loop
      vertex -31.4456 5 1.85113
      vertex -28.7829 7.70711 0.757919
      vertex -31.49 5 0.793714
    endloop
  endfacet
  facet normal -0.707053 0.707133 0.00622686
    outer loop
      vertex -28.7829 7.70711 0.757919
      vertex -28.7918 7.70711 -0.252666
      vertex -31.49 5 0.793714
    endloop
  endfacet
  facet normal -0.707109 0.70708 0.00594653
    outer loop
      vertex -31.49 5 0.793714
      vertex -28.7918 7.70711 -0.252666
      vertex -31.4989 5 -0.264596
    endloop
  endfacet
  facet normal -0.706956 0.707032 -0.0178407
    outer loop
      vertex -28.7918 7.70711 -0.252666
      vertex -31.4722 5 -1.32261
      vertex -31.4989 5 -0.264596
    endloop
  endfacet
  facet normal -0.706794 0.707175 -0.0186095
    outer loop
      vertex -28.7918 7.70711 -0.252666
      vertex -28.7652 7.70711 -1.26294
      vertex -31.4722 5 -1.32261
    endloop
  endfacet
  facet normal -0.706052 0.706939 -0.041567
    outer loop
      vertex -28.7652 7.70711 -1.26294
      vertex -31.41 5 -2.37913
      vertex -31.4722 5 -1.32261
    endloop
  endfacet
  facet normal -0.705604 0.707274 -0.0434392
    outer loop
      vertex -28.7652 7.70711 -1.26294
      vertex -28.7031 7.70711 -2.27166
      vertex -31.41 5 -2.37913
    endloop
  endfacet
  facet normal -0.704332 0.706867 -0.0652314
    outer loop
      vertex -28.7031 7.70711 -2.27166
      vertex -31.3124 5 -3.43296
      vertex -31.41 5 -2.37913
    endloop
  endfacet
  facet normal -0.70356 0.707363 -0.0681234
    outer loop
      vertex -28.7031 7.70711 -2.27166
      vertex -28.6057 7.70711 -3.27758
      vertex -31.3124 5 -3.43296
    endloop
  endfacet
  facet normal -0.701805 0.706801 -0.0888986
    outer loop
      vertex -28.6057 7.70711 -3.27758
      vertex -31.1794 5 -4.48292
      vertex -31.3124 5 -3.43296
    endloop
  endfacet
  facet normal -0.700672 0.707432 -0.0927347
    outer loop
      vertex -28.6057 7.70711 -3.27758
      vertex -28.4731 7.70711 -4.27946
      vertex -31.1794 5 -4.48292
    endloop
  endfacet
  facet normal -0.69849 0.706732 -0.112439
    outer loop
      vertex -28.4731 7.70711 -4.27946
      vertex -31.0112 5 -5.52781
      vertex -31.1794 5 -4.48292
    endloop
  endfacet
  facet normal -0.696924 0.707492 -0.117272
    outer loop
      vertex -28.4731 7.70711 -4.27946
      vertex -28.3054 7.70711 -5.27607
      vertex -31.0112 5 -5.52781
    endloop
  endfacet
  facet normal -0.694377 0.706673 -0.135846
    outer loop
      vertex -28.3054 7.70711 -5.27607
      vertex -30.808 5 -6.56647
      vertex -31.0112 5 -5.52781
    endloop
  endfacet
  facet normal -0.692321 0.707547 -0.141665
    outer loop
      vertex -28.3054 7.70711 -5.27607
      vertex -28.1028 7.70711 -6.26618
      vertex -30.808 5 -6.56647
    endloop
  endfacet
  facet normal -0.689463 0.706627 -0.15912
    outer loop
      vertex -28.1028 7.70711 -6.26618
      vertex -30.57 5 -7.59772
      vertex -30.808 5 -6.56647
    endloop
  endfacet
  facet normal -0.686886 0.707589 -0.16585
    outer loop
      vertex -28.1028 7.70711 -6.26618
      vertex -27.8656 7.70711 -7.24857
      vertex -30.57 5 -7.59772
    endloop
  endfacet
  facet normal -0.68377 0.706585 -0.182199
    outer loop
      vertex -27.8656 7.70711 -7.24857
      vertex -30.2975 5 -8.62038
      vertex -30.57 5 -7.59772
    endloop
  endfacet
  facet normal -0.680593 0.707627 -0.189889
    outer loop
      vertex -27.8656 7.70711 -7.24857
      vertex -27.594 7.70711 -8.22203
      vertex -30.2975 5 -8.62038
    endloop
  endfacet
  facet normal -0.677288 0.70656 -0.20507
    outer loop
      vertex -27.594 7.70711 -8.22203
      vertex -29.9908 5 -9.63332
      vertex -30.2975 5 -8.62038
    endloop
  endfacet
  facet normal -0.673505 0.707652 -0.213588
    outer loop
      vertex -27.594 7.70711 -8.22203
      vertex -27.2885 7.70711 -9.18536
      vertex -29.9908 5 -9.63332
    endloop
  endfacet
  facet normal -0.670051 0.706536 -0.227679
    outer loop
      vertex -27.2885 7.70711 -9.18536
      vertex -29.6503 5 -10.6354
      vertex -29.9908 5 -9.63332
    endloop
  endfacet
  facet normal -0.665556 0.707676 -0.237129
    outer loop
      vertex -27.2885 7.70711 -9.18536
      vertex -26.9493 7.70711 -10.1374
      vertex -29.6503 5 -10.6354
    endloop
  endfacet
  facet normal -0.662017 0.706531 -0.250095
    outer loop
      vertex -26.9493 7.70711 -10.1374
      vertex -29.2763 5 -11.6254
      vertex -29.6503 5 -10.6354
    endloop
  endfacet
  facet normal -0.656809 0.707688 -0.260346
    outer loop
      vertex -26.9493 7.70711 -10.1374
      vertex -26.5769 7.70711 -11.0769
      vertex -29.2763 5 -11.6254
    endloop
  endfacet
  facet normal -0.653241 0.706531 -0.272195
    outer loop
      vertex -26.5769 7.70711 -11.0769
      vertex -28.8692 5 -12.6024
      vertex -29.2763 5 -11.6254
    endloop
  endfacet
  facet normal -0.647283 0.707688 -0.2832
    outer loop
      vertex -26.5769 7.70711 -11.0769
      vertex -26.1718 7.70711 -12.0028
      vertex -28.8692 5 -12.6024
    endloop
  endfacet
  facet normal -0.643719 0.70653 -0.29401
    outer loop
      vertex -26.1718 7.70711 -12.0028
      vertex -28.4295 5 -13.5651
      vertex -28.8692 5 -12.6024
    endloop
  endfacet
  facet normal -0.636974 0.707668 -0.305728
    outer loop
      vertex -26.1718 7.70711 -12.0028
      vertex -25.7345 7.70711 -12.9139
      vertex -28.4295 5 -13.5651
    endloop
  endfacet
  facet normal -0.633498 0.706537 -0.315412
    outer loop
      vertex -25.7345 7.70711 -12.9139
      vertex -27.9578 5 -14.5125
      vertex -28.4295 5 -13.5651
    endloop
  endfacet
  facet normal -0.625823 0.707655 -0.327979
    outer loop
      vertex -25.7345 7.70711 -12.9139
      vertex -25.2654 7.70711 -13.809
      vertex -27.9578 5 -14.5125
    endloop
  endfacet
  facet normal -0.622501 0.706572 -0.336525
    outer loop
      vertex -25.2654 7.70711 -13.809
      vertex -27.4545 5 -15.4435
      vertex -27.9578 5 -14.5125
    endloop
  endfacet
  facet normal -0.613973 0.707633 -0.349703
    outer loop
      vertex -25.2654 7.70711 -13.809
      vertex -24.7652 7.70711 -14.6872
      vertex -27.4545 5 -15.4435
    endloop
  endfacet
  facet normal -0.610821 0.706603 -0.357226
    outer loop
      vertex -24.7652 7.70711 -14.6872
      vertex -26.9202 5 -16.3571
      vertex -27.4545 5 -15.4435
    endloop
  endfacet
  facet normal -0.601357 0.707596 -0.37105
    outer loop
      vertex -24.7652 7.70711 -14.6872
      vertex -24.2345 7.70711 -15.5473
      vertex -26.9202 5 -16.3571
    endloop
  endfacet
  facet normal -0.598435 0.706639 -0.37754
    outer loop
      vertex -24.2345 7.70711 -15.5473
      vertex -26.3555 5 -17.2522
      vertex -26.9202 5 -16.3571
    endloop
  endfacet
  facet normal -0.588016 0.707545 -0.391941
    outer loop
      vertex -24.2345 7.70711 -15.5473
      vertex -23.674 7.70711 -16.3882
      vertex -26.3555 5 -17.2522
    endloop
  endfacet
  facet normal -0.585389 0.706682 -0.397391
    outer loop
      vertex -23.674 7.70711 -16.3882
      vertex -25.7611 5 -18.1278
      vertex -26.3555 5 -17.2522
    endloop
  endfacet
  facet normal -0.573932 0.707487 -0.412389
    outer loop
      vertex -23.674 7.70711 -16.3882
      vertex -23.0843 7.70711 -17.2089
      vertex -25.7611 5 -18.1278
    endloop
  endfacet
  facet normal -0.571644 0.706734 -0.416835
    outer loop
      vertex -23.0843 7.70711 -17.2089
      vertex -25.1375 5 -18.983
      vertex -25.7611 5 -18.1278
    endloop
  endfacet
  facet normal -0.559168 0.707415 -0.432313
    outer loop
      vertex -23.0843 7.70711 -17.2089
      vertex -22.4661 7.70711 -18.0085
      vertex -25.1375 5 -18.983
    endloop
  endfacet
  facet normal -0.55728 0.706792 -0.435757
    outer loop
      vertex -22.4661 7.70711 -18.0085
      vertex -24.4856 5 -19.8167
      vertex -25.1375 5 -18.983
    endloop
  endfacet
  facet normal -0.543709 0.707335 -0.451727
    outer loop
      vertex -22.4661 7.70711 -18.0085
      vertex -21.8203 7.70711 -18.7858
      vertex -24.4856 5 -19.8167
    endloop
  endfacet
  facet normal -0.5423 0.706868 -0.454145
    outer loop
      vertex -21.8203 7.70711 -18.7858
      vertex -23.8061 5 -20.6281
      vertex -24.4856 5 -19.8167
    endloop
  endfacet
  facet normal -0.527587 0.707257 -0.470575
    outer loop
      vertex -21.8203 7.70711 -18.7858
      vertex -21.1476 7.70711 -19.54
      vertex -23.8061 5 -20.6281
    endloop
  endfacet
  facet normal -0.526664 0.70695 -0.472066
    outer loop
      vertex -21.1476 7.70711 -19.54
      vertex -23.0997 5 -21.4162
      vertex -23.8061 5 -20.6281
    endloop
  endfacet
  facet normal -0.510789 0.707163 -0.488891
    outer loop
      vertex -21.1476 7.70711 -19.54
      vertex -20.4488 7.70711 -20.2701
      vertex -23.0997 5 -21.4162
    endloop
  endfacet
  facet normal -0.510426 0.707042 -0.489445
    outer loop
      vertex -20.4488 7.70711 -20.2701
      vertex -22.3672 5 -22.1801
      vertex -23.0997 5 -21.4162
    endloop
  endfacet
  facet normal -0.493708 0.707066 -0.50627
    outer loop
      vertex -20.4488 7.70711 -20.2701
      vertex -21.6095 5 -22.919
      vertex -22.3672 5 -22.1801
    endloop
  endfacet
  facet normal -0.493354 0.707145 -0.506506
    outer loop
      vertex -20.4488 7.70711 -20.2701
      vertex -19.7248 7.70711 -20.9753
      vertex -21.6095 5 -22.919
    endloop
  endfacet
  facet normal -0.476469 0.706978 -0.522646
    outer loop
      vertex -19.7248 7.70711 -20.9753
      vertex -20.8274 5 -23.632
      vertex -21.6095 5 -22.919
    endloop
  endfacet
  facet normal -0.475225 0.707238 -0.523427
    outer loop
      vertex -19.7248 7.70711 -20.9753
      vertex -18.9766 7.70711 -21.6546
      vertex -20.8274 5 -23.632
    endloop
  endfacet
  facet normal -0.45866 0.706891 -0.538456
    outer loop
      vertex -18.9766 7.70711 -21.6546
      vertex -20.0217 5 -24.3183
      vertex -20.8274 5 -23.632
    endloop
  endfacet
  facet normal -0.456457 0.707323 -0.53976
    outer loop
      vertex -18.9766 7.70711 -21.6546
      vertex -18.2049 7.70711 -22.3072
      vertex -20.0217 5 -24.3183
    endloop
  endfacet
  facet normal -0.440413 0.706818 -0.553574
    outer loop
      vertex -18.2049 7.70711 -22.3072
      vertex -19.1935 5 -24.9772
      vertex -20.0217 5 -24.3183
    endloop
  endfacet
  facet normal -0.437228 0.707404 -0.555347
    outer loop
      vertex -18.2049 7.70711 -22.3072
      vertex -17.4108 7.70711 -22.9324
      vertex -19.1935 5 -24.9772
    endloop
  endfacet
  facet normal -0.421593 0.706754 -0.568118
    outer loop
      vertex -17.4108 7.70711 -22.9324
      vertex -18.3436 5 -25.6079
      vertex -19.1935 5 -24.9772
    endloop
  endfacet
  facet normal -0.417425 0.707472 -0.570297
    outer loop
      vertex -17.4108 7.70711 -22.9324
      vertex -16.5953 7.70711 -23.5293
      vertex -18.3436 5 -25.6079
    endloop
  endfacet
  facet normal -0.402308 0.706697 -0.582003
    outer loop
      vertex -16.5953 7.70711 -23.5293
      vertex -17.473 5 -26.2097
      vertex -18.3436 5 -25.6079
    endloop
  endfacet
  facet normal -0.39713 0.707531 -0.584541
    outer loop
      vertex -16.5953 7.70711 -23.5293
      vertex -15.7594 7.70711 -24.0972
      vertex -17.473 5 -26.2097
    endloop
  endfacet
  facet normal -0.382482 0.706643 -0.595284
    outer loop
      vertex -15.7594 7.70711 -24.0972
      vertex -16.5826 5 -26.7818
      vertex -17.473 5 -26.2097
    endloop
  endfacet
  facet normal -0.376317 0.707568 -0.598108
    outer loop
      vertex -15.7594 7.70711 -24.0972
      vertex -14.904 7.70711 -24.6354
      vertex -16.5826 5 -26.7818
    endloop
  endfacet
  facet normal -0.362392 0.706598 -0.607775
    outer loop
      vertex -14.904 7.70711 -24.6354
      vertex -15.6736 5 -27.3238
      vertex -16.5826 5 -26.7818
    endloop
  endfacet
  facet normal -0.355085 0.707618 -0.610894
    outer loop
      vertex -14.904 7.70711 -24.6354
      vertex -14.0302 7.70711 -25.1433
      vertex -15.6736 5 -27.3238
    endloop
  endfacet
  facet normal -0.341724 0.706571 -0.619663
    outer loop
      vertex -14.0302 7.70711 -25.1433
      vertex -14.7468 5 -27.8349
      vertex -15.6736 5 -27.3238
    endloop
  endfacet
  facet normal -0.333429 0.707643 -0.62295
    outer loop
      vertex -14.0302 7.70711 -25.1433
      vertex -13.1392 7.70711 -25.6202
      vertex -14.7468 5 -27.8349
    endloop
  endfacet
  facet normal -0.320752 0.706542 -0.630806
    outer loop
      vertex -13.1392 7.70711 -25.6202
      vertex -13.8034 5 -28.3146
      vertex -14.7468 5 -27.8349
    endloop
  endfacet
  facet normal -0.311327 0.707666 -0.634259
    outer loop
      vertex -13.1392 7.70711 -25.6202
      vertex -12.232 7.70711 -26.0655
      vertex -13.8034 5 -28.3146
    endloop
  endfacet
  facet normal -0.299361 0.706528 -0.641249
    outer loop
      vertex -12.232 7.70711 -26.0655
      vertex -12.8444 5 -28.7623
      vertex -13.8034 5 -28.3146
    endloop
  endfacet
  facet normal -0.28887 0.707677 -0.644785
    outer loop
      vertex -12.232 7.70711 -26.0655
      vertex -11.3097 7.70711 -26.4787
      vertex -12.8444 5 -28.7623
    endloop
  endfacet
  facet normal -0.277691 0.706524 -0.650931
    outer loop
      vertex -11.3097 7.70711 -26.4787
      vertex -11.8709 5 -29.1776
      vertex -12.8444 5 -28.7623
    endloop
  endfacet
  facet normal -0.266082 0.707685 -0.654509
    outer loop
      vertex -11.3097 7.70711 -26.4787
      vertex -10.3735 7.70711 -26.8593
      vertex -11.8709 5 -29.1776
    endloop
  endfacet
  facet normal -0.255652 0.706527 -0.659895
    outer loop
      vertex -10.3735 7.70711 -26.8593
      vertex -10.8841 5 -29.5599
      vertex -11.8709 5 -29.1776
    endloop
  endfacet
  facet normal -0.242933 0.70768 -0.663455
    outer loop
      vertex -10.3735 7.70711 -26.8593
      vertex -9.42447 7.70711 -27.2068
      vertex -10.8841 5 -29.5599
    endloop
  endfacet
  facet normal -0.233293 0.706536 -0.668118
    outer loop
      vertex -9.42447 7.70711 -27.2068
      vertex -9.8849 5 -29.9088
      vertex -10.8841 5 -29.5599
    endloop
  endfacet
  facet normal -0.219526 0.707657 -0.671588
    outer loop
      vertex -9.42447 7.70711 -27.2068
      vertex -8.46386 7.70711 -27.5208
      vertex -9.8849 5 -29.9088
    endloop
  endfacet
  facet normal -0.210758 0.70655 -0.67555
    outer loop
      vertex -8.46386 7.70711 -27.5208
      vertex -8.87458 5 -30.224
      vertex -9.8849 5 -29.9088
    endloop
  endfacet
  facet normal -0.195832 0.707632 -0.678901
    outer loop
      vertex -8.46386 7.70711 -27.5208
      vertex -7.49282 7.70711 -27.8009
      vertex -8.87458 5 -30.224
    endloop
  endfacet
  facet normal -0.187947 0.706578 -0.68222
    outer loop
      vertex -7.49282 7.70711 -27.8009
      vertex -7.85423 5 -30.5051
      vertex -8.87458 5 -30.224
    endloop
  endfacet
  facet normal -0.171861 0.707601 -0.685394
    outer loop
      vertex -7.49282 7.70711 -27.8009
      vertex -6.51255 7.70711 -28.0467
      vertex -7.85423 5 -30.5051
    endloop
  endfacet
  facet normal -0.164875 0.706616 -0.688121
    outer loop
      vertex -6.51255 7.70711 -28.0467
      vertex -6.82502 5 -30.7517
      vertex -7.85423 5 -30.5051
    endloop
  endfacet
  facet normal -0.147745 0.707555 -0.69104
    outer loop
      vertex -6.51255 7.70711 -28.0467
      vertex -5.52425 7.70711 -28.258
      vertex -6.82502 5 -30.7517
    endloop
  endfacet
  facet normal -0.141729 0.706663 -0.69321
    outer loop
      vertex -5.52425 7.70711 -28.258
      vertex -5.78811 5 -30.9637
      vertex -6.82502 5 -30.7517
    endloop
  endfacet
  facet normal -0.123353 0.707513 -0.695852
    outer loop
      vertex -5.52425 7.70711 -28.258
      vertex -4.52915 7.70711 -28.4344
      vertex -5.78811 5 -30.9637
    endloop
  endfacet
  facet normal -0.118257 0.70672 -0.69754
    outer loop
      vertex -4.52915 7.70711 -28.4344
      vertex -4.74466 5 -31.1406
      vertex -5.78811 5 -30.9637
    endloop
  endfacet
  facet normal -0.098956 0.707447 -0.699805
    outer loop
      vertex -4.52915 7.70711 -28.4344
      vertex -3.52848 7.70711 -28.5759
      vertex -4.74466 5 -31.1406
    endloop
  endfacet
  facet normal -0.0947856 0.706769 -0.701066
    outer loop
      vertex -3.52848 7.70711 -28.5759
      vertex -3.69586 5 -31.2824
      vertex -4.74466 5 -31.1406
    endloop
  endfacet
  facet normal -0.0742779 0.707367 -0.702933
    outer loop
      vertex -3.52848 7.70711 -28.5759
      vertex -2.52345 7.70711 -28.6821
      vertex -3.69586 5 -31.2824
    endloop
  endfacet
  facet normal -0.0711815 0.706841 -0.703782
    outer loop
      vertex -2.52345 7.70711 -28.6821
      vertex -2.64288 5 -31.3889
      vertex -3.69586 5 -31.2824
    endloop
  endfacet
  facet normal -0.0495937 0.707289 -0.705182
    outer loop
      vertex -2.52345 7.70711 -28.6821
      vertex -1.51531 7.70711 -28.753
      vertex -2.64288 5 -31.3889
    endloop
  endfacet
  facet normal -0.0475158 0.706922 -0.705694
    outer loop
      vertex -1.51531 7.70711 -28.753
      vertex -1.58692 5 -31.46
      vertex -2.64288 5 -31.3889
    endloop
  endfacet
  facet normal -0.0248351 0.707203 -0.706574
    outer loop
      vertex -1.51531 7.70711 -28.753
      vertex -0.505312 7.70711 -28.7885
      vertex -1.58692 5 -31.46
    endloop
  endfacet
  facet normal -0.0237885 0.70701 -0.706803
    outer loop
      vertex -0.505312 7.70711 -28.7885
      vertex -0.529174 5 -31.4956
      vertex -1.58692 5 -31.46
    endloop
  endfacet
  facet normal 0 0.707105 -0.707108
    outer loop
      vertex 0.529174 5 -31.4956
      vertex -0.505312 7.70711 -28.7885
      vertex 0.505312 7.70711 -28.7885
    endloop
  endfacet
  facet normal 0 0.707105 -0.707108
    outer loop
      vertex -0.505312 7.70711 -28.7885
      vertex 0.529174 5 -31.4956
      vertex -0.529174 5 -31.4956
    endloop
  endfacet
  facet normal 0.0237885 0.70701 -0.706803
    outer loop
      vertex 1.58692 5 -31.46
      vertex 0.529174 5 -31.4956
      vertex 0.505312 7.70711 -28.7885
    endloop
  endfacet
  facet normal 0.0248351 0.707203 -0.706574
    outer loop
      vertex 1.51531 7.70711 -28.753
      vertex 1.58692 5 -31.46
      vertex 0.505312 7.70711 -28.7885
    endloop
  endfacet
  facet normal 0.0475158 0.706922 -0.705694
    outer loop
      vertex 2.64288 5 -31.3889
      vertex 1.58692 5 -31.46
      vertex 1.51531 7.70711 -28.753
    endloop
  endfacet
  facet normal 0.0495937 0.707289 -0.705182
    outer loop
      vertex 2.52345 7.70711 -28.6821
      vertex 2.64288 5 -31.3889
      vertex 1.51531 7.70711 -28.753
    endloop
  endfacet
  facet normal 0.0711815 0.706841 -0.703782
    outer loop
      vertex 3.69586 5 -31.2824
      vertex 2.64288 5 -31.3889
      vertex 2.52345 7.70711 -28.6821
    endloop
  endfacet
  facet normal 0.0742779 0.707367 -0.702933
    outer loop
      vertex 3.52848 7.70711 -28.5759
      vertex 3.69586 5 -31.2824
      vertex 2.52345 7.70711 -28.6821
    endloop
  endfacet
  facet normal 0.0947856 0.706769 -0.701066
    outer loop
      vertex 4.74466 5 -31.1406
      vertex 3.69586 5 -31.2824
      vertex 3.52848 7.70711 -28.5759
    endloop
  endfacet
  facet normal 0.098956 0.707447 -0.699805
    outer loop
      vertex 4.52915 7.70711 -28.4344
      vertex 4.74466 5 -31.1406
      vertex 3.52848 7.70711 -28.5759
    endloop
  endfacet
  facet normal 0.118257 0.70672 -0.69754
    outer loop
      vertex 5.78811 5 -30.9637
      vertex 4.74466 5 -31.1406
      vertex 4.52915 7.70711 -28.4344
    endloop
  endfacet
  facet normal 0.123353 0.707513 -0.695852
    outer loop
      vertex 5.52425 7.70711 -28.258
      vertex 5.78811 5 -30.9637
      vertex 4.52915 7.70711 -28.4344
    endloop
  endfacet
  facet normal 0.141729 0.706663 -0.69321
    outer loop
      vertex 6.82502 5 -30.7517
      vertex 5.78811 5 -30.9637
      vertex 5.52425 7.70711 -28.258
    endloop
  endfacet
  facet normal 0.147745 0.707555 -0.69104
    outer loop
      vertex 6.51255 7.70711 -28.0467
      vertex 6.82502 5 -30.7517
      vertex 5.52425 7.70711 -28.258
    endloop
  endfacet
  facet normal 0.164875 0.706616 -0.688121
    outer loop
      vertex 7.85423 5 -30.5051
      vertex 6.82502 5 -30.7517
      vertex 6.51255 7.70711 -28.0467
    endloop
  endfacet
  facet normal 0.171861 0.707601 -0.685394
    outer loop
      vertex 7.49282 7.70711 -27.8009
      vertex 7.85423 5 -30.5051
      vertex 6.51255 7.70711 -28.0467
    endloop
  endfacet
  facet normal 0.187947 0.706578 -0.68222
    outer loop
      vertex 8.87458 5 -30.224
      vertex 7.85423 5 -30.5051
      vertex 7.49282 7.70711 -27.8009
    endloop
  endfacet
  facet normal 0.195832 0.707632 -0.678901
    outer loop
      vertex 8.46386 7.70711 -27.5208
      vertex 8.87458 5 -30.224
      vertex 7.49282 7.70711 -27.8009
    endloop
  endfacet
  facet normal 0.210758 0.70655 -0.67555
    outer loop
      vertex 9.8849 5 -29.9088
      vertex 8.87458 5 -30.224
      vertex 8.46386 7.70711 -27.5208
    endloop
  endfacet
  facet normal 0.219526 0.707657 -0.671588
    outer loop
      vertex 9.42447 7.70711 -27.2068
      vertex 9.8849 5 -29.9088
      vertex 8.46386 7.70711 -27.5208
    endloop
  endfacet
  facet normal 0.233293 0.706536 -0.668118
    outer loop
      vertex 10.8841 5 -29.5599
      vertex 9.8849 5 -29.9088
      vertex 9.42447 7.70711 -27.2068
    endloop
  endfacet
  facet normal 0.242933 0.70768 -0.663455
    outer loop
      vertex 10.3735 7.70711 -26.8593
      vertex 10.8841 5 -29.5599
      vertex 9.42447 7.70711 -27.2068
    endloop
  endfacet
  facet normal 0.255652 0.706527 -0.659895
    outer loop
      vertex 11.8709 5 -29.1776
      vertex 10.8841 5 -29.5599
      vertex 10.3735 7.70711 -26.8593
    endloop
  endfacet
  facet normal 0.266082 0.707685 -0.654509
    outer loop
      vertex 11.3097 7.70711 -26.4787
      vertex 11.8709 5 -29.1776
      vertex 10.3735 7.70711 -26.8593
    endloop
  endfacet
  facet normal 0.277691 0.706524 -0.650931
    outer loop
      vertex 12.8444 5 -28.7623
      vertex 11.8709 5 -29.1776
      vertex 11.3097 7.70711 -26.4787
    endloop
  endfacet
  facet normal 0.28887 0.707677 -0.644785
    outer loop
      vertex 12.232 7.70711 -26.0655
      vertex 12.8444 5 -28.7623
      vertex 11.3097 7.70711 -26.4787
    endloop
  endfacet
  facet normal 0.299361 0.706528 -0.641249
    outer loop
      vertex 13.8034 5 -28.3146
      vertex 12.8444 5 -28.7623
      vertex 12.232 7.70711 -26.0655
    endloop
  endfacet
  facet normal 0.311327 0.707666 -0.634259
    outer loop
      vertex 13.1392 7.70711 -25.6202
      vertex 13.8034 5 -28.3146
      vertex 12.232 7.70711 -26.0655
    endloop
  endfacet
  facet normal 0.320752 0.706542 -0.630806
    outer loop
      vertex 14.7468 5 -27.8349
      vertex 13.8034 5 -28.3146
      vertex 13.1392 7.70711 -25.6202
    endloop
  endfacet
  facet normal 0.333429 0.707643 -0.62295
    outer loop
      vertex 14.0302 7.70711 -25.1433
      vertex 14.7468 5 -27.8349
      vertex 13.1392 7.70711 -25.6202
    endloop
  endfacet
  facet normal 0.341724 0.706571 -0.619663
    outer loop
      vertex 15.6736 5 -27.3238
      vertex 14.7468 5 -27.8349
      vertex 14.0302 7.70711 -25.1433
    endloop
  endfacet
  facet normal 0.355085 0.707618 -0.610894
    outer loop
      vertex 14.904 7.70711 -24.6354
      vertex 15.6736 5 -27.3238
      vertex 14.0302 7.70711 -25.1433
    endloop
  endfacet
  facet normal 0.362392 0.706598 -0.607775
    outer loop
      vertex 16.5826 5 -26.7818
      vertex 15.6736 5 -27.3238
      vertex 14.904 7.70711 -24.6354
    endloop
  endfacet
  facet normal 0.376317 0.707568 -0.598108
    outer loop
      vertex 15.7594 7.70711 -24.0972
      vertex 16.5826 5 -26.7818
      vertex 14.904 7.70711 -24.6354
    endloop
  endfacet
  facet normal 0.382482 0.706643 -0.595284
    outer loop
      vertex 17.473 5 -26.2097
      vertex 16.5826 5 -26.7818
      vertex 15.7594 7.70711 -24.0972
    endloop
  endfacet
  facet normal 0.39713 0.707531 -0.584541
    outer loop
      vertex 16.5953 7.70711 -23.5293
      vertex 17.473 5 -26.2097
      vertex 15.7594 7.70711 -24.0972
    endloop
  endfacet
  facet normal 0.402308 0.706697 -0.582003
    outer loop
      vertex 18.3436 5 -25.6079
      vertex 17.473 5 -26.2097
      vertex 16.5953 7.70711 -23.5293
    endloop
  endfacet
  facet normal 0.417425 0.707472 -0.570297
    outer loop
      vertex 17.4108 7.70711 -22.9324
      vertex 18.3436 5 -25.6079
      vertex 16.5953 7.70711 -23.5293
    endloop
  endfacet
  facet normal 0.421593 0.706754 -0.568118
    outer loop
      vertex 19.1935 5 -24.9772
      vertex 18.3436 5 -25.6079
      vertex 17.4108 7.70711 -22.9324
    endloop
  endfacet
  facet normal 0.437228 0.707404 -0.555347
    outer loop
      vertex 18.2049 7.70711 -22.3072
      vertex 19.1935 5 -24.9772
      vertex 17.4108 7.70711 -22.9324
    endloop
  endfacet
  facet normal 0.440413 0.706818 -0.553574
    outer loop
      vertex 20.0217 5 -24.3183
      vertex 19.1935 5 -24.9772
      vertex 18.2049 7.70711 -22.3072
    endloop
  endfacet
  facet normal 0.456457 0.707323 -0.53976
    outer loop
      vertex 18.9766 7.70711 -21.6546
      vertex 20.0217 5 -24.3183
      vertex 18.2049 7.70711 -22.3072
    endloop
  endfacet
  facet normal 0.45866 0.706891 -0.538456
    outer loop
      vertex 20.8274 5 -23.632
      vertex 20.0217 5 -24.3183
      vertex 18.9766 7.70711 -21.6546
    endloop
  endfacet
  facet normal 0.475225 0.707238 -0.523427
    outer loop
      vertex 19.7248 7.70711 -20.9753
      vertex 20.8274 5 -23.632
      vertex 18.9766 7.70711 -21.6546
    endloop
  endfacet
  facet normal 0.476469 0.706978 -0.522646
    outer loop
      vertex 21.6095 5 -22.919
      vertex 20.8274 5 -23.632
      vertex 19.7248 7.70711 -20.9753
    endloop
  endfacet
  facet normal 0.493354 0.707145 -0.506506
    outer loop
      vertex 20.4488 7.70711 -20.2701
      vertex 21.6095 5 -22.919
      vertex 19.7248 7.70711 -20.9753
    endloop
  endfacet
  facet normal 0.493708 0.707066 -0.50627
    outer loop
      vertex 22.3672 5 -22.1801
      vertex 21.6095 5 -22.919
      vertex 20.4488 7.70711 -20.2701
    endloop
  endfacet
  facet normal 0.510426 0.707042 -0.489445
    outer loop
      vertex 23.0997 5 -21.4162
      vertex 22.3672 5 -22.1801
      vertex 20.4488 7.70711 -20.2701
    endloop
  endfacet
  facet normal 0.510789 0.707163 -0.488891
    outer loop
      vertex 21.1476 7.70711 -19.54
      vertex 23.0997 5 -21.4162
      vertex 20.4488 7.70711 -20.2701
    endloop
  endfacet
  facet normal 0.526664 0.70695 -0.472066
    outer loop
      vertex 23.8061 5 -20.6281
      vertex 23.0997 5 -21.4162
      vertex 21.1476 7.70711 -19.54
    endloop
  endfacet
  facet normal 0.527587 0.707257 -0.470575
    outer loop
      vertex 21.8203 7.70711 -18.7858
      vertex 23.8061 5 -20.6281
      vertex 21.1476 7.70711 -19.54
    endloop
  endfacet
  facet normal 0.5423 0.706868 -0.454145
    outer loop
      vertex 24.4856 5 -19.8167
      vertex 23.8061 5 -20.6281
      vertex 21.8203 7.70711 -18.7858
    endloop
  endfacet
  facet normal 0.543709 0.707335 -0.451727
    outer loop
      vertex 22.4661 7.70711 -18.0085
      vertex 24.4856 5 -19.8167
      vertex 21.8203 7.70711 -18.7858
    endloop
  endfacet
  facet normal 0.55728 0.706792 -0.435757
    outer loop
      vertex 25.1375 5 -18.983
      vertex 24.4856 5 -19.8167
      vertex 22.4661 7.70711 -18.0085
    endloop
  endfacet
  facet normal 0.559168 0.707415 -0.432313
    outer loop
      vertex 23.0843 7.70711 -17.2089
      vertex 25.1375 5 -18.983
      vertex 22.4661 7.70711 -18.0085
    endloop
  endfacet
  facet normal 0.571644 0.706734 -0.416835
    outer loop
      vertex 25.7611 5 -18.1278
      vertex 25.1375 5 -18.983
      vertex 23.0843 7.70711 -17.2089
    endloop
  endfacet
  facet normal 0.573932 0.707487 -0.412389
    outer loop
      vertex 23.674 7.70711 -16.3882
      vertex 25.7611 5 -18.1278
      vertex 23.0843 7.70711 -17.2089
    endloop
  endfacet
  facet normal 0.585389 0.706682 -0.397391
    outer loop
      vertex 26.3555 5 -17.2522
      vertex 25.7611 5 -18.1278
      vertex 23.674 7.70711 -16.3882
    endloop
  endfacet
  facet normal 0.588016 0.707545 -0.391941
    outer loop
      vertex 24.2345 7.70711 -15.5473
      vertex 26.3555 5 -17.2522
      vertex 23.674 7.70711 -16.3882
    endloop
  endfacet
  facet normal 0.598435 0.706639 -0.37754
    outer loop
      vertex 26.9202 5 -16.3571
      vertex 26.3555 5 -17.2522
      vertex 24.2345 7.70711 -15.5473
    endloop
  endfacet
  facet normal 0.601357 0.707596 -0.37105
    outer loop
      vertex 24.7652 7.70711 -14.6872
      vertex 26.9202 5 -16.3571
      vertex 24.2345 7.70711 -15.5473
    endloop
  endfacet
  facet normal 0.610821 0.706603 -0.357226
    outer loop
      vertex 27.4545 5 -15.4435
      vertex 26.9202 5 -16.3571
      vertex 24.7652 7.70711 -14.6872
    endloop
  endfacet
  facet normal 0.613973 0.707633 -0.349703
    outer loop
      vertex 25.2654 7.70711 -13.809
      vertex 27.4545 5 -15.4435
      vertex 24.7652 7.70711 -14.6872
    endloop
  endfacet
  facet normal 0.622501 0.706572 -0.336525
    outer loop
      vertex 27.9578 5 -14.5125
      vertex 27.4545 5 -15.4435
      vertex 25.2654 7.70711 -13.809
    endloop
  endfacet
  facet normal 0.625823 0.707655 -0.327979
    outer loop
      vertex 25.7345 7.70711 -12.9139
      vertex 27.9578 5 -14.5125
      vertex 25.2654 7.70711 -13.809
    endloop
  endfacet
  facet normal 0.633498 0.706537 -0.315412
    outer loop
      vertex 28.4295 5 -13.5651
      vertex 27.9578 5 -14.5125
      vertex 25.7345 7.70711 -12.9139
    endloop
  endfacet
  facet normal 0.636974 0.707668 -0.305728
    outer loop
      vertex 26.1718 7.70711 -12.0028
      vertex 28.4295 5 -13.5651
      vertex 25.7345 7.70711 -12.9139
    endloop
  endfacet
  facet normal 0.643719 0.70653 -0.29401
    outer loop
      vertex 28.8692 5 -12.6024
      vertex 28.4295 5 -13.5651
      vertex 26.1718 7.70711 -12.0028
    endloop
  endfacet
  facet normal 0.647283 0.707688 -0.2832
    outer loop
      vertex 26.5769 7.70711 -11.0769
      vertex 28.8692 5 -12.6024
      vertex 26.1718 7.70711 -12.0028
    endloop
  endfacet
  facet normal 0.653241 0.706531 -0.272195
    outer loop
      vertex 29.2763 5 -11.6254
      vertex 28.8692 5 -12.6024
      vertex 26.5769 7.70711 -11.0769
    endloop
  endfacet
  facet normal 0.656809 0.707688 -0.260346
    outer loop
      vertex 26.9493 7.70711 -10.1374
      vertex 29.2763 5 -11.6254
      vertex 26.5769 7.70711 -11.0769
    endloop
  endfacet
  facet normal 0.662017 0.706531 -0.250095
    outer loop
      vertex 29.6503 5 -10.6354
      vertex 29.2763 5 -11.6254
      vertex 26.9493 7.70711 -10.1374
    endloop
  endfacet
  facet normal 0.665556 0.707676 -0.237129
    outer loop
      vertex 27.2885 7.70711 -9.18536
      vertex 29.6503 5 -10.6354
      vertex 26.9493 7.70711 -10.1374
    endloop
  endfacet
  facet normal 0.670051 0.706536 -0.227679
    outer loop
      vertex 29.9908 5 -9.63332
      vertex 29.6503 5 -10.6354
      vertex 27.2885 7.70711 -9.18536
    endloop
  endfacet
  facet normal 0.673505 0.707652 -0.213588
    outer loop
      vertex 27.594 7.70711 -8.22203
      vertex 29.9908 5 -9.63332
      vertex 27.2885 7.70711 -9.18536
    endloop
  endfacet
  facet normal 0.677288 0.70656 -0.20507
    outer loop
      vertex 30.2975 5 -8.62038
      vertex 29.9908 5 -9.63332
      vertex 27.594 7.70711 -8.22203
    endloop
  endfacet
  facet normal 0.680593 0.707627 -0.189889
    outer loop
      vertex 27.8656 7.70711 -7.24857
      vertex 30.2975 5 -8.62038
      vertex 27.594 7.70711 -8.22203
    endloop
  endfacet
  facet normal 0.68377 0.706585 -0.182199
    outer loop
      vertex 30.57 5 -7.59772
      vertex 30.2975 5 -8.62038
      vertex 27.8656 7.70711 -7.24857
    endloop
  endfacet
  facet normal 0.686886 0.707589 -0.16585
    outer loop
      vertex 28.1028 7.70711 -6.26618
      vertex 30.57 5 -7.59772
      vertex 27.8656 7.70711 -7.24857
    endloop
  endfacet
  facet normal 0.689463 0.706627 -0.15912
    outer loop
      vertex 30.808 5 -6.56647
      vertex 30.57 5 -7.59772
      vertex 28.1028 7.70711 -6.26618
    endloop
  endfacet
  facet normal 0.692321 0.707547 -0.141665
    outer loop
      vertex 28.3054 7.70711 -5.27607
      vertex 30.808 5 -6.56647
      vertex 28.1028 7.70711 -6.26618
    endloop
  endfacet
  facet normal 0.694377 0.706673 -0.135846
    outer loop
      vertex 31.0112 5 -5.52781
      vertex 30.808 5 -6.56647
      vertex 28.3054 7.70711 -5.27607
    endloop
  endfacet
  facet normal 0.696924 0.707492 -0.117272
    outer loop
      vertex 28.4731 7.70711 -4.27946
      vertex 31.0112 5 -5.52781
      vertex 28.3054 7.70711 -5.27607
    endloop
  endfacet
  facet normal 0.69849 0.706732 -0.112439
    outer loop
      vertex 31.1794 5 -4.48292
      vertex 31.0112 5 -5.52781
      vertex 28.4731 7.70711 -4.27946
    endloop
  endfacet
  facet normal 0.700672 0.707432 -0.0927347
    outer loop
      vertex 28.6057 7.70711 -3.27758
      vertex 31.1794 5 -4.48292
      vertex 28.4731 7.70711 -4.27946
    endloop
  endfacet
  facet normal 0.701805 0.706801 -0.0888986
    outer loop
      vertex 31.3124 5 -3.43296
      vertex 31.1794 5 -4.48292
      vertex 28.6057 7.70711 -3.27758
    endloop
  endfacet
  facet normal 0.70356 0.707363 -0.0681234
    outer loop
      vertex 28.7031 7.70711 -2.27166
      vertex 31.3124 5 -3.43296
      vertex 28.6057 7.70711 -3.27758
    endloop
  endfacet
  facet normal 0.704332 0.706867 -0.0652314
    outer loop
      vertex 31.41 5 -2.37913
      vertex 31.3124 5 -3.43296
      vertex 28.7031 7.70711 -2.27166
    endloop
  endfacet
  facet normal 0.705604 0.707274 -0.0434392
    outer loop
      vertex 28.7652 7.70711 -1.26294
      vertex 31.41 5 -2.37913
      vertex 28.7031 7.70711 -2.27166
    endloop
  endfacet
  facet normal 0.706052 0.706939 -0.041567
    outer loop
      vertex 31.4722 5 -1.32261
      vertex 31.41 5 -2.37913
      vertex 28.7652 7.70711 -1.26294
    endloop
  endfacet
  facet normal 0.706794 0.707175 -0.0186095
    outer loop
      vertex 28.7918 7.70711 -0.252666
      vertex 31.4722 5 -1.32261
      vertex 28.7652 7.70711 -1.26294
    endloop
  endfacet
  facet normal 0.706956 0.707032 -0.0178407
    outer loop
      vertex 31.4989 5 -0.264596
      vertex 31.4722 5 -1.32261
      vertex 28.7918 7.70711 -0.252666
    endloop
  endfacet
  facet normal 0.707109 0.70708 0.00594653
    outer loop
      vertex 31.49 5 0.793714
      vertex 31.4989 5 -0.264596
      vertex 28.7918 7.70711 -0.252666
    endloop
  endfacet
  facet normal 0.707053 0.707133 0.00622686
    outer loop
      vertex 31.49 5 0.793714
      vertex 28.7918 7.70711 -0.252666
      vertex 28.7829 7.70711 0.757919
    endloop
  endfacet
  facet normal 0.706601 0.70699 0.0296696
    outer loop
      vertex 31.4456 5 1.85113
      vertex 31.49 5 0.793714
      vertex 28.7829 7.70711 0.757919
    endloop
  endfacet
  facet normal 0.706303 0.707231 0.0309901
    outer loop
      vertex 31.4456 5 1.85113
      vertex 28.7829 7.70711 0.757919
      vertex 28.7386 7.70711 1.76757
    endloop
  endfacet
  facet normal 0.705284 0.706906 0.053465
    outer loop
      vertex 31.3656 5 2.90645
      vertex 31.4456 5 1.85113
      vertex 28.7386 7.70711 1.76757
    endloop
  endfacet
  facet normal 0.704706 0.707306 0.0557481
    outer loop
      vertex 31.3656 5 2.90645
      vertex 28.7386 7.70711 1.76757
      vertex 28.6589 7.70711 2.77505
    endloop
  endfacet
  facet normal 0.703184 0.706819 0.0770659
    outer loop
      vertex 31.2503 5 3.9585
      vertex 31.3656 5 2.90645
      vertex 28.6589 7.70711 2.77505
    endloop
  endfacet
  facet normal 0.702219 0.707395 0.0804994
    outer loop
      vertex 31.2503 5 3.9585
      vertex 28.6589 7.70711 2.77505
      vertex 28.5438 7.70711 3.7791
    endloop
  endfacet
  facet normal 0.70025 0.706764 0.100669
    outer loop
      vertex 31.0997 5 5.00607
      vertex 31.2503 5 3.9585
      vertex 28.5438 7.70711 3.7791
    endloop
  endfacet
  facet normal 0.698898 0.707467 0.105037
    outer loop
      vertex 31.0997 5 5.00607
      vertex 28.5438 7.70711 3.7791
      vertex 28.3936 7.70711 4.7785
    endloop
  endfacet
  facet normal 0.696522 0.706703 0.124206
    outer loop
      vertex 30.9139 5 6.048
      vertex 31.0997 5 5.00607
      vertex 28.3936 7.70711 4.7785
    endloop
  endfacet
  facet normal 0.694728 0.707518 0.129504
    outer loop
      vertex 30.9139 5 6.048
      vertex 28.3936 7.70711 4.7785
      vertex 28.2084 7.70711 5.77201
    endloop
  endfacet
  facet normal 0.692024 0.706648 0.147485
    outer loop
      vertex 30.6933 5 7.08309
      vertex 30.9139 5 6.048
      vertex 28.2084 7.70711 5.77201
    endloop
  endfacet
  facet normal 0.689715 0.707567 0.153759
    outer loop
      vertex 30.6933 5 7.08309
      vertex 28.2084 7.70711 5.77201
      vertex 27.9885 7.70711 6.75841
    endloop
  endfacet
  facet normal 0.686716 0.706602 0.170691
    outer loop
      vertex 30.438 5 8.1102
      vertex 30.6933 5 7.08309
      vertex 27.9885 7.70711 6.75841
    endloop
  endfacet
  facet normal 0.683832 0.70761 0.177936
    outer loop
      vertex 30.438 5 8.1102
      vertex 27.9885 7.70711 6.75841
      vertex 27.734 7.70711 7.73649
    endloop
  endfacet
  facet normal 0.680628 0.706577 0.193636
    outer loop
      vertex 30.1484 5 9.12814
      vertex 30.438 5 8.1102
      vertex 27.734 7.70711 7.73649
    endloop
  endfacet
  facet normal 0.677168 0.707642 0.201709
    outer loop
      vertex 30.1484 5 9.12814
      vertex 27.734 7.70711 7.73649
      vertex 27.4455 7.70711 8.70503
    endloop
  endfacet
  facet normal 0.673776 0.706546 0.216376
    outer loop
      vertex 29.8248 5 10.1358
      vertex 30.1484 5 9.12814
      vertex 27.4455 7.70711 8.70503
    endloop
  endfacet
  facet normal 0.669629 0.707668 0.225395
    outer loop
      vertex 29.8248 5 10.1358
      vertex 27.4455 7.70711 8.70503
      vertex 27.1231 7.70711 9.66285
    endloop
  endfacet
  facet normal 0.666111 0.706531 0.238976
    outer loop
      vertex 29.4674 5 11.132
      vertex 29.8248 5 10.1358
      vertex 27.1231 7.70711 9.66285
    endloop
  endfacet
  facet normal 0.661281 0.707678 0.248797
    outer loop
      vertex 29.4674 5 11.132
      vertex 27.1231 7.70711 9.66285
      vertex 26.7672 7.70711 10.6088
    endloop
  endfacet
  facet normal 0.657724 0.706525 0.261191
    outer loop
      vertex 29.0768 5 12.1156
      vertex 29.4674 5 11.132
      vertex 26.7672 7.70711 10.6088
    endloop
  endfacet
  facet normal 0.652147 0.707684 0.271821
    outer loop
      vertex 29.0768 5 12.1156
      vertex 26.7672 7.70711 10.6088
      vertex 26.3784 7.70711 11.5416
    endloop
  endfacet
  facet normal 0.648588 0.70653 0.283106
    outer loop
      vertex 28.6534 5 13.0856
      vertex 29.0768 5 12.1156
      vertex 26.3784 7.70711 11.5416
    endloop
  endfacet
  facet normal 0.642206 0.707686 0.294537
    outer loop
      vertex 28.6534 5 13.0856
      vertex 26.3784 7.70711 11.5416
      vertex 25.9571 7.70711 12.4602
    endloop
  endfacet
  facet normal 0.638684 0.706541 0.304766
    outer loop
      vertex 28.1976 5 14.0408
      vertex 28.6534 5 13.0856
      vertex 25.9571 7.70711 12.4602
    endloop
  endfacet
  facet normal 0.631521 0.707665 0.316844
    outer loop
      vertex 28.1976 5 14.0408
      vertex 25.9571 7.70711 12.4602
      vertex 25.5039 7.70711 13.3635
    endloop
  endfacet
  facet normal 0.628083 0.706546 0.326044
    outer loop
      vertex 27.71 5 14.9801
      vertex 28.1976 5 14.0408
      vertex 25.5039 7.70711 13.3635
    endloop
  endfacet
  facet normal 0.620012 0.707634 0.338881
    outer loop
      vertex 27.71 5 14.9801
      vertex 25.5039 7.70711 13.3635
      vertex 25.0192 7.70711 14.2503
    endloop
  endfacet
  facet normal 0.616773 0.706577 0.346901
    outer loop
      vertex 27.1912 5 15.9025
      vertex 27.71 5 14.9801
      vertex 25.0192 7.70711 14.2503
    endloop
  endfacet
  facet normal 0.607777 0.707607 0.360415
    outer loop
      vertex 27.1912 5 15.9025
      vertex 25.0192 7.70711 14.2503
      vertex 24.5037 7.70711 15.1196
    endloop
  endfacet
  facet normal 0.604722 0.706608 0.367446
    outer loop
      vertex 26.6416 5 16.807
      vertex 27.1912 5 15.9025
      vertex 24.5037 7.70711 15.1196
    endloop
  endfacet
  facet normal 0.594741 0.707563 0.381625
    outer loop
      vertex 26.6416 5 16.807
      vertex 24.5037 7.70711 15.1196
      vertex 23.9579 7.70711 15.9702
    endloop
  endfacet
  facet normal 0.592006 0.706666 0.387495
    outer loop
      vertex 26.062 5 17.6925
      vertex 26.6416 5 16.807
      vertex 23.9579 7.70711 15.9702
    endloop
  endfacet
  facet normal 0.58107 0.707524 0.402204
    outer loop
      vertex 26.062 5 17.6925
      vertex 23.9579 7.70711 15.9702
      vertex 23.3827 7.70711 16.8012
    endloop
  endfacet
  facet normal 0.578589 0.706708 0.407185
    outer loop
      vertex 25.4529 5 18.558
      vertex 26.062 5 17.6925
      vertex 23.3827 7.70711 16.8012
    endloop
  endfacet
  facet normal 0.566632 0.707452 0.422421
    outer loop
      vertex 25.4529 5 18.558
      vertex 23.3827 7.70711 16.8012
      vertex 22.7787 7.70711 17.6114
    endloop
  endfacet
  facet normal 0.564557 0.706768 0.426326
    outer loop
      vertex 24.8151 5 19.4026
      vertex 25.4529 5 18.558
      vertex 22.7787 7.70711 17.6114
    endloop
  endfacet
  facet normal 0.551525 0.707384 0.442073
    outer loop
      vertex 24.8151 5 19.4026
      vertex 22.7787 7.70711 17.6114
      vertex 22.1466 7.70711 18.4
    endloop
  endfacet
  facet normal 0.549869 0.706836 0.445002
    outer loop
      vertex 24.1493 5 20.2253
      vertex 24.8151 5 19.4026
      vertex 22.1466 7.70711 18.4
    endloop
  endfacet
  facet normal 0.535717 0.707305 0.461224
    outer loop
      vertex 24.1493 5 20.2253
      vertex 22.1466 7.70711 18.4
      vertex 21.4872 7.70711 19.1659
    endloop
  endfacet
  facet normal 0.534522 0.706909 0.463213
    outer loop
      vertex 23.4562 5 21.0251
      vertex 24.1493 5 20.2253
      vertex 21.4872 7.70711 19.1659
    endloop
  endfacet
  facet normal 0.519267 0.70721 0.479808
    outer loop
      vertex 23.4562 5 21.0251
      vertex 21.4872 7.70711 19.1659
      vertex 20.8014 7.70711 19.9081
    endloop
  endfacet
  facet normal 0.518631 0.706998 0.480807
    outer loop
      vertex 22.7367 5 21.8012
      vertex 23.4562 5 21.0251
      vertex 20.8014 7.70711 19.9081
    endloop
  endfacet
  facet normal 0.502191 0.707118 0.497784
    outer loop
      vertex 22.7367 5 21.8012
      vertex 20.8014 7.70711 19.9081
      vertex 20.0899 7.70711 20.6259
    endloop
  endfacet
  facet normal 0.502111 0.707091 0.497902
    outer loop
      vertex 21.9915 5 22.5527
      vertex 22.7367 5 21.8012
      vertex 20.0899 7.70711 20.6259
    endloop
  endfacet
  facet normal 0.485146 0.707019 0.514545
    outer loop
      vertex 21.2214 5 23.2788
      vertex 21.9915 5 22.5527
      vertex 20.0899 7.70711 20.6259
    endloop
  endfacet
  facet normal 0.484348 0.707191 0.515061
    outer loop
      vertex 21.2214 5 23.2788
      vertex 20.0899 7.70711 20.6259
      vertex 19.3537 7.70711 21.3182
    endloop
  endfacet
  facet normal 0.467618 0.706933 0.53064
    outer loop
      vertex 20.4274 5 23.9785
      vertex 21.2214 5 23.2788
      vertex 19.3537 7.70711 21.3182
    endloop
  endfacet
  facet normal 0.465923 0.707276 0.531674
    outer loop
      vertex 20.4274 5 23.9785
      vertex 19.3537 7.70711 21.3182
      vertex 18.5936 7.70711 21.9843
    endloop
  endfacet
  facet normal 0.449628 0.706848 0.546077
    outer loop
      vertex 19.6104 5 24.6512
      vertex 20.4274 5 23.9785
      vertex 18.5936 7.70711 21.9843
    endloop
  endfacet
  facet normal 0.446919 0.707363 0.547633
    outer loop
      vertex 19.6104 5 24.6512
      vertex 18.5936 7.70711 21.9843
      vertex 17.8106 7.70711 22.6233
    endloop
  endfacet
  facet normal 0.43106 0.706782 0.560933
    outer loop
      vertex 18.7712 5 25.2961
      vertex 19.6104 5 24.6512
      vertex 17.8106 7.70711 22.6233
    endloop
  endfacet
  facet normal 0.427382 0.707437 0.562918
    outer loop
      vertex 18.7712 5 25.2961
      vertex 17.8106 7.70711 22.6233
      vertex 17.0057 7.70711 23.2344
    endloop
  endfacet
  facet normal 0.411986 0.706722 0.575163
    outer loop
      vertex 17.9108 5 25.9124
      vertex 18.7712 5 25.2961
      vertex 17.0057 7.70711 23.2344
    endloop
  endfacet
  facet normal 0.407323 0.707499 0.577524
    outer loop
      vertex 17.9108 5 25.9124
      vertex 17.0057 7.70711 23.2344
      vertex 16.1798 7.70711 23.8169
    endloop
  endfacet
  facet normal 0.392491 0.706668 0.588703
    outer loop
      vertex 17.0302 5 26.4995
      vertex 17.9108 5 25.9124
      vertex 16.1798 7.70711 23.8169
    endloop
  endfacet
  facet normal 0.386753 0.70756 0.591422
    outer loop
      vertex 17.0302 5 26.4995
      vertex 16.1798 7.70711 23.8169
      vertex 15.334 7.70711 24.37
    endloop
  endfacet
  facet normal 0.372479 0.70663 0.601609
    outer loop
      vertex 16.1304 5 27.0566
      vertex 17.0302 5 26.4995
      vertex 15.334 7.70711 24.37
    endloop
  endfacet
  facet normal 0.3658 0.707597 0.604563
    outer loop
      vertex 16.1304 5 27.0566
      vertex 15.334 7.70711 24.37
      vertex 14.4693 7.70711 24.8932
    endloop
  endfacet
  facet normal 0.352077 0.706581 0.613828
    outer loop
      vertex 15.2123 5 27.5832
      vertex 16.1304 5 27.0566
      vertex 14.4693 7.70711 24.8932
    endloop
  endfacet
  facet normal 0.344281 0.707628 0.617036
    outer loop
      vertex 15.2123 5 27.5832
      vertex 14.4693 7.70711 24.8932
      vertex 13.5868 7.70711 25.3856
    endloop
  endfacet
  facet normal 0.33131 0.706556 0.62531
    outer loop
      vertex 14.2771 5 28.0787
      vertex 15.2123 5 27.5832
      vertex 13.5868 7.70711 25.3856
    endloop
  endfacet
  facet normal 0.322423 0.70766 0.628697
    outer loop
      vertex 14.2771 5 28.0787
      vertex 13.5868 7.70711 25.3856
      vertex 12.6875 7.70711 25.8468
    endloop
  endfacet
  facet normal 0.310126 0.706541 0.636099
    outer loop
      vertex 13.3258 5 28.5425
      vertex 14.2771 5 28.0787
      vertex 12.6875 7.70711 25.8468
    endloop
  endfacet
  facet normal 0.300127 0.707684 0.639614
    outer loop
      vertex 13.3258 5 28.5425
      vertex 12.6875 7.70711 25.8468
      vertex 11.7726 7.70711 26.2761
    endloop
  endfacet
  facet normal 0.288526 0.706534 0.646191
    outer loop
      vertex 12.3594 5 28.974
      vertex 13.3258 5 28.5425
      vertex 11.7726 7.70711 26.2761
    endloop
  endfacet
  facet normal 0.277539 0.707684 0.649735
    outer loop
      vertex 12.3594 5 28.974
      vertex 11.7726 7.70711 26.2761
      vertex 10.8432 7.70711 26.6731
    endloop
  endfacet
  facet normal 0.266732 0.706527 0.655495
    outer loop
      vertex 11.3791 5 29.3729
      vertex 12.3594 5 28.974
      vertex 10.8432 7.70711 26.6731
    endloop
  endfacet
  facet normal 0.254553 0.707688 0.659076
    outer loop
      vertex 11.3791 5 29.3729
      vertex 10.8432 7.70711 26.6731
      vertex 9.90049 7.70711 27.0372
    endloop
  endfacet
  facet normal 0.244521 0.706535 0.664091
    outer loop
      vertex 10.3859 5 29.7386
      vertex 11.3791 5 29.3729
      vertex 9.90049 7.70711 27.0372
    endloop
  endfacet
  facet normal 0.231266 0.707676 0.667616
    outer loop
      vertex 10.3859 5 29.7386
      vertex 9.90049 7.70711 27.0372
      vertex 8.94554 7.70711 27.368
    endloop
  endfacet
  facet normal 0.222069 0.706549 0.671918
    outer loop
      vertex 9.38106 5 30.0707
      vertex 10.3859 5 29.7386
      vertex 8.94554 7.70711 27.368
    endloop
  endfacet
  facet normal 0.207711 0.707654 0.675338
    outer loop
      vertex 9.38106 5 30.0707
      vertex 8.94554 7.70711 27.368
      vertex 7.97957 7.70711 27.6651
    endloop
  endfacet
  facet normal 0.199324 0.706564 0.678997
    outer loop
      vertex 8.36558 5 30.3688
      vertex 9.38106 5 30.0707
      vertex 7.97957 7.70711 27.6651
    endloop
  endfacet
  facet normal 0.183881 0.707614 0.682254
    outer loop
      vertex 8.36558 5 30.3688
      vertex 7.97957 7.70711 27.6651
      vertex 7.00376 7.70711 27.9281
    endloop
  endfacet
  facet normal 0.176446 0.706593 0.685269
    outer loop
      vertex 7.34066 5 30.6327
      vertex 8.36558 5 30.3688
      vertex 7.00376 7.70711 27.9281
    endloop
  endfacet
  facet normal 0.159839 0.707576 0.688322
    outer loop
      vertex 7.34066 5 30.6327
      vertex 7.00376 7.70711 27.9281
      vertex 6.01933 7.70711 28.1567
    endloop
  endfacet
  facet normal 0.153305 0.706631 0.690775
    outer loop
      vertex 6.30746 5 30.862
      vertex 7.34066 5 30.6327
      vertex 6.01933 7.70711 28.1567
    endloop
  endfacet
  facet normal 0.135586 0.707526 0.693559
    outer loop
      vertex 6.30746 5 30.862
      vertex 6.01933 7.70711 28.1567
      vertex 5.02748 7.70711 28.3506
    endloop
  endfacet
  facet normal 0.130027 0.706681 0.695481
    outer loop
      vertex 5.26713 5 31.0565
      vertex 6.30746 5 30.862
      vertex 5.02748 7.70711 28.3506
    endloop
  endfacet
  facet normal 0.111122 0.707474 0.697949
    outer loop
      vertex 5.26713 5 31.0565
      vertex 5.02748 7.70711 28.3506
      vertex 4.02944 7.70711 28.5095
    endloop
  endfacet
  facet normal 0.106554 0.706747 0.699396
    outer loop
      vertex 4.22086 5 31.2159
      vertex 5.26713 5 31.0565
      vertex 4.02944 7.70711 28.5095
    endloop
  endfacet
  facet normal 0.0866512 0.707412 0.701469
    outer loop
      vertex 4.22086 5 31.2159
      vertex 4.02944 7.70711 28.5095
      vertex 3.02643 7.70711 28.6334
    endloop
  endfacet
  facet normal 0.0830155 0.706808 0.702517
    outer loop
      vertex 3.16982 5 31.3401
      vertex 4.22086 5 31.2159
      vertex 3.02643 7.70711 28.6334
    endloop
  endfacet
  facet normal 0.0619707 0.707334 0.704158
    outer loop
      vertex 3.16982 5 31.3401
      vertex 3.02643 7.70711 28.6334
      vertex 2.01969 7.70711 28.722
    endloop
  endfacet
  facet normal 0.0593482 0.706879 0.70484
    outer loop
      vertex 2.1152 5 31.4289
      vertex 3.16982 5 31.3401
      vertex 2.01969 7.70711 28.722
    endloop
  endfacet
  facet normal 0.0372154 0.707246 0.705988
    outer loop
      vertex 2.1152 5 31.4289
      vertex 2.01969 7.70711 28.722
      vertex 1.01047 7.70711 28.7752
    endloop
  endfacet
  facet normal 0.0356186 0.706958 0.706358
    outer loop
      vertex 1.0582 5 31.4822
      vertex 2.1152 5 31.4289
      vertex 1.01047 7.70711 28.7752
    endloop
  endfacet
  facet normal 0.0123835 0.707147 0.706958
    outer loop
      vertex 1.0582 5 31.4822
      vertex 1.01047 7.70711 28.7752
      vertex 0 7.70711 28.7929
    endloop
  endfacet
  facet normal 0.0122765 0.713202 0.700852
    outer loop
      vertex 1.01047 7.70711 28.7752
      vertex 0.504183 7.76604 28.7241
      vertex 0 7.70711 28.7929
    endloop
  endfacet
  facet normal 0 0.759483 0.650528
    outer loop
      vertex 0 7.70711 28.7929
      vertex 0.504183 7.76604 28.7241
      vertex -0.504183 7.76604 28.7241
    endloop
  endfacet
  facet normal -0.0122765 0.713202 0.700852
    outer loop
      vertex 0 7.70711 28.7929
      vertex -0.504183 7.76604 28.7241
      vertex -1.01047 7.70711 28.7752
    endloop
  endfacet
  facet normal -0.0227746 0.759447 0.650171
    outer loop
      vertex -1.01047 7.70711 28.7752
      vertex -0.504183 7.76604 28.7241
      vertex -1.51193 7.76604 28.6888
    endloop
  endfacet
  facet normal -0.036923 0.712755 0.700441
    outer loop
      vertex -1.01047 7.70711 28.7752
      vertex -1.51193 7.76604 28.6888
      vertex -2.01969 7.70711 28.722
    endloop
  endfacet
  facet normal -0.045687 0.759338 0.64909
    outer loop
      vertex -2.01969 7.70711 28.722
      vertex -1.51193 7.76604 28.6888
      vertex -2.51781 7.76604 28.618
    endloop
  endfacet
  facet normal -0.0614667 0.713033 0.698431
    outer loop
      vertex -2.01969 7.70711 28.722
      vertex -2.51781 7.76604 28.618
      vertex -3.02643 7.70711 28.6334
    endloop
  endfacet
  facet normal -0.0683946 0.759394 0.647026
    outer loop
      vertex -3.02643 7.70711 28.6334
      vertex -2.51781 7.76604 28.618
      vertex -3.52059 7.76604 28.512
    endloop
  endfacet
  facet normal -0.0859767 0.712867 0.696009
    outer loop
      vertex -3.02643 7.70711 28.6334
      vertex -3.52059 7.76604 28.512
      vertex -4.02944 7.70711 28.5095
    endloop
  endfacet
  facet normal -0.091083 0.759143 0.64452
    outer loop
      vertex -4.02944 7.70711 28.5095
      vertex -3.52059 7.76604 28.512
      vertex -4.51904 7.76604 28.3709
    endloop
  endfacet
  facet normal -0.110273 0.712828 0.692615
    outer loop
      vertex -4.02944 7.70711 28.5095
      vertex -4.51904 7.76604 28.3709
      vertex -5.02748 7.70711 28.3506
    endloop
  endfacet
  facet normal -0.113587 0.759278 0.640777
    outer loop
      vertex -5.02748 7.70711 28.3506
      vertex -4.51904 7.76604 28.3709
      vertex -5.51191 7.76604 28.1949
    endloop
  endfacet
  facet normal -0.134596 0.712644 0.688493
    outer loop
      vertex -5.02748 7.70711 28.3506
      vertex -5.51191 7.76604 28.1949
      vertex -6.01933 7.70711 28.1567
    endloop
  endfacet
  facet normal -0.13609 0.759339 0.636305
    outer loop
      vertex -6.01933 7.70711 28.1567
      vertex -5.51191 7.76604 28.1949
      vertex -6.498 7.76604 27.984
    endloop
  endfacet
  facet normal -0.158567 0.713149 0.682844
    outer loop
      vertex -6.01933 7.70711 28.1567
      vertex -6.498 7.76604 27.984
      vertex -7.00376 7.70711 27.9281
    endloop
  endfacet
  facet normal -0.158237 0.759313 0.631193
    outer loop
      vertex -7.00376 7.70711 27.9281
      vertex -6.498 7.76604 27.984
      vertex -7.47608 7.76604 27.7388
    endloop
  endfacet
  facet normal -0.18256 0.712646 0.677353
    outer loop
      vertex -7.00376 7.70711 27.9281
      vertex -7.47608 7.76604 27.7388
      vertex -7.97957 7.70711 27.6651
    endloop
  endfacet
  facet normal -0.180397 0.759219 0.625334
    outer loop
      vertex -7.97957 7.70711 27.6651
      vertex -7.47608 7.76604 27.7388
      vertex -8.44495 7.76604 27.4593
    endloop
  endfacet
  facet normal -0.206176 0.71283 0.670347
    outer loop
      vertex -7.97957 7.70711 27.6651
      vertex -8.44495 7.76604 27.4593
      vertex -8.94554 7.70711 27.368
    endloop
  endfacet
  facet normal -0.202201 0.759252 0.618588
    outer loop
      vertex -8.94554 7.70711 27.368
      vertex -8.44495 7.76604 27.4593
      vertex -9.40342 7.76604 27.146
    endloop
  endfacet
  facet normal -0.229563 0.712831 0.662701
    outer loop
      vertex -8.94554 7.70711 27.368
      vertex -9.40342 7.76604 27.146
      vertex -9.90049 7.70711 27.0372
    endloop
  endfacet
  facet normal -0.223783 0.759198 0.611178
    outer loop
      vertex -9.90049 7.70711 27.0372
      vertex -9.40342 7.76604 27.146
      vertex -10.3503 7.76604 26.7993
    endloop
  endfacet
  facet normal -0.252757 0.71263 0.654425
    outer loop
      vertex -9.90049 7.70711 27.0372
      vertex -10.3503 7.76604 26.7993
      vertex -10.8432 7.70711 26.6731
    endloop
  endfacet
  facet normal -0.245174 0.75901 0.603153
    outer loop
      vertex -10.8432 7.70711 26.6731
      vertex -10.3503 7.76604 26.7993
      vertex -11.2844 7.76604 26.4196
    endloop
  endfacet
  facet normal -0.2757 0.712328 0.645429
    outer loop
      vertex -10.8432 7.70711 26.6731
      vertex -11.2844 7.76604 26.4196
      vertex -11.7726 7.70711 26.2761
    endloop
  endfacet
  facet normal -0.26632 0.758746 0.594456
    outer loop
      vertex -11.7726 7.70711 26.2761
      vertex -11.2844 7.76604 26.4196
      vertex -12.2047 7.76604 26.0073
    endloop
  endfacet
  facet normal -0.298189 0.71221 0.635484
    outer loop
      vertex -11.7726 7.70711 26.2761
      vertex -12.2047 7.76604 26.0073
      vertex -12.6875 7.70711 25.8468
    endloop
  endfacet
  facet normal -0.286912 0.759092 0.584347
    outer loop
      vertex -12.6875 7.70711 25.8468
      vertex -12.2047 7.76604 26.0073
      vertex -13.1098 7.76604 25.5629
    endloop
  endfacet
  facet normal -0.320011 0.712899 0.623993
    outer loop
      vertex -12.6875 7.70711 25.8468
      vertex -13.1098 7.76604 25.5629
      vertex -13.5868 7.70711 25.3856
    endloop
  endfacet
  facet normal -0.307092 0.759208 0.573845
    outer loop
      vertex -13.5868 7.70711 25.3856
      vertex -13.1098 7.76604 25.5629
      vertex -13.9989 7.76604 25.0871
    endloop
  endfacet
  facet normal -0.341784 0.712709 0.61256
    outer loop
      vertex -13.5868 7.70711 25.3856
      vertex -13.9989 7.76604 25.0871
      vertex -14.4693 7.70711 24.8932
    endloop
  endfacet
  facet normal -0.327068 0.75918 0.562736
    outer loop
      vertex -14.4693 7.70711 24.8932
      vertex -13.9989 7.76604 25.0871
      vertex -14.8707 7.76604 24.5804
    endloop
  endfacet
  facet normal -0.363277 0.712431 0.600393
    outer loop
      vertex -14.4693 7.70711 24.8932
      vertex -14.8707 7.76604 24.5804
      vertex -15.334 7.70711 24.37
    endloop
  endfacet
  facet normal -0.346769 0.759059 0.550982
    outer loop
      vertex -15.334 7.70711 24.37
      vertex -14.8707 7.76604 24.5804
      vertex -15.7241 7.76604 24.0433
    endloop
  endfacet
  facet normal -0.383752 0.712994 0.586833
    outer loop
      vertex -15.334 7.70711 24.37
      vertex -15.7241 7.76604 24.0433
      vertex -16.1798 7.70711 23.8169
    endloop
  endfacet
  facet normal -0.365584 0.759414 0.538181
    outer loop
      vertex -16.1798 7.70711 23.8169
      vertex -15.7241 7.76604 24.0433
      vertex -16.5582 7.76604 23.4767
    endloop
  endfacet
  facet normal -0.404157 0.712943 0.573036
    outer loop
      vertex -16.1798 7.70711 23.8169
      vertex -16.5582 7.76604 23.4767
      vertex -17.0057 7.70711 23.2344
    endloop
  endfacet
  facet normal -0.384249 0.759456 0.524956
    outer loop
      vertex -17.0057 7.70711 23.2344
      vertex -16.5582 7.76604 23.4767
      vertex -17.3719 7.76604 22.8811
    endloop
  endfacet
  facet normal -0.423894 0.713154 0.558324
    outer loop
      vertex -17.0057 7.70711 23.2344
      vertex -17.3719 7.76604 22.8811
      vertex -17.8106 7.70711 22.6233
    endloop
  endfacet
  facet normal -0.402418 0.75943 0.5112
    outer loop
      vertex -17.8106 7.70711 22.6233
      vertex -17.3719 7.76604 22.8811
      vertex -18.1642 7.76604 22.2574
    endloop
  endfacet
  facet normal -0.443374 0.712921 0.543289
    outer loop
      vertex -17.8106 7.70711 22.6233
      vertex -18.1642 7.76604 22.2574
      vertex -18.5936 7.70711 21.9843
    endloop
  endfacet
  facet normal -0.420225 0.759284 0.496888
    outer loop
      vertex -18.5936 7.70711 21.9843
      vertex -18.1642 7.76604 22.2574
      vertex -18.9342 7.76604 21.6062
    endloop
  endfacet
  facet normal -0.462287 0.712747 0.527525
    outer loop
      vertex -18.5936 7.70711 21.9843
      vertex -18.9342 7.76604 21.6062
      vertex -19.3537 7.70711 21.3182
    endloop
  endfacet
  facet normal -0.437483 0.759204 0.48189
    outer loop
      vertex -19.3537 7.70711 21.3182
      vertex -18.9342 7.76604 21.6062
      vertex -19.6808 7.76604 20.9284
    endloop
  endfacet
  facet normal -0.480493 0.712773 0.510962
    outer loop
      vertex -19.3537 7.70711 21.3182
      vertex -19.6808 7.76604 20.9284
      vertex -20.0899 7.70711 20.6259
    endloop
  endfacet
  facet normal -0.454025 0.759355 0.466092
    outer loop
      vertex -20.0899 7.70711 20.6259
      vertex -19.6808 7.76604 20.9284
      vertex -20.4031 7.76604 20.2248
    endloop
  endfacet
  facet normal -0.497966 0.713018 0.493595
    outer loop
      vertex -20.0899 7.70711 20.6259
      vertex -20.4031 7.76604 20.2248
      vertex -20.8014 7.70711 19.9081
    endloop
  endfacet
  facet normal -0.470045 0.759403 0.44985
    outer loop
      vertex -20.8014 7.70711 19.9081
      vertex -20.4031 7.76604 20.2248
      vertex -21.1003 7.76604 19.4963
    endloop
  endfacet
  facet normal -0.514923 0.713074 0.475794
    outer loop
      vertex -20.8014 7.70711 19.9081
      vertex -21.1003 7.76604 19.4963
      vertex -21.4872 7.70711 19.1659
    endloop
  endfacet
  facet normal -0.485456 0.759498 0.433007
    outer loop
      vertex -21.4872 7.70711 19.1659
      vertex -21.1003 7.76604 19.4963
      vertex -21.7715 7.76604 18.7438
    endloop
  endfacet
  facet normal -0.531254 0.713142 0.457382
    outer loop
      vertex -21.4872 7.70711 19.1659
      vertex -21.7715 7.76604 18.7438
      vertex -22.1466 7.70711 18.4
    endloop
  endfacet
  facet normal -0.500333 0.759515 0.415697
    outer loop
      vertex -22.1466 7.70711 18.4
      vertex -21.7715 7.76604 18.7438
      vertex -22.4159 7.76604 17.9682
    endloop
  endfacet
  facet normal -0.547072 0.713041 0.438504
    outer loop
      vertex -22.1466 7.70711 18.4
      vertex -22.4159 7.76604 17.9682
      vertex -22.7787 7.70711 17.6114
    endloop
  endfacet
  facet normal -0.514814 0.759283 0.398066
    outer loop
      vertex -22.7787 7.70711 17.6114
      vertex -22.4159 7.76604 17.9682
      vertex -23.0327 7.76604 17.1705
    endloop
  endfacet
  facet normal -0.562357 0.712739 0.419234
    outer loop
      vertex -22.7787 7.70711 17.6114
      vertex -23.0327 7.76604 17.1705
      vertex -23.3827 7.70711 16.8012
    endloop
  endfacet
  facet normal -0.528545 0.759218 0.379773
    outer loop
      vertex -23.3827 7.70711 16.8012
      vertex -23.0327 7.76604 17.1705
      vertex -23.6211 7.76604 16.3516
    endloop
  endfacet
  facet normal -0.576834 0.712632 0.399272
    outer loop
      vertex -23.3827 7.70711 16.8012
      vertex -23.6211 7.76604 16.3516
      vertex -23.9579 7.70711 15.9702
    endloop
  endfacet
  facet normal -0.5418 0.758948 0.361179
    outer loop
      vertex -23.9579 7.70711 15.9702
      vertex -23.6211 7.76604 16.3516
      vertex -24.1804 7.76604 15.5126
    endloop
  endfacet
  facet normal -0.590439 0.712632 0.378864
    outer loop
      vertex -23.9579 7.70711 15.9702
      vertex -24.1804 7.76604 15.5126
      vertex -24.5037 7.70711 15.1196
    endloop
  endfacet
  facet normal -0.553821 0.759271 0.341747
    outer loop
      vertex -24.5037 7.70711 15.1196
      vertex -24.1804 7.76604 15.5126
      vertex -24.7096 7.76604 14.655
    endloop
  endfacet
  facet normal -0.603353 0.712706 0.357792
    outer loop
      vertex -24.5037 7.70711 15.1196
      vertex -24.7096 7.76604 14.655
      vertex -25.0192 7.70711 14.2503
    endloop
  endfacet
  facet normal -0.565608 0.759147 0.322154
    outer loop
      vertex -25.0192 7.70711 14.2503
      vertex -24.7096 7.76604 14.655
      vertex -25.209 7.76604 13.7782
    endloop
  endfacet
  facet normal -0.615512 0.712717 0.336421
    outer loop
      vertex -25.0192 7.70711 14.2503
      vertex -25.209 7.76604 13.7782
      vertex -25.5039 7.70711 13.3635
    endloop
  endfacet
  facet normal -0.576469 0.759244 0.302046
    outer loop
      vertex -25.5039 7.70711 13.3635
      vertex -25.209 7.76604 13.7782
      vertex -25.677 7.76604 12.885
    endloop
  endfacet
  facet normal -0.627056 0.712619 0.314604
    outer loop
      vertex -25.5039 7.70711 13.3635
      vertex -25.677 7.76604 12.885
      vertex -25.9571 7.70711 12.4602
    endloop
  endfacet
  facet normal -0.587152 0.75881 0.281885
    outer loop
      vertex -25.9571 7.70711 12.4602
      vertex -25.677 7.76604 12.885
      vertex -26.1134 7.76604 11.976
    endloop
  endfacet
  facet normal -0.638102 0.712166 0.292654
    outer loop
      vertex -25.9571 7.70711 12.4602
      vertex -26.1134 7.76604 11.976
      vertex -26.3784 7.70711 11.5416
    endloop
  endfacet
  facet normal -0.596733 0.758775 0.261095
    outer loop
      vertex -26.3784 7.70711 11.5416
      vertex -26.1134 7.76604 11.976
      vertex -26.5176 7.76604 11.0522
    endloop
  endfacet
  facet normal -0.647881 0.712269 0.270043
    outer loop
      vertex -26.3784 7.70711 11.5416
      vertex -26.5176 7.76604 11.0522
      vertex -26.7672 7.70711 10.6088
    endloop
  endfacet
  facet normal -0.605292 0.759006 0.239857
    outer loop
      vertex -26.7672 7.70711 10.6088
      vertex -26.5176 7.76604 11.0522
      vertex -26.8891 7.76604 10.1147
    endloop
  endfacet
  facet normal -0.656398 0.712848 0.24696
    outer loop
      vertex -26.7672 7.70711 10.6088
      vertex -26.8891 7.76604 10.1147
      vertex -27.1231 7.70711 9.66285
    endloop
  endfacet
  facet normal -0.612864 0.759424 0.218341
    outer loop
      vertex -27.1231 7.70711 9.66285
      vertex -26.8891 7.76604 10.1147
      vertex -27.2275 7.76604 9.16484
    endloop
  endfacet
  facet normal -0.664526 0.713004 0.223678
    outer loop
      vertex -27.1231 7.70711 9.66285
      vertex -27.2275 7.76604 9.16484
      vertex -27.4455 7.70711 8.70503
    endloop
  endfacet
  facet normal -0.62026 0.759318 0.196755
    outer loop
      vertex -27.4455 7.70711 8.70503
      vertex -27.2275 7.76604 9.16484
      vertex -27.5324 7.76604 8.20366
    endloop
  endfacet
  facet normal -0.67244 0.712533 0.2003
    outer loop
      vertex -27.4455 7.70711 8.70503
      vertex -27.5324 7.76604 8.20366
      vertex -27.734 7.70711 7.73649
    endloop
  endfacet
  facet normal -0.627242 0.758922 0.174944
    outer loop
      vertex -27.734 7.70711 7.73649
      vertex -27.5324 7.76604 8.20366
      vertex -27.8033 7.76604 7.23238
    endloop
  endfacet
  facet normal -0.678841 0.712723 0.176637
    outer loop
      vertex -27.734 7.70711 7.73649
      vertex -27.8033 7.76604 7.23238
      vertex -27.9885 7.70711 6.75841
    endloop
  endfacet
  facet normal -0.632519 0.759335 0.152742
    outer loop
      vertex -27.9885 7.70711 6.75841
      vertex -27.8033 7.76604 7.23238
      vertex -28.04 7.76604 6.25218
    endloop
  endfacet
  facet normal -0.684597 0.712766 0.152618
    outer loop
      vertex -27.9885 7.70711 6.75841
      vertex -28.04 7.76604 6.25218
      vertex -28.2084 7.70711 5.77201
    endloop
  endfacet
  facet normal -0.637621 0.759227 0.130441
    outer loop
      vertex -28.2084 7.70711 5.77201
      vertex -28.04 7.76604 6.25218
      vertex -28.2421 7.76604 5.26428
    endloop
  endfacet
  facet normal -0.689355 0.712936 0.128502
    outer loop
      vertex -28.2084 7.70711 5.77201
      vertex -28.2421 7.76604 5.26428
      vertex -28.3936 7.70711 4.7785
    endloop
  endfacet
  facet normal -0.641752 0.759265 0.108036
    outer loop
      vertex -28.3936 7.70711 4.7785
      vertex -28.2421 7.76604 5.26428
      vertex -28.4095 7.76604 4.2699
    endloop
  endfacet
  facet normal -0.693727 0.712652 0.10426
    outer loop
      vertex -28.3936 7.70711 4.7785
      vertex -28.4095 7.76604 4.2699
      vertex -28.5438 7.70711 3.7791
    endloop
  endfacet
  facet normal -0.645205 0.759222 0.0853914
    outer loop
      vertex -28.4095 7.76604 4.2699
      vertex -28.5418 7.76604 3.27026
      vertex -28.5438 7.70711 3.7791
    endloop
  endfacet
  facet normal -0.69652 0.713081 0.079846
    outer loop
      vertex -28.5438 7.70711 3.7791
      vertex -28.5418 7.76604 3.27026
      vertex -28.6589 7.70711 2.77505
    endloop
  endfacet
  facet normal -0.647389 0.759576 0.0626955
    outer loop
      vertex -28.5418 7.76604 3.27026
      vertex -28.639 7.76604 2.26658
      vertex -28.6589 7.70711 2.77505
    endloop
  endfacet
  facet normal -0.698908 0.713071 0.0552894
    outer loop
      vertex -28.6589 7.70711 2.77505
      vertex -28.639 7.76604 2.26658
      vertex -28.7386 7.70711 1.76757
    endloop
  endfacet
  facet normal -0.649412 0.759387 0.0399406
    outer loop
      vertex -28.639 7.76604 2.26658
      vertex -28.7009 7.76604 1.26012
      vertex -28.7386 7.70711 1.76757
    endloop
  endfacet
  facet normal -0.700593 0.712899 0.0307396
    outer loop
      vertex -28.7386 7.70711 1.76757
      vertex -28.7009 7.76604 1.26012
      vertex -28.7829 7.70711 0.757919
    endloop
  endfacet
  facet normal -0.650717 0.759126 0.0171714
    outer loop
      vertex -28.7009 7.76604 1.26012
      vertex -28.7275 7.76604 0.252101
      vertex -28.7829 7.70711 0.757919
    endloop
  endfacet
  facet normal -0.701568 0.712576 0.00617855
    outer loop
      vertex -28.7829 7.70711 0.757919
      vertex -28.7275 7.76604 0.252101
      vertex -28.7918 7.70711 -0.252666
    endloop
  endfacet
  facet normal -0.650761 0.759261 -0.00574393
    outer loop
      vertex -28.7275 7.76604 0.252101
      vertex -28.7186 7.76604 -0.756227
      vertex -28.7918 7.70711 -0.252666
    endloop
  endfacet
  facet normal -0.700945 0.712976 -0.0184555
    outer loop
      vertex -28.7186 7.76604 -0.756227
      vertex -28.7652 7.70711 -1.26294
      vertex -28.7918 7.70711 -0.252666
    endloop
  endfacet
  facet normal -0.650087 0.759325 -0.028523
    outer loop
      vertex -28.7186 7.76604 -0.756227
      vertex -28.6744 7.76604 -1.76362
      vertex -28.7652 7.70711 -1.26294
    endloop
  endfacet
  facet normal -0.700205 0.71264 -0.0431068
    outer loop
      vertex -28.6744 7.76604 -1.76362
      vertex -28.7031 7.70711 -2.27166
      vertex -28.7652 7.70711 -1.26294
    endloop
  endfacet
  facet normal -0.648963 0.759083 -0.0513887
    outer loop
      vertex -28.6744 7.76604 -1.76362
      vertex -28.5948 7.76604 -2.76885
      vertex -28.7031 7.70711 -2.27166
    endloop
  endfacet
  facet normal -0.698173 0.71273 -0.0676019
    outer loop
      vertex -28.5948 7.76604 -2.76885
      vertex -28.6057 7.70711 -3.27758
      vertex -28.7031 7.70711 -2.27166
    endloop
  endfacet
  facet normal -0.646587 0.759234 -0.074094
    outer loop
      vertex -28.5948 7.76604 -2.76885
      vertex -28.48 7.76604 -3.77066
      vertex -28.6057 7.70711 -3.27758
    endloop
  endfacet
  facet normal -0.695144 0.712959 -0.0920031
    outer loop
      vertex -28.48 7.76604 -3.77066
      vertex -28.4731 7.70711 -4.27946
      vertex -28.6057 7.70711 -3.27758
    endloop
  endfacet
  facet normal -0.643509 0.759309 -0.0966712
    outer loop
      vertex -28.3302 7.76604 -4.76783
      vertex -28.4731 7.70711 -4.27946
      vertex -28.48 7.76604 -3.77066
    endloop
  endfacet
  facet normal -0.691706 0.712738 -0.116394
    outer loop
      vertex -28.3302 7.76604 -4.76783
      vertex -28.3054 7.70711 -5.27607
      vertex -28.4731 7.70711 -4.27946
    endloop
  endfacet
  facet normal -0.639707 0.759311 -0.119257
    outer loop
      vertex -28.1454 7.76604 -5.75912
      vertex -28.3054 7.70711 -5.27607
      vertex -28.3302 7.76604 -4.76783
    endloop
  endfacet
  facet normal -0.686987 0.712943 -0.140574
    outer loop
      vertex -28.1454 7.76604 -5.75912
      vertex -28.1028 7.70711 -6.26618
      vertex -28.3054 7.70711 -5.27607
    endloop
  endfacet
  facet normal -0.634949 0.759465 -0.141609
    outer loop
      vertex -27.9259 7.76604 -6.74332
      vertex -28.1028 7.70711 -6.26618
      vertex -28.1454 7.76604 -5.75912
    endloop
  endfacet
  facet normal -0.681315 0.713266 -0.164505
    outer loop
      vertex -27.9259 7.76604 -6.74332
      vertex -27.8656 7.70711 -7.24857
      vertex -28.1028 7.70711 -6.26618
    endloop
  endfacet
  facet normal -0.629524 0.759536 -0.16372
    outer loop
      vertex -27.6721 7.76604 -7.71921
      vertex -27.8656 7.70711 -7.24857
      vertex -27.9259 7.76604 -6.74332
    endloop
  endfacet
  facet normal -0.675504 0.712863 -0.188469
    outer loop
      vertex -27.6721 7.76604 -7.71921
      vertex -27.594 7.70711 -8.22203
      vertex -27.8656 7.70711 -7.24857
    endloop
  endfacet
  facet normal -0.623633 0.759303 -0.185855
    outer loop
      vertex -27.3841 7.76604 -8.68559
      vertex -27.594 7.70711 -8.22203
      vertex -27.6721 7.76604 -7.71921
    endloop
  endfacet
  facet normal -0.668221 0.713143 -0.211912
    outer loop
      vertex -27.3841 7.76604 -8.68559
      vertex -27.2885 7.70711 -9.18536
      vertex -27.594 7.70711 -8.22203
    endloop
  endfacet
  facet normal -0.616609 0.759432 -0.207498
    outer loop
      vertex -27.0625 7.76604 -9.64127
      vertex -27.2885 7.70711 -9.18536
      vertex -27.3841 7.76604 -8.68559
    endloop
  endfacet
  facet normal -0.660757 0.712726 -0.235419
    outer loop
      vertex -27.0625 7.76604 -9.64127
      vertex -26.9493 7.70711 -10.1374
      vertex -27.2885 7.70711 -9.18536
    endloop
  endfacet
  facet normal -0.609089 0.759274 -0.229159
    outer loop
      vertex -26.7074 7.76604 -10.5851
      vertex -26.9493 7.70711 -10.1374
      vertex -27.0625 7.76604 -9.64127
    endloop
  endfacet
  facet normal -0.65193 0.712888 -0.258413
    outer loop
      vertex -26.7074 7.76604 -10.5851
      vertex -26.5769 7.70711 -11.0769
      vertex -26.9493 7.70711 -10.1374
    endloop
  endfacet
  facet normal -0.600753 0.759213 -0.250384
    outer loop
      vertex -26.3195 7.76604 -11.5158
      vertex -26.5769 7.70711 -11.0769
      vertex -26.7074 7.76604 -10.5851
    endloop
  endfacet
  facet normal -0.642556 0.712802 -0.281131
    outer loop
      vertex -26.3195 7.76604 -11.5158
      vertex -26.1718 7.70711 -12.0028
      vertex -26.5769 7.70711 -11.0769
    endloop
  endfacet
  facet normal -0.591677 0.759151 -0.271309
    outer loop
      vertex -25.8992 7.76604 -12.4324
      vertex -26.1718 7.70711 -12.0028
      vertex -26.3195 7.76604 -11.5158
    endloop
  endfacet
  facet normal -0.632435 0.712659 -0.30355
    outer loop
      vertex -25.8992 7.76604 -12.4324
      vertex -25.7345 7.70711 -12.9139
      vertex -26.1718 7.70711 -12.0028
    endloop
  endfacet
  facet normal -0.581622 0.759292 -0.291876
    outer loop
      vertex -25.4469 7.76604 -13.3337
      vertex -25.7345 7.70711 -12.9139
      vertex -25.8992 7.76604 -12.4324
    endloop
  endfacet
  facet normal -0.621336 0.712677 -0.325627
    outer loop
      vertex -25.4469 7.76604 -13.3337
      vertex -25.2654 7.70711 -13.809
      vertex -25.7345 7.70711 -12.9139
    endloop
  endfacet
  facet normal -0.571349 0.758974 -0.312279
    outer loop
      vertex -24.9633 7.76604 -14.2185
      vertex -25.2654 7.70711 -13.809
      vertex -25.4469 7.76604 -13.3337
    endloop
  endfacet
  facet normal -0.609734 0.712471 -0.347289
    outer loop
      vertex -24.9633 7.76604 -14.2185
      vertex -24.7652 7.70711 -14.6872
      vertex -25.2654 7.70711 -13.809
    endloop
  endfacet
  facet normal -0.559932 0.75907 -0.332098
    outer loop
      vertex -24.4489 7.76604 -15.0858
      vertex -24.7652 7.70711 -14.6872
      vertex -24.9633 7.76604 -14.2185
    endloop
  endfacet
  facet normal -0.596968 0.712708 -0.368342
    outer loop
      vertex -24.4489 7.76604 -15.0858
      vertex -24.2345 7.70711 -15.5473
      vertex -24.7652 7.70711 -14.6872
    endloop
  endfacet
  facet normal -0.547754 0.759255 -0.351422
    outer loop
      vertex -23.9044 7.76604 -15.9345
      vertex -24.2345 7.70711 -15.5473
      vertex -24.4489 7.76604 -15.0858
    endloop
  endfacet
  facet normal -0.583452 0.712981 -0.388899
    outer loop
      vertex -23.9044 7.76604 -15.9345
      vertex -23.674 7.70711 -16.3882
      vertex -24.2345 7.70711 -15.5473
    endloop
  endfacet
  facet normal -0.534978 0.759387 -0.37031
    outer loop
      vertex -23.3305 7.76604 -16.7636
      vertex -23.674 7.70711 -16.3882
      vertex -23.9044 7.76604 -15.9345
    endloop
  endfacet
  facet normal -0.569521 0.71287 -0.40922
    outer loop
      vertex -23.3305 7.76604 -16.7636
      vertex -23.0843 7.70711 -17.2089
      vertex -23.674 7.70711 -16.3882
    endloop
  endfacet
  facet normal -0.521775 0.759251 -0.388959
    outer loop
      vertex -22.7278 7.76604 -17.5721
      vertex -23.0843 7.70711 -17.2089
      vertex -23.3305 7.76604 -16.7636
    endloop
  endfacet
  facet normal -0.554894 0.712772 -0.429009
    outer loop
      vertex -22.7278 7.76604 -17.5721
      vertex -22.4661 7.70711 -18.0085
      vertex -23.0843 7.70711 -17.2089
    endloop
  endfacet
  facet normal -0.507769 0.759275 -0.407029
    outer loop
      vertex -22.0971 7.76604 -18.3589
      vertex -22.4661 7.70711 -18.0085
      vertex -22.7278 7.76604 -17.5721
    endloop
  endfacet
  facet normal -0.539417 0.712868 -0.448161
    outer loop
      vertex -22.0971 7.76604 -18.3589
      vertex -21.8203 7.70711 -18.7858
      vertex -22.4661 7.70711 -18.0085
    endloop
  endfacet
  facet normal -0.493043 0.759405 -0.424516
    outer loop
      vertex -21.4392 7.76604 -19.123
      vertex -21.8203 7.70711 -18.7858
      vertex -22.0971 7.76604 -18.3589
    endloop
  endfacet
  facet normal -0.52313 0.713175 -0.4666
    outer loop
      vertex -21.4392 7.76604 -19.123
      vertex -21.1476 7.70711 -19.54
      vertex -21.8203 7.70711 -18.7858
    endloop
  endfacet
  facet normal -0.47788 0.759417 -0.441492
    outer loop
      vertex -20.7549 7.76604 -19.8637
      vertex -21.1476 7.70711 -19.54
      vertex -21.4392 7.76604 -19.123
    endloop
  endfacet
  facet normal -0.506762 0.712694 -0.485036
    outer loop
      vertex -20.7549 7.76604 -19.8637
      vertex -20.4488 7.70711 -20.2701
      vertex -21.1476 7.70711 -19.54
    endloop
  endfacet
  facet normal -0.462253 0.759163 -0.458251
    outer loop
      vertex -20.045 7.76604 -20.5798
      vertex -20.4488 7.70711 -20.2701
      vertex -20.7549 7.76604 -19.8637
    endloop
  endfacet
  facet normal -0.489349 0.712837 -0.502395
    outer loop
      vertex -20.045 7.76604 -20.5798
      vertex -19.7248 7.70711 -20.9753
      vertex -20.4488 7.70711 -20.2701
    endloop
  endfacet
  facet normal -0.445784 0.759312 -0.474049
    outer loop
      vertex -19.3104 7.76604 -21.2706
      vertex -19.7248 7.70711 -20.9753
      vertex -20.045 7.76604 -20.5798
    endloop
  endfacet
  facet normal -0.471318 0.713002 -0.519123
    outer loop
      vertex -19.3104 7.76604 -21.2706
      vertex -18.9766 7.70711 -21.6546
      vertex -19.7248 7.70711 -20.9753
    endloop
  endfacet
  facet normal -0.428875 0.759349 -0.489341
    outer loop
      vertex -18.5521 7.76604 -21.9352
      vertex -18.9766 7.70711 -21.6546
      vertex -19.3104 7.76604 -21.2706
    endloop
  endfacet
  facet normal -0.453037 0.712576 -0.535717
    outer loop
      vertex -18.5521 7.76604 -21.9352
      vertex -18.2049 7.70711 -22.3072
      vertex -18.9766 7.70711 -21.6546
    endloop
  endfacet
  facet normal -0.411514 0.759143 -0.504339
    outer loop
      vertex -17.7708 7.76604 -22.5727
      vertex -18.2049 7.70711 -22.3072
      vertex -18.5521 7.76604 -21.9352
    endloop
  endfacet
  facet normal -0.433732 0.713007 -0.550907
    outer loop
      vertex -17.7708 7.76604 -22.5727
      vertex -17.4108 7.70711 -22.9324
      vertex -18.2049 7.70711 -22.3072
    endloop
  endfacet
  facet normal -0.393492 0.759347 -0.518225
    outer loop
      vertex -16.9677 7.76604 -23.1825
      vertex -17.4108 7.70711 -22.9324
      vertex -17.7708 7.76604 -22.5727
    endloop
  endfacet
  facet normal -0.414238 0.712823 -0.565942
    outer loop
      vertex -16.9677 7.76604 -23.1825
      vertex -16.5953 7.70711 -23.5293
      vertex -17.4108 7.70711 -22.9324
    endloop
  endfacet
  facet normal -0.375112 0.75925 -0.531818
    outer loop
      vertex -16.1437 7.76604 -23.7637
      vertex -16.5953 7.70711 -23.5293
      vertex -16.9677 7.76604 -23.1825
    endloop
  endfacet
  facet normal -0.394125 0.712831 -0.580118
    outer loop
      vertex -16.1437 7.76604 -23.7637
      vertex -15.7594 7.70711 -24.0972
      vertex -16.5953 7.70711 -23.5293
    endloop
  endfacet
  facet normal -0.35614 0.75935 -0.544567
    outer loop
      vertex -15.2998 7.76604 -24.3156
      vertex -15.7594 7.70711 -24.0972
      vertex -16.1437 7.76604 -23.7637
    endloop
  endfacet
  facet normal -0.373474 0.712859 -0.593589
    outer loop
      vertex -15.2998 7.76604 -24.3156
      vertex -14.904 7.70711 -24.6354
      vertex -15.7594 7.70711 -24.0972
    endloop
  endfacet
  facet normal -0.336918 0.759189 -0.556883
    outer loop
      vertex -14.437 7.76604 -24.8376
      vertex -14.904 7.70711 -24.6354
      vertex -15.2998 7.76604 -24.3156
    endloop
  endfacet
  facet normal -0.352528 0.712663 -0.606495
    outer loop
      vertex -14.437 7.76604 -24.8376
      vertex -14.0302 7.70711 -25.1433
      vertex -14.904 7.70711 -24.6354
    endloop
  endfacet
  facet normal -0.317048 0.759306 -0.568273
    outer loop
      vertex -13.5564 7.76604 -25.3289
      vertex -14.0302 7.70711 -25.1433
      vertex -14.437 7.76604 -24.8376
    endloop
  endfacet
  facet normal -0.330806 0.713148 -0.618051
    outer loop
      vertex -13.5564 7.76604 -25.3289
      vertex -13.1392 7.70711 -25.6202
      vertex -14.0302 7.70711 -25.1433
    endloop
  endfacet
  facet normal -0.296933 0.759413 -0.578897
    outer loop
      vertex -12.6592 7.76604 -25.7891
      vertex -13.1392 7.70711 -25.6202
      vertex -13.5564 7.76604 -25.3289
    endloop
  endfacet
  facet normal -0.309063 0.712758 -0.629648
    outer loop
      vertex -12.6592 7.76604 -25.7891
      vertex -12.232 7.70711 -26.0655
      vertex -13.1392 7.70711 -25.6202
    endloop
  endfacet
  facet normal -0.276353 0.759387 -0.589033
    outer loop
      vertex -11.7463 7.76604 -26.2174
      vertex -12.232 7.70711 -26.0655
      vertex -12.6592 7.76604 -25.7891
    endloop
  endfacet
  facet normal -0.286596 0.713186 -0.639709
    outer loop
      vertex -11.7463 7.76604 -26.2174
      vertex -11.3097 7.70711 -26.4787
      vertex -12.232 7.70711 -26.0655
    endloop
  endfacet
  facet normal -0.255557 0.759443 -0.598279
    outer loop
      vertex -10.819 7.76604 -26.6135
      vertex -11.3097 7.70711 -26.4787
      vertex -11.7463 7.76604 -26.2174
    endloop
  endfacet
  facet normal -0.264062 0.713002 -0.649539
    outer loop
      vertex -10.819 7.76604 -26.6135
      vertex -10.3735 7.70711 -26.8593
      vertex -11.3097 7.70711 -26.4787
    endloop
  endfacet
  facet normal -0.23442 0.759391 -0.606937
    outer loop
      vertex -9.87838 7.76604 -26.9768
      vertex -10.3735 7.70711 -26.8593
      vertex -10.819 7.76604 -26.6135
    endloop
  endfacet
  facet normal -0.241127 0.712885 -0.658523
    outer loop
      vertex -9.87838 7.76604 -26.9768
      vertex -9.42447 7.70711 -27.2068
      vertex -10.3735 7.70711 -26.8593
    endloop
  endfacet
  facet normal -0.213067 0.759187 -0.61501
    outer loop
      vertex -8.92556 7.76604 -27.3069
      vertex -9.42447 7.70711 -27.2068
      vertex -9.87838 7.76604 -26.9768
    endloop
  endfacet
  facet normal -0.217962 0.712647 -0.666803
    outer loop
      vertex -8.92556 7.76604 -27.3069
      vertex -8.46386 7.70711 -27.5208
      vertex -9.42447 7.70711 -27.2068
    endloop
  endfacet
  facet normal -0.191316 0.759193 -0.622112
    outer loop
      vertex -7.96174 7.76604 -27.6033
      vertex -8.46386 7.70711 -27.5208
      vertex -8.92556 7.76604 -27.3069
    endloop
  endfacet
  facet normal -0.194377 0.712833 -0.673859
    outer loop
      vertex -7.96174 7.76604 -27.6033
      vertex -7.49282 7.70711 -27.8009
      vertex -8.46386 7.70711 -27.5208
    endloop
  endfacet
  facet normal -0.169329 0.759332 -0.628285
    outer loop
      vertex -6.98812 7.76604 -27.8657
      vertex -7.49282 7.70711 -27.8009
      vertex -7.96174 7.76604 -27.6033
    endloop
  endfacet
  facet normal -0.170575 0.712842 -0.680265
    outer loop
      vertex -6.98812 7.76604 -27.8657
      vertex -6.51255 7.70711 -28.0467
      vertex -7.49282 7.70711 -27.8009
    endloop
  endfacet
  facet normal -0.147236 0.759165 -0.634027
    outer loop
      vertex -6.00588 7.76604 -28.0938
      vertex -6.51255 7.70711 -28.0467
      vertex -6.98812 7.76604 -27.8657
    endloop
  endfacet
  facet normal -0.14666 0.712701 -0.685965
    outer loop
      vertex -6.00588 7.76604 -28.0938
      vertex -5.52425 7.70711 -28.258
      vertex -6.51255 7.70711 -28.0467
    endloop
  endfacet
  facet normal -0.124796 0.759369 -0.63858
    outer loop
      vertex -5.01625 7.76604 -28.2872
      vertex -5.52425 7.70711 -28.258
      vertex -6.00588 7.76604 -28.0938
    endloop
  endfacet
  facet normal -0.122393 0.712962 -0.690438
    outer loop
      vertex -5.01625 7.76604 -28.2872
      vertex -4.52915 7.70711 -28.4344
      vertex -5.52425 7.70711 -28.258
    endloop
  endfacet
  facet normal -0.102461 0.759042 -0.642929
    outer loop
      vertex -4.02043 7.76604 -28.4459
      vertex -4.52915 7.70711 -28.4344
      vertex -5.01625 7.76604 -28.2872
    endloop
  endfacet
  facet normal -0.098242 0.712506 -0.694755
    outer loop
      vertex -4.02043 7.76604 -28.4459
      vertex -3.52848 7.70711 -28.5759
      vertex -4.52915 7.70711 -28.4344
    endloop
  endfacet
  facet normal -0.0796957 0.759336 -0.6458
    outer loop
      vertex -3.01967 7.76604 -28.5694
      vertex -3.52848 7.70711 -28.5759
      vertex -4.02043 7.76604 -28.4459
    endloop
  endfacet
  facet normal -0.0736765 0.71304 -0.697242
    outer loop
      vertex -3.01967 7.76604 -28.5694
      vertex -2.52345 7.70711 -28.6821
      vertex -3.52848 7.70711 -28.5759
    endloop
  endfacet
  facet normal -0.0570462 0.759316 -0.648216
    outer loop
      vertex -2.01518 7.76604 -28.6578
      vertex -2.52345 7.70711 -28.6821
      vertex -3.01967 7.76604 -28.5694
    endloop
  endfacet
  facet normal -0.049201 0.71284 -0.699599
    outer loop
      vertex -2.01518 7.76604 -28.6578
      vertex -1.51531 7.70711 -28.753
      vertex -2.52345 7.70711 -28.6821
    endloop
  endfacet
  facet normal -0.0342721 0.759226 -0.649924
    outer loop
      vertex -1.00821 7.76604 -28.7109
      vertex -1.51531 7.70711 -28.753
      vertex -2.01518 7.76604 -28.6578
    endloop
  endfacet
  facet normal -0.0246376 0.712778 -0.700957
    outer loop
      vertex -1.00821 7.76604 -28.7109
      vertex -0.505312 7.70711 -28.7885
      vertex -1.51531 7.70711 -28.753
    endloop
  endfacet
  facet normal -0.0114226 0.759298 -0.650642
    outer loop
      vertex 0 7.76604 -28.7286
      vertex -0.505312 7.70711 -28.7885
      vertex -1.00821 7.76604 -28.7109
    endloop
  endfacet
  facet normal 0 0.712855 -0.701311
    outer loop
      vertex 0 7.76604 -28.7286
      vertex 0.505312 7.70711 -28.7885
      vertex -0.505312 7.70711 -28.7885
    endloop
  endfacet
  facet normal 0.0114226 0.759298 -0.650642
    outer loop
      vertex 1.00821 7.76604 -28.7109
      vertex 0.505312 7.70711 -28.7885
      vertex 0 7.76604 -28.7286
    endloop
  endfacet
  facet normal 0.0246376 0.712778 -0.700957
    outer loop
      vertex 1.00821 7.76604 -28.7109
      vertex 1.51531 7.70711 -28.753
      vertex 0.505312 7.70711 -28.7885
    endloop
  endfacet
  facet normal 0.0342721 0.759226 -0.649924
    outer loop
      vertex 2.01518 7.76604 -28.6578
      vertex 1.51531 7.70711 -28.753
      vertex 1.00821 7.76604 -28.7109
    endloop
  endfacet
  facet normal 0.049201 0.71284 -0.699599
    outer loop
      vertex 2.01518 7.76604 -28.6578
      vertex 2.52345 7.70711 -28.6821
      vertex 1.51531 7.70711 -28.753
    endloop
  endfacet
  facet normal 0.0570462 0.759316 -0.648216
    outer loop
      vertex 3.01967 7.76604 -28.5694
      vertex 2.52345 7.70711 -28.6821
      vertex 2.01518 7.76604 -28.6578
    endloop
  endfacet
  facet normal 0.0736765 0.71304 -0.697242
    outer loop
      vertex 3.01967 7.76604 -28.5694
      vertex 3.52848 7.70711 -28.5759
      vertex 2.52345 7.70711 -28.6821
    endloop
  endfacet
  facet normal 0.0796957 0.759336 -0.6458
    outer loop
      vertex 4.02043 7.76604 -28.4459
      vertex 3.52848 7.70711 -28.5759
      vertex 3.01967 7.76604 -28.5694
    endloop
  endfacet
  facet normal 0.098242 0.712506 -0.694755
    outer loop
      vertex 4.02043 7.76604 -28.4459
      vertex 4.52915 7.70711 -28.4344
      vertex 3.52848 7.70711 -28.5759
    endloop
  endfacet
  facet normal 0.102461 0.759042 -0.642929
    outer loop
      vertex 5.01625 7.76604 -28.2872
      vertex 4.52915 7.70711 -28.4344
      vertex 4.02043 7.76604 -28.4459
    endloop
  endfacet
  facet normal 0.122393 0.712962 -0.690438
    outer loop
      vertex 5.01625 7.76604 -28.2872
      vertex 5.52425 7.70711 -28.258
      vertex 4.52915 7.70711 -28.4344
    endloop
  endfacet
  facet normal 0.124796 0.759369 -0.63858
    outer loop
      vertex 6.00588 7.76604 -28.0938
      vertex 5.52425 7.70711 -28.258
      vertex 5.01625 7.76604 -28.2872
    endloop
  endfacet
  facet normal 0.14666 0.712701 -0.685965
    outer loop
      vertex 6.00588 7.76604 -28.0938
      vertex 6.51255 7.70711 -28.0467
      vertex 5.52425 7.70711 -28.258
    endloop
  endfacet
  facet normal 0.147236 0.759165 -0.634027
    outer loop
      vertex 6.98812 7.76604 -27.8657
      vertex 6.51255 7.70711 -28.0467
      vertex 6.00588 7.76604 -28.0938
    endloop
  endfacet
  facet normal 0.170575 0.712842 -0.680265
    outer loop
      vertex 6.98812 7.76604 -27.8657
      vertex 7.49282 7.70711 -27.8009
      vertex 6.51255 7.70711 -28.0467
    endloop
  endfacet
  facet normal 0.169329 0.759332 -0.628285
    outer loop
      vertex 7.96174 7.76604 -27.6033
      vertex 7.49282 7.70711 -27.8009
      vertex 6.98812 7.76604 -27.8657
    endloop
  endfacet
  facet normal 0.194377 0.712833 -0.673859
    outer loop
      vertex 7.96174 7.76604 -27.6033
      vertex 8.46386 7.70711 -27.5208
      vertex 7.49282 7.70711 -27.8009
    endloop
  endfacet
  facet normal 0.191316 0.759193 -0.622112
    outer loop
      vertex 8.92556 7.76604 -27.3069
      vertex 8.46386 7.70711 -27.5208
      vertex 7.96174 7.76604 -27.6033
    endloop
  endfacet
  facet normal 0.217962 0.712647 -0.666803
    outer loop
      vertex 8.92556 7.76604 -27.3069
      vertex 9.42447 7.70711 -27.2068
      vertex 8.46386 7.70711 -27.5208
    endloop
  endfacet
  facet normal 0.213067 0.759187 -0.61501
    outer loop
      vertex 9.87838 7.76604 -26.9768
      vertex 9.42447 7.70711 -27.2068
      vertex 8.92556 7.76604 -27.3069
    endloop
  endfacet
  facet normal 0.241127 0.712885 -0.658523
    outer loop
      vertex 9.87838 7.76604 -26.9768
      vertex 10.3735 7.70711 -26.8593
      vertex 9.42447 7.70711 -27.2068
    endloop
  endfacet
  facet normal 0.23442 0.759391 -0.606937
    outer loop
      vertex 10.819 7.76604 -26.6135
      vertex 10.3735 7.70711 -26.8593
      vertex 9.87838 7.76604 -26.9768
    endloop
  endfacet
  facet normal 0.264062 0.713002 -0.649539
    outer loop
      vertex 10.819 7.76604 -26.6135
      vertex 11.3097 7.70711 -26.4787
      vertex 10.3735 7.70711 -26.8593
    endloop
  endfacet
  facet normal 0.255557 0.759443 -0.598279
    outer loop
      vertex 11.7463 7.76604 -26.2174
      vertex 11.3097 7.70711 -26.4787
      vertex 10.819 7.76604 -26.6135
    endloop
  endfacet
  facet normal 0.286596 0.713186 -0.639709
    outer loop
      vertex 11.7463 7.76604 -26.2174
      vertex 12.232 7.70711 -26.0655
      vertex 11.3097 7.70711 -26.4787
    endloop
  endfacet
  facet normal 0.276353 0.759387 -0.589033
    outer loop
      vertex 12.6592 7.76604 -25.7891
      vertex 12.232 7.70711 -26.0655
      vertex 11.7463 7.76604 -26.2174
    endloop
  endfacet
  facet normal 0.309063 0.712758 -0.629648
    outer loop
      vertex 12.6592 7.76604 -25.7891
      vertex 13.1392 7.70711 -25.6202
      vertex 12.232 7.70711 -26.0655
    endloop
  endfacet
  facet normal 0.296933 0.759413 -0.578897
    outer loop
      vertex 13.5564 7.76604 -25.3289
      vertex 13.1392 7.70711 -25.6202
      vertex 12.6592 7.76604 -25.7891
    endloop
  endfacet
  facet normal 0.330806 0.713148 -0.618051
    outer loop
      vertex 13.5564 7.76604 -25.3289
      vertex 14.0302 7.70711 -25.1433
      vertex 13.1392 7.70711 -25.6202
    endloop
  endfacet
  facet normal 0.317048 0.759306 -0.568273
    outer loop
      vertex 14.437 7.76604 -24.8376
      vertex 14.0302 7.70711 -25.1433
      vertex 13.5564 7.76604 -25.3289
    endloop
  endfacet
  facet normal 0.352528 0.712663 -0.606495
    outer loop
      vertex 14.437 7.76604 -24.8376
      vertex 14.904 7.70711 -24.6354
      vertex 14.0302 7.70711 -25.1433
    endloop
  endfacet
  facet normal 0.336918 0.759189 -0.556883
    outer loop
      vertex 15.2998 7.76604 -24.3156
      vertex 14.904 7.70711 -24.6354
      vertex 14.437 7.76604 -24.8376
    endloop
  endfacet
  facet normal 0.373474 0.712859 -0.593589
    outer loop
      vertex 15.2998 7.76604 -24.3156
      vertex 15.7594 7.70711 -24.0972
      vertex 14.904 7.70711 -24.6354
    endloop
  endfacet
  facet normal 0.35614 0.75935 -0.544567
    outer loop
      vertex 16.1437 7.76604 -23.7637
      vertex 15.7594 7.70711 -24.0972
      vertex 15.2998 7.76604 -24.3156
    endloop
  endfacet
  facet normal 0.394125 0.712831 -0.580118
    outer loop
      vertex 16.1437 7.76604 -23.7637
      vertex 16.5953 7.70711 -23.5293
      vertex 15.7594 7.70711 -24.0972
    endloop
  endfacet
  facet normal 0.375112 0.75925 -0.531818
    outer loop
      vertex 16.9677 7.76604 -23.1825
      vertex 16.5953 7.70711 -23.5293
      vertex 16.1437 7.76604 -23.7637
    endloop
  endfacet
  facet normal 0.414238 0.712823 -0.565942
    outer loop
      vertex 16.9677 7.76604 -23.1825
      vertex 17.4108 7.70711 -22.9324
      vertex 16.5953 7.70711 -23.5293
    endloop
  endfacet
  facet normal 0.393492 0.759347 -0.518225
    outer loop
      vertex 17.7708 7.76604 -22.5727
      vertex 17.4108 7.70711 -22.9324
      vertex 16.9677 7.76604 -23.1825
    endloop
  endfacet
  facet normal 0.433732 0.713007 -0.550907
    outer loop
      vertex 17.7708 7.76604 -22.5727
      vertex 18.2049 7.70711 -22.3072
      vertex 17.4108 7.70711 -22.9324
    endloop
  endfacet
  facet normal 0.411514 0.759143 -0.504339
    outer loop
      vertex 18.5521 7.76604 -21.9352
      vertex 18.2049 7.70711 -22.3072
      vertex 17.7708 7.76604 -22.5727
    endloop
  endfacet
  facet normal 0.453037 0.712576 -0.535717
    outer loop
      vertex 18.5521 7.76604 -21.9352
      vertex 18.9766 7.70711 -21.6546
      vertex 18.2049 7.70711 -22.3072
    endloop
  endfacet
  facet normal 0.428875 0.759349 -0.489341
    outer loop
      vertex 19.3104 7.76604 -21.2706
      vertex 18.9766 7.70711 -21.6546
      vertex 18.5521 7.76604 -21.9352
    endloop
  endfacet
  facet normal 0.471318 0.713002 -0.519123
    outer loop
      vertex 19.3104 7.76604 -21.2706
      vertex 19.7248 7.70711 -20.9753
      vertex 18.9766 7.70711 -21.6546
    endloop
  endfacet
  facet normal 0.445784 0.759312 -0.474049
    outer loop
      vertex 20.045 7.76604 -20.5798
      vertex 19.7248 7.70711 -20.9753
      vertex 19.3104 7.76604 -21.2706
    endloop
  endfacet
  facet normal 0.489349 0.712837 -0.502395
    outer loop
      vertex 20.045 7.76604 -20.5798
      vertex 20.4488 7.70711 -20.2701
      vertex 19.7248 7.70711 -20.9753
    endloop
  endfacet
  facet normal 0.462253 0.759163 -0.458251
    outer loop
      vertex 20.7549 7.76604 -19.8637
      vertex 20.4488 7.70711 -20.2701
      vertex 20.045 7.76604 -20.5798
    endloop
  endfacet
  facet normal 0.506762 0.712694 -0.485036
    outer loop
      vertex 20.7549 7.76604 -19.8637
      vertex 21.1476 7.70711 -19.54
      vertex 20.4488 7.70711 -20.2701
    endloop
  endfacet
  facet normal 0.47788 0.759417 -0.441492
    outer loop
      vertex 21.4392 7.76604 -19.123
      vertex 21.1476 7.70711 -19.54
      vertex 20.7549 7.76604 -19.8637
    endloop
  endfacet
  facet normal 0.52313 0.713175 -0.4666
    outer loop
      vertex 21.4392 7.76604 -19.123
      vertex 21.8203 7.70711 -18.7858
      vertex 21.1476 7.70711 -19.54
    endloop
  endfacet
  facet normal 0.493043 0.759405 -0.424516
    outer loop
      vertex 22.0971 7.76604 -18.3589
      vertex 21.8203 7.70711 -18.7858
      vertex 21.4392 7.76604 -19.123
    endloop
  endfacet
  facet normal 0.539417 0.712868 -0.448161
    outer loop
      vertex 22.0971 7.76604 -18.3589
      vertex 22.4661 7.70711 -18.0085
      vertex 21.8203 7.70711 -18.7858
    endloop
  endfacet
  facet normal 0.507769 0.759275 -0.407029
    outer loop
      vertex 22.7278 7.76604 -17.5721
      vertex 22.4661 7.70711 -18.0085
      vertex 22.0971 7.76604 -18.3589
    endloop
  endfacet
  facet normal 0.554894 0.712772 -0.429009
    outer loop
      vertex 22.7278 7.76604 -17.5721
      vertex 23.0843 7.70711 -17.2089
      vertex 22.4661 7.70711 -18.0085
    endloop
  endfacet
  facet normal 0.521775 0.759251 -0.388959
    outer loop
      vertex 23.3305 7.76604 -16.7636
      vertex 23.0843 7.70711 -17.2089
      vertex 22.7278 7.76604 -17.5721
    endloop
  endfacet
  facet normal 0.569521 0.71287 -0.40922
    outer loop
      vertex 23.3305 7.76604 -16.7636
      vertex 23.674 7.70711 -16.3882
      vertex 23.0843 7.70711 -17.2089
    endloop
  endfacet
  facet normal 0.534978 0.759387 -0.37031
    outer loop
      vertex 23.9044 7.76604 -15.9345
      vertex 23.674 7.70711 -16.3882
      vertex 23.3305 7.76604 -16.7636
    endloop
  endfacet
  facet normal 0.583452 0.712981 -0.388899
    outer loop
      vertex 23.9044 7.76604 -15.9345
      vertex 24.2345 7.70711 -15.5473
      vertex 23.674 7.70711 -16.3882
    endloop
  endfacet
  facet normal 0.547754 0.759255 -0.351422
    outer loop
      vertex 24.4489 7.76604 -15.0858
      vertex 24.2345 7.70711 -15.5473
      vertex 23.9044 7.76604 -15.9345
    endloop
  endfacet
  facet normal 0.596968 0.712708 -0.368342
    outer loop
      vertex 24.4489 7.76604 -15.0858
      vertex 24.7652 7.70711 -14.6872
      vertex 24.2345 7.70711 -15.5473
    endloop
  endfacet
  facet normal 0.559932 0.75907 -0.332098
    outer loop
      vertex 24.9633 7.76604 -14.2185
      vertex 24.7652 7.70711 -14.6872
      vertex 24.4489 7.76604 -15.0858
    endloop
  endfacet
  facet normal 0.609734 0.712471 -0.347289
    outer loop
      vertex 24.9633 7.76604 -14.2185
      vertex 25.2654 7.70711 -13.809
      vertex 24.7652 7.70711 -14.6872
    endloop
  endfacet
  facet normal 0.571349 0.758974 -0.312279
    outer loop
      vertex 25.4469 7.76604 -13.3337
      vertex 25.2654 7.70711 -13.809
      vertex 24.9633 7.76604 -14.2185
    endloop
  endfacet
  facet normal 0.621336 0.712677 -0.325627
    outer loop
      vertex 25.4469 7.76604 -13.3337
      vertex 25.7345 7.70711 -12.9139
      vertex 25.2654 7.70711 -13.809
    endloop
  endfacet
  facet normal 0.581622 0.759292 -0.291876
    outer loop
      vertex 25.8992 7.76604 -12.4324
      vertex 25.7345 7.70711 -12.9139
      vertex 25.4469 7.76604 -13.3337
    endloop
  endfacet
  facet normal 0.632435 0.712659 -0.30355
    outer loop
      vertex 25.8992 7.76604 -12.4324
      vertex 26.1718 7.70711 -12.0028
      vertex 25.7345 7.70711 -12.9139
    endloop
  endfacet
  facet normal 0.591677 0.759151 -0.271309
    outer loop
      vertex 26.3195 7.76604 -11.5158
      vertex 26.1718 7.70711 -12.0028
      vertex 25.8992 7.76604 -12.4324
    endloop
  endfacet
  facet normal 0.642556 0.712802 -0.281131
    outer loop
      vertex 26.3195 7.76604 -11.5158
      vertex 26.5769 7.70711 -11.0769
      vertex 26.1718 7.70711 -12.0028
    endloop
  endfacet
  facet normal 0.600753 0.759213 -0.250384
    outer loop
      vertex 26.7074 7.76604 -10.5851
      vertex 26.5769 7.70711 -11.0769
      vertex 26.3195 7.76604 -11.5158
    endloop
  endfacet
  facet normal 0.65193 0.712888 -0.258413
    outer loop
      vertex 26.7074 7.76604 -10.5851
      vertex 26.9493 7.70711 -10.1374
      vertex 26.5769 7.70711 -11.0769
    endloop
  endfacet
  facet normal 0.609089 0.759274 -0.229159
    outer loop
      vertex 27.0625 7.76604 -9.64127
      vertex 26.9493 7.70711 -10.1374
      vertex 26.7074 7.76604 -10.5851
    endloop
  endfacet
  facet normal 0.660757 0.712726 -0.235419
    outer loop
      vertex 27.0625 7.76604 -9.64127
      vertex 27.2885 7.70711 -9.18536
      vertex 26.9493 7.70711 -10.1374
    endloop
  endfacet
  facet normal 0.616609 0.759432 -0.207498
    outer loop
      vertex 27.3841 7.76604 -8.68559
      vertex 27.2885 7.70711 -9.18536
      vertex 27.0625 7.76604 -9.64127
    endloop
  endfacet
  facet normal 0.668221 0.713143 -0.211912
    outer loop
      vertex 27.3841 7.76604 -8.68559
      vertex 27.594 7.70711 -8.22203
      vertex 27.2885 7.70711 -9.18536
    endloop
  endfacet
  facet normal 0.623633 0.759303 -0.185855
    outer loop
      vertex 27.6721 7.76604 -7.71921
      vertex 27.594 7.70711 -8.22203
      vertex 27.3841 7.76604 -8.68559
    endloop
  endfacet
  facet normal 0.675504 0.712863 -0.188469
    outer loop
      vertex 27.6721 7.76604 -7.71921
      vertex 27.8656 7.70711 -7.24857
      vertex 27.594 7.70711 -8.22203
    endloop
  endfacet
  facet normal 0.629524 0.759536 -0.16372
    outer loop
      vertex 27.9259 7.76604 -6.74332
      vertex 27.8656 7.70711 -7.24857
      vertex 27.6721 7.76604 -7.71921
    endloop
  endfacet
  facet normal 0.681315 0.713266 -0.164505
    outer loop
      vertex 27.9259 7.76604 -6.74332
      vertex 28.1028 7.70711 -6.26618
      vertex 27.8656 7.70711 -7.24857
    endloop
  endfacet
  facet normal 0.634949 0.759465 -0.141609
    outer loop
      vertex 28.1454 7.76604 -5.75912
      vertex 28.1028 7.70711 -6.26618
      vertex 27.9259 7.76604 -6.74332
    endloop
  endfacet
  facet normal 0.686987 0.712943 -0.140574
    outer loop
      vertex 28.1454 7.76604 -5.75912
      vertex 28.3054 7.70711 -5.27607
      vertex 28.1028 7.70711 -6.26618
    endloop
  endfacet
  facet normal 0.639707 0.759311 -0.119257
    outer loop
      vertex 28.3302 7.76604 -4.76783
      vertex 28.3054 7.70711 -5.27607
      vertex 28.1454 7.76604 -5.75912
    endloop
  endfacet
  facet normal 0.691706 0.712738 -0.116394
    outer loop
      vertex 28.3302 7.76604 -4.76783
      vertex 28.4731 7.70711 -4.27946
      vertex 28.3054 7.70711 -5.27607
    endloop
  endfacet
  facet normal 0.643509 0.759309 -0.0966712
    outer loop
      vertex 28.48 7.76604 -3.77066
      vertex 28.4731 7.70711 -4.27946
      vertex 28.3302 7.76604 -4.76783
    endloop
  endfacet
  facet normal 0.695144 0.712959 -0.0920031
    outer loop
      vertex 28.48 7.76604 -3.77066
      vertex 28.6057 7.70711 -3.27758
      vertex 28.4731 7.70711 -4.27946
    endloop
  endfacet
  facet normal 0.646587 0.759234 -0.074094
    outer loop
      vertex 28.5948 7.76604 -2.76885
      vertex 28.6057 7.70711 -3.27758
      vertex 28.48 7.76604 -3.77066
    endloop
  endfacet
  facet normal 0.698173 0.71273 -0.0676019
    outer loop
      vertex 28.7031 7.70711 -2.27166
      vertex 28.6057 7.70711 -3.27758
      vertex 28.5948 7.76604 -2.76885
    endloop
  endfacet
  facet normal 0.648963 0.759083 -0.0513887
    outer loop
      vertex 28.6744 7.76604 -1.76362
      vertex 28.7031 7.70711 -2.27166
      vertex 28.5948 7.76604 -2.76885
    endloop
  endfacet
  facet normal 0.700205 0.71264 -0.0431068
    outer loop
      vertex 28.7652 7.70711 -1.26294
      vertex 28.7031 7.70711 -2.27166
      vertex 28.6744 7.76604 -1.76362
    endloop
  endfacet
  facet normal 0.650087 0.759325 -0.028523
    outer loop
      vertex 28.7186 7.76604 -0.756227
      vertex 28.7652 7.70711 -1.26294
      vertex 28.6744 7.76604 -1.76362
    endloop
  endfacet
  facet normal 0.700945 0.712976 -0.0184555
    outer loop
      vertex 28.7918 7.70711 -0.252666
      vertex 28.7652 7.70711 -1.26294
      vertex 28.7186 7.76604 -0.756227
    endloop
  endfacet
  facet normal 0.650761 0.759261 -0.00574393
    outer loop
      vertex 28.7275 7.76604 0.252101
      vertex 28.7918 7.70711 -0.252666
      vertex 28.7186 7.76604 -0.756227
    endloop
  endfacet
  facet normal 0.701568 0.712576 0.00617855
    outer loop
      vertex 28.7829 7.70711 0.757919
      vertex 28.7918 7.70711 -0.252666
      vertex 28.7275 7.76604 0.252101
    endloop
  endfacet
  facet normal 0.650717 0.759126 0.0171714
    outer loop
      vertex 28.7829 7.70711 0.757919
      vertex 28.7275 7.76604 0.252101
      vertex 28.7009 7.76604 1.26012
    endloop
  endfacet
  facet normal 0.700593 0.712899 0.0307396
    outer loop
      vertex 28.7386 7.70711 1.76757
      vertex 28.7829 7.70711 0.757919
      vertex 28.7009 7.76604 1.26012
    endloop
  endfacet
  facet normal 0.649412 0.759387 0.0399406
    outer loop
      vertex 28.7386 7.70711 1.76757
      vertex 28.7009 7.76604 1.26012
      vertex 28.639 7.76604 2.26658
    endloop
  endfacet
  facet normal 0.698908 0.713071 0.0552894
    outer loop
      vertex 28.6589 7.70711 2.77505
      vertex 28.7386 7.70711 1.76757
      vertex 28.639 7.76604 2.26658
    endloop
  endfacet
  facet normal 0.647389 0.759576 0.0626955
    outer loop
      vertex 28.6589 7.70711 2.77505
      vertex 28.639 7.76604 2.26658
      vertex 28.5418 7.76604 3.27026
    endloop
  endfacet
  facet normal 0.69652 0.713081 0.079846
    outer loop
      vertex 28.5438 7.70711 3.7791
      vertex 28.6589 7.70711 2.77505
      vertex 28.5418 7.76604 3.27026
    endloop
  endfacet
  facet normal 0.645205 0.759222 0.0853914
    outer loop
      vertex 28.5438 7.70711 3.7791
      vertex 28.5418 7.76604 3.27026
      vertex 28.4095 7.76604 4.2699
    endloop
  endfacet
  facet normal 0.693727 0.712652 0.10426
    outer loop
      vertex 28.5438 7.70711 3.7791
      vertex 28.4095 7.76604 4.2699
      vertex 28.3936 7.70711 4.7785
    endloop
  endfacet
  facet normal 0.641752 0.759265 0.108036
    outer loop
      vertex 28.3936 7.70711 4.7785
      vertex 28.4095 7.76604 4.2699
      vertex 28.2421 7.76604 5.26428
    endloop
  endfacet
  facet normal 0.689355 0.712936 0.128502
    outer loop
      vertex 28.3936 7.70711 4.7785
      vertex 28.2421 7.76604 5.26428
      vertex 28.2084 7.70711 5.77201
    endloop
  endfacet
  facet normal 0.637621 0.759227 0.130441
    outer loop
      vertex 28.2084 7.70711 5.77201
      vertex 28.2421 7.76604 5.26428
      vertex 28.04 7.76604 6.25218
    endloop
  endfacet
  facet normal 0.684597 0.712766 0.152618
    outer loop
      vertex 28.2084 7.70711 5.77201
      vertex 28.04 7.76604 6.25218
      vertex 27.9885 7.70711 6.75841
    endloop
  endfacet
  facet normal 0.632519 0.759335 0.152742
    outer loop
      vertex 27.9885 7.70711 6.75841
      vertex 28.04 7.76604 6.25218
      vertex 27.8033 7.76604 7.23238
    endloop
  endfacet
  facet normal 0.678841 0.712723 0.176637
    outer loop
      vertex 27.9885 7.70711 6.75841
      vertex 27.8033 7.76604 7.23238
      vertex 27.734 7.70711 7.73649
    endloop
  endfacet
  facet normal 0.627242 0.758922 0.174944
    outer loop
      vertex 27.734 7.70711 7.73649
      vertex 27.8033 7.76604 7.23238
      vertex 27.5324 7.76604 8.20366
    endloop
  endfacet
  facet normal 0.67244 0.712533 0.2003
    outer loop
      vertex 27.734 7.70711 7.73649
      vertex 27.5324 7.76604 8.20366
      vertex 27.4455 7.70711 8.70503
    endloop
  endfacet
  facet normal 0.62026 0.759318 0.196755
    outer loop
      vertex 27.4455 7.70711 8.70503
      vertex 27.5324 7.76604 8.20366
      vertex 27.2275 7.76604 9.16484
    endloop
  endfacet
  facet normal 0.664526 0.713004 0.223678
    outer loop
      vertex 27.4455 7.70711 8.70503
      vertex 27.2275 7.76604 9.16484
      vertex 27.1231 7.70711 9.66285
    endloop
  endfacet
  facet normal 0.612864 0.759424 0.218341
    outer loop
      vertex 27.1231 7.70711 9.66285
      vertex 27.2275 7.76604 9.16484
      vertex 26.8891 7.76604 10.1147
    endloop
  endfacet
  facet normal 0.656398 0.712848 0.24696
    outer loop
      vertex 27.1231 7.70711 9.66285
      vertex 26.8891 7.76604 10.1147
      vertex 26.7672 7.70711 10.6088
    endloop
  endfacet
  facet normal 0.605292 0.759006 0.239857
    outer loop
      vertex 26.7672 7.70711 10.6088
      vertex 26.8891 7.76604 10.1147
      vertex 26.5176 7.76604 11.0522
    endloop
  endfacet
  facet normal 0.647881 0.712269 0.270043
    outer loop
      vertex 26.7672 7.70711 10.6088
      vertex 26.5176 7.76604 11.0522
      vertex 26.3784 7.70711 11.5416
    endloop
  endfacet
  facet normal 0.596733 0.758775 0.261095
    outer loop
      vertex 26.3784 7.70711 11.5416
      vertex 26.5176 7.76604 11.0522
      vertex 26.1134 7.76604 11.976
    endloop
  endfacet
  facet normal 0.638102 0.712166 0.292654
    outer loop
      vertex 26.3784 7.70711 11.5416
      vertex 26.1134 7.76604 11.976
      vertex 25.9571 7.70711 12.4602
    endloop
  endfacet
  facet normal 0.587152 0.75881 0.281885
    outer loop
      vertex 25.9571 7.70711 12.4602
      vertex 26.1134 7.76604 11.976
      vertex 25.677 7.76604 12.885
    endloop
  endfacet
  facet normal 0.627056 0.712619 0.314604
    outer loop
      vertex 25.9571 7.70711 12.4602
      vertex 25.677 7.76604 12.885
      vertex 25.5039 7.70711 13.3635
    endloop
  endfacet
  facet normal 0.576469 0.759244 0.302046
    outer loop
      vertex 25.5039 7.70711 13.3635
      vertex 25.677 7.76604 12.885
      vertex 25.209 7.76604 13.7782
    endloop
  endfacet
  facet normal 0.615512 0.712717 0.336421
    outer loop
      vertex 25.5039 7.70711 13.3635
      vertex 25.209 7.76604 13.7782
      vertex 25.0192 7.70711 14.2503
    endloop
  endfacet
  facet normal 0.565608 0.759147 0.322154
    outer loop
      vertex 25.0192 7.70711 14.2503
      vertex 25.209 7.76604 13.7782
      vertex 24.7096 7.76604 14.655
    endloop
  endfacet
  facet normal 0.603353 0.712706 0.357792
    outer loop
      vertex 25.0192 7.70711 14.2503
      vertex 24.7096 7.76604 14.655
      vertex 24.5037 7.70711 15.1196
    endloop
  endfacet
  facet normal 0.553821 0.759271 0.341747
    outer loop
      vertex 24.5037 7.70711 15.1196
      vertex 24.7096 7.76604 14.655
      vertex 24.1804 7.76604 15.5126
    endloop
  endfacet
  facet normal 0.590439 0.712632 0.378864
    outer loop
      vertex 24.5037 7.70711 15.1196
      vertex 24.1804 7.76604 15.5126
      vertex 23.9579 7.70711 15.9702
    endloop
  endfacet
  facet normal 0.5418 0.758948 0.361179
    outer loop
      vertex 23.9579 7.70711 15.9702
      vertex 24.1804 7.76604 15.5126
      vertex 23.6211 7.76604 16.3516
    endloop
  endfacet
  facet normal 0.576834 0.712632 0.399272
    outer loop
      vertex 23.9579 7.70711 15.9702
      vertex 23.6211 7.76604 16.3516
      vertex 23.3827 7.70711 16.8012
    endloop
  endfacet
  facet normal 0.528545 0.759218 0.379773
    outer loop
      vertex 23.3827 7.70711 16.8012
      vertex 23.6211 7.76604 16.3516
      vertex 23.0327 7.76604 17.1705
    endloop
  endfacet
  facet normal 0.562357 0.712739 0.419234
    outer loop
      vertex 23.3827 7.70711 16.8012
      vertex 23.0327 7.76604 17.1705
      vertex 22.7787 7.70711 17.6114
    endloop
  endfacet
  facet normal 0.514814 0.759283 0.398066
    outer loop
      vertex 22.7787 7.70711 17.6114
      vertex 23.0327 7.76604 17.1705
      vertex 22.4159 7.76604 17.9682
    endloop
  endfacet
  facet normal 0.547072 0.713041 0.438504
    outer loop
      vertex 22.7787 7.70711 17.6114
      vertex 22.4159 7.76604 17.9682
      vertex 22.1466 7.70711 18.4
    endloop
  endfacet
  facet normal 0.500333 0.759515 0.415697
    outer loop
      vertex 22.1466 7.70711 18.4
      vertex 22.4159 7.76604 17.9682
      vertex 21.7715 7.76604 18.7438
    endloop
  endfacet
  facet normal 0.531254 0.713142 0.457382
    outer loop
      vertex 22.1466 7.70711 18.4
      vertex 21.7715 7.76604 18.7438
      vertex 21.4872 7.70711 19.1659
    endloop
  endfacet
  facet normal 0.485456 0.759498 0.433007
    outer loop
      vertex 21.4872 7.70711 19.1659
      vertex 21.7715 7.76604 18.7438
      vertex 21.1003 7.76604 19.4963
    endloop
  endfacet
  facet normal 0.514923 0.713074 0.475794
    outer loop
      vertex 21.4872 7.70711 19.1659
      vertex 21.1003 7.76604 19.4963
      vertex 20.8014 7.70711 19.9081
    endloop
  endfacet
  facet normal 0.470045 0.759403 0.44985
    outer loop
      vertex 20.8014 7.70711 19.9081
      vertex 21.1003 7.76604 19.4963
      vertex 20.4031 7.76604 20.2248
    endloop
  endfacet
  facet normal 0.497966 0.713018 0.493595
    outer loop
      vertex 20.8014 7.70711 19.9081
      vertex 20.4031 7.76604 20.2248
      vertex 20.0899 7.70711 20.6259
    endloop
  endfacet
  facet normal 0.454025 0.759355 0.466092
    outer loop
      vertex 20.0899 7.70711 20.6259
      vertex 20.4031 7.76604 20.2248
      vertex 19.6808 7.76604 20.9284
    endloop
  endfacet
  facet normal 0.480493 0.712773 0.510962
    outer loop
      vertex 20.0899 7.70711 20.6259
      vertex 19.6808 7.76604 20.9284
      vertex 19.3537 7.70711 21.3182
    endloop
  endfacet
  facet normal 0.437483 0.759204 0.48189
    outer loop
      vertex 19.3537 7.70711 21.3182
      vertex 19.6808 7.76604 20.9284
      vertex 18.9342 7.76604 21.6062
    endloop
  endfacet
  facet normal 0.462287 0.712747 0.527525
    outer loop
      vertex 19.3537 7.70711 21.3182
      vertex 18.9342 7.76604 21.6062
      vertex 18.5936 7.70711 21.9843
    endloop
  endfacet
  facet normal 0.420225 0.759284 0.496888
    outer loop
      vertex 18.5936 7.70711 21.9843
      vertex 18.9342 7.76604 21.6062
      vertex 18.1642 7.76604 22.2574
    endloop
  endfacet
  facet normal 0.443374 0.712921 0.543289
    outer loop
      vertex 18.5936 7.70711 21.9843
      vertex 18.1642 7.76604 22.2574
      vertex 17.8106 7.70711 22.6233
    endloop
  endfacet
  facet normal 0.402418 0.75943 0.5112
    outer loop
      vertex 17.8106 7.70711 22.6233
      vertex 18.1642 7.76604 22.2574
      vertex 17.3719 7.76604 22.8811
    endloop
  endfacet
  facet normal 0.423894 0.713154 0.558324
    outer loop
      vertex 17.8106 7.70711 22.6233
      vertex 17.3719 7.76604 22.8811
      vertex 17.0057 7.70711 23.2344
    endloop
  endfacet
  facet normal 0.384249 0.759456 0.524956
    outer loop
      vertex 17.0057 7.70711 23.2344
      vertex 17.3719 7.76604 22.8811
      vertex 16.5582 7.76604 23.4767
    endloop
  endfacet
  facet normal 0.404157 0.712943 0.573036
    outer loop
      vertex 17.0057 7.70711 23.2344
      vertex 16.5582 7.76604 23.4767
      vertex 16.1798 7.70711 23.8169
    endloop
  endfacet
  facet normal 0.365584 0.759414 0.538181
    outer loop
      vertex 16.1798 7.70711 23.8169
      vertex 16.5582 7.76604 23.4767
      vertex 15.7241 7.76604 24.0433
    endloop
  endfacet
  facet normal 0.383752 0.712994 0.586833
    outer loop
      vertex 16.1798 7.70711 23.8169
      vertex 15.7241 7.76604 24.0433
      vertex 15.334 7.70711 24.37
    endloop
  endfacet
  facet normal 0.346769 0.759059 0.550982
    outer loop
      vertex 15.334 7.70711 24.37
      vertex 15.7241 7.76604 24.0433
      vertex 14.8707 7.76604 24.5804
    endloop
  endfacet
  facet normal 0.363277 0.712431 0.600393
    outer loop
      vertex 15.334 7.70711 24.37
      vertex 14.8707 7.76604 24.5804
      vertex 14.4693 7.70711 24.8932
    endloop
  endfacet
  facet normal 0.327068 0.75918 0.562736
    outer loop
      vertex 14.4693 7.70711 24.8932
      vertex 14.8707 7.76604 24.5804
      vertex 13.9989 7.76604 25.0871
    endloop
  endfacet
  facet normal 0.341784 0.712709 0.61256
    outer loop
      vertex 14.4693 7.70711 24.8932
      vertex 13.9989 7.76604 25.0871
      vertex 13.5868 7.70711 25.3856
    endloop
  endfacet
  facet normal 0.307092 0.759208 0.573845
    outer loop
      vertex 13.5868 7.70711 25.3856
      vertex 13.9989 7.76604 25.0871
      vertex 13.1098 7.76604 25.5629
    endloop
  endfacet
  facet normal 0.320011 0.712899 0.623993
    outer loop
      vertex 13.5868 7.70711 25.3856
      vertex 13.1098 7.76604 25.5629
      vertex 12.6875 7.70711 25.8468
    endloop
  endfacet
  facet normal 0.286912 0.759092 0.584347
    outer loop
      vertex 12.6875 7.70711 25.8468
      vertex 13.1098 7.76604 25.5629
      vertex 12.2047 7.76604 26.0073
    endloop
  endfacet
  facet normal 0.298189 0.71221 0.635484
    outer loop
      vertex 12.6875 7.70711 25.8468
      vertex 12.2047 7.76604 26.0073
      vertex 11.7726 7.70711 26.2761
    endloop
  endfacet
  facet normal 0.26632 0.758746 0.594456
    outer loop
      vertex 11.7726 7.70711 26.2761
      vertex 12.2047 7.76604 26.0073
      vertex 11.2844 7.76604 26.4196
    endloop
  endfacet
  facet normal 0.2757 0.712328 0.645429
    outer loop
      vertex 11.7726 7.70711 26.2761
      vertex 11.2844 7.76604 26.4196
      vertex 10.8432 7.70711 26.6731
    endloop
  endfacet
  facet normal 0.245174 0.75901 0.603153
    outer loop
      vertex 10.8432 7.70711 26.6731
      vertex 11.2844 7.76604 26.4196
      vertex 10.3503 7.76604 26.7993
    endloop
  endfacet
  facet normal 0.252757 0.71263 0.654425
    outer loop
      vertex 10.8432 7.70711 26.6731
      vertex 10.3503 7.76604 26.7993
      vertex 9.90049 7.70711 27.0372
    endloop
  endfacet
  facet normal 0.223783 0.759198 0.611178
    outer loop
      vertex 9.90049 7.70711 27.0372
      vertex 10.3503 7.76604 26.7993
      vertex 9.40342 7.76604 27.146
    endloop
  endfacet
  facet normal 0.229563 0.712831 0.662701
    outer loop
      vertex 9.90049 7.70711 27.0372
      vertex 9.40342 7.76604 27.146
      vertex 8.94554 7.70711 27.368
    endloop
  endfacet
  facet normal 0.202201 0.759252 0.618588
    outer loop
      vertex 8.94554 7.70711 27.368
      vertex 9.40342 7.76604 27.146
      vertex 8.44495 7.76604 27.4593
    endloop
  endfacet
  facet normal 0.206176 0.71283 0.670347
    outer loop
      vertex 8.94554 7.70711 27.368
      vertex 8.44495 7.76604 27.4593
      vertex 7.97957 7.70711 27.6651
    endloop
  endfacet
  facet normal 0.180397 0.759219 0.625334
    outer loop
      vertex 7.97957 7.70711 27.6651
      vertex 8.44495 7.76604 27.4593
      vertex 7.47608 7.76604 27.7388
    endloop
  endfacet
  facet normal 0.18256 0.712646 0.677353
    outer loop
      vertex 7.97957 7.70711 27.6651
      vertex 7.47608 7.76604 27.7388
      vertex 7.00376 7.70711 27.9281
    endloop
  endfacet
  facet normal 0.158237 0.759313 0.631193
    outer loop
      vertex 7.00376 7.70711 27.9281
      vertex 7.47608 7.76604 27.7388
      vertex 6.498 7.76604 27.984
    endloop
  endfacet
  facet normal 0.158567 0.713149 0.682844
    outer loop
      vertex 7.00376 7.70711 27.9281
      vertex 6.498 7.76604 27.984
      vertex 6.01933 7.70711 28.1567
    endloop
  endfacet
  facet normal 0.13609 0.759339 0.636305
    outer loop
      vertex 6.01933 7.70711 28.1567
      vertex 6.498 7.76604 27.984
      vertex 5.51191 7.76604 28.1949
    endloop
  endfacet
  facet normal 0.134596 0.712644 0.688493
    outer loop
      vertex 6.01933 7.70711 28.1567
      vertex 5.51191 7.76604 28.1949
      vertex 5.02748 7.70711 28.3506
    endloop
  endfacet
  facet normal 0.113587 0.759278 0.640777
    outer loop
      vertex 5.02748 7.70711 28.3506
      vertex 5.51191 7.76604 28.1949
      vertex 4.51904 7.76604 28.3709
    endloop
  endfacet
  facet normal 0.110273 0.712828 0.692615
    outer loop
      vertex 5.02748 7.70711 28.3506
      vertex 4.51904 7.76604 28.3709
      vertex 4.02944 7.70711 28.5095
    endloop
  endfacet
  facet normal 0.091083 0.759143 0.64452
    outer loop
      vertex 4.02944 7.70711 28.5095
      vertex 4.51904 7.76604 28.3709
      vertex 3.52059 7.76604 28.512
    endloop
  endfacet
  facet normal 0.0859767 0.712867 0.696009
    outer loop
      vertex 4.02944 7.70711 28.5095
      vertex 3.52059 7.76604 28.512
      vertex 3.02643 7.70711 28.6334
    endloop
  endfacet
  facet normal 0.0683946 0.759394 0.647026
    outer loop
      vertex 3.02643 7.70711 28.6334
      vertex 3.52059 7.76604 28.512
      vertex 2.51781 7.76604 28.618
    endloop
  endfacet
  facet normal 0.0614667 0.713033 0.698431
    outer loop
      vertex 3.02643 7.70711 28.6334
      vertex 2.51781 7.76604 28.618
      vertex 2.01969 7.70711 28.722
    endloop
  endfacet
  facet normal 0.045687 0.759338 0.64909
    outer loop
      vertex 2.01969 7.70711 28.722
      vertex 2.51781 7.76604 28.618
      vertex 1.51193 7.76604 28.6888
    endloop
  endfacet
  facet normal 0.036923 0.712755 0.700441
    outer loop
      vertex 2.01969 7.70711 28.722
      vertex 1.51193 7.76604 28.6888
      vertex 1.01047 7.70711 28.7752
    endloop
  endfacet
  facet normal 0.0227746 0.759447 0.650171
    outer loop
      vertex 1.01047 7.70711 28.7752
      vertex 1.51193 7.76604 28.6888
      vertex 0.504183 7.76604 28.7241
    endloop
  endfacet
  facet normal -0.00151696 0.996384 0.0849541
    outer loop
      vertex -0.49595 7.98481 28.2551
      vertex 0 8 28.0858
      vertex -1.00245 8 28.0679
    endloop
  endfacet
  facet normal 0 0.995999 0.0893634
    outer loop
      vertex 0.49595 7.98481 28.2551
      vertex 0 8 28.0858
      vertex -0.49595 7.98481 28.2551
    endloop
  endfacet
  facet normal 0.00151696 0.996384 0.0849541
    outer loop
      vertex 0.49595 7.98481 28.2551
      vertex 1.00245 8 28.0679
      vertex 0 8 28.0858
    endloop
  endfacet
  facet normal 0.00313497 0.996 0.0893007
    outer loop
      vertex 1.48724 7.98481 28.2203
      vertex 1.00245 8 28.0679
      vertex 0.49595 7.98481 28.2551
    endloop
  endfacet
  facet normal 0.0045504 0.996384 0.0848366
    outer loop
      vertex 1.48724 7.98481 28.2203
      vertex 2.00362 8 28.0142
      vertex 1.00245 8 28.0679
    endloop
  endfacet
  facet normal 0.0062683 0.996002 0.0891125
    outer loop
      vertex 2.4767 7.98481 28.1507
      vertex 2.00362 8 28.0142
      vertex 1.48724 7.98481 28.2203
    endloop
  endfacet
  facet normal 0.00756938 0.996382 0.0846456
    outer loop
      vertex 2.4767 7.98481 28.1507
      vertex 3.00223 8 27.9249
      vertex 2.00362 8 28.0142
    endloop
  endfacet
  facet normal 0.0093974 0.995999 0.0888744
    outer loop
      vertex 3.4631 7.98481 28.0464
      vertex 3.00223 8 27.9249
      vertex 2.4767 7.98481 28.1507
    endloop
  endfacet
  facet normal 0.0106002 0.996379 0.0843596
    outer loop
      vertex 3.4631 7.98481 28.0464
      vertex 3.99702 8 27.7999
      vertex 3.00223 8 27.9249
    endloop
  endfacet
  facet normal 0.0125004 0.996002 0.0884524
    outer loop
      vertex 4.44524 7.98481 27.9076
      vertex 3.99702 8 27.7999
      vertex 3.4631 7.98481 28.0464
    endloop
  endfacet
  facet normal 0.0136014 0.996379 0.0839236
    outer loop
      vertex 4.44524 7.98481 27.9076
      vertex 4.98672 8 27.6395
      vertex 3.99702 8 27.7999
    endloop
  endfacet
  facet normal 0.0155922 0.996005 0.0879231
    outer loop
      vertex 5.4219 7.98481 27.7344
      vertex 4.98672 8 27.6395
      vertex 4.44524 7.98481 27.9076
    endloop
  endfacet
  facet normal 0.0165904 0.996378 0.0834051
    outer loop
      vertex 5.4219 7.98481 27.7344
      vertex 5.97006 8 27.4439
      vertex 4.98672 8 27.6395
    endloop
  endfacet
  facet normal 0.0186521 0.99601 0.0872761
    outer loop
      vertex 6.39189 7.98481 27.5271
      vertex 5.97006 8 27.4439
      vertex 5.4219 7.98481 27.7344
    endloop
  endfacet
  facet normal 0.0195535 0.996377 0.0827729
    outer loop
      vertex 6.39189 7.98481 27.5271
      vertex 6.9458 8 27.2134
      vertex 5.97006 8 27.4439
    endloop
  endfacet
  facet normal 0.0217108 0.99601 0.0865643
    outer loop
      vertex 7.35399 7.98481 27.2858
      vertex 6.9458 8 27.2134
      vertex 6.39189 7.98481 27.5271
    endloop
  endfacet
  facet normal 0.0225205 0.996372 0.0820754
    outer loop
      vertex 7.35399 7.98481 27.2858
      vertex 7.91268 8 26.9481
      vertex 6.9458 8 27.2134
    endloop
  endfacet
  facet normal 0.0247181 0.996015 0.085695
    outer loop
      vertex 8.30704 7.98481 27.0109
      vertex 7.91268 8 26.9481
      vertex 7.35399 7.98481 27.2858
    endloop
  endfacet
  facet normal 0.0254402 0.996369 0.0812458
    outer loop
      vertex 8.30704 7.98481 27.0109
      vertex 8.86948 8 26.6485
      vertex 7.91268 8 26.9481
    endloop
  endfacet
  facet normal 0.0277004 0.996018 0.0847387
    outer loop
      vertex 9.24986 7.98481 26.7027
      vertex 8.86948 8 26.6485
      vertex 8.30704 7.98481 27.0109
    endloop
  endfacet
  facet normal 0.0283401 0.996364 0.0803464
    outer loop
      vertex 9.24986 7.98481 26.7027
      vertex 9.81498 8 26.315
      vertex 8.86948 8 26.6485
    endloop
  endfacet
  facet normal 0.0306341 0.996022 0.0836768
    outer loop
      vertex 10.1813 7.98481 26.3617
      vertex 9.81498 8 26.315
      vertex 9.24986 7.98481 26.7027
    endloop
  endfacet
  facet normal 0.0312048 0.996361 0.0793101
    outer loop
      vertex 10.1813 7.98481 26.3617
      vertex 10.748 8 25.9479
      vertex 9.81498 8 26.315
    endloop
  endfacet
  facet normal 0.0335413 0.996027 0.0824976
    outer loop
      vertex 11.1002 7.98481 25.9881
      vertex 10.748 8 25.9479
      vertex 10.1813 7.98481 26.3617
    endloop
  endfacet
  facet normal 0.0340454 0.996356 0.0782057
    outer loop
      vertex 11.1002 7.98481 25.9881
      vertex 11.6673 8 25.5477
      vertex 10.748 8 25.9479
    endloop
  endfacet
  facet normal 0.0363784 0.996034 0.0811988
    outer loop
      vertex 12.0053 7.98481 25.5826
      vertex 11.6673 8 25.5477
      vertex 11.1002 7.98481 25.9881
    endloop
  endfacet
  facet normal 0.0368287 0.996352 0.0769768
    outer loop
      vertex 12.0053 7.98481 25.5826
      vertex 12.5717 8 25.115
      vertex 11.6673 8 25.5477
    endloop
  endfacet
  facet normal 0.0391724 0.99604 0.0798056
    outer loop
      vertex 12.8958 7.98481 25.1455
      vertex 12.5717 8 25.115
      vertex 12.0053 7.98481 25.5826
    endloop
  endfacet
  facet normal 0.0395768 0.996348 0.0756618
    outer loop
      vertex 12.8958 7.98481 25.1455
      vertex 13.4601 8 24.6503
      vertex 12.5717 8 25.115
    endloop
  endfacet
  facet normal 0.0419311 0.996045 0.0783353
    outer loop
      vertex 13.7703 7.98481 24.6774
      vertex 13.4601 8 24.6503
      vertex 12.8958 7.98481 25.1455
    endloop
  endfacet
  facet normal 0.0422996 0.99634 0.0742823
    outer loop
      vertex 13.7703 7.98481 24.6774
      vertex 14.3313 8 24.1542
      vertex 13.4601 8 24.6503
    endloop
  endfacet
  facet normal 0.0446092 0.996052 0.0767503
    outer loop
      vertex 14.6278 7.98481 24.179
      vertex 14.3313 8 24.1542
      vertex 13.7703 7.98481 24.6774
    endloop
  endfacet
  facet normal 0.0449558 0.996334 0.0727791
    outer loop
      vertex 14.6278 7.98481 24.179
      vertex 15.1843 8 23.6273
      vertex 14.3313 8 24.1542
    endloop
  endfacet
  facet normal 0.0472391 0.996058 0.0750746
    outer loop
      vertex 15.4674 7.98481 23.6507
      vertex 15.1843 8 23.6273
      vertex 14.6278 7.98481 24.179
    endloop
  endfacet
  facet normal 0.0475742 0.996327 0.0711948
    outer loop
      vertex 15.4674 7.98481 23.6507
      vertex 16.018 8 23.0702
      vertex 15.1843 8 23.6273
    endloop
  endfacet
  facet normal 0.0498034 0.996065 0.0733023
    outer loop
      vertex 16.2878 7.98481 23.0933
      vertex 16.018 8 23.0702
      vertex 15.4674 7.98481 23.6507
    endloop
  endfacet
  facet normal 0.0501404 0.996319 0.069533
    outer loop
      vertex 16.2878 7.98481 23.0933
      vertex 16.8312 8 22.4838
      vertex 16.018 8 23.0702
    endloop
  endfacet
  facet normal 0.0522664 0.996076 0.0714224
    outer loop
      vertex 17.0883 7.98481 22.5075
      vertex 16.8312 8 22.4838
      vertex 16.2878 7.98481 23.0933
    endloop
  endfacet
  facet normal 0.0526193 0.996314 0.0677463
    outer loop
      vertex 17.0883 7.98481 22.5075
      vertex 17.623 8 21.8688
      vertex 16.8312 8 22.4838
    endloop
  endfacet
  facet normal 0.0547257 0.996079 0.0695041
    outer loop
      vertex 17.8676 7.98481 21.8939
      vertex 17.623 8 21.8688
      vertex 17.0883 7.98481 22.5075
    endloop
  endfacet
  facet normal 0.0551062 0.996301 0.0659303
    outer loop
      vertex 17.8676 7.98481 21.8939
      vertex 18.3923 8 21.2258
      vertex 17.623 8 21.8688
    endloop
  endfacet
  facet normal 0.0570242 0.996093 0.0674319
    outer loop
      vertex 18.625 7.98481 21.2534
      vertex 18.3923 8 21.2258
      vertex 17.8676 7.98481 21.8939
    endloop
  endfacet
  facet normal 0.0574496 0.996298 0.0639577
    outer loop
      vertex 18.625 7.98481 21.2534
      vertex 19.1382 8 20.5558
      vertex 18.3923 8 21.2258
    endloop
  endfacet
  facet normal 0.0592812 0.996103 0.0653009
    outer loop
      vertex 19.3594 7.98481 20.5867
      vertex 19.1382 8 20.5558
      vertex 18.625 7.98481 21.2534
    endloop
  endfacet
  facet normal 0.0597651 0.99629 0.0619284
    outer loop
      vertex 19.3594 7.98481 20.5867
      vertex 19.8596 8 19.8596
      vertex 19.1382 8 20.5558
    endloop
  endfacet
  facet normal 0.0614505 0.996115 0.0630842
    outer loop
      vertex 20.0699 7.98481 19.8946
      vertex 19.8596 8 19.8596
      vertex 19.3594 7.98481 20.5867
    endloop
  endfacet
  facet normal 0.0620029 0.996281 0.059837
    outer loop
      vertex 20.0699 7.98481 19.8946
      vertex 20.5558 8 19.1382
      vertex 19.8596 8 19.8596
    endloop
  endfacet
  facet normal 0.0635787 0.99612 0.0608461
    outer loop
      vertex 20.7557 7.98481 19.178
      vertex 20.5558 8 19.1382
      vertex 20.0699 7.98481 19.8946
    endloop
  endfacet
  facet normal 0.0642194 0.996267 0.0576846
    outer loop
      vertex 20.7557 7.98481 19.178
      vertex 21.2258 8 18.3923
      vertex 20.5558 8 19.1382
    endloop
  endfacet
  facet normal 0.06559 0.99613 0.0585021
    outer loop
      vertex 21.416 7.98481 18.4377
      vertex 21.2258 8 18.3923
      vertex 20.7557 7.98481 19.178
    endloop
  endfacet
  facet normal 0.0663308 0.996256 0.0554409
    outer loop
      vertex 21.416 7.98481 18.4377
      vertex 21.8688 8 17.623
      vertex 21.2258 8 18.3923
    endloop
  endfacet
  facet normal 0.0675083 0.996141 0.0560932
    outer loop
      vertex 22.0499 7.98481 17.6748
      vertex 21.8688 8 17.623
      vertex 21.416 7.98481 18.4377
    endloop
  endfacet
  facet normal 0.0683718 0.996246 0.0531051
    outer loop
      vertex 22.0499 7.98481 17.6748
      vertex 22.4838 8 16.8312
      vertex 21.8688 8 17.623
    endloop
  endfacet
  facet normal 0.0693032 0.996156 0.0535826
    outer loop
      vertex 22.6566 7.98481 16.8901
      vertex 22.4838 8 16.8312
      vertex 22.0499 7.98481 17.6748
    endloop
  endfacet
  facet normal 0.0702961 0.996237 0.0506906
    outer loop
      vertex 22.6566 7.98481 16.8901
      vertex 23.0702 8 16.018
      vertex 22.4838 8 16.8312
    endloop
  endfacet
  facet normal 0.0710226 0.996168 0.051034
    outer loop
      vertex 23.2354 7.98481 16.0846
      vertex 23.0702 8 16.018
      vertex 22.6566 7.98481 16.8901
    endloop
  endfacet
  facet normal 0.0721622 0.996227 0.0482206
    outer loop
      vertex 23.2354 7.98481 16.0846
      vertex 23.6273 8 15.1843
      vertex 23.0702 8 16.018
    endloop
  endfacet
  facet normal 0.0727082 0.996175 0.0484575
    outer loop
      vertex 23.7855 7.98481 15.2592
      vertex 23.6273 8 15.1843
      vertex 23.2354 7.98481 16.0846
    endloop
  endfacet
  facet normal 0.0740095 0.996209 0.0457158
    outer loop
      vertex 23.7855 7.98481 15.2592
      vertex 24.1542 8 14.3313
      vertex 23.6273 8 15.1843
    endloop
  endfacet
  facet normal 0.0741508 0.996196 0.0457717
    outer loop
      vertex 24.3042 7.98481 14.4189
      vertex 24.1542 8 14.3313
      vertex 23.7855 7.98481 15.2592
    endloop
  endfacet
  facet normal 0.0757003 0.996198 0.0431187
    outer loop
      vertex 24.3042 7.98481 14.4189
      vertex 24.7973 7.98481 13.5532
      vertex 24.1542 8 14.3313
    endloop
  endfacet
  facet normal 0.224991 0.965896 0.128154
    outer loop
      vertex 24.4496 7.93969 14.5037
      vertex 24.7973 7.98481 13.5532
      vertex 24.3042 7.98481 14.4189
    endloop
  endfacet
  facet normal 0.224914 0.965918 0.128127
    outer loop
      vertex 24.9451 7.93969 13.6339
      vertex 24.7973 7.98481 13.5532
      vertex 24.4496 7.93969 14.5037
    endloop
  endfacet
  facet normal 0.367269 0.906278 0.209223
    outer loop
      vertex 24.5861 7.86602 14.5832
      vertex 24.9451 7.93969 13.6339
      vertex 24.4496 7.93969 14.5037
    endloop
  endfacet
  facet normal 0.367284 0.906271 0.209228
    outer loop
      vertex 25.0837 7.86602 13.7097
      vertex 24.9451 7.93969 13.6339
      vertex 24.5861 7.86602 14.5832
    endloop
  endfacet
  facet normal 0.498235 0.819271 0.283826
    outer loop
      vertex 24.7096 7.76604 14.655
      vertex 25.0837 7.86602 13.7097
      vertex 24.5861 7.86602 14.5832
    endloop
  endfacet
  facet normal 0.498417 0.81914 0.283884
    outer loop
      vertex 25.209 7.76604 13.7782
      vertex 25.0837 7.86602 13.7097
      vertex 24.7096 7.76604 14.655
    endloop
  endfacet
  facet normal -0.00313497 0.996 0.0893007
    outer loop
      vertex -0.49595 7.98481 28.2551
      vertex -1.00245 8 28.0679
      vertex -1.48724 7.98481 28.2203
    endloop
  endfacet
  facet normal -0.0045504 0.996384 0.0848366
    outer loop
      vertex -1.48724 7.98481 28.2203
      vertex -1.00245 8 28.0679
      vertex -2.00362 8 28.0142
    endloop
  endfacet
  facet normal -0.0062683 0.996002 0.0891125
    outer loop
      vertex -1.48724 7.98481 28.2203
      vertex -2.00362 8 28.0142
      vertex -2.4767 7.98481 28.1507
    endloop
  endfacet
  facet normal -0.00756938 0.996382 0.0846456
    outer loop
      vertex -2.4767 7.98481 28.1507
      vertex -2.00362 8 28.0142
      vertex -3.00223 8 27.9249
    endloop
  endfacet
  facet normal -0.0093974 0.995999 0.0888744
    outer loop
      vertex -2.4767 7.98481 28.1507
      vertex -3.00223 8 27.9249
      vertex -3.4631 7.98481 28.0464
    endloop
  endfacet
  facet normal -0.0106002 0.996379 0.0843596
    outer loop
      vertex -3.4631 7.98481 28.0464
      vertex -3.00223 8 27.9249
      vertex -3.99702 8 27.7999
    endloop
  endfacet
  facet normal -0.0125004 0.996002 0.0884524
    outer loop
      vertex -3.4631 7.98481 28.0464
      vertex -3.99702 8 27.7999
      vertex -4.44524 7.98481 27.9076
    endloop
  endfacet
  facet normal -0.0136014 0.996379 0.0839236
    outer loop
      vertex -4.44524 7.98481 27.9076
      vertex -3.99702 8 27.7999
      vertex -4.98672 8 27.6395
    endloop
  endfacet
  facet normal -0.0155922 0.996005 0.0879231
    outer loop
      vertex -4.44524 7.98481 27.9076
      vertex -4.98672 8 27.6395
      vertex -5.4219 7.98481 27.7344
    endloop
  endfacet
  facet normal -0.0165904 0.996378 0.0834051
    outer loop
      vertex -5.4219 7.98481 27.7344
      vertex -4.98672 8 27.6395
      vertex -5.97006 8 27.4439
    endloop
  endfacet
  facet normal -0.0186521 0.99601 0.0872761
    outer loop
      vertex -5.4219 7.98481 27.7344
      vertex -5.97006 8 27.4439
      vertex -6.39189 7.98481 27.5271
    endloop
  endfacet
  facet normal -0.0195535 0.996377 0.0827729
    outer loop
      vertex -6.39189 7.98481 27.5271
      vertex -5.97006 8 27.4439
      vertex -6.9458 8 27.2134
    endloop
  endfacet
  facet normal -0.0217108 0.99601 0.0865643
    outer loop
      vertex -6.39189 7.98481 27.5271
      vertex -6.9458 8 27.2134
      vertex -7.35399 7.98481 27.2858
    endloop
  endfacet
  facet normal -0.0225205 0.996372 0.0820754
    outer loop
      vertex -7.35399 7.98481 27.2858
      vertex -6.9458 8 27.2134
      vertex -7.91268 8 26.9481
    endloop
  endfacet
  facet normal -0.0247181 0.996015 0.085695
    outer loop
      vertex -7.35399 7.98481 27.2858
      vertex -7.91268 8 26.9481
      vertex -8.30704 7.98481 27.0109
    endloop
  endfacet
  facet normal -0.0254402 0.996369 0.0812458
    outer loop
      vertex -8.30704 7.98481 27.0109
      vertex -7.91268 8 26.9481
      vertex -8.86948 8 26.6485
    endloop
  endfacet
  facet normal -0.0277004 0.996018 0.0847387
    outer loop
      vertex -8.30704 7.98481 27.0109
      vertex -8.86948 8 26.6485
      vertex -9.24986 7.98481 26.7027
    endloop
  endfacet
  facet normal -0.0283401 0.996364 0.0803464
    outer loop
      vertex -9.24986 7.98481 26.7027
      vertex -8.86948 8 26.6485
      vertex -9.81498 8 26.315
    endloop
  endfacet
  facet normal -0.0306341 0.996022 0.0836768
    outer loop
      vertex -9.24986 7.98481 26.7027
      vertex -9.81498 8 26.315
      vertex -10.1813 7.98481 26.3617
    endloop
  endfacet
  facet normal -0.0312048 0.996361 0.0793101
    outer loop
      vertex -10.1813 7.98481 26.3617
      vertex -9.81498 8 26.315
      vertex -10.748 8 25.9479
    endloop
  endfacet
  facet normal -0.0335413 0.996027 0.0824976
    outer loop
      vertex -10.1813 7.98481 26.3617
      vertex -10.748 8 25.9479
      vertex -11.1002 7.98481 25.9881
    endloop
  endfacet
  facet normal -0.0340454 0.996356 0.0782057
    outer loop
      vertex -11.1002 7.98481 25.9881
      vertex -10.748 8 25.9479
      vertex -11.6673 8 25.5477
    endloop
  endfacet
  facet normal -0.0363784 0.996034 0.0811988
    outer loop
      vertex -11.1002 7.98481 25.9881
      vertex -11.6673 8 25.5477
      vertex -12.0053 7.98481 25.5826
    endloop
  endfacet
  facet normal -0.0368287 0.996352 0.0769768
    outer loop
      vertex -12.0053 7.98481 25.5826
      vertex -11.6673 8 25.5477
      vertex -12.5717 8 25.115
    endloop
  endfacet
  facet normal -0.0391724 0.99604 0.0798056
    outer loop
      vertex -12.0053 7.98481 25.5826
      vertex -12.5717 8 25.115
      vertex -12.8958 7.98481 25.1455
    endloop
  endfacet
  facet normal -0.0395768 0.996348 0.0756618
    outer loop
      vertex -12.8958 7.98481 25.1455
      vertex -12.5717 8 25.115
      vertex -13.4601 8 24.6503
    endloop
  endfacet
  facet normal -0.0419311 0.996045 0.0783353
    outer loop
      vertex -12.8958 7.98481 25.1455
      vertex -13.4601 8 24.6503
      vertex -13.7703 7.98481 24.6774
    endloop
  endfacet
  facet normal -0.0422996 0.99634 0.0742823
    outer loop
      vertex -13.7703 7.98481 24.6774
      vertex -13.4601 8 24.6503
      vertex -14.3313 8 24.1542
    endloop
  endfacet
  facet normal -0.0446092 0.996052 0.0767503
    outer loop
      vertex -13.7703 7.98481 24.6774
      vertex -14.3313 8 24.1542
      vertex -14.6278 7.98481 24.179
    endloop
  endfacet
  facet normal -0.0449558 0.996334 0.0727791
    outer loop
      vertex -14.6278 7.98481 24.179
      vertex -14.3313 8 24.1542
      vertex -15.1843 8 23.6273
    endloop
  endfacet
  facet normal -0.0472391 0.996058 0.0750746
    outer loop
      vertex -14.6278 7.98481 24.179
      vertex -15.1843 8 23.6273
      vertex -15.4674 7.98481 23.6507
    endloop
  endfacet
  facet normal -0.0475742 0.996327 0.0711948
    outer loop
      vertex -15.4674 7.98481 23.6507
      vertex -15.1843 8 23.6273
      vertex -16.018 8 23.0702
    endloop
  endfacet
  facet normal -0.0498034 0.996065 0.0733023
    outer loop
      vertex -15.4674 7.98481 23.6507
      vertex -16.018 8 23.0702
      vertex -16.2878 7.98481 23.0933
    endloop
  endfacet
  facet normal -0.0501404 0.996319 0.069533
    outer loop
      vertex -16.2878 7.98481 23.0933
      vertex -16.018 8 23.0702
      vertex -16.8312 8 22.4838
    endloop
  endfacet
  facet normal -0.0522664 0.996076 0.0714224
    outer loop
      vertex -16.2878 7.98481 23.0933
      vertex -16.8312 8 22.4838
      vertex -17.0883 7.98481 22.5075
    endloop
  endfacet
  facet normal -0.0526193 0.996314 0.0677463
    outer loop
      vertex -17.0883 7.98481 22.5075
      vertex -16.8312 8 22.4838
      vertex -17.623 8 21.8688
    endloop
  endfacet
  facet normal -0.0547257 0.996079 0.0695041
    outer loop
      vertex -17.0883 7.98481 22.5075
      vertex -17.623 8 21.8688
      vertex -17.8676 7.98481 21.8939
    endloop
  endfacet
  facet normal -0.0551062 0.996301 0.0659303
    outer loop
      vertex -17.8676 7.98481 21.8939
      vertex -17.623 8 21.8688
      vertex -18.3923 8 21.2258
    endloop
  endfacet
  facet normal -0.0570242 0.996093 0.0674319
    outer loop
      vertex -17.8676 7.98481 21.8939
      vertex -18.3923 8 21.2258
      vertex -18.625 7.98481 21.2534
    endloop
  endfacet
  facet normal -0.0574496 0.996298 0.0639577
    outer loop
      vertex -18.625 7.98481 21.2534
      vertex -18.3923 8 21.2258
      vertex -19.1382 8 20.5558
    endloop
  endfacet
  facet normal -0.0592812 0.996103 0.0653009
    outer loop
      vertex -18.625 7.98481 21.2534
      vertex -19.1382 8 20.5558
      vertex -19.3594 7.98481 20.5867
    endloop
  endfacet
  facet normal -0.0597651 0.99629 0.0619284
    outer loop
      vertex -19.3594 7.98481 20.5867
      vertex -19.1382 8 20.5558
      vertex -19.8596 8 19.8596
    endloop
  endfacet
  facet normal -0.0614505 0.996115 0.0630842
    outer loop
      vertex -19.3594 7.98481 20.5867
      vertex -19.8596 8 19.8596
      vertex -20.0699 7.98481 19.8946
    endloop
  endfacet
  facet normal -0.0620029 0.996281 0.059837
    outer loop
      vertex -20.0699 7.98481 19.8946
      vertex -19.8596 8 19.8596
      vertex -20.5558 8 19.1382
    endloop
  endfacet
  facet normal -0.0635787 0.99612 0.0608461
    outer loop
      vertex -20.0699 7.98481 19.8946
      vertex -20.5558 8 19.1382
      vertex -20.7557 7.98481 19.178
    endloop
  endfacet
  facet normal -0.0642194 0.996267 0.0576846
    outer loop
      vertex -20.7557 7.98481 19.178
      vertex -20.5558 8 19.1382
      vertex -21.2258 8 18.3923
    endloop
  endfacet
  facet normal -0.06559 0.99613 0.0585021
    outer loop
      vertex -20.7557 7.98481 19.178
      vertex -21.2258 8 18.3923
      vertex -21.416 7.98481 18.4377
    endloop
  endfacet
  facet normal -0.0663308 0.996256 0.0554409
    outer loop
      vertex -21.416 7.98481 18.4377
      vertex -21.2258 8 18.3923
      vertex -21.8688 8 17.623
    endloop
  endfacet
  facet normal -0.0675083 0.996141 0.0560932
    outer loop
      vertex -21.416 7.98481 18.4377
      vertex -21.8688 8 17.623
      vertex -22.0499 7.98481 17.6748
    endloop
  endfacet
  facet normal -0.0683718 0.996246 0.0531051
    outer loop
      vertex -22.0499 7.98481 17.6748
      vertex -21.8688 8 17.623
      vertex -22.4838 8 16.8312
    endloop
  endfacet
  facet normal -0.0693032 0.996156 0.0535826
    outer loop
      vertex -22.0499 7.98481 17.6748
      vertex -22.4838 8 16.8312
      vertex -22.6566 7.98481 16.8901
    endloop
  endfacet
  facet normal -0.0702961 0.996237 0.0506906
    outer loop
      vertex -22.6566 7.98481 16.8901
      vertex -22.4838 8 16.8312
      vertex -23.0702 8 16.018
    endloop
  endfacet
  facet normal -0.0710226 0.996168 0.051034
    outer loop
      vertex -22.6566 7.98481 16.8901
      vertex -23.0702 8 16.018
      vertex -23.2354 7.98481 16.0846
    endloop
  endfacet
  facet normal -0.0721622 0.996227 0.0482206
    outer loop
      vertex -23.2354 7.98481 16.0846
      vertex -23.0702 8 16.018
      vertex -23.6273 8 15.1843
    endloop
  endfacet
  facet normal -0.0727082 0.996175 0.0484575
    outer loop
      vertex -23.2354 7.98481 16.0846
      vertex -23.6273 8 15.1843
      vertex -23.7855 7.98481 15.2592
    endloop
  endfacet
  facet normal -0.0740095 0.996209 0.0457158
    outer loop
      vertex -23.7855 7.98481 15.2592
      vertex -23.6273 8 15.1843
      vertex -24.1542 8 14.3313
    endloop
  endfacet
  facet normal -0.0741508 0.996196 0.0457717
    outer loop
      vertex -23.7855 7.98481 15.2592
      vertex -24.1542 8 14.3313
      vertex -24.3042 7.98481 14.4189
    endloop
  endfacet
  facet normal -0.0757003 0.996198 0.0431187
    outer loop
      vertex -24.3042 7.98481 14.4189
      vertex -24.1542 8 14.3313
      vertex -24.7973 7.98481 13.5532
    endloop
  endfacet
  facet normal -0.224991 0.965896 0.128154
    outer loop
      vertex -24.4496 7.93969 14.5037
      vertex -24.3042 7.98481 14.4189
      vertex -24.7973 7.98481 13.5532
    endloop
  endfacet
  facet normal -0.224914 0.965918 0.128127
    outer loop
      vertex -24.4496 7.93969 14.5037
      vertex -24.7973 7.98481 13.5532
      vertex -24.9451 7.93969 13.6339
    endloop
  endfacet
  facet normal -0.367269 0.906278 0.209223
    outer loop
      vertex -24.5861 7.86602 14.5832
      vertex -24.4496 7.93969 14.5037
      vertex -24.9451 7.93969 13.6339
    endloop
  endfacet
  facet normal -0.367284 0.906271 0.209228
    outer loop
      vertex -24.5861 7.86602 14.5832
      vertex -24.9451 7.93969 13.6339
      vertex -25.0837 7.86602 13.7097
    endloop
  endfacet
  facet normal -0.498235 0.819271 0.283826
    outer loop
      vertex -24.7096 7.76604 14.655
      vertex -24.5861 7.86602 14.5832
      vertex -25.0837 7.86602 13.7097
    endloop
  endfacet
  facet normal -0.498417 0.81914 0.283884
    outer loop
      vertex -24.7096 7.76604 14.655
      vertex -25.0837 7.86602 13.7097
      vertex -25.209 7.76604 13.7782
    endloop
  endfacet
  facet normal -0.0756558 0.996203 0.0430818
    outer loop
      vertex -24.1542 8 14.3313
      vertex -24.6503 8 13.4601
      vertex -24.7973 7.98481 13.5532
    endloop
  endfacet
  facet normal -0.0772888 0.996186 0.0405006
    outer loop
      vertex -24.7973 7.98481 13.5532
      vertex -24.6503 8 13.4601
      vertex -25.2577 7.98481 12.6746
    endloop
  endfacet
  facet normal -0.229302 0.96591 0.120158
    outer loop
      vertex -24.7973 7.98481 13.5532
      vertex -25.2577 7.98481 12.6746
      vertex -25.4082 7.93969 12.7501
    endloop
  endfacet
  facet normal -0.233379 0.965911 0.112032
    outer loop
      vertex -25.4082 7.93969 12.7501
      vertex -25.2577 7.98481 12.6746
      vertex -25.84 7.93969 11.8506
    endloop
  endfacet
  facet normal -0.3811 0.906253 0.182945
    outer loop
      vertex -25.4082 7.93969 12.7501
      vertex -25.84 7.93969 11.8506
      vertex -25.9836 7.86602 11.9164
    endloop
  endfacet
  facet normal -0.387281 0.906255 0.169457
    outer loop
      vertex -25.9836 7.86602 11.9164
      vertex -25.84 7.93969 11.8506
      vertex -26.3858 7.86602 10.9972
    endloop
  endfacet
  facet normal -0.525455 0.819168 0.229915
    outer loop
      vertex -25.9836 7.86602 11.9164
      vertex -26.3858 7.86602 10.9972
      vertex -26.5176 7.76604 11.0522
    endloop
  endfacet
  facet normal -0.533221 0.819163 0.211298
    outer loop
      vertex -26.5176 7.76604 11.0522
      vertex -26.3858 7.86602 10.9972
      vertex -26.8891 7.76604 10.1147
    endloop
  endfacet
  facet normal -0.0770008 0.996217 0.0402772
    outer loop
      vertex -24.6503 8 13.4601
      vertex -25.115 8 12.5717
      vertex -25.2577 7.98481 12.6746
    endloop
  endfacet
  facet normal -0.078775 0.996175 0.0378106
    outer loop
      vertex -25.2577 7.98481 12.6746
      vertex -25.115 8 12.5717
      vertex -25.6869 7.98481 11.7804
    endloop
  endfacet
  facet normal -0.233319 0.96593 0.111989
    outer loop
      vertex -25.2577 7.98481 12.6746
      vertex -25.6869 7.98481 11.7804
      vertex -25.84 7.93969 11.8506
    endloop
  endfacet
  facet normal -0.237111 0.96593 0.10372
    outer loop
      vertex -25.84 7.93969 11.8506
      vertex -25.6869 7.98481 11.7804
      vertex -26.2399 7.93969 10.9364
    endloop
  endfacet
  facet normal -0.387091 0.906361 0.169326
    outer loop
      vertex -25.84 7.93969 11.8506
      vertex -26.2399 7.93969 10.9364
      vertex -26.3858 7.86602 10.9972
    endloop
  endfacet
  facet normal -0.39279 0.90636 0.15565
    outer loop
      vertex -26.3858 7.86602 10.9972
      vertex -26.2399 7.93969 10.9364
      vertex -26.7554 7.86602 10.0645
    endloop
  endfacet
  facet normal -0.533226 0.81916 0.211301
    outer loop
      vertex -26.3858 7.86602 10.9972
      vertex -26.7554 7.86602 10.0645
      vertex -26.8891 7.76604 10.1147
    endloop
  endfacet
  facet normal -0.540294 0.819165 0.192487
    outer loop
      vertex -26.8891 7.76604 10.1147
      vertex -26.7554 7.86602 10.0645
      vertex -27.2275 7.76604 9.16484
    endloop
  endfacet
  facet normal -0.0782814 0.996228 0.0374529
    outer loop
      vertex -25.115 8 12.5717
      vertex -25.5477 8 11.6673
      vertex -25.6869 7.98481 11.7804
    endloop
  endfacet
  facet normal -0.0801948 0.996161 0.0350891
    outer loop
      vertex -25.6869 7.98481 11.7804
      vertex -25.5477 8 11.6673
      vertex -26.0845 7.98481 10.8717
    endloop
  endfacet
  facet normal -0.237228 0.965893 0.103799
    outer loop
      vertex -25.6869 7.98481 11.7804
      vertex -26.0845 7.98481 10.8717
      vertex -26.2399 7.93969 10.9364
    endloop
  endfacet
  facet normal -0.240717 0.965894 0.0954201
    outer loop
      vertex -26.2399 7.93969 10.9364
      vertex -26.0845 7.98481 10.8717
      vertex -26.6076 7.93969 10.0088
    endloop
  endfacet
  facet normal -0.393003 0.906245 0.155786
    outer loop
      vertex -26.2399 7.93969 10.9364
      vertex -26.6076 7.93969 10.0088
      vertex -26.7554 7.86602 10.0645
    endloop
  endfacet
  facet normal -0.398234 0.906242 0.1419
    outer loop
      vertex -26.7554 7.86602 10.0645
      vertex -26.6076 7.93969 10.0088
      vertex -27.0922 7.86602 9.11929
    endloop
  endfacet
  facet normal -0.540419 0.819064 0.192564
    outer loop
      vertex -26.7554 7.86602 10.0645
      vertex -27.0922 7.86602 9.11929
      vertex -27.2275 7.76604 9.16484
    endloop
  endfacet
  facet normal -0.546848 0.819064 0.173468
    outer loop
      vertex -27.2275 7.76604 9.16484
      vertex -27.0922 7.86602 9.11929
      vertex -27.5324 7.76604 8.20366
    endloop
  endfacet
  facet normal -0.0794582 0.996238 0.0345906
    outer loop
      vertex -25.5477 8 11.6673
      vertex -25.9479 8 10.748
      vertex -26.0845 7.98481 10.8717
    endloop
  endfacet
  facet normal -0.0815146 0.996148 0.0323088
    outer loop
      vertex -26.0845 7.98481 10.8717
      vertex -25.9479 8 10.748
      vertex -26.45 7.98481 9.94955
    endloop
  endfacet
  facet normal -0.240671 0.965908 0.0953916
    outer loop
      vertex -26.0845 7.98481 10.8717
      vertex -26.45 7.98481 9.94955
      vertex -26.6076 7.93969 10.0088
    endloop
  endfacet
  facet normal -0.243875 0.965908 0.0868695
    outer loop
      vertex -26.6076 7.93969 10.0088
      vertex -26.45 7.98481 9.94955
      vertex -26.9424 7.93969 9.06889
    endloop
  endfacet
  facet normal -0.398031 0.90635 0.14178
    outer loop
      vertex -26.6076 7.93969 10.0088
      vertex -26.9424 7.93969 9.06889
      vertex -27.0922 7.86602 9.11929
    endloop
  endfacet
  facet normal -0.40276 0.90635 0.127726
    outer loop
      vertex -27.0922 7.86602 9.11929
      vertex -26.9424 7.93969 9.06889
      vertex -27.3955 7.86602 8.16289
    endloop
  endfacet
  facet normal -0.546656 0.819215 0.173359
    outer loop
      vertex -27.0922 7.86602 9.11929
      vertex -27.3955 7.86602 8.16289
      vertex -27.5324 7.76604 8.20366
    endloop
  endfacet
  facet normal -0.552401 0.819216 0.15407
    outer loop
      vertex -27.5324 7.76604 8.20366
      vertex -27.3955 7.86602 8.16289
      vertex -27.8033 7.76604 7.23238
    endloop
  endfacet
  facet normal -0.0805175 0.99625 0.0316799
    outer loop
      vertex -25.9479 8 10.748
      vertex -26.315 8 9.81498
      vertex -26.45 7.98481 9.94955
    endloop
  endfacet
  facet normal -0.0827098 0.996138 0.0294681
    outer loop
      vertex -26.45 7.98481 9.94955
      vertex -26.315 8 9.81498
      vertex -26.7829 7.98481 9.01518
    endloop
  endfacet
  facet normal -0.243963 0.965881 0.0869198
    outer loop
      vertex -26.45 7.98481 9.94955
      vertex -26.7829 7.98481 9.01518
      vertex -26.9424 7.93969 9.06889
    endloop
  endfacet
  facet normal -0.246863 0.965881 0.0783063
    outer loop
      vertex -26.9424 7.93969 9.06889
      vertex -26.7829 7.98481 9.01518
      vertex -27.2441 7.93969 8.11777
    endloop
  endfacet
  facet normal -0.4029 0.906277 0.127802
    outer loop
      vertex -26.9424 7.93969 9.06889
      vertex -27.2441 7.93969 8.11777
      vertex -27.3955 7.86602 8.16289
    endloop
  endfacet
  facet normal -0.40714 0.906277 0.113574
    outer loop
      vertex -27.3955 7.86602 8.16289
      vertex -27.2441 7.93969 8.11777
      vertex -27.6651 7.86602 7.19643
    endloop
  endfacet
  facet normal -0.552506 0.819135 0.154125
    outer loop
      vertex -27.3955 7.86602 8.16289
      vertex -27.6651 7.86602 7.19643
      vertex -27.8033 7.76604 7.23238
    endloop
  endfacet
  facet normal -0.557574 0.819135 0.134644
    outer loop
      vertex -27.8033 7.76604 7.23238
      vertex -27.6651 7.86602 7.19643
      vertex -28.04 7.76604 6.25218
    endloop
  endfacet
  facet normal -0.0814527 0.996263 0.0287303
    outer loop
      vertex -26.315 8 9.81498
      vertex -26.6485 8 8.86948
      vertex -26.7829 7.98481 9.01518
    endloop
  endfacet
  facet normal -0.0837763 0.99613 0.026573
    outer loop
      vertex -26.7829 7.98481 9.01518
      vertex -26.6485 8 8.86948
      vertex -27.0828 7.98481 8.06969
    endloop
  endfacet
  facet normal -0.246846 0.965886 0.0782971
    outer loop
      vertex -26.7829 7.98481 9.01518
      vertex -27.0828 7.98481 8.06969
      vertex -27.2441 7.93969 8.11777
    endloop
  endfacet
  facet normal -0.249444 0.965886 0.0695819
    outer loop
      vertex -27.2441 7.93969 8.11777
      vertex -27.0828 7.98481 8.06969
      vertex -27.5122 7.93969 7.15666
    endloop
  endfacet
  facet normal -0.407125 0.906285 0.113567
    outer loop
      vertex -27.2441 7.93969 8.11777
      vertex -27.5122 7.93969 7.15666
      vertex -27.6651 7.86602 7.19643
    endloop
  endfacet
  facet normal -0.41086 0.906285 0.099206
    outer loop
      vertex -27.6651 7.86602 7.19643
      vertex -27.5122 7.93969 7.15666
      vertex -27.9006 7.86602 6.22111
    endloop
  endfacet
  facet normal -0.557522 0.819175 0.134619
    outer loop
      vertex -27.6651 7.86602 7.19643
      vertex -27.9006 7.86602 6.22111
      vertex -28.04 7.76604 6.25218
    endloop
  endfacet
  facet normal -0.561905 0.819175 0.114952
    outer loop
      vertex -28.04 7.76604 6.25218
      vertex -27.9006 7.86602 6.22111
      vertex -28.2421 7.76604 5.26428
    endloop
  endfacet
  facet normal -0.0823075 0.996274 0.0257727
    outer loop
      vertex -26.6485 8 8.86948
      vertex -26.9481 8 7.91268
      vertex -27.0828 7.98481 8.06969
    endloop
  endfacet
  facet normal -0.08477 0.99612 0.0236453
    outer loop
      vertex -27.0828 7.98481 8.06969
      vertex -26.9481 8 7.91268
      vertex -27.3493 7.98481 7.11427
    endloop
  endfacet
  facet normal -0.249428 0.965891 0.0695741
    outer loop
      vertex -27.0828 7.98481 8.06969
      vertex -27.3493 7.98481 7.11427
      vertex -27.5122 7.93969 7.15666
    endloop
  endfacet
  facet normal -0.251716 0.965891 0.0607795
    outer loop
      vertex -27.5122 7.93969 7.15666
      vertex -27.3493 7.98481 7.11427
      vertex -27.7464 7.93969 6.18673
    endloop
  endfacet
  facet normal -0.410863 0.906283 0.0992074
    outer loop
      vertex -27.5122 7.93969 7.15666
      vertex -27.7464 7.93969 6.18673
      vertex -27.9006 7.86602 6.22111
    endloop
  endfacet
  facet normal -0.414086 0.906283 0.0847557
    outer loop
      vertex -27.9006 7.86602 6.22111
      vertex -27.7464 7.93969 6.18673
      vertex -28.1018 7.86602 5.23812
    endloop
  endfacet
  facet normal -0.562165 0.818982 0.115065
    outer loop
      vertex -27.9006 7.86602 6.22111
      vertex -28.1018 7.86602 5.23812
      vertex -28.2421 7.76604 5.26428
    endloop
  endfacet
  facet normal -0.565857 0.818982 0.0952599
    outer loop
      vertex -28.2421 7.76604 5.26428
      vertex -28.1018 7.86602 5.23812
      vertex -28.4095 7.76604 4.2699
    endloop
  endfacet
  facet normal -0.0830936 0.996281 0.0227999
    outer loop
      vertex -26.9481 8 7.91268
      vertex -27.2134 8 6.9458
      vertex -27.3493 7.98481 7.11427
    endloop
  endfacet
  facet normal -0.0856902 0.996107 0.0206896
    outer loop
      vertex -27.3493 7.98481 7.11427
      vertex -27.2134 8 6.9458
      vertex -27.5821 7.98481 6.15008
    endloop
  endfacet
  facet normal -0.251698 0.965896 0.0607715
    outer loop
      vertex -27.3493 7.98481 7.11427
      vertex -27.5821 7.98481 6.15008
      vertex -27.7464 7.93969 6.18673
    endloop
  endfacet
  facet normal -0.253671 0.965896 0.0519248
    outer loop
      vertex -27.7464 7.93969 6.18673
      vertex -27.5821 7.98481 6.15008
      vertex -27.9465 7.93969 5.20917
    endloop
  endfacet
  facet normal -0.414109 0.906272 0.0847653
    outer loop
      vertex -27.7464 7.93969 6.18673
      vertex -27.9465 7.93969 5.20917
      vertex -28.1018 7.86602 5.23812
    endloop
  endfacet
  facet normal -0.416834 0.906272 0.0701437
    outer loop
      vertex -28.1018 7.86602 5.23812
      vertex -27.9465 7.93969 5.20917
      vertex -28.2683 7.86602 4.24868
    endloop
  endfacet
  facet normal -0.565684 0.819109 0.0951916
    outer loop
      vertex -28.1018 7.86602 5.23812
      vertex -28.2683 7.86602 4.24868
      vertex -28.4095 7.76604 4.2699
    endloop
  endfacet
  facet normal -0.568679 0.819109 0.0752633
    outer loop
      vertex -28.4095 7.76604 4.2699
      vertex -28.2683 7.86602 4.24868
      vertex -28.5418 7.76604 3.27026
    endloop
  endfacet
  facet normal -0.083738 0.996291 0.0197815
    outer loop
      vertex -27.2134 8 6.9458
      vertex -27.4439 8 5.97006
      vertex -27.5821 7.98481 6.15008
    endloop
  endfacet
  facet normal -0.0864476 0.996099 0.0176852
    outer loop
      vertex -27.5821 7.98481 6.15008
      vertex -27.4439 8 5.97006
      vertex -27.7809 7.98481 5.17832
    endloop
  endfacet
  facet normal -0.253521 0.965938 0.0518647
    outer loop
      vertex -27.5821 7.98481 6.15008
      vertex -27.7809 7.98481 5.17832
      vertex -27.9465 7.93969 5.20917
    endloop
  endfacet
  facet normal -0.255183 0.965939 0.0429467
    outer loop
      vertex -27.9465 7.93969 5.20917
      vertex -27.7809 7.98481 5.17832
      vertex -28.1121 7.93969 4.2252
    endloop
  endfacet
  facet normal -0.416877 0.906251 0.0701595
    outer loop
      vertex -27.9465 7.93969 5.20917
      vertex -28.1121 7.93969 4.2252
      vertex -28.2683 7.86602 4.24868
    endloop
  endfacet
  facet normal -0.419082 0.906251 0.0554883
    outer loop
      vertex -28.2683 7.86602 4.24868
      vertex -28.1121 7.93969 4.2252
      vertex -28.4 7.86602 3.254
    endloop
  endfacet
  facet normal -0.568825 0.819003 0.0753149
    outer loop
      vertex -28.2683 7.86602 4.24868
      vertex -28.4 7.86602 3.254
      vertex -28.5418 7.76604 3.27026
    endloop
  endfacet
  facet normal -0.571118 0.819002 0.0553091
    outer loop
      vertex -28.5418 7.76604 3.27026
      vertex -28.4 7.86602 3.254
      vertex -28.639 7.76604 2.26658
    endloop
  endfacet
  facet normal -0.0843052 0.996299 0.0167695
    outer loop
      vertex -27.4439 8 5.97006
      vertex -27.6395 8 4.98672
      vertex -27.7809 7.98481 5.17832
    endloop
  endfacet
  facet normal -0.087127 0.996089 0.0146704
    outer loop
      vertex -27.7809 7.98481 5.17832
      vertex -27.6395 8 4.98672
      vertex -27.9456 7.98481 4.20017
    endloop
  endfacet
  facet normal -0.25529 0.965908 0.0429856
    outer loop
      vertex -27.7809 7.98481 5.17832
      vertex -27.9456 7.98481 4.20017
      vertex -28.1121 7.93969 4.2252
    endloop
  endfacet
  facet normal -0.256647 0.965908 0.0339625
    outer loop
      vertex -28.1121 7.93969 4.2252
      vertex -27.9456 7.98481 4.20017
      vertex -28.243 7.93969 3.23602
    endloop
  endfacet
  facet normal -0.418931 0.906324 0.0554379
    outer loop
      vertex -28.1121 7.93969 4.2252
      vertex -28.243 7.93969 3.23602
      vertex -28.4 7.86602 3.254
    endloop
  endfacet
  facet normal -0.420616 0.906324 0.0407273
    outer loop
      vertex -28.4 7.86602 3.254
      vertex -28.243 7.93969 3.23602
      vertex -28.4967 7.86602 2.25532
    endloop
  endfacet
  facet normal -0.571077 0.819032 0.0552961
    outer loop
      vertex -28.4 7.86602 3.254
      vertex -28.4967 7.86602 2.25532
      vertex -28.639 7.76604 2.26658
    endloop
  endfacet
  facet normal -0.572665 0.819032 0.0352205
    outer loop
      vertex -28.639 7.76604 2.26658
      vertex -28.4967 7.86602 2.25532
      vertex -28.7009 7.76604 1.26012
    endloop
  endfacet
  facet normal -0.084725 0.99631 0.0137313
    outer loop
      vertex -27.6395 8 4.98672
      vertex -27.7999 8 3.99702
      vertex -27.9456 7.98481 4.20017
    endloop
  endfacet
  facet normal -0.0876732 0.996082 0.0115998
    outer loop
      vertex -27.9456 7.98481 4.20017
      vertex -27.7999 8 3.99702
      vertex -28.0757 7.98481 3.21685
    endloop
  endfacet
  facet normal -0.256613 0.965918 0.0339517
    outer loop
      vertex -27.9456 7.98481 4.20017
      vertex -28.0757 7.98481 3.21685
      vertex -28.243 7.93969 3.23602
    endloop
  endfacet
  facet normal -0.257644 0.965918 0.0249558
    outer loop
      vertex -28.243 7.93969 3.23602
      vertex -28.0757 7.98481 3.21685
      vertex -28.3392 7.93969 2.24285
    endloop
  endfacet
  facet normal -0.420687 0.90629 0.0407484
    outer loop
      vertex -28.243 7.93969 3.23602
      vertex -28.3392 7.93969 2.24285
      vertex -28.4967 7.86602 2.25532
    endloop
  endfacet
  facet normal -0.421859 0.90629 0.0259486
    outer loop
      vertex -28.4967 7.86602 2.25532
      vertex -28.3392 7.93969 2.24285
      vertex -28.5583 7.86602 1.25386
    endloop
  endfacet
  facet normal -0.572685 0.819018 0.035226
    outer loop
      vertex -28.4967 7.86602 2.25532
      vertex -28.5583 7.86602 1.25386
      vertex -28.7009 7.76604 1.26012
    endloop
  endfacet
  facet normal -0.573567 0.819018 0.0151355
    outer loop
      vertex -28.7009 7.76604 1.26012
      vertex -28.5583 7.86602 1.25386
      vertex -28.7275 7.76604 0.252101
    endloop
  endfacet
  facet normal -0.0851333 0.996312 0.0106974
    outer loop
      vertex -27.7999 8 3.99702
      vertex -27.9249 8 3.00223
      vertex -28.0757 7.98481 3.21685
    endloop
  endfacet
  facet normal -0.088181 0.996068 0.00853871
    outer loop
      vertex -28.0757 7.98481 3.21685
      vertex -27.9249 8 3.00223
      vertex -28.1713 7.98481 2.22957
    endloop
  endfacet
  facet normal -0.257602 0.965929 0.0249441
    outer loop
      vertex -28.0757 7.98481 3.21685
      vertex -28.1713 7.98481 2.22957
      vertex -28.3392 7.93969 2.24285
    endloop
  endfacet
  facet normal -0.25832 0.965929 0.0158739
    outer loop
      vertex -28.3392 7.93969 2.24285
      vertex -28.1713 7.98481 2.22957
      vertex -28.4004 7.93969 1.24693
    endloop
  endfacet
  facet normal -0.421731 0.906351 0.0259156
    outer loop
      vertex -28.3392 7.93969 2.24285
      vertex -28.4004 7.93969 1.24693
      vertex -28.5583 7.86602 1.25386
    endloop
  endfacet
  facet normal -0.42238 0.906351 0.0111173
    outer loop
      vertex -28.5583 7.86602 1.25386
      vertex -28.4004 7.93969 1.24693
      vertex -28.5847 7.86602 0.250848
    endloop
  endfacet
  facet normal -0.573385 0.819147 0.0150919
    outer loop
      vertex -28.5583 7.86602 1.25386
      vertex -28.5847 7.86602 0.250848
      vertex -28.7275 7.76604 0.252101
    endloop
  endfacet
  facet normal -0.573562 0.819147 -0.00506254
    outer loop
      vertex -28.5847 7.86602 0.250848
      vertex -28.7186 7.76604 -0.756227
      vertex -28.7275 7.76604 0.252101
    endloop
  endfacet
  facet normal -0.0853562 0.996321 0.00763292
    outer loop
      vertex -27.9249 8 3.00223
      vertex -28.0142 8 2.00362
      vertex -28.1713 7.98481 2.22957
    endloop
  endfacet
  facet normal -0.0884812 0.996063 0.00544277
    outer loop
      vertex -28.1713 7.98481 2.22957
      vertex -28.0142 8 2.00362
      vertex -28.2322 7.98481 1.23954
    endloop
  endfacet
  facet normal -0.258408 0.965905 0.0158955
    outer loop
      vertex -28.1713 7.98481 2.22957
      vertex -28.2322 7.98481 1.23954
      vertex -28.4004 7.93969 1.24693
    endloop
  endfacet
  facet normal -0.258806 0.965905 0.00682388
    outer loop
      vertex -28.4004 7.93969 1.24693
      vertex -28.2322 7.98481 1.23954
      vertex -28.4267 7.93969 0.249462
    endloop
  endfacet
  facet normal -0.422481 0.906303 0.0111394
    outer loop
      vertex -28.4004 7.93969 1.24693
      vertex -28.4267 7.93969 0.249462
      vertex -28.5847 7.86602 0.250848
    endloop
  endfacet
  facet normal -0.422611 0.906304 -0.00370669
    outer loop
      vertex -28.4267 7.93969 0.249462
      vertex -28.5759 7.86602 -0.752467
      vertex -28.5847 7.86602 0.250848
    endloop
  endfacet
  facet normal -0.573713 0.819041 -0.00503199
    outer loop
      vertex -28.5847 7.86602 0.250848
      vertex -28.5759 7.86602 -0.752467
      vertex -28.7186 7.76604 -0.756227
    endloop
  endfacet
  facet normal -0.573183 0.819041 -0.0251488
    outer loop
      vertex -28.5759 7.86602 -0.752467
      vertex -28.6744 7.76604 -1.76362
      vertex -28.7186 7.76604 -0.756227
    endloop
  endfacet
  facet normal -0.0854959 0.996328 0.00458577
    outer loop
      vertex -28.0142 8 2.00362
      vertex -28.0679 8 1.00245
      vertex -28.2322 7.98481 1.23954
    endloop
  endfacet
  facet normal -0.0887182 0.996054 0.00233526
    outer loop
      vertex -28.2322 7.98481 1.23954
      vertex -28.0679 8 1.00245
      vertex -28.2583 7.98481 0.247984
    endloop
  endfacet
  facet normal -0.258743 0.965922 0.00681071
    outer loop
      vertex -28.2322 7.98481 1.23954
      vertex -28.2583 7.98481 0.247984
      vertex -28.4267 7.93969 0.249462
    endloop
  endfacet
  facet normal -0.258823 0.965922 -0.00225679
    outer loop
      vertex -28.2583 7.98481 0.247984
      vertex -28.418 7.93969 -0.748309
      vertex -28.4267 7.93969 0.249462
    endloop
  endfacet
  facet normal -0.422724 0.906251 -0.00368592
    outer loop
      vertex -28.4267 7.93969 0.249462
      vertex -28.418 7.93969 -0.748309
      vertex -28.5759 7.86602 -0.752467
    endloop
  endfacet
  facet normal -0.422333 0.906251 -0.0185383
    outer loop
      vertex -28.418 7.93969 -0.748309
      vertex -28.5319 7.86602 -1.75486
      vertex -28.5759 7.86602 -0.752467
    endloop
  endfacet
  facet normal -0.57313 0.819078 -0.0251575
    outer loop
      vertex -28.5759 7.86602 -0.752467
      vertex -28.5319 7.86602 -1.75486
      vertex -28.6744 7.76604 -1.76362
    endloop
  endfacet
  facet normal -0.571892 0.819078 -0.0452858
    outer loop
      vertex -28.5319 7.86602 -1.75486
      vertex -28.5948 7.76604 -2.76885
      vertex -28.6744 7.76604 -1.76362
    endloop
  endfacet
  facet normal -0.0855393 0.996334 0.00152741
    outer loop
      vertex -28.0679 8 1.00245
      vertex -28.0858 8 0
      vertex -28.2583 7.98481 0.247984
    endloop
  endfacet
  facet normal -0.0888299 0.996047 -0.000779162
    outer loop
      vertex -28.0858 8 0
      vertex -28.2496 7.98481 -0.743877
      vertex -28.2583 7.98481 0.247984
    endloop
  endfacet
  facet normal -0.258748 0.965942 -0.00226958
    outer loop
      vertex -28.2583 7.98481 0.247984
      vertex -28.2496 7.98481 -0.743877
      vertex -28.418 7.93969 -0.748309
    endloop
  endfacet
  facet normal -0.258509 0.965942 -0.0113585
    outer loop
      vertex -28.2496 7.98481 -0.743877
      vertex -28.3742 7.93969 -1.74516
      vertex -28.418 7.93969 -0.748309
    endloop
  endfacet
  facet normal -0.422237 0.906295 -0.0185524
    outer loop
      vertex -28.418 7.93969 -0.748309
      vertex -28.3742 7.93969 -1.74516
      vertex -28.5319 7.86602 -1.75486
    endloop
  endfacet
  facet normal -0.421326 0.906295 -0.0333617
    outer loop
      vertex -28.3742 7.93969 -1.74516
      vertex -28.4527 7.86602 -2.75508
      vertex -28.5319 7.86602 -1.75486
    endloop
  endfacet
  facet normal -0.571901 0.819071 -0.0452846
    outer loop
      vertex -28.5319 7.86602 -1.75486
      vertex -28.4527 7.86602 -2.75508
      vertex -28.5948 7.76604 -2.76885
    endloop
  endfacet
  facet normal -0.569961 0.819072 -0.0653133
    outer loop
      vertex -28.4527 7.86602 -2.75508
      vertex -28.48 7.76604 -3.77066
      vertex -28.5948 7.76604 -2.76885
    endloop
  endfacet
  facet normal -0.0854651 0.99634 -0.00152609
    outer loop
      vertex -28.0858 8 0
      vertex -28.0679 8 -1.00245
      vertex -28.2496 7.98481 -0.743877
    endloop
  endfacet
  facet normal -0.0888167 0.99604 -0.00389884
    outer loop
      vertex -28.0679 8 -1.00245
      vertex -28.2061 7.98481 -1.73482
      vertex -28.2496 7.98481 -0.743877
    endloop
  endfacet
  facet normal -0.258568 0.965926 -0.0113505
    outer loop
      vertex -28.2496 7.98481 -0.743877
      vertex -28.2061 7.98481 -1.73482
      vertex -28.3742 7.93969 -1.74516
    endloop
  endfacet
  facet normal -0.25801 0.965926 -0.0204136
    outer loop
      vertex -28.2061 7.98481 -1.73482
      vertex -28.2955 7.93969 -2.73986
      vertex -28.3742 7.93969 -1.74516
    endloop
  endfacet
  facet normal -0.421466 0.906231 -0.0333461
    outer loop
      vertex -28.3742 7.93969 -1.74516
      vertex -28.2955 7.93969 -2.73986
      vertex -28.4527 7.86602 -2.75508
    endloop
  endfacet
  facet normal -0.420036 0.906231 -0.0481202
    outer loop
      vertex -28.2955 7.93969 -2.73986
      vertex -28.3385 7.86602 -3.75192
      vertex -28.4527 7.86602 -2.75508
    endloop
  endfacet
  facet normal -0.570044 0.819015 -0.0653054
    outer loop
      vertex -28.4527 7.86602 -2.75508
      vertex -28.3385 7.86602 -3.75192
      vertex -28.48 7.76604 -3.77066
    endloop
  endfacet
  facet normal -0.567405 0.819015 -0.0852385
    outer loop
      vertex -28.3385 7.86602 -3.75192
      vertex -28.3302 7.76604 -4.76783
      vertex -28.48 7.76604 -3.77066
    endloop
  endfacet
  facet normal -0.0852734 0.996347 -0.00457383
    outer loop
      vertex -28.0679 8 -1.00245
      vertex -28.0142 8 -2.00362
      vertex -28.2061 7.98481 -1.73482
    endloop
  endfacet
  facet normal -0.088664 0.996037 -0.00701199
    outer loop
      vertex -28.0142 8 -2.00362
      vertex -28.1279 7.98481 -2.72363
      vertex -28.2061 7.98481 -1.73482
    endloop
  endfacet
  facet normal -0.25806 0.965913 -0.0204086
    outer loop
      vertex -28.2061 7.98481 -1.73482
      vertex -28.1279 7.98481 -2.72363
      vertex -28.2955 7.93969 -2.73986
    endloop
  endfacet
  facet normal -0.257182 0.965913 -0.0294717
    outer loop
      vertex -28.1279 7.98481 -2.72363
      vertex -28.1819 7.93969 -3.73118
      vertex -28.2955 7.93969 -2.73986
    endloop
  endfacet
  facet normal -0.419964 0.906264 -0.0481256
    outer loop
      vertex -28.2955 7.93969 -2.73986
      vertex -28.1819 7.93969 -3.73118
      vertex -28.3385 7.86602 -3.75192
    endloop
  endfacet
  facet normal -0.418018 0.906264 -0.0628159
    outer loop
      vertex -28.1819 7.93969 -3.73118
      vertex -28.1894 7.86602 -4.74413
      vertex -28.3385 7.86602 -3.75192
    endloop
  endfacet
  facet normal -0.567282 0.8191 -0.0852458
    outer loop
      vertex -28.1894 7.86602 -4.74413
      vertex -28.3302 7.76604 -4.76783
      vertex -28.3385 7.86602 -3.75192
    endloop
  endfacet
  facet normal -0.563935 0.8191 -0.105131
    outer loop
      vertex -28.1894 7.86602 -4.74413
      vertex -28.1454 7.76604 -5.75912
      vertex -28.3302 7.76604 -4.76783
    endloop
  endfacet
  facet normal -0.0849846 0.996353 -0.00759969
    outer loop
      vertex -28.0142 8 -2.00362
      vertex -27.9249 8 -3.00223
      vertex -28.1279 7.98481 -2.72363
    endloop
  endfacet
  facet normal -0.0884356 0.99603 -0.0101318
    outer loop
      vertex -27.9249 8 -3.00223
      vertex -28.015 7.98481 -3.70908
      vertex -28.1279 7.98481 -2.72363
    endloop
  endfacet
  facet normal -0.257222 0.965903 -0.0294691
    outer loop
      vertex -28.1279 7.98481 -2.72363
      vertex -28.015 7.98481 -3.70908
      vertex -28.1819 7.93969 -3.73118
    endloop
  endfacet
  facet normal -0.256028 0.965903 -0.0384796
    outer loop
      vertex -28.015 7.98481 -3.70908
      vertex -28.0336 7.93969 -4.71791
      vertex -28.1819 7.93969 -3.73118
    endloop
  endfacet
  facet normal -0.417966 0.906288 -0.062818
    outer loop
      vertex -28.1819 7.93969 -3.73118
      vertex -28.0336 7.93969 -4.71791
      vertex -28.1894 7.86602 -4.74413
    endloop
  endfacet
  facet normal -0.415501 0.906288 -0.0774665
    outer loop
      vertex -28.0336 7.93969 -4.71791
      vertex -28.0055 7.86602 -5.7305
      vertex -28.1894 7.86602 -4.74413
    endloop
  endfacet
  facet normal -0.563888 0.819132 -0.105132
    outer loop
      vertex -28.0055 7.86602 -5.7305
      vertex -28.1454 7.76604 -5.75912
      vertex -28.1894 7.86602 -4.74413
    endloop
  endfacet
  facet normal -0.559852 0.819131 -0.12486
    outer loop
      vertex -28.0055 7.86602 -5.7305
      vertex -27.9259 7.76604 -6.74332
      vertex -28.1454 7.76604 -5.75912
    endloop
  endfacet
  facet normal -0.0845897 0.996359 -0.0106291
    outer loop
      vertex -27.9249 8 -3.00223
      vertex -27.7999 8 -3.99702
      vertex -28.015 7.98481 -3.70908
    endloop
  endfacet
  facet normal -0.0880647 0.996027 -0.0132426
    outer loop
      vertex -27.7999 8 -3.99702
      vertex -27.8675 7.98481 -4.68997
      vertex -28.015 7.98481 -3.70908
    endloop
  endfacet
  facet normal -0.255916 0.965933 -0.038483
    outer loop
      vertex -28.015 7.98481 -3.70908
      vertex -27.8675 7.98481 -4.68997
      vertex -28.0336 7.93969 -4.71791
    endloop
  endfacet
  facet normal -0.25441 0.965932 -0.0474367
    outer loop
      vertex -27.8675 7.98481 -4.68997
      vertex -27.8507 7.93969 -5.69883
      vertex -28.0336 7.93969 -4.71791
    endloop
  endfacet
  facet normal -0.415466 0.906304 -0.0774667
    outer loop
      vertex -27.8507 7.93969 -5.69883
      vertex -28.0055 7.86602 -5.7305
      vertex -28.0336 7.93969 -4.71791
    endloop
  endfacet
  facet normal -0.412502 0.906304 -0.0919526
    outer loop
      vertex -27.8507 7.93969 -5.69883
      vertex -27.7872 7.86602 -6.7098
      vertex -28.0055 7.86602 -5.7305
    endloop
  endfacet
  facet normal -0.560141 0.818933 -0.124863
    outer loop
      vertex -27.7872 7.86602 -6.7098
      vertex -27.9259 7.76604 -6.74332
      vertex -28.0055 7.86602 -5.7305
    endloop
  endfacet
  facet normal -0.55541 0.818935 -0.144446
    outer loop
      vertex -27.7872 7.86602 -6.7098
      vertex -27.6721 7.76604 -7.71921
      vertex -27.9259 7.76604 -6.74332
    endloop
  endfacet
  facet normal -0.0841258 0.996362 -0.0136342
    outer loop
      vertex -27.7999 8 -3.99702
      vertex -27.6395 8 -4.98672
      vertex -27.8675 7.98481 -4.68997
    endloop
  endfacet
  facet normal -0.0876042 0.996022 -0.0163242
    outer loop
      vertex -27.6395 8 -4.98672
      vertex -27.6858 7.98481 -5.66507
      vertex -27.8675 7.98481 -4.68997
    endloop
  endfacet
  facet normal -0.254575 0.965889 -0.0474375
    outer loop
      vertex -27.6858 7.98481 -5.66507
      vertex -27.8507 7.93969 -5.69883
      vertex -27.8675 7.98481 -4.68997
    endloop
  endfacet
  facet normal -0.252752 0.965889 -0.0563435
    outer loop
      vertex -27.6858 7.98481 -5.66507
      vertex -27.6336 7.93969 -6.67272
      vertex -27.8507 7.93969 -5.69883
    endloop
  endfacet
  facet normal -0.412489 0.90631 -0.0919522
    outer loop
      vertex -27.6336 7.93969 -6.67272
      vertex -27.7872 7.86602 -6.7098
      vertex -27.8507 7.93969 -5.69883
    endloop
  endfacet
  facet normal -0.409002 0.90631 -0.106395
    outer loop
      vertex -27.6336 7.93969 -6.67272
      vertex -27.5346 7.86602 -7.68084
      vertex -27.7872 7.86602 -6.7098
    endloop
  endfacet
  facet normal -0.555246 0.819048 -0.144438
    outer loop
      vertex -27.5346 7.86602 -7.68084
      vertex -27.6721 7.76604 -7.71921
      vertex -27.7872 7.86602 -6.7098
    endloop
  endfacet
  facet normal -0.549827 0.819049 -0.163859
    outer loop
      vertex -27.5346 7.86602 -7.68084
      vertex -27.3841 7.76604 -8.68559
      vertex -27.6721 7.76604 -7.71921
    endloop
  endfacet
  facet normal -0.0835103 0.996368 -0.0166114
    outer loop
      vertex -27.6395 8 -4.98672
      vertex -27.4439 8 -5.97006
      vertex -27.6858 7.98481 -5.66507
    endloop
  endfacet
  facet normal -0.0870088 0.996019 -0.0194036
    outer loop
      vertex -27.4439 8 -5.97006
      vertex -27.4699 7.98481 -6.6332
      vertex -27.6858 7.98481 -5.66507
    endloop
  endfacet
  facet normal -0.252632 0.965921 -0.0563387
    outer loop
      vertex -27.4699 7.98481 -6.6332
      vertex -27.6336 7.93969 -6.67272
      vertex -27.6858 7.98481 -5.66507
    endloop
  endfacet
  facet normal -0.250502 0.965921 -0.065163
    outer loop
      vertex -27.4699 7.98481 -6.6332
      vertex -27.3824 7.93969 -7.63839
      vertex -27.6336 7.93969 -6.67272
    endloop
  endfacet
  facet normal -0.409009 0.906307 -0.106396
    outer loop
      vertex -27.3824 7.93969 -7.63839
      vertex -27.5346 7.86602 -7.68084
      vertex -27.6336 7.93969 -6.67272
    endloop
  endfacet
  facet normal -0.405015 0.906306 -0.120715
    outer loop
      vertex -27.3824 7.93969 -7.63839
      vertex -27.248 7.86602 -8.64242
      vertex -27.5346 7.86602 -7.68084
    endloop
  endfacet
  facet normal -0.549746 0.819104 -0.163853
    outer loop
      vertex -27.248 7.86602 -8.64242
      vertex -27.3841 7.76604 -8.68559
      vertex -27.5346 7.86602 -7.68084
    endloop
  endfacet
  facet normal -0.543686 0.819104 -0.182958
    outer loop
      vertex -27.248 7.86602 -8.64242
      vertex -27.0625 7.76604 -9.64127
      vertex -27.3841 7.76604 -8.68559
    endloop
  endfacet
  facet normal -0.0828606 0.996369 -0.0195742
    outer loop
      vertex -27.4439 8 -5.97006
      vertex -27.2134 8 -6.9458
      vertex -27.4699 7.98481 -6.6332
    endloop
  endfacet
  facet normal -0.0863613 0.996011 -0.0224641
    outer loop
      vertex -27.2134 8 -6.9458
      vertex -27.2202 7.98481 -7.59315
      vertex -27.4699 7.98481 -6.6332
    endloop
  endfacet
  facet normal -0.250519 0.965916 -0.0651643
    outer loop
      vertex -27.2202 7.98481 -7.59315
      vertex -27.3824 7.93969 -7.63839
      vertex -27.4699 7.98481 -6.6332
    endloop
  endfacet
  facet normal -0.248079 0.965916 -0.0739099
    outer loop
      vertex -27.2202 7.98481 -7.59315
      vertex -27.0975 7.93969 -8.59466
      vertex -27.3824 7.93969 -7.63839
    endloop
  endfacet
  facet normal -0.405266 0.906191 -0.12074
    outer loop
      vertex -27.0975 7.93969 -8.59466
      vertex -27.248 7.86602 -8.64242
      vertex -27.3824 7.93969 -7.63839
    endloop
  endfacet
  facet normal -0.400783 0.906192 -0.134869
    outer loop
      vertex -27.0975 7.93969 -8.59466
      vertex -26.928 7.86602 -9.59335
      vertex -27.248 7.86602 -8.64242
    endloop
  endfacet
  facet normal -0.54369 0.819101 -0.182959
    outer loop
      vertex -26.928 7.86602 -9.59335
      vertex -27.0625 7.76604 -9.64127
      vertex -27.248 7.86602 -8.64242
    endloop
  endfacet
  facet normal -0.536906 0.819102 -0.202002
    outer loop
      vertex -26.928 7.86602 -9.59335
      vertex -26.7074 7.76604 -10.5851
      vertex -27.0625 7.76604 -9.64127
    endloop
  endfacet
  facet normal -0.0820654 0.996373 -0.0225177
    outer loop
      vertex -27.2134 8 -6.9458
      vertex -26.9481 8 -7.91268
      vertex -27.2202 7.98481 -7.59315
    endloop
  endfacet
  facet normal -0.085522 0.99601 -0.0254785
    outer loop
      vertex -26.9481 8 -7.91268
      vertex -26.937 7.98481 -8.54375
      vertex -27.2202 7.98481 -7.59315
    endloop
  endfacet
  facet normal -0.248094 0.965912 -0.0739115
    outer loop
      vertex -26.937 7.98481 -8.54375
      vertex -27.0975 7.93969 -8.59466
      vertex -27.2202 7.98481 -7.59315
    endloop
  endfacet
  facet normal -0.245337 0.965912 -0.0826032
    outer loop
      vertex -26.937 7.98481 -8.54375
      vertex -26.7791 7.93969 -9.54033
      vertex -27.0975 7.93969 -8.59466
    endloop
  endfacet
  facet normal -0.400424 0.906357 -0.13482
    outer loop
      vertex -26.7791 7.93969 -9.54033
      vertex -26.928 7.86602 -9.59335
      vertex -27.0975 7.93969 -8.59466
    endloop
  endfacet
  facet normal -0.395457 0.906356 -0.148768
    outer loop
      vertex -26.7791 7.93969 -9.54033
      vertex -26.5747 7.86602 -10.5325
      vertex -26.928 7.86602 -9.59335
    endloop
  endfacet
  facet normal -0.537006 0.819032 -0.202017
    outer loop
      vertex -26.5747 7.86602 -10.5325
      vertex -26.7074 7.76604 -10.5851
      vertex -26.928 7.86602 -9.59335
    endloop
  endfacet
  facet normal -0.529591 0.819032 -0.220725
    outer loop
      vertex -26.5747 7.86602 -10.5325
      vertex -26.3195 7.76604 -11.5158
      vertex -26.7074 7.76604 -10.5851
    endloop
  endfacet
  facet normal -0.0811505 0.996378 -0.0254104
    outer loop
      vertex -26.6485 8 -8.86948
      vertex -26.937 7.98481 -8.54375
      vertex -26.9481 8 -7.91268
    endloop
  endfacet
  facet normal -0.0845999 0.996008 -0.0284829
    outer loop
      vertex -26.6485 8 -8.86948
      vertex -26.6205 7.98481 -9.48382
      vertex -26.937 7.98481 -8.54375
    endloop
  endfacet
  facet normal -0.245357 0.965907 -0.0826061
    outer loop
      vertex -26.6205 7.98481 -9.48382
      vertex -26.7791 7.93969 -9.54033
      vertex -26.937 7.98481 -8.54375
    endloop
  endfacet
  facet normal -0.242315 0.965907 -0.0911436
    outer loop
      vertex -26.6205 7.98481 -9.48382
      vertex -26.4278 7.93969 -10.4743
      vertex -26.7791 7.93969 -9.54033
    endloop
  endfacet
  facet normal -0.395564 0.906307 -0.148786
    outer loop
      vertex -26.4278 7.93969 -10.4743
      vertex -26.5747 7.86602 -10.5325
      vertex -26.7791 7.93969 -9.54033
    endloop
  endfacet
  facet normal -0.390094 0.906306 -0.162592
    outer loop
      vertex -26.4278 7.93969 -10.4743
      vertex -26.1887 7.86602 -11.4586
      vertex -26.5747 7.86602 -10.5325
    endloop
  endfacet
  facet normal -0.529548 0.819062 -0.220716
    outer loop
      vertex -26.1887 7.86602 -11.4586
      vertex -26.3195 7.76604 -11.5158
      vertex -26.5747 7.86602 -10.5325
    endloop
  endfacet
  facet normal -0.521495 0.819061 -0.239128
    outer loop
      vertex -26.1887 7.86602 -11.4586
      vertex -25.8992 7.76604 -12.4324
      vertex -26.3195 7.76604 -11.5158
    endloop
  endfacet
  facet normal -0.0802098 0.996376 -0.0282919
    outer loop
      vertex -26.315 8 -9.81498
      vertex -26.6205 7.98481 -9.48382
      vertex -26.6485 8 -8.86948
    endloop
  endfacet
  facet normal -0.0836158 0.996002 -0.0314512
    outer loop
      vertex -26.315 8 -9.81498
      vertex -26.2713 7.98481 -10.4122
      vertex -26.6205 7.98481 -9.48382
    endloop
  endfacet
  facet normal -0.242312 0.965908 -0.0911429
    outer loop
      vertex -26.2713 7.98481 -10.4122
      vertex -26.4278 7.93969 -10.4743
      vertex -26.6205 7.98481 -9.48382
    endloop
  endfacet
  facet normal -0.238964 0.965909 -0.0995812
    outer loop
      vertex -26.2713 7.98481 -10.4122
      vertex -26.044 7.93969 -11.3953
      vertex -26.4278 7.93969 -10.4743
    endloop
  endfacet
  facet normal -0.390244 0.906236 -0.162623
    outer loop
      vertex -26.044 7.93969 -11.3953
      vertex -26.1887 7.86602 -11.4586
      vertex -26.4278 7.93969 -10.4743
    endloop
  endfacet
  facet normal -0.384281 0.906235 -0.176255
    outer loop
      vertex -26.044 7.93969 -11.3953
      vertex -25.7704 7.86602 -12.3706
      vertex -26.1887 7.86602 -11.4586
    endloop
  endfacet
  facet normal -0.521228 0.819249 -0.239067
    outer loop
      vertex -25.7704 7.86602 -12.3706
      vertex -25.8992 7.76604 -12.4324
      vertex -26.1887 7.86602 -11.4586
    endloop
  endfacet
  facet normal -0.512525 0.819247 -0.257201
    outer loop
      vertex -25.7704 7.86602 -12.3706
      vertex -25.4469 7.76604 -13.3337
      vertex -25.8992 7.76604 -12.4324
    endloop
  endfacet
  facet normal -0.0791255 0.996378 -0.0311322
    outer loop
      vertex -25.9479 8 -10.748
      vertex -26.2713 7.98481 -10.4122
      vertex -26.315 8 -9.81498
    endloop
  endfacet
  facet normal -0.0824722 0.996 -0.0343724
    outer loop
      vertex -25.9479 8 -10.748
      vertex -25.8897 7.98481 -11.3278
      vertex -26.2713 7.98481 -10.4122
    endloop
  endfacet
  facet normal -0.238897 0.965927 -0.0995667
    outer loop
      vertex -25.8897 7.98481 -11.3278
      vertex -26.044 7.93969 -11.3953
      vertex -26.2713 7.98481 -10.4122
    endloop
  endfacet
  facet normal -0.235248 0.965927 -0.107909
    outer loop
      vertex -25.8897 7.98481 -11.3278
      vertex -25.628 7.93969 -12.3022
      vertex -26.044 7.93969 -11.3953
    endloop
  endfacet
  facet normal -0.384203 0.906272 -0.176236
    outer loop
      vertex -25.628 7.93969 -12.3022
      vertex -25.7704 7.86602 -12.3706
      vertex -26.044 7.93969 -11.3953
    endloop
  endfacet
  facet normal -0.377798 0.906273 -0.189573
    outer loop
      vertex -25.628 7.93969 -12.3022
      vertex -25.3204 7.86602 -13.2674
      vertex -25.7704 7.86602 -12.3706
    endloop
  endfacet
  facet normal -0.512625 0.819176 -0.257227
    outer loop
      vertex -25.3204 7.86602 -13.2674
      vertex -25.4469 7.76604 -13.3337
      vertex -25.7704 7.86602 -12.3706
    endloop
  endfacet
  facet normal -0.503274 0.819177 -0.275071
    outer loop
      vertex -25.3204 7.86602 -13.2674
      vertex -24.9633 7.76604 -14.2185
      vertex -25.4469 7.76604 -13.3337
    endloop
  endfacet
  facet normal -0.0779332 0.996381 -0.0339268
    outer loop
      vertex -25.5477 8 -11.6673
      vertex -25.8897 7.98481 -11.3278
      vertex -25.9479 8 -10.748
    endloop
  endfacet
  facet normal -0.0812111 0.996001 -0.0372458
    outer loop
      vertex -25.5477 8 -11.6673
      vertex -25.4762 7.98481 -12.2294
      vertex -25.8897 7.98481 -11.3278
    endloop
  endfacet
  facet normal -0.235336 0.965902 -0.107932
    outer loop
      vertex -25.4762 7.98481 -12.2294
      vertex -25.628 7.93969 -12.3022
      vertex -25.8897 7.98481 -11.3278
    endloop
  endfacet
  facet normal -0.231414 0.965902 -0.116109
    outer loop
      vertex -25.4762 7.98481 -12.2294
      vertex -25.1805 7.93969 -13.1941
      vertex -25.628 7.93969 -12.3022
    endloop
  endfacet
  facet normal -0.377877 0.906235 -0.189595
    outer loop
      vertex -25.1805 7.93969 -13.1941
      vertex -25.3204 7.86602 -13.2674
      vertex -25.628 7.93969 -12.3022
    endloop
  endfacet
  facet normal -0.370977 0.906235 -0.202765
    outer loop
      vertex -25.1805 7.93969 -13.1941
      vertex -24.8392 7.86602 -14.1478
      vertex -25.3204 7.86602 -13.2674
    endloop
  endfacet
  facet normal -0.503262 0.819185 -0.275068
    outer loop
      vertex -24.8392 7.86602 -14.1478
      vertex -24.9633 7.76604 -14.2185
      vertex -25.3204 7.86602 -13.2674
    endloop
  endfacet
  facet normal -0.49329 0.819186 -0.292573
    outer loop
      vertex -24.8392 7.86602 -14.1478
      vertex -24.4489 7.76604 -15.0858
      vertex -24.9633 7.76604 -14.2185
    endloop
  endfacet
  facet normal -0.0766602 0.996382 -0.0366772
    outer loop
      vertex -25.115 8 -12.5717
      vertex -25.4762 7.98481 -12.2294
      vertex -25.5477 8 -11.6673
    endloop
  endfacet
  facet normal -0.0798743 0.995999 -0.0400858
    outer loop
      vertex -25.115 8 -12.5717
      vertex -25.0313 7.98481 -13.1159
      vertex -25.4762 7.98481 -12.2294
    endloop
  endfacet
  facet normal -0.231277 0.965939 -0.116069
    outer loop
      vertex -25.0313 7.98481 -13.1159
      vertex -25.1805 7.93969 -13.1941
      vertex -25.4762 7.98481 -12.2294
    endloop
  endfacet
  facet normal -0.227056 0.965939 -0.124122
    outer loop
      vertex -25.0313 7.98481 -13.1159
      vertex -24.7019 7.93969 -14.0696
      vertex -25.1805 7.93969 -13.1941
    endloop
  endfacet
  facet normal -0.37083 0.906306 -0.202718
    outer loop
      vertex -24.7019 7.93969 -14.0696
      vertex -24.8392 7.86602 -14.1478
      vertex -25.1805 7.93969 -13.1941
    endloop
  endfacet
  facet normal -0.363506 0.906306 -0.215577
    outer loop
      vertex -24.7019 7.93969 -14.0696
      vertex -24.3274 7.86602 -15.0108
      vertex -24.8392 7.86602 -14.1478
    endloop
  endfacet
  facet normal -0.493402 0.819105 -0.292611
    outer loop
      vertex -24.3274 7.86602 -15.0108
      vertex -24.4489 7.76604 -15.0858
      vertex -24.8392 7.86602 -14.1478
    endloop
  endfacet
  facet normal -0.482817 0.819107 -0.309761
    outer loop
      vertex -24.3274 7.86602 -15.0108
      vertex -23.9044 7.76604 -15.9345
      vertex -24.4489 7.76604 -15.0858
    endloop
  endfacet
  facet normal -0.0753146 0.996381 -0.0393952
    outer loop
      vertex -24.6503 8 -13.4601
      vertex -25.0313 7.98481 -13.1159
      vertex -25.115 8 -12.5717
    endloop
  endfacet
  facet normal -0.0784366 0.995997 -0.042868
    outer loop
      vertex -24.6503 8 -13.4601
      vertex -24.5556 7.98481 -13.9863
      vertex -25.0313 7.98481 -13.1159
    endloop
  endfacet
  facet normal -0.227193 0.965902 -0.124168
    outer loop
      vertex -24.5556 7.98481 -13.9863
      vertex -24.7019 7.93969 -14.0696
      vertex -25.0313 7.98481 -13.1159
    endloop
  endfacet
  facet normal -0.222707 0.965901 -0.132046
    outer loop
      vertex -24.5556 7.98481 -13.9863
      vertex -24.193 7.93969 -14.9279
      vertex -24.7019 7.93969 -14.0696
    endloop
  endfacet
  facet normal -0.363711 0.906206 -0.21565
    outer loop
      vertex -24.193 7.93969 -14.9279
      vertex -24.3274 7.86602 -15.0108
      vertex -24.7019 7.93969 -14.0696
    endloop
  endfacet
  facet normal -0.355892 0.906205 -0.228327
    outer loop
      vertex -24.193 7.93969 -14.9279
      vertex -23.7856 7.86602 -15.8553
      vertex -24.3274 7.86602 -15.0108
    endloop
  endfacet
  facet normal -0.482829 0.819098 -0.309765
    outer loop
      vertex -23.7856 7.86602 -15.8553
      vertex -23.9044 7.76604 -15.9345
      vertex -24.3274 7.86602 -15.0108
    endloop
  endfacet
  facet normal -0.471677 0.819099 -0.326493
    outer loop
      vertex -23.7856 7.86602 -15.8553
      vertex -23.3305 7.76604 -16.7636
      vertex -23.9044 7.76604 -15.9345
    endloop
  endfacet
  facet normal -0.0738505 0.996382 -0.0420538
    outer loop
      vertex -24.1542 8 -14.3313
      vertex -24.5556 7.98481 -13.9863
      vertex -24.6503 8 -13.4601
    endloop
  endfacet
  facet normal -0.0768721 0.995998 -0.0455862
    outer loop
      vertex -24.1542 8 -14.3313
      vertex -24.0497 7.98481 -14.8394
      vertex -24.5556 7.98481 -13.9863
    endloop
  endfacet
  facet normal -0.222609 0.965929 -0.13201
    outer loop
      vertex -24.0497 7.98481 -14.8394
      vertex -24.193 7.93969 -14.9279
      vertex -24.5556 7.98481 -13.9863
    endloop
  endfacet
  facet normal -0.217827 0.96593 -0.139754
    outer loop
      vertex -24.0497 7.98481 -14.8394
      vertex -23.6542 7.93969 -15.7677
      vertex -24.193 7.93969 -14.9279
    endloop
  endfacet
  facet normal -0.355865 0.906219 -0.228316
    outer loop
      vertex -23.6542 7.93969 -15.7677
      vertex -23.7856 7.86602 -15.8553
      vertex -24.193 7.93969 -14.9279
    endloop
  endfacet
  facet normal -0.347641 0.906219 -0.240652
    outer loop
      vertex -23.6542 7.93969 -15.7677
      vertex -23.2145 7.86602 -16.6803
      vertex -23.7856 7.86602 -15.8553
    endloop
  endfacet
  facet normal -0.471598 0.819158 -0.32646
    outer loop
      vertex -23.2145 7.86602 -16.6803
      vertex -23.3305 7.76604 -16.7636
      vertex -23.7856 7.86602 -15.8553
    endloop
  endfacet
  facet normal -0.459859 0.819155 -0.342804
    outer loop
      vertex -23.2145 7.86602 -16.6803
      vertex -22.7278 7.76604 -17.5721
      vertex -23.3305 7.76604 -16.7636
    endloop
  endfacet
  facet normal -0.0722939 0.996383 -0.0446561
    outer loop
      vertex -23.6273 8 -15.1843
      vertex -24.0497 7.98481 -14.8394
      vertex -24.1542 8 -14.3313
    endloop
  endfacet
  facet normal -0.0752167 0.995999 -0.0482526
    outer loop
      vertex -23.6273 8 -15.1843
      vertex -23.5141 7.98481 -15.6743
      vertex -24.0497 7.98481 -14.8394
    endloop
  endfacet
  facet normal -0.217891 0.965912 -0.13978
    outer loop
      vertex -23.5141 7.98481 -15.6743
      vertex -23.6542 7.93969 -15.7677
      vertex -24.0497 7.98481 -14.8394
    endloop
  endfacet
  facet normal -0.212839 0.965912 -0.147358
    outer loop
      vertex -23.5141 7.98481 -15.6743
      vertex -23.0862 7.93969 -16.5881
      vertex -23.6542 7.93969 -15.7677
    endloop
  endfacet
  facet normal -0.347499 0.90629 -0.240589
    outer loop
      vertex -23.0862 7.93969 -16.5881
      vertex -23.2145 7.86602 -16.6803
      vertex -23.6542 7.93969 -15.7677
    endloop
  endfacet
  facet normal -0.338851 0.90629 -0.252622
    outer loop
      vertex -23.0862 7.93969 -16.5881
      vertex -22.6148 7.86602 -17.4847
      vertex -23.2145 7.86602 -16.6803
    endloop
  endfacet
  facet normal -0.459745 0.819241 -0.342751
    outer loop
      vertex -22.6148 7.86602 -17.4847
      vertex -22.7278 7.76604 -17.5721
      vertex -23.2145 7.86602 -16.6803
    endloop
  endfacet
  facet normal -0.447437 0.819242 -0.358666
    outer loop
      vertex -22.6148 7.86602 -17.4847
      vertex -22.0971 7.76604 -18.3589
      vertex -22.7278 7.76604 -17.5721
    endloop
  endfacet
  facet normal -0.0706484 0.996384 -0.0472091
    outer loop
      vertex -23.0702 8 -16.018
      vertex -23.5141 7.98481 -15.6743
      vertex -23.6273 8 -15.1843
    endloop
  endfacet
  facet normal -0.0734526 0.996002 -0.0508476
    outer loop
      vertex -23.0702 8 -16.018
      vertex -22.9495 7.98481 -16.4899
      vertex -23.5141 7.98481 -15.6743
    endloop
  endfacet
  facet normal -0.212923 0.965887 -0.147396
    outer loop
      vertex -22.9495 7.98481 -16.4899
      vertex -23.0862 7.93969 -16.5881
      vertex -23.5141 7.98481 -15.6743
    endloop
  endfacet
  facet normal -0.207631 0.965887 -0.154763
    outer loop
      vertex -22.9495 7.98481 -16.4899
      vertex -22.4899 7.93969 -17.3881
      vertex -23.0862 7.93969 -16.5881
    endloop
  endfacet
  facet normal -0.339045 0.906191 -0.252716
    outer loop
      vertex -22.4899 7.93969 -17.3881
      vertex -22.6148 7.86602 -17.4847
      vertex -23.0862 7.93969 -16.5881
    endloop
  endfacet
  facet normal -0.329959 0.906193 -0.264465
    outer loop
      vertex -22.4899 7.93969 -17.3881
      vertex -21.9873 7.86602 -18.2676
      vertex -22.6148 7.86602 -17.4847
    endloop
  endfacet
  facet normal -0.447579 0.819134 -0.358738
    outer loop
      vertex -21.9873 7.86602 -18.2676
      vertex -22.0971 7.76604 -18.3589
      vertex -22.6148 7.86602 -17.4847
    endloop
  endfacet
  facet normal -0.434675 0.819137 -0.374261
    outer loop
      vertex -21.9873 7.86602 -18.2676
      vertex -21.4392 7.76604 -19.123
      vertex -22.0971 7.76604 -18.3589
    endloop
  endfacet
  facet normal -0.0689248 0.996383 -0.0497018
    outer loop
      vertex -22.4838 8 -16.8312
      vertex -22.9495 7.98481 -16.4899
      vertex -23.0702 8 -16.018
    endloop
  endfacet
  facet normal -0.0716111 0.996003 -0.0533841
    outer loop
      vertex -22.4838 8 -16.8312
      vertex -22.3567 7.98481 -17.2851
      vertex -22.9495 7.98481 -16.4899
    endloop
  endfacet
  facet normal -0.207549 0.965911 -0.154722
    outer loop
      vertex -22.3567 7.98481 -17.2851
      vertex -22.4899 7.93969 -17.3881
      vertex -22.9495 7.98481 -16.4899
    endloop
  endfacet
  facet normal -0.201991 0.965911 -0.16191
    outer loop
      vertex -22.3567 7.98481 -17.2851
      vertex -21.8658 7.93969 -18.1667
      vertex -22.4899 7.93969 -17.3881
    endloop
  endfacet
  facet normal -0.329887 0.90623 -0.264427
    outer loop
      vertex -21.8658 7.93969 -18.1667
      vertex -21.9873 7.86602 -18.2676
      vertex -22.4899 7.93969 -17.3881
    endloop
  endfacet
  facet normal -0.320414 0.906229 -0.275833
    outer loop
      vertex -21.8658 7.93969 -18.1667
      vertex -21.3327 7.86602 -19.028
      vertex -21.9873 7.86602 -18.2676
    endloop
  endfacet
  facet normal -0.434885 0.818974 -0.374376
    outer loop
      vertex -21.3327 7.86602 -19.028
      vertex -21.4392 7.76604 -19.123
      vertex -21.9873 7.86602 -18.2676
    endloop
  endfacet
  facet normal -0.421489 0.818974 -0.389395
    outer loop
      vertex -21.3327 7.86602 -19.028
      vertex -20.7549 7.76604 -19.8637
      vertex -21.4392 7.76604 -19.123
    endloop
  endfacet
  facet normal -0.0671327 0.996381 -0.0521427
    outer loop
      vertex -21.8688 8 -17.623
      vertex -22.3567 7.98481 -17.2851
      vertex -22.4838 8 -16.8312
    endloop
  endfacet
  facet normal -0.0697021 0.996002 -0.0558698
    outer loop
      vertex -21.8688 8 -17.623
      vertex -21.7363 7.98481 -18.0591
      vertex -22.3567 7.98481 -17.2851
    endloop
  endfacet
  facet normal -0.202004 0.965908 -0.161916
    outer loop
      vertex -21.7363 7.98481 -18.0591
      vertex -21.8658 7.93969 -18.1667
      vertex -22.3567 7.98481 -17.2851
    endloop
  endfacet
  facet normal -0.196188 0.965908 -0.168917
    outer loop
      vertex -21.7363 7.98481 -18.0591
      vertex -21.2148 7.93969 -18.9228
      vertex -21.8658 7.93969 -18.1667
    endloop
  endfacet
  facet normal -0.320264 0.906308 -0.275747
    outer loop
      vertex -21.2148 7.93969 -18.9228
      vertex -21.3327 7.86602 -19.028
      vertex -21.8658 7.93969 -18.1667
    endloop
  endfacet
  facet normal -0.310396 0.906309 -0.286807
    outer loop
      vertex -21.2148 7.93969 -18.9228
      vertex -20.6518 7.86602 -19.7649
      vertex -21.3327 7.86602 -19.028
    endloop
  endfacet
  facet normal -0.421296 0.819128 -0.38928
    outer loop
      vertex -20.6518 7.86602 -19.7649
      vertex -20.7549 7.76604 -19.8637
      vertex -21.3327 7.86602 -19.028
    endloop
  endfacet
  facet normal -0.407358 0.819134 -0.403831
    outer loop
      vertex -20.6518 7.86602 -19.7649
      vertex -20.045 7.76604 -20.5798
      vertex -20.7549 7.76604 -19.8637
    endloop
  endfacet
  facet normal -0.0652362 0.996379 -0.054526
    outer loop
      vertex -21.2258 8 -18.3923
      vertex -21.7363 7.98481 -18.0591
      vertex -21.8688 8 -17.623
    endloop
  endfacet
  facet normal -0.0676562 0.996007 -0.0582508
    outer loop
      vertex -21.2258 8 -18.3923
      vertex -21.0891 7.98481 -18.8108
      vertex -21.7363 7.98481 -18.0591
    endloop
  endfacet
  facet normal -0.196199 0.965904 -0.168923
    outer loop
      vertex -21.0891 7.98481 -18.8108
      vertex -21.2148 7.93969 -18.9228
      vertex -21.7363 7.98481 -18.0591
    endloop
  endfacet
  facet normal -0.190156 0.965903 -0.175704
    outer loop
      vertex -21.0891 7.98481 -18.8108
      vertex -20.5376 7.93969 -19.6557
      vertex -21.2148 7.93969 -18.9228
    endloop
  endfacet
  facet normal -0.310401 0.906306 -0.286811
    outer loop
      vertex -20.5376 7.93969 -19.6557
      vertex -20.6518 7.86602 -19.7649
      vertex -21.2148 7.93969 -18.9228
    endloop
  endfacet
  facet normal -0.300146 0.906303 -0.297534
    outer loop
      vertex -20.5376 7.93969 -19.6557
      vertex -19.9454 7.86602 -20.4775
      vertex -20.6518 7.86602 -19.7649
    endloop
  endfacet
  facet normal -0.407407 0.819093 -0.403863
    outer loop
      vertex -19.9454 7.86602 -20.4775
      vertex -20.045 7.76604 -20.5798
      vertex -20.6518 7.86602 -19.7649
    endloop
  endfacet
  facet normal -0.392987 0.819095 -0.417904
    outer loop
      vertex -19.9454 7.86602 -20.4775
      vertex -19.3104 7.76604 -21.2706
      vertex -20.045 7.76604 -20.5798
    endloop
  endfacet
  facet normal -0.0632693 0.996377 -0.0568313
    outer loop
      vertex -20.5558 8 -19.1382
      vertex -21.0891 7.98481 -18.8108
      vertex -21.2258 8 -18.3923
    endloop
  endfacet
  facet normal -0.0655526 0.996009 -0.0605675
    outer loop
      vertex -20.5558 8 -19.1382
      vertex -20.416 7.98481 -19.5393
      vertex -21.0891 7.98481 -18.8108
    endloop
  endfacet
  facet normal -0.190187 0.965893 -0.175724
    outer loop
      vertex -20.416 7.98481 -19.5393
      vertex -20.5376 7.93969 -19.6557
      vertex -21.0891 7.98481 -18.8108
    endloop
  endfacet
  facet normal -0.183901 0.965893 -0.182292
    outer loop
      vertex -20.416 7.98481 -19.5393
      vertex -19.8352 7.93969 -20.3643
      vertex -20.5376 7.93969 -19.6557
    endloop
  endfacet
  facet normal -0.300192 0.906278 -0.297565
    outer loop
      vertex -19.8352 7.93969 -20.3643
      vertex -19.9454 7.86602 -20.4775
      vertex -20.5376 7.93969 -19.6557
    endloop
  endfacet
  facet normal -0.289576 0.90628 -0.307901
    outer loop
      vertex -19.8352 7.93969 -20.3643
      vertex -19.2145 7.86602 -21.1649
      vertex -19.9454 7.86602 -20.4775
    endloop
  endfacet
  facet normal -0.393118 0.818986 -0.417996
    outer loop
      vertex -19.2145 7.86602 -21.1649
      vertex -19.3104 7.76604 -21.2706
      vertex -19.9454 7.86602 -20.4775
    endloop
  endfacet
  facet normal -0.378206 0.818989 -0.431528
    outer loop
      vertex -19.2145 7.86602 -21.1649
      vertex -18.5521 7.76604 -21.9352
      vertex -19.3104 7.76604 -21.2706
    endloop
  endfacet
  facet normal -0.0612036 0.996376 -0.0590656
    outer loop
      vertex -19.8596 8 -19.8596
      vertex -20.416 7.98481 -19.5393
      vertex -20.5558 8 -19.1382
    endloop
  endfacet
  facet normal -0.0633367 0.996015 -0.0627882
    outer loop
      vertex -19.8596 8 -19.8596
      vertex -19.7177 7.98481 -20.2437
      vertex -20.416 7.98481 -19.5393
    endloop
  endfacet
  facet normal -0.183847 0.965911 -0.182255
    outer loop
      vertex -19.7177 7.98481 -20.2437
      vertex -19.8352 7.93969 -20.3643
      vertex -20.416 7.98481 -19.5393
    endloop
  endfacet
  facet normal -0.17735 0.96591 -0.188584
    outer loop
      vertex -19.7177 7.98481 -20.2437
      vertex -19.1083 7.93969 -21.0479
      vertex -19.8352 7.93969 -20.3643
    endloop
  endfacet
  facet normal -0.289525 0.906308 -0.307864
    outer loop
      vertex -19.1083 7.93969 -21.0479
      vertex -19.2145 7.86602 -21.1649
      vertex -19.8352 7.93969 -20.3643
    endloop
  endfacet
  facet normal -0.278539 0.906309 -0.317837
    outer loop
      vertex -19.1083 7.93969 -21.0479
      vertex -18.4599 7.86602 -21.8262
      vertex -19.2145 7.86602 -21.1649
    endloop
  endfacet
  facet normal -0.378111 0.819071 -0.431457
    outer loop
      vertex -18.4599 7.86602 -21.8262
      vertex -18.5521 7.76604 -21.9352
      vertex -19.2145 7.86602 -21.1649
    endloop
  endfacet
  facet normal -0.36269 0.81907 -0.444501
    outer loop
      vertex -18.4599 7.86602 -21.8262
      vertex -17.7708 7.76604 -22.5727
      vertex -18.5521 7.76604 -21.9352
    endloop
  endfacet
  facet normal -0.0590969 0.996372 -0.061236
    outer loop
      vertex -19.1382 8 -20.5558
      vertex -19.7177 7.98481 -20.2437
      vertex -19.8596 8 -19.8596
    endloop
  endfacet
  facet normal -0.0611035 0.996014 -0.0649792
    outer loop
      vertex -19.1382 8 -20.5558
      vertex -18.9951 7.98481 -20.9232
      vertex -19.7177 7.98481 -20.2437
    endloop
  endfacet
  facet normal -0.177302 0.965926 -0.188548
    outer loop
      vertex -18.9951 7.98481 -20.9232
      vertex -19.1083 7.93969 -21.0479
      vertex -19.7177 7.98481 -20.2437
    endloop
  endfacet
  facet normal -0.170567 0.965926 -0.194663
    outer loop
      vertex -18.9951 7.98481 -20.9232
      vertex -18.3578 7.93969 -21.7055
      vertex -19.1083 7.93969 -21.0479
    endloop
  endfacet
  facet normal -0.278397 0.906391 -0.317726
    outer loop
      vertex -18.3578 7.93969 -21.7055
      vertex -18.4599 7.86602 -21.8262
      vertex -19.1083 7.93969 -21.0479
    endloop
  endfacet
  facet normal -0.267063 0.90639 -0.327313
    outer loop
      vertex -18.3578 7.93969 -21.7055
      vertex -17.6825 7.86602 -22.4605
      vertex -18.4599 7.86602 -21.8262
    endloop
  endfacet
  facet normal -0.36266 0.819096 -0.444477
    outer loop
      vertex -17.6825 7.86602 -22.4605
      vertex -17.7708 7.76604 -22.5727
      vertex -18.4599 7.86602 -21.8262
    endloop
  endfacet
  facet normal -0.346908 0.819097 -0.456875
    outer loop
      vertex -17.6825 7.86602 -22.4605
      vertex -16.9677 7.76604 -23.1825
      vertex -17.7708 7.76604 -22.5727
    endloop
  endfacet
  facet normal -0.0569148 0.996366 -0.0633623
    outer loop
      vertex -18.3923 8 -21.2258
      vertex -18.9951 7.98481 -20.9232
      vertex -19.1382 8 -20.5558
    endloop
  endfacet
  facet normal -0.0587494 0.99602 -0.0670343
    outer loop
      vertex -18.3923 8 -21.2258
      vertex -18.2491 7.98481 -21.577
      vertex -18.9951 7.98481 -20.9232
    endloop
  endfacet
  facet normal -0.17069 0.965885 -0.194761
    outer loop
      vertex -18.2491 7.98481 -21.577
      vertex -18.3578 7.93969 -21.7055
      vertex -18.9951 7.98481 -20.9232
    endloop
  endfacet
  facet normal -0.16375 0.965885 -0.200631
    outer loop
      vertex -18.2491 7.98481 -21.577
      vertex -17.5848 7.93969 -22.3364
      vertex -18.3578 7.93969 -21.7055
    endloop
  endfacet
  facet normal -0.267316 0.906239 -0.327525
    outer loop
      vertex -17.5848 7.93969 -22.3364
      vertex -17.6825 7.86602 -22.4605
      vertex -18.3578 7.93969 -21.7055
    endloop
  endfacet
  facet normal -0.25567 0.90624 -0.336694
    outer loop
      vertex -17.5848 7.93969 -22.3364
      vertex -16.8834 7.86602 -23.0673
      vertex -17.6825 7.86602 -22.4605
    endloop
  endfacet
  facet normal -0.34697 0.819041 -0.456928
    outer loop
      vertex -16.8834 7.86602 -23.0673
      vertex -16.9677 7.76604 -23.1825
      vertex -17.6825 7.86602 -22.4605
    endloop
  endfacet
  facet normal -0.330692 0.819042 -0.468841
    outer loop
      vertex -16.8834 7.86602 -23.0673
      vertex -16.1437 7.76604 -23.7637
      vertex -16.9677 7.76604 -23.1825
    endloop
  endfacet
  facet normal -0.0546413 0.996364 -0.0653742
    outer loop
      vertex -17.623 8 -21.8688
      vertex -18.2491 7.98481 -21.577
      vertex -18.3923 8 -21.2258
    endloop
  endfacet
  facet normal -0.0563475 0.99602 -0.0690529
    outer loop
      vertex -17.623 8 -21.8688
      vertex -17.4806 7.98481 -22.2041
      vertex -18.2491 7.98481 -21.577
    endloop
  endfacet
  facet normal -0.16364 0.965923 -0.200538
    outer loop
      vertex -17.4806 7.98481 -22.2041
      vertex -17.5848 7.93969 -22.3364
      vertex -18.2491 7.98481 -21.577
    endloop
  endfacet
  facet normal -0.156521 0.965922 -0.206144
    outer loop
      vertex -17.4806 7.98481 -22.2041
      vertex -16.7901 7.93969 -22.9398
      vertex -17.5848 7.93969 -22.3364
    endloop
  endfacet
  facet normal -0.255592 0.906288 -0.336624
    outer loop
      vertex -16.7901 7.93969 -22.9398
      vertex -16.8834 7.86602 -23.0673
      vertex -17.5848 7.93969 -22.3364
    endloop
  endfacet
  facet normal -0.243594 0.906288 -0.345404
    outer loop
      vertex -16.7901 7.93969 -22.9398
      vertex -16.0634 7.86602 -23.6456
      vertex -16.8834 7.86602 -23.0673
    endloop
  endfacet
  facet normal -0.330562 0.819164 -0.46872
    outer loop
      vertex -16.0634 7.86602 -23.6456
      vertex -16.1437 7.76604 -23.7637
      vertex -16.8834 7.86602 -23.0673
    endloop
  endfacet
  facet normal -0.313931 0.81916 -0.480025
    outer loop
      vertex -16.0634 7.86602 -23.6456
      vertex -15.2998 7.76604 -24.3156
      vertex -16.1437 7.76604 -23.7637
    endloop
  endfacet
  facet normal -0.0523162 0.996356 -0.067356
    outer loop
      vertex -16.8312 8 -22.4838
      vertex -17.4806 7.98481 -22.2041
      vertex -17.623 8 -21.8688
    endloop
  endfacet
  facet normal -0.0538412 0.996028 -0.0709145
    outer loop
      vertex -16.8312 8 -22.4838
      vertex -16.6906 7.98481 -22.8039
      vertex -17.4806 7.98481 -22.2041
    endloop
  endfacet
  facet normal -0.156494 0.965932 -0.20612
    outer loop
      vertex -16.6906 7.98481 -22.8039
      vertex -16.7901 7.93969 -22.9398
      vertex -17.4806 7.98481 -22.2041
    endloop
  endfacet
  facet normal -0.149162 0.965931 -0.211488
    outer loop
      vertex -16.6906 7.98481 -22.8039
      vertex -15.9747 7.93969 -23.5149
      vertex -16.7901 7.93969 -22.9398
    endloop
  endfacet
  facet normal -0.243652 0.906251 -0.34546
    outer loop
      vertex -15.9747 7.93969 -23.5149
      vertex -16.0634 7.86602 -23.6456
      vertex -16.7901 7.93969 -22.9398
    endloop
  endfacet
  facet normal -0.23136 0.906254 -0.353803
    outer loop
      vertex -15.9747 7.93969 -23.5149
      vertex -15.2237 7.86602 -24.1947
      vertex -16.0634 7.86602 -23.6456
    endloop
  endfacet
  facet normal -0.313843 0.819244 -0.479939
    outer loop
      vertex -15.2237 7.86602 -24.1947
      vertex -15.2998 7.76604 -24.3156
      vertex -16.0634 7.86602 -23.6456
    endloop
  endfacet
  facet normal -0.29684 0.819243 -0.49064
    outer loop
      vertex -15.2237 7.86602 -24.1947
      vertex -14.437 7.76604 -24.8376
      vertex -15.2998 7.76604 -24.3156
    endloop
  endfacet
  facet normal -0.0498992 0.996354 -0.0691985
    outer loop
      vertex -16.018 8 -23.0702
      vertex -16.6906 7.98481 -22.8039
      vertex -16.8312 8 -22.4838
    endloop
  endfacet
  facet normal -0.0512759 0.996035 -0.0726939
    outer loop
      vertex -16.018 8 -23.0702
      vertex -15.8801 7.98481 -23.3756
      vertex -16.6906 7.98481 -22.8039
    endloop
  endfacet
  facet normal -0.14921 0.965914 -0.211535
    outer loop
      vertex -15.8801 7.98481 -23.3756
      vertex -15.9747 7.93969 -23.5149
      vertex -16.6906 7.98481 -22.8039
    endloop
  endfacet
  facet normal -0.141676 0.965914 -0.216651
    outer loop
      vertex -15.8801 7.98481 -23.3756
      vertex -15.1396 7.93969 -24.061
      vertex -15.9747 7.93969 -23.5149
    endloop
  endfacet
  facet normal -0.231371 0.906247 -0.353814
    outer loop
      vertex -15.1396 7.93969 -24.061
      vertex -15.2237 7.86602 -24.1947
      vertex -15.9747 7.93969 -23.5149
    endloop
  endfacet
  facet normal -0.218832 0.906248 -0.361701
    outer loop
      vertex -15.1396 7.93969 -24.061
      vertex -14.3652 7.86602 -24.7141
      vertex -15.2237 7.86602 -24.1947
    endloop
  endfacet
  facet normal -0.296843 0.81924 -0.490642
    outer loop
      vertex -14.3652 7.86602 -24.7141
      vertex -14.437 7.76604 -24.8376
      vertex -15.2237 7.86602 -24.1947
    endloop
  endfacet
  facet normal -0.279395 0.819239 -0.500785
    outer loop
      vertex -14.3652 7.86602 -24.7141
      vertex -13.5564 7.76604 -25.3289
      vertex -14.437 7.76604 -24.8376
    endloop
  endfacet
  facet normal -0.0474243 0.99635 -0.0709704
    outer loop
      vertex -15.1843 8 -23.6273
      vertex -15.8801 7.98481 -23.3756
      vertex -16.018 8 -23.0702
    endloop
  endfacet
  facet normal -0.0486644 0.996039 -0.0744173
    outer loop
      vertex -15.1843 8 -23.6273
      vertex -15.0499 7.98481 -23.9185
      vertex -15.8801 7.98481 -23.3756
    endloop
  endfacet
  facet normal -0.141679 0.965913 -0.216655
    outer loop
      vertex -15.0499 7.98481 -23.9185
      vertex -15.1396 7.93969 -24.061
      vertex -15.8801 7.98481 -23.3756
    endloop
  endfacet
  facet normal -0.134003 0.965912 -0.221487
    outer loop
      vertex -15.0499 7.98481 -23.9185
      vertex -14.2859 7.93969 -24.5775
      vertex -15.1396 7.93969 -24.061
    endloop
  endfacet
  facet normal -0.218838 0.906244 -0.361707
    outer loop
      vertex -14.2859 7.93969 -24.5775
      vertex -14.3652 7.86602 -24.7141
      vertex -15.1396 7.93969 -24.061
    endloop
  endfacet
  facet normal -0.206005 0.906247 -0.369158
    outer loop
      vertex -14.2859 7.93969 -24.5775
      vertex -13.4891 7.86602 -25.203
      vertex -14.3652 7.86602 -24.7141
    endloop
  endfacet
  facet normal -0.279571 0.819056 -0.500986
    outer loop
      vertex -13.4891 7.86602 -25.203
      vertex -13.5564 7.76604 -25.3289
      vertex -14.3652 7.86602 -24.7141
    endloop
  endfacet
  facet normal -0.261835 0.819062 -0.510471
    outer loop
      vertex -13.4891 7.86602 -25.203
      vertex -12.6592 7.76604 -25.7891
      vertex -13.5564 7.76604 -25.3289
    endloop
  endfacet
  facet normal -0.0449061 0.996342 -0.0726985
    outer loop
      vertex -14.3313 8 -24.1542
      vertex -15.0499 7.98481 -23.9185
      vertex -15.1843 8 -23.6273
    endloop
  endfacet
  facet normal -0.045982 0.996047 -0.0759979
    outer loop
      vertex -14.3313 8 -24.1542
      vertex -14.2012 7.98481 -24.432
      vertex -15.0499 7.98481 -23.9185
    endloop
  endfacet
  facet normal -0.134023 0.965904 -0.221511
    outer loop
      vertex -14.2012 7.98481 -24.432
      vertex -14.2859 7.93969 -24.5775
      vertex -15.0499 7.98481 -23.9185
    endloop
  endfacet
  facet normal -0.12615 0.965903 -0.226094
    outer loop
      vertex -14.2012 7.98481 -24.432
      vertex -13.4145 7.93969 -25.0637
      vertex -14.2859 7.93969 -24.5775
    endloop
  endfacet
  facet normal -0.205908 0.906317 -0.369042
    outer loop
      vertex -13.4145 7.93969 -25.0637
      vertex -13.4891 7.86602 -25.203
      vertex -14.2859 7.93969 -24.5775
    endloop
  endfacet
  facet normal -0.192859 0.906315 -0.37603
    outer loop
      vertex -13.4145 7.93969 -25.0637
      vertex -12.5963 7.86602 -25.6609
      vertex -13.4891 7.86602 -25.203
    endloop
  endfacet
  facet normal -0.261768 0.819134 -0.510388
    outer loop
      vertex -12.5963 7.86602 -25.6609
      vertex -12.6592 7.76604 -25.7891
      vertex -13.4891 7.86602 -25.203
    endloop
  endfacet
  facet normal -0.243632 0.819136 -0.519288
    outer loop
      vertex -12.5963 7.86602 -25.6609
      vertex -11.7463 7.76604 -26.2174
      vertex -12.6592 7.76604 -25.7891
    endloop
  endfacet
  facet normal -0.0423051 0.996339 -0.0742919
    outer loop
      vertex -13.4601 8 -24.6503
      vertex -14.2012 7.98481 -24.432
      vertex -14.3313 8 -24.1542
    endloop
  endfacet
  facet normal -0.0432418 0.996055 -0.0774917
    outer loop
      vertex -13.4601 8 -24.6503
      vertex -13.3351 7.98481 -24.9153
      vertex -14.2012 7.98481 -24.432
    endloop
  endfacet
  facet normal -0.126196 0.965883 -0.22615
    outer loop
      vertex -13.3351 7.98481 -24.9153
      vertex -13.4145 7.93969 -25.0637
      vertex -14.2012 7.98481 -24.432
    endloop
  endfacet
  facet normal -0.118199 0.965884 -0.230429
    outer loop
      vertex -13.3351 7.98481 -24.9153
      vertex -12.5267 7.93969 -25.5191
      vertex -13.4145 7.93969 -25.0637
    endloop
  endfacet
  facet normal -0.192938 0.906256 -0.376131
    outer loop
      vertex -12.5267 7.93969 -25.5191
      vertex -12.5963 7.86602 -25.6609
      vertex -13.4145 7.93969 -25.0637
    endloop
  endfacet
  facet normal -0.17957 0.906256 -0.382693
    outer loop
      vertex -12.5267 7.93969 -25.5191
      vertex -11.688 7.86602 -26.0871
      vertex -12.5963 7.86602 -25.6609
    endloop
  endfacet
  facet normal -0.243719 0.819036 -0.519404
    outer loop
      vertex -11.688 7.86602 -26.0871
      vertex -11.7463 7.76604 -26.2174
      vertex -12.5963 7.86602 -25.6609
    endloop
  endfacet
  facet normal -0.225374 0.819041 -0.527616
    outer loop
      vertex -11.688 7.86602 -26.0871
      vertex -10.819 7.76604 -26.6135
      vertex -11.7463 7.76604 -26.2174
    endloop
  endfacet
  facet normal -0.0396581 0.996333 -0.0758172
    outer loop
      vertex -12.5717 8 -25.115
      vertex -13.3351 7.98481 -24.9153
      vertex -13.4601 8 -24.6503
    endloop
  endfacet
  facet normal -0.0404581 0.996062 -0.0788959
    outer loop
      vertex -12.5717 8 -25.115
      vertex -12.4525 7.98481 -25.3679
      vertex -13.3351 7.98481 -24.9153
    endloop
  endfacet
  facet normal -0.118094 0.965929 -0.230292
    outer loop
      vertex -12.4525 7.98481 -25.3679
      vertex -12.5267 7.93969 -25.5191
      vertex -13.3351 7.98481 -24.9153
    endloop
  endfacet
  facet normal -0.109947 0.965929 -0.23429
    outer loop
      vertex -12.4525 7.98481 -25.3679
      vertex -11.6234 7.93969 -25.943
      vertex -12.5267 7.93969 -25.5191
    endloop
  endfacet
  facet normal -0.179625 0.906214 -0.382769
    outer loop
      vertex -11.6234 7.93969 -25.943
      vertex -11.688 7.86602 -26.0871
      vertex -12.5267 7.93969 -25.5191
    endloop
  endfacet
  facet normal -0.16608 0.906212 -0.38884
    outer loop
      vertex -11.6234 7.93969 -25.943
      vertex -10.7653 7.86602 -26.4812
      vertex -11.688 7.86602 -26.0871
    endloop
  endfacet
  facet normal -0.225322 0.819102 -0.527543
    outer loop
      vertex -10.7653 7.86602 -26.4812
      vertex -10.819 7.76604 -26.6135
      vertex -11.688 7.86602 -26.0871
    endloop
  endfacet
  facet normal -0.20668 0.819107 -0.535114
    outer loop
      vertex -10.7653 7.86602 -26.4812
      vertex -9.87838 7.76604 -26.9768
      vertex -10.819 7.76604 -26.6135
    endloop
  endfacet
  facet normal -0.0369672 0.996325 -0.0772664
    outer loop
      vertex -11.6673 8 -25.5477
      vertex -12.4525 7.98481 -25.3679
      vertex -12.5717 8 -25.115
    endloop
  endfacet
  facet normal -0.0376331 0.996068 -0.0801957
    outer loop
      vertex -11.6673 8 -25.5477
      vertex -11.5545 7.98481 -25.7893
      vertex -12.4525 7.98481 -25.3679
    endloop
  endfacet
  facet normal -0.109938 0.965934 -0.234276
    outer loop
      vertex -11.5545 7.98481 -25.7893
      vertex -11.6234 7.93969 -25.943
      vertex -12.4525 7.98481 -25.3679
    endloop
  endfacet
  facet normal -0.101645 0.965933 -0.237993
    outer loop
      vertex -11.5545 7.98481 -25.7893
      vertex -10.7058 7.93969 -26.3349
      vertex -11.6234 7.93969 -25.943
    endloop
  endfacet
  facet normal -0.166055 0.906233 -0.388803
    outer loop
      vertex -10.7058 7.93969 -26.3349
      vertex -10.7653 7.86602 -26.4812
      vertex -11.6234 7.93969 -25.943
    endloop
  endfacet
  facet normal -0.152317 0.906232 -0.39439
    outer loop
      vertex -10.7058 7.93969 -26.3349
      vertex -9.82928 7.86602 -26.8427
      vertex -10.7653 7.86602 -26.4812
    endloop
  endfacet
  facet normal -0.206647 0.819148 -0.535064
    outer loop
      vertex -9.82928 7.86602 -26.8427
      vertex -9.87838 7.76604 -26.9768
      vertex -10.7653 7.86602 -26.4812
    endloop
  endfacet
  facet normal -0.187766 0.819149 -0.541978
    outer loop
      vertex -9.82928 7.86602 -26.8427
      vertex -8.92556 7.76604 -27.3069
      vertex -9.87838 7.76604 -26.9768
    endloop
  endfacet
  facet normal -0.034226 0.996317 -0.0786207
    outer loop
      vertex -10.748 8 -25.9479
      vertex -11.5545 7.98481 -25.7893
      vertex -11.6673 8 -25.5477
    endloop
  endfacet
  facet normal -0.0347666 0.996076 -0.0813928
    outer loop
      vertex -10.748 8 -25.9479
      vertex -10.6424 7.98481 -26.1789
      vertex -11.5545 7.98481 -25.7893
    endloop
  endfacet
  facet normal -0.101681 0.965916 -0.238048
    outer loop
      vertex -10.6424 7.98481 -26.1789
      vertex -10.7058 7.93969 -26.3349
      vertex -11.5545 7.98481 -25.7893
    endloop
  endfacet
  facet normal -0.0932587 0.965916 -0.241471
    outer loop
      vertex -10.6424 7.98481 -26.1789
      vertex -9.77496 7.93969 -26.6944
      vertex -10.7058 7.93969 -26.3349
    endloop
  endfacet
  facet normal -0.152318 0.906231 -0.394391
    outer loop
      vertex -9.77496 7.93969 -26.6944
      vertex -9.82928 7.86602 -26.8427
      vertex -10.7058 7.93969 -26.3349
    endloop
  endfacet
  facet normal -0.138417 0.906231 -0.399482
    outer loop
      vertex -9.77496 7.93969 -26.6944
      vertex -8.8812 7.86602 -27.1712
      vertex -9.82928 7.86602 -26.8427
    endloop
  endfacet
  facet normal -0.187822 0.819073 -0.542072
    outer loop
      vertex -8.8812 7.86602 -27.1712
      vertex -8.92556 7.76604 -27.3069
      vertex -9.82928 7.86602 -26.8427
    endloop
  endfacet
  facet normal -0.168631 0.819073 -0.548345
    outer loop
      vertex -8.8812 7.86602 -27.1712
      vertex -7.96174 7.76604 -27.6033
      vertex -8.92556 7.76604 -27.3069
    endloop
  endfacet
  facet normal -0.0314302 0.996309 -0.0798829
    outer loop
      vertex -9.81498 8 -26.315
      vertex -10.6424 7.98481 -26.1789
      vertex -10.748 8 -25.9479
    endloop
  endfacet
  facet normal -0.0318507 0.996085 -0.0824643
    outer loop
      vertex -9.81498 8 -26.315
      vertex -9.71706 7.98481 -26.5363
      vertex -10.6424 7.98481 -26.1789
    endloop
  endfacet
  facet normal -0.0932759 0.965908 -0.2415
    outer loop
      vertex -9.71706 7.98481 -26.5363
      vertex -9.77496 7.93969 -26.6944
      vertex -10.6424 7.98481 -26.1789
    endloop
  endfacet
  facet normal -0.0847377 0.965908 -0.244626
    outer loop
      vertex -9.71706 7.98481 -26.5363
      vertex -8.83211 7.93969 -27.021
      vertex -9.77496 7.93969 -26.6944
    endloop
  endfacet
  facet normal -0.138323 0.906316 -0.399321
    outer loop
      vertex -8.83211 7.93969 -27.021
      vertex -8.8812 7.86602 -27.1712
      vertex -9.77496 7.93969 -26.6944
    endloop
  endfacet
  facet normal -0.124209 0.906316 -0.403934
    outer loop
      vertex -8.83211 7.93969 -27.021
      vertex -7.92217 7.86602 -27.4661
      vertex -8.8812 7.86602 -27.1712
    endloop
  endfacet
  facet normal -0.168596 0.819122 -0.548283
    outer loop
      vertex -7.92217 7.86602 -27.4661
      vertex -7.96174 7.76604 -27.6033
      vertex -8.8812 7.86602 -27.1712
    endloop
  endfacet
  facet normal -0.14927 0.819122 -0.553857
    outer loop
      vertex -7.92217 7.86602 -27.4661
      vertex -6.98812 7.76604 -27.8657
      vertex -7.96174 7.76604 -27.6033
    endloop
  endfacet
  facet normal -0.0285822 0.996302 -0.0810329
    outer loop
      vertex -8.86948 8 -26.6485
      vertex -9.71706 7.98481 -26.5363
      vertex -9.81498 8 -26.315
    endloop
  endfacet
  facet normal -0.0288914 0.996098 -0.0833963
    outer loop
      vertex -8.86948 8 -26.6485
      vertex -8.7798 7.98481 -26.861
      vertex -9.71706 7.98481 -26.5363
    endloop
  endfacet
  facet normal -0.0847624 0.965894 -0.24467
    outer loop
      vertex -8.7798 7.98481 -26.861
      vertex -8.83211 7.93969 -27.021
      vertex -9.71706 7.98481 -26.5363
    endloop
  endfacet
  facet normal -0.0761136 0.965894 -0.247498
    outer loop
      vertex -8.7798 7.98481 -26.861
      vertex -7.87839 7.93969 -27.3143
      vertex -8.83211 7.93969 -27.021
    endloop
  endfacet
  facet normal -0.124242 0.906284 -0.403996
    outer loop
      vertex -7.87839 7.93969 -27.3143
      vertex -7.92217 7.86602 -27.4661
      vertex -8.83211 7.93969 -27.021
    endloop
  endfacet
  facet normal -0.109989 0.906284 -0.408107
    outer loop
      vertex -7.87839 7.93969 -27.3143
      vertex -6.95338 7.86602 -27.7272
      vertex -7.92217 7.86602 -27.4661
    endloop
  endfacet
  facet normal -0.149272 0.819119 -0.553861
    outer loop
      vertex -6.95338 7.86602 -27.7272
      vertex -6.98812 7.76604 -27.8657
      vertex -7.92217 7.86602 -27.4661
    endloop
  endfacet
  facet normal -0.129757 0.819118 -0.558756
    outer loop
      vertex -6.95338 7.86602 -27.7272
      vertex -6.00588 7.76604 -28.0938
      vertex -6.98812 7.76604 -27.8657
    endloop
  endfacet
  facet normal -0.0256958 0.996296 -0.0820618
    outer loop
      vertex -7.91268 8 -26.9481
      vertex -8.7798 7.98481 -26.861
      vertex -8.86948 8 -26.6485
    endloop
  endfacet
  facet normal -0.0259162 0.996104 -0.0842893
    outer loop
      vertex -7.91268 8 -26.9481
      vertex -7.83173 7.98481 -27.1525
      vertex -8.7798 7.98481 -26.861
    endloop
  endfacet
  facet normal -0.0760735 0.965917 -0.24742
    outer loop
      vertex -7.83173 7.98481 -27.1525
      vertex -7.87839 7.93969 -27.3143
      vertex -8.7798 7.98481 -26.861
    endloop
  endfacet
  facet normal -0.0673706 0.965917 -0.24993
    outer loop
      vertex -7.83173 7.98481 -27.1525
      vertex -6.91496 7.93969 -27.574
      vertex -7.87839 7.93969 -27.3143
    endloop
  endfacet
  facet normal -0.110032 0.90624 -0.408194
    outer loop
      vertex -6.91496 7.93969 -27.574
      vertex -6.95338 7.86602 -27.7272
      vertex -7.87839 7.93969 -27.3143
    endloop
  endfacet
  facet normal -0.0956055 0.90624 -0.411812
    outer loop
      vertex -6.91496 7.93969 -27.574
      vertex -5.97603 7.86602 -27.9541
      vertex -6.95338 7.86602 -27.7272
    endloop
  endfacet
  facet normal -0.129683 0.819237 -0.558599
    outer loop
      vertex -5.97603 7.86602 -27.9541
      vertex -6.00588 7.76604 -28.0938
      vertex -6.95338 7.86602 -27.7272
    endloop
  endfacet
  facet normal -0.109988 0.819238 -0.562808
    outer loop
      vertex -5.97603 7.86602 -27.9541
      vertex -5.01625 7.76604 -28.2872
      vertex -6.00588 7.76604 -28.0938
    endloop
  endfacet
  facet normal -0.0227921 0.996283 -0.0830654
    outer loop
      vertex -6.9458 8 -27.2134
      vertex -7.83173 7.98481 -27.1525
      vertex -7.91268 8 -26.9481
    endloop
  endfacet
  facet normal -0.0229245 0.996114 -0.0850327
    outer loop
      vertex -6.9458 8 -27.2134
      vertex -6.874 7.98481 -27.4107
      vertex -7.83173 7.98481 -27.1525
    endloop
  endfacet
  facet normal -0.0673926 0.965904 -0.249977
    outer loop
      vertex -6.874 7.98481 -27.4107
      vertex -6.91496 7.93969 -27.574
      vertex -7.83173 7.98481 -27.1525
    endloop
  endfacet
  facet normal -0.0585617 0.965904 -0.252192
    outer loop
      vertex -6.874 7.98481 -27.4107
      vertex -5.943 7.93969 -27.7997
      vertex -6.91496 7.93969 -27.574
    endloop
  endfacet
  facet normal -0.0956511 0.906188 -0.411914
    outer loop
      vertex -5.943 7.93969 -27.7997
      vertex -5.97603 7.86602 -27.9541
      vertex -6.91496 7.93969 -27.574
    endloop
  endfacet
  facet normal -0.0811723 0.906188 -0.415011
    outer loop
      vertex -5.943 7.93969 -27.7997
      vertex -4.99132 7.86602 -28.1467
      vertex -5.97603 7.86602 -27.9541
    endloop
  endfacet
  facet normal -0.110159 0.818938 -0.563211
    outer loop
      vertex -4.99132 7.86602 -28.1467
      vertex -5.01625 7.76604 -28.2872
      vertex -5.97603 7.86602 -27.9541
    endloop
  endfacet
  facet normal -0.0903178 0.818937 -0.566731
    outer loop
      vertex -4.99132 7.86602 -28.1467
      vertex -4.02043 7.76604 -28.4459
      vertex -5.01625 7.76604 -28.2872
    endloop
  endfacet
  facet normal -0.0198237 0.996276 -0.0839167
    outer loop
      vertex -5.97006 8 -27.4439
      vertex -6.874 7.98481 -27.4107
      vertex -6.9458 8 -27.2134
    endloop
  endfacet
  facet normal -0.0198851 0.996126 -0.0856568
    outer loop
      vertex -5.97006 8 -27.4439
      vertex -5.90781 7.98481 -27.635
      vertex -6.874 7.98481 -27.4107
    endloop
  endfacet
  facet normal -0.0585278 0.965926 -0.252113
    outer loop
      vertex -5.90781 7.98481 -27.635
      vertex -5.943 7.93969 -27.7997
      vertex -6.874 7.98481 -27.4107
    endloop
  endfacet
  facet normal -0.0496468 0.965926 -0.254011
    outer loop
      vertex -5.90781 7.98481 -27.635
      vertex -4.96373 7.93969 -27.9911
      vertex -5.943 7.93969 -27.7997
    endloop
  endfacet
  facet normal -0.0810604 0.906325 -0.414733
    outer loop
      vertex -4.96373 7.93969 -27.9911
      vertex -4.99132 7.86602 -28.1467
      vertex -5.943 7.93969 -27.7997
    endloop
  endfacet
  facet normal -0.0664602 0.906325 -0.417322
    outer loop
      vertex -4.96373 7.93969 -27.9911
      vertex -4.00045 7.86602 -28.3045
      vertex -4.99132 7.86602 -28.1467
    endloop
  endfacet
  facet normal -0.0902091 0.819145 -0.566448
    outer loop
      vertex -4.00045 7.86602 -28.3045
      vertex -4.02043 7.76604 -28.4459
      vertex -4.99132 7.86602 -28.1467
    endloop
  endfacet
  facet normal -0.0702512 0.819145 -0.569268
    outer loop
      vertex -4.00045 7.86602 -28.3045
      vertex -3.01967 7.76604 -28.5694
      vertex -4.02043 7.76604 -28.4459
    endloop
  endfacet
  facet normal -0.0168434 0.996266 -0.0846771
    outer loop
      vertex -4.98672 8 -27.6395
      vertex -5.90781 7.98481 -27.635
      vertex -5.97006 8 -27.4439
    endloop
  endfacet
  facet normal -0.0168487 0.996136 -0.0861895
    outer loop
      vertex -4.98672 8 -27.6395
      vertex -4.93433 7.98481 -27.8253
      vertex -5.90781 7.98481 -27.635
    endloop
  endfacet
  facet normal -0.0496633 0.965914 -0.254053
    outer loop
      vertex -4.93433 7.98481 -27.8253
      vertex -4.96373 7.93969 -27.9911
      vertex -5.90781 7.98481 -27.635
    endloop
  endfacet
  facet normal -0.0407301 0.965915 -0.255637
    outer loop
      vertex -4.93433 7.98481 -27.8253
      vertex -3.97834 7.93969 -28.1481
      vertex -4.96373 7.93969 -27.9911
    endloop
  endfacet
  facet normal -0.0665152 0.906251 -0.417474
    outer loop
      vertex -3.97834 7.93969 -28.1481
      vertex -4.00045 7.86602 -28.3045
      vertex -4.96373 7.93969 -27.9911
    endloop
  endfacet
  facet normal -0.0517815 0.906251 -0.419556
    outer loop
      vertex -3.97834 7.93969 -28.1481
      vertex -3.00466 7.86602 -28.4274
      vertex -4.00045 7.86602 -28.3045
    endloop
  endfacet
  facet normal -0.0702631 0.81912 -0.569303
    outer loop
      vertex -3.00466 7.86602 -28.4274
      vertex -3.01967 7.76604 -28.5694
      vertex -4.00045 7.86602 -28.3045
    endloop
  endfacet
  facet normal -0.0502872 0.81912 -0.571414
    outer loop
      vertex -3.00466 7.86602 -28.4274
      vertex -2.01518 7.76604 -28.6578
      vertex -3.01967 7.76604 -28.5694
    endloop
  endfacet
  facet normal -0.0138324 0.996255 -0.0853487
    outer loop
      vertex -3.99702 8 -27.7999
      vertex -4.93433 7.98481 -27.8253
      vertex -4.98672 8 -27.6395
    endloop
  endfacet
  facet normal -0.013796 0.996145 -0.0866273
    outer loop
      vertex -3.99702 8 -27.7999
      vertex -3.95478 7.98481 -27.9813
      vertex -4.93433 7.98481 -27.8253
    endloop
  endfacet
  facet normal -0.0406968 0.965941 -0.255542
    outer loop
      vertex -3.95478 7.98481 -27.9813
      vertex -3.97834 7.93969 -28.1481
      vertex -4.93433 7.98481 -27.8253
    endloop
  endfacet
  facet normal -0.0316904 0.965941 -0.256814
    outer loop
      vertex -3.95478 7.98481 -27.9813
      vertex -2.98805 7.93969 -28.2703
      vertex -3.97834 7.93969 -28.1481
    endloop
  endfacet
  facet normal -0.051767 0.906273 -0.419512
    outer loop
      vertex -2.98805 7.93969 -28.2703
      vertex -3.00466 7.86602 -28.4274
      vertex -3.97834 7.93969 -28.1481
    endloop
  endfacet
  facet normal -0.0370726 0.906273 -0.421065
    outer loop
      vertex -2.98805 7.93969 -28.2703
      vertex -2.00517 7.86602 -28.5154
      vertex -3.00466 7.86602 -28.4274
    endloop
  endfacet
  facet normal -0.0503194 0.819044 -0.571519
    outer loop
      vertex -2.00517 7.86602 -28.5154
      vertex -2.01518 7.76604 -28.6578
      vertex -3.00466 7.86602 -28.4274
    endloop
  endfacet
  facet normal -0.0302122 0.819045 -0.572933
    outer loop
      vertex -2.00517 7.86602 -28.5154
      vertex -1.00821 7.76604 -28.7109
      vertex -2.01518 7.76604 -28.6578
    endloop
  endfacet
  facet normal -0.0107984 0.996242 -0.0859374
    outer loop
      vertex -3.00223 8 -27.9249
      vertex -3.95478 7.98481 -27.9813
      vertex -3.99702 8 -27.7999
    endloop
  endfacet
  facet normal -0.0107382 0.996156 -0.0869317
    outer loop
      vertex -3.00223 8 -27.9249
      vertex -2.97036 7.98481 -28.1029
      vertex -3.95478 7.98481 -27.9813
    endloop
  endfacet
  facet normal -0.0317441 0.965893 -0.256987
    outer loop
      vertex -2.97036 7.98481 -28.1029
      vertex -2.98805 7.93969 -28.2703
      vertex -3.95478 7.98481 -27.9813
    endloop
  endfacet
  facet normal -0.0227068 0.965894 -0.257942
    outer loop
      vertex -2.97036 7.98481 -28.1029
      vertex -1.99408 7.93969 -28.3578
      vertex -2.98805 7.93969 -28.2703
    endloop
  endfacet
  facet normal -0.0370641 0.906287 -0.421035
    outer loop
      vertex -1.99408 7.93969 -28.3578
      vertex -2.00517 7.86602 -28.5154
      vertex -2.98805 7.93969 -28.2703
    endloop
  endfacet
  facet normal -0.0222419 0.906287 -0.422078
    outer loop
      vertex -1.99408 7.93969 -28.3578
      vertex -1.0032 7.86602 -28.5682
      vertex -2.00517 7.86602 -28.5154
    endloop
  endfacet
  facet normal -0.0301863 0.819114 -0.572836
    outer loop
      vertex -1.0032 7.86602 -28.5682
      vertex -1.00821 7.76604 -28.7109
      vertex -2.00517 7.86602 -28.5154
    endloop
  endfacet
  facet normal -0.010069 0.819114 -0.573543
    outer loop
      vertex -1.0032 7.86602 -28.5682
      vertex 0 7.76604 -28.7286
      vertex -1.00821 7.76604 -28.7109
    endloop
  endfacet
  facet normal -0.00772615 0.996231 -0.0863987
    outer loop
      vertex -2.00362 8 -28.0142
      vertex -2.97036 7.98481 -28.1029
      vertex -3.00223 8 -27.9249
    endloop
  endfacet
  facet normal -0.00766053 0.99617 -0.0871035
    outer loop
      vertex -2.00362 8 -28.0142
      vertex -1.98227 7.98481 -28.1898
      vertex -2.97036 7.98481 -28.1029
    endloop
  endfacet
  facet normal -0.0226751 0.965925 -0.257826
    outer loop
      vertex -1.98227 7.98481 -28.1898
      vertex -1.99408 7.93969 -28.3578
      vertex -2.97036 7.98481 -28.1029
    endloop
  endfacet
  facet normal -0.013618 0.965925 -0.258463
    outer loop
      vertex -1.98227 7.98481 -28.1898
      vertex -0.997656 7.93969 -28.4103
      vertex -1.99408 7.93969 -28.3578
    endloop
  endfacet
  facet normal -0.0222377 0.906295 -0.422061
    outer loop
      vertex -0.997656 7.93969 -28.4103
      vertex -1.0032 7.86602 -28.5682
      vertex -1.99408 7.93969 -28.3578
    endloop
  endfacet
  facet normal -0.00741371 0.906295 -0.422582
    outer loop
      vertex -0.997656 7.93969 -28.4103
      vertex 0 7.86602 -28.5858
      vertex -1.0032 7.86602 -28.5682
    endloop
  endfacet
  facet normal -0.0100616 0.819137 -0.57351
    outer loop
      vertex 0 7.86602 -28.5858
      vertex 0 7.76604 -28.7286
      vertex -1.0032 7.86602 -28.5682
    endloop
  endfacet
  facet normal 0.0100685 0.819136 -0.57351
    outer loop
      vertex 0 7.86602 -28.5858
      vertex 1.00821 7.76604 -28.7109
      vertex 0 7.76604 -28.7286
    endloop
  endfacet
  facet normal -0.00465261 0.99622 -0.0867421
    outer loop
      vertex -1.00245 8 -28.0679
      vertex -1.98227 7.98481 -28.1898
      vertex -2.00362 8 -28.0142
    endloop
  endfacet
  facet normal -0.00459528 0.99618 -0.087198
    outer loop
      vertex -1.00245 8 -28.0679
      vertex -0.991747 7.98481 -28.242
      vertex -1.98227 7.98481 -28.1898
    endloop
  endfacet
  facet normal -0.0136217 0.965921 -0.258478
    outer loop
      vertex -0.991747 7.98481 -28.242
      vertex -0.997656 7.93969 -28.4103
      vertex -1.98227 7.98481 -28.1898
    endloop
  endfacet
  facet normal -0.00453959 0.965921 -0.258797
    outer loop
      vertex -0.991747 7.98481 -28.242
      vertex 0 7.93969 -28.4278
      vertex -0.997656 7.93969 -28.4103
    endloop
  endfacet
  facet normal -0.00741245 0.906297 -0.422576
    outer loop
      vertex 0 7.93969 -28.4278
      vertex 0 7.86602 -28.5858
      vertex -0.997656 7.93969 -28.4103
    endloop
  endfacet
  facet normal 0.00741361 0.906297 -0.422576
    outer loop
      vertex 0 7.93969 -28.4278
      vertex 1.0032 7.86602 -28.5682
      vertex 0 7.86602 -28.5858
    endloop
  endfacet
  facet normal 0.0100622 0.819114 -0.573543
    outer loop
      vertex 1.0032 7.86602 -28.5682
      vertex 1.00821 7.76604 -28.7109
      vertex 0 7.86602 -28.5858
    endloop
  endfacet
  facet normal 0.030207 0.819114 -0.572836
    outer loop
      vertex 2.01518 7.76604 -28.6578
      vertex 1.00821 7.76604 -28.7109
      vertex 1.0032 7.86602 -28.5682
    endloop
  endfacet
  facet normal -0.00155373 0.996206 -0.0870132
    outer loop
      vertex 0 8 -28.0858
      vertex -0.991747 7.98481 -28.242
      vertex -1.00245 8 -28.0679
    endloop
  endfacet
  facet normal -0.00152932 0.996193 -0.0871668
    outer loop
      vertex 0 8 -28.0858
      vertex 0 7.98481 -28.2594
      vertex -0.991747 7.98481 -28.242
    endloop
  endfacet
  facet normal -0.00454063 0.96592 -0.258802
    outer loop
      vertex 0 7.98481 -28.2594
      vertex 0 7.93969 -28.4278
      vertex -0.991747 7.98481 -28.242
    endloop
  endfacet
  facet normal 0.00453968 0.96592 -0.258802
    outer loop
      vertex 0 7.98481 -28.2594
      vertex 0.997656 7.93969 -28.4103
      vertex 0 7.93969 -28.4278
    endloop
  endfacet
  facet normal 0.00741255 0.906295 -0.422582
    outer loop
      vertex 0.997656 7.93969 -28.4103
      vertex 1.0032 7.86602 -28.5682
      vertex 0 7.93969 -28.4278
    endloop
  endfacet
  facet normal 0.022241 0.906295 -0.422061
    outer loop
      vertex 2.00517 7.86602 -28.5154
      vertex 1.0032 7.86602 -28.5682
      vertex 0.997656 7.93969 -28.4103
    endloop
  endfacet
  facet normal 0.0301915 0.819045 -0.572935
    outer loop
      vertex 2.00517 7.86602 -28.5154
      vertex 2.01518 7.76604 -28.6578
      vertex 1.0032 7.86602 -28.5682
    endloop
  endfacet
  facet normal 0.0502966 0.819045 -0.571521
    outer loop
      vertex 3.01967 7.76604 -28.5694
      vertex 2.01518 7.76604 -28.6578
      vertex 2.00517 7.86602 -28.5154
    endloop
  endfacet
  facet normal 0.00152932 0.996193 -0.0871668
    outer loop
      vertex 0 8 -28.0858
      vertex 0.991747 7.98481 -28.242
      vertex 0 7.98481 -28.2594
    endloop
  endfacet
  facet normal 0.00155373 0.996206 -0.0870132
    outer loop
      vertex 1.00245 8 -28.0679
      vertex 0.991747 7.98481 -28.242
      vertex 0 8 -28.0858
    endloop
  endfacet
  facet normal 0.00459528 0.99618 -0.087198
    outer loop
      vertex 1.00245 8 -28.0679
      vertex 1.98227 7.98481 -28.1898
      vertex 0.991747 7.98481 -28.242
    endloop
  endfacet
  facet normal 0.00465261 0.99622 -0.0867421
    outer loop
      vertex 2.00362 8 -28.0142
      vertex 1.98227 7.98481 -28.1898
      vertex 1.00245 8 -28.0679
    endloop
  endfacet
  facet normal 0.00766053 0.99617 -0.0871035
    outer loop
      vertex 2.00362 8 -28.0142
      vertex 2.97036 7.98481 -28.1029
      vertex 1.98227 7.98481 -28.1898
    endloop
  endfacet
  facet normal 0.00772615 0.996231 -0.0863987
    outer loop
      vertex 3.00223 8 -27.9249
      vertex 2.97036 7.98481 -28.1029
      vertex 2.00362 8 -28.0142
    endloop
  endfacet
  facet normal 0.0107382 0.996156 -0.0869317
    outer loop
      vertex 3.00223 8 -27.9249
      vertex 3.95478 7.98481 -27.9813
      vertex 2.97036 7.98481 -28.1029
    endloop
  endfacet
  facet normal 0.0107984 0.996242 -0.0859374
    outer loop
      vertex 3.99702 8 -27.7999
      vertex 3.95478 7.98481 -27.9813
      vertex 3.00223 8 -27.9249
    endloop
  endfacet
  facet normal 0.013796 0.996145 -0.0866273
    outer loop
      vertex 3.99702 8 -27.7999
      vertex 4.93433 7.98481 -27.8253
      vertex 3.95478 7.98481 -27.9813
    endloop
  endfacet
  facet normal 0.0138324 0.996255 -0.0853487
    outer loop
      vertex 4.98672 8 -27.6395
      vertex 4.93433 7.98481 -27.8253
      vertex 3.99702 8 -27.7999
    endloop
  endfacet
  facet normal 0.0168487 0.996136 -0.0861895
    outer loop
      vertex 4.98672 8 -27.6395
      vertex 5.90781 7.98481 -27.635
      vertex 4.93433 7.98481 -27.8253
    endloop
  endfacet
  facet normal 0.0168434 0.996266 -0.0846771
    outer loop
      vertex 5.97006 8 -27.4439
      vertex 5.90781 7.98481 -27.635
      vertex 4.98672 8 -27.6395
    endloop
  endfacet
  facet normal 0.0198851 0.996126 -0.0856568
    outer loop
      vertex 5.97006 8 -27.4439
      vertex 6.874 7.98481 -27.4107
      vertex 5.90781 7.98481 -27.635
    endloop
  endfacet
  facet normal 0.0198237 0.996276 -0.0839167
    outer loop
      vertex 6.9458 8 -27.2134
      vertex 6.874 7.98481 -27.4107
      vertex 5.97006 8 -27.4439
    endloop
  endfacet
  facet normal 0.0229245 0.996114 -0.0850327
    outer loop
      vertex 6.9458 8 -27.2134
      vertex 7.83173 7.98481 -27.1525
      vertex 6.874 7.98481 -27.4107
    endloop
  endfacet
  facet normal 0.0227921 0.996283 -0.0830654
    outer loop
      vertex 7.91268 8 -26.9481
      vertex 7.83173 7.98481 -27.1525
      vertex 6.9458 8 -27.2134
    endloop
  endfacet
  facet normal 0.0259162 0.996104 -0.0842893
    outer loop
      vertex 7.91268 8 -26.9481
      vertex 8.7798 7.98481 -26.861
      vertex 7.83173 7.98481 -27.1525
    endloop
  endfacet
  facet normal 0.0256958 0.996296 -0.0820618
    outer loop
      vertex 8.86948 8 -26.6485
      vertex 8.7798 7.98481 -26.861
      vertex 7.91268 8 -26.9481
    endloop
  endfacet
  facet normal 0.0288914 0.996098 -0.0833963
    outer loop
      vertex 8.86948 8 -26.6485
      vertex 9.71706 7.98481 -26.5363
      vertex 8.7798 7.98481 -26.861
    endloop
  endfacet
  facet normal 0.0285822 0.996302 -0.0810329
    outer loop
      vertex 9.81498 8 -26.315
      vertex 9.71706 7.98481 -26.5363
      vertex 8.86948 8 -26.6485
    endloop
  endfacet
  facet normal 0.0318507 0.996085 -0.0824643
    outer loop
      vertex 9.81498 8 -26.315
      vertex 10.6424 7.98481 -26.1789
      vertex 9.71706 7.98481 -26.5363
    endloop
  endfacet
  facet normal 0.0314302 0.996309 -0.0798829
    outer loop
      vertex 10.748 8 -25.9479
      vertex 10.6424 7.98481 -26.1789
      vertex 9.81498 8 -26.315
    endloop
  endfacet
  facet normal 0.0347666 0.996076 -0.0813928
    outer loop
      vertex 10.748 8 -25.9479
      vertex 11.5545 7.98481 -25.7893
      vertex 10.6424 7.98481 -26.1789
    endloop
  endfacet
  facet normal 0.034226 0.996317 -0.0786207
    outer loop
      vertex 11.6673 8 -25.5477
      vertex 11.5545 7.98481 -25.7893
      vertex 10.748 8 -25.9479
    endloop
  endfacet
  facet normal 0.0376331 0.996068 -0.0801957
    outer loop
      vertex 11.6673 8 -25.5477
      vertex 12.4525 7.98481 -25.3679
      vertex 11.5545 7.98481 -25.7893
    endloop
  endfacet
  facet normal 0.0369672 0.996325 -0.0772664
    outer loop
      vertex 12.5717 8 -25.115
      vertex 12.4525 7.98481 -25.3679
      vertex 11.6673 8 -25.5477
    endloop
  endfacet
  facet normal 0.0404581 0.996062 -0.0788959
    outer loop
      vertex 12.5717 8 -25.115
      vertex 13.3351 7.98481 -24.9153
      vertex 12.4525 7.98481 -25.3679
    endloop
  endfacet
  facet normal 0.0396581 0.996333 -0.0758172
    outer loop
      vertex 13.4601 8 -24.6503
      vertex 13.3351 7.98481 -24.9153
      vertex 12.5717 8 -25.115
    endloop
  endfacet
  facet normal 0.0432418 0.996055 -0.0774917
    outer loop
      vertex 13.4601 8 -24.6503
      vertex 14.2012 7.98481 -24.432
      vertex 13.3351 7.98481 -24.9153
    endloop
  endfacet
  facet normal 0.0423051 0.996339 -0.0742919
    outer loop
      vertex 14.3313 8 -24.1542
      vertex 14.2012 7.98481 -24.432
      vertex 13.4601 8 -24.6503
    endloop
  endfacet
  facet normal 0.045982 0.996047 -0.0759979
    outer loop
      vertex 14.3313 8 -24.1542
      vertex 15.0499 7.98481 -23.9185
      vertex 14.2012 7.98481 -24.432
    endloop
  endfacet
  facet normal 0.0449061 0.996342 -0.0726985
    outer loop
      vertex 15.1843 8 -23.6273
      vertex 15.0499 7.98481 -23.9185
      vertex 14.3313 8 -24.1542
    endloop
  endfacet
  facet normal 0.0486644 0.996039 -0.0744173
    outer loop
      vertex 15.1843 8 -23.6273
      vertex 15.8801 7.98481 -23.3756
      vertex 15.0499 7.98481 -23.9185
    endloop
  endfacet
  facet normal 0.0474243 0.99635 -0.0709704
    outer loop
      vertex 16.018 8 -23.0702
      vertex 15.8801 7.98481 -23.3756
      vertex 15.1843 8 -23.6273
    endloop
  endfacet
  facet normal 0.0512759 0.996035 -0.0726939
    outer loop
      vertex 16.018 8 -23.0702
      vertex 16.6906 7.98481 -22.8039
      vertex 15.8801 7.98481 -23.3756
    endloop
  endfacet
  facet normal 0.0498992 0.996354 -0.0691985
    outer loop
      vertex 16.8312 8 -22.4838
      vertex 16.6906 7.98481 -22.8039
      vertex 16.018 8 -23.0702
    endloop
  endfacet
  facet normal 0.0538412 0.996028 -0.0709145
    outer loop
      vertex 16.8312 8 -22.4838
      vertex 17.4806 7.98481 -22.2041
      vertex 16.6906 7.98481 -22.8039
    endloop
  endfacet
  facet normal 0.0523162 0.996356 -0.067356
    outer loop
      vertex 17.623 8 -21.8688
      vertex 17.4806 7.98481 -22.2041
      vertex 16.8312 8 -22.4838
    endloop
  endfacet
  facet normal 0.0563475 0.99602 -0.0690529
    outer loop
      vertex 17.623 8 -21.8688
      vertex 18.2491 7.98481 -21.577
      vertex 17.4806 7.98481 -22.2041
    endloop
  endfacet
  facet normal 0.0546413 0.996364 -0.0653742
    outer loop
      vertex 18.3923 8 -21.2258
      vertex 18.2491 7.98481 -21.577
      vertex 17.623 8 -21.8688
    endloop
  endfacet
  facet normal 0.0587494 0.99602 -0.0670343
    outer loop
      vertex 18.3923 8 -21.2258
      vertex 18.9951 7.98481 -20.9232
      vertex 18.2491 7.98481 -21.577
    endloop
  endfacet
  facet normal 0.0569148 0.996366 -0.0633623
    outer loop
      vertex 19.1382 8 -20.5558
      vertex 18.9951 7.98481 -20.9232
      vertex 18.3923 8 -21.2258
    endloop
  endfacet
  facet normal 0.0611035 0.996014 -0.0649792
    outer loop
      vertex 19.1382 8 -20.5558
      vertex 19.7177 7.98481 -20.2437
      vertex 18.9951 7.98481 -20.9232
    endloop
  endfacet
  facet normal 0.0590969 0.996372 -0.061236
    outer loop
      vertex 19.8596 8 -19.8596
      vertex 19.7177 7.98481 -20.2437
      vertex 19.1382 8 -20.5558
    endloop
  endfacet
  facet normal 0.0633367 0.996015 -0.0627882
    outer loop
      vertex 19.8596 8 -19.8596
      vertex 20.416 7.98481 -19.5393
      vertex 19.7177 7.98481 -20.2437
    endloop
  endfacet
  facet normal 0.0612036 0.996376 -0.0590656
    outer loop
      vertex 20.5558 8 -19.1382
      vertex 20.416 7.98481 -19.5393
      vertex 19.8596 8 -19.8596
    endloop
  endfacet
  facet normal 0.0655526 0.996009 -0.0605675
    outer loop
      vertex 20.5558 8 -19.1382
      vertex 21.0891 7.98481 -18.8108
      vertex 20.416 7.98481 -19.5393
    endloop
  endfacet
  facet normal 0.0632693 0.996377 -0.0568313
    outer loop
      vertex 21.2258 8 -18.3923
      vertex 21.0891 7.98481 -18.8108
      vertex 20.5558 8 -19.1382
    endloop
  endfacet
  facet normal 0.0676562 0.996007 -0.0582508
    outer loop
      vertex 21.2258 8 -18.3923
      vertex 21.7363 7.98481 -18.0591
      vertex 21.0891 7.98481 -18.8108
    endloop
  endfacet
  facet normal 0.0652362 0.996379 -0.054526
    outer loop
      vertex 21.8688 8 -17.623
      vertex 21.7363 7.98481 -18.0591
      vertex 21.2258 8 -18.3923
    endloop
  endfacet
  facet normal 0.0697021 0.996002 -0.0558698
    outer loop
      vertex 21.8688 8 -17.623
      vertex 22.3567 7.98481 -17.2851
      vertex 21.7363 7.98481 -18.0591
    endloop
  endfacet
  facet normal 0.0671327 0.996381 -0.0521427
    outer loop
      vertex 22.4838 8 -16.8312
      vertex 22.3567 7.98481 -17.2851
      vertex 21.8688 8 -17.623
    endloop
  endfacet
  facet normal 0.0716111 0.996003 -0.0533841
    outer loop
      vertex 22.4838 8 -16.8312
      vertex 22.9495 7.98481 -16.4899
      vertex 22.3567 7.98481 -17.2851
    endloop
  endfacet
  facet normal 0.0689248 0.996383 -0.0497018
    outer loop
      vertex 23.0702 8 -16.018
      vertex 22.9495 7.98481 -16.4899
      vertex 22.4838 8 -16.8312
    endloop
  endfacet
  facet normal 0.0734526 0.996002 -0.0508476
    outer loop
      vertex 23.0702 8 -16.018
      vertex 23.5141 7.98481 -15.6743
      vertex 22.9495 7.98481 -16.4899
    endloop
  endfacet
  facet normal 0.0706484 0.996384 -0.0472091
    outer loop
      vertex 23.6273 8 -15.1843
      vertex 23.5141 7.98481 -15.6743
      vertex 23.0702 8 -16.018
    endloop
  endfacet
  facet normal 0.0752167 0.995999 -0.0482526
    outer loop
      vertex 23.6273 8 -15.1843
      vertex 24.0497 7.98481 -14.8394
      vertex 23.5141 7.98481 -15.6743
    endloop
  endfacet
  facet normal 0.0722939 0.996383 -0.0446561
    outer loop
      vertex 24.1542 8 -14.3313
      vertex 24.0497 7.98481 -14.8394
      vertex 23.6273 8 -15.1843
    endloop
  endfacet
  facet normal 0.0768721 0.995998 -0.0455862
    outer loop
      vertex 24.1542 8 -14.3313
      vertex 24.5556 7.98481 -13.9863
      vertex 24.0497 7.98481 -14.8394
    endloop
  endfacet
  facet normal 0.0738505 0.996382 -0.0420538
    outer loop
      vertex 24.6503 8 -13.4601
      vertex 24.5556 7.98481 -13.9863
      vertex 24.1542 8 -14.3313
    endloop
  endfacet
  facet normal 0.0784366 0.995997 -0.042868
    outer loop
      vertex 24.6503 8 -13.4601
      vertex 25.0313 7.98481 -13.1159
      vertex 24.5556 7.98481 -13.9863
    endloop
  endfacet
  facet normal 0.0753146 0.996381 -0.0393952
    outer loop
      vertex 25.115 8 -12.5717
      vertex 25.0313 7.98481 -13.1159
      vertex 24.6503 8 -13.4601
    endloop
  endfacet
  facet normal 0.0798743 0.995999 -0.0400858
    outer loop
      vertex 25.115 8 -12.5717
      vertex 25.4762 7.98481 -12.2294
      vertex 25.0313 7.98481 -13.1159
    endloop
  endfacet
  facet normal 0.0766602 0.996382 -0.0366772
    outer loop
      vertex 25.5477 8 -11.6673
      vertex 25.4762 7.98481 -12.2294
      vertex 25.115 8 -12.5717
    endloop
  endfacet
  facet normal 0.0812111 0.996001 -0.0372458
    outer loop
      vertex 25.5477 8 -11.6673
      vertex 25.8897 7.98481 -11.3278
      vertex 25.4762 7.98481 -12.2294
    endloop
  endfacet
  facet normal 0.0779332 0.996381 -0.0339268
    outer loop
      vertex 25.9479 8 -10.748
      vertex 25.8897 7.98481 -11.3278
      vertex 25.5477 8 -11.6673
    endloop
  endfacet
  facet normal 0.0824722 0.996 -0.0343724
    outer loop
      vertex 25.9479 8 -10.748
      vertex 26.2713 7.98481 -10.4122
      vertex 25.8897 7.98481 -11.3278
    endloop
  endfacet
  facet normal 0.0791255 0.996378 -0.0311322
    outer loop
      vertex 26.315 8 -9.81498
      vertex 26.2713 7.98481 -10.4122
      vertex 25.9479 8 -10.748
    endloop
  endfacet
  facet normal 0.0836158 0.996002 -0.0314512
    outer loop
      vertex 26.315 8 -9.81498
      vertex 26.6205 7.98481 -9.48382
      vertex 26.2713 7.98481 -10.4122
    endloop
  endfacet
  facet normal 0.0802098 0.996376 -0.0282919
    outer loop
      vertex 26.6485 8 -8.86948
      vertex 26.6205 7.98481 -9.48382
      vertex 26.315 8 -9.81498
    endloop
  endfacet
  facet normal 0.0845999 0.996008 -0.0284829
    outer loop
      vertex 26.6485 8 -8.86948
      vertex 26.937 7.98481 -8.54375
      vertex 26.6205 7.98481 -9.48382
    endloop
  endfacet
  facet normal 0.0811505 0.996378 -0.0254104
    outer loop
      vertex 26.9481 8 -7.91268
      vertex 26.937 7.98481 -8.54375
      vertex 26.6485 8 -8.86948
    endloop
  endfacet
  facet normal 0.085522 0.99601 -0.0254785
    outer loop
      vertex 26.9481 8 -7.91268
      vertex 27.2202 7.98481 -7.59315
      vertex 26.937 7.98481 -8.54375
    endloop
  endfacet
  facet normal 0.0820654 0.996373 -0.0225177
    outer loop
      vertex 27.2134 8 -6.9458
      vertex 27.2202 7.98481 -7.59315
      vertex 26.9481 8 -7.91268
    endloop
  endfacet
  facet normal 0.0863613 0.996011 -0.0224641
    outer loop
      vertex 27.4699 7.98481 -6.6332
      vertex 27.2202 7.98481 -7.59315
      vertex 27.2134 8 -6.9458
    endloop
  endfacet
  facet normal 0.0828606 0.996369 -0.0195742
    outer loop
      vertex 27.4439 8 -5.97006
      vertex 27.4699 7.98481 -6.6332
      vertex 27.2134 8 -6.9458
    endloop
  endfacet
  facet normal 0.0870088 0.996019 -0.0194036
    outer loop
      vertex 27.6858 7.98481 -5.66507
      vertex 27.4699 7.98481 -6.6332
      vertex 27.4439 8 -5.97006
    endloop
  endfacet
  facet normal 0.0835103 0.996368 -0.0166114
    outer loop
      vertex 27.6395 8 -4.98672
      vertex 27.6858 7.98481 -5.66507
      vertex 27.4439 8 -5.97006
    endloop
  endfacet
  facet normal 0.0876042 0.996022 -0.0163242
    outer loop
      vertex 27.8675 7.98481 -4.68997
      vertex 27.6858 7.98481 -5.66507
      vertex 27.6395 8 -4.98672
    endloop
  endfacet
  facet normal 0.0841258 0.996362 -0.0136342
    outer loop
      vertex 27.7999 8 -3.99702
      vertex 27.8675 7.98481 -4.68997
      vertex 27.6395 8 -4.98672
    endloop
  endfacet
  facet normal 0.0880647 0.996027 -0.0132426
    outer loop
      vertex 28.015 7.98481 -3.70908
      vertex 27.8675 7.98481 -4.68997
      vertex 27.7999 8 -3.99702
    endloop
  endfacet
  facet normal 0.0845897 0.996359 -0.0106291
    outer loop
      vertex 27.9249 8 -3.00223
      vertex 28.015 7.98481 -3.70908
      vertex 27.7999 8 -3.99702
    endloop
  endfacet
  facet normal 0.0884356 0.99603 -0.0101318
    outer loop
      vertex 28.1279 7.98481 -2.72363
      vertex 28.015 7.98481 -3.70908
      vertex 27.9249 8 -3.00223
    endloop
  endfacet
  facet normal 0.0849846 0.996353 -0.00759969
    outer loop
      vertex 28.0142 8 -2.00362
      vertex 28.1279 7.98481 -2.72363
      vertex 27.9249 8 -3.00223
    endloop
  endfacet
  facet normal 0.088664 0.996037 -0.00701199
    outer loop
      vertex 28.2061 7.98481 -1.73482
      vertex 28.1279 7.98481 -2.72363
      vertex 28.0142 8 -2.00362
    endloop
  endfacet
  facet normal 0.0852734 0.996347 -0.00457383
    outer loop
      vertex 28.0679 8 -1.00245
      vertex 28.2061 7.98481 -1.73482
      vertex 28.0142 8 -2.00362
    endloop
  endfacet
  facet normal 0.0888167 0.99604 -0.00389884
    outer loop
      vertex 28.2496 7.98481 -0.743877
      vertex 28.2061 7.98481 -1.73482
      vertex 28.0679 8 -1.00245
    endloop
  endfacet
  facet normal 0.0854651 0.99634 -0.00152609
    outer loop
      vertex 28.0858 8 0
      vertex 28.2496 7.98481 -0.743877
      vertex 28.0679 8 -1.00245
    endloop
  endfacet
  facet normal 0.0888299 0.996047 -0.000779162
    outer loop
      vertex 28.2583 7.98481 0.247984
      vertex 28.2496 7.98481 -0.743877
      vertex 28.0858 8 0
    endloop
  endfacet
  facet normal 0.0855393 0.996334 0.00152741
    outer loop
      vertex 28.2583 7.98481 0.247984
      vertex 28.0858 8 0
      vertex 28.0679 8 1.00245
    endloop
  endfacet
  facet normal 0.0887182 0.996054 0.00233526
    outer loop
      vertex 28.2322 7.98481 1.23954
      vertex 28.2583 7.98481 0.247984
      vertex 28.0679 8 1.00245
    endloop
  endfacet
  facet normal 0.0854959 0.996328 0.00458577
    outer loop
      vertex 28.2322 7.98481 1.23954
      vertex 28.0679 8 1.00245
      vertex 28.0142 8 2.00362
    endloop
  endfacet
  facet normal 0.0884812 0.996063 0.00544277
    outer loop
      vertex 28.1713 7.98481 2.22957
      vertex 28.2322 7.98481 1.23954
      vertex 28.0142 8 2.00362
    endloop
  endfacet
  facet normal 0.0853562 0.996321 0.00763292
    outer loop
      vertex 28.1713 7.98481 2.22957
      vertex 28.0142 8 2.00362
      vertex 27.9249 8 3.00223
    endloop
  endfacet
  facet normal 0.088181 0.996068 0.00853871
    outer loop
      vertex 28.0757 7.98481 3.21685
      vertex 28.1713 7.98481 2.22957
      vertex 27.9249 8 3.00223
    endloop
  endfacet
  facet normal 0.0851333 0.996312 0.0106974
    outer loop
      vertex 28.0757 7.98481 3.21685
      vertex 27.9249 8 3.00223
      vertex 27.7999 8 3.99702
    endloop
  endfacet
  facet normal 0.0876732 0.996082 0.0115998
    outer loop
      vertex 27.9456 7.98481 4.20017
      vertex 28.0757 7.98481 3.21685
      vertex 27.7999 8 3.99702
    endloop
  endfacet
  facet normal 0.084725 0.99631 0.0137313
    outer loop
      vertex 27.9456 7.98481 4.20017
      vertex 27.7999 8 3.99702
      vertex 27.6395 8 4.98672
    endloop
  endfacet
  facet normal 0.087127 0.996089 0.0146704
    outer loop
      vertex 27.7809 7.98481 5.17832
      vertex 27.9456 7.98481 4.20017
      vertex 27.6395 8 4.98672
    endloop
  endfacet
  facet normal 0.0843052 0.996299 0.0167695
    outer loop
      vertex 27.7809 7.98481 5.17832
      vertex 27.6395 8 4.98672
      vertex 27.4439 8 5.97006
    endloop
  endfacet
  facet normal 0.0864476 0.996099 0.0176852
    outer loop
      vertex 27.5821 7.98481 6.15008
      vertex 27.7809 7.98481 5.17832
      vertex 27.4439 8 5.97006
    endloop
  endfacet
  facet normal 0.083738 0.996291 0.0197815
    outer loop
      vertex 27.5821 7.98481 6.15008
      vertex 27.4439 8 5.97006
      vertex 27.2134 8 6.9458
    endloop
  endfacet
  facet normal 0.0856902 0.996107 0.0206896
    outer loop
      vertex 27.3493 7.98481 7.11427
      vertex 27.5821 7.98481 6.15008
      vertex 27.2134 8 6.9458
    endloop
  endfacet
  facet normal 0.0830936 0.996281 0.0227999
    outer loop
      vertex 27.3493 7.98481 7.11427
      vertex 27.2134 8 6.9458
      vertex 26.9481 8 7.91268
    endloop
  endfacet
  facet normal 0.08477 0.99612 0.0236453
    outer loop
      vertex 27.0828 7.98481 8.06969
      vertex 27.3493 7.98481 7.11427
      vertex 26.9481 8 7.91268
    endloop
  endfacet
  facet normal 0.0823075 0.996274 0.0257727
    outer loop
      vertex 27.0828 7.98481 8.06969
      vertex 26.9481 8 7.91268
      vertex 26.6485 8 8.86948
    endloop
  endfacet
  facet normal 0.0837763 0.99613 0.026573
    outer loop
      vertex 26.7829 7.98481 9.01518
      vertex 27.0828 7.98481 8.06969
      vertex 26.6485 8 8.86948
    endloop
  endfacet
  facet normal 0.0814527 0.996263 0.0287303
    outer loop
      vertex 26.7829 7.98481 9.01518
      vertex 26.6485 8 8.86948
      vertex 26.315 8 9.81498
    endloop
  endfacet
  facet normal 0.0827098 0.996138 0.0294681
    outer loop
      vertex 26.45 7.98481 9.94955
      vertex 26.7829 7.98481 9.01518
      vertex 26.315 8 9.81498
    endloop
  endfacet
  facet normal 0.0805175 0.99625 0.0316799
    outer loop
      vertex 26.45 7.98481 9.94955
      vertex 26.315 8 9.81498
      vertex 25.9479 8 10.748
    endloop
  endfacet
  facet normal 0.0815146 0.996148 0.0323088
    outer loop
      vertex 26.0845 7.98481 10.8717
      vertex 26.45 7.98481 9.94955
      vertex 25.9479 8 10.748
    endloop
  endfacet
  facet normal 0.0794582 0.996238 0.0345906
    outer loop
      vertex 26.0845 7.98481 10.8717
      vertex 25.9479 8 10.748
      vertex 25.5477 8 11.6673
    endloop
  endfacet
  facet normal 0.0801948 0.996161 0.0350891
    outer loop
      vertex 25.6869 7.98481 11.7804
      vertex 26.0845 7.98481 10.8717
      vertex 25.5477 8 11.6673
    endloop
  endfacet
  facet normal 0.0782814 0.996228 0.0374529
    outer loop
      vertex 25.6869 7.98481 11.7804
      vertex 25.5477 8 11.6673
      vertex 25.115 8 12.5717
    endloop
  endfacet
  facet normal 0.078775 0.996175 0.0378106
    outer loop
      vertex 25.2577 7.98481 12.6746
      vertex 25.6869 7.98481 11.7804
      vertex 25.115 8 12.5717
    endloop
  endfacet
  facet normal 0.0770008 0.996217 0.0402772
    outer loop
      vertex 25.2577 7.98481 12.6746
      vertex 25.115 8 12.5717
      vertex 24.6503 8 13.4601
    endloop
  endfacet
  facet normal 0.0772888 0.996186 0.0405006
    outer loop
      vertex 24.7973 7.98481 13.5532
      vertex 25.2577 7.98481 12.6746
      vertex 24.6503 8 13.4601
    endloop
  endfacet
  facet normal 0.0756558 0.996203 0.0430818
    outer loop
      vertex 24.7973 7.98481 13.5532
      vertex 24.6503 8 13.4601
      vertex 24.1542 8 14.3313
    endloop
  endfacet
  facet normal 0.00454054 0.965921 -0.258797
    outer loop
      vertex 0.991747 7.98481 -28.242
      vertex 0.997656 7.93969 -28.4103
      vertex 0 7.98481 -28.2594
    endloop
  endfacet
  facet normal 0 0.818989 0.573809
    outer loop
      vertex 0.501678 7.86602 28.5814
      vertex -0.504183 7.76604 28.7241
      vertex 0.504183 7.76604 28.7241
    endloop
  endfacet
  facet normal 0 0.818989 0.573809
    outer loop
      vertex -0.504183 7.76604 28.7241
      vertex 0.501678 7.86602 28.5814
      vertex -0.501678 7.86602 28.5814
    endloop
  endfacet
  facet normal -0.0200874 0.81899 0.573457
    outer loop
      vertex -0.504183 7.76604 28.7241
      vertex -0.501678 7.86602 28.5814
      vertex -1.51193 7.76604 28.6888
    endloop
  endfacet
  facet normal -0.0201235 0.819133 0.573251
    outer loop
      vertex -0.501678 7.86602 28.5814
      vertex -1.50441 7.86602 28.5462
      vertex -1.51193 7.76604 28.6888
    endloop
  endfacet
  facet normal -0.0402741 0.819133 0.572188
    outer loop
      vertex -1.51193 7.76604 28.6888
      vertex -1.50441 7.86602 28.5462
      vertex -2.51781 7.76604 28.618
    endloop
  endfacet
  facet normal -0.0402556 0.819041 0.572321
    outer loop
      vertex -1.50441 7.86602 28.5462
      vertex -2.5053 7.86602 28.4758
      vertex -2.51781 7.76604 28.618
    endloop
  endfacet
  facet normal -0.0603114 0.819041 0.570557
    outer loop
      vertex -2.51781 7.76604 28.618
      vertex -2.5053 7.86602 28.4758
      vertex -3.52059 7.76604 28.512
    endloop
  endfacet
  facet normal -0.0603191 0.819092 0.570482
    outer loop
      vertex -2.5053 7.86602 28.4758
      vertex -3.50309 7.86602 28.3703
      vertex -3.52059 7.76604 28.512
    endloop
  endfacet
  facet normal -0.0802717 0.819092 0.568018
    outer loop
      vertex -3.52059 7.76604 28.512
      vertex -3.50309 7.86602 28.3703
      vertex -4.51904 7.76604 28.3709
    endloop
  endfacet
  facet normal -0.0802719 0.819094 0.568015
    outer loop
      vertex -3.50309 7.86602 28.3703
      vertex -4.49658 7.86602 28.2299
      vertex -4.51904 7.76604 28.3709
    endloop
  endfacet
  facet normal -0.100128 0.819095 0.564853
    outer loop
      vertex -4.51904 7.76604 28.3709
      vertex -4.49658 7.86602 28.2299
      vertex -5.51191 7.76604 28.1949
    endloop
  endfacet
  facet normal -0.100135 0.819232 0.564652
    outer loop
      vertex -4.49658 7.86602 28.2299
      vertex -5.48452 7.86602 28.0547
      vertex -5.51191 7.76604 28.1949
    endloop
  endfacet
  facet normal -0.119937 0.819231 0.560782
    outer loop
      vertex -5.51191 7.76604 28.1949
      vertex -5.48452 7.86602 28.0547
      vertex -6.498 7.76604 27.984
    endloop
  endfacet
  facet normal -0.119938 0.818953 0.561187
    outer loop
      vertex -5.48452 7.86602 28.0547
      vertex -6.4657 7.86602 27.845
      vertex -6.498 7.76604 27.984
    endloop
  endfacet
  facet normal -0.139545 0.818955 0.556632
    outer loop
      vertex -6.498 7.76604 27.984
      vertex -6.4657 7.86602 27.845
      vertex -7.47608 7.76604 27.7388
    endloop
  endfacet
  facet normal -0.139533 0.819173 0.556315
    outer loop
      vertex -6.4657 7.86602 27.845
      vertex -7.43892 7.86602 27.6009
      vertex -7.47608 7.76604 27.7388
    endloop
  endfacet
  facet normal -0.158975 0.819172 0.551076
    outer loop
      vertex -7.47608 7.76604 27.7388
      vertex -7.43892 7.86602 27.6009
      vertex -8.44495 7.76604 27.4593
    endloop
  endfacet
  facet normal -0.158977 0.819149 0.551108
    outer loop
      vertex -7.43892 7.86602 27.6009
      vertex -8.40298 7.86602 27.3228
      vertex -8.44495 7.76604 27.4593
    endloop
  endfacet
  facet normal -0.17821 0.819149 0.545194
    outer loop
      vertex -8.44495 7.76604 27.4593
      vertex -8.40298 7.86602 27.3228
      vertex -9.40342 7.76604 27.146
    endloop
  endfacet
  facet normal -0.178222 0.819075 0.545301
    outer loop
      vertex -8.40298 7.86602 27.3228
      vertex -9.35668 7.86602 27.0111
      vertex -9.40342 7.76604 27.146
    endloop
  endfacet
  facet normal -0.197248 0.819076 0.538709
    outer loop
      vertex -9.40342 7.76604 27.146
      vertex -9.35668 7.86602 27.0111
      vertex -10.3503 7.76604 26.7993
    endloop
  endfacet
  facet normal -0.197246 0.819087 0.538693
    outer loop
      vertex -9.35668 7.86602 27.0111
      vertex -10.2989 7.86602 26.6661
      vertex -10.3503 7.76604 26.7993
    endloop
  endfacet
  facet normal -0.216025 0.819085 0.531444
    outer loop
      vertex -10.3503 7.76604 26.7993
      vertex -10.2989 7.86602 26.6661
      vertex -11.2844 7.76604 26.4196
    endloop
  endfacet
  facet normal -0.215976 0.819278 0.531166
    outer loop
      vertex -10.2989 7.86602 26.6661
      vertex -11.2283 7.86602 26.2882
      vertex -11.2844 7.76604 26.4196
    endloop
  endfacet
  facet normal -0.234434 0.819277 0.523284
    outer loop
      vertex -11.2844 7.76604 26.4196
      vertex -11.2283 7.86602 26.2882
      vertex -12.2047 7.76604 26.0073
    endloop
  endfacet
  facet normal -0.234455 0.819209 0.52338
    outer loop
      vertex -11.2283 7.86602 26.2882
      vertex -12.144 7.86602 25.878
      vertex -12.2047 7.76604 26.0073
    endloop
  endfacet
  facet normal -0.252759 0.81921 0.514789
    outer loop
      vertex -12.2047 7.76604 26.0073
      vertex -12.144 7.86602 25.878
      vertex -13.1098 7.76604 25.5629
    endloop
  endfacet
  facet normal -0.252844 0.818973 0.515124
    outer loop
      vertex -12.144 7.86602 25.878
      vertex -13.0447 7.86602 25.4359
      vertex -13.1098 7.76604 25.5629
    endloop
  endfacet
  facet normal -0.270754 0.818972 0.505942
    outer loop
      vertex -13.1098 7.76604 25.5629
      vertex -13.0447 7.86602 25.4359
      vertex -13.9989 7.76604 25.0871
    endloop
  endfacet
  facet normal -0.27068 0.819152 0.505689
    outer loop
      vertex -13.0447 7.86602 25.4359
      vertex -13.9293 7.86602 24.9624
      vertex -13.9989 7.76604 25.0871
    endloop
  endfacet
  facet normal -0.288222 0.819153 0.495899
    outer loop
      vertex -13.9989 7.76604 25.0871
      vertex -13.9293 7.86602 24.9624
      vertex -14.8707 7.76604 24.5804
    endloop
  endfacet
  facet normal -0.288223 0.819152 0.495901
    outer loop
      vertex -13.9293 7.86602 24.9624
      vertex -14.7968 7.86602 24.4582
      vertex -14.8707 7.76604 24.5804
    endloop
  endfacet
  facet normal -0.305519 0.81915 0.48544
    outer loop
      vertex -14.8707 7.76604 24.5804
      vertex -14.7968 7.86602 24.4582
      vertex -15.7241 7.76604 24.0433
    endloop
  endfacet
  facet normal -0.305565 0.819059 0.485564
    outer loop
      vertex -14.7968 7.86602 24.4582
      vertex -15.646 7.86602 23.9238
      vertex -15.7241 7.76604 24.0433
    endloop
  endfacet
  facet normal -0.322376 0.819056 0.474574
    outer loop
      vertex -15.7241 7.76604 24.0433
      vertex -15.646 7.86602 23.9238
      vertex -16.5582 7.76604 23.4767
    endloop
  endfacet
  facet normal -0.32233 0.819139 0.474462
    outer loop
      vertex -15.646 7.86602 23.9238
      vertex -16.4759 7.86602 23.36
      vertex -16.5582 7.76604 23.4767
    endloop
  endfacet
  facet normal -0.338792 0.819138 0.462852
    outer loop
      vertex -16.5582 7.76604 23.4767
      vertex -16.4759 7.86602 23.36
      vertex -17.3719 7.76604 22.8811
    endloop
  endfacet
  facet normal -0.338858 0.819028 0.462999
    outer loop
      vertex -16.4759 7.86602 23.36
      vertex -17.2856 7.86602 22.7674
      vertex -17.3719 7.76604 22.8811
    endloop
  endfacet
  facet normal -0.354892 0.819027 0.450828
    outer loop
      vertex -17.3719 7.76604 22.8811
      vertex -17.2856 7.86602 22.7674
      vertex -18.1642 7.76604 22.2574
    endloop
  endfacet
  facet normal -0.354921 0.818983 0.450886
    outer loop
      vertex -17.2856 7.86602 22.7674
      vertex -18.074 7.86602 22.1468
      vertex -18.1642 7.76604 22.2574
    endloop
  endfacet
  facet normal -0.370544 0.81898 0.438143
    outer loop
      vertex -18.1642 7.76604 22.2574
      vertex -18.074 7.86602 22.1468
      vertex -18.9342 7.76604 21.6062
    endloop
  endfacet
  facet normal -0.370445 0.819122 0.43796
    outer loop
      vertex -18.074 7.86602 22.1468
      vertex -18.8401 7.86602 21.4988
      vertex -18.9342 7.76604 21.6062
    endloop
  endfacet
  facet normal -0.38557 0.819121 0.424707
    outer loop
      vertex -18.9342 7.76604 21.6062
      vertex -18.8401 7.86602 21.4988
      vertex -19.6808 7.76604 20.9284
    endloop
  endfacet
  facet normal -0.385519 0.819191 0.424619
    outer loop
      vertex -18.8401 7.86602 21.4988
      vertex -19.5829 7.86602 20.8244
      vertex -19.6808 7.76604 20.9284
    endloop
  endfacet
  facet normal -0.400183 0.819195 0.410819
    outer loop
      vertex -19.6808 7.76604 20.9284
      vertex -19.5829 7.86602 20.8244
      vertex -20.4031 7.76604 20.2248
    endloop
  endfacet
  facet normal -0.400279 0.819072 0.410971
    outer loop
      vertex -19.5829 7.86602 20.8244
      vertex -20.3017 7.86602 20.1243
      vertex -20.4031 7.76604 20.2248
    endloop
  endfacet
  facet normal -0.414466 0.819073 0.396658
    outer loop
      vertex -20.4031 7.76604 20.2248
      vertex -20.3017 7.86602 20.1243
      vertex -21.1003 7.76604 19.4963
    endloop
  endfacet
  facet normal -0.414404 0.819148 0.396568
    outer loop
      vertex -20.3017 7.86602 20.1243
      vertex -20.9954 7.86602 19.3994
      vertex -21.1003 7.76604 19.4963
    endloop
  endfacet
  facet normal -0.428046 0.819149 0.3818
    outer loop
      vertex -21.1003 7.76604 19.4963
      vertex -20.9954 7.86602 19.3994
      vertex -21.7715 7.76604 18.7438
    endloop
  endfacet
  facet normal -0.428156 0.819023 0.381949
    outer loop
      vertex -20.9954 7.86602 19.3994
      vertex -21.6633 7.86602 18.6507
      vertex -21.7715 7.76604 18.7438
    endloop
  endfacet
  facet normal -0.441313 0.819026 0.366661
    outer loop
      vertex -21.7715 7.76604 18.7438
      vertex -21.6633 7.86602 18.6507
      vertex -22.4159 7.76604 17.9682
    endloop
  endfacet
  facet normal -0.441257 0.819088 0.366589
    outer loop
      vertex -21.6633 7.86602 18.6507
      vertex -22.3045 7.86602 17.8789
      vertex -22.4159 7.76604 17.9682
    endloop
  endfacet
  facet normal -0.453826 0.819088 0.350909
    outer loop
      vertex -22.4159 7.76604 17.9682
      vertex -22.3045 7.86602 17.8789
      vertex -23.0327 7.76604 17.1705
    endloop
  endfacet
  facet normal -0.453707 0.819214 0.350768
    outer loop
      vertex -22.3045 7.86602 17.8789
      vertex -22.9182 7.86602 17.0851
      vertex -23.0327 7.76604 17.1705
    endloop
  endfacet
  facet normal -0.465733 0.819212 0.334641
    outer loop
      vertex -23.0327 7.76604 17.1705
      vertex -22.9182 7.86602 17.0851
      vertex -23.6211 7.76604 16.3516
    endloop
  endfacet
  facet normal -0.465803 0.819141 0.334717
    outer loop
      vertex -22.9182 7.86602 17.0851
      vertex -23.5037 7.86602 16.2703
      vertex -23.6211 7.76604 16.3516
    endloop
  endfacet
  facet normal -0.477268 0.81914 0.31816
    outer loop
      vertex -23.6211 7.76604 16.3516
      vertex -23.5037 7.86602 16.2703
      vertex -24.1804 7.76604 15.5126
    endloop
  endfacet
  facet normal -0.477267 0.81914 0.318159
    outer loop
      vertex -23.5037 7.86602 16.2703
      vertex -24.0602 7.86602 15.4355
      vertex -24.1804 7.76604 15.5126
    endloop
  endfacet
  facet normal -0.488144 0.819141 0.301203
    outer loop
      vertex -24.1804 7.76604 15.5126
      vertex -24.0602 7.86602 15.4355
      vertex -24.5861 7.86602 14.5832
    endloop
  endfacet
  facet normal -0.359798 0.906233 0.222009
    outer loop
      vertex -24.0602 7.86602 15.4355
      vertex -24.4496 7.93969 14.5037
      vertex -24.5861 7.86602 14.5832
    endloop
  endfacet
  facet normal 0 0.906322 0.422587
    outer loop
      vertex 0.498904 7.93969 28.4234
      vertex -0.501678 7.86602 28.5814
      vertex 0.501678 7.86602 28.5814
    endloop
  endfacet
  facet normal 0 0.906322 0.422587
    outer loop
      vertex -0.501678 7.86602 28.5814
      vertex 0.498904 7.93969 28.4234
      vertex -0.498904 7.93969 28.4234
    endloop
  endfacet
  facet normal -0.0148254 0.906322 0.422327
    outer loop
      vertex -0.501678 7.86602 28.5814
      vertex -0.498904 7.93969 28.4234
      vertex -1.50441 7.86602 28.5462
    endloop
  endfacet
  facet normal -0.0148234 0.906317 0.422339
    outer loop
      vertex -0.498904 7.93969 28.4234
      vertex -1.4961 7.93969 28.3884
      vertex -1.50441 7.86602 28.5462
    endloop
  endfacet
  facet normal -0.0296513 0.906316 0.421558
    outer loop
      vertex -1.50441 7.86602 28.5462
      vertex -1.4961 7.93969 28.3884
      vertex -2.5053 7.86602 28.4758
    endloop
  endfacet
  facet normal -0.0296486 0.906306 0.421581
    outer loop
      vertex -1.4961 7.93969 28.3884
      vertex -2.49145 7.93969 28.3184
      vertex -2.5053 7.86602 28.4758
    endloop
  endfacet
  facet normal -0.0444378 0.906306 0.42028
    outer loop
      vertex -2.5053 7.86602 28.4758
      vertex -2.49145 7.93969 28.3184
      vertex -3.50309 7.86602 28.3703
    endloop
  endfacet
  facet normal -0.0444343 0.906287 0.420321
    outer loop
      vertex -2.49145 7.93969 28.3184
      vertex -3.48374 7.93969 28.2135
      vertex -3.50309 7.86602 28.3703
    endloop
  endfacet
  facet normal -0.0591432 0.906286 0.418506
    outer loop
      vertex -3.50309 7.86602 28.3703
      vertex -3.48374 7.93969 28.2135
      vertex -4.49658 7.86602 28.2299
    endloop
  endfacet
  facet normal -0.0591407 0.906263 0.418556
    outer loop
      vertex -3.48374 7.93969 28.2135
      vertex -4.47173 7.93969 28.0739
      vertex -4.49658 7.86602 28.2299
    endloop
  endfacet
  facet normal -0.0738118 0.906263 0.416219
    outer loop
      vertex -4.49658 7.86602 28.2299
      vertex -4.47173 7.93969 28.0739
      vertex -5.48452 7.86602 28.0547
    endloop
  endfacet
  facet normal -0.0738108 0.906231 0.416289
    outer loop
      vertex -4.47173 7.93969 28.0739
      vertex -5.45421 7.93969 27.8997
      vertex -5.48452 7.86602 28.0547
    endloop
  endfacet
  facet normal -0.0883622 0.906232 0.413444
    outer loop
      vertex -5.48452 7.86602 28.0547
      vertex -5.45421 7.93969 27.8997
      vertex -6.4657 7.86602 27.845
    endloop
  endfacet
  facet normal -0.0883596 0.90629 0.413316
    outer loop
      vertex -5.45421 7.93969 27.8997
      vertex -6.42997 7.93969 27.6911
      vertex -6.4657 7.86602 27.845
    endloop
  endfacet
  facet normal -0.102824 0.90629 0.409958
    outer loop
      vertex -6.4657 7.86602 27.845
      vertex -6.42997 7.93969 27.6911
      vertex -7.43892 7.86602 27.6009
    endloop
  endfacet
  facet normal -0.10283 0.90624 0.410068
    outer loop
      vertex -6.42997 7.93969 27.6911
      vertex -7.39781 7.93969 27.4484
      vertex -7.43892 7.86602 27.6009
    endloop
  endfacet
  facet normal -0.117176 0.90624 0.406201
    outer loop
      vertex -7.43892 7.86602 27.6009
      vertex -7.39781 7.93969 27.4484
      vertex -8.40298 7.86602 27.3228
    endloop
  endfacet
  facet normal -0.117168 0.906277 0.40612
    outer loop
      vertex -7.39781 7.93969 27.4484
      vertex -8.35654 7.93969 27.1718
      vertex -8.40298 7.86602 27.3228
    endloop
  endfacet
  facet normal -0.131312 0.906277 0.40177
    outer loop
      vertex -8.40298 7.86602 27.3228
      vertex -8.35654 7.93969 27.1718
      vertex -9.35668 7.86602 27.0111
    endloop
  endfacet
  facet normal -0.131306 0.906299 0.401723
    outer loop
      vertex -8.35654 7.93969 27.1718
      vertex -9.30497 7.93969 26.8618
      vertex -9.35668 7.86602 27.0111
    endloop
  endfacet
  facet normal -0.145317 0.906299 0.39687
    outer loop
      vertex -9.35668 7.86602 27.0111
      vertex -9.30497 7.93969 26.8618
      vertex -10.2989 7.86602 26.6661
    endloop
  endfacet
  facet normal -0.145304 0.906334 0.396793
    outer loop
      vertex -9.30497 7.93969 26.8618
      vertex -10.2419 7.93969 26.5187
      vertex -10.2989 7.86602 26.6661
    endloop
  endfacet
  facet normal -0.15916 0.906336 0.391436
    outer loop
      vertex -10.2989 7.86602 26.6661
      vertex -10.2419 7.93969 26.5187
      vertex -11.2283 7.86602 26.2882
    endloop
  endfacet
  facet normal -0.159228 0.906177 0.391777
    outer loop
      vertex -10.2419 7.93969 26.5187
      vertex -11.1663 7.93969 26.143
      vertex -11.2283 7.86602 26.2882
    endloop
  endfacet
  facet normal -0.172889 0.906177 0.385943
    outer loop
      vertex -11.2283 7.86602 26.2882
      vertex -11.1663 7.93969 26.143
      vertex -12.144 7.86602 25.878
    endloop
  endfacet
  facet normal -0.172849 0.906257 0.385775
    outer loop
      vertex -11.1663 7.93969 26.143
      vertex -12.0769 7.93969 25.735
      vertex -12.144 7.86602 25.878
    endloop
  endfacet
  facet normal -0.186264 0.906257 0.37948
    outer loop
      vertex -12.144 7.86602 25.878
      vertex -12.0769 7.93969 25.735
      vertex -13.0447 7.86602 25.4359
    endloop
  endfacet
  facet normal -0.186235 0.906307 0.379374
    outer loop
      vertex -12.0769 7.93969 25.735
      vertex -12.9726 7.93969 25.2953
      vertex -13.0447 7.86602 25.4359
    endloop
  endfacet
  facet normal -0.199442 0.906306 0.372602
    outer loop
      vertex -13.0447 7.86602 25.4359
      vertex -12.9726 7.93969 25.2953
      vertex -13.9293 7.86602 24.9624
    endloop
  endfacet
  facet normal -0.199429 0.906327 0.372558
    outer loop
      vertex -12.9726 7.93969 25.2953
      vertex -13.8523 7.93969 24.8244
      vertex -13.9293 7.86602 24.9624
    endloop
  endfacet
  facet normal -0.212346 0.906327 0.365351
    outer loop
      vertex -13.9293 7.86602 24.9624
      vertex -13.8523 7.93969 24.8244
      vertex -14.7968 7.86602 24.4582
    endloop
  endfacet
  facet normal -0.212352 0.906318 0.36537
    outer loop
      vertex -13.8523 7.93969 24.8244
      vertex -14.715 7.93969 24.323
      vertex -14.7968 7.86602 24.4582
    endloop
  endfacet
  facet normal -0.22508 0.906318 0.357669
    outer loop
      vertex -14.7968 7.86602 24.4582
      vertex -14.715 7.93969 24.323
      vertex -15.646 7.86602 23.9238
    endloop
  endfacet
  facet normal -0.22511 0.906281 0.357744
    outer loop
      vertex -14.715 7.93969 24.323
      vertex -15.5595 7.93969 23.7916
      vertex -15.646 7.86602 23.9238
    endloop
  endfacet
  facet normal -0.23752 0.906282 0.349624
    outer loop
      vertex -15.646 7.86602 23.9238
      vertex -15.5595 7.93969 23.7916
      vertex -16.4759 7.86602 23.36
    endloop
  endfacet
  facet normal -0.237552 0.906246 0.349697
    outer loop
      vertex -15.5595 7.93969 23.7916
      vertex -16.3849 7.93969 23.2309
      vertex -16.4759 7.86602 23.36
    endloop
  endfacet
  facet normal -0.249678 0.906244 0.341148
    outer loop
      vertex -16.4759 7.86602 23.36
      vertex -16.3849 7.93969 23.2309
      vertex -17.2856 7.86602 22.7674
    endloop
  endfacet
  facet normal -0.249683 0.906239 0.341159
    outer loop
      vertex -16.3849 7.93969 23.2309
      vertex -17.1901 7.93969 22.6416
      vertex -17.2856 7.86602 22.7674
    endloop
  endfacet
  facet normal -0.261492 0.906239 0.332195
    outer loop
      vertex -17.2856 7.86602 22.7674
      vertex -17.1901 7.93969 22.6416
      vertex -18.074 7.86602 22.1468
    endloop
  endfacet
  facet normal -0.26144 0.90629 0.332095
    outer loop
      vertex -17.1901 7.93969 22.6416
      vertex -17.9741 7.93969 22.0244
      vertex -18.074 7.86602 22.1468
    endloop
  endfacet
  facet normal -0.272953 0.90629 0.322699
    outer loop
      vertex -18.074 7.86602 22.1468
      vertex -17.9741 7.93969 22.0244
      vertex -18.8401 7.86602 21.4988
    endloop
  endfacet
  facet normal -0.272922 0.906319 0.322644
    outer loop
      vertex -17.9741 7.93969 22.0244
      vertex -18.7359 7.93969 21.38
      vertex -18.8401 7.86602 21.4988
    endloop
  endfacet
  facet normal -0.284063 0.906321 0.312873
    outer loop
      vertex -18.8401 7.86602 21.4988
      vertex -18.7359 7.93969 21.38
      vertex -19.5829 7.86602 20.8244
    endloop
  endfacet
  facet normal -0.284122 0.906269 0.31297
    outer loop
      vertex -18.7359 7.93969 21.38
      vertex -19.4747 7.93969 20.7093
      vertex -19.5829 7.86602 20.8244
    endloop
  endfacet
  facet normal -0.294931 0.906269 0.302809
    outer loop
      vertex -19.5829 7.86602 20.8244
      vertex -19.4747 7.93969 20.7093
      vertex -20.3017 7.86602 20.1243
    endloop
  endfacet
  facet normal -0.294935 0.906266 0.302814
    outer loop
      vertex -19.4747 7.93969 20.7093
      vertex -20.1895 7.93969 20.0131
      vertex -20.3017 7.86602 20.1243
    endloop
  endfacet
  facet normal -0.3054 0.906266 0.292255
    outer loop
      vertex -20.3017 7.86602 20.1243
      vertex -20.1895 7.93969 20.0131
      vertex -20.9954 7.86602 19.3994
    endloop
  endfacet
  facet normal -0.305426 0.906245 0.292292
    outer loop
      vertex -20.1895 7.93969 20.0131
      vertex -20.8794 7.93969 19.2922
      vertex -20.9954 7.86602 19.3994
    endloop
  endfacet
  facet normal -0.315469 0.906245 0.281424
    outer loop
      vertex -20.9954 7.86602 19.3994
      vertex -20.8794 7.93969 19.2922
      vertex -21.6633 7.86602 18.6507
    endloop
  endfacet
  facet normal -0.315426 0.906277 0.281367
    outer loop
      vertex -20.8794 7.93969 19.2922
      vertex -21.5436 7.93969 18.5476
      vertex -21.6633 7.86602 18.6507
    endloop
  endfacet
  facet normal -0.325123 0.906276 0.270108
    outer loop
      vertex -21.6633 7.86602 18.6507
      vertex -21.5436 7.93969 18.5476
      vertex -22.3045 7.86602 17.8789
    endloop
  endfacet
  facet normal -0.325093 0.906298 0.270071
    outer loop
      vertex -21.5436 7.93969 18.5476
      vertex -22.1812 7.93969 17.7801
      vertex -22.3045 7.86602 17.8789
    endloop
  endfacet
  facet normal -0.334364 0.906299 0.258502
    outer loop
      vertex -22.3045 7.86602 17.8789
      vertex -22.1812 7.93969 17.7801
      vertex -22.9182 7.86602 17.0851
    endloop
  endfacet
  facet normal -0.334483 0.906216 0.258638
    outer loop
      vertex -22.1812 7.93969 17.7801
      vertex -22.7916 7.93969 16.9907
      vertex -22.9182 7.86602 17.0851
    endloop
  endfacet
  facet normal -0.34336 0.906216 0.246732
    outer loop
      vertex -22.9182 7.86602 17.0851
      vertex -22.7916 7.93969 16.9907
      vertex -23.5037 7.86602 16.2703
    endloop
  endfacet
  facet normal -0.343277 0.906271 0.246644
    outer loop
      vertex -22.7916 7.93969 16.9907
      vertex -23.3738 7.93969 16.1804
      vertex -23.5037 7.86602 16.2703
    endloop
  endfacet
  facet normal -0.35171 0.906272 0.234459
    outer loop
      vertex -23.5037 7.86602 16.2703
      vertex -23.3738 7.93969 16.1804
      vertex -24.0602 7.86602 15.4355
    endloop
  endfacet
  facet normal -0.351577 0.906358 0.234328
    outer loop
      vertex -23.3738 7.93969 16.1804
      vertex -23.9272 7.93969 15.3501
      vertex -24.0602 7.86602 15.4355
    endloop
  endfacet
  facet normal -0.359547 0.906355 0.221913
    outer loop
      vertex -24.0602 7.86602 15.4355
      vertex -23.9272 7.93969 15.3501
      vertex -24.4496 7.93969 14.5037
    endloop
  endfacet
  facet normal -0.220394 0.965879 0.136028
    outer loop
      vertex -23.9272 7.93969 15.3501
      vertex -24.3042 7.98481 14.4189
      vertex -24.4496 7.93969 14.5037
    endloop
  endfacet
  facet normal 0.0201306 0.818989 0.573456
    outer loop
      vertex 0.504183 7.76604 28.7241
      vertex 1.50441 7.86602 28.5462
      vertex 0.501678 7.86602 28.5814
    endloop
  endfacet
  facet normal 0.0200803 0.819132 0.573253
    outer loop
      vertex 1.51193 7.76604 28.6888
      vertex 1.50441 7.86602 28.5462
      vertex 0.504183 7.76604 28.7241
    endloop
  endfacet
  facet normal 0.0402463 0.819133 0.57219
    outer loop
      vertex 1.51193 7.76604 28.6888
      vertex 2.5053 7.86602 28.4758
      vertex 1.50441 7.86602 28.5462
    endloop
  endfacet
  facet normal 0.0402833 0.819041 0.572319
    outer loop
      vertex 2.51781 7.76604 28.618
      vertex 2.5053 7.86602 28.4758
      vertex 1.51193 7.76604 28.6888
    endloop
  endfacet
  facet normal 0.0603269 0.81904 0.570555
    outer loop
      vertex 2.51781 7.76604 28.618
      vertex 3.50309 7.86602 28.3703
      vertex 2.5053 7.86602 28.4758
    endloop
  endfacet
  facet normal 0.0603036 0.819092 0.570484
    outer loop
      vertex 3.52059 7.76604 28.512
      vertex 3.50309 7.86602 28.3703
      vertex 2.51781 7.76604 28.618
    endloop
  endfacet
  facet normal 0.0802722 0.819092 0.568018
    outer loop
      vertex 3.52059 7.76604 28.512
      vertex 4.49658 7.86602 28.2299
      vertex 3.50309 7.86602 28.3703
    endloop
  endfacet
  facet normal 0.0802714 0.819094 0.568015
    outer loop
      vertex 4.51904 7.76604 28.3709
      vertex 4.49658 7.86602 28.2299
      vertex 3.52059 7.76604 28.512
    endloop
  endfacet
  facet normal 0.100169 0.819094 0.564846
    outer loop
      vertex 4.51904 7.76604 28.3709
      vertex 5.48452 7.86602 28.0547
      vertex 4.49658 7.86602 28.2299
    endloop
  endfacet
  facet normal 0.100094 0.819232 0.564659
    outer loop
      vertex 5.51191 7.76604 28.1949
      vertex 5.48452 7.86602 28.0547
      vertex 4.51904 7.76604 28.3709
    endloop
  endfacet
  facet normal 0.119855 0.819231 0.560798
    outer loop
      vertex 5.51191 7.76604 28.1949
      vertex 6.4657 7.86602 27.845
      vertex 5.48452 7.86602 28.0547
    endloop
  endfacet
  facet normal 0.12002 0.818954 0.561168
    outer loop
      vertex 6.498 7.76604 27.984
      vertex 6.4657 7.86602 27.845
      vertex 5.51191 7.76604 28.1949
    endloop
  endfacet
  facet normal 0.139609 0.818955 0.556617
    outer loop
      vertex 6.498 7.76604 27.984
      vertex 7.43892 7.86602 27.6009
      vertex 6.4657 7.86602 27.845
    endloop
  endfacet
  facet normal 0.13947 0.819172 0.556332
    outer loop
      vertex 7.47608 7.76604 27.7388
      vertex 7.43892 7.86602 27.6009
      vertex 6.498 7.76604 27.984
    endloop
  endfacet
  facet normal 0.158968 0.819172 0.551077
    outer loop
      vertex 7.47608 7.76604 27.7388
      vertex 8.40298 7.86602 27.3228
      vertex 7.43892 7.86602 27.6009
    endloop
  endfacet
  facet normal 0.158983 0.81915 0.551106
    outer loop
      vertex 8.44495 7.76604 27.4593
      vertex 8.40298 7.86602 27.3228
      vertex 7.47608 7.76604 27.7388
    endloop
  endfacet
  facet normal 0.178189 0.819149 0.545201
    outer loop
      vertex 8.44495 7.76604 27.4593
      vertex 9.35668 7.86602 27.0111
      vertex 8.40298 7.86602 27.3228
    endloop
  endfacet
  facet normal 0.178243 0.819075 0.545293
    outer loop
      vertex 9.40342 7.76604 27.146
      vertex 9.35668 7.86602 27.0111
      vertex 8.44495 7.76604 27.4593
    endloop
  endfacet
  facet normal 0.197251 0.819076 0.538708
    outer loop
      vertex 9.40342 7.76604 27.146
      vertex 10.2989 7.86602 26.6661
      vertex 9.35668 7.86602 27.0111
    endloop
  endfacet
  facet normal 0.197243 0.819087 0.538694
    outer loop
      vertex 10.3503 7.76604 26.7993
      vertex 10.2989 7.86602 26.6661
      vertex 9.40342 7.76604 27.146
    endloop
  endfacet
  facet normal 0.21608 0.819084 0.531423
    outer loop
      vertex 10.3503 7.76604 26.7993
      vertex 11.2283 7.86602 26.2882
      vertex 10.2989 7.86602 26.6661
    endloop
  endfacet
  facet normal 0.215922 0.819278 0.531189
    outer loop
      vertex 11.2844 7.76604 26.4196
      vertex 11.2283 7.86602 26.2882
      vertex 10.3503 7.76604 26.7993
    endloop
  endfacet
  facet normal 0.234416 0.819277 0.523292
    outer loop
      vertex 11.2844 7.76604 26.4196
      vertex 12.144 7.86602 25.878
      vertex 11.2283 7.86602 26.2882
    endloop
  endfacet
  facet normal 0.234474 0.819209 0.523372
    outer loop
      vertex 12.2047 7.76604 26.0073
      vertex 12.144 7.86602 25.878
      vertex 11.2844 7.76604 26.4196
    endloop
  endfacet
  facet normal 0.252694 0.819211 0.51482
    outer loop
      vertex 12.2047 7.76604 26.0073
      vertex 13.0447 7.86602 25.4359
      vertex 12.144 7.86602 25.878
    endloop
  endfacet
  facet normal 0.252908 0.818974 0.515092
    outer loop
      vertex 13.1098 7.76604 25.5629
      vertex 13.0447 7.86602 25.4359
      vertex 12.2047 7.76604 26.0073
    endloop
  endfacet
  facet normal 0.270802 0.818971 0.505917
    outer loop
      vertex 13.1098 7.76604 25.5629
      vertex 13.9293 7.86602 24.9624
      vertex 13.0447 7.86602 25.4359
    endloop
  endfacet
  facet normal 0.270633 0.819152 0.505716
    outer loop
      vertex 13.9989 7.76604 25.0871
      vertex 13.9293 7.86602 24.9624
      vertex 13.1098 7.76604 25.5629
    endloop
  endfacet
  facet normal 0.288222 0.819153 0.4959
    outer loop
      vertex 13.9989 7.76604 25.0871
      vertex 14.7968 7.86602 24.4582
      vertex 13.9293 7.86602 24.9624
    endloop
  endfacet
  facet normal 0.288223 0.819152 0.495901
    outer loop
      vertex 14.8707 7.76604 24.5804
      vertex 14.7968 7.86602 24.4582
      vertex 13.9989 7.76604 25.0871
    endloop
  endfacet
  facet normal 0.305495 0.81915 0.485454
    outer loop
      vertex 14.8707 7.76604 24.5804
      vertex 15.646 7.86602 23.9238
      vertex 14.7968 7.86602 24.4582
    endloop
  endfacet
  facet normal 0.305588 0.819059 0.485549
    outer loop
      vertex 15.7241 7.76604 24.0433
      vertex 15.646 7.86602 23.9238
      vertex 14.8707 7.76604 24.5804
    endloop
  endfacet
  facet normal 0.322397 0.819056 0.474561
    outer loop
      vertex 15.7241 7.76604 24.0433
      vertex 16.4759 7.86602 23.36
      vertex 15.646 7.86602 23.9238
    endloop
  endfacet
  facet normal 0.32231 0.819139 0.474477
    outer loop
      vertex 16.5582 7.76604 23.4767
      vertex 16.4759 7.86602 23.36
      vertex 15.7241 7.76604 24.0433
    endloop
  endfacet
  facet normal 0.338765 0.819139 0.462872
    outer loop
      vertex 16.5582 7.76604 23.4767
      vertex 17.2856 7.86602 22.7674
      vertex 16.4759 7.86602 23.36
    endloop
  endfacet
  facet normal 0.338885 0.819028 0.462979
    outer loop
      vertex 17.3719 7.76604 22.8811
      vertex 17.2856 7.86602 22.7674
      vertex 16.5582 7.76604 23.4767
    endloop
  endfacet
  facet normal 0.354882 0.819027 0.450836
    outer loop
      vertex 17.3719 7.76604 22.8811
      vertex 18.074 7.86602 22.1468
      vertex 17.2856 7.86602 22.7674
    endloop
  endfacet
  facet normal 0.354932 0.818983 0.450878
    outer loop
      vertex 18.1642 7.76604 22.2574
      vertex 18.074 7.86602 22.1468
      vertex 17.3719 7.76604 22.8811
    endloop
  endfacet
  facet normal 0.370577 0.81898 0.438115
    outer loop
      vertex 18.1642 7.76604 22.2574
      vertex 18.8401 7.86602 21.4988
      vertex 18.074 7.86602 22.1468
    endloop
  endfacet
  facet normal 0.370413 0.819122 0.437988
    outer loop
      vertex 18.9342 7.76604 21.6062
      vertex 18.8401 7.86602 21.4988
      vertex 18.1642 7.76604 22.2574
    endloop
  endfacet
  facet normal 0.385586 0.819121 0.424693
    outer loop
      vertex 18.9342 7.76604 21.6062
      vertex 19.5829 7.86602 20.8244
      vertex 18.8401 7.86602 21.4988
    endloop
  endfacet
  facet normal 0.385503 0.819191 0.424634
    outer loop
      vertex 19.6808 7.76604 20.9284
      vertex 19.5829 7.86602 20.8244
      vertex 18.9342 7.76604 21.6062
    endloop
  endfacet
  facet normal 0.400156 0.819196 0.410845
    outer loop
      vertex 19.6808 7.76604 20.9284
      vertex 20.3017 7.86602 20.1243
      vertex 19.5829 7.86602 20.8244
    endloop
  endfacet
  facet normal 0.400305 0.819073 0.410945
    outer loop
      vertex 20.4031 7.76604 20.2248
      vertex 20.3017 7.86602 20.1243
      vertex 19.6808 7.76604 20.9284
    endloop
  endfacet
  facet normal 0.414481 0.819073 0.396642
    outer loop
      vertex 20.4031 7.76604 20.2248
      vertex 20.9954 7.86602 19.3994
      vertex 20.3017 7.86602 20.1243
    endloop
  endfacet
  facet normal 0.414389 0.819148 0.396584
    outer loop
      vertex 21.1003 7.76604 19.4963
      vertex 20.9954 7.86602 19.3994
      vertex 20.4031 7.76604 20.2248
    endloop
  endfacet
  facet normal 0.428021 0.819149 0.381828
    outer loop
      vertex 21.1003 7.76604 19.4963
      vertex 21.6633 7.86602 18.6507
      vertex 20.9954 7.86602 19.3994
    endloop
  endfacet
  facet normal 0.428181 0.819023 0.38192
    outer loop
      vertex 21.7715 7.76604 18.7438
      vertex 21.6633 7.86602 18.6507
      vertex 21.1003 7.76604 19.4963
    endloop
  endfacet
  facet normal 0.441325 0.819025 0.366646
    outer loop
      vertex 21.7715 7.76604 18.7438
      vertex 22.3045 7.86602 17.8789
      vertex 21.6633 7.86602 18.6507
    endloop
  endfacet
  facet normal 0.441245 0.819088 0.366604
    outer loop
      vertex 22.4159 7.76604 17.9682
      vertex 22.3045 7.86602 17.8789
      vertex 21.7715 7.76604 18.7438
    endloop
  endfacet
  facet normal 0.45385 0.819087 0.350879
    outer loop
      vertex 22.4159 7.76604 17.9682
      vertex 22.9182 7.86602 17.0851
      vertex 22.3045 7.86602 17.8789
    endloop
  endfacet
  facet normal 0.453684 0.819214 0.350799
    outer loop
      vertex 23.0327 7.76604 17.1705
      vertex 22.9182 7.86602 17.0851
      vertex 22.4159 7.76604 17.9682
    endloop
  endfacet
  facet normal 0.465721 0.819212 0.334658
    outer loop
      vertex 23.0327 7.76604 17.1705
      vertex 23.5037 7.86602 16.2703
      vertex 22.9182 7.86602 17.0851
    endloop
  endfacet
  facet normal 0.465815 0.819141 0.3347
    outer loop
      vertex 23.6211 7.76604 16.3516
      vertex 23.5037 7.86602 16.2703
      vertex 23.0327 7.76604 17.1705
    endloop
  endfacet
  facet normal 0.477268 0.81914 0.318159
    outer loop
      vertex 23.6211 7.76604 16.3516
      vertex 24.0602 7.86602 15.4355
      vertex 23.5037 7.86602 16.2703
    endloop
  endfacet
  facet normal 0.477267 0.81914 0.318159
    outer loop
      vertex 24.1804 7.76604 15.5126
      vertex 24.0602 7.86602 15.4355
      vertex 23.6211 7.76604 16.3516
    endloop
  endfacet
  facet normal 0.488144 0.819141 0.301203
    outer loop
      vertex 24.1804 7.76604 15.5126
      vertex 24.5861 7.86602 14.5832
      vertex 24.0602 7.86602 15.4355
    endloop
  endfacet
  facet normal 0.488079 0.819188 0.301179
    outer loop
      vertex 24.7096 7.76604 14.655
      vertex 24.5861 7.86602 14.5832
      vertex 24.1804 7.76604 15.5126
    endloop
  endfacet
  facet normal 0 0.965891 0.258948
    outer loop
      vertex 0.49595 7.98481 28.2551
      vertex -0.498904 7.93969 28.4234
      vertex 0.498904 7.93969 28.4234
    endloop
  endfacet
  facet normal 0 0.965891 0.258948
    outer loop
      vertex -0.498904 7.93969 28.4234
      vertex 0.49595 7.98481 28.2551
      vertex -0.49595 7.98481 28.2551
    endloop
  endfacet
  facet normal -0.00908308 0.965891 0.258789
    outer loop
      vertex -0.498904 7.93969 28.4234
      vertex -0.49595 7.98481 28.2551
      vertex -1.4961 7.93969 28.3884
    endloop
  endfacet
  facet normal -0.00908461 0.965894 0.258778
    outer loop
      vertex -0.49595 7.98481 28.2551
      vertex -1.48724 7.98481 28.2203
      vertex -1.4961 7.93969 28.3884
    endloop
  endfacet
  facet normal -0.0181655 0.965894 0.2583
    outer loop
      vertex -1.4961 7.93969 28.3884
      vertex -1.48724 7.98481 28.2203
      vertex -2.49145 7.93969 28.3184
    endloop
  endfacet
  facet normal -0.0181677 0.965899 0.258279
    outer loop
      vertex -1.48724 7.98481 28.2203
      vertex -2.4767 7.98481 28.1507
      vertex -2.49145 7.93969 28.3184
    endloop
  endfacet
  facet normal -0.0272198 0.965899 0.257483
    outer loop
      vertex -2.49145 7.93969 28.3184
      vertex -2.4767 7.98481 28.1507
      vertex -3.48374 7.93969 28.2135
    endloop
  endfacet
  facet normal -0.0272223 0.965908 0.25745
    outer loop
      vertex -2.4767 7.98481 28.1507
      vertex -3.4631 7.98481 28.0464
      vertex -3.48374 7.93969 28.2135
    endloop
  endfacet
  facet normal -0.0362199 0.965908 0.256339
    outer loop
      vertex -3.48374 7.93969 28.2135
      vertex -3.4631 7.98481 28.0464
      vertex -4.47173 7.93969 28.0739
    endloop
  endfacet
  facet normal -0.0362214 0.965918 0.2563
    outer loop
      vertex -3.4631 7.98481 28.0464
      vertex -4.44524 7.98481 27.9076
      vertex -4.47173 7.93969 28.0739
    endloop
  endfacet
  facet normal -0.0451904 0.965918 0.254872
    outer loop
      vertex -4.47173 7.93969 28.0739
      vertex -4.44524 7.98481 27.9076
      vertex -5.45421 7.93969 27.8997
    endloop
  endfacet
  facet normal -0.0451905 0.96593 0.254826
    outer loop
      vertex -4.44524 7.98481 27.9076
      vertex -5.4219 7.98481 27.7344
      vertex -5.45421 7.93969 27.8997
    endloop
  endfacet
  facet normal -0.0541047 0.96593 0.253083
    outer loop
      vertex -5.45421 7.93969 27.8997
      vertex -5.4219 7.98481 27.7344
      vertex -6.42997 7.93969 27.6911
    endloop
  endfacet
  facet normal -0.0541076 0.965905 0.253178
    outer loop
      vertex -5.4219 7.98481 27.7344
      vertex -6.39189 7.98481 27.5271
      vertex -6.42997 7.93969 27.6911
    endloop
  endfacet
  facet normal -0.062972 0.965905 0.25112
    outer loop
      vertex -6.42997 7.93969 27.6911
      vertex -6.39189 7.98481 27.5271
      vertex -7.39781 7.93969 27.4484
    endloop
  endfacet
  facet normal -0.0629683 0.96592 0.251064
    outer loop
      vertex -6.39189 7.98481 27.5271
      vertex -7.35399 7.98481 27.2858
      vertex -7.39781 7.93969 27.4484
    endloop
  endfacet
  facet normal -0.0717508 0.96592 0.248697
    outer loop
      vertex -7.39781 7.93969 27.4484
      vertex -7.35399 7.98481 27.2858
      vertex -8.35654 7.93969 27.1718
    endloop
  endfacet
  facet normal -0.0717596 0.965897 0.248783
    outer loop
      vertex -7.35399 7.98481 27.2858
      vertex -8.30704 7.98481 27.0109
      vertex -8.35654 7.93969 27.1718
    endloop
  endfacet
  facet normal -0.0804431 0.965897 0.246112
    outer loop
      vertex -8.35654 7.93969 27.1718
      vertex -8.30704 7.98481 27.0109
      vertex -9.30497 7.93969 26.8618
    endloop
  endfacet
  facet normal -0.0804367 0.96591 0.246065
    outer loop
      vertex -8.30704 7.98481 27.0109
      vertex -9.24986 7.98481 26.7027
      vertex -9.30497 7.93969 26.8618
    endloop
  endfacet
  facet normal -0.0890194 0.96591 0.243092
    outer loop
      vertex -9.30497 7.93969 26.8618
      vertex -9.24986 7.98481 26.7027
      vertex -10.2419 7.93969 26.5187
    endloop
  endfacet
  facet normal -0.0890404 0.965877 0.243214
    outer loop
      vertex -9.24986 7.98481 26.7027
      vertex -10.1813 7.98481 26.3617
      vertex -10.2419 7.93969 26.5187
    endloop
  endfacet
  facet normal -0.0975183 0.965877 0.239941
    outer loop
      vertex -10.2419 7.93969 26.5187
      vertex -10.1813 7.98481 26.3617
      vertex -11.1663 7.93969 26.143
    endloop
  endfacet
  facet normal -0.0974806 0.965925 0.239762
    outer loop
      vertex -10.1813 7.98481 26.3617
      vertex -11.1002 7.98481 25.9881
      vertex -11.1663 7.93969 26.143
    endloop
  endfacet
  facet normal -0.10583 0.965925 0.236198
    outer loop
      vertex -11.1663 7.93969 26.143
      vertex -11.1002 7.98481 25.9881
      vertex -12.0769 7.93969 25.735
    endloop
  endfacet
  facet normal -0.105842 0.965912 0.236245
    outer loop
      vertex -11.1002 7.98481 25.9881
      vertex -12.0053 7.98481 25.5826
      vertex -12.0769 7.93969 25.735
    endloop
  endfacet
  facet normal -0.114074 0.965913 0.232377
    outer loop
      vertex -12.0769 7.93969 25.735
      vertex -12.0053 7.98481 25.5826
      vertex -12.9726 7.93969 25.2953
    endloop
  endfacet
  facet normal -0.114091 0.965897 0.232437
    outer loop
      vertex -12.0053 7.98481 25.5826
      vertex -12.8958 7.98481 25.1455
      vertex -12.9726 7.93969 25.2953
    endloop
  endfacet
  facet normal -0.122198 0.965896 0.228281
    outer loop
      vertex -12.9726 7.93969 25.2953
      vertex -12.8958 7.98481 25.1455
      vertex -13.8523 7.93969 24.8244
    endloop
  endfacet
  facet normal -0.122204 0.965891 0.228301
    outer loop
      vertex -12.8958 7.98481 25.1455
      vertex -13.7703 7.98481 24.6774
      vertex -13.8523 7.93969 24.8244
    endloop
  endfacet
  facet normal -0.130121 0.96589 0.223885
    outer loop
      vertex -13.8523 7.93969 24.8244
      vertex -13.7703 7.98481 24.6774
      vertex -14.715 7.93969 24.323
    endloop
  endfacet
  facet normal -0.130112 0.965898 0.223858
    outer loop
      vertex -13.7703 7.98481 24.6774
      vertex -14.6278 7.98481 24.179
      vertex -14.715 7.93969 24.323
    endloop
  endfacet
  facet normal -0.137896 0.965899 0.219144
    outer loop
      vertex -14.715 7.93969 24.323
      vertex -14.6278 7.98481 24.179
      vertex -15.5595 7.93969 23.7916
    endloop
  endfacet
  facet normal -0.137904 0.965893 0.219164
    outer loop
      vertex -14.6278 7.98481 24.179
      vertex -15.4674 7.98481 23.6507
      vertex -15.5595 7.93969 23.7916
    endloop
  endfacet
  facet normal -0.145504 0.965893 0.214195
    outer loop
      vertex -15.5595 7.93969 23.7916
      vertex -15.4674 7.98481 23.6507
      vertex -16.3849 7.93969 23.2309
    endloop
  endfacet
  facet normal -0.145457 0.965924 0.214089
    outer loop
      vertex -15.4674 7.98481 23.6507
      vertex -16.2878 7.98481 23.0933
      vertex -16.3849 7.93969 23.2309
    endloop
  endfacet
  facet normal -0.152861 0.965924 0.208864
    outer loop
      vertex -16.3849 7.93969 23.2309
      vertex -16.2878 7.98481 23.0933
      vertex -17.1901 7.93969 22.6416
    endloop
  endfacet
  facet normal -0.152892 0.965905 0.208928
    outer loop
      vertex -16.2878 7.98481 23.0933
      vertex -17.0883 7.98481 22.5075
      vertex -17.1901 7.93969 22.6416
    endloop
  endfacet
  facet normal -0.160144 0.965905 0.203423
    outer loop
      vertex -17.1901 7.93969 22.6416
      vertex -17.0883 7.98481 22.5075
      vertex -17.9741 7.93969 22.0244
    endloop
  endfacet
  facet normal -0.16009 0.965936 0.203321
    outer loop
      vertex -17.0883 7.98481 22.5075
      vertex -17.8676 7.98481 21.8939
      vertex -17.9741 7.93969 22.0244
    endloop
  endfacet
  facet normal -0.167129 0.965935 0.197577
    outer loop
      vertex -17.9741 7.93969 22.0244
      vertex -17.8676 7.98481 21.8939
      vertex -18.7359 7.93969 21.38
    endloop
  endfacet
  facet normal -0.167228 0.965883 0.197749
    outer loop
      vertex -17.8676 7.98481 21.8939
      vertex -18.625 7.98481 21.2534
      vertex -18.7359 7.93969 21.38
    endloop
  endfacet
  facet normal -0.174076 0.965883 0.191751
    outer loop
      vertex -18.7359 7.93969 21.38
      vertex -18.625 7.98481 21.2534
      vertex -19.4747 7.93969 20.7093
    endloop
  endfacet
  facet normal -0.174079 0.965881 0.191756
    outer loop
      vertex -18.625 7.98481 21.2534
      vertex -19.3594 7.98481 20.5867
      vertex -19.4747 7.93969 20.7093
    endloop
  endfacet
  facet normal -0.180701 0.965881 0.185528
    outer loop
      vertex -19.4747 7.93969 20.7093
      vertex -19.3594 7.98481 20.5867
      vertex -20.1895 7.93969 20.0131
    endloop
  endfacet
  facet normal -0.180649 0.965906 0.185452
    outer loop
      vertex -19.3594 7.98481 20.5867
      vertex -20.0699 7.98481 19.8946
      vertex -20.1895 7.93969 20.0131
    endloop
  endfacet
  facet normal -0.187042 0.965906 0.178999
    outer loop
      vertex -20.1895 7.93969 20.0131
      vertex -20.0699 7.98481 19.8946
      vertex -20.8794 7.93969 19.2922
    endloop
  endfacet
  facet normal -0.187052 0.965902 0.179012
    outer loop
      vertex -20.0699 7.98481 19.8946
      vertex -20.7557 7.98481 19.178
      vertex -20.8794 7.93969 19.2922
    endloop
  endfacet
  facet normal -0.193207 0.965903 0.172345
    outer loop
      vertex -20.8794 7.93969 19.2922
      vertex -20.7557 7.98481 19.178
      vertex -21.5436 7.93969 18.5476
    endloop
  endfacet
  facet normal -0.193164 0.965921 0.17229
    outer loop
      vertex -20.7557 7.98481 19.178
      vertex -21.416 7.98481 18.4377
      vertex -21.5436 7.93969 18.5476
    endloop
  endfacet
  facet normal -0.199098 0.965921 0.1654
    outer loop
      vertex -21.5436 7.93969 18.5476
      vertex -21.416 7.98481 18.4377
      vertex -22.1812 7.93969 17.7801
    endloop
  endfacet
  facet normal -0.199185 0.965885 0.165505
    outer loop
      vertex -21.416 7.98481 18.4377
      vertex -22.0499 7.98481 17.6748
      vertex -22.1812 7.93969 17.7801
    endloop
  endfacet
  facet normal -0.204871 0.965884 0.158415
    outer loop
      vertex -22.1812 7.93969 17.7801
      vertex -22.0499 7.98481 17.6748
      vertex -22.7916 7.93969 16.9907
    endloop
  endfacet
  facet normal -0.20482 0.965904 0.158359
    outer loop
      vertex -22.0499 7.98481 17.6748
      vertex -22.6566 7.98481 16.8901
      vertex -22.7916 7.93969 16.9907
    endloop
  endfacet
  facet normal -0.210254 0.965905 0.151067
    outer loop
      vertex -22.7916 7.93969 16.9907
      vertex -22.6566 7.98481 16.8901
      vertex -23.3738 7.93969 16.1804
    endloop
  endfacet
  facet normal -0.210294 0.965889 0.151109
    outer loop
      vertex -22.6566 7.98481 16.8901
      vertex -23.2354 7.98481 16.0846
      vertex -23.3738 7.93969 16.1804
    endloop
  endfacet
  facet normal -0.215479 0.96589 0.143618
    outer loop
      vertex -23.3738 7.93969 16.1804
      vertex -23.2354 7.98481 16.0846
      vertex -23.9272 7.93969 15.3501
    endloop
  endfacet
  facet normal -0.215449 0.9659 0.143589
    outer loop
      vertex -23.2354 7.98481 16.0846
      vertex -23.7855 7.98481 15.2592
      vertex -23.9272 7.93969 15.3501
    endloop
  endfacet
  facet normal -0.220319 0.965901 0.135998
    outer loop
      vertex -23.9272 7.93969 15.3501
      vertex -23.7855 7.98481 15.2592
      vertex -24.3042 7.98481 14.4189
    endloop
  endfacet
  facet normal 0.014823 0.906322 0.422327
    outer loop
      vertex 0.501678 7.86602 28.5814
      vertex 1.4961 7.93969 28.3884
      vertex 0.498904 7.93969 28.4234
    endloop
  endfacet
  facet normal 0.0148258 0.906317 0.422339
    outer loop
      vertex 1.50441 7.86602 28.5462
      vertex 1.4961 7.93969 28.3884
      vertex 0.501678 7.86602 28.5814
    endloop
  endfacet
  facet normal 0.029647 0.906316 0.421559
    outer loop
      vertex 1.50441 7.86602 28.5462
      vertex 2.49145 7.93969 28.3184
      vertex 1.4961 7.93969 28.3884
    endloop
  endfacet
  facet normal 0.0296529 0.906306 0.421581
    outer loop
      vertex 2.5053 7.86602 28.4758
      vertex 2.49145 7.93969 28.3184
      vertex 1.50441 7.86602 28.5462
    endloop
  endfacet
  facet normal 0.04443 0.906306 0.420281
    outer loop
      vertex 2.5053 7.86602 28.4758
      vertex 3.48374 7.93969 28.2135
      vertex 2.49145 7.93969 28.3184
    endloop
  endfacet
  facet normal 0.044442 0.906287 0.42032
    outer loop
      vertex 3.50309 7.86602 28.3703
      vertex 3.48374 7.93969 28.2135
      vertex 2.5053 7.86602 28.4758
    endloop
  endfacet
  facet normal 0.0591338 0.906286 0.418507
    outer loop
      vertex 3.50309 7.86602 28.3703
      vertex 4.47173 7.93969 28.0739
      vertex 3.48374 7.93969 28.2135
    endloop
  endfacet
  facet normal 0.0591502 0.906263 0.418555
    outer loop
      vertex 4.49658 7.86602 28.2299
      vertex 4.47173 7.93969 28.0739
      vertex 3.50309 7.86602 28.3703
    endloop
  endfacet
  facet normal 0.0737987 0.906263 0.416221
    outer loop
      vertex 4.49658 7.86602 28.2299
      vertex 5.45421 7.93969 27.8997
      vertex 4.47173 7.93969 28.0739
    endloop
  endfacet
  facet normal 0.0738238 0.906231 0.416287
    outer loop
      vertex 5.48452 7.86602 28.0547
      vertex 5.45421 7.93969 27.8997
      vertex 4.49658 7.86602 28.2299
    endloop
  endfacet
  facet normal 0.0883859 0.906232 0.413439
    outer loop
      vertex 5.48452 7.86602 28.0547
      vertex 6.42997 7.93969 27.6911
      vertex 5.45421 7.93969 27.8997
    endloop
  endfacet
  facet normal 0.088336 0.90629 0.413321
    outer loop
      vertex 6.4657 7.86602 27.845
      vertex 6.42997 7.93969 27.6911
      vertex 5.48452 7.86602 28.0547
    endloop
  endfacet
  facet normal 0.102804 0.90629 0.409962
    outer loop
      vertex 6.4657 7.86602 27.845
      vertex 7.39781 7.93969 27.4484
      vertex 6.42997 7.93969 27.6911
    endloop
  endfacet
  facet normal 0.102851 0.90624 0.410062
    outer loop
      vertex 7.43892 7.86602 27.6009
      vertex 7.39781 7.93969 27.4484
      vertex 6.4657 7.86602 27.845
    endloop
  endfacet
  facet normal 0.11719 0.90624 0.406197
    outer loop
      vertex 7.43892 7.86602 27.6009
      vertex 8.35654 7.93969 27.1718
      vertex 7.39781 7.93969 27.4484
    endloop
  endfacet
  facet normal 0.117154 0.906277 0.406125
    outer loop
      vertex 8.40298 7.86602 27.3228
      vertex 8.35654 7.93969 27.1718
      vertex 7.43892 7.86602 27.6009
    endloop
  endfacet
  facet normal 0.13132 0.906277 0.401768
    outer loop
      vertex 8.40298 7.86602 27.3228
      vertex 9.30497 7.93969 26.8618
      vertex 8.35654 7.93969 27.1718
    endloop
  endfacet
  facet normal 0.131297 0.906299 0.401726
    outer loop
      vertex 9.35668 7.86602 27.0111
      vertex 9.30497 7.93969 26.8618
      vertex 8.40298 7.86602 27.3228
    endloop
  endfacet
  facet normal 0.14533 0.906299 0.396865
    outer loop
      vertex 9.35668 7.86602 27.0111
      vertex 10.2419 7.93969 26.5187
      vertex 9.30497 7.93969 26.8618
    endloop
  endfacet
  facet normal 0.14529 0.906334 0.396798
    outer loop
      vertex 10.2989 7.86602 26.6661
      vertex 10.2419 7.93969 26.5187
      vertex 9.35668 7.86602 27.0111
    endloop
  endfacet
  facet normal 0.159099 0.906337 0.39146
    outer loop
      vertex 10.2989 7.86602 26.6661
      vertex 11.1663 7.93969 26.143
      vertex 10.2419 7.93969 26.5187
    endloop
  endfacet
  facet normal 0.159288 0.906178 0.391751
    outer loop
      vertex 11.2283 7.86602 26.2882
      vertex 11.1663 7.93969 26.143
      vertex 10.2989 7.86602 26.6661
    endloop
  endfacet
  facet normal 0.172919 0.906177 0.385931
    outer loop
      vertex 11.2283 7.86602 26.2882
      vertex 12.0769 7.93969 25.735
      vertex 11.1663 7.93969 26.143
    endloop
  endfacet
  facet normal 0.172819 0.906256 0.385788
    outer loop
      vertex 12.144 7.86602 25.878
      vertex 12.0769 7.93969 25.735
      vertex 11.2283 7.86602 26.2882
    endloop
  endfacet
  facet normal 0.186283 0.906256 0.379471
    outer loop
      vertex 12.144 7.86602 25.878
      vertex 12.9726 7.93969 25.2953
      vertex 12.0769 7.93969 25.735
    endloop
  endfacet
  facet normal 0.186217 0.906306 0.379384
    outer loop
      vertex 13.0447 7.86602 25.4359
      vertex 12.9726 7.93969 25.2953
      vertex 12.144 7.86602 25.878
    endloop
  endfacet
  facet normal 0.19945 0.906306 0.372598
    outer loop
      vertex 13.0447 7.86602 25.4359
      vertex 13.8523 7.93969 24.8244
      vertex 12.9726 7.93969 25.2953
    endloop
  endfacet
  facet normal 0.199422 0.906327 0.372563
    outer loop
      vertex 13.9293 7.86602 24.9624
      vertex 13.8523 7.93969 24.8244
      vertex 13.0447 7.86602 25.4359
    endloop
  endfacet
  facet normal 0.212343 0.906327 0.365353
    outer loop
      vertex 13.9293 7.86602 24.9624
      vertex 14.715 7.93969 24.323
      vertex 13.8523 7.93969 24.8244
    endloop
  endfacet
  facet normal 0.212356 0.906318 0.365368
    outer loop
      vertex 14.7968 7.86602 24.4582
      vertex 14.715 7.93969 24.323
      vertex 13.9293 7.86602 24.9624
    endloop
  endfacet
  facet normal 0.225067 0.906318 0.357677
    outer loop
      vertex 14.7968 7.86602 24.4582
      vertex 15.5595 7.93969 23.7916
      vertex 14.715 7.93969 24.323
    endloop
  endfacet
  facet normal 0.225122 0.906281 0.357736
    outer loop
      vertex 15.646 7.86602 23.9238
      vertex 15.5595 7.93969 23.7916
      vertex 14.7968 7.86602 24.4582
    endloop
  endfacet
  facet normal 0.237508 0.906282 0.349632
    outer loop
      vertex 15.646 7.86602 23.9238
      vertex 16.3849 7.93969 23.2309
      vertex 15.5595 7.93969 23.7916
    endloop
  endfacet
  facet normal 0.237564 0.906246 0.349689
    outer loop
      vertex 16.4759 7.86602 23.36
      vertex 16.3849 7.93969 23.2309
      vertex 15.646 7.86602 23.9238
    endloop
  endfacet
  facet normal 0.249677 0.906244 0.34115
    outer loop
      vertex 16.4759 7.86602 23.36
      vertex 17.1901 7.93969 22.6416
      vertex 16.3849 7.93969 23.2309
    endloop
  endfacet
  facet normal 0.249685 0.906239 0.341158
    outer loop
      vertex 17.2856 7.86602 22.7674
      vertex 17.1901 7.93969 22.6416
      vertex 16.4759 7.86602 23.36
    endloop
  endfacet
  facet normal 0.261509 0.906239 0.332182
    outer loop
      vertex 17.2856 7.86602 22.7674
      vertex 17.9741 7.93969 22.0244
      vertex 17.1901 7.93969 22.6416
    endloop
  endfacet
  facet normal 0.261424 0.90629 0.332109
    outer loop
      vertex 18.074 7.86602 22.1468
      vertex 17.9741 7.93969 22.0244
      vertex 17.2856 7.86602 22.7674
    endloop
  endfacet
  facet normal 0.272962 0.90629 0.322692
    outer loop
      vertex 18.074 7.86602 22.1468
      vertex 18.7359 7.93969 21.38
      vertex 17.9741 7.93969 22.0244
    endloop
  endfacet
  facet normal 0.272913 0.906319 0.322652
    outer loop
      vertex 18.8401 7.86602 21.4988
      vertex 18.7359 7.93969 21.38
      vertex 18.074 7.86602 22.1468
    endloop
  endfacet
  facet normal 0.284047 0.906322 0.312888
    outer loop
      vertex 18.8401 7.86602 21.4988
      vertex 19.4747 7.93969 20.7093
      vertex 18.7359 7.93969 21.38
    endloop
  endfacet
  facet normal 0.284138 0.90627 0.312956
    outer loop
      vertex 19.5829 7.86602 20.8244
      vertex 19.4747 7.93969 20.7093
      vertex 18.8401 7.86602 21.4988
    endloop
  endfacet
  facet normal 0.29493 0.906269 0.30281
    outer loop
      vertex 19.5829 7.86602 20.8244
      vertex 20.1895 7.93969 20.0131
      vertex 19.4747 7.93969 20.7093
    endloop
  endfacet
  facet normal 0.294935 0.906266 0.302813
    outer loop
      vertex 20.3017 7.86602 20.1243
      vertex 20.1895 7.93969 20.0131
      vertex 19.5829 7.86602 20.8244
    endloop
  endfacet
  facet normal 0.305394 0.906266 0.292261
    outer loop
      vertex 20.3017 7.86602 20.1243
      vertex 20.8794 7.93969 19.2922
      vertex 20.1895 7.93969 20.0131
    endloop
  endfacet
  facet normal 0.305432 0.906245 0.292286
    outer loop
      vertex 20.9954 7.86602 19.3994
      vertex 20.8794 7.93969 19.2922
      vertex 20.3017 7.86602 20.1243
    endloop
  endfacet
  facet normal 0.315478 0.906245 0.281414
    outer loop
      vertex 20.9954 7.86602 19.3994
      vertex 21.5436 7.93969 18.5476
      vertex 20.8794 7.93969 19.2922
    endloop
  endfacet
  facet normal 0.315417 0.906277 0.281377
    outer loop
      vertex 21.6633 7.86602 18.6507
      vertex 21.5436 7.93969 18.5476
      vertex 20.9954 7.86602 19.3994
    endloop
  endfacet
  facet normal 0.325129 0.906276 0.270101
    outer loop
      vertex 21.6633 7.86602 18.6507
      vertex 22.1812 7.93969 17.7801
      vertex 21.5436 7.93969 18.5476
    endloop
  endfacet
  facet normal 0.325087 0.906298 0.270078
    outer loop
      vertex 22.3045 7.86602 17.8789
      vertex 22.1812 7.93969 17.7801
      vertex 21.6633 7.86602 18.6507
    endloop
  endfacet
  facet normal 0.334342 0.906299 0.258529
    outer loop
      vertex 22.3045 7.86602 17.8789
      vertex 22.7916 7.93969 16.9907
      vertex 22.1812 7.93969 17.7801
    endloop
  endfacet
  facet normal 0.334504 0.906216 0.25861
    outer loop
      vertex 22.9182 7.86602 17.0851
      vertex 22.7916 7.93969 16.9907
      vertex 22.3045 7.86602 17.8789
    endloop
  endfacet
  facet normal 0.343374 0.906216 0.246714
    outer loop
      vertex 22.9182 7.86602 17.0851
      vertex 23.3738 7.93969 16.1804
      vertex 22.7916 7.93969 16.9907
    endloop
  endfacet
  facet normal 0.343264 0.906271 0.246663
    outer loop
      vertex 23.5037 7.86602 16.2703
      vertex 23.3738 7.93969 16.1804
      vertex 22.9182 7.86602 17.0851
    endloop
  endfacet
  facet normal 0.35173 0.906272 0.23443
    outer loop
      vertex 23.5037 7.86602 16.2703
      vertex 23.9272 7.93969 15.3501
      vertex 23.3738 7.93969 16.1804
    endloop
  endfacet
  facet normal 0.351558 0.906357 0.234358
    outer loop
      vertex 24.0602 7.86602 15.4355
      vertex 23.9272 7.93969 15.3501
      vertex 23.5037 7.86602 16.2703
    endloop
  endfacet
  facet normal 0.359547 0.906355 0.221913
    outer loop
      vertex 24.0602 7.86602 15.4355
      vertex 24.4496 7.93969 14.5037
      vertex 23.9272 7.93969 15.3501
    endloop
  endfacet
  facet normal 0.359798 0.906233 0.222009
    outer loop
      vertex 24.5861 7.86602 14.5832
      vertex 24.4496 7.93969 14.5037
      vertex 24.0602 7.86602 15.4355
    endloop
  endfacet
  facet normal 0.00908498 0.965891 0.258789
    outer loop
      vertex 0.498904 7.93969 28.4234
      vertex 1.48724 7.98481 28.2203
      vertex 0.49595 7.98481 28.2551
    endloop
  endfacet
  facet normal 0.00908272 0.965894 0.258778
    outer loop
      vertex 1.4961 7.93969 28.3884
      vertex 1.48724 7.98481 28.2203
      vertex 0.498904 7.93969 28.4234
    endloop
  endfacet
  facet normal 0.0181692 0.965894 0.2583
    outer loop
      vertex 1.4961 7.93969 28.3884
      vertex 2.4767 7.98481 28.1507
      vertex 1.48724 7.98481 28.2203
    endloop
  endfacet
  facet normal 0.018164 0.965899 0.258279
    outer loop
      vertex 2.49145 7.93969 28.3184
      vertex 2.4767 7.98481 28.1507
      vertex 1.4961 7.93969 28.3884
    endloop
  endfacet
  facet normal 0.0272257 0.965899 0.257482
    outer loop
      vertex 2.49145 7.93969 28.3184
      vertex 3.4631 7.98481 28.0464
      vertex 2.4767 7.98481 28.1507
    endloop
  endfacet
  facet normal 0.0272164 0.965908 0.257451
    outer loop
      vertex 3.48374 7.93969 28.2135
      vertex 3.4631 7.98481 28.0464
      vertex 2.49145 7.93969 28.3184
    endloop
  endfacet
  facet normal 0.0362267 0.965908 0.256338
    outer loop
      vertex 3.48374 7.93969 28.2135
      vertex 4.44524 7.98481 27.9076
      vertex 3.4631 7.98481 28.0464
    endloop
  endfacet
  facet normal 0.0362146 0.965918 0.256301
    outer loop
      vertex 4.47173 7.93969 28.0739
      vertex 4.44524 7.98481 27.9076
      vertex 3.48374 7.93969 28.2135
    endloop
  endfacet
  facet normal 0.0451985 0.965918 0.25487
    outer loop
      vertex 4.47173 7.93969 28.0739
      vertex 5.4219 7.98481 27.7344
      vertex 4.44524 7.98481 27.9076
    endloop
  endfacet
  facet normal 0.0451825 0.96593 0.254827
    outer loop
      vertex 5.45421 7.93969 27.8997
      vertex 5.4219 7.98481 27.7344
      vertex 4.47173 7.93969 28.0739
    endloop
  endfacet
  facet normal 0.054088 0.96593 0.253087
    outer loop
      vertex 5.45421 7.93969 27.8997
      vertex 6.39189 7.98481 27.5271
      vertex 5.4219 7.98481 27.7344
    endloop
  endfacet
  facet normal 0.0541242 0.965905 0.253174
    outer loop
      vertex 6.42997 7.93969 27.6911
      vertex 6.39189 7.98481 27.5271
      vertex 5.45421 7.93969 27.8997
    endloop
  endfacet
  facet normal 0.0629817 0.965905 0.251118
    outer loop
      vertex 6.42997 7.93969 27.6911
      vertex 7.35399 7.98481 27.2858
      vertex 6.39189 7.98481 27.5271
    endloop
  endfacet
  facet normal 0.0629587 0.96592 0.251067
    outer loop
      vertex 7.39781 7.93969 27.4484
      vertex 7.35399 7.98481 27.2858
      vertex 6.42997 7.93969 27.6911
    endloop
  endfacet
  facet normal 0.071736 0.96592 0.248701
    outer loop
      vertex 7.39781 7.93969 27.4484
      vertex 8.30704 7.98481 27.0109
      vertex 7.35399 7.98481 27.2858
    endloop
  endfacet
  facet normal 0.0717743 0.965897 0.248779
    outer loop
      vertex 8.35654 7.93969 27.1718
      vertex 8.30704 7.98481 27.0109
      vertex 7.39781 7.93969 27.4484
    endloop
  endfacet
  facet normal 0.080451 0.965897 0.246109
    outer loop
      vertex 8.35654 7.93969 27.1718
      vertex 9.24986 7.98481 26.7027
      vertex 8.30704 7.98481 27.0109
    endloop
  endfacet
  facet normal 0.0804288 0.96591 0.246068
    outer loop
      vertex 9.30497 7.93969 26.8618
      vertex 9.24986 7.98481 26.7027
      vertex 8.35654 7.93969 27.1718
    endloop
  endfacet
  facet normal 0.0889987 0.96591 0.2431
    outer loop
      vertex 9.30497 7.93969 26.8618
      vertex 10.1813 7.98481 26.3617
      vertex 9.24986 7.98481 26.7027
    endloop
  endfacet
  facet normal 0.0890609 0.965877 0.243206
    outer loop
      vertex 10.2419 7.93969 26.5187
      vertex 10.1813 7.98481 26.3617
      vertex 9.30497 7.93969 26.8618
    endloop
  endfacet
  facet normal 0.0975488 0.965877 0.239929
    outer loop
      vertex 10.2419 7.93969 26.5187
      vertex 11.1002 7.98481 25.9881
      vertex 10.1813 7.98481 26.3617
    endloop
  endfacet
  facet normal 0.0974505 0.965925 0.239774
    outer loop
      vertex 11.1663 7.93969 26.143
      vertex 11.1002 7.98481 25.9881
      vertex 10.2419 7.93969 26.5187
    endloop
  endfacet
  facet normal 0.105822 0.965925 0.236202
    outer loop
      vertex 11.1663 7.93969 26.143
      vertex 12.0053 7.98481 25.5826
      vertex 11.1002 7.98481 25.9881
    endloop
  endfacet
  facet normal 0.105849 0.965912 0.236241
    outer loop
      vertex 12.0769 7.93969 25.735
      vertex 12.0053 7.98481 25.5826
      vertex 11.1663 7.93969 26.143
    endloop
  endfacet
  facet normal 0.114064 0.965913 0.232382
    outer loop
      vertex 12.0769 7.93969 25.735
      vertex 12.8958 7.98481 25.1455
      vertex 12.0053 7.98481 25.5826
    endloop
  endfacet
  facet normal 0.114101 0.965897 0.232432
    outer loop
      vertex 12.9726 7.93969 25.2953
      vertex 12.8958 7.98481 25.1455
      vertex 12.0769 7.93969 25.735
    endloop
  endfacet
  facet normal 0.122194 0.965896 0.228282
    outer loop
      vertex 12.9726 7.93969 25.2953
      vertex 13.7703 7.98481 24.6774
      vertex 12.8958 7.98481 25.1455
    endloop
  endfacet
  facet normal 0.122208 0.965891 0.228299
    outer loop
      vertex 13.8523 7.93969 24.8244
      vertex 13.7703 7.98481 24.6774
      vertex 12.9726 7.93969 25.2953
    endloop
  endfacet
  facet normal 0.130126 0.96589 0.223882
    outer loop
      vertex 13.8523 7.93969 24.8244
      vertex 14.6278 7.98481 24.179
      vertex 13.7703 7.98481 24.6774
    endloop
  endfacet
  facet normal 0.130107 0.965898 0.223861
    outer loop
      vertex 14.715 7.93969 24.323
      vertex 14.6278 7.98481 24.179
      vertex 13.8523 7.93969 24.8244
    endloop
  endfacet
  facet normal 0.137893 0.965899 0.219146
    outer loop
      vertex 14.715 7.93969 24.323
      vertex 15.4674 7.98481 23.6507
      vertex 14.6278 7.98481 24.179
    endloop
  endfacet
  facet normal 0.137907 0.965893 0.219162
    outer loop
      vertex 15.5595 7.93969 23.7916
      vertex 15.4674 7.98481 23.6507
      vertex 14.715 7.93969 24.323
    endloop
  endfacet
  facet normal 0.145522 0.965893 0.214184
    outer loop
      vertex 15.5595 7.93969 23.7916
      vertex 16.2878 7.98481 23.0933
      vertex 15.4674 7.98481 23.6507
    endloop
  endfacet
  facet normal 0.14544 0.965923 0.214101
    outer loop
      vertex 16.3849 7.93969 23.2309
      vertex 16.2878 7.98481 23.0933
      vertex 15.5595 7.93969 23.7916
    endloop
  endfacet
  facet normal 0.152851 0.965924 0.208871
    outer loop
      vertex 16.3849 7.93969 23.2309
      vertex 17.0883 7.98481 22.5075
      vertex 16.2878 7.98481 23.0933
    endloop
  endfacet
  facet normal 0.152902 0.965905 0.20892
    outer loop
      vertex 17.1901 7.93969 22.6416
      vertex 17.0883 7.98481 22.5075
      vertex 16.3849 7.93969 23.2309
    endloop
  endfacet
  facet normal 0.16016 0.965905 0.203411
    outer loop
      vertex 17.1901 7.93969 22.6416
      vertex 17.8676 7.98481 21.8939
      vertex 17.0883 7.98481 22.5075
    endloop
  endfacet
  facet normal 0.160074 0.965936 0.203334
    outer loop
      vertex 17.9741 7.93969 22.0244
      vertex 17.8676 7.98481 21.8939
      vertex 17.1901 7.93969 22.6416
    endloop
  endfacet
  facet normal 0.167101 0.965936 0.197599
    outer loop
      vertex 17.9741 7.93969 22.0244
      vertex 18.625 7.98481 21.2534
      vertex 17.8676 7.98481 21.8939
    endloop
  endfacet
  facet normal 0.167255 0.965883 0.197726
    outer loop
      vertex 18.7359 7.93969 21.38
      vertex 18.625 7.98481 21.2534
      vertex 17.9741 7.93969 22.0244
    endloop
  endfacet
  facet normal 0.174075 0.965883 0.191751
    outer loop
      vertex 18.7359 7.93969 21.38
      vertex 19.3594 7.98481 20.5867
      vertex 18.625 7.98481 21.2534
    endloop
  endfacet
  facet normal 0.17408 0.965881 0.191755
    outer loop
      vertex 19.4747 7.93969 20.7093
      vertex 19.3594 7.98481 20.5867
      vertex 18.7359 7.93969 21.38
    endloop
  endfacet
  facet normal 0.180713 0.965881 0.185517
    outer loop
      vertex 19.4747 7.93969 20.7093
      vertex 20.0699 7.98481 19.8946
      vertex 19.3594 7.98481 20.5867
    endloop
  endfacet
  facet normal 0.180637 0.965905 0.185463
    outer loop
      vertex 20.1895 7.93969 20.0131
      vertex 20.0699 7.98481 19.8946
      vertex 19.4747 7.93969 20.7093
    endloop
  endfacet
  facet normal 0.18704 0.965906 0.179001
    outer loop
      vertex 20.1895 7.93969 20.0131
      vertex 20.7557 7.98481 19.178
      vertex 20.0699 7.98481 19.8946
    endloop
  endfacet
  facet normal 0.187054 0.965902 0.17901
    outer loop
      vertex 20.8794 7.93969 19.2922
      vertex 20.7557 7.98481 19.178
      vertex 20.1895 7.93969 20.0131
    endloop
  endfacet
  facet normal 0.193216 0.965903 0.172336
    outer loop
      vertex 20.8794 7.93969 19.2922
      vertex 21.416 7.98481 18.4377
      vertex 20.7557 7.98481 19.178
    endloop
  endfacet
  facet normal 0.193156 0.965921 0.172299
    outer loop
      vertex 21.5436 7.93969 18.5476
      vertex 21.416 7.98481 18.4377
      vertex 20.8794 7.93969 19.2922
    endloop
  endfacet
  facet normal 0.199082 0.965921 0.165419
    outer loop
      vertex 21.5436 7.93969 18.5476
      vertex 22.0499 7.98481 17.6748
      vertex 21.416 7.98481 18.4377
    endloop
  endfacet
  facet normal 0.199201 0.965885 0.165486
    outer loop
      vertex 22.1812 7.93969 17.7801
      vertex 22.0499 7.98481 17.6748
      vertex 21.5436 7.93969 18.5476
    endloop
  endfacet
  facet normal 0.204879 0.965884 0.158405
    outer loop
      vertex 22.1812 7.93969 17.7801
      vertex 22.6566 7.98481 16.8901
      vertex 22.0499 7.98481 17.6748
    endloop
  endfacet
  facet normal 0.204812 0.965904 0.15837
    outer loop
      vertex 22.7916 7.93969 16.9907
      vertex 22.6566 7.98481 16.8901
      vertex 22.1812 7.93969 17.7801
    endloop
  endfacet
  facet normal 0.210248 0.965905 0.151076
    outer loop
      vertex 22.7916 7.93969 16.9907
      vertex 23.2354 7.98481 16.0846
      vertex 22.6566 7.98481 16.8901
    endloop
  endfacet
  facet normal 0.2103 0.96589 0.1511
    outer loop
      vertex 23.3738 7.93969 16.1804
      vertex 23.2354 7.98481 16.0846
      vertex 22.7916 7.93969 16.9907
    endloop
  endfacet
  facet normal 0.215483 0.965889 0.143612
    outer loop
      vertex 23.3738 7.93969 16.1804
      vertex 23.7855 7.98481 15.2592
      vertex 23.2354 7.98481 16.0846
    endloop
  endfacet
  facet normal 0.215445 0.9659 0.143596
    outer loop
      vertex 23.9272 7.93969 15.3501
      vertex 23.7855 7.98481 15.2592
      vertex 23.3738 7.93969 16.1804
    endloop
  endfacet
  facet normal 0.220319 0.965901 0.135998
    outer loop
      vertex 23.9272 7.93969 15.3501
      vertex 24.3042 7.98481 14.4189
      vertex 23.7855 7.98481 15.2592
    endloop
  endfacet
  facet normal 0.220394 0.965879 0.136028
    outer loop
      vertex 24.4496 7.93969 14.5037
      vertex 24.3042 7.98481 14.4189
      vertex 23.9272 7.93969 15.3501
    endloop
  endfacet
  facet normal 0.508063 0.81914 0.266237
    outer loop
      vertex 25.209 7.76604 13.7782
      vertex 25.5494 7.86602 12.821
      vertex 25.0837 7.86602 13.7097
    endloop
  endfacet
  facet normal 0.508199 0.819043 0.266276
    outer loop
      vertex 25.677 7.76604 12.885
      vertex 25.5494 7.86602 12.821
      vertex 25.209 7.76604 13.7782
    endloop
  endfacet
  facet normal 0.517233 0.819044 0.248267
    outer loop
      vertex 25.677 7.76604 12.885
      vertex 25.9836 7.86602 11.9164
      vertex 25.5494 7.86602 12.821
    endloop
  endfacet
  facet normal 0.517021 0.819194 0.248216
    outer loop
      vertex 26.1134 7.76604 11.976
      vertex 25.9836 7.86602 11.9164
      vertex 25.677 7.76604 12.885
    endloop
  endfacet
  facet normal 0.525427 0.81919 0.229903
    outer loop
      vertex 26.1134 7.76604 11.976
      vertex 26.3858 7.86602 10.9972
      vertex 25.9836 7.86602 11.9164
    endloop
  endfacet
  facet normal 0.525458 0.819168 0.229909
    outer loop
      vertex 26.5176 7.76604 11.0522
      vertex 26.3858 7.86602 10.9972
      vertex 26.1134 7.76604 11.976
    endloop
  endfacet
  facet normal 0.533221 0.819163 0.211299
    outer loop
      vertex 26.5176 7.76604 11.0522
      vertex 26.7554 7.86602 10.0645
      vertex 26.3858 7.86602 10.9972
    endloop
  endfacet
  facet normal 0.533226 0.81916 0.2113
    outer loop
      vertex 26.8891 7.76604 10.1147
      vertex 26.7554 7.86602 10.0645
      vertex 26.5176 7.76604 11.0522
    endloop
  endfacet
  facet normal 0.540283 0.819165 0.192515
    outer loop
      vertex 26.8891 7.76604 10.1147
      vertex 27.0922 7.86602 9.11929
      vertex 26.7554 7.86602 10.0645
    endloop
  endfacet
  facet normal 0.540429 0.819064 0.192535
    outer loop
      vertex 27.2275 7.76604 9.16484
      vertex 27.0922 7.86602 9.11929
      vertex 26.8891 7.76604 10.1147
    endloop
  endfacet
  facet normal 0.546862 0.819064 0.173425
    outer loop
      vertex 27.2275 7.76604 9.16484
      vertex 27.3955 7.86602 8.16289
      vertex 27.0922 7.86602 9.11929
    endloop
  endfacet
  facet normal 0.546643 0.819215 0.173403
    outer loop
      vertex 27.5324 7.76604 8.20366
      vertex 27.3955 7.86602 8.16289
      vertex 27.2275 7.76604 9.16484
    endloop
  endfacet
  facet normal 0.552395 0.819216 0.154094
    outer loop
      vertex 27.5324 7.76604 8.20366
      vertex 27.6651 7.86602 7.19643
      vertex 27.3955 7.86602 8.16289
    endloop
  endfacet
  facet normal 0.552512 0.819135 0.154101
    outer loop
      vertex 27.8033 7.76604 7.23238
      vertex 27.6651 7.86602 7.19643
      vertex 27.5324 7.76604 8.20366
    endloop
  endfacet
  facet normal 0.557577 0.819135 0.134632
    outer loop
      vertex 27.8033 7.76604 7.23238
      vertex 27.9006 7.86602 6.22111
      vertex 27.6651 7.86602 7.19643
    endloop
  endfacet
  facet normal 0.557519 0.819175 0.13463
    outer loop
      vertex 28.04 7.76604 6.25218
      vertex 27.9006 7.86602 6.22111
      vertex 27.8033 7.76604 7.23238
    endloop
  endfacet
  facet normal 0.561893 0.819176 0.115009
    outer loop
      vertex 28.04 7.76604 6.25218
      vertex 28.1018 7.86602 5.23812
      vertex 27.9006 7.86602 6.22111
    endloop
  endfacet
  facet normal 0.562176 0.818982 0.115007
    outer loop
      vertex 28.2421 7.76604 5.26428
      vertex 28.1018 7.86602 5.23812
      vertex 28.04 7.76604 6.25218
    endloop
  endfacet
  facet normal 0.565864 0.818981 0.0952219
    outer loop
      vertex 28.2421 7.76604 5.26428
      vertex 28.2683 7.86602 4.24868
      vertex 28.1018 7.86602 5.23812
    endloop
  endfacet
  facet normal 0.565678 0.819109 0.0952297
    outer loop
      vertex 28.4095 7.76604 4.2699
      vertex 28.2683 7.86602 4.24868
      vertex 28.2421 7.76604 5.26428
    endloop
  endfacet
  facet normal 0.568674 0.819109 0.075295
    outer loop
      vertex 28.4095 7.76604 4.2699
      vertex 28.4 7.86602 3.254
      vertex 28.2683 7.86602 4.24868
    endloop
  endfacet
  facet normal 0.568828 0.819003 0.0752831
    outer loop
      vertex 28.4095 7.76604 4.2699
      vertex 28.5418 7.76604 3.27026
      vertex 28.4 7.86602 3.254
    endloop
  endfacet
  facet normal 0.571119 0.819002 0.0553002
    outer loop
      vertex 28.5418 7.76604 3.27026
      vertex 28.4967 7.86602 2.25532
      vertex 28.4 7.86602 3.254
    endloop
  endfacet
  facet normal 0.571076 0.819032 0.0553051
    outer loop
      vertex 28.5418 7.76604 3.27026
      vertex 28.639 7.76604 2.26658
      vertex 28.4967 7.86602 2.25532
    endloop
  endfacet
  facet normal 0.572665 0.819032 0.0352247
    outer loop
      vertex 28.639 7.76604 2.26658
      vertex 28.5583 7.86602 1.25386
      vertex 28.4967 7.86602 2.25532
    endloop
  endfacet
  facet normal 0.572685 0.819018 0.0352217
    outer loop
      vertex 28.639 7.76604 2.26658
      vertex 28.7009 7.76604 1.26012
      vertex 28.5583 7.86602 1.25386
    endloop
  endfacet
  facet normal 0.573569 0.819018 0.0150967
    outer loop
      vertex 28.7009 7.76604 1.26012
      vertex 28.5847 7.86602 0.250848
      vertex 28.5583 7.86602 1.25386
    endloop
  endfacet
  facet normal 0.573385 0.819147 0.0151307
    outer loop
      vertex 28.7009 7.76604 1.26012
      vertex 28.7275 7.76604 0.252101
      vertex 28.5847 7.86602 0.250848
    endloop
  endfacet
  facet normal 0.573562 0.819147 -0.00503067
    outer loop
      vertex 28.5847 7.86602 0.250848
      vertex 28.7275 7.76604 0.252101
      vertex 28.5759 7.86602 -0.752467
    endloop
  endfacet
  facet normal 0.573712 0.819041 -0.00506387
    outer loop
      vertex 28.7275 7.76604 0.252101
      vertex 28.7186 7.76604 -0.756227
      vertex 28.5759 7.86602 -0.752467
    endloop
  endfacet
  facet normal 0.573183 0.819041 -0.0251598
    outer loop
      vertex 28.5759 7.86602 -0.752467
      vertex 28.7186 7.76604 -0.756227
      vertex 28.5319 7.86602 -1.75486
    endloop
  endfacet
  facet normal 0.573131 0.819078 -0.0251465
    outer loop
      vertex 28.7186 7.76604 -0.756227
      vertex 28.6744 7.76604 -1.76362
      vertex 28.5319 7.86602 -1.75486
    endloop
  endfacet
  facet normal 0.571893 0.819078 -0.0452839
    outer loop
      vertex 28.5319 7.86602 -1.75486
      vertex 28.6744 7.76604 -1.76362
      vertex 28.4527 7.86602 -2.75508
    endloop
  endfacet
  facet normal 0.571901 0.819071 -0.0452865
    outer loop
      vertex 28.6744 7.76604 -1.76362
      vertex 28.5948 7.76604 -2.76885
      vertex 28.4527 7.86602 -2.75508
    endloop
  endfacet
  facet normal 0.569963 0.819072 -0.0652961
    outer loop
      vertex 28.4527 7.86602 -2.75508
      vertex 28.5948 7.76604 -2.76885
      vertex 28.3385 7.86602 -3.75192
    endloop
  endfacet
  facet normal 0.570042 0.819015 -0.0653226
    outer loop
      vertex 28.5948 7.76604 -2.76885
      vertex 28.48 7.76604 -3.77066
      vertex 28.3385 7.86602 -3.75192
    endloop
  endfacet
  facet normal 0.567401 0.819015 -0.0852637
    outer loop
      vertex 28.3385 7.86602 -3.75192
      vertex 28.48 7.76604 -3.77066
      vertex 28.1894 7.86602 -4.74413
    endloop
  endfacet
  facet normal 0.567286 0.8191 -0.0852206
    outer loop
      vertex 28.48 7.76604 -3.77066
      vertex 28.3302 7.76604 -4.76783
      vertex 28.1894 7.86602 -4.74413
    endloop
  endfacet
  facet normal 0.563933 0.8191 -0.10514
    outer loop
      vertex 28.1894 7.86602 -4.74413
      vertex 28.3302 7.76604 -4.76783
      vertex 28.0055 7.86602 -5.7305
    endloop
  endfacet
  facet normal 0.56389 0.819132 -0.105122
    outer loop
      vertex 28.3302 7.76604 -4.76783
      vertex 28.1454 7.76604 -5.75912
      vertex 28.0055 7.86602 -5.7305
    endloop
  endfacet
  facet normal 0.559864 0.819132 -0.124802
    outer loop
      vertex 28.0055 7.86602 -5.7305
      vertex 28.1454 7.76604 -5.75912
      vertex 27.7872 7.86602 -6.7098
    endloop
  endfacet
  facet normal 0.560127 0.818934 -0.124922
    outer loop
      vertex 28.1454 7.76604 -5.75912
      vertex 27.9259 7.76604 -6.74332
      vertex 27.7872 7.86602 -6.7098
    endloop
  endfacet
  facet normal 0.555402 0.818935 -0.144479
    outer loop
      vertex 27.7872 7.86602 -6.7098
      vertex 27.9259 7.76604 -6.74332
      vertex 27.5346 7.86602 -7.68084
    endloop
  endfacet
  facet normal 0.555255 0.819048 -0.144405
    outer loop
      vertex 27.9259 7.76604 -6.74332
      vertex 27.6721 7.76604 -7.71921
      vertex 27.5346 7.86602 -7.68084
    endloop
  endfacet
  facet normal 0.549822 0.819048 -0.163875
    outer loop
      vertex 27.5346 7.86602 -7.68084
      vertex 27.6721 7.76604 -7.71921
      vertex 27.248 7.86602 -8.64242
    endloop
  endfacet
  facet normal 0.549751 0.819104 -0.163837
    outer loop
      vertex 27.6721 7.76604 -7.71921
      vertex 27.3841 7.76604 -8.68559
      vertex 27.248 7.86602 -8.64242
    endloop
  endfacet
  facet normal 0.543687 0.819104 -0.182957
    outer loop
      vertex 27.248 7.86602 -8.64242
      vertex 27.3841 7.76604 -8.68559
      vertex 26.928 7.86602 -9.59335
    endloop
  endfacet
  facet normal 0.54369 0.819101 -0.18296
    outer loop
      vertex 27.3841 7.76604 -8.68559
      vertex 27.0625 7.76604 -9.64127
      vertex 26.928 7.86602 -9.59335
    endloop
  endfacet
  facet normal 0.536913 0.819102 -0.201982
    outer loop
      vertex 26.928 7.86602 -9.59335
      vertex 27.0625 7.76604 -9.64127
      vertex 26.5747 7.86602 -10.5325
    endloop
  endfacet
  facet normal 0.536999 0.819032 -0.202037
    outer loop
      vertex 27.0625 7.76604 -9.64127
      vertex 26.7074 7.76604 -10.5851
      vertex 26.5747 7.86602 -10.5325
    endloop
  endfacet
  facet normal 0.529588 0.819032 -0.220733
    outer loop
      vertex 26.5747 7.86602 -10.5325
      vertex 26.7074 7.76604 -10.5851
      vertex 26.1887 7.86602 -11.4586
    endloop
  endfacet
  facet normal 0.529552 0.819062 -0.220708
    outer loop
      vertex 26.7074 7.76604 -10.5851
      vertex 26.3195 7.76604 -11.5158
      vertex 26.1887 7.86602 -11.4586
    endloop
  endfacet
  facet normal 0.521472 0.81906 -0.23918
    outer loop
      vertex 26.1887 7.86602 -11.4586
      vertex 26.3195 7.76604 -11.5158
      vertex 25.7704 7.86602 -12.3706
    endloop
  endfacet
  facet normal 0.521252 0.819248 -0.239016
    outer loop
      vertex 26.3195 7.76604 -11.5158
      vertex 25.8992 7.76604 -12.4324
      vertex 25.7704 7.86602 -12.3706
    endloop
  endfacet
  facet normal 0.512535 0.819247 -0.257182
    outer loop
      vertex 25.7704 7.86602 -12.3706
      vertex 25.8992 7.76604 -12.4324
      vertex 25.3204 7.86602 -13.2674
    endloop
  endfacet
  facet normal 0.512615 0.819176 -0.257246
    outer loop
      vertex 25.8992 7.76604 -12.4324
      vertex 25.4469 7.76604 -13.3337
      vertex 25.3204 7.86602 -13.2674
    endloop
  endfacet
  facet normal 0.503272 0.819177 -0.275074
    outer loop
      vertex 25.3204 7.86602 -13.2674
      vertex 25.4469 7.76604 -13.3337
      vertex 24.8392 7.86602 -14.1478
    endloop
  endfacet
  facet normal 0.503263 0.819185 -0.275066
    outer loop
      vertex 25.4469 7.76604 -13.3337
      vertex 24.9633 7.76604 -14.2185
      vertex 24.8392 7.86602 -14.1478
    endloop
  endfacet
  facet normal 0.493302 0.819186 -0.292552
    outer loop
      vertex 24.8392 7.86602 -14.1478
      vertex 24.9633 7.76604 -14.2185
      vertex 24.3274 7.86602 -15.0108
    endloop
  endfacet
  facet normal 0.493389 0.819105 -0.292632
    outer loop
      vertex 24.9633 7.76604 -14.2185
      vertex 24.4489 7.76604 -15.0858
      vertex 24.3274 7.86602 -15.0108
    endloop
  endfacet
  facet normal 0.482818 0.819107 -0.309758
    outer loop
      vertex 24.3274 7.86602 -15.0108
      vertex 24.4489 7.76604 -15.0858
      vertex 23.7856 7.86602 -15.8553
    endloop
  endfacet
  facet normal 0.482827 0.819098 -0.309767
    outer loop
      vertex 24.4489 7.76604 -15.0858
      vertex 23.9044 7.76604 -15.9345
      vertex 23.7856 7.86602 -15.8553
    endloop
  endfacet
  facet normal 0.471667 0.819099 -0.326508
    outer loop
      vertex 23.7856 7.86602 -15.8553
      vertex 23.9044 7.76604 -15.9345
      vertex 23.2145 7.86602 -16.6803
    endloop
  endfacet
  facet normal 0.471608 0.819158 -0.326445
    outer loop
      vertex 23.9044 7.76604 -15.9345
      vertex 23.3305 7.76604 -16.7636
      vertex 23.2145 7.86602 -16.6803
    endloop
  endfacet
  facet normal 0.459843 0.819155 -0.342825
    outer loop
      vertex 23.2145 7.86602 -16.6803
      vertex 23.3305 7.76604 -16.7636
      vertex 22.6148 7.86602 -17.4847
    endloop
  endfacet
  facet normal 0.459761 0.819241 -0.342731
    outer loop
      vertex 23.3305 7.76604 -16.7636
      vertex 22.7278 7.76604 -17.5721
      vertex 22.6148 7.86602 -17.4847
    endloop
  endfacet
  facet normal 0.447458 0.819243 -0.358641
    outer loop
      vertex 22.6148 7.86602 -17.4847
      vertex 22.7278 7.76604 -17.5721
      vertex 21.9873 7.86602 -18.2676
    endloop
  endfacet
  facet normal 0.447558 0.819134 -0.358763
    outer loop
      vertex 22.7278 7.76604 -17.5721
      vertex 22.0971 7.76604 -18.3589
      vertex 21.9873 7.86602 -18.2676
    endloop
  endfacet
  facet normal 0.434707 0.819138 -0.374223
    outer loop
      vertex 21.9873 7.86602 -18.2676
      vertex 22.0971 7.76604 -18.3589
      vertex 21.3327 7.86602 -19.028
    endloop
  endfacet
  facet normal 0.434852 0.818974 -0.374413
    outer loop
      vertex 22.0971 7.76604 -18.3589
      vertex 21.4392 7.76604 -19.123
      vertex 21.3327 7.86602 -19.028
    endloop
  endfacet
  facet normal 0.421458 0.818974 -0.389429
    outer loop
      vertex 21.3327 7.86602 -19.028
      vertex 21.4392 7.76604 -19.123
      vertex 20.6518 7.86602 -19.7649
    endloop
  endfacet
  facet normal 0.421328 0.819128 -0.389246
    outer loop
      vertex 21.4392 7.76604 -19.123
      vertex 20.7549 7.76604 -19.8637
      vertex 20.6518 7.86602 -19.7649
    endloop
  endfacet
  facet normal 0.407366 0.819134 -0.403822
    outer loop
      vertex 20.6518 7.86602 -19.7649
      vertex 20.7549 7.76604 -19.8637
      vertex 19.9454 7.86602 -20.4775
    endloop
  endfacet
  facet normal 0.407399 0.819093 -0.403871
    outer loop
      vertex 20.7549 7.76604 -19.8637
      vertex 20.045 7.76604 -20.5798
      vertex 19.9454 7.86602 -20.4775
    endloop
  endfacet
  facet normal 0.393011 0.819096 -0.417881
    outer loop
      vertex 19.9454 7.86602 -20.4775
      vertex 20.045 7.76604 -20.5798
      vertex 19.2145 7.86602 -21.1649
    endloop
  endfacet
  facet normal 0.393094 0.818986 -0.418018
    outer loop
      vertex 20.045 7.76604 -20.5798
      vertex 19.3104 7.76604 -21.2706
      vertex 19.2145 7.86602 -21.1649
    endloop
  endfacet
  facet normal 0.378188 0.818989 -0.431545
    outer loop
      vertex 19.2145 7.86602 -21.1649
      vertex 19.3104 7.76604 -21.2706
      vertex 18.4599 7.86602 -21.8262
    endloop
  endfacet
  facet normal 0.37813 0.81907 -0.431441
    outer loop
      vertex 19.3104 7.76604 -21.2706
      vertex 18.5521 7.76604 -21.9352
      vertex 18.4599 7.86602 -21.8262
    endloop
  endfacet
  facet normal 0.362684 0.81907 -0.444506
    outer loop
      vertex 18.4599 7.86602 -21.8262
      vertex 18.5521 7.76604 -21.9352
      vertex 17.6825 7.86602 -22.4605
    endloop
  endfacet
  facet normal 0.362666 0.819096 -0.444472
    outer loop
      vertex 18.5521 7.76604 -21.9352
      vertex 17.7708 7.76604 -22.5727
      vertex 17.6825 7.86602 -22.4605
    endloop
  endfacet
  facet normal 0.346922 0.819097 -0.456864
    outer loop
      vertex 17.6825 7.86602 -22.4605
      vertex 17.7708 7.76604 -22.5727
      vertex 16.8834 7.86602 -23.0673
    endloop
  endfacet
  facet normal 0.346957 0.819041 -0.456938
    outer loop
      vertex 17.7708 7.76604 -22.5727
      vertex 16.9677 7.76604 -23.1825
      vertex 16.8834 7.86602 -23.0673
    endloop
  endfacet
  facet normal 0.330663 0.819042 -0.468863
    outer loop
      vertex 16.8834 7.86602 -23.0673
      vertex 16.9677 7.76604 -23.1825
      vertex 16.0634 7.86602 -23.6456
    endloop
  endfacet
  facet normal 0.330592 0.819164 -0.4687
    outer loop
      vertex 16.9677 7.76604 -23.1825
      vertex 16.1437 7.76604 -23.7637
      vertex 16.0634 7.86602 -23.6456
    endloop
  endfacet
  facet normal 0.313909 0.81916 -0.48004
    outer loop
      vertex 16.0634 7.86602 -23.6456
      vertex 16.1437 7.76604 -23.7637
      vertex 15.2237 7.86602 -24.1947
    endloop
  endfacet
  facet normal 0.313865 0.819244 -0.479925
    outer loop
      vertex 16.1437 7.76604 -23.7637
      vertex 15.2998 7.76604 -24.3156
      vertex 15.2237 7.86602 -24.1947
    endloop
  endfacet
  facet normal 0.296841 0.819243 -0.490639
    outer loop
      vertex 15.2237 7.86602 -24.1947
      vertex 15.2998 7.76604 -24.3156
      vertex 14.3652 7.86602 -24.7141
    endloop
  endfacet
  facet normal 0.296842 0.81924 -0.490643
    outer loop
      vertex 15.2998 7.76604 -24.3156
      vertex 14.437 7.76604 -24.8376
      vertex 14.3652 7.86602 -24.7141
    endloop
  endfacet
  facet normal 0.279443 0.81924 -0.500757
    outer loop
      vertex 14.3652 7.86602 -24.7141
      vertex 14.437 7.76604 -24.8376
      vertex 13.4891 7.86602 -25.203
    endloop
  endfacet
  facet normal 0.279522 0.819057 -0.501012
    outer loop
      vertex 14.437 7.76604 -24.8376
      vertex 13.5564 7.76604 -25.3289
      vertex 13.4891 7.86602 -25.203
    endloop
  endfacet
  facet normal 0.261816 0.819061 -0.510481
    outer loop
      vertex 13.4891 7.86602 -25.203
      vertex 13.5564 7.76604 -25.3289
      vertex 12.5963 7.86602 -25.6609
    endloop
  endfacet
  facet normal 0.261788 0.819134 -0.510379
    outer loop
      vertex 13.5564 7.76604 -25.3289
      vertex 12.6592 7.76604 -25.7891
      vertex 12.5963 7.86602 -25.6609
    endloop
  endfacet
  facet normal 0.243659 0.819136 -0.519275
    outer loop
      vertex 12.5963 7.86602 -25.6609
      vertex 12.6592 7.76604 -25.7891
      vertex 11.688 7.86602 -26.0871
    endloop
  endfacet
  facet normal 0.243692 0.819036 -0.519417
    outer loop
      vertex 12.6592 7.76604 -25.7891
      vertex 11.7463 7.76604 -26.2174
      vertex 11.688 7.86602 -26.0871
    endloop
  endfacet
  facet normal 0.225357 0.819041 -0.527624
    outer loop
      vertex 11.688 7.86602 -26.0871
      vertex 11.7463 7.76604 -26.2174
      vertex 10.7653 7.86602 -26.4812
    endloop
  endfacet
  facet normal 0.225339 0.819102 -0.527536
    outer loop
      vertex 11.7463 7.76604 -26.2174
      vertex 10.819 7.76604 -26.6135
      vertex 10.7653 7.86602 -26.4812
    endloop
  endfacet
  facet normal 0.206668 0.819107 -0.535119
    outer loop
      vertex 10.7653 7.86602 -26.4812
      vertex 10.819 7.76604 -26.6135
      vertex 9.82928 7.86602 -26.8427
    endloop
  endfacet
  facet normal 0.206659 0.819148 -0.53506
    outer loop
      vertex 10.819 7.76604 -26.6135
      vertex 9.87838 7.76604 -26.9768
      vertex 9.82928 7.86602 -26.8427
    endloop
  endfacet
  facet normal 0.187787 0.819149 -0.54197
    outer loop
      vertex 9.82928 7.86602 -26.8427
      vertex 9.87838 7.76604 -26.9768
      vertex 8.8812 7.86602 -27.1712
    endloop
  endfacet
  facet normal 0.187801 0.819073 -0.542079
    outer loop
      vertex 9.87838 7.76604 -26.9768
      vertex 8.92556 7.76604 -27.3069
      vertex 8.8812 7.86602 -27.1712
    endloop
  endfacet
  facet normal 0.168617 0.819073 -0.54835
    outer loop
      vertex 8.8812 7.86602 -27.1712
      vertex 8.92556 7.76604 -27.3069
      vertex 7.92217 7.86602 -27.4661
    endloop
  endfacet
  facet normal 0.16861 0.819122 -0.548279
    outer loop
      vertex 8.92556 7.76604 -27.3069
      vertex 7.96174 7.76604 -27.6033
      vertex 7.92217 7.86602 -27.4661
    endloop
  endfacet
  facet normal 0.149271 0.819122 -0.553857
    outer loop
      vertex 7.92217 7.86602 -27.4661
      vertex 7.96174 7.76604 -27.6033
      vertex 6.95338 7.86602 -27.7272
    endloop
  endfacet
  facet normal 0.149271 0.819119 -0.553862
    outer loop
      vertex 7.96174 7.76604 -27.6033
      vertex 6.98812 7.76604 -27.8657
      vertex 6.95338 7.86602 -27.7272
    endloop
  endfacet
  facet normal 0.129722 0.819118 -0.558765
    outer loop
      vertex 6.95338 7.86602 -27.7272
      vertex 6.98812 7.76604 -27.8657
      vertex 5.97603 7.86602 -27.9541
    endloop
  endfacet
  facet normal 0.129718 0.819237 -0.558591
    outer loop
      vertex 6.98812 7.76604 -27.8657
      vertex 6.00588 7.76604 -28.0938
      vertex 5.97603 7.86602 -27.9541
    endloop
  endfacet
  facet normal 0.110076 0.819238 -0.562789
    outer loop
      vertex 5.97603 7.86602 -27.9541
      vertex 6.00588 7.76604 -28.0938
      vertex 4.99132 7.86602 -28.1467
    endloop
  endfacet
  facet normal 0.11007 0.818938 -0.563227
    outer loop
      vertex 6.00588 7.76604 -28.0938
      vertex 5.01625 7.76604 -28.2872
      vertex 4.99132 7.86602 -28.1467
    endloop
  endfacet
  facet normal 0.0902559 0.818937 -0.566742
    outer loop
      vertex 4.99132 7.86602 -28.1467
      vertex 5.01625 7.76604 -28.2872
      vertex 4.00045 7.86602 -28.3045
    endloop
  endfacet
  facet normal 0.0902712 0.819145 -0.566439
    outer loop
      vertex 5.01625 7.76604 -28.2872
      vertex 4.02043 7.76604 -28.4459
      vertex 4.00045 7.86602 -28.3045
    endloop
  endfacet
  facet normal 0.0702587 0.819145 -0.569267
    outer loop
      vertex 4.00045 7.86602 -28.3045
      vertex 4.02043 7.76604 -28.4459
      vertex 3.00466 7.86602 -28.4274
    endloop
  endfacet
  facet normal 0.0702556 0.81912 -0.569303
    outer loop
      vertex 4.02043 7.76604 -28.4459
      vertex 3.01967 7.76604 -28.5694
      vertex 3.00466 7.86602 -28.4274
    endloop
  endfacet
  facet normal 0.0503099 0.81912 -0.571412
    outer loop
      vertex 3.00466 7.86602 -28.4274
      vertex 3.01967 7.76604 -28.5694
      vertex 2.00517 7.86602 -28.5154
    endloop
  endfacet
  facet normal 0.229274 0.965919 0.120143
    outer loop
      vertex 24.9451 7.93969 13.6339
      vertex 25.2577 7.98481 12.6746
      vertex 24.7973 7.98481 13.5532
    endloop
  endfacet
  facet normal 0.374414 0.906269 0.196188
    outer loop
      vertex 25.0837 7.86602 13.7097
      vertex 25.4082 7.93969 12.7501
      vertex 24.9451 7.93969 13.6339
    endloop
  endfacet
  facet normal 0.374353 0.906299 0.19617
    outer loop
      vertex 25.5494 7.86602 12.821
      vertex 25.4082 7.93969 12.7501
      vertex 25.0837 7.86602 13.7097
    endloop
  endfacet
  facet normal 0.381013 0.906298 0.182903
    outer loop
      vertex 25.5494 7.86602 12.821
      vertex 25.84 7.93969 11.8506
      vertex 25.4082 7.93969 12.7501
    endloop
  endfacet
  facet normal 0.381107 0.906253 0.182928
    outer loop
      vertex 25.9836 7.86602 11.9164
      vertex 25.84 7.93969 11.8506
      vertex 25.5494 7.86602 12.821
    endloop
  endfacet
  facet normal 0.387299 0.906255 0.169417
    outer loop
      vertex 25.9836 7.86602 11.9164
      vertex 26.2399 7.93969 10.9364
      vertex 25.84 7.93969 11.8506
    endloop
  endfacet
  facet normal 0.387074 0.90636 0.169366
    outer loop
      vertex 26.3858 7.86602 10.9972
      vertex 26.2399 7.93969 10.9364
      vertex 25.9836 7.86602 11.9164
    endloop
  endfacet
  facet normal 0.392772 0.906361 0.155694
    outer loop
      vertex 26.3858 7.86602 10.9972
      vertex 26.6076 7.93969 10.0088
      vertex 26.2399 7.93969 10.9364
    endloop
  endfacet
  facet normal 0.39302 0.906245 0.155741
    outer loop
      vertex 26.7554 7.86602 10.0645
      vertex 26.6076 7.93969 10.0088
      vertex 26.3858 7.86602 10.9972
    endloop
  endfacet
  facet normal 0.39825 0.906241 0.141858
    outer loop
      vertex 26.7554 7.86602 10.0645
      vertex 26.9424 7.93969 9.06889
      vertex 26.6076 7.93969 10.0088
    endloop
  endfacet
  facet normal 0.398017 0.906349 0.141822
    outer loop
      vertex 27.0922 7.86602 9.11929
      vertex 26.9424 7.93969 9.06889
      vertex 26.7554 7.86602 10.0645
    endloop
  endfacet
  facet normal 0.40275 0.90635 0.127754
    outer loop
      vertex 27.0922 7.86602 9.11929
      vertex 27.2441 7.93969 8.11777
      vertex 26.9424 7.93969 9.06889
    endloop
  endfacet
  facet normal 0.402908 0.906277 0.127773
    outer loop
      vertex 27.3955 7.86602 8.16289
      vertex 27.2441 7.93969 8.11777
      vertex 27.0922 7.86602 9.11929
    endloop
  endfacet
  facet normal 0.407141 0.906277 0.113571
    outer loop
      vertex 27.3955 7.86602 8.16289
      vertex 27.5122 7.93969 7.15666
      vertex 27.2441 7.93969 8.11777
    endloop
  endfacet
  facet normal 0.407124 0.906285 0.11357
    outer loop
      vertex 27.6651 7.86602 7.19643
      vertex 27.5122 7.93969 7.15666
      vertex 27.3955 7.86602 8.16289
    endloop
  endfacet
  facet normal 0.41086 0.906285 0.0992066
    outer loop
      vertex 27.6651 7.86602 7.19643
      vertex 27.7464 7.93969 6.18673
      vertex 27.5122 7.93969 7.15666
    endloop
  endfacet
  facet normal 0.410864 0.906283 0.0992068
    outer loop
      vertex 27.9006 7.86602 6.22111
      vertex 27.7464 7.93969 6.18673
      vertex 27.6651 7.86602 7.19643
    endloop
  endfacet
  facet normal 0.414085 0.906283 0.0847603
    outer loop
      vertex 27.9006 7.86602 6.22111
      vertex 27.9465 7.93969 5.20917
      vertex 27.7464 7.93969 6.18673
    endloop
  endfacet
  facet normal 0.41411 0.906272 0.0847606
    outer loop
      vertex 28.1018 7.86602 5.23812
      vertex 27.9465 7.93969 5.20917
      vertex 27.9006 7.86602 6.22111
    endloop
  endfacet
  facet normal 0.416833 0.906272 0.0701521
    outer loop
      vertex 28.1018 7.86602 5.23812
      vertex 28.1121 7.93969 4.2252
      vertex 27.9465 7.93969 5.20917
    endloop
  endfacet
  facet normal 0.416878 0.906251 0.070151
    outer loop
      vertex 28.2683 7.86602 4.24868
      vertex 28.1121 7.93969 4.2252
      vertex 28.1018 7.86602 5.23812
    endloop
  endfacet
  facet normal 0.419087 0.906251 0.0554585
    outer loop
      vertex 28.2683 7.86602 4.24868
      vertex 28.243 7.93969 3.23602
      vertex 28.1121 7.93969 4.2252
    endloop
  endfacet
  facet normal 0.418927 0.906324 0.0554678
    outer loop
      vertex 28.2683 7.86602 4.24868
      vertex 28.4 7.86602 3.254
      vertex 28.243 7.93969 3.23602
    endloop
  endfacet
  facet normal 0.420614 0.906324 0.0407413
    outer loop
      vertex 28.4 7.86602 3.254
      vertex 28.3392 7.93969 2.24285
      vertex 28.243 7.93969 3.23602
    endloop
  endfacet
  facet normal 0.420689 0.90629 0.0407343
    outer loop
      vertex 28.4 7.86602 3.254
      vertex 28.4967 7.86602 2.25532
      vertex 28.3392 7.93969 2.24285
    endloop
  endfacet
  facet normal 0.421861 0.90629 0.0259237
    outer loop
      vertex 28.4967 7.86602 2.25532
      vertex 28.4004 7.93969 1.24693
      vertex 28.3392 7.93969 2.24285
    endloop
  endfacet
  facet normal 0.421729 0.906351 0.0259407
    outer loop
      vertex 28.4967 7.86602 2.25532
      vertex 28.5583 7.86602 1.25386
      vertex 28.4004 7.93969 1.24693
    endloop
  endfacet
  facet normal 0.422379 0.906351 0.0111368
    outer loop
      vertex 28.5583 7.86602 1.25386
      vertex 28.4267 7.93969 0.249462
      vertex 28.4004 7.93969 1.24693
    endloop
  endfacet
  facet normal 0.422481 0.906304 0.01112
    outer loop
      vertex 28.5583 7.86602 1.25386
      vertex 28.5847 7.86602 0.250848
      vertex 28.4267 7.93969 0.249462
    endloop
  endfacet
  facet normal 0.422611 0.906304 -0.00368493
    outer loop
      vertex 28.4267 7.93969 0.249462
      vertex 28.5847 7.86602 0.250848
      vertex 28.418 7.93969 -0.748309
    endloop
  endfacet
  facet normal 0.422724 0.906251 -0.00370768
    outer loop
      vertex 28.5847 7.86602 0.250848
      vertex 28.5759 7.86602 -0.752467
      vertex 28.418 7.93969 -0.748309
    endloop
  endfacet
  facet normal 0.422333 0.906251 -0.0185566
    outer loop
      vertex 28.418 7.93969 -0.748309
      vertex 28.5759 7.86602 -0.752467
      vertex 28.3742 7.93969 -1.74516
    endloop
  endfacet
  facet normal 0.422238 0.906295 -0.0185341
    outer loop
      vertex 28.5759 7.86602 -0.752467
      vertex 28.5319 7.86602 -1.75486
      vertex 28.3742 7.93969 -1.74516
    endloop
  endfacet
  facet normal 0.421328 0.906295 -0.0333352
    outer loop
      vertex 28.3742 7.93969 -1.74516
      vertex 28.5319 7.86602 -1.75486
      vertex 28.2955 7.93969 -2.73986
    endloop
  endfacet
  facet normal 0.421464 0.906231 -0.0333726
    outer loop
      vertex 28.5319 7.86602 -1.75486
      vertex 28.4527 7.86602 -2.75508
      vertex 28.2955 7.93969 -2.73986
    endloop
  endfacet
  facet normal 0.420035 0.906231 -0.0481337
    outer loop
      vertex 28.2955 7.93969 -2.73986
      vertex 28.4527 7.86602 -2.75508
      vertex 28.1819 7.93969 -3.73118
    endloop
  endfacet
  facet normal 0.419966 0.906264 -0.0481121
    outer loop
      vertex 28.4527 7.86602 -2.75508
      vertex 28.3385 7.86602 -3.75192
      vertex 28.1819 7.93969 -3.73118
    endloop
  endfacet
  facet normal 0.418017 0.906264 -0.0628256
    outer loop
      vertex 28.1819 7.93969 -3.73118
      vertex 28.3385 7.86602 -3.75192
      vertex 28.0336 7.93969 -4.71791
    endloop
  endfacet
  facet normal 0.417968 0.906288 -0.0628083
    outer loop
      vertex 28.3385 7.86602 -3.75192
      vertex 28.1894 7.86602 -4.74413
      vertex 28.0336 7.93969 -4.71791
    endloop
  endfacet
  facet normal 0.4155 0.906288 -0.0774731
    outer loop
      vertex 28.0336 7.93969 -4.71791
      vertex 28.1894 7.86602 -4.74413
      vertex 27.8507 7.93969 -5.69883
    endloop
  endfacet
  facet normal 0.415467 0.906304 -0.0774601
    outer loop
      vertex 28.1894 7.86602 -4.74413
      vertex 28.0055 7.86602 -5.7305
      vertex 27.8507 7.93969 -5.69883
    endloop
  endfacet
  facet normal 0.412501 0.906304 -0.091955
    outer loop
      vertex 27.8507 7.93969 -5.69883
      vertex 28.0055 7.86602 -5.7305
      vertex 27.6336 7.93969 -6.67272
    endloop
  endfacet
  facet normal 0.412489 0.90631 -0.0919498
    outer loop
      vertex 28.0055 7.86602 -5.7305
      vertex 27.7872 7.86602 -6.7098
      vertex 27.6336 7.93969 -6.67272
    endloop
  endfacet
  facet normal 0.409002 0.90631 -0.106394
    outer loop
      vertex 27.6336 7.93969 -6.67272
      vertex 27.7872 7.86602 -6.7098
      vertex 27.3824 7.93969 -7.63839
    endloop
  endfacet
  facet normal 0.409008 0.906307 -0.106397
    outer loop
      vertex 27.7872 7.86602 -6.7098
      vertex 27.5346 7.86602 -7.68084
      vertex 27.3824 7.93969 -7.63839
    endloop
  endfacet
  facet normal 0.405028 0.906307 -0.120669
    outer loop
      vertex 27.3824 7.93969 -7.63839
      vertex 27.5346 7.86602 -7.68084
      vertex 27.0975 7.93969 -8.59466
    endloop
  endfacet
  facet normal 0.405252 0.906191 -0.120786
    outer loop
      vertex 27.5346 7.86602 -7.68084
      vertex 27.248 7.86602 -8.64242
      vertex 27.0975 7.93969 -8.59466
    endloop
  endfacet
  facet normal 0.400762 0.906191 -0.134934
    outer loop
      vertex 27.0975 7.93969 -8.59466
      vertex 27.248 7.86602 -8.64242
      vertex 26.7791 7.93969 -9.54033
    endloop
  endfacet
  facet normal 0.400447 0.906357 -0.134756
    outer loop
      vertex 27.248 7.86602 -8.64242
      vertex 26.928 7.86602 -9.59335
      vertex 26.7791 7.93969 -9.54033
    endloop
  endfacet
  facet normal 0.395464 0.906356 -0.148748
    outer loop
      vertex 26.7791 7.93969 -9.54033
      vertex 26.928 7.86602 -9.59335
      vertex 26.4278 7.93969 -10.4743
    endloop
  endfacet
  facet normal 0.395556 0.906307 -0.148805
    outer loop
      vertex 26.928 7.86602 -9.59335
      vertex 26.5747 7.86602 -10.5325
      vertex 26.4278 7.93969 -10.4743
    endloop
  endfacet
  facet normal 0.390104 0.906306 -0.162565
    outer loop
      vertex 26.4278 7.93969 -10.4743
      vertex 26.5747 7.86602 -10.5325
      vertex 26.044 7.93969 -11.3953
    endloop
  endfacet
  facet normal 0.390233 0.906236 -0.16265
    outer loop
      vertex 26.5747 7.86602 -10.5325
      vertex 26.1887 7.86602 -11.4586
      vertex 26.044 7.93969 -11.3953
    endloop
  endfacet
  facet normal 0.384275 0.906235 -0.176269
    outer loop
      vertex 26.044 7.93969 -11.3953
      vertex 26.1887 7.86602 -11.4586
      vertex 25.628 7.93969 -12.3022
    endloop
  endfacet
  facet normal 0.38421 0.906272 -0.176222
    outer loop
      vertex 26.1887 7.86602 -11.4586
      vertex 25.7704 7.86602 -12.3706
      vertex 25.628 7.93969 -12.3022
    endloop
  endfacet
  facet normal 0.377804 0.906273 -0.189559
    outer loop
      vertex 25.628 7.93969 -12.3022
      vertex 25.7704 7.86602 -12.3706
      vertex 25.1805 7.93969 -13.1941
    endloop
  endfacet
  facet normal 0.37787 0.906235 -0.189609
    outer loop
      vertex 25.7704 7.86602 -12.3706
      vertex 25.3204 7.86602 -13.2674
      vertex 25.1805 7.93969 -13.1941
    endloop
  endfacet
  facet normal 0.370963 0.906235 -0.202791
    outer loop
      vertex 25.1805 7.93969 -13.1941
      vertex 25.3204 7.86602 -13.2674
      vertex 24.7019 7.93969 -14.0696
    endloop
  endfacet
  facet normal 0.370845 0.906306 -0.202693
    outer loop
      vertex 25.3204 7.86602 -13.2674
      vertex 24.8392 7.86602 -14.1478
      vertex 24.7019 7.93969 -14.0696
    endloop
  endfacet
  facet normal 0.363527 0.906306 -0.215541
    outer loop
      vertex 24.7019 7.93969 -14.0696
      vertex 24.8392 7.86602 -14.1478
      vertex 24.193 7.93969 -14.9279
    endloop
  endfacet
  facet normal 0.36369 0.906206 -0.215685
    outer loop
      vertex 24.8392 7.86602 -14.1478
      vertex 24.3274 7.86602 -15.0108
      vertex 24.193 7.93969 -14.9279
    endloop
  endfacet
  facet normal 0.355889 0.906205 -0.228332
    outer loop
      vertex 24.193 7.93969 -14.9279
      vertex 24.3274 7.86602 -15.0108
      vertex 23.6542 7.93969 -15.7677
    endloop
  endfacet
  facet normal 0.355868 0.906218 -0.228312
    outer loop
      vertex 24.3274 7.86602 -15.0108
      vertex 23.7856 7.86602 -15.8553
      vertex 23.6542 7.93969 -15.7677
    endloop
  endfacet
  facet normal 0.347625 0.906219 -0.240676
    outer loop
      vertex 23.6542 7.93969 -15.7677
      vertex 23.7856 7.86602 -15.8553
      vertex 23.0862 7.93969 -16.5881
    endloop
  endfacet
  facet normal 0.347516 0.90629 -0.240565
    outer loop
      vertex 23.7856 7.86602 -15.8553
      vertex 23.2145 7.86602 -16.6803
      vertex 23.0862 7.93969 -16.5881
    endloop
  endfacet
  facet normal 0.338875 0.90629 -0.252589
    outer loop
      vertex 23.0862 7.93969 -16.5881
      vertex 23.2145 7.86602 -16.6803
      vertex 22.4899 7.93969 -17.3881
    endloop
  endfacet
  facet normal 0.339021 0.906192 -0.252748
    outer loop
      vertex 23.2145 7.86602 -16.6803
      vertex 22.6148 7.86602 -17.4847
      vertex 22.4899 7.93969 -17.3881
    endloop
  endfacet
  facet normal 0.32995 0.906193 -0.264477
    outer loop
      vertex 22.4899 7.93969 -17.3881
      vertex 22.6148 7.86602 -17.4847
      vertex 21.8658 7.93969 -18.1667
    endloop
  endfacet
  facet normal 0.329897 0.90623 -0.264415
    outer loop
      vertex 22.6148 7.86602 -17.4847
      vertex 21.9873 7.86602 -18.2676
      vertex 21.8658 7.93969 -18.1667
    endloop
  endfacet
  facet normal 0.320393 0.906229 -0.275858
    outer loop
      vertex 21.8658 7.93969 -18.1667
      vertex 21.9873 7.86602 -18.2676
      vertex 21.2148 7.93969 -18.9228
    endloop
  endfacet
  facet normal 0.320286 0.906308 -0.275722
    outer loop
      vertex 21.9873 7.86602 -18.2676
      vertex 21.3327 7.86602 -19.028
      vertex 21.2148 7.93969 -18.9228
    endloop
  endfacet
  facet normal 0.310396 0.906309 -0.286807
    outer loop
      vertex 21.2148 7.93969 -18.9228
      vertex 21.3327 7.86602 -19.028
      vertex 20.5376 7.93969 -19.6557
    endloop
  endfacet
  facet normal 0.3104 0.906306 -0.286812
    outer loop
      vertex 21.3327 7.86602 -19.028
      vertex 20.6518 7.86602 -19.7649
      vertex 20.5376 7.93969 -19.6557
    endloop
  endfacet
  facet normal 0.300153 0.906304 -0.297527
    outer loop
      vertex 20.5376 7.93969 -19.6557
      vertex 20.6518 7.86602 -19.7649
      vertex 19.8352 7.93969 -20.3643
    endloop
  endfacet
  facet normal 0.300184 0.906278 -0.297572
    outer loop
      vertex 20.6518 7.86602 -19.7649
      vertex 19.9454 7.86602 -20.4775
      vertex 19.8352 7.93969 -20.3643
    endloop
  endfacet
  facet normal 0.289567 0.90628 -0.307909
    outer loop
      vertex 19.8352 7.93969 -20.3643
      vertex 19.9454 7.86602 -20.4775
      vertex 19.1083 7.93969 -21.0479
    endloop
  endfacet
  facet normal 0.289534 0.906308 -0.307856
    outer loop
      vertex 19.9454 7.86602 -20.4775
      vertex 19.2145 7.86602 -21.1649
      vertex 19.1083 7.93969 -21.0479
    endloop
  endfacet
  facet normal 0.278514 0.906309 -0.31786
    outer loop
      vertex 19.1083 7.93969 -21.0479
      vertex 19.2145 7.86602 -21.1649
      vertex 18.3578 7.93969 -21.7055
    endloop
  endfacet
  facet normal 0.278423 0.906391 -0.317704
    outer loop
      vertex 19.2145 7.86602 -21.1649
      vertex 18.4599 7.86602 -21.8262
      vertex 18.3578 7.93969 -21.7055
    endloop
  endfacet
  facet normal 0.267111 0.906391 -0.327273
    outer loop
      vertex 18.3578 7.93969 -21.7055
      vertex 18.4599 7.86602 -21.8262
      vertex 17.5848 7.93969 -22.3364
    endloop
  endfacet
  facet normal 0.267267 0.90624 -0.327564
    outer loop
      vertex 18.4599 7.86602 -21.8262
      vertex 17.6825 7.86602 -22.4605
      vertex 17.5848 7.93969 -22.3364
    endloop
  endfacet
  facet normal 0.255654 0.906239 -0.336706
    outer loop
      vertex 17.5848 7.93969 -22.3364
      vertex 17.6825 7.86602 -22.4605
      vertex 16.7901 7.93969 -22.9398
    endloop
  endfacet
  facet normal 0.255608 0.906288 -0.336612
    outer loop
      vertex 17.6825 7.86602 -22.4605
      vertex 16.8834 7.86602 -23.0673
      vertex 16.7901 7.93969 -22.9398
    endloop
  endfacet
  facet normal 0.243606 0.906288 -0.345395
    outer loop
      vertex 16.7901 7.93969 -22.9398
      vertex 16.8834 7.86602 -23.0673
      vertex 15.9747 7.93969 -23.5149
    endloop
  endfacet
  facet normal 0.243639 0.906251 -0.345468
    outer loop
      vertex 16.8834 7.86602 -23.0673
      vertex 16.0634 7.86602 -23.6456
      vertex 15.9747 7.93969 -23.5149
    endloop
  endfacet
  facet normal 0.231363 0.906254 -0.353801
    outer loop
      vertex 15.9747 7.93969 -23.5149
      vertex 16.0634 7.86602 -23.6456
      vertex 15.1396 7.93969 -24.061
    endloop
  endfacet
  facet normal 0.231368 0.906247 -0.353815
    outer loop
      vertex 16.0634 7.86602 -23.6456
      vertex 15.2237 7.86602 -24.1947
      vertex 15.1396 7.93969 -24.061
    endloop
  endfacet
  facet normal 0.218834 0.906248 -0.3617
    outer loop
      vertex 15.1396 7.93969 -24.061
      vertex 15.2237 7.86602 -24.1947
      vertex 14.2859 7.93969 -24.5775
    endloop
  endfacet
  facet normal 0.218836 0.906244 -0.361708
    outer loop
      vertex 15.2237 7.86602 -24.1947
      vertex 14.3652 7.86602 -24.7141
      vertex 14.2859 7.93969 -24.5775
    endloop
  endfacet
  facet normal 0.205981 0.906247 -0.369172
    outer loop
      vertex 14.2859 7.93969 -24.5775
      vertex 14.3652 7.86602 -24.7141
      vertex 13.4145 7.93969 -25.0637
    endloop
  endfacet
  facet normal 0.205933 0.906316 -0.369029
    outer loop
      vertex 14.3652 7.86602 -24.7141
      vertex 13.4891 7.86602 -25.203
      vertex 13.4145 7.93969 -25.0637
    endloop
  endfacet
  facet normal 0.19288 0.906315 -0.376019
    outer loop
      vertex 13.4145 7.93969 -25.0637
      vertex 13.4891 7.86602 -25.203
      vertex 12.5267 7.93969 -25.5191
    endloop
  endfacet
  facet normal 0.192916 0.906256 -0.376142
    outer loop
      vertex 13.4891 7.86602 -25.203
      vertex 12.5963 7.86602 -25.6609
      vertex 12.5267 7.93969 -25.5191
    endloop
  endfacet
  facet normal 0.179586 0.906257 -0.382685
    outer loop
      vertex 12.5267 7.93969 -25.5191
      vertex 12.5963 7.86602 -25.6609
      vertex 11.6234 7.93969 -25.943
    endloop
  endfacet
  facet normal 0.179609 0.906214 -0.382776
    outer loop
      vertex 12.5963 7.86602 -25.6609
      vertex 11.688 7.86602 -26.0871
      vertex 11.6234 7.93969 -25.943
    endloop
  endfacet
  facet normal 0.166072 0.906212 -0.388844
    outer loop
      vertex 11.6234 7.93969 -25.943
      vertex 11.688 7.86602 -26.0871
      vertex 10.7058 7.93969 -26.3349
    endloop
  endfacet
  facet normal 0.166063 0.906233 -0.3888
    outer loop
      vertex 11.688 7.86602 -26.0871
      vertex 10.7653 7.86602 -26.4812
      vertex 10.7058 7.93969 -26.3349
    endloop
  endfacet
  facet normal 0.152317 0.906232 -0.39439
    outer loop
      vertex 10.7058 7.93969 -26.3349
      vertex 10.7653 7.86602 -26.4812
      vertex 9.77496 7.93969 -26.6944
    endloop
  endfacet
  facet normal 0.152318 0.906231 -0.394391
    outer loop
      vertex 10.7653 7.86602 -26.4812
      vertex 9.82928 7.86602 -26.8427
      vertex 9.77496 7.93969 -26.6944
    endloop
  endfacet
  facet normal 0.138384 0.906231 -0.399494
    outer loop
      vertex 9.77496 7.93969 -26.6944
      vertex 9.82928 7.86602 -26.8427
      vertex 8.83211 7.93969 -27.021
    endloop
  endfacet
  facet normal 0.138357 0.906316 -0.39931
    outer loop
      vertex 9.82928 7.86602 -26.8427
      vertex 8.8812 7.86602 -27.1712
      vertex 8.83211 7.93969 -27.021
    endloop
  endfacet
  facet normal 0.124222 0.906316 -0.40393
    outer loop
      vertex 8.83211 7.93969 -27.021
      vertex 8.8812 7.86602 -27.1712
      vertex 7.87839 7.93969 -27.3143
    endloop
  endfacet
  facet normal 0.124229 0.906284 -0.404
    outer loop
      vertex 8.8812 7.86602 -27.1712
      vertex 7.92217 7.86602 -27.4661
      vertex 7.87839 7.93969 -27.3143
    endloop
  endfacet
  facet normal 0.110007 0.906284 -0.408102
    outer loop
      vertex 7.87839 7.93969 -27.3143
      vertex 7.92217 7.86602 -27.4661
      vertex 6.91496 7.93969 -27.574
    endloop
  endfacet
  facet normal 0.110014 0.90624 -0.408198
    outer loop
      vertex 7.92217 7.86602 -27.4661
      vertex 6.95338 7.86602 -27.7272
      vertex 6.91496 7.93969 -27.574
    endloop
  endfacet
  facet normal 0.0956261 0.90624 -0.411806
    outer loop
      vertex 6.91496 7.93969 -27.574
      vertex 6.95338 7.86602 -27.7272
      vertex 5.943 7.93969 -27.7997
    endloop
  endfacet
  facet normal 0.0956304 0.906189 -0.411919
    outer loop
      vertex 6.95338 7.86602 -27.7272
      vertex 5.97603 7.86602 -27.9541
      vertex 5.943 7.93969 -27.7997
    endloop
  endfacet
  facet normal 0.081117 0.906188 -0.415023
    outer loop
      vertex 5.943 7.93969 -27.7997
      vertex 5.97603 7.86602 -27.9541
      vertex 4.96373 7.93969 -27.9911
    endloop
  endfacet
  facet normal 0.081116 0.906325 -0.414723
    outer loop
      vertex 5.97603 7.86602 -27.9541
      vertex 4.99132 7.86602 -28.1467
      vertex 4.96373 7.93969 -27.9911
    endloop
  endfacet
  facet normal 0.0664902 0.906325 -0.417317
    outer loop
      vertex 4.96373 7.93969 -27.9911
      vertex 4.99132 7.86602 -28.1467
      vertex 3.97834 7.93969 -28.1481
    endloop
  endfacet
  facet normal 0.066485 0.906252 -0.417478
    outer loop
      vertex 4.99132 7.86602 -28.1467
      vertex 4.00045 7.86602 -28.3045
      vertex 3.97834 7.93969 -28.1481
    endloop
  endfacet
  facet normal 0.0517727 0.906251 -0.419558
    outer loop
      vertex 3.97834 7.93969 -28.1481
      vertex 4.00045 7.86602 -28.3045
      vertex 2.98805 7.93969 -28.2703
    endloop
  endfacet
  facet normal 0.0517758 0.906273 -0.419511
    outer loop
      vertex 4.00045 7.86602 -28.3045
      vertex 3.00466 7.86602 -28.4274
      vertex 2.98805 7.93969 -28.2703
    endloop
  endfacet
  facet normal 0.0370668 0.906272 -0.421066
    outer loop
      vertex 2.98805 7.93969 -28.2703
      vertex 3.00466 7.86602 -28.4274
      vertex 1.99408 7.93969 -28.3578
    endloop
  endfacet
  facet normal 0.0370699 0.906287 -0.421035
    outer loop
      vertex 3.00466 7.86602 -28.4274
      vertex 2.00517 7.86602 -28.5154
      vertex 1.99408 7.93969 -28.3578
    endloop
  endfacet
  facet normal 0.0222386 0.906287 -0.422078
    outer loop
      vertex 1.99408 7.93969 -28.3578
      vertex 2.00517 7.86602 -28.5154
      vertex 0.997656 7.93969 -28.4103
    endloop
  endfacet
  facet normal 0.233384 0.965911 0.11202
    outer loop
      vertex 25.4082 7.93969 12.7501
      vertex 25.6869 7.98481 11.7804
      vertex 25.2577 7.98481 12.6746
    endloop
  endfacet
  facet normal 0.229305 0.96591 0.120153
    outer loop
      vertex 25.4082 7.93969 12.7501
      vertex 25.2577 7.98481 12.6746
      vertex 24.9451 7.93969 13.6339
    endloop
  endfacet
  facet normal 0.233314 0.96593 0.112001
    outer loop
      vertex 25.84 7.93969 11.8506
      vertex 25.6869 7.98481 11.7804
      vertex 25.4082 7.93969 12.7501
    endloop
  endfacet
  facet normal 0.2371 0.96593 0.103743
    outer loop
      vertex 25.84 7.93969 11.8506
      vertex 26.0845 7.98481 10.8717
      vertex 25.6869 7.98481 11.7804
    endloop
  endfacet
  facet normal 0.237238 0.965893 0.103775
    outer loop
      vertex 26.2399 7.93969 10.9364
      vertex 26.0845 7.98481 10.8717
      vertex 25.84 7.93969 11.8506
    endloop
  endfacet
  facet normal 0.240721 0.965893 0.0954112
    outer loop
      vertex 26.2399 7.93969 10.9364
      vertex 26.45 7.98481 9.94955
      vertex 26.0845 7.98481 10.8717
    endloop
  endfacet
  facet normal 0.240668 0.965908 0.0954006
    outer loop
      vertex 26.6076 7.93969 10.0088
      vertex 26.45 7.98481 9.94955
      vertex 26.2399 7.93969 10.9364
    endloop
  endfacet
  facet normal 0.243869 0.965908 0.0868864
    outer loop
      vertex 26.6076 7.93969 10.0088
      vertex 26.7829 7.98481 9.01518
      vertex 26.45 7.98481 9.94955
    endloop
  endfacet
  facet normal 0.243969 0.965882 0.0869027
    outer loop
      vertex 26.9424 7.93969 9.06889
      vertex 26.7829 7.98481 9.01518
      vertex 26.6076 7.93969 10.0088
    endloop
  endfacet
  facet normal 0.246865 0.965881 0.078303
    outer loop
      vertex 26.9424 7.93969 9.06889
      vertex 27.0828 7.98481 8.06969
      vertex 26.7829 7.98481 9.01518
    endloop
  endfacet
  facet normal 0.246845 0.965886 0.0783005
    outer loop
      vertex 27.2441 7.93969 8.11777
      vertex 27.0828 7.98481 8.06969
      vertex 26.9424 7.93969 9.06889
    endloop
  endfacet
  facet normal 0.249445 0.965886 0.0695788
    outer loop
      vertex 27.2441 7.93969 8.11777
      vertex 27.3493 7.98481 7.11427
      vertex 27.0828 7.98481 8.06969
    endloop
  endfacet
  facet normal 0.249427 0.965891 0.0695772
    outer loop
      vertex 27.5122 7.93969 7.15666
      vertex 27.3493 7.98481 7.11427
      vertex 27.2441 7.93969 8.11777
    endloop
  endfacet
  facet normal 0.251717 0.965891 0.0607761
    outer loop
      vertex 27.5122 7.93969 7.15666
      vertex 27.5821 7.98481 6.15008
      vertex 27.3493 7.98481 7.11427
    endloop
  endfacet
  facet normal 0.251697 0.965896 0.0607749
    outer loop
      vertex 27.7464 7.93969 6.18673
      vertex 27.5821 7.98481 6.15008
      vertex 27.5122 7.93969 7.15666
    endloop
  endfacet
  facet normal 0.253677 0.965896 0.0518966
    outer loop
      vertex 27.7464 7.93969 6.18673
      vertex 27.7809 7.98481 5.17832
      vertex 27.5821 7.98481 6.15008
    endloop
  endfacet
  facet normal 0.253516 0.965938 0.051893
    outer loop
      vertex 27.9465 7.93969 5.20917
      vertex 27.7809 7.98481 5.17832
      vertex 27.7464 7.93969 6.18673
    endloop
  endfacet
  facet normal 0.255179 0.965939 0.0429668
    outer loop
      vertex 27.9465 7.93969 5.20917
      vertex 27.9456 7.98481 4.20017
      vertex 27.7809 7.98481 5.17832
    endloop
  endfacet
  facet normal 0.255294 0.965908 0.0429653
    outer loop
      vertex 27.9465 7.93969 5.20917
      vertex 28.1121 7.93969 4.2252
      vertex 27.9456 7.98481 4.20017
    endloop
  endfacet
  facet normal 0.256648 0.965908 0.0339563
    outer loop
      vertex 28.1121 7.93969 4.2252
      vertex 28.0757 7.98481 3.21685
      vertex 27.9456 7.98481 4.20017
    endloop
  endfacet
  facet normal 0.256612 0.965918 0.033958
    outer loop
      vertex 28.1121 7.93969 4.2252
      vertex 28.243 7.93969 3.23602
      vertex 28.0757 7.98481 3.21685
    endloop
  endfacet
  facet normal 0.257645 0.965918 0.0249482
    outer loop
      vertex 28.243 7.93969 3.23602
      vertex 28.1713 7.98481 2.22957
      vertex 28.0757 7.98481 3.21685
    endloop
  endfacet
  facet normal 0.257602 0.965929 0.0249517
    outer loop
      vertex 28.243 7.93969 3.23602
      vertex 28.3392 7.93969 2.24285
      vertex 28.1713 7.98481 2.22957
    endloop
  endfacet
  facet normal 0.258319 0.965929 0.01589
    outer loop
      vertex 28.3392 7.93969 2.24285
      vertex 28.2322 7.98481 1.23954
      vertex 28.1713 7.98481 2.22957
    endloop
  endfacet
  facet normal 0.258408 0.965905 0.0158794
    outer loop
      vertex 28.3392 7.93969 2.24285
      vertex 28.4004 7.93969 1.24693
      vertex 28.2322 7.98481 1.23954
    endloop
  endfacet
  facet normal 0.258807 0.965905 0.00681238
    outer loop
      vertex 28.4004 7.93969 1.24693
      vertex 28.2583 7.98481 0.247984
      vertex 28.2322 7.98481 1.23954
    endloop
  endfacet
  facet normal 0.258743 0.965922 0.00682221
    outer loop
      vertex 28.4004 7.93969 1.24693
      vertex 28.4267 7.93969 0.249462
      vertex 28.2583 7.98481 0.247984
    endloop
  endfacet
  facet normal 0.258823 0.965922 -0.00227024
    outer loop
      vertex 28.2583 7.98481 0.247984
      vertex 28.4267 7.93969 0.249462
      vertex 28.2496 7.98481 -0.743877
    endloop
  endfacet
  facet normal 0.258749 0.965942 -0.00225614
    outer loop
      vertex 28.4267 7.93969 0.249462
      vertex 28.418 7.93969 -0.748309
      vertex 28.2496 7.98481 -0.743877
    endloop
  endfacet
  facet normal 0.25851 0.965942 -0.0113479
    outer loop
      vertex 28.2496 7.98481 -0.743877
      vertex 28.418 7.93969 -0.748309
      vertex 28.2061 7.98481 -1.73482
    endloop
  endfacet
  facet normal 0.258567 0.965926 -0.011361
    outer loop
      vertex 28.418 7.93969 -0.748309
      vertex 28.3742 7.93969 -1.74516
      vertex 28.2061 7.98481 -1.73482
    endloop
  endfacet
  facet normal 0.258011 0.965927 -0.0204048
    outer loop
      vertex 28.2061 7.98481 -1.73482
      vertex 28.3742 7.93969 -1.74516
      vertex 28.1279 7.98481 -2.72363
    endloop
  endfacet
  facet normal 0.258059 0.965913 -0.0204174
    outer loop
      vertex 28.3742 7.93969 -1.74516
      vertex 28.2955 7.93969 -2.73986
      vertex 28.1279 7.98481 -2.72363
    endloop
  endfacet
  facet normal 0.257183 0.965914 -0.0294646
    outer loop
      vertex 28.1279 7.98481 -2.72363
      vertex 28.2955 7.93969 -2.73986
      vertex 28.015 7.98481 -3.70908
    endloop
  endfacet
  facet normal 0.257221 0.965903 -0.0294761
    outer loop
      vertex 28.2955 7.93969 -2.73986
      vertex 28.1819 7.93969 -3.73118
      vertex 28.015 7.98481 -3.70908
    endloop
  endfacet
  facet normal 0.256026 0.965903 -0.0384995
    outer loop
      vertex 28.015 7.98481 -3.70908
      vertex 28.1819 7.93969 -3.73118
      vertex 27.8675 7.98481 -4.68997
    endloop
  endfacet
  facet normal 0.255919 0.965933 -0.0384633
    outer loop
      vertex 28.1819 7.93969 -3.73118
      vertex 28.0336 7.93969 -4.71791
      vertex 27.8675 7.98481 -4.68997
    endloop
  endfacet
  facet normal 0.254415 0.965933 -0.0474076
    outer loop
      vertex 27.8675 7.98481 -4.68997
      vertex 28.0336 7.93969 -4.71791
      vertex 27.6858 7.98481 -5.66507
    endloop
  endfacet
  facet normal 0.254569 0.965889 -0.0474663
    outer loop
      vertex 28.0336 7.93969 -4.71791
      vertex 27.8507 7.93969 -5.69883
      vertex 27.6858 7.98481 -5.66507
    endloop
  endfacet
  facet normal 0.252747 0.965889 -0.0563645
    outer loop
      vertex 27.6858 7.98481 -5.66507
      vertex 27.8507 7.93969 -5.69883
      vertex 27.4699 7.98481 -6.6332
    endloop
  endfacet
  facet normal 0.252637 0.965921 -0.0563179
    outer loop
      vertex 27.8507 7.93969 -5.69883
      vertex 27.6336 7.93969 -6.67272
      vertex 27.4699 7.98481 -6.6332
    endloop
  endfacet
  facet normal 0.250502 0.965921 -0.0651601
    outer loop
      vertex 27.4699 7.98481 -6.6332
      vertex 27.6336 7.93969 -6.67272
      vertex 27.2202 7.98481 -7.59315
    endloop
  endfacet
  facet normal 0.250518 0.965916 -0.0651672
    outer loop
      vertex 27.6336 7.93969 -6.67272
      vertex 27.3824 7.93969 -7.63839
      vertex 27.2202 7.98481 -7.59315
    endloop
  endfacet
  facet normal 0.24808 0.965916 -0.0739073
    outer loop
      vertex 27.2202 7.98481 -7.59315
      vertex 27.3824 7.93969 -7.63839
      vertex 26.937 7.98481 -8.54375
    endloop
  endfacet
  facet normal 0.248093 0.965912 -0.0739141
    outer loop
      vertex 27.3824 7.93969 -7.63839
      vertex 27.0975 7.93969 -8.59466
      vertex 26.937 7.98481 -8.54375
    endloop
  endfacet
  facet normal 0.245338 0.965912 -0.0825998
    outer loop
      vertex 26.937 7.98481 -8.54375
      vertex 27.0975 7.93969 -8.59466
      vertex 26.6205 7.98481 -9.48382
    endloop
  endfacet
  facet normal 0.245356 0.965907 -0.0826095
    outer loop
      vertex 27.0975 7.93969 -8.59466
      vertex 26.7791 7.93969 -9.54033
      vertex 26.6205 7.98481 -9.48382
    endloop
  endfacet
  facet normal 0.242315 0.965907 -0.0911442
    outer loop
      vertex 26.6205 7.98481 -9.48382
      vertex 26.7791 7.93969 -9.54033
      vertex 26.2713 7.98481 -10.4122
    endloop
  endfacet
  facet normal 0.242312 0.965908 -0.0911423
    outer loop
      vertex 26.7791 7.93969 -9.54033
      vertex 26.4278 7.93969 -10.4743
      vertex 26.2713 7.98481 -10.4122
    endloop
  endfacet
  facet normal 0.238959 0.965909 -0.0995924
    outer loop
      vertex 26.2713 7.98481 -10.4122
      vertex 26.4278 7.93969 -10.4743
      vertex 25.8897 7.98481 -11.3278
    endloop
  endfacet
  facet normal 0.238902 0.965927 -0.0995556
    outer loop
      vertex 26.4278 7.93969 -10.4743
      vertex 26.044 7.93969 -11.3953
      vertex 25.8897 7.98481 -11.3278
    endloop
  endfacet
  facet normal 0.235254 0.965927 -0.107894
    outer loop
      vertex 25.8897 7.98481 -11.3278
      vertex 26.044 7.93969 -11.3953
      vertex 25.4762 7.98481 -12.2294
    endloop
  endfacet
  facet normal 0.235329 0.965902 -0.107947
    outer loop
      vertex 26.044 7.93969 -11.3953
      vertex 25.628 7.93969 -12.3022
      vertex 25.4762 7.98481 -12.2294
    endloop
  endfacet
  facet normal 0.231403 0.965902 -0.116132
    outer loop
      vertex 25.4762 7.98481 -12.2294
      vertex 25.628 7.93969 -12.3022
      vertex 25.0313 7.98481 -13.1159
    endloop
  endfacet
  facet normal 0.231289 0.965939 -0.116047
    outer loop
      vertex 25.628 7.93969 -12.3022
      vertex 25.1805 7.93969 -13.1941
      vertex 25.0313 7.98481 -13.1159
    endloop
  endfacet
  facet normal 0.227068 0.96594 -0.1241
    outer loop
      vertex 25.0313 7.98481 -13.1159
      vertex 25.1805 7.93969 -13.1941
      vertex 24.5556 7.98481 -13.9863
    endloop
  endfacet
  facet normal 0.22718 0.965902 -0.12419
    outer loop
      vertex 25.1805 7.93969 -13.1941
      vertex 24.7019 7.93969 -14.0696
      vertex 24.5556 7.98481 -13.9863
    endloop
  endfacet
  facet normal 0.222698 0.965901 -0.132063
    outer loop
      vertex 24.5556 7.98481 -13.9863
      vertex 24.7019 7.93969 -14.0696
      vertex 24.0497 7.98481 -14.8394
    endloop
  endfacet
  facet normal 0.222618 0.965929 -0.131994
    outer loop
      vertex 24.7019 7.93969 -14.0696
      vertex 24.193 7.93969 -14.9279
      vertex 24.0497 7.98481 -14.8394
    endloop
  endfacet
  facet normal 0.217833 0.96593 -0.139743
    outer loop
      vertex 24.0497 7.98481 -14.8394
      vertex 24.193 7.93969 -14.9279
      vertex 23.5141 7.98481 -15.6743
    endloop
  endfacet
  facet normal 0.217884 0.965912 -0.13979
    outer loop
      vertex 24.193 7.93969 -14.9279
      vertex 23.6542 7.93969 -15.7677
      vertex 23.5141 7.98481 -15.6743
    endloop
  endfacet
  facet normal 0.212848 0.965912 -0.147344
    outer loop
      vertex 23.5141 7.98481 -15.6743
      vertex 23.6542 7.93969 -15.7677
      vertex 22.9495 7.98481 -16.4899
    endloop
  endfacet
  facet normal 0.212913 0.965887 -0.147409
    outer loop
      vertex 23.6542 7.93969 -15.7677
      vertex 23.0862 7.93969 -16.5881
      vertex 22.9495 7.98481 -16.4899
    endloop
  endfacet
  facet normal 0.207621 0.965887 -0.154776
    outer loop
      vertex 22.9495 7.98481 -16.4899
      vertex 23.0862 7.93969 -16.5881
      vertex 22.3567 7.98481 -17.2851
    endloop
  endfacet
  facet normal 0.207559 0.965911 -0.154709
    outer loop
      vertex 23.0862 7.93969 -16.5881
      vertex 22.4899 7.93969 -17.3881
      vertex 22.3567 7.98481 -17.2851
    endloop
  endfacet
  facet normal 0.201993 0.965911 -0.161907
    outer loop
      vertex 22.3567 7.98481 -17.2851
      vertex 22.4899 7.93969 -17.3881
      vertex 21.7363 7.98481 -18.0591
    endloop
  endfacet
  facet normal 0.202002 0.965908 -0.161918
    outer loop
      vertex 22.4899 7.93969 -17.3881
      vertex 21.8658 7.93969 -18.1667
      vertex 21.7363 7.98481 -18.0591
    endloop
  endfacet
  facet normal 0.196189 0.965908 -0.168915
    outer loop
      vertex 21.7363 7.98481 -18.0591
      vertex 21.8658 7.93969 -18.1667
      vertex 21.0891 7.98481 -18.8108
    endloop
  endfacet
  facet normal 0.196197 0.965904 -0.168925
    outer loop
      vertex 21.8658 7.93969 -18.1667
      vertex 21.2148 7.93969 -18.9228
      vertex 21.0891 7.98481 -18.8108
    endloop
  endfacet
  facet normal 0.190161 0.965903 -0.1757
    outer loop
      vertex 21.0891 7.98481 -18.8108
      vertex 21.2148 7.93969 -18.9228
      vertex 20.416 7.98481 -19.5393
    endloop
  endfacet
  facet normal 0.190183 0.965893 -0.175729
    outer loop
      vertex 21.2148 7.93969 -18.9228
      vertex 20.5376 7.93969 -19.6557
      vertex 20.416 7.98481 -19.5393
    endloop
  endfacet
  facet normal 0.183893 0.965893 -0.1823
    outer loop
      vertex 20.416 7.98481 -19.5393
      vertex 20.5376 7.93969 -19.6557
      vertex 19.7177 7.98481 -20.2437
    endloop
  endfacet
  facet normal 0.183855 0.965911 -0.182246
    outer loop
      vertex 20.5376 7.93969 -19.6557
      vertex 19.8352 7.93969 -20.3643
      vertex 19.7177 7.98481 -20.2437
    endloop
  endfacet
  facet normal 0.177343 0.96591 -0.188591
    outer loop
      vertex 19.7177 7.98481 -20.2437
      vertex 19.8352 7.93969 -20.3643
      vertex 18.9951 7.98481 -20.9232
    endloop
  endfacet
  facet normal 0.17731 0.965926 -0.188541
    outer loop
      vertex 19.8352 7.93969 -20.3643
      vertex 19.1083 7.93969 -21.0479
      vertex 18.9951 7.98481 -20.9232
    endloop
  endfacet
  facet normal 0.170587 0.965926 -0.194644
    outer loop
      vertex 18.9951 7.98481 -20.9232
      vertex 19.1083 7.93969 -21.0479
      vertex 18.2491 7.98481 -21.577
    endloop
  endfacet
  facet normal 0.170668 0.965885 -0.194779
    outer loop
      vertex 19.1083 7.93969 -21.0479
      vertex 18.3578 7.93969 -21.7055
      vertex 18.2491 7.98481 -21.577
    endloop
  endfacet
  facet normal 0.16373 0.965885 -0.200648
    outer loop
      vertex 18.2491 7.98481 -21.577
      vertex 18.3578 7.93969 -21.7055
      vertex 17.4806 7.98481 -22.2041
    endloop
  endfacet
  facet normal 0.16366 0.965923 -0.200522
    outer loop
      vertex 18.3578 7.93969 -21.7055
      vertex 17.5848 7.93969 -22.3364
      vertex 17.4806 7.98481 -22.2041
    endloop
  endfacet
  facet normal 0.156516 0.965922 -0.206148
    outer loop
      vertex 17.4806 7.98481 -22.2041
      vertex 17.5848 7.93969 -22.3364
      vertex 16.6906 7.98481 -22.8039
    endloop
  endfacet
  facet normal 0.1565 0.965932 -0.206116
    outer loop
      vertex 17.5848 7.93969 -22.3364
      vertex 16.7901 7.93969 -22.9398
      vertex 16.6906 7.98481 -22.8039
    endloop
  endfacet
  facet normal 0.149172 0.965931 -0.211481
    outer loop
      vertex 16.6906 7.98481 -22.8039
      vertex 16.7901 7.93969 -22.9398
      vertex 15.8801 7.98481 -23.3756
    endloop
  endfacet
  facet normal 0.1492 0.965914 -0.211542
    outer loop
      vertex 16.7901 7.93969 -22.9398
      vertex 15.9747 7.93969 -23.5149
      vertex 15.8801 7.98481 -23.3756
    endloop
  endfacet
  facet normal 0.141676 0.965914 -0.216651
    outer loop
      vertex 15.8801 7.98481 -23.3756
      vertex 15.9747 7.93969 -23.5149
      vertex 15.0499 7.98481 -23.9185
    endloop
  endfacet
  facet normal 0.141678 0.965913 -0.216656
    outer loop
      vertex 15.9747 7.93969 -23.5149
      vertex 15.1396 7.93969 -24.061
      vertex 15.0499 7.98481 -23.9185
    endloop
  endfacet
  facet normal 0.134007 0.965912 -0.221484
    outer loop
      vertex 15.0499 7.98481 -23.9185
      vertex 15.1396 7.93969 -24.061
      vertex 14.2012 7.98481 -24.432
    endloop
  endfacet
  facet normal 0.134019 0.965904 -0.221513
    outer loop
      vertex 15.1396 7.93969 -24.061
      vertex 14.2859 7.93969 -24.5775
      vertex 14.2012 7.98481 -24.432
    endloop
  endfacet
  facet normal 0.126161 0.965903 -0.226087
    outer loop
      vertex 14.2012 7.98481 -24.432
      vertex 14.2859 7.93969 -24.5775
      vertex 13.3351 7.98481 -24.9153
    endloop
  endfacet
  facet normal 0.126185 0.965883 -0.226156
    outer loop
      vertex 14.2859 7.93969 -24.5775
      vertex 13.4145 7.93969 -25.0637
      vertex 13.3351 7.98481 -24.9153
    endloop
  endfacet
  facet normal 0.118172 0.965884 -0.230443
    outer loop
      vertex 13.3351 7.98481 -24.9153
      vertex 13.4145 7.93969 -25.0637
      vertex 12.4525 7.98481 -25.3679
    endloop
  endfacet
  facet normal 0.118122 0.965929 -0.230278
    outer loop
      vertex 13.4145 7.93969 -25.0637
      vertex 12.5267 7.93969 -25.5191
      vertex 12.4525 7.98481 -25.3679
    endloop
  endfacet
  facet normal 0.109945 0.965929 -0.234291
    outer loop
      vertex 12.4525 7.98481 -25.3679
      vertex 12.5267 7.93969 -25.5191
      vertex 11.5545 7.98481 -25.7893
    endloop
  endfacet
  facet normal 0.10994 0.965934 -0.234275
    outer loop
      vertex 12.5267 7.93969 -25.5191
      vertex 11.6234 7.93969 -25.943
      vertex 11.5545 7.98481 -25.7893
    endloop
  endfacet
  facet normal 0.101656 0.965934 -0.237988
    outer loop
      vertex 11.5545 7.98481 -25.7893
      vertex 11.6234 7.93969 -25.943
      vertex 10.6424 7.98481 -26.1789
    endloop
  endfacet
  facet normal 0.101671 0.965916 -0.238053
    outer loop
      vertex 11.6234 7.93969 -25.943
      vertex 10.7058 7.93969 -26.3349
      vertex 10.6424 7.98481 -26.1789
    endloop
  endfacet
  facet normal 0.0932642 0.965916 -0.241469
    outer loop
      vertex 10.6424 7.98481 -26.1789
      vertex 10.7058 7.93969 -26.3349
      vertex 9.71706 7.98481 -26.5363
    endloop
  endfacet
  facet normal 0.0932704 0.965908 -0.241502
    outer loop
      vertex 10.7058 7.93969 -26.3349
      vertex 9.77496 7.93969 -26.6944
      vertex 9.71706 7.98481 -26.5363
    endloop
  endfacet
  facet normal 0.0847462 0.965908 -0.244623
    outer loop
      vertex 9.71706 7.98481 -26.5363
      vertex 9.77496 7.93969 -26.6944
      vertex 8.7798 7.98481 -26.861
    endloop
  endfacet
  facet normal 0.0847539 0.965894 -0.244673
    outer loop
      vertex 9.77496 7.93969 -26.6944
      vertex 8.83211 7.93969 -27.021
      vertex 8.7798 7.98481 -26.861
    endloop
  endfacet
  facet normal 0.0760988 0.965894 -0.247503
    outer loop
      vertex 8.7798 7.98481 -26.861
      vertex 8.83211 7.93969 -27.021
      vertex 7.83173 7.98481 -27.1525
    endloop
  endfacet
  facet normal 0.0760885 0.965917 -0.247416
    outer loop
      vertex 8.83211 7.93969 -27.021
      vertex 7.87839 7.93969 -27.3143
      vertex 7.83173 7.98481 -27.1525
    endloop
  endfacet
  facet normal 0.0673794 0.965917 -0.249927
    outer loop
      vertex 7.83173 7.98481 -27.1525
      vertex 7.87839 7.93969 -27.3143
      vertex 6.874 7.98481 -27.4107
    endloop
  endfacet
  facet normal 0.0673837 0.965904 -0.249979
    outer loop
      vertex 7.87839 7.93969 -27.3143
      vertex 6.91496 7.93969 -27.574
      vertex 6.874 7.98481 -27.4107
    endloop
  endfacet
  facet normal 0.0585469 0.965904 -0.252195
    outer loop
      vertex 6.874 7.98481 -27.4107
      vertex 6.91496 7.93969 -27.574
      vertex 5.90781 7.98481 -27.635
    endloop
  endfacet
  facet normal 0.0585427 0.965926 -0.25211
    outer loop
      vertex 6.91496 7.93969 -27.574
      vertex 5.943 7.93969 -27.7997
      vertex 5.90781 7.98481 -27.635
    endloop
  endfacet
  facet normal 0.0496547 0.965926 -0.254009
    outer loop
      vertex 5.90781 7.98481 -27.635
      vertex 5.943 7.93969 -27.7997
      vertex 4.93433 7.98481 -27.8253
    endloop
  endfacet
  facet normal 0.0496553 0.965914 -0.254054
    outer loop
      vertex 5.943 7.93969 -27.7997
      vertex 4.96373 7.93969 -27.9911
      vertex 4.93433 7.98481 -27.8253
    endloop
  endfacet
  facet normal 0.0407124 0.965914 -0.25564
    outer loop
      vertex 4.93433 7.98481 -27.8253
      vertex 4.96373 7.93969 -27.9911
      vertex 3.95478 7.98481 -27.9813
    endloop
  endfacet
  facet normal 0.0407146 0.965941 -0.25554
    outer loop
      vertex 4.96373 7.93969 -27.9911
      vertex 3.97834 7.93969 -28.1481
      vertex 3.95478 7.98481 -27.9813
    endloop
  endfacet
  facet normal 0.0317223 0.965941 -0.25681
    outer loop
      vertex 3.95478 7.98481 -27.9813
      vertex 3.97834 7.93969 -28.1481
      vertex 2.97036 7.98481 -28.1029
    endloop
  endfacet
  facet normal 0.0317121 0.965894 -0.25699
    outer loop
      vertex 3.97834 7.93969 -28.1481
      vertex 2.98805 7.93969 -28.2703
      vertex 2.97036 7.98481 -28.1029
    endloop
  endfacet
  facet normal 0.0226855 0.965894 -0.257944
    outer loop
      vertex 2.97036 7.98481 -28.1029
      vertex 2.98805 7.93969 -28.2703
      vertex 1.98227 7.98481 -28.1898
    endloop
  endfacet
  facet normal 0.0226965 0.965925 -0.257824
    outer loop
      vertex 2.98805 7.93969 -28.2703
      vertex 1.99408 7.93969 -28.3578
      vertex 1.98227 7.98481 -28.1898
    endloop
  endfacet
  facet normal 0.0136208 0.965925 -0.258462
    outer loop
      vertex 1.98227 7.98481 -28.1898
      vertex 1.99408 7.93969 -28.3578
      vertex 0.991747 7.98481 -28.242
    endloop
  endfacet
  facet normal 0.0136188 0.965921 -0.258478
    outer loop
      vertex 1.99408 7.93969 -28.3578
      vertex 0.997656 7.93969 -28.4103
      vertex 0.991747 7.98481 -28.242
    endloop
  endfacet
  facet normal -0.525429 0.81919 0.229897
    outer loop
      vertex -26.1134 7.76604 11.976
      vertex -25.9836 7.86602 11.9164
      vertex -26.5176 7.76604 11.0522
    endloop
  endfacet
  facet normal -0.51704 0.819194 0.248175
    outer loop
      vertex -25.5494 7.86602 12.821
      vertex -25.9836 7.86602 11.9164
      vertex -26.1134 7.76604 11.976
    endloop
  endfacet
  facet normal -0.381022 0.906297 0.182887
    outer loop
      vertex -25.5494 7.86602 12.821
      vertex -25.4082 7.93969 12.7501
      vertex -25.9836 7.86602 11.9164
    endloop
  endfacet
  facet normal -0.374358 0.906299 0.196159
    outer loop
      vertex -24.9451 7.93969 13.6339
      vertex -25.4082 7.93969 12.7501
      vertex -25.5494 7.86602 12.821
    endloop
  endfacet
  facet normal -0.229277 0.965919 0.120138
    outer loop
      vertex -24.9451 7.93969 13.6339
      vertex -24.7973 7.98481 13.5532
      vertex -25.4082 7.93969 12.7501
    endloop
  endfacet
  facet normal -0.517213 0.819045 0.248308
    outer loop
      vertex -25.677 7.76604 12.885
      vertex -25.5494 7.86602 12.821
      vertex -26.1134 7.76604 11.976
    endloop
  endfacet
  facet normal -0.508186 0.819042 0.266302
    outer loop
      vertex -25.0837 7.86602 13.7097
      vertex -25.5494 7.86602 12.821
      vertex -25.677 7.76604 12.885
    endloop
  endfacet
  facet normal -0.374408 0.906269 0.196199
    outer loop
      vertex -25.0837 7.86602 13.7097
      vertex -24.9451 7.93969 13.6339
      vertex -25.5494 7.86602 12.821
    endloop
  endfacet
  facet normal -0.508077 0.819139 0.266211
    outer loop
      vertex -25.209 7.76604 13.7782
      vertex -25.0837 7.86602 13.7097
      vertex -25.677 7.76604 12.885
    endloop
  endfacet
  facet normal -0.488079 0.819188 0.301179
    outer loop
      vertex -24.1804 7.76604 15.5126
      vertex -24.5861 7.86602 14.5832
      vertex -24.7096 7.76604 14.655
    endloop
  endfacet
  facet normal -0.857731 0 0.514099
    outer loop
      vertex 6.65176 0 -4.44456
      vertex 7.05537 5 -3.77117
      vertex 6.65176 5 -4.44456
    endloop
  endfacet
  facet normal -0.857731 0 0.514099
    outer loop
      vertex 7.05537 5 -3.77117
      vertex 6.65176 0 -4.44456
      vertex 7.05537 0 -3.77117
    endloop
  endfacet
  facet normal -0.989176 0 -0.146736
    outer loop
      vertex 7.96148 0 0.784137
      vertex 7.84628 5 1.56072
      vertex 7.96148 5 0.784137
    endloop
  endfacet
  facet normal -0.989176 -0 -0.146736
    outer loop
      vertex 7.84628 5 1.56072
      vertex 7.96148 0 0.784137
      vertex 7.84628 0 1.56072
    endloop
  endfacet
  facet normal -0.514099 0 0.857731
    outer loop
      vertex 3.77117 5 -7.05537
      vertex 4.44456 0 -6.65176
      vertex 4.44456 5 -6.65176
    endloop
  endfacet
  facet normal -0.514099 0 0.857731
    outer loop
      vertex 4.44456 0 -6.65176
      vertex 3.77117 5 -7.05537
      vertex 3.77117 0 -7.05537
    endloop
  endfacet
  facet normal 0.970032 0 -0.242979
    outer loop
      vertex -7.65552 0 2.32228
      vertex -7.84628 5 1.56072
      vertex -7.65552 5 2.32228
    endloop
  endfacet
  facet normal 0.970032 0 -0.242979
    outer loop
      vertex -7.84628 5 1.56072
      vertex -7.65552 0 2.32228
      vertex -7.84628 0 1.56072
    endloop
  endfacet
  facet normal 0.998796 -0 0.0490649
    outer loop
      vertex -8 0 0
      vertex -7.96148 5 -0.784137
      vertex -8 5 0
    endloop
  endfacet
  facet normal 0.998796 0 0.0490649
    outer loop
      vertex -7.96148 5 -0.784137
      vertex -8 0 0
      vertex -7.96148 0 -0.784137
    endloop
  endfacet
  facet normal 0.0490649 0 0.998796
    outer loop
      vertex -0.784137 5 -7.96148
      vertex 0 0 -8
      vertex 0 5 -8
    endloop
  endfacet
  facet normal 0.0490649 0 0.998796
    outer loop
      vertex 0 0 -8
      vertex -0.784137 5 -7.96148
      vertex -0.784137 0 -7.96148
    endloop
  endfacet
  facet normal 0.146736 0 -0.989176
    outer loop
      vertex -1.56072 0 7.84628
      vertex -0.784137 5 7.96148
      vertex -0.784137 0 7.96148
    endloop
  endfacet
  facet normal 0.146736 0 -0.989176
    outer loop
      vertex -0.784137 5 7.96148
      vertex -1.56072 0 7.84628
      vertex -1.56072 5 7.84628
    endloop
  endfacet
  facet normal 0.970032 -0 0.242979
    outer loop
      vertex -7.84628 0 -1.56072
      vertex -7.65552 5 -2.32228
      vertex -7.84628 5 -1.56072
    endloop
  endfacet
  facet normal 0.970032 0 0.242979
    outer loop
      vertex -7.65552 5 -2.32228
      vertex -7.84628 0 -1.56072
      vertex -7.65552 0 -2.32228
    endloop
  endfacet
  facet normal -0.671564 0 0.740946
    outer loop
      vertex 5.07515 5 -6.18408
      vertex 5.65685 0 -5.65685
      vertex 5.65685 5 -5.65685
    endloop
  endfacet
  facet normal -0.671564 0 0.740946
    outer loop
      vertex 5.65685 0 -5.65685
      vertex 5.07515 5 -6.18408
      vertex 5.07515 0 -6.18408
    endloop
  endfacet
  facet normal 0.941547 -0 0.336883
    outer loop
      vertex -7.65552 0 -2.32228
      vertex -7.39104 5 -3.06147
      vertex -7.65552 5 -2.32228
    endloop
  endfacet
  facet normal 0.941547 0 0.336883
    outer loop
      vertex -7.39104 5 -3.06147
      vertex -7.65552 0 -2.32228
      vertex -7.39104 0 -3.06147
    endloop
  endfacet
  facet normal -0.595701 0 0.803206
    outer loop
      vertex 4.44456 5 -6.65176
      vertex 5.07515 0 -6.18408
      vertex 5.07515 5 -6.18408
    endloop
  endfacet
  facet normal -0.595701 0 0.803206
    outer loop
      vertex 5.07515 0 -6.18408
      vertex 4.44456 5 -6.65176
      vertex 4.44456 0 -6.65176
    endloop
  endfacet
  facet normal -0.514099 0 -0.857731
    outer loop
      vertex 3.77117 0 7.05537
      vertex 4.44456 5 6.65176
      vertex 4.44456 0 6.65176
    endloop
  endfacet
  facet normal -0.514099 0 -0.857731
    outer loop
      vertex 4.44456 5 6.65176
      vertex 3.77117 0 7.05537
      vertex 3.77117 5 7.05537
    endloop
  endfacet
  facet normal -0.427562 0 -0.903986
    outer loop
      vertex 3.06147 0 7.39104
      vertex 3.77117 5 7.05537
      vertex 3.77117 0 7.05537
    endloop
  endfacet
  facet normal -0.427562 0 -0.903986
    outer loop
      vertex 3.77117 5 7.05537
      vertex 3.06147 0 7.39104
      vertex 3.06147 5 7.39104
    endloop
  endfacet
  facet normal -0.998796 0 -0.0490649
    outer loop
      vertex 8 0 0
      vertex 7.96148 5 0.784137
      vertex 8 5 0
    endloop
  endfacet
  facet normal -0.998796 -0 -0.0490649
    outer loop
      vertex 7.96148 5 0.784137
      vertex 8 0 0
      vertex 7.96148 0 0.784137
    endloop
  endfacet
  facet normal -0.970032 0 -0.242979
    outer loop
      vertex 7.84628 0 1.56072
      vertex 7.65552 5 2.32228
      vertex 7.84628 5 1.56072
    endloop
  endfacet
  facet normal -0.970032 -0 -0.242979
    outer loop
      vertex 7.65552 5 2.32228
      vertex 7.84628 0 1.56072
      vertex 7.65552 0 2.32228
    endloop
  endfacet
  facet normal -0.970032 0 0.242979
    outer loop
      vertex 7.65552 0 -2.32228
      vertex 7.84628 5 -1.56072
      vertex 7.65552 5 -2.32228
    endloop
  endfacet
  facet normal -0.970032 0 0.242979
    outer loop
      vertex 7.84628 5 -1.56072
      vertex 7.65552 0 -2.32228
      vertex 7.84628 0 -1.56072
    endloop
  endfacet
  facet normal -0.989176 0 0.146736
    outer loop
      vertex 7.84628 0 -1.56072
      vertex 7.96148 5 -0.784137
      vertex 7.84628 5 -1.56072
    endloop
  endfacet
  facet normal -0.989176 0 0.146736
    outer loop
      vertex 7.96148 5 -0.784137
      vertex 7.84628 0 -1.56072
      vertex 7.96148 0 -0.784137
    endloop
  endfacet
  facet normal 0.595701 0 -0.803206
    outer loop
      vertex -5.07515 0 6.18408
      vertex -4.44456 5 6.65176
      vertex -4.44456 0 6.65176
    endloop
  endfacet
  facet normal 0.595701 0 -0.803206
    outer loop
      vertex -4.44456 5 6.65176
      vertex -5.07515 0 6.18408
      vertex -5.07515 5 6.18408
    endloop
  endfacet
  facet normal -0.0490649 0 -0.998796
    outer loop
      vertex 0 0 8
      vertex 0.784137 5 7.96148
      vertex 0.784137 0 7.96148
    endloop
  endfacet
  facet normal -0.0490649 0 -0.998796
    outer loop
      vertex 0.784137 5 7.96148
      vertex 0 0 8
      vertex 0 5 8
    endloop
  endfacet
  facet normal -0.595701 0 -0.803206
    outer loop
      vertex 4.44456 0 6.65176
      vertex 5.07515 5 6.18408
      vertex 5.07515 0 6.18408
    endloop
  endfacet
  facet normal -0.595701 0 -0.803206
    outer loop
      vertex 5.07515 5 6.18408
      vertex 4.44456 0 6.65176
      vertex 4.44456 5 6.65176
    endloop
  endfacet
  facet normal 0.0490649 0 -0.998796
    outer loop
      vertex -0.784137 0 7.96148
      vertex 0 5 8
      vertex 0 0 8
    endloop
  endfacet
  facet normal 0.0490649 0 -0.998796
    outer loop
      vertex 0 5 8
      vertex -0.784137 0 7.96148
      vertex -0.784137 5 7.96148
    endloop
  endfacet
  facet normal 0.740946 -0 0.671564
    outer loop
      vertex -6.18408 0 -5.07515
      vertex -5.65685 5 -5.65685
      vertex -6.18408 5 -5.07515
    endloop
  endfacet
  facet normal 0.740946 0 0.671564
    outer loop
      vertex -5.65685 5 -5.65685
      vertex -6.18408 0 -5.07515
      vertex -5.65685 0 -5.65685
    endloop
  endfacet
  facet normal 0.671564 0 -0.740946
    outer loop
      vertex -5.65685 0 5.65685
      vertex -5.07515 5 6.18408
      vertex -5.07515 0 6.18408
    endloop
  endfacet
  facet normal 0.671564 0 -0.740946
    outer loop
      vertex -5.07515 5 6.18408
      vertex -5.65685 0 5.65685
      vertex -5.65685 5 5.65685
    endloop
  endfacet
  facet normal 0.903986 -0 0.427562
    outer loop
      vertex -7.39104 0 -3.06147
      vertex -7.05537 5 -3.77117
      vertex -7.39104 5 -3.06147
    endloop
  endfacet
  facet normal 0.903986 0 0.427562
    outer loop
      vertex -7.05537 5 -3.77117
      vertex -7.39104 0 -3.06147
      vertex -7.05537 0 -3.77117
    endloop
  endfacet
  facet normal 0.740946 0 -0.671564
    outer loop
      vertex -5.65685 0 5.65685
      vertex -6.18408 5 5.07515
      vertex -5.65685 5 5.65685
    endloop
  endfacet
  facet normal 0.740946 0 -0.671564
    outer loop
      vertex -6.18408 5 5.07515
      vertex -5.65685 0 5.65685
      vertex -6.18408 0 5.07515
    endloop
  endfacet
  facet normal -0.941547 0 -0.336883
    outer loop
      vertex 7.65552 0 2.32228
      vertex 7.39104 5 3.06147
      vertex 7.65552 5 2.32228
    endloop
  endfacet
  facet normal -0.941547 -0 -0.336883
    outer loop
      vertex 7.39104 5 3.06147
      vertex 7.65552 0 2.32228
      vertex 7.39104 0 3.06147
    endloop
  endfacet
  facet normal 0.803206 -0 0.595701
    outer loop
      vertex -6.65176 0 -4.44456
      vertex -6.18408 5 -5.07515
      vertex -6.65176 5 -4.44456
    endloop
  endfacet
  facet normal 0.803206 0 0.595701
    outer loop
      vertex -6.18408 5 -5.07515
      vertex -6.65176 0 -4.44456
      vertex -6.18408 0 -5.07515
    endloop
  endfacet
  facet normal 0.146736 0 0.989176
    outer loop
      vertex -1.56072 5 -7.84628
      vertex -0.784137 0 -7.96148
      vertex -0.784137 5 -7.96148
    endloop
  endfacet
  facet normal 0.146736 0 0.989176
    outer loop
      vertex -0.784137 0 -7.96148
      vertex -1.56072 5 -7.84628
      vertex -1.56072 0 -7.84628
    endloop
  endfacet
  facet normal 0.242979 0 -0.970032
    outer loop
      vertex -2.32228 0 7.65552
      vertex -1.56072 5 7.84628
      vertex -1.56072 0 7.84628
    endloop
  endfacet
  facet normal 0.242979 0 -0.970032
    outer loop
      vertex -1.56072 5 7.84628
      vertex -2.32228 0 7.65552
      vertex -2.32228 5 7.65552
    endloop
  endfacet
  facet normal -0.803206 0 0.595701
    outer loop
      vertex 6.18408 0 -5.07515
      vertex 6.65176 5 -4.44456
      vertex 6.18408 5 -5.07515
    endloop
  endfacet
  facet normal -0.803206 0 0.595701
    outer loop
      vertex 6.65176 5 -4.44456
      vertex 6.18408 0 -5.07515
      vertex 6.65176 0 -4.44456
    endloop
  endfacet
  facet normal 0.857731 0 -0.514099
    outer loop
      vertex -6.65176 0 4.44456
      vertex -7.05537 5 3.77117
      vertex -6.65176 5 4.44456
    endloop
  endfacet
  facet normal 0.857731 0 -0.514099
    outer loop
      vertex -7.05537 5 3.77117
      vertex -6.65176 0 4.44456
      vertex -7.05537 0 3.77117
    endloop
  endfacet
  facet normal 0.671564 0 0.740946
    outer loop
      vertex -5.65685 5 -5.65685
      vertex -5.07515 0 -6.18408
      vertex -5.07515 5 -6.18408
    endloop
  endfacet
  facet normal 0.671564 0 0.740946
    outer loop
      vertex -5.07515 0 -6.18408
      vertex -5.65685 5 -5.65685
      vertex -5.65685 0 -5.65685
    endloop
  endfacet
  facet normal -0.0490649 0 0.998796
    outer loop
      vertex 0 5 -8
      vertex 0.784137 0 -7.96148
      vertex 0.784137 5 -7.96148
    endloop
  endfacet
  facet normal -0.0490649 0 0.998796
    outer loop
      vertex 0.784137 0 -7.96148
      vertex 0 5 -8
      vertex 0 0 -8
    endloop
  endfacet
  facet normal 0.903986 0 -0.427562
    outer loop
      vertex -7.05537 0 3.77117
      vertex -7.39104 5 3.06147
      vertex -7.05537 5 3.77117
    endloop
  endfacet
  facet normal 0.903986 0 -0.427562
    outer loop
      vertex -7.39104 5 3.06147
      vertex -7.05537 0 3.77117
      vertex -7.39104 0 3.06147
    endloop
  endfacet
  facet normal 0.514099 0 0.857731
    outer loop
      vertex -4.44456 5 -6.65176
      vertex -3.77117 0 -7.05537
      vertex -3.77117 5 -7.05537
    endloop
  endfacet
  facet normal 0.514099 0 0.857731
    outer loop
      vertex -3.77117 0 -7.05537
      vertex -4.44456 5 -6.65176
      vertex -4.44456 0 -6.65176
    endloop
  endfacet
  facet normal -0.671564 0 -0.740946
    outer loop
      vertex 5.07515 0 6.18408
      vertex 5.65685 5 5.65685
      vertex 5.65685 0 5.65685
    endloop
  endfacet
  facet normal -0.671564 0 -0.740946
    outer loop
      vertex 5.65685 5 5.65685
      vertex 5.07515 0 6.18408
      vertex 5.07515 5 6.18408
    endloop
  endfacet
  facet normal -0.903986 0 -0.427562
    outer loop
      vertex 7.39104 0 3.06147
      vertex 7.05537 5 3.77117
      vertex 7.39104 5 3.06147
    endloop
  endfacet
  facet normal -0.903986 -0 -0.427562
    outer loop
      vertex 7.05537 5 3.77117
      vertex 7.39104 0 3.06147
      vertex 7.05537 0 3.77117
    endloop
  endfacet
  facet normal -0.857731 0 -0.514099
    outer loop
      vertex 7.05537 0 3.77117
      vertex 6.65176 5 4.44456
      vertex 7.05537 5 3.77117
    endloop
  endfacet
  facet normal -0.857731 -0 -0.514099
    outer loop
      vertex 6.65176 5 4.44456
      vertex 7.05537 0 3.77117
      vertex 6.65176 0 4.44456
    endloop
  endfacet
  facet normal -0.941547 0 0.336883
    outer loop
      vertex 7.39104 0 -3.06147
      vertex 7.65552 5 -2.32228
      vertex 7.39104 5 -3.06147
    endloop
  endfacet
  facet normal -0.941547 0 0.336883
    outer loop
      vertex 7.65552 5 -2.32228
      vertex 7.39104 0 -3.06147
      vertex 7.65552 0 -2.32228
    endloop
  endfacet
  facet normal -0.998796 0 0.0490649
    outer loop
      vertex 7.96148 0 -0.784137
      vertex 8 5 0
      vertex 7.96148 5 -0.784137
    endloop
  endfacet
  facet normal -0.998796 0 0.0490649
    outer loop
      vertex 8 5 0
      vertex 7.96148 0 -0.784137
      vertex 8 0 0
    endloop
  endfacet
  facet normal -0.146736 0 0.989176
    outer loop
      vertex 0.784137 5 -7.96148
      vertex 1.56072 0 -7.84628
      vertex 1.56072 5 -7.84628
    endloop
  endfacet
  facet normal -0.146736 0 0.989176
    outer loop
      vertex 1.56072 0 -7.84628
      vertex 0.784137 5 -7.96148
      vertex 0.784137 0 -7.96148
    endloop
  endfacet
  facet normal -0.903986 0 0.427562
    outer loop
      vertex 7.05537 0 -3.77117
      vertex 7.39104 5 -3.06147
      vertex 7.05537 5 -3.77117
    endloop
  endfacet
  facet normal -0.903986 0 0.427562
    outer loop
      vertex 7.39104 5 -3.06147
      vertex 7.05537 0 -3.77117
      vertex 7.39104 0 -3.06147
    endloop
  endfacet
  facet normal 0.989176 0 -0.146736
    outer loop
      vertex -7.84628 0 1.56072
      vertex -7.96148 5 0.784137
      vertex -7.84628 5 1.56072
    endloop
  endfacet
  facet normal 0.989176 0 -0.146736
    outer loop
      vertex -7.96148 5 0.784137
      vertex -7.84628 0 1.56072
      vertex -7.96148 0 0.784137
    endloop
  endfacet
  facet normal 0.336883 0 0.941547
    outer loop
      vertex -3.06147 5 -7.39104
      vertex -2.32228 0 -7.65552
      vertex -2.32228 5 -7.65552
    endloop
  endfacet
  facet normal 0.336883 0 0.941547
    outer loop
      vertex -2.32228 0 -7.65552
      vertex -3.06147 5 -7.39104
      vertex -3.06147 0 -7.39104
    endloop
  endfacet
  facet normal 0.941547 0 -0.336883
    outer loop
      vertex -7.39104 0 3.06147
      vertex -7.65552 5 2.32228
      vertex -7.39104 5 3.06147
    endloop
  endfacet
  facet normal 0.941547 0 -0.336883
    outer loop
      vertex -7.65552 5 2.32228
      vertex -7.39104 0 3.06147
      vertex -7.65552 0 2.32228
    endloop
  endfacet
  facet normal 0.998796 0 -0.0490649
    outer loop
      vertex -7.96148 0 0.784137
      vertex -8 5 0
      vertex -7.96148 5 0.784137
    endloop
  endfacet
  facet normal 0.998796 0 -0.0490649
    outer loop
      vertex -8 5 0
      vertex -7.96148 0 0.784137
      vertex -8 0 0
    endloop
  endfacet
  facet normal -0.242979 0 -0.970032
    outer loop
      vertex 1.56072 0 7.84628
      vertex 2.32228 5 7.65552
      vertex 2.32228 0 7.65552
    endloop
  endfacet
  facet normal -0.242979 0 -0.970032
    outer loop
      vertex 2.32228 5 7.65552
      vertex 1.56072 0 7.84628
      vertex 1.56072 5 7.84628
    endloop
  endfacet
  facet normal 0.803206 0 -0.595701
    outer loop
      vertex -6.18408 0 5.07515
      vertex -6.65176 5 4.44456
      vertex -6.18408 5 5.07515
    endloop
  endfacet
  facet normal 0.803206 0 -0.595701
    outer loop
      vertex -6.65176 5 4.44456
      vertex -6.18408 0 5.07515
      vertex -6.65176 0 4.44456
    endloop
  endfacet
  facet normal -0.146736 0 -0.989176
    outer loop
      vertex 0.784137 0 7.96148
      vertex 1.56072 5 7.84628
      vertex 1.56072 0 7.84628
    endloop
  endfacet
  facet normal -0.146736 0 -0.989176
    outer loop
      vertex 1.56072 5 7.84628
      vertex 0.784137 0 7.96148
      vertex 0.784137 5 7.96148
    endloop
  endfacet
  facet normal 0.336883 0 -0.941547
    outer loop
      vertex -3.06147 0 7.39104
      vertex -2.32228 5 7.65552
      vertex -2.32228 0 7.65552
    endloop
  endfacet
  facet normal 0.336883 0 -0.941547
    outer loop
      vertex -2.32228 5 7.65552
      vertex -3.06147 0 7.39104
      vertex -3.06147 5 7.39104
    endloop
  endfacet
  facet normal -0.803206 0 -0.595701
    outer loop
      vertex 6.65176 0 4.44456
      vertex 6.18408 5 5.07515
      vertex 6.65176 5 4.44456
    endloop
  endfacet
  facet normal -0.803206 -0 -0.595701
    outer loop
      vertex 6.18408 5 5.07515
      vertex 6.65176 0 4.44456
      vertex 6.18408 0 5.07515
    endloop
  endfacet
  facet normal -0.740946 0 -0.671564
    outer loop
      vertex 6.18408 0 5.07515
      vertex 5.65685 5 5.65685
      vertex 6.18408 5 5.07515
    endloop
  endfacet
  facet normal -0.740946 -0 -0.671564
    outer loop
      vertex 5.65685 5 5.65685
      vertex 6.18408 0 5.07515
      vertex 5.65685 0 5.65685
    endloop
  endfacet
  facet normal -0.242979 0 0.970032
    outer loop
      vertex 1.56072 5 -7.84628
      vertex 2.32228 0 -7.65552
      vertex 2.32228 5 -7.65552
    endloop
  endfacet
  facet normal -0.242979 0 0.970032
    outer loop
      vertex 2.32228 0 -7.65552
      vertex 1.56072 5 -7.84628
      vertex 1.56072 0 -7.84628
    endloop
  endfacet
  facet normal 0.989176 -0 0.146736
    outer loop
      vertex -7.96148 0 -0.784137
      vertex -7.84628 5 -1.56072
      vertex -7.96148 5 -0.784137
    endloop
  endfacet
  facet normal 0.989176 0 0.146736
    outer loop
      vertex -7.84628 5 -1.56072
      vertex -7.96148 0 -0.784137
      vertex -7.84628 0 -1.56072
    endloop
  endfacet
  facet normal -0.336883 0 -0.941547
    outer loop
      vertex 2.32228 0 7.65552
      vertex 3.06147 5 7.39104
      vertex 3.06147 0 7.39104
    endloop
  endfacet
  facet normal -0.336883 0 -0.941547
    outer loop
      vertex 3.06147 5 7.39104
      vertex 2.32228 0 7.65552
      vertex 2.32228 5 7.65552
    endloop
  endfacet
  facet normal -0.336883 0 0.941547
    outer loop
      vertex 2.32228 5 -7.65552
      vertex 3.06147 0 -7.39104
      vertex 3.06147 5 -7.39104
    endloop
  endfacet
  facet normal -0.336883 0 0.941547
    outer loop
      vertex 3.06147 0 -7.39104
      vertex 2.32228 5 -7.65552
      vertex 2.32228 0 -7.65552
    endloop
  endfacet
  facet normal -0.740946 0 0.671564
    outer loop
      vertex 5.65685 0 -5.65685
      vertex 6.18408 5 -5.07515
      vertex 5.65685 5 -5.65685
    endloop
  endfacet
  facet normal -0.740946 0 0.671564
    outer loop
      vertex 6.18408 5 -5.07515
      vertex 5.65685 0 -5.65685
      vertex 6.18408 0 -5.07515
    endloop
  endfacet
  facet normal -0.427562 0 0.903986
    outer loop
      vertex 3.06147 5 -7.39104
      vertex 3.77117 0 -7.05537
      vertex 3.77117 5 -7.05537
    endloop
  endfacet
  facet normal -0.427562 0 0.903986
    outer loop
      vertex 3.77117 0 -7.05537
      vertex 3.06147 5 -7.39104
      vertex 3.06147 0 -7.39104
    endloop
  endfacet
  facet normal 0 -1 0
    outer loop
      vertex -0.784137 5 7.96148
      vertex 0.784137 5 7.96148
      vertex 0 5 8
    endloop
  endfacet
  facet normal 0 -1 0
    outer loop
      vertex -1.56072 5 7.84628
      vertex 0.784137 5 7.96148
      vertex -0.784137 5 7.96148
    endloop
  endfacet
  facet normal 0 -1 0
    outer loop
      vertex -1.56072 5 7.84628
      vertex 1.56072 5 7.84628
      vertex 0.784137 5 7.96148
    endloop
  endfacet
  facet normal 0 -1 0
    outer loop
      vertex -2.32228 5 7.65552
      vertex 1.56072 5 7.84628
      vertex -1.56072 5 7.84628
    endloop
  endfacet
  facet normal 0 -1 0
    outer loop
      vertex -2.32228 5 7.65552
      vertex 2.32228 5 7.65552
      vertex 1.56072 5 7.84628
    endloop
  endfacet
  facet normal 0 -1 0
    outer loop
      vertex -3.06147 5 7.39104
      vertex 2.32228 5 7.65552
      vertex -2.32228 5 7.65552
    endloop
  endfacet
  facet normal 0 -1 0
    outer loop
      vertex -3.06147 5 7.39104
      vertex 3.06147 5 7.39104
      vertex 2.32228 5 7.65552
    endloop
  endfacet
  facet normal 0 -1 0
    outer loop
      vertex -3.77117 5 7.05537
      vertex 3.06147 5 7.39104
      vertex -3.06147 5 7.39104
    endloop
  endfacet
  facet normal 0 -1 0
    outer loop
      vertex -3.77117 5 7.05537
      vertex 3.77117 5 7.05537
      vertex 3.06147 5 7.39104
    endloop
  endfacet
  facet normal 0 -1 0
    outer loop
      vertex -4.44456 5 6.65176
      vertex 3.77117 5 7.05537
      vertex -3.77117 5 7.05537
    endloop
  endfacet
  facet normal 0 -1 0
    outer loop
      vertex -4.44456 5 6.65176
      vertex 4.44456 5 6.65176
      vertex 3.77117 5 7.05537
    endloop
  endfacet
  facet normal 0 -1 0
    outer loop
      vertex -5.07515 5 6.18408
      vertex 4.44456 5 6.65176
      vertex -4.44456 5 6.65176
    endloop
  endfacet
  facet normal 0 -1 0
    outer loop
      vertex -5.07515 5 6.18408
      vertex 5.07515 5 6.18408
      vertex 4.44456 5 6.65176
    endloop
  endfacet
  facet normal 0 -1 0
    outer loop
      vertex -5.65685 5 5.65685
      vertex 5.07515 5 6.18408
      vertex -5.07515 5 6.18408
    endloop
  endfacet
  facet normal 0 -1 0
    outer loop
      vertex -5.65685 5 5.65685
      vertex 5.65685 5 5.65685
      vertex 5.07515 5 6.18408
    endloop
  endfacet
  facet normal 0 -1 0
    outer loop
      vertex -6.18408 5 5.07515
      vertex 5.65685 5 5.65685
      vertex -5.65685 5 5.65685
    endloop
  endfacet
  facet normal 0 -1 0
    outer loop
      vertex -6.18408 5 5.07515
      vertex 6.18408 5 5.07515
      vertex 5.65685 5 5.65685
    endloop
  endfacet
  facet normal 0 -1 0
    outer loop
      vertex -6.65176 5 4.44456
      vertex 6.18408 5 5.07515
      vertex -6.18408 5 5.07515
    endloop
  endfacet
  facet normal 0 -1 0
    outer loop
      vertex -6.65176 5 4.44456
      vertex 6.65176 5 4.44456
      vertex 6.18408 5 5.07515
    endloop
  endfacet
  facet normal 0 -1 0
    outer loop
      vertex -7.05537 5 3.77117
      vertex 6.65176 5 4.44456
      vertex -6.65176 5 4.44456
    endloop
  endfacet
  facet normal 0 -1 0
    outer loop
      vertex -7.05537 5 3.77117
      vertex 7.05537 5 3.77117
      vertex 6.65176 5 4.44456
    endloop
  endfacet
  facet normal 0 -1 0
    outer loop
      vertex -7.39104 5 3.06147
      vertex 7.05537 5 3.77117
      vertex -7.05537 5 3.77117
    endloop
  endfacet
  facet normal 0 -1 0
    outer loop
      vertex -7.39104 5 3.06147
      vertex 7.39104 5 3.06147
      vertex 7.05537 5 3.77117
    endloop
  endfacet
  facet normal 0 -1 0
    outer loop
      vertex -7.65552 5 2.32228
      vertex 7.39104 5 3.06147
      vertex -7.39104 5 3.06147
    endloop
  endfacet
  facet normal 0 -1 0
    outer loop
      vertex -7.65552 5 2.32228
      vertex 7.65552 5 2.32228
      vertex 7.39104 5 3.06147
    endloop
  endfacet
  facet normal 0 -1 0
    outer loop
      vertex -7.84628 5 1.56072
      vertex 7.65552 5 2.32228
      vertex -7.65552 5 2.32228
    endloop
  endfacet
  facet normal 0 -1 0
    outer loop
      vertex -7.84628 5 1.56072
      vertex 7.84628 5 1.56072
      vertex 7.65552 5 2.32228
    endloop
  endfacet
  facet normal 0 -1 0
    outer loop
      vertex -7.96148 5 0.784137
      vertex 7.84628 5 1.56072
      vertex -7.84628 5 1.56072
    endloop
  endfacet
  facet normal 0 -1 0
    outer loop
      vertex -7.96148 5 0.784137
      vertex 7.96148 5 0.784137
      vertex 7.84628 5 1.56072
    endloop
  endfacet
  facet normal 0 -1 0
    outer loop
      vertex -8 5 0
      vertex 7.96148 5 0.784137
      vertex -7.96148 5 0.784137
    endloop
  endfacet
  facet normal 0 -1 0
    outer loop
      vertex -8 5 0
      vertex 8 5 0
      vertex 7.96148 5 0.784137
    endloop
  endfacet
  facet normal 0 -1 0
    outer loop
      vertex -7.96148 5 -0.784137
      vertex 8 5 0
      vertex -8 5 0
    endloop
  endfacet
  facet normal 0 -1 0
    outer loop
      vertex -7.96148 5 -0.784137
      vertex 7.96148 5 -0.784137
      vertex 8 5 0
    endloop
  endfacet
  facet normal 0 -1 0
    outer loop
      vertex -7.84628 5 -1.56072
      vertex 7.96148 5 -0.784137
      vertex -7.96148 5 -0.784137
    endloop
  endfacet
  facet normal 0 -1 0
    outer loop
      vertex -7.84628 5 -1.56072
      vertex 7.84628 5 -1.56072
      vertex 7.96148 5 -0.784137
    endloop
  endfacet
  facet normal 0 -1 0
    outer loop
      vertex -7.65552 5 -2.32228
      vertex 7.84628 5 -1.56072
      vertex -7.84628 5 -1.56072
    endloop
  endfacet
  facet normal 0 -1 0
    outer loop
      vertex -7.65552 5 -2.32228
      vertex 7.65552 5 -2.32228
      vertex 7.84628 5 -1.56072
    endloop
  endfacet
  facet normal 0 -1 0
    outer loop
      vertex -7.39104 5 -3.06147
      vertex 7.65552 5 -2.32228
      vertex -7.65552 5 -2.32228
    endloop
  endfacet
  facet normal 0 -1 0
    outer loop
      vertex -7.39104 5 -3.06147
      vertex 7.39104 5 -3.06147
      vertex 7.65552 5 -2.32228
    endloop
  endfacet
  facet normal 0 -1 0
    outer loop
      vertex -7.05537 5 -3.77117
      vertex 7.39104 5 -3.06147
      vertex -7.39104 5 -3.06147
    endloop
  endfacet
  facet normal 0 -1 0
    outer loop
      vertex -7.05537 5 -3.77117
      vertex 7.05537 5 -3.77117
      vertex 7.39104 5 -3.06147
    endloop
  endfacet
  facet normal 0 -1 0
    outer loop
      vertex -6.65176 5 -4.44456
      vertex 7.05537 5 -3.77117
      vertex -7.05537 5 -3.77117
    endloop
  endfacet
  facet normal 0 -1 0
    outer loop
      vertex -6.65176 5 -4.44456
      vertex 6.65176 5 -4.44456
      vertex 7.05537 5 -3.77117
    endloop
  endfacet
  facet normal 0 -1 0
    outer loop
      vertex -6.18408 5 -5.07515
      vertex 6.65176 5 -4.44456
      vertex -6.65176 5 -4.44456
    endloop
  endfacet
  facet normal 0 -1 0
    outer loop
      vertex -6.18408 5 -5.07515
      vertex 6.18408 5 -5.07515
      vertex 6.65176 5 -4.44456
    endloop
  endfacet
  facet normal 0 -1 0
    outer loop
      vertex -5.65685 5 -5.65685
      vertex 6.18408 5 -5.07515
      vertex -6.18408 5 -5.07515
    endloop
  endfacet
  facet normal 0 -1 0
    outer loop
      vertex -5.65685 5 -5.65685
      vertex 5.65685 5 -5.65685
      vertex 6.18408 5 -5.07515
    endloop
  endfacet
  facet normal 0 -1 0
    outer loop
      vertex -5.07515 5 -6.18408
      vertex 5.65685 5 -5.65685
      vertex -5.65685 5 -5.65685
    endloop
  endfacet
  facet normal 0 -1 0
    outer loop
      vertex -5.07515 5 -6.18408
      vertex 5.07515 5 -6.18408
      vertex 5.65685 5 -5.65685
    endloop
  endfacet
  facet normal 0 -1 0
    outer loop
      vertex -4.44456 5 -6.65176
      vertex 5.07515 5 -6.18408
      vertex -5.07515 5 -6.18408
    endloop
  endfacet
  facet normal 0 -1 0
    outer loop
      vertex -4.44456 5 -6.65176
      vertex 4.44456 5 -6.65176
      vertex 5.07515 5 -6.18408
    endloop
  endfacet
  facet normal 0 -1 0
    outer loop
      vertex -3.77117 5 -7.05537
      vertex 4.44456 5 -6.65176
      vertex -4.44456 5 -6.65176
    endloop
  endfacet
  facet normal 0 -1 0
    outer loop
      vertex -3.77117 5 -7.05537
      vertex 3.77117 5 -7.05537
      vertex 4.44456 5 -6.65176
    endloop
  endfacet
  facet normal 0 -1 0
    outer loop
      vertex -3.06147 5 -7.39104
      vertex 3.77117 5 -7.05537
      vertex -3.77117 5 -7.05537
    endloop
  endfacet
  facet normal 0 -1 0
    outer loop
      vertex -3.06147 5 -7.39104
      vertex 3.06147 5 -7.39104
      vertex 3.77117 5 -7.05537
    endloop
  endfacet
  facet normal 0 -1 0
    outer loop
      vertex -2.32228 5 -7.65552
      vertex 3.06147 5 -7.39104
      vertex -3.06147 5 -7.39104
    endloop
  endfacet
  facet normal 0 -1 0
    outer loop
      vertex -2.32228 5 -7.65552
      vertex 2.32228 5 -7.65552
      vertex 3.06147 5 -7.39104
    endloop
  endfacet
  facet normal 0 -1 0
    outer loop
      vertex -1.56072 5 -7.84628
      vertex 2.32228 5 -7.65552
      vertex -2.32228 5 -7.65552
    endloop
  endfacet
  facet normal 0 -1 0
    outer loop
      vertex -1.56072 5 -7.84628
      vertex 1.56072 5 -7.84628
      vertex 2.32228 5 -7.65552
    endloop
  endfacet
  facet normal 0 -1 0
    outer loop
      vertex -0.784137 5 -7.96148
      vertex 1.56072 5 -7.84628
      vertex -1.56072 5 -7.84628
    endloop
  endfacet
  facet normal 0 -1 0
    outer loop
      vertex -0.784137 5 -7.96148
      vertex 0.784137 5 -7.96148
      vertex 1.56072 5 -7.84628
    endloop
  endfacet
  facet normal -0 -1 0
    outer loop
      vertex 0.784137 5 -7.96148
      vertex -0.784137 5 -7.96148
      vertex 0 5 -8
    endloop
  endfacet
  facet normal 0.427562 0 0.903986
    outer loop
      vertex -3.77117 5 -7.05537
      vertex -3.06147 0 -7.39104
      vertex -3.06147 5 -7.39104
    endloop
  endfacet
  facet normal 0.427562 0 0.903986
    outer loop
      vertex -3.06147 0 -7.39104
      vertex -3.77117 5 -7.05537
      vertex -3.77117 0 -7.05537
    endloop
  endfacet
  facet normal 0.514099 0 -0.857731
    outer loop
      vertex -4.44456 0 6.65176
      vertex -3.77117 5 7.05537
      vertex -3.77117 0 7.05537
    endloop
  endfacet
  facet normal 0.514099 0 -0.857731
    outer loop
      vertex -3.77117 5 7.05537
      vertex -4.44456 0 6.65176
      vertex -4.44456 5 6.65176
    endloop
  endfacet
  facet normal 0.857731 -0 0.514099
    outer loop
      vertex -7.05537 0 -3.77117
      vertex -6.65176 5 -4.44456
      vertex -7.05537 5 -3.77117
    endloop
  endfacet
  facet normal 0.857731 0 0.514099
    outer loop
      vertex -6.65176 5 -4.44456
      vertex -7.05537 0 -3.77117
      vertex -6.65176 0 -4.44456
    endloop
  endfacet
  facet normal 0.427562 0 -0.903986
    outer loop
      vertex -3.77117 0 7.05537
      vertex -3.06147 5 7.39104
      vertex -3.06147 0 7.39104
    endloop
  endfacet
  facet normal 0.427562 0 -0.903986
    outer loop
      vertex -3.06147 5 7.39104
      vertex -3.77117 0 7.05537
      vertex -3.77117 5 7.05537
    endloop
  endfacet
  facet normal 0.242979 0 0.970032
    outer loop
      vertex -2.32228 5 -7.65552
      vertex -1.56072 0 -7.84628
      vertex -1.56072 5 -7.84628
    endloop
  endfacet
  facet normal 0.242979 0 0.970032
    outer loop
      vertex -1.56072 0 -7.84628
      vertex -2.32228 5 -7.65552
      vertex -2.32228 0 -7.65552
    endloop
  endfacet
  facet normal 0.595701 0 0.803206
    outer loop
      vertex -5.07515 5 -6.18408
      vertex -4.44456 0 -6.65176
      vertex -4.44456 5 -6.65176
    endloop
  endfacet
  facet normal 0.595701 0 0.803206
    outer loop
      vertex -4.44456 0 -6.65176
      vertex -5.07515 5 -6.18408
      vertex -5.07515 0 -6.18408
    endloop
  endfacet
endsolid OpenSCAD_Model
