solid OpenSCAD_Model
  facet normal 0.299445 -0.954113 0
    outer loop
      vertex 5.85447 -6.94031 0
      vertex 5.91434 -6.92152 16
      vertex 5.85447 -6.94031 16
    endloop
  endfacet
  facet normal 0.299491 -0.954099 -1.87182e-07
    outer loop
      vertex 5.91433 -6.92152 0
      vertex 5.91434 -6.92152 16
      vertex 5.85447 -6.94031 0
    endloop
  endfacet
  facet normal 0 -1 -0
    outer loop
      vertex 5.91434 -6.92152 16
      vertex 5.91433 -6.92152 0
      vertex 5.91434 -6.92152 0
    endloop
  endfacet
  facet normal 0.157865 -0.987461 0
    outer loop
      vertex 5.78998 -6.95062 0
      vertex 5.85447 -6.94031 16
      vertex 5.78998 -6.95062 16
    endloop
  endfacet
  facet normal 0.157865 -0.987461 0
    outer loop
      vertex 5.85447 -6.94031 16
      vertex 5.78998 -6.95062 0
      vertex 5.85447 -6.94031 0
    endloop
  endfacet
  facet normal 0.0131669 -0.999913 0
    outer loop
      vertex 5.72543 -6.95147 0
      vertex 5.78998 -6.95062 16
      vertex 5.72543 -6.95147 16
    endloop
  endfacet
  facet normal 0.0131669 -0.999913 0
    outer loop
      vertex 5.78998 -6.95062 16
      vertex 5.72543 -6.95147 0
      vertex 5.78998 -6.95062 0
    endloop
  endfacet
  facet normal -0.13381 -0.991007 0
    outer loop
      vertex 5.66196 -6.9429 0
      vertex 5.72543 -6.95147 16
      vertex 5.66196 -6.9429 16
    endloop
  endfacet
  facet normal -0.13381 -0.991007 -0
    outer loop
      vertex 5.72543 -6.95147 16
      vertex 5.66196 -6.9429 0
      vertex 5.72543 -6.95147 0
    endloop
  endfacet
  facet normal -0.280511 -0.959851 0
    outer loop
      vertex 5.60071 -6.925 0
      vertex 5.66196 -6.9429 16
      vertex 5.60071 -6.925 16
    endloop
  endfacet
  facet normal -0.280511 -0.959851 -0
    outer loop
      vertex 5.66196 -6.9429 16
      vertex 5.60071 -6.925 0
      vertex 5.66196 -6.9429 0
    endloop
  endfacet
  facet normal -0.424939 -0.905222 0
    outer loop
      vertex 5.54281 -6.89782 0
      vertex 5.60071 -6.925 16
      vertex 5.54281 -6.89782 16
    endloop
  endfacet
  facet normal -0.424939 -0.905222 -0
    outer loop
      vertex 5.60071 -6.925 16
      vertex 5.54281 -6.89782 0
      vertex 5.60071 -6.925 0
    endloop
  endfacet
  facet normal -0.563601 -0.826047 0
    outer loop
      vertex 5.48946 -6.86142 0
      vertex 5.54281 -6.89782 16
      vertex 5.48946 -6.86142 16
    endloop
  endfacet
  facet normal -0.563601 -0.826047 -0
    outer loop
      vertex 5.54281 -6.89782 16
      vertex 5.48946 -6.86142 0
      vertex 5.54281 -6.89782 0
    endloop
  endfacet
  facet normal -0.627618 -0.778522 0
    outer loop
      vertex 4.94683 -6.42397 0
      vertex 5.48946 -6.86142 16
      vertex 4.94683 -6.42397 16
    endloop
  endfacet
  facet normal -0.627618 -0.778522 -0
    outer loop
      vertex 5.48946 -6.86142 16
      vertex 4.94683 -6.42397 0
      vertex 5.48946 -6.86142 0
    endloop
  endfacet
  facet normal -0.561441 -0.827517 0
    outer loop
      vertex 4.89343 -6.38774 0
      vertex 4.94683 -6.42397 16
      vertex 4.89343 -6.38774 16
    endloop
  endfacet
  facet normal -0.561441 -0.827517 -0
    outer loop
      vertex 4.94683 -6.42397 16
      vertex 4.89343 -6.38774 0
      vertex 4.94683 -6.42397 0
    endloop
  endfacet
  facet normal -0.424008 -0.905658 0
    outer loop
      vertex 4.83561 -6.36067 0
      vertex 4.89343 -6.38774 16
      vertex 4.83561 -6.36067 16
    endloop
  endfacet
  facet normal -0.424008 -0.905658 -0
    outer loop
      vertex 4.89343 -6.38774 16
      vertex 4.83561 -6.36067 0
      vertex 4.89343 -6.38774 0
    endloop
  endfacet
  facet normal -0.279837 -0.960047 0
    outer loop
      vertex 4.77444 -6.34284 0
      vertex 4.83561 -6.36067 16
      vertex 4.77444 -6.34284 16
    endloop
  endfacet
  facet normal -0.279837 -0.960047 -0
    outer loop
      vertex 4.83561 -6.36067 16
      vertex 4.77444 -6.34284 0
      vertex 4.83561 -6.36067 0
    endloop
  endfacet
  facet normal -0.132963 -0.991121 0
    outer loop
      vertex 4.71108 -6.33434 0
      vertex 4.77444 -6.34284 16
      vertex 4.71108 -6.33434 16
    endloop
  endfacet
  facet normal -0.132963 -0.991121 -0
    outer loop
      vertex 4.77444 -6.34284 16
      vertex 4.71108 -6.33434 0
      vertex 4.77444 -6.34284 0
    endloop
  endfacet
  facet normal 0.0136527 -0.999907 0
    outer loop
      vertex 4.64663 -6.33522 0
      vertex 4.71108 -6.33434 16
      vertex 4.64663 -6.33522 16
    endloop
  endfacet
  facet normal 0.0136527 -0.999907 0
    outer loop
      vertex 4.71108 -6.33434 16
      vertex 4.64663 -6.33522 0
      vertex 4.71108 -6.33434 0
    endloop
  endfacet
  facet normal 0.158654 -0.987334 0
    outer loop
      vertex 4.58222 -6.34557 0
      vertex 4.64663 -6.33522 16
      vertex 4.58222 -6.34557 16
    endloop
  endfacet
  facet normal 0.158654 -0.987334 0
    outer loop
      vertex 4.64663 -6.33522 16
      vertex 4.58222 -6.34557 0
      vertex 4.64663 -6.33522 0
    endloop
  endfacet
  facet normal 0.29994 -0.953958 0
    outer loop
      vertex 4.51896 -6.36546 0
      vertex 4.58222 -6.34557 16
      vertex 4.51896 -6.36546 16
    endloop
  endfacet
  facet normal 0.29994 -0.953958 0
    outer loop
      vertex 4.58222 -6.34557 16
      vertex 4.51896 -6.36546 0
      vertex 4.58222 -6.34557 0
    endloop
  endfacet
  facet normal 0.435657 -0.900113 0
    outer loop
      vertex 4.45801 -6.39496 0
      vertex 4.51896 -6.36546 16
      vertex 4.45801 -6.39496 16
    endloop
  endfacet
  facet normal 0.435657 -0.900113 0
    outer loop
      vertex 4.51896 -6.36546 16
      vertex 4.45801 -6.39496 0
      vertex 4.51896 -6.36546 0
    endloop
  endfacet
  facet normal 0.500002 -0.866024 0
    outer loop
      vertex 3.30925 -7.0582 0
      vertex 4.45801 -6.39496 16
      vertex 3.30925 -7.0582 16
    endloop
  endfacet
  facet normal 0.500002 -0.866024 0
    outer loop
      vertex 4.45801 -6.39496 16
      vertex 3.30925 -7.0582 0
      vertex 4.45801 -6.39496 0
    endloop
  endfacet
  facet normal 0.561812 -0.827265 0
    outer loop
      vertex 3.25331 -7.09619 0
      vertex 3.30925 -7.0582 16
      vertex 3.25331 -7.09619 16
    endloop
  endfacet
  facet normal 0.561812 -0.827265 0
    outer loop
      vertex 3.30925 -7.0582 16
      vertex 3.25331 -7.09619 0
      vertex 3.30925 -7.0582 0
    endloop
  endfacet
  facet normal 0.676271 -0.736653 0
    outer loop
      vertex 3.20451 -7.14099 0
      vertex 3.25331 -7.09619 16
      vertex 3.20451 -7.14099 16
    endloop
  endfacet
  facet normal 0.676271 -0.736653 0
    outer loop
      vertex 3.25331 -7.09619 16
      vertex 3.20451 -7.14099 0
      vertex 3.25331 -7.09619 0
    endloop
  endfacet
  facet normal 0.775833 -0.630939 0
    outer loop
      vertex 3.16336 -7.19159 16
      vertex 3.20451 -7.14099 0
      vertex 3.20451 -7.14099 16
    endloop
  endfacet
  facet normal 0.775833 -0.630939 0
    outer loop
      vertex 3.20451 -7.14099 0
      vertex 3.16336 -7.19159 16
      vertex 3.16336 -7.19159 0
    endloop
  endfacet
  facet normal 0.859077 -0.511847 0
    outer loop
      vertex 3.13037 -7.24696 16
      vertex 3.16336 -7.19159 0
      vertex 3.16336 -7.19159 16
    endloop
  endfacet
  facet normal 0.859077 -0.511847 0
    outer loop
      vertex 3.16336 -7.19159 0
      vertex 3.13037 -7.24696 16
      vertex 3.13037 -7.24696 0
    endloop
  endfacet
  facet normal 0.92483 -0.38038 0
    outer loop
      vertex 3.10605 -7.30609 16
      vertex 3.13037 -7.24696 0
      vertex 3.13037 -7.24696 16
    endloop
  endfacet
  facet normal 0.92483 -0.38038 0
    outer loop
      vertex 3.13037 -7.24696 0
      vertex 3.10605 -7.30609 16
      vertex 3.10605 -7.30609 0
    endloop
  endfacet
  facet normal 0.971413 -0.237397 0
    outer loop
      vertex 3.09093 -7.36796 16
      vertex 3.10605 -7.30609 0
      vertex 3.10605 -7.30609 16
    endloop
  endfacet
  facet normal 0.971413 -0.237397 0
    outer loop
      vertex 3.10605 -7.30609 0
      vertex 3.09093 -7.36796 16
      vertex 3.09093 -7.36796 0
    endloop
  endfacet
  facet normal 0.996349 -0.0853789 0
    outer loop
      vertex 3.08548 -7.43156 16
      vertex 3.09093 -7.36796 0
      vertex 3.09093 -7.36796 16
    endloop
  endfacet
  facet normal 0.996349 -0.0853789 0
    outer loop
      vertex 3.09093 -7.36796 0
      vertex 3.08548 -7.43156 16
      vertex 3.08548 -7.43156 0
    endloop
  endfacet
  facet normal 0.997236 0.0743002 0
    outer loop
      vertex 3.09027 -7.49585 16
      vertex 3.08548 -7.43156 0
      vertex 3.08548 -7.43156 16
    endloop
  endfacet
  facet normal 0.997236 0.0743002 0
    outer loop
      vertex 3.08548 -7.43156 0
      vertex 3.09027 -7.49585 16
      vertex 3.09027 -7.49585 0
    endloop
  endfacet
  facet normal 0.988107 0.153771 0
    outer loop
      vertex 3.19747 -8.1847 16
      vertex 3.09027 -7.49585 0
      vertex 3.09027 -7.49585 16
    endloop
  endfacet
  facet normal 0.988107 0.153771 0
    outer loop
      vertex 3.09027 -7.49585 0
      vertex 3.19747 -8.1847 16
      vertex 3.19747 -8.1847 0
    endloop
  endfacet
  facet normal 0.997103 0.0760568 0
    outer loop
      vertex 3.20238 -8.24907 16
      vertex 3.19747 -8.1847 0
      vertex 3.19747 -8.1847 16
    endloop
  endfacet
  facet normal 0.997103 0.0760568 0
    outer loop
      vertex 3.19747 -8.1847 0
      vertex 3.20238 -8.24907 16
      vertex 3.20238 -8.24907 0
    endloop
  endfacet
  facet normal 0.99648 -0.083835 0
    outer loop
      vertex 3.19702 -8.31278 16
      vertex 3.20238 -8.24907 0
      vertex 3.20238 -8.24907 16
    endloop
  endfacet
  facet normal 0.99648 -0.083835 0
    outer loop
      vertex 3.20238 -8.24907 0
      vertex 3.19702 -8.31278 16
      vertex 3.19702 -8.31278 0
    endloop
  endfacet
  facet normal 0.971482 -0.237111 0
    outer loop
      vertex 3.18189 -8.37477 16
      vertex 3.19702 -8.31278 0
      vertex 3.19702 -8.31278 16
    endloop
  endfacet
  facet normal 0.971482 -0.237111 0
    outer loop
      vertex 3.19702 -8.31278 0
      vertex 3.18189 -8.37477 16
      vertex 3.18189 -8.37477 0
    endloop
  endfacet
  facet normal 0.924982 -0.380012 0
    outer loop
      vertex 3.15754 -8.43404 16
      vertex 3.18189 -8.37477 0
      vertex 3.18189 -8.37477 16
    endloop
  endfacet
  facet normal 0.924982 -0.380012 0
    outer loop
      vertex 3.18189 -8.37477 0
      vertex 3.15754 -8.43404 16
      vertex 3.15754 -8.43404 0
    endloop
  endfacet
  facet normal 0.859291 -0.511487 0
    outer loop
      vertex 3.12451 -8.48953 16
      vertex 3.15754 -8.43404 0
      vertex 3.15754 -8.43404 16
    endloop
  endfacet
  facet normal 0.859291 -0.511487 0
    outer loop
      vertex 3.15754 -8.43404 0
      vertex 3.12451 -8.48953 16
      vertex 3.12451 -8.48953 0
    endloop
  endfacet
  facet normal 0.776114 -0.630593 0
    outer loop
      vertex 3.0833 -8.54025 16
      vertex 3.12451 -8.48953 0
      vertex 3.12451 -8.48953 16
    endloop
  endfacet
  facet normal 0.776114 -0.630593 0
    outer loop
      vertex 3.12451 -8.48953 0
      vertex 3.0833 -8.54025 16
      vertex 3.0833 -8.54025 0
    endloop
  endfacet
  facet normal 0.676453 -0.736486 0
    outer loop
      vertex 3.03705 -8.58273 0
      vertex 3.0833 -8.54025 16
      vertex 3.03705 -8.58273 16
    endloop
  endfacet
  facet normal 0.707107 -0.707107 -0.000166612
    outer loop
      vertex 3.03706 -8.58272 0
      vertex 3.0833 -8.54025 16
      vertex 3.03705 -8.58273 0
    endloop
  endfacet
  facet normal 0.676446 -0.736493 0
    outer loop
      vertex 3.0833 -8.54025 16
      vertex 3.03706 -8.58272 0
      vertex 3.0833 -8.54025 0
    endloop
  endfacet
  facet normal 0 -1 -0
    outer loop
      vertex 8.58273 -3.03705 16
      vertex 8.58272 -3.03705 0
      vertex 8.58273 -3.03705 0
    endloop
  endfacet
  facet normal 0.73628 -0.676677 -4.60175e-07
    outer loop
      vertex 8.54027 -3.08325 16
      vertex 8.58272 -3.03705 0
      vertex 8.58273 -3.03705 16
    endloop
  endfacet
  facet normal 0.73636 -0.67659 0
    outer loop
      vertex 8.58272 -3.03705 0
      vertex 8.54027 -3.08325 16
      vertex 8.54027 -3.08325 0
    endloop
  endfacet
  facet normal 0.630541 -0.776156 0
    outer loop
      vertex 8.48958 -3.12443 0
      vertex 8.54027 -3.08325 16
      vertex 8.48958 -3.12443 16
    endloop
  endfacet
  facet normal 0.630541 -0.776156 0
    outer loop
      vertex 8.54027 -3.08325 16
      vertex 8.48958 -3.12443 0
      vertex 8.54027 -3.08325 0
    endloop
  endfacet
  facet normal 0.51128 -0.859414 0
    outer loop
      vertex 8.43411 -3.15743 0
      vertex 8.48958 -3.12443 16
      vertex 8.43411 -3.15743 16
    endloop
  endfacet
  facet normal 0.51128 -0.859414 0
    outer loop
      vertex 8.48958 -3.12443 16
      vertex 8.43411 -3.15743 0
      vertex 8.48958 -3.12443 0
    endloop
  endfacet
  facet normal 0.379666 -0.925124 0
    outer loop
      vertex 8.37485 -3.18175 0
      vertex 8.43411 -3.15743 16
      vertex 8.37485 -3.18175 16
    endloop
  endfacet
  facet normal 0.379666 -0.925124 0
    outer loop
      vertex 8.43411 -3.15743 16
      vertex 8.37485 -3.18175 0
      vertex 8.43411 -3.15743 0
    endloop
  endfacet
  facet normal 0.237111 -0.971482 0
    outer loop
      vertex 8.31286 -3.19688 0
      vertex 8.37485 -3.18175 16
      vertex 8.31286 -3.19688 16
    endloop
  endfacet
  facet normal 0.237111 -0.971482 0
    outer loop
      vertex 8.37485 -3.18175 16
      vertex 8.31286 -3.19688 0
      vertex 8.37485 -3.18175 0
    endloop
  endfacet
  facet normal 0.0844299 -0.996429 0
    outer loop
      vertex 8.24913 -3.20228 0
      vertex 8.31286 -3.19688 16
      vertex 8.24913 -3.20228 16
    endloop
  endfacet
  facet normal 0.0844299 -0.996429 0
    outer loop
      vertex 8.31286 -3.19688 16
      vertex 8.24913 -3.20228 0
      vertex 8.31286 -3.19688 0
    endloop
  endfacet
  facet normal -0.0750979 -0.997176 0
    outer loop
      vertex 8.18473 -3.19743 0
      vertex 8.24913 -3.20228 16
      vertex 8.18473 -3.19743 16
    endloop
  endfacet
  facet normal -0.0750979 -0.997176 -0
    outer loop
      vertex 8.24913 -3.20228 16
      vertex 8.18473 -3.19743 0
      vertex 8.24913 -3.20228 0
    endloop
  endfacet
  facet normal -0.154258 -0.988031 0
    outer loop
      vertex 7.49606 -3.08991 0
      vertex 8.18473 -3.19743 16
      vertex 7.49606 -3.08991 16
    endloop
  endfacet
  facet normal -0.154258 -0.988031 -0
    outer loop
      vertex 8.18473 -3.19743 16
      vertex 7.49606 -3.08991 0
      vertex 8.18473 -3.19743 0
    endloop
  endfacet
  facet normal -0.0725245 -0.997367 0
    outer loop
      vertex 7.4317 -3.08523 0
      vertex 7.49606 -3.08991 16
      vertex 7.4317 -3.08523 16
    endloop
  endfacet
  facet normal -0.0725245 -0.997367 -0
    outer loop
      vertex 7.49606 -3.08991 16
      vertex 7.4317 -3.08523 0
      vertex 7.49606 -3.08991 0
    endloop
  endfacet
  facet normal 0.0855344 -0.996335 0
    outer loop
      vertex 7.3681 -3.09069 0
      vertex 7.4317 -3.08523 16
      vertex 7.3681 -3.09069 16
    endloop
  endfacet
  facet normal 0.0855344 -0.996335 0
    outer loop
      vertex 7.4317 -3.08523 16
      vertex 7.3681 -3.09069 0
      vertex 7.4317 -3.08523 0
    endloop
  endfacet
  facet normal 0.237769 -0.971322 0
    outer loop
      vertex 7.30621 -3.10584 0
      vertex 7.3681 -3.09069 16
      vertex 7.30621 -3.10584 16
    endloop
  endfacet
  facet normal 0.237769 -0.971322 0
    outer loop
      vertex 7.3681 -3.09069 16
      vertex 7.30621 -3.10584 0
      vertex 7.3681 -3.09069 0
    endloop
  endfacet
  facet normal 0.380435 -0.924808 0
    outer loop
      vertex 7.24709 -3.13016 0
      vertex 7.30621 -3.10584 16
      vertex 7.24709 -3.13016 16
    endloop
  endfacet
  facet normal 0.380435 -0.924808 0
    outer loop
      vertex 7.30621 -3.10584 16
      vertex 7.24709 -3.13016 0
      vertex 7.30621 -3.10584 0
    endloop
  endfacet
  facet normal 0.511778 -0.859118 0
    outer loop
      vertex 7.19171 -3.16315 0
      vertex 7.24709 -3.13016 16
      vertex 7.19171 -3.16315 16
    endloop
  endfacet
  facet normal 0.511778 -0.859118 0
    outer loop
      vertex 7.24709 -3.13016 16
      vertex 7.19171 -3.16315 0
      vertex 7.24709 -3.13016 0
    endloop
  endfacet
  facet normal 0.631123 -0.775682 0
    outer loop
      vertex 7.14111 -3.20432 0
      vertex 7.19171 -3.16315 16
      vertex 7.14111 -3.20432 16
    endloop
  endfacet
  facet normal 0.631123 -0.775682 0
    outer loop
      vertex 7.19171 -3.16315 16
      vertex 7.14111 -3.20432 0
      vertex 7.19171 -3.16315 0
    endloop
  endfacet
  facet normal 0.736697 -0.676223 0
    outer loop
      vertex 7.09627 -3.25317 16
      vertex 7.14111 -3.20432 0
      vertex 7.14111 -3.20432 16
    endloop
  endfacet
  facet normal 0.736697 -0.676223 0
    outer loop
      vertex 7.14111 -3.20432 0
      vertex 7.09627 -3.25317 16
      vertex 7.09627 -3.25317 0
    endloop
  endfacet
  facet normal 0.827341 -0.5617 0
    outer loop
      vertex 7.05823 -3.3092 16
      vertex 7.09627 -3.25317 0
      vertex 7.09627 -3.25317 16
    endloop
  endfacet
  facet normal 0.827341 -0.5617 0
    outer loop
      vertex 7.09627 -3.25317 0
      vertex 7.05823 -3.3092 16
      vertex 7.05823 -3.3092 0
    endloop
  endfacet
  facet normal 0.866026 -0.499999 0
    outer loop
      vertex 6.395 -4.45795 16
      vertex 7.05823 -3.3092 0
      vertex 7.05823 -3.3092 16
    endloop
  endfacet
  facet normal 0.866026 -0.499999 0
    outer loop
      vertex 7.05823 -3.3092 0
      vertex 6.395 -4.45795 16
      vertex 6.395 -4.45795 0
    endloop
  endfacet
  facet normal 0.90012 -0.435642 0
    outer loop
      vertex 6.36554 -4.51882 16
      vertex 6.395 -4.45795 0
      vertex 6.395 -4.45795 16
    endloop
  endfacet
  facet normal 0.90012 -0.435642 0
    outer loop
      vertex 6.395 -4.45795 0
      vertex 6.36554 -4.51882 16
      vertex 6.36554 -4.51882 0
    endloop
  endfacet
  facet normal 0.954063 -0.299607 0
    outer loop
      vertex 6.34569 -4.58203 16
      vertex 6.36554 -4.51882 0
      vertex 6.36554 -4.51882 16
    endloop
  endfacet
  facet normal 0.954063 -0.299607 0
    outer loop
      vertex 6.36554 -4.51882 0
      vertex 6.34569 -4.58203 16
      vertex 6.34569 -4.58203 0
    endloop
  endfacet
  facet normal 0.987327 -0.158702 0
    outer loop
      vertex 6.33534 -4.64642 16
      vertex 6.34569 -4.58203 0
      vertex 6.34569 -4.58203 16
    endloop
  endfacet
  facet normal 0.987327 -0.158702 0
    outer loop
      vertex 6.34569 -4.58203 0
      vertex 6.33534 -4.64642 16
      vertex 6.33534 -4.64642 0
    endloop
  endfacet
  facet normal 0.999907 -0.0136527 0
    outer loop
      vertex 6.33446 -4.71087 16
      vertex 6.33534 -4.64642 0
      vertex 6.33534 -4.64642 16
    endloop
  endfacet
  facet normal 0.999907 -0.0136527 0
    outer loop
      vertex 6.33534 -4.64642 0
      vertex 6.33446 -4.71087 16
      vertex 6.33446 -4.71087 0
    endloop
  endfacet
  facet normal 0.9911 0.133117 0
    outer loop
      vertex 6.34297 -4.77423 16
      vertex 6.33446 -4.71087 0
      vertex 6.33446 -4.71087 16
    endloop
  endfacet
  facet normal 0.9911 0.133117 0
    outer loop
      vertex 6.33446 -4.71087 0
      vertex 6.34297 -4.77423 16
      vertex 6.34297 -4.77423 0
    endloop
  endfacet
  facet normal 0.959981 0.280066 0
    outer loop
      vertex 6.36081 -4.83538 16
      vertex 6.34297 -4.77423 0
      vertex 6.34297 -4.77423 16
    endloop
  endfacet
  facet normal 0.959981 0.280066 0
    outer loop
      vertex 6.34297 -4.77423 0
      vertex 6.36081 -4.83538 16
      vertex 6.36081 -4.83538 0
    endloop
  endfacet
  facet normal 0.905542 0.424257 0
    outer loop
      vertex 6.38789 -4.89318 16
      vertex 6.36081 -4.83538 0
      vertex 6.36081 -4.83538 16
    endloop
  endfacet
  facet normal 0.905542 0.424257 0
    outer loop
      vertex 6.36081 -4.83538 0
      vertex 6.38789 -4.89318 16
      vertex 6.38789 -4.89318 0
    endloop
  endfacet
  facet normal 0.826496 0.562942 0
    outer loop
      vertex 6.42418 -4.94646 16
      vertex 6.38789 -4.89318 0
      vertex 6.38789 -4.89318 16
    endloop
  endfacet
  facet normal 0.826496 0.562942 0
    outer loop
      vertex 6.38789 -4.89318 0
      vertex 6.42418 -4.94646 16
      vertex 6.42418 -4.94646 0
    endloop
  endfacet
  facet normal 0.778834 0.62723 0
    outer loop
      vertex 6.86145 -5.48942 16
      vertex 6.42418 -4.94646 0
      vertex 6.42418 -4.94646 16
    endloop
  endfacet
  facet normal 0.778834 0.62723 0
    outer loop
      vertex 6.42418 -4.94646 0
      vertex 6.86145 -5.48942 16
      vertex 6.86145 -5.48942 0
    endloop
  endfacet
  facet normal 0.825535 0.564351 0
    outer loop
      vertex 6.89788 -5.54271 16
      vertex 6.86145 -5.48942 0
      vertex 6.86145 -5.48942 16
    endloop
  endfacet
  facet normal 0.825535 0.564351 0
    outer loop
      vertex 6.86145 -5.48942 0
      vertex 6.89788 -5.54271 16
      vertex 6.89788 -5.54271 0
    endloop
  endfacet
  facet normal 0.904929 0.425564 0
    outer loop
      vertex 6.92509 -5.60057 16
      vertex 6.89788 -5.54271 0
      vertex 6.89788 -5.54271 16
    endloop
  endfacet
  facet normal 0.904929 0.425564 0
    outer loop
      vertex 6.89788 -5.54271 0
      vertex 6.92509 -5.60057 16
      vertex 6.92509 -5.60057 0
    endloop
  endfacet
  facet normal 0.959851 0.280511 0
    outer loop
      vertex 6.94299 -5.66182 16
      vertex 6.92509 -5.60057 0
      vertex 6.92509 -5.60057 16
    endloop
  endfacet
  facet normal 0.959851 0.280511 0
    outer loop
      vertex 6.92509 -5.60057 0
      vertex 6.94299 -5.66182 16
      vertex 6.94299 -5.66182 0
    endloop
  endfacet
  facet normal 0.991077 0.133288 0
    outer loop
      vertex 6.95153 -5.72532 16
      vertex 6.94299 -5.66182 0
      vertex 6.94299 -5.66182 16
    endloop
  endfacet
  facet normal 0.991077 0.133288 0
    outer loop
      vertex 6.94299 -5.66182 0
      vertex 6.95153 -5.72532 16
      vertex 6.95153 -5.72532 0
    endloop
  endfacet
  facet normal 0.999911 -0.0133156 0
    outer loop
      vertex 6.95067 -5.7899 16
      vertex 6.95153 -5.72532 0
      vertex 6.95153 -5.72532 16
    endloop
  endfacet
  facet normal 0.999911 -0.0133156 0
    outer loop
      vertex 6.95153 -5.72532 0
      vertex 6.95067 -5.7899 16
      vertex 6.95067 -5.7899 0
    endloop
  endfacet
  facet normal 0.987424 -0.158092 0
    outer loop
      vertex 6.94034 -5.85442 16
      vertex 6.95067 -5.7899 0
      vertex 6.95067 -5.7899 16
    endloop
  endfacet
  facet normal 0.987424 -0.158092 0
    outer loop
      vertex 6.95067 -5.7899 0
      vertex 6.94034 -5.85442 16
      vertex 6.94034 -5.85442 0
    endloop
  endfacet
  facet normal 0.95408 -0.299553 0
    outer loop
      vertex 6.94034 -5.85442 16
      vertex 6.92153 -5.91433 0
      vertex 6.94034 -5.85442 0
    endloop
  endfacet
  facet normal 0.95408 -0.299553 0
    outer loop
      vertex 6.92153 -5.91433 16
      vertex 6.92153 -5.91433 0
      vertex 6.94034 -5.85442 16
    endloop
  endfacet
  facet normal 1 0 0
    outer loop
      vertex 8.95138 1.66121 16
      vertex 8.95138 1.6612 0
      vertex 8.95138 1.66121 0
    endloop
  endfacet
  facet normal 0.976022 -0.217673 1.36045e-07
    outer loop
      vertex 8.93772 1.59996 16
      vertex 8.95138 1.6612 0
      vertex 8.95138 1.66121 16
    endloop
  endfacet
  facet normal 0.976014 -0.217707 0
    outer loop
      vertex 8.95138 1.6612 0
      vertex 8.93772 1.59996 16
      vertex 8.93772 1.59996 0
    endloop
  endfacet
  facet normal 0.934121 -0.356957 0
    outer loop
      vertex 8.91441 1.53896 16
      vertex 8.93772 1.59996 0
      vertex 8.93772 1.59996 16
    endloop
  endfacet
  facet normal 0.934121 -0.356957 0
    outer loop
      vertex 8.93772 1.59996 0
      vertex 8.91441 1.53896 16
      vertex 8.91441 1.53896 0
    endloop
  endfacet
  facet normal 0.872501 -0.488613 0
    outer loop
      vertex 8.88287 1.48264 16
      vertex 8.91441 1.53896 0
      vertex 8.91441 1.53896 16
    endloop
  endfacet
  facet normal 0.872501 -0.488613 0
    outer loop
      vertex 8.91441 1.53896 0
      vertex 8.88287 1.48264 16
      vertex 8.88287 1.48264 0
    endloop
  endfacet
  facet normal 0.791357 -0.611354 0
    outer loop
      vertex 8.84371 1.43195 16
      vertex 8.88287 1.48264 0
      vertex 8.88287 1.48264 16
    endloop
  endfacet
  facet normal 0.791357 -0.611354 0
    outer loop
      vertex 8.88287 1.48264 0
      vertex 8.84371 1.43195 16
      vertex 8.84371 1.43195 0
    endloop
  endfacet
  facet normal 0.691023 -0.722832 0
    outer loop
      vertex 8.79758 1.38785 0
      vertex 8.84371 1.43195 16
      vertex 8.79758 1.38785 16
    endloop
  endfacet
  facet normal 0.691023 -0.722832 0
    outer loop
      vertex 8.84371 1.43195 16
      vertex 8.79758 1.38785 0
      vertex 8.84371 1.43195 0
    endloop
  endfacet
  facet normal 0.571435 -0.820647 0
    outer loop
      vertex 8.74509 1.3513 0
      vertex 8.79758 1.38785 16
      vertex 8.74509 1.3513 16
    endloop
  endfacet
  facet normal 0.571435 -0.820647 0
    outer loop
      vertex 8.79758 1.38785 16
      vertex 8.74509 1.3513 0
      vertex 8.79758 1.38785 0
    endloop
  endfacet
  facet normal 0.433471 -0.901168 0
    outer loop
      vertex 8.6869 1.32331 0
      vertex 8.74509 1.3513 16
      vertex 8.6869 1.32331 16
    endloop
  endfacet
  facet normal 0.433471 -0.901168 0
    outer loop
      vertex 8.74509 1.3513 16
      vertex 8.6869 1.32331 0
      vertex 8.74509 1.3513 0
    endloop
  endfacet
  facet normal 0.360427 -0.932788 0
    outer loop
      vertex 8.03674 1.07209 0
      vertex 8.6869 1.32331 16
      vertex 8.03674 1.07209 16
    endloop
  endfacet
  facet normal 0.360427 -0.932788 0
    outer loop
      vertex 8.6869 1.32331 16
      vertex 8.03674 1.07209 0
      vertex 8.6869 1.32331 0
    endloop
  endfacet
  facet normal 0.435897 -0.899997 0
    outer loop
      vertex 7.97866 1.04396 0
      vertex 8.03674 1.07209 16
      vertex 7.97866 1.04396 16
    endloop
  endfacet
  facet normal 0.435897 -0.899997 0
    outer loop
      vertex 8.03674 1.07209 16
      vertex 7.97866 1.04396 0
      vertex 8.03674 1.07209 0
    endloop
  endfacet
  facet normal 0.572253 -0.820077 0
    outer loop
      vertex 7.92631 1.00743 0
      vertex 7.97866 1.04396 16
      vertex 7.92631 1.00743 16
    endloop
  endfacet
  facet normal 0.572253 -0.820077 0
    outer loop
      vertex 7.97866 1.04396 16
      vertex 7.92631 1.00743 0
      vertex 7.97866 1.04396 0
    endloop
  endfacet
  facet normal 0.691582 -0.722298 0
    outer loop
      vertex 7.88029 0.963367 0
      vertex 7.92631 1.00743 16
      vertex 7.88029 0.963367 16
    endloop
  endfacet
  facet normal 0.691582 -0.722298 0
    outer loop
      vertex 7.92631 1.00743 16
      vertex 7.88029 0.963367 0
      vertex 7.92631 1.00743 0
    endloop
  endfacet
  facet normal 0.791792 -0.610791 0
    outer loop
      vertex 7.84124 0.912745 16
      vertex 7.88029 0.963367 0
      vertex 7.88029 0.963367 16
    endloop
  endfacet
  facet normal 0.791792 -0.610791 0
    outer loop
      vertex 7.88029 0.963367 0
      vertex 7.84124 0.912745 16
      vertex 7.84124 0.912745 0
    endloop
  endfacet
  facet normal 0.8728 -0.488078 0
    outer loop
      vertex 7.80978 0.856487 16
      vertex 7.84124 0.912745 0
      vertex 7.84124 0.912745 16
    endloop
  endfacet
  facet normal 0.8728 -0.488078 0
    outer loop
      vertex 7.84124 0.912745 0
      vertex 7.80978 0.856487 16
      vertex 7.80978 0.856487 0
    endloop
  endfacet
  facet normal 0.934387 -0.356261 0
    outer loop
      vertex 7.78654 0.795534 16
      vertex 7.80978 0.856487 0
      vertex 7.80978 0.856487 16
    endloop
  endfacet
  facet normal 0.934387 -0.356261 0
    outer loop
      vertex 7.80978 0.856487 0
      vertex 7.78654 0.795534 16
      vertex 7.78654 0.795534 0
    endloop
  endfacet
  facet normal 0.976103 -0.21731 0
    outer loop
      vertex 7.77213 0.730808 16
      vertex 7.78654 0.795534 0
      vertex 7.78654 0.795534 16
    endloop
  endfacet
  facet normal 0.976103 -0.21731 0
    outer loop
      vertex 7.78654 0.795534 0
      vertex 7.77213 0.730808 16
      vertex 7.77213 0.730808 0
    endloop
  endfacet
  facet normal 0.997347 -0.0727947 0
    outer loop
      vertex 7.7672 0.663263 16
      vertex 7.77213 0.730808 0
      vertex 7.77213 0.730808 16
    endloop
  endfacet
  facet normal 0.997347 -0.0727947 0
    outer loop
      vertex 7.77213 0.730808 0
      vertex 7.7672 0.663263 16
      vertex 7.7672 0.663263 0
    endloop
  endfacet
  facet normal 1 -0 0
    outer loop
      vertex 7.7672 -0.663198 16
      vertex 7.7672 0.663263 0
      vertex 7.7672 0.663263 16
    endloop
  endfacet
  facet normal 1 0 0
    outer loop
      vertex 7.7672 0.663263 0
      vertex 7.7672 -0.663198 16
      vertex 7.7672 -0.663198 0
    endloop
  endfacet
  facet normal 0.997339 0.0728989 0
    outer loop
      vertex 7.77213 -0.730646 16
      vertex 7.7672 -0.663198 0
      vertex 7.7672 -0.663198 16
    endloop
  endfacet
  facet normal 0.997339 0.0728989 0
    outer loop
      vertex 7.7672 -0.663198 0
      vertex 7.77213 -0.730646 16
      vertex 7.77213 -0.730646 0
    endloop
  endfacet
  facet normal 0.976057 0.217515 0
    outer loop
      vertex 7.78654 -0.795308 16
      vertex 7.77213 -0.730646 0
      vertex 7.77213 -0.730646 16
    endloop
  endfacet
  facet normal 0.976057 0.217515 0
    outer loop
      vertex 7.77213 -0.730646 0
      vertex 7.78654 -0.795308 16
      vertex 7.78654 -0.795308 0
    endloop
  endfacet
  facet normal 0.934356 0.356342 0
    outer loop
      vertex 7.80978 -0.856245 16
      vertex 7.78654 -0.795308 0
      vertex 7.78654 -0.795308 16
    endloop
  endfacet
  facet normal 0.934356 0.356342 0
    outer loop
      vertex 7.78654 -0.795308 0
      vertex 7.80978 -0.856245 16
      vertex 7.80978 -0.856245 0
    endloop
  endfacet
  facet normal 0.872796 0.488085 0
    outer loop
      vertex 7.84124 -0.912502 16
      vertex 7.80978 -0.856245 0
      vertex 7.80978 -0.856245 16
    endloop
  endfacet
  facet normal 0.872796 0.488085 0
    outer loop
      vertex 7.80978 -0.856245 0
      vertex 7.84124 -0.912502 16
      vertex 7.84124 -0.912502 0
    endloop
  endfacet
  facet normal 0.791786 0.610799 0
    outer loop
      vertex 7.88029 -0.963123 16
      vertex 7.84124 -0.912502 0
      vertex 7.84124 -0.912502 16
    endloop
  endfacet
  facet normal 0.791786 0.610799 0
    outer loop
      vertex 7.84124 -0.912502 0
      vertex 7.88029 -0.963123 16
      vertex 7.88029 -0.963123 0
    endloop
  endfacet
  facet normal 0.691287 0.72258 -0
    outer loop
      vertex 7.92631 -1.00715 0
      vertex 7.88029 -0.963123 16
      vertex 7.92631 -1.00715 16
    endloop
  endfacet
  facet normal 0.691287 0.72258 0
    outer loop
      vertex 7.88029 -0.963123 16
      vertex 7.92631 -1.00715 0
      vertex 7.88029 -0.963123 0
    endloop
  endfacet
  facet normal 0.572147 0.820151 -0
    outer loop
      vertex 7.97866 -1.04367 0
      vertex 7.92631 -1.00715 16
      vertex 7.97866 -1.04367 16
    endloop
  endfacet
  facet normal 0.572147 0.820151 0
    outer loop
      vertex 7.92631 -1.00715 16
      vertex 7.97866 -1.04367 0
      vertex 7.92631 -1.00715 0
    endloop
  endfacet
  facet normal 0.434263 0.900786 -0
    outer loop
      vertex 8.03674 -1.07167 0
      vertex 7.97866 -1.04367 16
      vertex 8.03674 -1.07167 16
    endloop
  endfacet
  facet normal 0.434263 0.900786 0
    outer loop
      vertex 7.97866 -1.04367 16
      vertex 8.03674 -1.07167 0
      vertex 7.97866 -1.04367 0
    endloop
  endfacet
  facet normal 0.360888 0.932609 -0
    outer loop
      vertex 8.6869 -1.32326 0
      vertex 8.03674 -1.07167 16
      vertex 8.6869 -1.32326 16
    endloop
  endfacet
  facet normal 0.360888 0.932609 0
    outer loop
      vertex 8.03674 -1.07167 16
      vertex 8.6869 -1.32326 0
      vertex 8.03674 -1.07167 0
    endloop
  endfacet
  facet normal 0.432716 0.90153 -0
    outer loop
      vertex 8.74509 -1.35119 0
      vertex 8.6869 -1.32326 16
      vertex 8.74509 -1.35119 16
    endloop
  endfacet
  facet normal 0.432716 0.90153 0
    outer loop
      vertex 8.6869 -1.32326 16
      vertex 8.74509 -1.35119 0
      vertex 8.6869 -1.32326 0
    endloop
  endfacet
  facet normal 0.570909 0.821014 -0
    outer loop
      vertex 8.79758 -1.38769 0
      vertex 8.74509 -1.35119 16
      vertex 8.79758 -1.38769 16
    endloop
  endfacet
  facet normal 0.570909 0.821014 0
    outer loop
      vertex 8.74509 -1.35119 16
      vertex 8.79758 -1.38769 0
      vertex 8.74509 -1.35119 0
    endloop
  endfacet
  facet normal 0.691023 0.722832 -0
    outer loop
      vertex 8.84371 -1.43179 0
      vertex 8.79758 -1.38769 16
      vertex 8.84371 -1.43179 16
    endloop
  endfacet
  facet normal 0.691023 0.722832 0
    outer loop
      vertex 8.79758 -1.38769 16
      vertex 8.84371 -1.43179 0
      vertex 8.79758 -1.38769 0
    endloop
  endfacet
  facet normal 0.791532 0.611128 0
    outer loop
      vertex 8.88287 -1.48251 16
      vertex 8.84371 -1.43179 0
      vertex 8.84371 -1.43179 16
    endloop
  endfacet
  facet normal 0.791532 0.611128 0
    outer loop
      vertex 8.84371 -1.43179 0
      vertex 8.88287 -1.48251 16
      vertex 8.88287 -1.48251 0
    endloop
  endfacet
  facet normal 0.872612 0.488415 0
    outer loop
      vertex 8.91441 -1.53886 16
      vertex 8.88287 -1.48251 0
      vertex 8.88287 -1.48251 16
    endloop
  endfacet
  facet normal 0.872612 0.488415 0
    outer loop
      vertex 8.88287 -1.48251 0
      vertex 8.91441 -1.53886 16
      vertex 8.91441 -1.53886 0
    endloop
  endfacet
  facet normal 0.934218 0.356702 0
    outer loop
      vertex 8.93772 -1.59991 16
      vertex 8.91441 -1.53886 0
      vertex 8.91441 -1.53886 16
    endloop
  endfacet
  facet normal 0.934218 0.356702 0
    outer loop
      vertex 8.91441 -1.53886 0
      vertex 8.93772 -1.59991 16
      vertex 8.93772 -1.59991 0
    endloop
  endfacet
  facet normal 0.976044 0.217571 0
    outer loop
      vertex 8.93772 -1.59991 16
      vertex 8.95138 -1.66119 0
      vertex 8.93772 -1.59991 0
    endloop
  endfacet
  facet normal 0.976018 0.217689 -4.73956e-07
    outer loop
      vertex 8.95139 -1.6612 16
      vertex 8.95138 -1.66119 0
      vertex 8.93772 -1.59991 16
    endloop
  endfacet
  facet normal 0.707107 0.707107 0
    outer loop
      vertex 8.95138 -1.66119 0
      vertex 8.95139 -1.6612 16
      vertex 8.95139 -1.6612 0
    endloop
  endfacet
  facet normal 1 0 0
    outer loop
      vertex 6.92152 5.91434 16
      vertex 6.92152 5.91433 0
      vertex 6.92152 5.91434 0
    endloop
  endfacet
  facet normal 0.954113 0.299445 -1.87153e-07
    outer loop
      vertex 6.94031 5.85447 16
      vertex 6.92152 5.91433 0
      vertex 6.92152 5.91434 16
    endloop
  endfacet
  facet normal 0.954099 0.299491 0
    outer loop
      vertex 6.92152 5.91433 0
      vertex 6.94031 5.85447 16
      vertex 6.94031 5.85447 0
    endloop
  endfacet
  facet normal 0.987461 0.157865 0
    outer loop
      vertex 6.95062 5.78998 16
      vertex 6.94031 5.85447 0
      vertex 6.94031 5.85447 16
    endloop
  endfacet
  facet normal 0.987461 0.157865 0
    outer loop
      vertex 6.94031 5.85447 0
      vertex 6.95062 5.78998 16
      vertex 6.95062 5.78998 0
    endloop
  endfacet
  facet normal 0.999913 0.0131669 0
    outer loop
      vertex 6.95147 5.72543 16
      vertex 6.95062 5.78998 0
      vertex 6.95062 5.78998 16
    endloop
  endfacet
  facet normal 0.999913 0.0131669 0
    outer loop
      vertex 6.95062 5.78998 0
      vertex 6.95147 5.72543 16
      vertex 6.95147 5.72543 0
    endloop
  endfacet
  facet normal 0.991007 -0.13381 0
    outer loop
      vertex 6.9429 5.66196 16
      vertex 6.95147 5.72543 0
      vertex 6.95147 5.72543 16
    endloop
  endfacet
  facet normal 0.991007 -0.13381 0
    outer loop
      vertex 6.95147 5.72543 0
      vertex 6.9429 5.66196 16
      vertex 6.9429 5.66196 0
    endloop
  endfacet
  facet normal 0.959851 -0.280511 0
    outer loop
      vertex 6.925 5.60071 16
      vertex 6.9429 5.66196 0
      vertex 6.9429 5.66196 16
    endloop
  endfacet
  facet normal 0.959851 -0.280511 0
    outer loop
      vertex 6.9429 5.66196 0
      vertex 6.925 5.60071 16
      vertex 6.925 5.60071 0
    endloop
  endfacet
  facet normal 0.905222 -0.424939 0
    outer loop
      vertex 6.89782 5.54281 16
      vertex 6.925 5.60071 0
      vertex 6.925 5.60071 16
    endloop
  endfacet
  facet normal 0.905222 -0.424939 0
    outer loop
      vertex 6.925 5.60071 0
      vertex 6.89782 5.54281 16
      vertex 6.89782 5.54281 0
    endloop
  endfacet
  facet normal 0.826047 -0.563601 0
    outer loop
      vertex 6.86142 5.48946 16
      vertex 6.89782 5.54281 0
      vertex 6.89782 5.54281 16
    endloop
  endfacet
  facet normal 0.826047 -0.563601 0
    outer loop
      vertex 6.89782 5.54281 0
      vertex 6.86142 5.48946 16
      vertex 6.86142 5.48946 0
    endloop
  endfacet
  facet normal 0.778522 -0.627618 0
    outer loop
      vertex 6.42397 4.94683 16
      vertex 6.86142 5.48946 0
      vertex 6.86142 5.48946 16
    endloop
  endfacet
  facet normal 0.778522 -0.627618 0
    outer loop
      vertex 6.86142 5.48946 0
      vertex 6.42397 4.94683 16
      vertex 6.42397 4.94683 0
    endloop
  endfacet
  facet normal 0.827517 -0.561441 0
    outer loop
      vertex 6.38774 4.89343 16
      vertex 6.42397 4.94683 0
      vertex 6.42397 4.94683 16
    endloop
  endfacet
  facet normal 0.827517 -0.561441 0
    outer loop
      vertex 6.42397 4.94683 0
      vertex 6.38774 4.89343 16
      vertex 6.38774 4.89343 0
    endloop
  endfacet
  facet normal 0.905658 -0.424008 0
    outer loop
      vertex 6.36067 4.83561 16
      vertex 6.38774 4.89343 0
      vertex 6.38774 4.89343 16
    endloop
  endfacet
  facet normal 0.905658 -0.424008 0
    outer loop
      vertex 6.38774 4.89343 0
      vertex 6.36067 4.83561 16
      vertex 6.36067 4.83561 0
    endloop
  endfacet
  facet normal 0.960047 -0.279837 0
    outer loop
      vertex 6.34284 4.77444 16
      vertex 6.36067 4.83561 0
      vertex 6.36067 4.83561 16
    endloop
  endfacet
  facet normal 0.960047 -0.279837 0
    outer loop
      vertex 6.36067 4.83561 0
      vertex 6.34284 4.77444 16
      vertex 6.34284 4.77444 0
    endloop
  endfacet
  facet normal 0.991121 -0.132963 0
    outer loop
      vertex 6.33434 4.71108 16
      vertex 6.34284 4.77444 0
      vertex 6.34284 4.77444 16
    endloop
  endfacet
  facet normal 0.991121 -0.132963 0
    outer loop
      vertex 6.34284 4.77444 0
      vertex 6.33434 4.71108 16
      vertex 6.33434 4.71108 0
    endloop
  endfacet
  facet normal 0.999907 0.0136527 0
    outer loop
      vertex 6.33522 4.64663 16
      vertex 6.33434 4.71108 0
      vertex 6.33434 4.71108 16
    endloop
  endfacet
  facet normal 0.999907 0.0136527 0
    outer loop
      vertex 6.33434 4.71108 0
      vertex 6.33522 4.64663 16
      vertex 6.33522 4.64663 0
    endloop
  endfacet
  facet normal 0.987334 0.158654 0
    outer loop
      vertex 6.34557 4.58222 16
      vertex 6.33522 4.64663 0
      vertex 6.33522 4.64663 16
    endloop
  endfacet
  facet normal 0.987334 0.158654 0
    outer loop
      vertex 6.33522 4.64663 0
      vertex 6.34557 4.58222 16
      vertex 6.34557 4.58222 0
    endloop
  endfacet
  facet normal 0.953958 0.29994 0
    outer loop
      vertex 6.36546 4.51896 16
      vertex 6.34557 4.58222 0
      vertex 6.34557 4.58222 16
    endloop
  endfacet
  facet normal 0.953958 0.29994 0
    outer loop
      vertex 6.34557 4.58222 0
      vertex 6.36546 4.51896 16
      vertex 6.36546 4.51896 0
    endloop
  endfacet
  facet normal 0.900113 0.435657 0
    outer loop
      vertex 6.39496 4.45801 16
      vertex 6.36546 4.51896 0
      vertex 6.36546 4.51896 16
    endloop
  endfacet
  facet normal 0.900113 0.435657 0
    outer loop
      vertex 6.36546 4.51896 0
      vertex 6.39496 4.45801 16
      vertex 6.39496 4.45801 0
    endloop
  endfacet
  facet normal 0.866024 0.500002 0
    outer loop
      vertex 7.0582 3.30925 16
      vertex 6.39496 4.45801 0
      vertex 6.39496 4.45801 16
    endloop
  endfacet
  facet normal 0.866024 0.500002 0
    outer loop
      vertex 6.39496 4.45801 0
      vertex 7.0582 3.30925 16
      vertex 7.0582 3.30925 0
    endloop
  endfacet
  facet normal 0.827265 0.561812 0
    outer loop
      vertex 7.09619 3.25331 16
      vertex 7.0582 3.30925 0
      vertex 7.0582 3.30925 16
    endloop
  endfacet
  facet normal 0.827265 0.561812 0
    outer loop
      vertex 7.0582 3.30925 0
      vertex 7.09619 3.25331 16
      vertex 7.09619 3.25331 0
    endloop
  endfacet
  facet normal 0.736653 0.676271 0
    outer loop
      vertex 7.14099 3.20451 16
      vertex 7.09619 3.25331 0
      vertex 7.09619 3.25331 16
    endloop
  endfacet
  facet normal 0.736653 0.676271 0
    outer loop
      vertex 7.09619 3.25331 0
      vertex 7.14099 3.20451 16
      vertex 7.14099 3.20451 0
    endloop
  endfacet
  facet normal 0.630939 0.775833 -0
    outer loop
      vertex 7.19159 3.16336 0
      vertex 7.14099 3.20451 16
      vertex 7.19159 3.16336 16
    endloop
  endfacet
  facet normal 0.630939 0.775833 0
    outer loop
      vertex 7.14099 3.20451 16
      vertex 7.19159 3.16336 0
      vertex 7.14099 3.20451 0
    endloop
  endfacet
  facet normal 0.511847 0.859077 -0
    outer loop
      vertex 7.24696 3.13037 0
      vertex 7.19159 3.16336 16
      vertex 7.24696 3.13037 16
    endloop
  endfacet
  facet normal 0.511847 0.859077 0
    outer loop
      vertex 7.19159 3.16336 16
      vertex 7.24696 3.13037 0
      vertex 7.19159 3.16336 0
    endloop
  endfacet
  facet normal 0.38038 0.92483 -0
    outer loop
      vertex 7.30609 3.10605 0
      vertex 7.24696 3.13037 16
      vertex 7.30609 3.10605 16
    endloop
  endfacet
  facet normal 0.38038 0.92483 0
    outer loop
      vertex 7.24696 3.13037 16
      vertex 7.30609 3.10605 0
      vertex 7.24696 3.13037 0
    endloop
  endfacet
  facet normal 0.237397 0.971413 -0
    outer loop
      vertex 7.36796 3.09093 0
      vertex 7.30609 3.10605 16
      vertex 7.36796 3.09093 16
    endloop
  endfacet
  facet normal 0.237397 0.971413 0
    outer loop
      vertex 7.30609 3.10605 16
      vertex 7.36796 3.09093 0
      vertex 7.30609 3.10605 0
    endloop
  endfacet
  facet normal 0.0853789 0.996349 -0
    outer loop
      vertex 7.43156 3.08548 0
      vertex 7.36796 3.09093 16
      vertex 7.43156 3.08548 16
    endloop
  endfacet
  facet normal 0.0853789 0.996349 0
    outer loop
      vertex 7.36796 3.09093 16
      vertex 7.43156 3.08548 0
      vertex 7.36796 3.09093 0
    endloop
  endfacet
  facet normal -0.0743002 0.997236 0
    outer loop
      vertex 7.49585 3.09027 0
      vertex 7.43156 3.08548 16
      vertex 7.49585 3.09027 16
    endloop
  endfacet
  facet normal -0.0743002 0.997236 0
    outer loop
      vertex 7.43156 3.08548 16
      vertex 7.49585 3.09027 0
      vertex 7.43156 3.08548 0
    endloop
  endfacet
  facet normal -0.153771 0.988107 0
    outer loop
      vertex 8.1847 3.19747 0
      vertex 7.49585 3.09027 16
      vertex 8.1847 3.19747 16
    endloop
  endfacet
  facet normal -0.153771 0.988107 0
    outer loop
      vertex 7.49585 3.09027 16
      vertex 8.1847 3.19747 0
      vertex 7.49585 3.09027 0
    endloop
  endfacet
  facet normal -0.0760568 0.997103 0
    outer loop
      vertex 8.24907 3.20238 0
      vertex 8.1847 3.19747 16
      vertex 8.24907 3.20238 16
    endloop
  endfacet
  facet normal -0.0760568 0.997103 0
    outer loop
      vertex 8.1847 3.19747 16
      vertex 8.24907 3.20238 0
      vertex 8.1847 3.19747 0
    endloop
  endfacet
  facet normal 0.083835 0.99648 -0
    outer loop
      vertex 8.31278 3.19702 0
      vertex 8.24907 3.20238 16
      vertex 8.31278 3.19702 16
    endloop
  endfacet
  facet normal 0.083835 0.99648 0
    outer loop
      vertex 8.24907 3.20238 16
      vertex 8.31278 3.19702 0
      vertex 8.24907 3.20238 0
    endloop
  endfacet
  facet normal 0.237111 0.971482 -0
    outer loop
      vertex 8.37477 3.18189 0
      vertex 8.31278 3.19702 16
      vertex 8.37477 3.18189 16
    endloop
  endfacet
  facet normal 0.237111 0.971482 0
    outer loop
      vertex 8.31278 3.19702 16
      vertex 8.37477 3.18189 0
      vertex 8.31278 3.19702 0
    endloop
  endfacet
  facet normal 0.380012 0.924982 -0
    outer loop
      vertex 8.43404 3.15754 0
      vertex 8.37477 3.18189 16
      vertex 8.43404 3.15754 16
    endloop
  endfacet
  facet normal 0.380012 0.924982 0
    outer loop
      vertex 8.37477 3.18189 16
      vertex 8.43404 3.15754 0
      vertex 8.37477 3.18189 0
    endloop
  endfacet
  facet normal 0.511487 0.859291 -0
    outer loop
      vertex 8.48953 3.12451 0
      vertex 8.43404 3.15754 16
      vertex 8.48953 3.12451 16
    endloop
  endfacet
  facet normal 0.511487 0.859291 0
    outer loop
      vertex 8.43404 3.15754 16
      vertex 8.48953 3.12451 0
      vertex 8.43404 3.15754 0
    endloop
  endfacet
  facet normal 0.630593 0.776114 -0
    outer loop
      vertex 8.54025 3.0833 0
      vertex 8.48953 3.12451 16
      vertex 8.54025 3.0833 16
    endloop
  endfacet
  facet normal 0.630593 0.776114 0
    outer loop
      vertex 8.48953 3.12451 16
      vertex 8.54025 3.0833 0
      vertex 8.48953 3.12451 0
    endloop
  endfacet
  facet normal 0.736493 0.676446 0
    outer loop
      vertex 8.54025 3.0833 16
      vertex 8.58272 3.03706 0
      vertex 8.54025 3.0833 0
    endloop
  endfacet
  facet normal 0.736486 0.676453 -3.7521e-08
    outer loop
      vertex 8.58273 3.03705 16
      vertex 8.58272 3.03706 0
      vertex 8.54025 3.0833 16
    endloop
  endfacet
  facet normal 0.707107 0.707107 0
    outer loop
      vertex 8.58272 3.03706 0
      vertex 8.58273 3.03705 16
      vertex 8.58273 3.03705 0
    endloop
  endfacet
  facet normal 0.676677 0.73628 -0
    outer loop
      vertex 3.08325 8.54027 0
      vertex 3.03705 8.58273 16
      vertex 3.08325 8.54027 16
    endloop
  endfacet
  facet normal 0.67659 0.73636 -4.60225e-07
    outer loop
      vertex 3.03705 8.58272 0
      vertex 3.03705 8.58273 16
      vertex 3.08325 8.54027 0
    endloop
  endfacet
  facet normal 1 0 0
    outer loop
      vertex 3.03705 8.58273 16
      vertex 3.03705 8.58272 0
      vertex 3.03705 8.58273 0
    endloop
  endfacet
  facet normal 0.776156 0.630541 0
    outer loop
      vertex 3.12443 8.48958 16
      vertex 3.08325 8.54027 0
      vertex 3.08325 8.54027 16
    endloop
  endfacet
  facet normal 0.776156 0.630541 0
    outer loop
      vertex 3.08325 8.54027 0
      vertex 3.12443 8.48958 16
      vertex 3.12443 8.48958 0
    endloop
  endfacet
  facet normal 0.859414 0.51128 0
    outer loop
      vertex 3.15743 8.43411 16
      vertex 3.12443 8.48958 0
      vertex 3.12443 8.48958 16
    endloop
  endfacet
  facet normal 0.859414 0.51128 0
    outer loop
      vertex 3.12443 8.48958 0
      vertex 3.15743 8.43411 16
      vertex 3.15743 8.43411 0
    endloop
  endfacet
  facet normal 0.925124 0.379666 0
    outer loop
      vertex 3.18175 8.37485 16
      vertex 3.15743 8.43411 0
      vertex 3.15743 8.43411 16
    endloop
  endfacet
  facet normal 0.925124 0.379666 0
    outer loop
      vertex 3.15743 8.43411 0
      vertex 3.18175 8.37485 16
      vertex 3.18175 8.37485 0
    endloop
  endfacet
  facet normal 0.971482 0.237111 0
    outer loop
      vertex 3.19688 8.31286 16
      vertex 3.18175 8.37485 0
      vertex 3.18175 8.37485 16
    endloop
  endfacet
  facet normal 0.971482 0.237111 0
    outer loop
      vertex 3.18175 8.37485 0
      vertex 3.19688 8.31286 16
      vertex 3.19688 8.31286 0
    endloop
  endfacet
  facet normal 0.996429 0.0844299 0
    outer loop
      vertex 3.20228 8.24913 16
      vertex 3.19688 8.31286 0
      vertex 3.19688 8.31286 16
    endloop
  endfacet
  facet normal 0.996429 0.0844299 0
    outer loop
      vertex 3.19688 8.31286 0
      vertex 3.20228 8.24913 16
      vertex 3.20228 8.24913 0
    endloop
  endfacet
  facet normal 0.997176 -0.0750979 0
    outer loop
      vertex 3.19743 8.18473 16
      vertex 3.20228 8.24913 0
      vertex 3.20228 8.24913 16
    endloop
  endfacet
  facet normal 0.997176 -0.0750979 0
    outer loop
      vertex 3.20228 8.24913 0
      vertex 3.19743 8.18473 16
      vertex 3.19743 8.18473 0
    endloop
  endfacet
  facet normal 0.988031 -0.154258 0
    outer loop
      vertex 3.08991 7.49606 16
      vertex 3.19743 8.18473 0
      vertex 3.19743 8.18473 16
    endloop
  endfacet
  facet normal 0.988031 -0.154258 0
    outer loop
      vertex 3.19743 8.18473 0
      vertex 3.08991 7.49606 16
      vertex 3.08991 7.49606 0
    endloop
  endfacet
  facet normal 0.997367 -0.0725245 0
    outer loop
      vertex 3.08523 7.4317 16
      vertex 3.08991 7.49606 0
      vertex 3.08991 7.49606 16
    endloop
  endfacet
  facet normal 0.997367 -0.0725245 0
    outer loop
      vertex 3.08991 7.49606 0
      vertex 3.08523 7.4317 16
      vertex 3.08523 7.4317 0
    endloop
  endfacet
  facet normal 0.996335 0.0855344 0
    outer loop
      vertex 3.09069 7.3681 16
      vertex 3.08523 7.4317 0
      vertex 3.08523 7.4317 16
    endloop
  endfacet
  facet normal 0.996335 0.0855344 0
    outer loop
      vertex 3.08523 7.4317 0
      vertex 3.09069 7.3681 16
      vertex 3.09069 7.3681 0
    endloop
  endfacet
  facet normal 0.971322 0.237769 0
    outer loop
      vertex 3.10584 7.30621 16
      vertex 3.09069 7.3681 0
      vertex 3.09069 7.3681 16
    endloop
  endfacet
  facet normal 0.971322 0.237769 0
    outer loop
      vertex 3.09069 7.3681 0
      vertex 3.10584 7.30621 16
      vertex 3.10584 7.30621 0
    endloop
  endfacet
  facet normal 0.924808 0.380435 0
    outer loop
      vertex 3.13016 7.24709 16
      vertex 3.10584 7.30621 0
      vertex 3.10584 7.30621 16
    endloop
  endfacet
  facet normal 0.924808 0.380435 0
    outer loop
      vertex 3.10584 7.30621 0
      vertex 3.13016 7.24709 16
      vertex 3.13016 7.24709 0
    endloop
  endfacet
  facet normal 0.859118 0.511778 0
    outer loop
      vertex 3.16315 7.19171 16
      vertex 3.13016 7.24709 0
      vertex 3.13016 7.24709 16
    endloop
  endfacet
  facet normal 0.859118 0.511778 0
    outer loop
      vertex 3.13016 7.24709 0
      vertex 3.16315 7.19171 16
      vertex 3.16315 7.19171 0
    endloop
  endfacet
  facet normal 0.775682 0.631123 0
    outer loop
      vertex 3.20432 7.14111 16
      vertex 3.16315 7.19171 0
      vertex 3.16315 7.19171 16
    endloop
  endfacet
  facet normal 0.775682 0.631123 0
    outer loop
      vertex 3.16315 7.19171 0
      vertex 3.20432 7.14111 16
      vertex 3.20432 7.14111 0
    endloop
  endfacet
  facet normal 0.676223 0.736697 -0
    outer loop
      vertex 3.25317 7.09627 0
      vertex 3.20432 7.14111 16
      vertex 3.25317 7.09627 16
    endloop
  endfacet
  facet normal 0.676223 0.736697 0
    outer loop
      vertex 3.20432 7.14111 16
      vertex 3.25317 7.09627 0
      vertex 3.20432 7.14111 0
    endloop
  endfacet
  facet normal 0.5617 0.827341 -0
    outer loop
      vertex 3.3092 7.05823 0
      vertex 3.25317 7.09627 16
      vertex 3.3092 7.05823 16
    endloop
  endfacet
  facet normal 0.5617 0.827341 0
    outer loop
      vertex 3.25317 7.09627 16
      vertex 3.3092 7.05823 0
      vertex 3.25317 7.09627 0
    endloop
  endfacet
  facet normal 0.499999 0.866026 -0
    outer loop
      vertex 4.45795 6.395 0
      vertex 3.3092 7.05823 16
      vertex 4.45795 6.395 16
    endloop
  endfacet
  facet normal 0.499999 0.866026 0
    outer loop
      vertex 3.3092 7.05823 16
      vertex 4.45795 6.395 0
      vertex 3.3092 7.05823 0
    endloop
  endfacet
  facet normal 0.435642 0.90012 -0
    outer loop
      vertex 4.51882 6.36554 0
      vertex 4.45795 6.395 16
      vertex 4.51882 6.36554 16
    endloop
  endfacet
  facet normal 0.435642 0.90012 0
    outer loop
      vertex 4.45795 6.395 16
      vertex 4.51882 6.36554 0
      vertex 4.45795 6.395 0
    endloop
  endfacet
  facet normal 0.299607 0.954063 -0
    outer loop
      vertex 4.58203 6.34569 0
      vertex 4.51882 6.36554 16
      vertex 4.58203 6.34569 16
    endloop
  endfacet
  facet normal 0.299607 0.954063 0
    outer loop
      vertex 4.51882 6.36554 16
      vertex 4.58203 6.34569 0
      vertex 4.51882 6.36554 0
    endloop
  endfacet
  facet normal 0.158702 0.987327 -0
    outer loop
      vertex 4.64642 6.33534 0
      vertex 4.58203 6.34569 16
      vertex 4.64642 6.33534 16
    endloop
  endfacet
  facet normal 0.158702 0.987327 0
    outer loop
      vertex 4.58203 6.34569 16
      vertex 4.64642 6.33534 0
      vertex 4.58203 6.34569 0
    endloop
  endfacet
  facet normal 0.0136527 0.999907 -0
    outer loop
      vertex 4.71087 6.33446 0
      vertex 4.64642 6.33534 16
      vertex 4.71087 6.33446 16
    endloop
  endfacet
  facet normal 0.0136527 0.999907 0
    outer loop
      vertex 4.64642 6.33534 16
      vertex 4.71087 6.33446 0
      vertex 4.64642 6.33534 0
    endloop
  endfacet
  facet normal -0.133117 0.9911 0
    outer loop
      vertex 4.77423 6.34297 0
      vertex 4.71087 6.33446 16
      vertex 4.77423 6.34297 16
    endloop
  endfacet
  facet normal -0.133117 0.9911 0
    outer loop
      vertex 4.71087 6.33446 16
      vertex 4.77423 6.34297 0
      vertex 4.71087 6.33446 0
    endloop
  endfacet
  facet normal -0.280066 0.959981 0
    outer loop
      vertex 4.83538 6.36081 0
      vertex 4.77423 6.34297 16
      vertex 4.83538 6.36081 16
    endloop
  endfacet
  facet normal -0.280066 0.959981 0
    outer loop
      vertex 4.77423 6.34297 16
      vertex 4.83538 6.36081 0
      vertex 4.77423 6.34297 0
    endloop
  endfacet
  facet normal -0.424257 0.905542 0
    outer loop
      vertex 4.89318 6.38789 0
      vertex 4.83538 6.36081 16
      vertex 4.89318 6.38789 16
    endloop
  endfacet
  facet normal -0.424257 0.905542 0
    outer loop
      vertex 4.83538 6.36081 16
      vertex 4.89318 6.38789 0
      vertex 4.83538 6.36081 0
    endloop
  endfacet
  facet normal -0.562942 0.826496 0
    outer loop
      vertex 4.94646 6.42418 0
      vertex 4.89318 6.38789 16
      vertex 4.94646 6.42418 16
    endloop
  endfacet
  facet normal -0.562942 0.826496 0
    outer loop
      vertex 4.89318 6.38789 16
      vertex 4.94646 6.42418 0
      vertex 4.89318 6.38789 0
    endloop
  endfacet
  facet normal -0.62723 0.778834 0
    outer loop
      vertex 5.48942 6.86145 0
      vertex 4.94646 6.42418 16
      vertex 5.48942 6.86145 16
    endloop
  endfacet
  facet normal -0.62723 0.778834 0
    outer loop
      vertex 4.94646 6.42418 16
      vertex 5.48942 6.86145 0
      vertex 4.94646 6.42418 0
    endloop
  endfacet
  facet normal -0.564351 0.825535 0
    outer loop
      vertex 5.54271 6.89788 0
      vertex 5.48942 6.86145 16
      vertex 5.54271 6.89788 16
    endloop
  endfacet
  facet normal -0.564351 0.825535 0
    outer loop
      vertex 5.48942 6.86145 16
      vertex 5.54271 6.89788 0
      vertex 5.48942 6.86145 0
    endloop
  endfacet
  facet normal -0.425564 0.904929 0
    outer loop
      vertex 5.60057 6.92509 0
      vertex 5.54271 6.89788 16
      vertex 5.60057 6.92509 16
    endloop
  endfacet
  facet normal -0.425564 0.904929 0
    outer loop
      vertex 5.54271 6.89788 16
      vertex 5.60057 6.92509 0
      vertex 5.54271 6.89788 0
    endloop
  endfacet
  facet normal -0.280511 0.959851 0
    outer loop
      vertex 5.66182 6.94299 0
      vertex 5.60057 6.92509 16
      vertex 5.66182 6.94299 16
    endloop
  endfacet
  facet normal -0.280511 0.959851 0
    outer loop
      vertex 5.60057 6.92509 16
      vertex 5.66182 6.94299 0
      vertex 5.60057 6.92509 0
    endloop
  endfacet
  facet normal -0.133288 0.991077 0
    outer loop
      vertex 5.72532 6.95153 0
      vertex 5.66182 6.94299 16
      vertex 5.72532 6.95153 16
    endloop
  endfacet
  facet normal -0.133288 0.991077 0
    outer loop
      vertex 5.66182 6.94299 16
      vertex 5.72532 6.95153 0
      vertex 5.66182 6.94299 0
    endloop
  endfacet
  facet normal 0.0133156 0.999911 -0
    outer loop
      vertex 5.7899 6.95067 0
      vertex 5.72532 6.95153 16
      vertex 5.7899 6.95067 16
    endloop
  endfacet
  facet normal 0.0133156 0.999911 0
    outer loop
      vertex 5.72532 6.95153 16
      vertex 5.7899 6.95067 0
      vertex 5.72532 6.95153 0
    endloop
  endfacet
  facet normal 0.158092 0.987424 -0
    outer loop
      vertex 5.85442 6.94034 0
      vertex 5.7899 6.95067 16
      vertex 5.85442 6.94034 16
    endloop
  endfacet
  facet normal 0.158092 0.987424 0
    outer loop
      vertex 5.7899 6.95067 16
      vertex 5.85442 6.94034 0
      vertex 5.7899 6.95067 0
    endloop
  endfacet
  facet normal 0.299553 0.95408 -0
    outer loop
      vertex 5.91433 6.92153 0
      vertex 5.85442 6.94034 16
      vertex 5.91433 6.92153 16
    endloop
  endfacet
  facet normal 0.299553 0.95408 0
    outer loop
      vertex 5.85442 6.94034 16
      vertex 5.91433 6.92153 0
      vertex 5.85442 6.94034 0
    endloop
  endfacet
  facet normal 0.217673 0.976022 -0
    outer loop
      vertex -1.59996 8.93772 0
      vertex -1.66121 8.95138 16
      vertex -1.59996 8.93772 16
    endloop
  endfacet
  facet normal 0.217707 0.976014 1.36067e-07
    outer loop
      vertex -1.6612 8.95138 0
      vertex -1.66121 8.95138 16
      vertex -1.59996 8.93772 0
    endloop
  endfacet
  facet normal 0 1 0
    outer loop
      vertex -1.66121 8.95138 16
      vertex -1.6612 8.95138 0
      vertex -1.66121 8.95138 0
    endloop
  endfacet
  facet normal 0.356957 0.934121 -0
    outer loop
      vertex -1.53896 8.91441 0
      vertex -1.59996 8.93772 16
      vertex -1.53896 8.91441 16
    endloop
  endfacet
  facet normal 0.356957 0.934121 0
    outer loop
      vertex -1.59996 8.93772 16
      vertex -1.53896 8.91441 0
      vertex -1.59996 8.93772 0
    endloop
  endfacet
  facet normal 0.488613 0.872501 -0
    outer loop
      vertex -1.48264 8.88287 0
      vertex -1.53896 8.91441 16
      vertex -1.48264 8.88287 16
    endloop
  endfacet
  facet normal 0.488613 0.872501 0
    outer loop
      vertex -1.53896 8.91441 16
      vertex -1.48264 8.88287 0
      vertex -1.53896 8.91441 0
    endloop
  endfacet
  facet normal 0.611354 0.791357 -0
    outer loop
      vertex -1.43195 8.84371 0
      vertex -1.48264 8.88287 16
      vertex -1.43195 8.84371 16
    endloop
  endfacet
  facet normal 0.611354 0.791357 0
    outer loop
      vertex -1.48264 8.88287 16
      vertex -1.43195 8.84371 0
      vertex -1.48264 8.88287 0
    endloop
  endfacet
  facet normal 0.722832 0.691023 0
    outer loop
      vertex -1.38785 8.79758 16
      vertex -1.43195 8.84371 0
      vertex -1.43195 8.84371 16
    endloop
  endfacet
  facet normal 0.722832 0.691023 0
    outer loop
      vertex -1.43195 8.84371 0
      vertex -1.38785 8.79758 16
      vertex -1.38785 8.79758 0
    endloop
  endfacet
  facet normal 0.820647 0.571435 0
    outer loop
      vertex -1.3513 8.74509 16
      vertex -1.38785 8.79758 0
      vertex -1.38785 8.79758 16
    endloop
  endfacet
  facet normal 0.820647 0.571435 0
    outer loop
      vertex -1.38785 8.79758 0
      vertex -1.3513 8.74509 16
      vertex -1.3513 8.74509 0
    endloop
  endfacet
  facet normal 0.901168 0.433471 0
    outer loop
      vertex -1.32331 8.6869 16
      vertex -1.3513 8.74509 0
      vertex -1.3513 8.74509 16
    endloop
  endfacet
  facet normal 0.901168 0.433471 0
    outer loop
      vertex -1.3513 8.74509 0
      vertex -1.32331 8.6869 16
      vertex -1.32331 8.6869 0
    endloop
  endfacet
  facet normal 0.932788 0.360427 0
    outer loop
      vertex -1.07209 8.03674 16
      vertex -1.32331 8.6869 0
      vertex -1.32331 8.6869 16
    endloop
  endfacet
  facet normal 0.932788 0.360427 0
    outer loop
      vertex -1.32331 8.6869 0
      vertex -1.07209 8.03674 16
      vertex -1.07209 8.03674 0
    endloop
  endfacet
  facet normal 0.899997 0.435897 0
    outer loop
      vertex -1.04396 7.97866 16
      vertex -1.07209 8.03674 0
      vertex -1.07209 8.03674 16
    endloop
  endfacet
  facet normal 0.899997 0.435897 0
    outer loop
      vertex -1.07209 8.03674 0
      vertex -1.04396 7.97866 16
      vertex -1.04396 7.97866 0
    endloop
  endfacet
  facet normal 0.820077 0.572253 0
    outer loop
      vertex -1.00743 7.92631 16
      vertex -1.04396 7.97866 0
      vertex -1.04396 7.97866 16
    endloop
  endfacet
  facet normal 0.820077 0.572253 0
    outer loop
      vertex -1.04396 7.97866 0
      vertex -1.00743 7.92631 16
      vertex -1.00743 7.92631 0
    endloop
  endfacet
  facet normal 0.722298 0.691582 0
    outer loop
      vertex -0.963367 7.88029 16
      vertex -1.00743 7.92631 0
      vertex -1.00743 7.92631 16
    endloop
  endfacet
  facet normal 0.722298 0.691582 0
    outer loop
      vertex -1.00743 7.92631 0
      vertex -0.963367 7.88029 16
      vertex -0.963367 7.88029 0
    endloop
  endfacet
  facet normal 0.610791 0.791792 -0
    outer loop
      vertex -0.912745 7.84124 0
      vertex -0.963367 7.88029 16
      vertex -0.912745 7.84124 16
    endloop
  endfacet
  facet normal 0.610791 0.791792 0
    outer loop
      vertex -0.963367 7.88029 16
      vertex -0.912745 7.84124 0
      vertex -0.963367 7.88029 0
    endloop
  endfacet
  facet normal 0.488078 0.8728 -0
    outer loop
      vertex -0.856487 7.80978 0
      vertex -0.912745 7.84124 16
      vertex -0.856487 7.80978 16
    endloop
  endfacet
  facet normal 0.488078 0.8728 0
    outer loop
      vertex -0.912745 7.84124 16
      vertex -0.856487 7.80978 0
      vertex -0.912745 7.84124 0
    endloop
  endfacet
  facet normal 0.356261 0.934387 -0
    outer loop
      vertex -0.795534 7.78654 0
      vertex -0.856487 7.80978 16
      vertex -0.795534 7.78654 16
    endloop
  endfacet
  facet normal 0.356261 0.934387 0
    outer loop
      vertex -0.856487 7.80978 16
      vertex -0.795534 7.78654 0
      vertex -0.856487 7.80978 0
    endloop
  endfacet
  facet normal 0.21731 0.976103 -0
    outer loop
      vertex -0.730808 7.77213 0
      vertex -0.795534 7.78654 16
      vertex -0.730808 7.77213 16
    endloop
  endfacet
  facet normal 0.21731 0.976103 0
    outer loop
      vertex -0.795534 7.78654 16
      vertex -0.730808 7.77213 0
      vertex -0.795534 7.78654 0
    endloop
  endfacet
  facet normal 0.0727947 0.997347 -0
    outer loop
      vertex -0.663263 7.7672 0
      vertex -0.730808 7.77213 16
      vertex -0.663263 7.7672 16
    endloop
  endfacet
  facet normal 0.0727947 0.997347 0
    outer loop
      vertex -0.730808 7.77213 16
      vertex -0.663263 7.7672 0
      vertex -0.730808 7.77213 0
    endloop
  endfacet
  facet normal 0 1 -0
    outer loop
      vertex 0.663198 7.7672 0
      vertex -0.663263 7.7672 16
      vertex 0.663198 7.7672 16
    endloop
  endfacet
  facet normal 0 1 0
    outer loop
      vertex -0.663263 7.7672 16
      vertex 0.663198 7.7672 0
      vertex -0.663263 7.7672 0
    endloop
  endfacet
  facet normal -0.0728989 0.997339 0
    outer loop
      vertex 0.730646 7.77213 0
      vertex 0.663198 7.7672 16
      vertex 0.730646 7.77213 16
    endloop
  endfacet
  facet normal -0.0728989 0.997339 0
    outer loop
      vertex 0.663198 7.7672 16
      vertex 0.730646 7.77213 0
      vertex 0.663198 7.7672 0
    endloop
  endfacet
  facet normal -0.217515 0.976057 0
    outer loop
      vertex 0.795308 7.78654 0
      vertex 0.730646 7.77213 16
      vertex 0.795308 7.78654 16
    endloop
  endfacet
  facet normal -0.217515 0.976057 0
    outer loop
      vertex 0.730646 7.77213 16
      vertex 0.795308 7.78654 0
      vertex 0.730646 7.77213 0
    endloop
  endfacet
  facet normal -0.356342 0.934356 0
    outer loop
      vertex 0.856245 7.80978 0
      vertex 0.795308 7.78654 16
      vertex 0.856245 7.80978 16
    endloop
  endfacet
  facet normal -0.356342 0.934356 0
    outer loop
      vertex 0.795308 7.78654 16
      vertex 0.856245 7.80978 0
      vertex 0.795308 7.78654 0
    endloop
  endfacet
  facet normal -0.488085 0.872796 0
    outer loop
      vertex 0.912502 7.84124 0
      vertex 0.856245 7.80978 16
      vertex 0.912502 7.84124 16
    endloop
  endfacet
  facet normal -0.488085 0.872796 0
    outer loop
      vertex 0.856245 7.80978 16
      vertex 0.912502 7.84124 0
      vertex 0.856245 7.80978 0
    endloop
  endfacet
  facet normal -0.610799 0.791786 0
    outer loop
      vertex 0.963123 7.88029 0
      vertex 0.912502 7.84124 16
      vertex 0.963123 7.88029 16
    endloop
  endfacet
  facet normal -0.610799 0.791786 0
    outer loop
      vertex 0.912502 7.84124 16
      vertex 0.963123 7.88029 0
      vertex 0.912502 7.84124 0
    endloop
  endfacet
  facet normal -0.72258 0.691287 0
    outer loop
      vertex 0.963123 7.88029 0
      vertex 1.00715 7.92631 16
      vertex 1.00715 7.92631 0
    endloop
  endfacet
  facet normal -0.72258 0.691287 0
    outer loop
      vertex 1.00715 7.92631 16
      vertex 0.963123 7.88029 0
      vertex 0.963123 7.88029 16
    endloop
  endfacet
  facet normal -0.820151 0.572147 0
    outer loop
      vertex 1.00715 7.92631 0
      vertex 1.04367 7.97866 16
      vertex 1.04367 7.97866 0
    endloop
  endfacet
  facet normal -0.820151 0.572147 0
    outer loop
      vertex 1.04367 7.97866 16
      vertex 1.00715 7.92631 0
      vertex 1.00715 7.92631 16
    endloop
  endfacet
  facet normal -0.900786 0.434263 0
    outer loop
      vertex 1.04367 7.97866 0
      vertex 1.07167 8.03674 16
      vertex 1.07167 8.03674 0
    endloop
  endfacet
  facet normal -0.900786 0.434263 0
    outer loop
      vertex 1.07167 8.03674 16
      vertex 1.04367 7.97866 0
      vertex 1.04367 7.97866 16
    endloop
  endfacet
  facet normal -0.932609 0.360888 0
    outer loop
      vertex 1.07167 8.03674 0
      vertex 1.32326 8.6869 16
      vertex 1.32326 8.6869 0
    endloop
  endfacet
  facet normal -0.932609 0.360888 0
    outer loop
      vertex 1.32326 8.6869 16
      vertex 1.07167 8.03674 0
      vertex 1.07167 8.03674 16
    endloop
  endfacet
  facet normal -0.90153 0.432716 0
    outer loop
      vertex 1.32326 8.6869 0
      vertex 1.35119 8.74509 16
      vertex 1.35119 8.74509 0
    endloop
  endfacet
  facet normal -0.90153 0.432716 0
    outer loop
      vertex 1.35119 8.74509 16
      vertex 1.32326 8.6869 0
      vertex 1.32326 8.6869 16
    endloop
  endfacet
  facet normal -0.821014 0.570909 0
    outer loop
      vertex 1.35119 8.74509 0
      vertex 1.38769 8.79758 16
      vertex 1.38769 8.79758 0
    endloop
  endfacet
  facet normal -0.821014 0.570909 0
    outer loop
      vertex 1.38769 8.79758 16
      vertex 1.35119 8.74509 0
      vertex 1.35119 8.74509 16
    endloop
  endfacet
  facet normal -0.722832 0.691023 0
    outer loop
      vertex 1.38769 8.79758 0
      vertex 1.43179 8.84371 16
      vertex 1.43179 8.84371 0
    endloop
  endfacet
  facet normal -0.722832 0.691023 0
    outer loop
      vertex 1.43179 8.84371 16
      vertex 1.38769 8.79758 0
      vertex 1.38769 8.79758 16
    endloop
  endfacet
  facet normal -0.611128 0.791532 0
    outer loop
      vertex 1.48251 8.88287 0
      vertex 1.43179 8.84371 16
      vertex 1.48251 8.88287 16
    endloop
  endfacet
  facet normal -0.611128 0.791532 0
    outer loop
      vertex 1.43179 8.84371 16
      vertex 1.48251 8.88287 0
      vertex 1.43179 8.84371 0
    endloop
  endfacet
  facet normal -0.488415 0.872612 0
    outer loop
      vertex 1.53886 8.91441 0
      vertex 1.48251 8.88287 16
      vertex 1.53886 8.91441 16
    endloop
  endfacet
  facet normal -0.488415 0.872612 0
    outer loop
      vertex 1.48251 8.88287 16
      vertex 1.53886 8.91441 0
      vertex 1.48251 8.88287 0
    endloop
  endfacet
  facet normal -0.356702 0.934218 0
    outer loop
      vertex 1.59991 8.93772 0
      vertex 1.53886 8.91441 16
      vertex 1.59991 8.93772 16
    endloop
  endfacet
  facet normal -0.356702 0.934218 0
    outer loop
      vertex 1.53886 8.91441 16
      vertex 1.59991 8.93772 0
      vertex 1.53886 8.91441 0
    endloop
  endfacet
  facet normal -0.217689 0.976018 0
    outer loop
      vertex 1.6612 8.95139 0
      vertex 1.59991 8.93772 16
      vertex 1.6612 8.95139 16
    endloop
  endfacet
  facet normal -0.707105 0.707105 -0.00210452
    outer loop
      vertex 1.66119 8.95138 0
      vertex 1.59991 8.93772 16
      vertex 1.6612 8.95139 0
    endloop
  endfacet
  facet normal -0.217571 0.976044 0
    outer loop
      vertex 1.59991 8.93772 16
      vertex 1.66119 8.95138 0
      vertex 1.59991 8.93772 0
    endloop
  endfacet
  facet normal -0.299445 0.954113 0
    outer loop
      vertex -5.85447 6.94031 0
      vertex -5.91434 6.92152 16
      vertex -5.85447 6.94031 16
    endloop
  endfacet
  facet normal -0.299491 0.954099 -1.87182e-07
    outer loop
      vertex -5.91433 6.92152 0
      vertex -5.91434 6.92152 16
      vertex -5.85447 6.94031 0
    endloop
  endfacet
  facet normal 0 1 0
    outer loop
      vertex -5.91434 6.92152 16
      vertex -5.91433 6.92152 0
      vertex -5.91434 6.92152 0
    endloop
  endfacet
  facet normal -0.157865 0.987461 0
    outer loop
      vertex -5.78998 6.95062 0
      vertex -5.85447 6.94031 16
      vertex -5.78998 6.95062 16
    endloop
  endfacet
  facet normal -0.157865 0.987461 0
    outer loop
      vertex -5.85447 6.94031 16
      vertex -5.78998 6.95062 0
      vertex -5.85447 6.94031 0
    endloop
  endfacet
  facet normal -0.0131669 0.999913 0
    outer loop
      vertex -5.72543 6.95147 0
      vertex -5.78998 6.95062 16
      vertex -5.72543 6.95147 16
    endloop
  endfacet
  facet normal -0.0131669 0.999913 0
    outer loop
      vertex -5.78998 6.95062 16
      vertex -5.72543 6.95147 0
      vertex -5.78998 6.95062 0
    endloop
  endfacet
  facet normal 0.13381 0.991007 -0
    outer loop
      vertex -5.66196 6.9429 0
      vertex -5.72543 6.95147 16
      vertex -5.66196 6.9429 16
    endloop
  endfacet
  facet normal 0.13381 0.991007 0
    outer loop
      vertex -5.72543 6.95147 16
      vertex -5.66196 6.9429 0
      vertex -5.72543 6.95147 0
    endloop
  endfacet
  facet normal 0.280511 0.959851 -0
    outer loop
      vertex -5.60071 6.925 0
      vertex -5.66196 6.9429 16
      vertex -5.60071 6.925 16
    endloop
  endfacet
  facet normal 0.280511 0.959851 0
    outer loop
      vertex -5.66196 6.9429 16
      vertex -5.60071 6.925 0
      vertex -5.66196 6.9429 0
    endloop
  endfacet
  facet normal 0.424939 0.905222 -0
    outer loop
      vertex -5.54281 6.89782 0
      vertex -5.60071 6.925 16
      vertex -5.54281 6.89782 16
    endloop
  endfacet
  facet normal 0.424939 0.905222 0
    outer loop
      vertex -5.60071 6.925 16
      vertex -5.54281 6.89782 0
      vertex -5.60071 6.925 0
    endloop
  endfacet
  facet normal 0.563601 0.826047 -0
    outer loop
      vertex -5.48946 6.86142 0
      vertex -5.54281 6.89782 16
      vertex -5.48946 6.86142 16
    endloop
  endfacet
  facet normal 0.563601 0.826047 0
    outer loop
      vertex -5.54281 6.89782 16
      vertex -5.48946 6.86142 0
      vertex -5.54281 6.89782 0
    endloop
  endfacet
  facet normal 0.627618 0.778522 -0
    outer loop
      vertex -4.94683 6.42397 0
      vertex -5.48946 6.86142 16
      vertex -4.94683 6.42397 16
    endloop
  endfacet
  facet normal 0.627618 0.778522 0
    outer loop
      vertex -5.48946 6.86142 16
      vertex -4.94683 6.42397 0
      vertex -5.48946 6.86142 0
    endloop
  endfacet
  facet normal 0.561441 0.827517 -0
    outer loop
      vertex -4.89343 6.38774 0
      vertex -4.94683 6.42397 16
      vertex -4.89343 6.38774 16
    endloop
  endfacet
  facet normal 0.561441 0.827517 0
    outer loop
      vertex -4.94683 6.42397 16
      vertex -4.89343 6.38774 0
      vertex -4.94683 6.42397 0
    endloop
  endfacet
  facet normal 0.424008 0.905658 -0
    outer loop
      vertex -4.83561 6.36067 0
      vertex -4.89343 6.38774 16
      vertex -4.83561 6.36067 16
    endloop
  endfacet
  facet normal 0.424008 0.905658 0
    outer loop
      vertex -4.89343 6.38774 16
      vertex -4.83561 6.36067 0
      vertex -4.89343 6.38774 0
    endloop
  endfacet
  facet normal 0.279837 0.960047 -0
    outer loop
      vertex -4.77444 6.34284 0
      vertex -4.83561 6.36067 16
      vertex -4.77444 6.34284 16
    endloop
  endfacet
  facet normal 0.279837 0.960047 0
    outer loop
      vertex -4.83561 6.36067 16
      vertex -4.77444 6.34284 0
      vertex -4.83561 6.36067 0
    endloop
  endfacet
  facet normal 0.132963 0.991121 -0
    outer loop
      vertex -4.71108 6.33434 0
      vertex -4.77444 6.34284 16
      vertex -4.71108 6.33434 16
    endloop
  endfacet
  facet normal 0.132963 0.991121 0
    outer loop
      vertex -4.77444 6.34284 16
      vertex -4.71108 6.33434 0
      vertex -4.77444 6.34284 0
    endloop
  endfacet
  facet normal -0.0136527 0.999907 0
    outer loop
      vertex -4.64663 6.33522 0
      vertex -4.71108 6.33434 16
      vertex -4.64663 6.33522 16
    endloop
  endfacet
  facet normal -0.0136527 0.999907 0
    outer loop
      vertex -4.71108 6.33434 16
      vertex -4.64663 6.33522 0
      vertex -4.71108 6.33434 0
    endloop
  endfacet
  facet normal -0.158654 0.987334 0
    outer loop
      vertex -4.58222 6.34557 0
      vertex -4.64663 6.33522 16
      vertex -4.58222 6.34557 16
    endloop
  endfacet
  facet normal -0.158654 0.987334 0
    outer loop
      vertex -4.64663 6.33522 16
      vertex -4.58222 6.34557 0
      vertex -4.64663 6.33522 0
    endloop
  endfacet
  facet normal -0.29994 0.953958 0
    outer loop
      vertex -4.51896 6.36546 0
      vertex -4.58222 6.34557 16
      vertex -4.51896 6.36546 16
    endloop
  endfacet
  facet normal -0.29994 0.953958 0
    outer loop
      vertex -4.58222 6.34557 16
      vertex -4.51896 6.36546 0
      vertex -4.58222 6.34557 0
    endloop
  endfacet
  facet normal -0.435657 0.900113 0
    outer loop
      vertex -4.45801 6.39496 0
      vertex -4.51896 6.36546 16
      vertex -4.45801 6.39496 16
    endloop
  endfacet
  facet normal -0.435657 0.900113 0
    outer loop
      vertex -4.51896 6.36546 16
      vertex -4.45801 6.39496 0
      vertex -4.51896 6.36546 0
    endloop
  endfacet
  facet normal -0.500002 0.866024 0
    outer loop
      vertex -3.30925 7.0582 0
      vertex -4.45801 6.39496 16
      vertex -3.30925 7.0582 16
    endloop
  endfacet
  facet normal -0.500002 0.866024 0
    outer loop
      vertex -4.45801 6.39496 16
      vertex -3.30925 7.0582 0
      vertex -4.45801 6.39496 0
    endloop
  endfacet
  facet normal -0.561812 0.827265 0
    outer loop
      vertex -3.25331 7.09619 0
      vertex -3.30925 7.0582 16
      vertex -3.25331 7.09619 16
    endloop
  endfacet
  facet normal -0.561812 0.827265 0
    outer loop
      vertex -3.30925 7.0582 16
      vertex -3.25331 7.09619 0
      vertex -3.30925 7.0582 0
    endloop
  endfacet
  facet normal -0.676271 0.736653 0
    outer loop
      vertex -3.20451 7.14099 0
      vertex -3.25331 7.09619 16
      vertex -3.20451 7.14099 16
    endloop
  endfacet
  facet normal -0.676271 0.736653 0
    outer loop
      vertex -3.25331 7.09619 16
      vertex -3.20451 7.14099 0
      vertex -3.25331 7.09619 0
    endloop
  endfacet
  facet normal -0.775833 0.630939 0
    outer loop
      vertex -3.20451 7.14099 0
      vertex -3.16336 7.19159 16
      vertex -3.16336 7.19159 0
    endloop
  endfacet
  facet normal -0.775833 0.630939 0
    outer loop
      vertex -3.16336 7.19159 16
      vertex -3.20451 7.14099 0
      vertex -3.20451 7.14099 16
    endloop
  endfacet
  facet normal -0.859077 0.511847 0
    outer loop
      vertex -3.16336 7.19159 0
      vertex -3.13037 7.24696 16
      vertex -3.13037 7.24696 0
    endloop
  endfacet
  facet normal -0.859077 0.511847 0
    outer loop
      vertex -3.13037 7.24696 16
      vertex -3.16336 7.19159 0
      vertex -3.16336 7.19159 16
    endloop
  endfacet
  facet normal -0.92483 0.38038 0
    outer loop
      vertex -3.13037 7.24696 0
      vertex -3.10605 7.30609 16
      vertex -3.10605 7.30609 0
    endloop
  endfacet
  facet normal -0.92483 0.38038 0
    outer loop
      vertex -3.10605 7.30609 16
      vertex -3.13037 7.24696 0
      vertex -3.13037 7.24696 16
    endloop
  endfacet
  facet normal -0.971413 0.237397 0
    outer loop
      vertex -3.10605 7.30609 0
      vertex -3.09093 7.36796 16
      vertex -3.09093 7.36796 0
    endloop
  endfacet
  facet normal -0.971413 0.237397 0
    outer loop
      vertex -3.09093 7.36796 16
      vertex -3.10605 7.30609 0
      vertex -3.10605 7.30609 16
    endloop
  endfacet
  facet normal -0.996349 0.0853789 0
    outer loop
      vertex -3.09093 7.36796 0
      vertex -3.08548 7.43156 16
      vertex -3.08548 7.43156 0
    endloop
  endfacet
  facet normal -0.996349 0.0853789 0
    outer loop
      vertex -3.08548 7.43156 16
      vertex -3.09093 7.36796 0
      vertex -3.09093 7.36796 16
    endloop
  endfacet
  facet normal -0.997236 -0.0743002 0
    outer loop
      vertex -3.08548 7.43156 0
      vertex -3.09027 7.49585 16
      vertex -3.09027 7.49585 0
    endloop
  endfacet
  facet normal -0.997236 -0.0743002 0
    outer loop
      vertex -3.09027 7.49585 16
      vertex -3.08548 7.43156 0
      vertex -3.08548 7.43156 16
    endloop
  endfacet
  facet normal -0.988107 -0.153771 0
    outer loop
      vertex -3.09027 7.49585 0
      vertex -3.19747 8.1847 16
      vertex -3.19747 8.1847 0
    endloop
  endfacet
  facet normal -0.988107 -0.153771 0
    outer loop
      vertex -3.19747 8.1847 16
      vertex -3.09027 7.49585 0
      vertex -3.09027 7.49585 16
    endloop
  endfacet
  facet normal -0.997103 -0.0760568 0
    outer loop
      vertex -3.19747 8.1847 0
      vertex -3.20238 8.24907 16
      vertex -3.20238 8.24907 0
    endloop
  endfacet
  facet normal -0.997103 -0.0760568 0
    outer loop
      vertex -3.20238 8.24907 16
      vertex -3.19747 8.1847 0
      vertex -3.19747 8.1847 16
    endloop
  endfacet
  facet normal -0.99648 0.083835 0
    outer loop
      vertex -3.20238 8.24907 0
      vertex -3.19702 8.31278 16
      vertex -3.19702 8.31278 0
    endloop
  endfacet
  facet normal -0.99648 0.083835 0
    outer loop
      vertex -3.19702 8.31278 16
      vertex -3.20238 8.24907 0
      vertex -3.20238 8.24907 16
    endloop
  endfacet
  facet normal -0.971482 0.237111 0
    outer loop
      vertex -3.19702 8.31278 0
      vertex -3.18189 8.37477 16
      vertex -3.18189 8.37477 0
    endloop
  endfacet
  facet normal -0.971482 0.237111 0
    outer loop
      vertex -3.18189 8.37477 16
      vertex -3.19702 8.31278 0
      vertex -3.19702 8.31278 16
    endloop
  endfacet
  facet normal -0.924982 0.380012 0
    outer loop
      vertex -3.18189 8.37477 0
      vertex -3.15754 8.43404 16
      vertex -3.15754 8.43404 0
    endloop
  endfacet
  facet normal -0.924982 0.380012 0
    outer loop
      vertex -3.15754 8.43404 16
      vertex -3.18189 8.37477 0
      vertex -3.18189 8.37477 16
    endloop
  endfacet
  facet normal -0.859291 0.511487 0
    outer loop
      vertex -3.15754 8.43404 0
      vertex -3.12451 8.48953 16
      vertex -3.12451 8.48953 0
    endloop
  endfacet
  facet normal -0.859291 0.511487 0
    outer loop
      vertex -3.12451 8.48953 16
      vertex -3.15754 8.43404 0
      vertex -3.15754 8.43404 16
    endloop
  endfacet
  facet normal -0.776114 0.630593 0
    outer loop
      vertex -3.12451 8.48953 0
      vertex -3.0833 8.54025 16
      vertex -3.0833 8.54025 0
    endloop
  endfacet
  facet normal -0.776114 0.630593 0
    outer loop
      vertex -3.0833 8.54025 16
      vertex -3.12451 8.48953 0
      vertex -3.12451 8.48953 16
    endloop
  endfacet
  facet normal -0.676453 0.736486 0
    outer loop
      vertex -3.03705 8.58273 0
      vertex -3.0833 8.54025 16
      vertex -3.03705 8.58273 16
    endloop
  endfacet
  facet normal -0.707107 0.707107 -0.000166612
    outer loop
      vertex -3.03706 8.58272 0
      vertex -3.0833 8.54025 16
      vertex -3.03705 8.58273 0
    endloop
  endfacet
  facet normal -0.676446 0.736493 0
    outer loop
      vertex -3.0833 8.54025 16
      vertex -3.03706 8.58272 0
      vertex -3.0833 8.54025 0
    endloop
  endfacet
  facet normal -0.73636 0.67659 0
    outer loop
      vertex -8.58272 3.03705 0
      vertex -8.54027 3.08325 16
      vertex -8.54027 3.08325 0
    endloop
  endfacet
  facet normal 0 0.999996 -0.00288749
    outer loop
      vertex -8.58273 3.03705 0
      vertex -8.54027 3.08325 16
      vertex -8.58272 3.03705 0
    endloop
  endfacet
  facet normal -0.73628 0.676677 0
    outer loop
      vertex -8.54027 3.08325 16
      vertex -8.58273 3.03705 0
      vertex -8.58273 3.03705 16
    endloop
  endfacet
  facet normal -0.630541 0.776156 0
    outer loop
      vertex -8.48958 3.12443 0
      vertex -8.54027 3.08325 16
      vertex -8.48958 3.12443 16
    endloop
  endfacet
  facet normal -0.630541 0.776156 0
    outer loop
      vertex -8.54027 3.08325 16
      vertex -8.48958 3.12443 0
      vertex -8.54027 3.08325 0
    endloop
  endfacet
  facet normal -0.51128 0.859414 0
    outer loop
      vertex -8.43411 3.15743 0
      vertex -8.48958 3.12443 16
      vertex -8.43411 3.15743 16
    endloop
  endfacet
  facet normal -0.51128 0.859414 0
    outer loop
      vertex -8.48958 3.12443 16
      vertex -8.43411 3.15743 0
      vertex -8.48958 3.12443 0
    endloop
  endfacet
  facet normal -0.379666 0.925124 0
    outer loop
      vertex -8.37485 3.18175 0
      vertex -8.43411 3.15743 16
      vertex -8.37485 3.18175 16
    endloop
  endfacet
  facet normal -0.379666 0.925124 0
    outer loop
      vertex -8.43411 3.15743 16
      vertex -8.37485 3.18175 0
      vertex -8.43411 3.15743 0
    endloop
  endfacet
  facet normal -0.237111 0.971482 0
    outer loop
      vertex -8.31286 3.19688 0
      vertex -8.37485 3.18175 16
      vertex -8.31286 3.19688 16
    endloop
  endfacet
  facet normal -0.237111 0.971482 0
    outer loop
      vertex -8.37485 3.18175 16
      vertex -8.31286 3.19688 0
      vertex -8.37485 3.18175 0
    endloop
  endfacet
  facet normal -0.0844299 0.996429 0
    outer loop
      vertex -8.24913 3.20228 0
      vertex -8.31286 3.19688 16
      vertex -8.24913 3.20228 16
    endloop
  endfacet
  facet normal -0.0844299 0.996429 0
    outer loop
      vertex -8.31286 3.19688 16
      vertex -8.24913 3.20228 0
      vertex -8.31286 3.19688 0
    endloop
  endfacet
  facet normal 0.0750979 0.997176 -0
    outer loop
      vertex -8.18473 3.19743 0
      vertex -8.24913 3.20228 16
      vertex -8.18473 3.19743 16
    endloop
  endfacet
  facet normal 0.0750979 0.997176 0
    outer loop
      vertex -8.24913 3.20228 16
      vertex -8.18473 3.19743 0
      vertex -8.24913 3.20228 0
    endloop
  endfacet
  facet normal 0.154258 0.988031 -0
    outer loop
      vertex -7.49606 3.08991 0
      vertex -8.18473 3.19743 16
      vertex -7.49606 3.08991 16
    endloop
  endfacet
  facet normal 0.154258 0.988031 0
    outer loop
      vertex -8.18473 3.19743 16
      vertex -7.49606 3.08991 0
      vertex -8.18473 3.19743 0
    endloop
  endfacet
  facet normal 0.0725245 0.997367 -0
    outer loop
      vertex -7.4317 3.08523 0
      vertex -7.49606 3.08991 16
      vertex -7.4317 3.08523 16
    endloop
  endfacet
  facet normal 0.0725245 0.997367 0
    outer loop
      vertex -7.49606 3.08991 16
      vertex -7.4317 3.08523 0
      vertex -7.49606 3.08991 0
    endloop
  endfacet
  facet normal -0.0855344 0.996335 0
    outer loop
      vertex -7.3681 3.09069 0
      vertex -7.4317 3.08523 16
      vertex -7.3681 3.09069 16
    endloop
  endfacet
  facet normal -0.0855344 0.996335 0
    outer loop
      vertex -7.4317 3.08523 16
      vertex -7.3681 3.09069 0
      vertex -7.4317 3.08523 0
    endloop
  endfacet
  facet normal -0.237769 0.971322 0
    outer loop
      vertex -7.30621 3.10584 0
      vertex -7.3681 3.09069 16
      vertex -7.30621 3.10584 16
    endloop
  endfacet
  facet normal -0.237769 0.971322 0
    outer loop
      vertex -7.3681 3.09069 16
      vertex -7.30621 3.10584 0
      vertex -7.3681 3.09069 0
    endloop
  endfacet
  facet normal -0.380435 0.924808 0
    outer loop
      vertex -7.24709 3.13016 0
      vertex -7.30621 3.10584 16
      vertex -7.24709 3.13016 16
    endloop
  endfacet
  facet normal -0.380435 0.924808 0
    outer loop
      vertex -7.30621 3.10584 16
      vertex -7.24709 3.13016 0
      vertex -7.30621 3.10584 0
    endloop
  endfacet
  facet normal -0.511778 0.859118 0
    outer loop
      vertex -7.19171 3.16315 0
      vertex -7.24709 3.13016 16
      vertex -7.19171 3.16315 16
    endloop
  endfacet
  facet normal -0.511778 0.859118 0
    outer loop
      vertex -7.24709 3.13016 16
      vertex -7.19171 3.16315 0
      vertex -7.24709 3.13016 0
    endloop
  endfacet
  facet normal -0.631123 0.775682 0
    outer loop
      vertex -7.14111 3.20432 0
      vertex -7.19171 3.16315 16
      vertex -7.14111 3.20432 16
    endloop
  endfacet
  facet normal -0.631123 0.775682 0
    outer loop
      vertex -7.19171 3.16315 16
      vertex -7.14111 3.20432 0
      vertex -7.19171 3.16315 0
    endloop
  endfacet
  facet normal -0.736697 0.676223 0
    outer loop
      vertex -7.14111 3.20432 0
      vertex -7.09627 3.25317 16
      vertex -7.09627 3.25317 0
    endloop
  endfacet
  facet normal -0.736697 0.676223 0
    outer loop
      vertex -7.09627 3.25317 16
      vertex -7.14111 3.20432 0
      vertex -7.14111 3.20432 16
    endloop
  endfacet
  facet normal -0.827341 0.5617 0
    outer loop
      vertex -7.09627 3.25317 0
      vertex -7.05823 3.3092 16
      vertex -7.05823 3.3092 0
    endloop
  endfacet
  facet normal -0.827341 0.5617 0
    outer loop
      vertex -7.05823 3.3092 16
      vertex -7.09627 3.25317 0
      vertex -7.09627 3.25317 16
    endloop
  endfacet
  facet normal -0.866026 0.499999 0
    outer loop
      vertex -7.05823 3.3092 0
      vertex -6.395 4.45795 16
      vertex -6.395 4.45795 0
    endloop
  endfacet
  facet normal -0.866026 0.499999 0
    outer loop
      vertex -6.395 4.45795 16
      vertex -7.05823 3.3092 0
      vertex -7.05823 3.3092 16
    endloop
  endfacet
  facet normal -0.90012 0.435642 0
    outer loop
      vertex -6.395 4.45795 0
      vertex -6.36554 4.51882 16
      vertex -6.36554 4.51882 0
    endloop
  endfacet
  facet normal -0.90012 0.435642 0
    outer loop
      vertex -6.36554 4.51882 16
      vertex -6.395 4.45795 0
      vertex -6.395 4.45795 16
    endloop
  endfacet
  facet normal -0.954063 0.299607 0
    outer loop
      vertex -6.36554 4.51882 0
      vertex -6.34569 4.58203 16
      vertex -6.34569 4.58203 0
    endloop
  endfacet
  facet normal -0.954063 0.299607 0
    outer loop
      vertex -6.34569 4.58203 16
      vertex -6.36554 4.51882 0
      vertex -6.36554 4.51882 16
    endloop
  endfacet
  facet normal -0.987327 0.158702 0
    outer loop
      vertex -6.34569 4.58203 0
      vertex -6.33534 4.64642 16
      vertex -6.33534 4.64642 0
    endloop
  endfacet
  facet normal -0.987327 0.158702 0
    outer loop
      vertex -6.33534 4.64642 16
      vertex -6.34569 4.58203 0
      vertex -6.34569 4.58203 16
    endloop
  endfacet
  facet normal -0.999907 0.0136527 0
    outer loop
      vertex -6.33534 4.64642 0
      vertex -6.33446 4.71087 16
      vertex -6.33446 4.71087 0
    endloop
  endfacet
  facet normal -0.999907 0.0136527 0
    outer loop
      vertex -6.33446 4.71087 16
      vertex -6.33534 4.64642 0
      vertex -6.33534 4.64642 16
    endloop
  endfacet
  facet normal -0.9911 -0.133117 0
    outer loop
      vertex -6.33446 4.71087 0
      vertex -6.34297 4.77423 16
      vertex -6.34297 4.77423 0
    endloop
  endfacet
  facet normal -0.9911 -0.133117 0
    outer loop
      vertex -6.34297 4.77423 16
      vertex -6.33446 4.71087 0
      vertex -6.33446 4.71087 16
    endloop
  endfacet
  facet normal -0.959981 -0.280066 0
    outer loop
      vertex -6.34297 4.77423 0
      vertex -6.36081 4.83538 16
      vertex -6.36081 4.83538 0
    endloop
  endfacet
  facet normal -0.959981 -0.280066 0
    outer loop
      vertex -6.36081 4.83538 16
      vertex -6.34297 4.77423 0
      vertex -6.34297 4.77423 16
    endloop
  endfacet
  facet normal -0.905542 -0.424257 0
    outer loop
      vertex -6.36081 4.83538 0
      vertex -6.38789 4.89318 16
      vertex -6.38789 4.89318 0
    endloop
  endfacet
  facet normal -0.905542 -0.424257 0
    outer loop
      vertex -6.38789 4.89318 16
      vertex -6.36081 4.83538 0
      vertex -6.36081 4.83538 16
    endloop
  endfacet
  facet normal -0.826496 -0.562942 0
    outer loop
      vertex -6.38789 4.89318 0
      vertex -6.42418 4.94646 16
      vertex -6.42418 4.94646 0
    endloop
  endfacet
  facet normal -0.826496 -0.562942 0
    outer loop
      vertex -6.42418 4.94646 16
      vertex -6.38789 4.89318 0
      vertex -6.38789 4.89318 16
    endloop
  endfacet
  facet normal -0.778834 -0.62723 0
    outer loop
      vertex -6.42418 4.94646 0
      vertex -6.86145 5.48942 16
      vertex -6.86145 5.48942 0
    endloop
  endfacet
  facet normal -0.778834 -0.62723 0
    outer loop
      vertex -6.86145 5.48942 16
      vertex -6.42418 4.94646 0
      vertex -6.42418 4.94646 16
    endloop
  endfacet
  facet normal -0.825535 -0.564351 0
    outer loop
      vertex -6.86145 5.48942 0
      vertex -6.89788 5.54271 16
      vertex -6.89788 5.54271 0
    endloop
  endfacet
  facet normal -0.825535 -0.564351 0
    outer loop
      vertex -6.89788 5.54271 16
      vertex -6.86145 5.48942 0
      vertex -6.86145 5.48942 16
    endloop
  endfacet
  facet normal -0.904929 -0.425564 0
    outer loop
      vertex -6.89788 5.54271 0
      vertex -6.92509 5.60057 16
      vertex -6.92509 5.60057 0
    endloop
  endfacet
  facet normal -0.904929 -0.425564 0
    outer loop
      vertex -6.92509 5.60057 16
      vertex -6.89788 5.54271 0
      vertex -6.89788 5.54271 16
    endloop
  endfacet
  facet normal -0.959851 -0.280511 0
    outer loop
      vertex -6.92509 5.60057 0
      vertex -6.94299 5.66182 16
      vertex -6.94299 5.66182 0
    endloop
  endfacet
  facet normal -0.959851 -0.280511 0
    outer loop
      vertex -6.94299 5.66182 16
      vertex -6.92509 5.60057 0
      vertex -6.92509 5.60057 16
    endloop
  endfacet
  facet normal -0.991077 -0.133288 0
    outer loop
      vertex -6.94299 5.66182 0
      vertex -6.95153 5.72532 16
      vertex -6.95153 5.72532 0
    endloop
  endfacet
  facet normal -0.991077 -0.133288 0
    outer loop
      vertex -6.95153 5.72532 16
      vertex -6.94299 5.66182 0
      vertex -6.94299 5.66182 16
    endloop
  endfacet
  facet normal -0.999911 0.0133156 0
    outer loop
      vertex -6.95153 5.72532 0
      vertex -6.95067 5.7899 16
      vertex -6.95067 5.7899 0
    endloop
  endfacet
  facet normal -0.999911 0.0133156 0
    outer loop
      vertex -6.95067 5.7899 16
      vertex -6.95153 5.72532 0
      vertex -6.95153 5.72532 16
    endloop
  endfacet
  facet normal -0.987424 0.158092 0
    outer loop
      vertex -6.95067 5.7899 0
      vertex -6.94034 5.85442 16
      vertex -6.94034 5.85442 0
    endloop
  endfacet
  facet normal -0.987424 0.158092 0
    outer loop
      vertex -6.94034 5.85442 16
      vertex -6.95067 5.7899 0
      vertex -6.95067 5.7899 16
    endloop
  endfacet
  facet normal -0.95408 0.299553 0
    outer loop
      vertex -6.94034 5.85442 0
      vertex -6.92153 5.91433 16
      vertex -6.92153 5.91433 0
    endloop
  endfacet
  facet normal -0.95408 0.299553 0
    outer loop
      vertex -6.92153 5.91433 16
      vertex -6.94034 5.85442 0
      vertex -6.94034 5.85442 16
    endloop
  endfacet
  facet normal -0.976014 0.217707 0
    outer loop
      vertex -8.95138 -1.6612 0
      vertex -8.93772 -1.59996 16
      vertex -8.93772 -1.59996 0
    endloop
  endfacet
  facet normal -1 0 0.00085375
    outer loop
      vertex -8.95138 -1.66121 0
      vertex -8.93772 -1.59996 16
      vertex -8.95138 -1.6612 0
    endloop
  endfacet
  facet normal -0.976022 0.217673 0
    outer loop
      vertex -8.93772 -1.59996 16
      vertex -8.95138 -1.66121 0
      vertex -8.95138 -1.66121 16
    endloop
  endfacet
  facet normal -0.934121 0.356957 0
    outer loop
      vertex -8.93772 -1.59996 0
      vertex -8.91441 -1.53896 16
      vertex -8.91441 -1.53896 0
    endloop
  endfacet
  facet normal -0.934121 0.356957 0
    outer loop
      vertex -8.91441 -1.53896 16
      vertex -8.93772 -1.59996 0
      vertex -8.93772 -1.59996 16
    endloop
  endfacet
  facet normal -0.872501 0.488613 0
    outer loop
      vertex -8.91441 -1.53896 0
      vertex -8.88287 -1.48264 16
      vertex -8.88287 -1.48264 0
    endloop
  endfacet
  facet normal -0.872501 0.488613 0
    outer loop
      vertex -8.88287 -1.48264 16
      vertex -8.91441 -1.53896 0
      vertex -8.91441 -1.53896 16
    endloop
  endfacet
  facet normal -0.791357 0.611354 0
    outer loop
      vertex -8.88287 -1.48264 0
      vertex -8.84371 -1.43195 16
      vertex -8.84371 -1.43195 0
    endloop
  endfacet
  facet normal -0.791357 0.611354 0
    outer loop
      vertex -8.84371 -1.43195 16
      vertex -8.88287 -1.48264 0
      vertex -8.88287 -1.48264 16
    endloop
  endfacet
  facet normal -0.691023 0.722832 0
    outer loop
      vertex -8.79758 -1.38785 0
      vertex -8.84371 -1.43195 16
      vertex -8.79758 -1.38785 16
    endloop
  endfacet
  facet normal -0.691023 0.722832 0
    outer loop
      vertex -8.84371 -1.43195 16
      vertex -8.79758 -1.38785 0
      vertex -8.84371 -1.43195 0
    endloop
  endfacet
  facet normal -0.571435 0.820647 0
    outer loop
      vertex -8.74509 -1.3513 0
      vertex -8.79758 -1.38785 16
      vertex -8.74509 -1.3513 16
    endloop
  endfacet
  facet normal -0.571435 0.820647 0
    outer loop
      vertex -8.79758 -1.38785 16
      vertex -8.74509 -1.3513 0
      vertex -8.79758 -1.38785 0
    endloop
  endfacet
  facet normal -0.433471 0.901168 0
    outer loop
      vertex -8.6869 -1.32331 0
      vertex -8.74509 -1.3513 16
      vertex -8.6869 -1.32331 16
    endloop
  endfacet
  facet normal -0.433471 0.901168 0
    outer loop
      vertex -8.74509 -1.3513 16
      vertex -8.6869 -1.32331 0
      vertex -8.74509 -1.3513 0
    endloop
  endfacet
  facet normal -0.360427 0.932788 0
    outer loop
      vertex -8.03674 -1.07209 0
      vertex -8.6869 -1.32331 16
      vertex -8.03674 -1.07209 16
    endloop
  endfacet
  facet normal -0.360427 0.932788 0
    outer loop
      vertex -8.6869 -1.32331 16
      vertex -8.03674 -1.07209 0
      vertex -8.6869 -1.32331 0
    endloop
  endfacet
  facet normal -0.435897 0.899997 0
    outer loop
      vertex -7.97866 -1.04396 0
      vertex -8.03674 -1.07209 16
      vertex -7.97866 -1.04396 16
    endloop
  endfacet
  facet normal -0.435897 0.899997 0
    outer loop
      vertex -8.03674 -1.07209 16
      vertex -7.97866 -1.04396 0
      vertex -8.03674 -1.07209 0
    endloop
  endfacet
  facet normal -0.572253 0.820077 0
    outer loop
      vertex -7.92631 -1.00743 0
      vertex -7.97866 -1.04396 16
      vertex -7.92631 -1.00743 16
    endloop
  endfacet
  facet normal -0.572253 0.820077 0
    outer loop
      vertex -7.97866 -1.04396 16
      vertex -7.92631 -1.00743 0
      vertex -7.97866 -1.04396 0
    endloop
  endfacet
  facet normal -0.691582 0.722298 0
    outer loop
      vertex -7.88029 -0.963367 0
      vertex -7.92631 -1.00743 16
      vertex -7.88029 -0.963367 16
    endloop
  endfacet
  facet normal -0.691582 0.722298 0
    outer loop
      vertex -7.92631 -1.00743 16
      vertex -7.88029 -0.963367 0
      vertex -7.92631 -1.00743 0
    endloop
  endfacet
  facet normal -0.791792 0.610791 0
    outer loop
      vertex -7.88029 -0.963367 0
      vertex -7.84124 -0.912745 16
      vertex -7.84124 -0.912745 0
    endloop
  endfacet
  facet normal -0.791792 0.610791 0
    outer loop
      vertex -7.84124 -0.912745 16
      vertex -7.88029 -0.963367 0
      vertex -7.88029 -0.963367 16
    endloop
  endfacet
  facet normal -0.8728 0.488078 0
    outer loop
      vertex -7.84124 -0.912745 0
      vertex -7.80978 -0.856487 16
      vertex -7.80978 -0.856487 0
    endloop
  endfacet
  facet normal -0.8728 0.488078 0
    outer loop
      vertex -7.80978 -0.856487 16
      vertex -7.84124 -0.912745 0
      vertex -7.84124 -0.912745 16
    endloop
  endfacet
  facet normal -0.934387 0.356261 0
    outer loop
      vertex -7.80978 -0.856487 0
      vertex -7.78654 -0.795534 16
      vertex -7.78654 -0.795534 0
    endloop
  endfacet
  facet normal -0.934387 0.356261 0
    outer loop
      vertex -7.78654 -0.795534 16
      vertex -7.80978 -0.856487 0
      vertex -7.80978 -0.856487 16
    endloop
  endfacet
  facet normal -0.976103 0.21731 0
    outer loop
      vertex -7.78654 -0.795534 0
      vertex -7.77213 -0.730808 16
      vertex -7.77213 -0.730808 0
    endloop
  endfacet
  facet normal -0.976103 0.21731 0
    outer loop
      vertex -7.77213 -0.730808 16
      vertex -7.78654 -0.795534 0
      vertex -7.78654 -0.795534 16
    endloop
  endfacet
  facet normal -0.997347 0.0727947 0
    outer loop
      vertex -7.77213 -0.730808 0
      vertex -7.7672 -0.663263 16
      vertex -7.7672 -0.663263 0
    endloop
  endfacet
  facet normal -0.997347 0.0727947 0
    outer loop
      vertex -7.7672 -0.663263 16
      vertex -7.77213 -0.730808 0
      vertex -7.77213 -0.730808 16
    endloop
  endfacet
  facet normal -1 0 0
    outer loop
      vertex -7.7672 -0.663263 0
      vertex -7.7672 0.663198 16
      vertex -7.7672 0.663198 0
    endloop
  endfacet
  facet normal -1 -0 0
    outer loop
      vertex -7.7672 0.663198 16
      vertex -7.7672 -0.663263 0
      vertex -7.7672 -0.663263 16
    endloop
  endfacet
  facet normal -0.997339 -0.0728989 0
    outer loop
      vertex -7.7672 0.663198 0
      vertex -7.77213 0.730646 16
      vertex -7.77213 0.730646 0
    endloop
  endfacet
  facet normal -0.997339 -0.0728989 0
    outer loop
      vertex -7.77213 0.730646 16
      vertex -7.7672 0.663198 0
      vertex -7.7672 0.663198 16
    endloop
  endfacet
  facet normal -0.976057 -0.217515 0
    outer loop
      vertex -7.77213 0.730646 0
      vertex -7.78654 0.795308 16
      vertex -7.78654 0.795308 0
    endloop
  endfacet
  facet normal -0.976057 -0.217515 0
    outer loop
      vertex -7.78654 0.795308 16
      vertex -7.77213 0.730646 0
      vertex -7.77213 0.730646 16
    endloop
  endfacet
  facet normal -0.934356 -0.356342 0
    outer loop
      vertex -7.78654 0.795308 0
      vertex -7.80978 0.856245 16
      vertex -7.80978 0.856245 0
    endloop
  endfacet
  facet normal -0.934356 -0.356342 0
    outer loop
      vertex -7.80978 0.856245 16
      vertex -7.78654 0.795308 0
      vertex -7.78654 0.795308 16
    endloop
  endfacet
  facet normal -0.872796 -0.488085 0
    outer loop
      vertex -7.80978 0.856245 0
      vertex -7.84124 0.912502 16
      vertex -7.84124 0.912502 0
    endloop
  endfacet
  facet normal -0.872796 -0.488085 0
    outer loop
      vertex -7.84124 0.912502 16
      vertex -7.80978 0.856245 0
      vertex -7.80978 0.856245 16
    endloop
  endfacet
  facet normal -0.791786 -0.610799 0
    outer loop
      vertex -7.84124 0.912502 0
      vertex -7.88029 0.963123 16
      vertex -7.88029 0.963123 0
    endloop
  endfacet
  facet normal -0.791786 -0.610799 0
    outer loop
      vertex -7.88029 0.963123 16
      vertex -7.84124 0.912502 0
      vertex -7.84124 0.912502 16
    endloop
  endfacet
  facet normal -0.691287 -0.72258 0
    outer loop
      vertex -7.92631 1.00715 0
      vertex -7.88029 0.963123 16
      vertex -7.92631 1.00715 16
    endloop
  endfacet
  facet normal -0.691287 -0.72258 -0
    outer loop
      vertex -7.88029 0.963123 16
      vertex -7.92631 1.00715 0
      vertex -7.88029 0.963123 0
    endloop
  endfacet
  facet normal -0.572147 -0.820151 0
    outer loop
      vertex -7.97866 1.04367 0
      vertex -7.92631 1.00715 16
      vertex -7.97866 1.04367 16
    endloop
  endfacet
  facet normal -0.572147 -0.820151 -0
    outer loop
      vertex -7.92631 1.00715 16
      vertex -7.97866 1.04367 0
      vertex -7.92631 1.00715 0
    endloop
  endfacet
  facet normal -0.434263 -0.900786 0
    outer loop
      vertex -8.03674 1.07167 0
      vertex -7.97866 1.04367 16
      vertex -8.03674 1.07167 16
    endloop
  endfacet
  facet normal -0.434263 -0.900786 -0
    outer loop
      vertex -7.97866 1.04367 16
      vertex -8.03674 1.07167 0
      vertex -7.97866 1.04367 0
    endloop
  endfacet
  facet normal -0.360888 -0.932609 0
    outer loop
      vertex -8.6869 1.32326 0
      vertex -8.03674 1.07167 16
      vertex -8.6869 1.32326 16
    endloop
  endfacet
  facet normal -0.360888 -0.932609 -0
    outer loop
      vertex -8.03674 1.07167 16
      vertex -8.6869 1.32326 0
      vertex -8.03674 1.07167 0
    endloop
  endfacet
  facet normal -0.432716 -0.90153 0
    outer loop
      vertex -8.74509 1.35119 0
      vertex -8.6869 1.32326 16
      vertex -8.74509 1.35119 16
    endloop
  endfacet
  facet normal -0.432716 -0.90153 -0
    outer loop
      vertex -8.6869 1.32326 16
      vertex -8.74509 1.35119 0
      vertex -8.6869 1.32326 0
    endloop
  endfacet
  facet normal -0.570909 -0.821014 0
    outer loop
      vertex -8.79758 1.38769 0
      vertex -8.74509 1.35119 16
      vertex -8.79758 1.38769 16
    endloop
  endfacet
  facet normal -0.570909 -0.821014 -0
    outer loop
      vertex -8.74509 1.35119 16
      vertex -8.79758 1.38769 0
      vertex -8.74509 1.35119 0
    endloop
  endfacet
  facet normal -0.691023 -0.722832 0
    outer loop
      vertex -8.84371 1.43179 0
      vertex -8.79758 1.38769 16
      vertex -8.84371 1.43179 16
    endloop
  endfacet
  facet normal -0.691023 -0.722832 -0
    outer loop
      vertex -8.79758 1.38769 16
      vertex -8.84371 1.43179 0
      vertex -8.79758 1.38769 0
    endloop
  endfacet
  facet normal -0.791532 -0.611128 0
    outer loop
      vertex -8.84371 1.43179 0
      vertex -8.88287 1.48251 16
      vertex -8.88287 1.48251 0
    endloop
  endfacet
  facet normal -0.791532 -0.611128 0
    outer loop
      vertex -8.88287 1.48251 16
      vertex -8.84371 1.43179 0
      vertex -8.84371 1.43179 16
    endloop
  endfacet
  facet normal -0.872612 -0.488415 0
    outer loop
      vertex -8.88287 1.48251 0
      vertex -8.91441 1.53886 16
      vertex -8.91441 1.53886 0
    endloop
  endfacet
  facet normal -0.872612 -0.488415 0
    outer loop
      vertex -8.91441 1.53886 16
      vertex -8.88287 1.48251 0
      vertex -8.88287 1.48251 16
    endloop
  endfacet
  facet normal -0.934218 -0.356702 0
    outer loop
      vertex -8.91441 1.53886 0
      vertex -8.93772 1.59991 16
      vertex -8.93772 1.59991 0
    endloop
  endfacet
  facet normal -0.934218 -0.356702 0
    outer loop
      vertex -8.93772 1.59991 16
      vertex -8.91441 1.53886 0
      vertex -8.91441 1.53886 16
    endloop
  endfacet
  facet normal -0.707107 -0.707107 0
    outer loop
      vertex -8.95138 1.66119 0
      vertex -8.95139 1.6612 16
      vertex -8.95139 1.6612 0
    endloop
  endfacet
  facet normal -0.976044 -0.217571 -4.74046e-07
    outer loop
      vertex -8.93772 1.59991 0
      vertex -8.95139 1.6612 16
      vertex -8.95138 1.66119 0
    endloop
  endfacet
  facet normal -0.976018 -0.217689 0
    outer loop
      vertex -8.95139 1.6612 16
      vertex -8.93772 1.59991 0
      vertex -8.93772 1.59991 16
    endloop
  endfacet
  facet normal -0.954099 -0.299491 0
    outer loop
      vertex -6.92152 -5.91433 0
      vertex -6.94031 -5.85447 16
      vertex -6.94031 -5.85447 0
    endloop
  endfacet
  facet normal -0.999999 0 -0.00117437
    outer loop
      vertex -6.92152 -5.91434 0
      vertex -6.94031 -5.85447 16
      vertex -6.92152 -5.91433 0
    endloop
  endfacet
  facet normal -0.954113 -0.299445 0
    outer loop
      vertex -6.94031 -5.85447 16
      vertex -6.92152 -5.91434 0
      vertex -6.92152 -5.91434 16
    endloop
  endfacet
  facet normal -0.987461 -0.157865 0
    outer loop
      vertex -6.94031 -5.85447 0
      vertex -6.95062 -5.78998 16
      vertex -6.95062 -5.78998 0
    endloop
  endfacet
  facet normal -0.987461 -0.157865 0
    outer loop
      vertex -6.95062 -5.78998 16
      vertex -6.94031 -5.85447 0
      vertex -6.94031 -5.85447 16
    endloop
  endfacet
  facet normal -0.999913 -0.0131669 0
    outer loop
      vertex -6.95062 -5.78998 0
      vertex -6.95147 -5.72543 16
      vertex -6.95147 -5.72543 0
    endloop
  endfacet
  facet normal -0.999913 -0.0131669 0
    outer loop
      vertex -6.95147 -5.72543 16
      vertex -6.95062 -5.78998 0
      vertex -6.95062 -5.78998 16
    endloop
  endfacet
  facet normal -0.991007 0.13381 0
    outer loop
      vertex -6.95147 -5.72543 0
      vertex -6.9429 -5.66196 16
      vertex -6.9429 -5.66196 0
    endloop
  endfacet
  facet normal -0.991007 0.13381 0
    outer loop
      vertex -6.9429 -5.66196 16
      vertex -6.95147 -5.72543 0
      vertex -6.95147 -5.72543 16
    endloop
  endfacet
  facet normal -0.959851 0.280511 0
    outer loop
      vertex -6.9429 -5.66196 0
      vertex -6.925 -5.60071 16
      vertex -6.925 -5.60071 0
    endloop
  endfacet
  facet normal -0.959851 0.280511 0
    outer loop
      vertex -6.925 -5.60071 16
      vertex -6.9429 -5.66196 0
      vertex -6.9429 -5.66196 16
    endloop
  endfacet
  facet normal -0.905222 0.424939 0
    outer loop
      vertex -6.925 -5.60071 0
      vertex -6.89782 -5.54281 16
      vertex -6.89782 -5.54281 0
    endloop
  endfacet
  facet normal -0.905222 0.424939 0
    outer loop
      vertex -6.89782 -5.54281 16
      vertex -6.925 -5.60071 0
      vertex -6.925 -5.60071 16
    endloop
  endfacet
  facet normal -0.826047 0.563601 0
    outer loop
      vertex -6.89782 -5.54281 0
      vertex -6.86142 -5.48946 16
      vertex -6.86142 -5.48946 0
    endloop
  endfacet
  facet normal -0.826047 0.563601 0
    outer loop
      vertex -6.86142 -5.48946 16
      vertex -6.89782 -5.54281 0
      vertex -6.89782 -5.54281 16
    endloop
  endfacet
  facet normal -0.778522 0.627618 0
    outer loop
      vertex -6.86142 -5.48946 0
      vertex -6.42397 -4.94683 16
      vertex -6.42397 -4.94683 0
    endloop
  endfacet
  facet normal -0.778522 0.627618 0
    outer loop
      vertex -6.42397 -4.94683 16
      vertex -6.86142 -5.48946 0
      vertex -6.86142 -5.48946 16
    endloop
  endfacet
  facet normal -0.827517 0.561441 0
    outer loop
      vertex -6.42397 -4.94683 0
      vertex -6.38774 -4.89343 16
      vertex -6.38774 -4.89343 0
    endloop
  endfacet
  facet normal -0.827517 0.561441 0
    outer loop
      vertex -6.38774 -4.89343 16
      vertex -6.42397 -4.94683 0
      vertex -6.42397 -4.94683 16
    endloop
  endfacet
  facet normal -0.905658 0.424008 0
    outer loop
      vertex -6.38774 -4.89343 0
      vertex -6.36067 -4.83561 16
      vertex -6.36067 -4.83561 0
    endloop
  endfacet
  facet normal -0.905658 0.424008 0
    outer loop
      vertex -6.36067 -4.83561 16
      vertex -6.38774 -4.89343 0
      vertex -6.38774 -4.89343 16
    endloop
  endfacet
  facet normal -0.960047 0.279837 0
    outer loop
      vertex -6.36067 -4.83561 0
      vertex -6.34284 -4.77444 16
      vertex -6.34284 -4.77444 0
    endloop
  endfacet
  facet normal -0.960047 0.279837 0
    outer loop
      vertex -6.34284 -4.77444 16
      vertex -6.36067 -4.83561 0
      vertex -6.36067 -4.83561 16
    endloop
  endfacet
  facet normal -0.991121 0.132963 0
    outer loop
      vertex -6.34284 -4.77444 0
      vertex -6.33434 -4.71108 16
      vertex -6.33434 -4.71108 0
    endloop
  endfacet
  facet normal -0.991121 0.132963 0
    outer loop
      vertex -6.33434 -4.71108 16
      vertex -6.34284 -4.77444 0
      vertex -6.34284 -4.77444 16
    endloop
  endfacet
  facet normal -0.999907 -0.0136527 0
    outer loop
      vertex -6.33434 -4.71108 0
      vertex -6.33522 -4.64663 16
      vertex -6.33522 -4.64663 0
    endloop
  endfacet
  facet normal -0.999907 -0.0136527 0
    outer loop
      vertex -6.33522 -4.64663 16
      vertex -6.33434 -4.71108 0
      vertex -6.33434 -4.71108 16
    endloop
  endfacet
  facet normal -0.987334 -0.158654 0
    outer loop
      vertex -6.33522 -4.64663 0
      vertex -6.34557 -4.58222 16
      vertex -6.34557 -4.58222 0
    endloop
  endfacet
  facet normal -0.987334 -0.158654 0
    outer loop
      vertex -6.34557 -4.58222 16
      vertex -6.33522 -4.64663 0
      vertex -6.33522 -4.64663 16
    endloop
  endfacet
  facet normal -0.953958 -0.29994 0
    outer loop
      vertex -6.34557 -4.58222 0
      vertex -6.36546 -4.51896 16
      vertex -6.36546 -4.51896 0
    endloop
  endfacet
  facet normal -0.953958 -0.29994 0
    outer loop
      vertex -6.36546 -4.51896 16
      vertex -6.34557 -4.58222 0
      vertex -6.34557 -4.58222 16
    endloop
  endfacet
  facet normal -0.900113 -0.435657 0
    outer loop
      vertex -6.36546 -4.51896 0
      vertex -6.39496 -4.45801 16
      vertex -6.39496 -4.45801 0
    endloop
  endfacet
  facet normal -0.900113 -0.435657 0
    outer loop
      vertex -6.39496 -4.45801 16
      vertex -6.36546 -4.51896 0
      vertex -6.36546 -4.51896 16
    endloop
  endfacet
  facet normal -0.866024 -0.500002 0
    outer loop
      vertex -6.39496 -4.45801 0
      vertex -7.0582 -3.30925 16
      vertex -7.0582 -3.30925 0
    endloop
  endfacet
  facet normal -0.866024 -0.500002 0
    outer loop
      vertex -7.0582 -3.30925 16
      vertex -6.39496 -4.45801 0
      vertex -6.39496 -4.45801 16
    endloop
  endfacet
  facet normal -0.827265 -0.561812 0
    outer loop
      vertex -7.0582 -3.30925 0
      vertex -7.09619 -3.25331 16
      vertex -7.09619 -3.25331 0
    endloop
  endfacet
  facet normal -0.827265 -0.561812 0
    outer loop
      vertex -7.09619 -3.25331 16
      vertex -7.0582 -3.30925 0
      vertex -7.0582 -3.30925 16
    endloop
  endfacet
  facet normal -0.736653 -0.676271 0
    outer loop
      vertex -7.09619 -3.25331 0
      vertex -7.14099 -3.20451 16
      vertex -7.14099 -3.20451 0
    endloop
  endfacet
  facet normal -0.736653 -0.676271 0
    outer loop
      vertex -7.14099 -3.20451 16
      vertex -7.09619 -3.25331 0
      vertex -7.09619 -3.25331 16
    endloop
  endfacet
  facet normal -0.630939 -0.775833 0
    outer loop
      vertex -7.19159 -3.16336 0
      vertex -7.14099 -3.20451 16
      vertex -7.19159 -3.16336 16
    endloop
  endfacet
  facet normal -0.630939 -0.775833 -0
    outer loop
      vertex -7.14099 -3.20451 16
      vertex -7.19159 -3.16336 0
      vertex -7.14099 -3.20451 0
    endloop
  endfacet
  facet normal -0.511847 -0.859077 0
    outer loop
      vertex -7.24696 -3.13037 0
      vertex -7.19159 -3.16336 16
      vertex -7.24696 -3.13037 16
    endloop
  endfacet
  facet normal -0.511847 -0.859077 -0
    outer loop
      vertex -7.19159 -3.16336 16
      vertex -7.24696 -3.13037 0
      vertex -7.19159 -3.16336 0
    endloop
  endfacet
  facet normal -0.38038 -0.92483 0
    outer loop
      vertex -7.30609 -3.10605 0
      vertex -7.24696 -3.13037 16
      vertex -7.30609 -3.10605 16
    endloop
  endfacet
  facet normal -0.38038 -0.92483 -0
    outer loop
      vertex -7.24696 -3.13037 16
      vertex -7.30609 -3.10605 0
      vertex -7.24696 -3.13037 0
    endloop
  endfacet
  facet normal -0.237397 -0.971413 0
    outer loop
      vertex -7.36796 -3.09093 0
      vertex -7.30609 -3.10605 16
      vertex -7.36796 -3.09093 16
    endloop
  endfacet
  facet normal -0.237397 -0.971413 -0
    outer loop
      vertex -7.30609 -3.10605 16
      vertex -7.36796 -3.09093 0
      vertex -7.30609 -3.10605 0
    endloop
  endfacet
  facet normal -0.0853789 -0.996349 0
    outer loop
      vertex -7.43156 -3.08548 0
      vertex -7.36796 -3.09093 16
      vertex -7.43156 -3.08548 16
    endloop
  endfacet
  facet normal -0.0853789 -0.996349 -0
    outer loop
      vertex -7.36796 -3.09093 16
      vertex -7.43156 -3.08548 0
      vertex -7.36796 -3.09093 0
    endloop
  endfacet
  facet normal 0.0743002 -0.997236 0
    outer loop
      vertex -7.49585 -3.09027 0
      vertex -7.43156 -3.08548 16
      vertex -7.49585 -3.09027 16
    endloop
  endfacet
  facet normal 0.0743002 -0.997236 0
    outer loop
      vertex -7.43156 -3.08548 16
      vertex -7.49585 -3.09027 0
      vertex -7.43156 -3.08548 0
    endloop
  endfacet
  facet normal 0.153771 -0.988107 0
    outer loop
      vertex -8.1847 -3.19747 0
      vertex -7.49585 -3.09027 16
      vertex -8.1847 -3.19747 16
    endloop
  endfacet
  facet normal 0.153771 -0.988107 0
    outer loop
      vertex -7.49585 -3.09027 16
      vertex -8.1847 -3.19747 0
      vertex -7.49585 -3.09027 0
    endloop
  endfacet
  facet normal 0.0760568 -0.997103 0
    outer loop
      vertex -8.24907 -3.20238 0
      vertex -8.1847 -3.19747 16
      vertex -8.24907 -3.20238 16
    endloop
  endfacet
  facet normal 0.0760568 -0.997103 0
    outer loop
      vertex -8.1847 -3.19747 16
      vertex -8.24907 -3.20238 0
      vertex -8.1847 -3.19747 0
    endloop
  endfacet
  facet normal -0.083835 -0.99648 0
    outer loop
      vertex -8.31278 -3.19702 0
      vertex -8.24907 -3.20238 16
      vertex -8.31278 -3.19702 16
    endloop
  endfacet
  facet normal -0.083835 -0.99648 -0
    outer loop
      vertex -8.24907 -3.20238 16
      vertex -8.31278 -3.19702 0
      vertex -8.24907 -3.20238 0
    endloop
  endfacet
  facet normal -0.237111 -0.971482 0
    outer loop
      vertex -8.37477 -3.18189 0
      vertex -8.31278 -3.19702 16
      vertex -8.37477 -3.18189 16
    endloop
  endfacet
  facet normal -0.237111 -0.971482 -0
    outer loop
      vertex -8.31278 -3.19702 16
      vertex -8.37477 -3.18189 0
      vertex -8.31278 -3.19702 0
    endloop
  endfacet
  facet normal -0.380012 -0.924982 0
    outer loop
      vertex -8.43404 -3.15754 0
      vertex -8.37477 -3.18189 16
      vertex -8.43404 -3.15754 16
    endloop
  endfacet
  facet normal -0.380012 -0.924982 -0
    outer loop
      vertex -8.37477 -3.18189 16
      vertex -8.43404 -3.15754 0
      vertex -8.37477 -3.18189 0
    endloop
  endfacet
  facet normal -0.511487 -0.859291 0
    outer loop
      vertex -8.48953 -3.12451 0
      vertex -8.43404 -3.15754 16
      vertex -8.48953 -3.12451 16
    endloop
  endfacet
  facet normal -0.511487 -0.859291 -0
    outer loop
      vertex -8.43404 -3.15754 16
      vertex -8.48953 -3.12451 0
      vertex -8.43404 -3.15754 0
    endloop
  endfacet
  facet normal -0.630593 -0.776114 0
    outer loop
      vertex -8.54025 -3.0833 0
      vertex -8.48953 -3.12451 16
      vertex -8.54025 -3.0833 16
    endloop
  endfacet
  facet normal -0.630593 -0.776114 -0
    outer loop
      vertex -8.48953 -3.12451 16
      vertex -8.54025 -3.0833 0
      vertex -8.48953 -3.12451 0
    endloop
  endfacet
  facet normal -0.707107 -0.707107 0
    outer loop
      vertex -8.58272 -3.03706 0
      vertex -8.58273 -3.03705 16
      vertex -8.58273 -3.03705 0
    endloop
  endfacet
  facet normal -0.736493 -0.676446 -3.75294e-08
    outer loop
      vertex -8.54025 -3.0833 0
      vertex -8.58273 -3.03705 16
      vertex -8.58272 -3.03706 0
    endloop
  endfacet
  facet normal -0.736486 -0.676453 0
    outer loop
      vertex -8.58273 -3.03705 16
      vertex -8.54025 -3.0833 0
      vertex -8.54025 -3.0833 16
    endloop
  endfacet
  facet normal -0.676677 -0.73628 0
    outer loop
      vertex -3.08325 -8.54027 0
      vertex -3.03705 -8.58273 16
      vertex -3.08325 -8.54027 16
    endloop
  endfacet
  facet normal -0.67659 -0.73636 -4.60225e-07
    outer loop
      vertex -3.03705 -8.58272 0
      vertex -3.03705 -8.58273 16
      vertex -3.08325 -8.54027 0
    endloop
  endfacet
  facet normal -1 0 0
    outer loop
      vertex -3.03705 -8.58273 16
      vertex -3.03705 -8.58272 0
      vertex -3.03705 -8.58273 0
    endloop
  endfacet
  facet normal -0.776156 -0.630541 0
    outer loop
      vertex -3.08325 -8.54027 0
      vertex -3.12443 -8.48958 16
      vertex -3.12443 -8.48958 0
    endloop
  endfacet
  facet normal -0.776156 -0.630541 0
    outer loop
      vertex -3.12443 -8.48958 16
      vertex -3.08325 -8.54027 0
      vertex -3.08325 -8.54027 16
    endloop
  endfacet
  facet normal -0.859414 -0.51128 0
    outer loop
      vertex -3.12443 -8.48958 0
      vertex -3.15743 -8.43411 16
      vertex -3.15743 -8.43411 0
    endloop
  endfacet
  facet normal -0.859414 -0.51128 0
    outer loop
      vertex -3.15743 -8.43411 16
      vertex -3.12443 -8.48958 0
      vertex -3.12443 -8.48958 16
    endloop
  endfacet
  facet normal -0.925124 -0.379666 0
    outer loop
      vertex -3.15743 -8.43411 0
      vertex -3.18175 -8.37485 16
      vertex -3.18175 -8.37485 0
    endloop
  endfacet
  facet normal -0.925124 -0.379666 0
    outer loop
      vertex -3.18175 -8.37485 16
      vertex -3.15743 -8.43411 0
      vertex -3.15743 -8.43411 16
    endloop
  endfacet
  facet normal -0.971482 -0.237111 0
    outer loop
      vertex -3.18175 -8.37485 0
      vertex -3.19688 -8.31286 16
      vertex -3.19688 -8.31286 0
    endloop
  endfacet
  facet normal -0.971482 -0.237111 0
    outer loop
      vertex -3.19688 -8.31286 16
      vertex -3.18175 -8.37485 0
      vertex -3.18175 -8.37485 16
    endloop
  endfacet
  facet normal -0.996429 -0.0844299 0
    outer loop
      vertex -3.19688 -8.31286 0
      vertex -3.20228 -8.24913 16
      vertex -3.20228 -8.24913 0
    endloop
  endfacet
  facet normal -0.996429 -0.0844299 0
    outer loop
      vertex -3.20228 -8.24913 16
      vertex -3.19688 -8.31286 0
      vertex -3.19688 -8.31286 16
    endloop
  endfacet
  facet normal -0.997176 0.0750979 0
    outer loop
      vertex -3.20228 -8.24913 0
      vertex -3.19743 -8.18473 16
      vertex -3.19743 -8.18473 0
    endloop
  endfacet
  facet normal -0.997176 0.0750979 0
    outer loop
      vertex -3.19743 -8.18473 16
      vertex -3.20228 -8.24913 0
      vertex -3.20228 -8.24913 16
    endloop
  endfacet
  facet normal -0.988031 0.154258 0
    outer loop
      vertex -3.19743 -8.18473 0
      vertex -3.08991 -7.49606 16
      vertex -3.08991 -7.49606 0
    endloop
  endfacet
  facet normal -0.988031 0.154258 0
    outer loop
      vertex -3.08991 -7.49606 16
      vertex -3.19743 -8.18473 0
      vertex -3.19743 -8.18473 16
    endloop
  endfacet
  facet normal -0.997367 0.0725245 0
    outer loop
      vertex -3.08991 -7.49606 0
      vertex -3.08523 -7.4317 16
      vertex -3.08523 -7.4317 0
    endloop
  endfacet
  facet normal -0.997367 0.0725245 0
    outer loop
      vertex -3.08523 -7.4317 16
      vertex -3.08991 -7.49606 0
      vertex -3.08991 -7.49606 16
    endloop
  endfacet
  facet normal -0.996335 -0.0855344 0
    outer loop
      vertex -3.08523 -7.4317 0
      vertex -3.09069 -7.3681 16
      vertex -3.09069 -7.3681 0
    endloop
  endfacet
  facet normal -0.996335 -0.0855344 0
    outer loop
      vertex -3.09069 -7.3681 16
      vertex -3.08523 -7.4317 0
      vertex -3.08523 -7.4317 16
    endloop
  endfacet
  facet normal -0.971322 -0.237769 0
    outer loop
      vertex -3.09069 -7.3681 0
      vertex -3.10584 -7.30621 16
      vertex -3.10584 -7.30621 0
    endloop
  endfacet
  facet normal -0.971322 -0.237769 0
    outer loop
      vertex -3.10584 -7.30621 16
      vertex -3.09069 -7.3681 0
      vertex -3.09069 -7.3681 16
    endloop
  endfacet
  facet normal -0.924808 -0.380435 0
    outer loop
      vertex -3.10584 -7.30621 0
      vertex -3.13016 -7.24709 16
      vertex -3.13016 -7.24709 0
    endloop
  endfacet
  facet normal -0.924808 -0.380435 0
    outer loop
      vertex -3.13016 -7.24709 16
      vertex -3.10584 -7.30621 0
      vertex -3.10584 -7.30621 16
    endloop
  endfacet
  facet normal -0.859118 -0.511778 0
    outer loop
      vertex -3.13016 -7.24709 0
      vertex -3.16315 -7.19171 16
      vertex -3.16315 -7.19171 0
    endloop
  endfacet
  facet normal -0.859118 -0.511778 0
    outer loop
      vertex -3.16315 -7.19171 16
      vertex -3.13016 -7.24709 0
      vertex -3.13016 -7.24709 16
    endloop
  endfacet
  facet normal -0.775682 -0.631123 0
    outer loop
      vertex -3.16315 -7.19171 0
      vertex -3.20432 -7.14111 16
      vertex -3.20432 -7.14111 0
    endloop
  endfacet
  facet normal -0.775682 -0.631123 0
    outer loop
      vertex -3.20432 -7.14111 16
      vertex -3.16315 -7.19171 0
      vertex -3.16315 -7.19171 16
    endloop
  endfacet
  facet normal -0.676223 -0.736697 0
    outer loop
      vertex -3.25317 -7.09627 0
      vertex -3.20432 -7.14111 16
      vertex -3.25317 -7.09627 16
    endloop
  endfacet
  facet normal -0.676223 -0.736697 -0
    outer loop
      vertex -3.20432 -7.14111 16
      vertex -3.25317 -7.09627 0
      vertex -3.20432 -7.14111 0
    endloop
  endfacet
  facet normal -0.5617 -0.827341 0
    outer loop
      vertex -3.3092 -7.05823 0
      vertex -3.25317 -7.09627 16
      vertex -3.3092 -7.05823 16
    endloop
  endfacet
  facet normal -0.5617 -0.827341 -0
    outer loop
      vertex -3.25317 -7.09627 16
      vertex -3.3092 -7.05823 0
      vertex -3.25317 -7.09627 0
    endloop
  endfacet
  facet normal -0.499999 -0.866026 0
    outer loop
      vertex -4.45795 -6.395 0
      vertex -3.3092 -7.05823 16
      vertex -4.45795 -6.395 16
    endloop
  endfacet
  facet normal -0.499999 -0.866026 -0
    outer loop
      vertex -3.3092 -7.05823 16
      vertex -4.45795 -6.395 0
      vertex -3.3092 -7.05823 0
    endloop
  endfacet
  facet normal -0.435642 -0.90012 0
    outer loop
      vertex -4.51882 -6.36554 0
      vertex -4.45795 -6.395 16
      vertex -4.51882 -6.36554 16
    endloop
  endfacet
  facet normal -0.435642 -0.90012 -0
    outer loop
      vertex -4.45795 -6.395 16
      vertex -4.51882 -6.36554 0
      vertex -4.45795 -6.395 0
    endloop
  endfacet
  facet normal -0.299607 -0.954063 0
    outer loop
      vertex -4.58203 -6.34569 0
      vertex -4.51882 -6.36554 16
      vertex -4.58203 -6.34569 16
    endloop
  endfacet
  facet normal -0.299607 -0.954063 -0
    outer loop
      vertex -4.51882 -6.36554 16
      vertex -4.58203 -6.34569 0
      vertex -4.51882 -6.36554 0
    endloop
  endfacet
  facet normal -0.158702 -0.987327 0
    outer loop
      vertex -4.64642 -6.33534 0
      vertex -4.58203 -6.34569 16
      vertex -4.64642 -6.33534 16
    endloop
  endfacet
  facet normal -0.158702 -0.987327 -0
    outer loop
      vertex -4.58203 -6.34569 16
      vertex -4.64642 -6.33534 0
      vertex -4.58203 -6.34569 0
    endloop
  endfacet
  facet normal -0.0136527 -0.999907 0
    outer loop
      vertex -4.71087 -6.33446 0
      vertex -4.64642 -6.33534 16
      vertex -4.71087 -6.33446 16
    endloop
  endfacet
  facet normal -0.0136527 -0.999907 -0
    outer loop
      vertex -4.64642 -6.33534 16
      vertex -4.71087 -6.33446 0
      vertex -4.64642 -6.33534 0
    endloop
  endfacet
  facet normal 0.133117 -0.9911 0
    outer loop
      vertex -4.77423 -6.34297 0
      vertex -4.71087 -6.33446 16
      vertex -4.77423 -6.34297 16
    endloop
  endfacet
  facet normal 0.133117 -0.9911 0
    outer loop
      vertex -4.71087 -6.33446 16
      vertex -4.77423 -6.34297 0
      vertex -4.71087 -6.33446 0
    endloop
  endfacet
  facet normal 0.280066 -0.959981 0
    outer loop
      vertex -4.83538 -6.36081 0
      vertex -4.77423 -6.34297 16
      vertex -4.83538 -6.36081 16
    endloop
  endfacet
  facet normal 0.280066 -0.959981 0
    outer loop
      vertex -4.77423 -6.34297 16
      vertex -4.83538 -6.36081 0
      vertex -4.77423 -6.34297 0
    endloop
  endfacet
  facet normal 0.424257 -0.905542 0
    outer loop
      vertex -4.89318 -6.38789 0
      vertex -4.83538 -6.36081 16
      vertex -4.89318 -6.38789 16
    endloop
  endfacet
  facet normal 0.424257 -0.905542 0
    outer loop
      vertex -4.83538 -6.36081 16
      vertex -4.89318 -6.38789 0
      vertex -4.83538 -6.36081 0
    endloop
  endfacet
  facet normal 0.562942 -0.826496 0
    outer loop
      vertex -4.94646 -6.42418 0
      vertex -4.89318 -6.38789 16
      vertex -4.94646 -6.42418 16
    endloop
  endfacet
  facet normal 0.562942 -0.826496 0
    outer loop
      vertex -4.89318 -6.38789 16
      vertex -4.94646 -6.42418 0
      vertex -4.89318 -6.38789 0
    endloop
  endfacet
  facet normal 0.62723 -0.778834 0
    outer loop
      vertex -5.48942 -6.86145 0
      vertex -4.94646 -6.42418 16
      vertex -5.48942 -6.86145 16
    endloop
  endfacet
  facet normal 0.62723 -0.778834 0
    outer loop
      vertex -4.94646 -6.42418 16
      vertex -5.48942 -6.86145 0
      vertex -4.94646 -6.42418 0
    endloop
  endfacet
  facet normal 0.564351 -0.825535 0
    outer loop
      vertex -5.54271 -6.89788 0
      vertex -5.48942 -6.86145 16
      vertex -5.54271 -6.89788 16
    endloop
  endfacet
  facet normal 0.564351 -0.825535 0
    outer loop
      vertex -5.48942 -6.86145 16
      vertex -5.54271 -6.89788 0
      vertex -5.48942 -6.86145 0
    endloop
  endfacet
  facet normal 0.425564 -0.904929 0
    outer loop
      vertex -5.60057 -6.92509 0
      vertex -5.54271 -6.89788 16
      vertex -5.60057 -6.92509 16
    endloop
  endfacet
  facet normal 0.425564 -0.904929 0
    outer loop
      vertex -5.54271 -6.89788 16
      vertex -5.60057 -6.92509 0
      vertex -5.54271 -6.89788 0
    endloop
  endfacet
  facet normal 0.280511 -0.959851 0
    outer loop
      vertex -5.66182 -6.94299 0
      vertex -5.60057 -6.92509 16
      vertex -5.66182 -6.94299 16
    endloop
  endfacet
  facet normal 0.280511 -0.959851 0
    outer loop
      vertex -5.60057 -6.92509 16
      vertex -5.66182 -6.94299 0
      vertex -5.60057 -6.92509 0
    endloop
  endfacet
  facet normal 0.133288 -0.991077 0
    outer loop
      vertex -5.72532 -6.95153 0
      vertex -5.66182 -6.94299 16
      vertex -5.72532 -6.95153 16
    endloop
  endfacet
  facet normal 0.133288 -0.991077 0
    outer loop
      vertex -5.66182 -6.94299 16
      vertex -5.72532 -6.95153 0
      vertex -5.66182 -6.94299 0
    endloop
  endfacet
  facet normal -0.0133156 -0.999911 0
    outer loop
      vertex -5.7899 -6.95067 0
      vertex -5.72532 -6.95153 16
      vertex -5.7899 -6.95067 16
    endloop
  endfacet
  facet normal -0.0133156 -0.999911 -0
    outer loop
      vertex -5.72532 -6.95153 16
      vertex -5.7899 -6.95067 0
      vertex -5.72532 -6.95153 0
    endloop
  endfacet
  facet normal -0.158092 -0.987424 0
    outer loop
      vertex -5.85442 -6.94034 0
      vertex -5.7899 -6.95067 16
      vertex -5.85442 -6.94034 16
    endloop
  endfacet
  facet normal -0.158092 -0.987424 -0
    outer loop
      vertex -5.7899 -6.95067 16
      vertex -5.85442 -6.94034 0
      vertex -5.7899 -6.95067 0
    endloop
  endfacet
  facet normal -0.299553 -0.95408 0
    outer loop
      vertex -5.91433 -6.92153 0
      vertex -5.85442 -6.94034 16
      vertex -5.91433 -6.92153 16
    endloop
  endfacet
  facet normal -0.299553 -0.95408 -0
    outer loop
      vertex -5.85442 -6.94034 16
      vertex -5.91433 -6.92153 0
      vertex -5.85442 -6.94034 0
    endloop
  endfacet
  facet normal -0.217673 -0.976022 0
    outer loop
      vertex 1.59996 -8.93772 0
      vertex 1.66121 -8.95138 16
      vertex 1.59996 -8.93772 16
    endloop
  endfacet
  facet normal -0.217707 -0.976014 1.36067e-07
    outer loop
      vertex 1.6612 -8.95138 0
      vertex 1.66121 -8.95138 16
      vertex 1.59996 -8.93772 0
    endloop
  endfacet
  facet normal 0 -1 -0
    outer loop
      vertex 1.66121 -8.95138 16
      vertex 1.6612 -8.95138 0
      vertex 1.66121 -8.95138 0
    endloop
  endfacet
  facet normal -0.356957 -0.934121 0
    outer loop
      vertex 1.53896 -8.91441 0
      vertex 1.59996 -8.93772 16
      vertex 1.53896 -8.91441 16
    endloop
  endfacet
  facet normal -0.356957 -0.934121 -0
    outer loop
      vertex 1.59996 -8.93772 16
      vertex 1.53896 -8.91441 0
      vertex 1.59996 -8.93772 0
    endloop
  endfacet
  facet normal -0.488613 -0.872501 0
    outer loop
      vertex 1.48264 -8.88287 0
      vertex 1.53896 -8.91441 16
      vertex 1.48264 -8.88287 16
    endloop
  endfacet
  facet normal -0.488613 -0.872501 -0
    outer loop
      vertex 1.53896 -8.91441 16
      vertex 1.48264 -8.88287 0
      vertex 1.53896 -8.91441 0
    endloop
  endfacet
  facet normal -0.611354 -0.791357 0
    outer loop
      vertex 1.43195 -8.84371 0
      vertex 1.48264 -8.88287 16
      vertex 1.43195 -8.84371 16
    endloop
  endfacet
  facet normal -0.611354 -0.791357 -0
    outer loop
      vertex 1.48264 -8.88287 16
      vertex 1.43195 -8.84371 0
      vertex 1.48264 -8.88287 0
    endloop
  endfacet
  facet normal -0.722832 -0.691023 0
    outer loop
      vertex 1.43195 -8.84371 0
      vertex 1.38785 -8.79758 16
      vertex 1.38785 -8.79758 0
    endloop
  endfacet
  facet normal -0.722832 -0.691023 0
    outer loop
      vertex 1.38785 -8.79758 16
      vertex 1.43195 -8.84371 0
      vertex 1.43195 -8.84371 16
    endloop
  endfacet
  facet normal -0.820647 -0.571435 0
    outer loop
      vertex 1.38785 -8.79758 0
      vertex 1.3513 -8.74509 16
      vertex 1.3513 -8.74509 0
    endloop
  endfacet
  facet normal -0.820647 -0.571435 0
    outer loop
      vertex 1.3513 -8.74509 16
      vertex 1.38785 -8.79758 0
      vertex 1.38785 -8.79758 16
    endloop
  endfacet
  facet normal -0.901168 -0.433471 0
    outer loop
      vertex 1.3513 -8.74509 0
      vertex 1.32331 -8.6869 16
      vertex 1.32331 -8.6869 0
    endloop
  endfacet
  facet normal -0.901168 -0.433471 0
    outer loop
      vertex 1.32331 -8.6869 16
      vertex 1.3513 -8.74509 0
      vertex 1.3513 -8.74509 16
    endloop
  endfacet
  facet normal -0.932788 -0.360427 0
    outer loop
      vertex 1.32331 -8.6869 0
      vertex 1.07209 -8.03674 16
      vertex 1.07209 -8.03674 0
    endloop
  endfacet
  facet normal -0.932788 -0.360427 0
    outer loop
      vertex 1.07209 -8.03674 16
      vertex 1.32331 -8.6869 0
      vertex 1.32331 -8.6869 16
    endloop
  endfacet
  facet normal -0.899997 -0.435897 0
    outer loop
      vertex 1.07209 -8.03674 0
      vertex 1.04396 -7.97866 16
      vertex 1.04396 -7.97866 0
    endloop
  endfacet
  facet normal -0.899997 -0.435897 0
    outer loop
      vertex 1.04396 -7.97866 16
      vertex 1.07209 -8.03674 0
      vertex 1.07209 -8.03674 16
    endloop
  endfacet
  facet normal -0.820077 -0.572253 0
    outer loop
      vertex 1.04396 -7.97866 0
      vertex 1.00743 -7.92631 16
      vertex 1.00743 -7.92631 0
    endloop
  endfacet
  facet normal -0.820077 -0.572253 0
    outer loop
      vertex 1.00743 -7.92631 16
      vertex 1.04396 -7.97866 0
      vertex 1.04396 -7.97866 16
    endloop
  endfacet
  facet normal -0.722298 -0.691582 0
    outer loop
      vertex 1.00743 -7.92631 0
      vertex 0.963367 -7.88029 16
      vertex 0.963367 -7.88029 0
    endloop
  endfacet
  facet normal -0.722298 -0.691582 0
    outer loop
      vertex 0.963367 -7.88029 16
      vertex 1.00743 -7.92631 0
      vertex 1.00743 -7.92631 16
    endloop
  endfacet
  facet normal -0.610791 -0.791792 0
    outer loop
      vertex 0.912745 -7.84124 0
      vertex 0.963367 -7.88029 16
      vertex 0.912745 -7.84124 16
    endloop
  endfacet
  facet normal -0.610791 -0.791792 -0
    outer loop
      vertex 0.963367 -7.88029 16
      vertex 0.912745 -7.84124 0
      vertex 0.963367 -7.88029 0
    endloop
  endfacet
  facet normal -0.488078 -0.8728 0
    outer loop
      vertex 0.856487 -7.80978 0
      vertex 0.912745 -7.84124 16
      vertex 0.856487 -7.80978 16
    endloop
  endfacet
  facet normal -0.488078 -0.8728 -0
    outer loop
      vertex 0.912745 -7.84124 16
      vertex 0.856487 -7.80978 0
      vertex 0.912745 -7.84124 0
    endloop
  endfacet
  facet normal -0.356261 -0.934387 0
    outer loop
      vertex 0.795534 -7.78654 0
      vertex 0.856487 -7.80978 16
      vertex 0.795534 -7.78654 16
    endloop
  endfacet
  facet normal -0.356261 -0.934387 -0
    outer loop
      vertex 0.856487 -7.80978 16
      vertex 0.795534 -7.78654 0
      vertex 0.856487 -7.80978 0
    endloop
  endfacet
  facet normal -0.21731 -0.976103 0
    outer loop
      vertex 0.730808 -7.77213 0
      vertex 0.795534 -7.78654 16
      vertex 0.730808 -7.77213 16
    endloop
  endfacet
  facet normal -0.21731 -0.976103 -0
    outer loop
      vertex 0.795534 -7.78654 16
      vertex 0.730808 -7.77213 0
      vertex 0.795534 -7.78654 0
    endloop
  endfacet
  facet normal -0.0727947 -0.997347 0
    outer loop
      vertex 0.663263 -7.7672 0
      vertex 0.730808 -7.77213 16
      vertex 0.663263 -7.7672 16
    endloop
  endfacet
  facet normal -0.0727947 -0.997347 -0
    outer loop
      vertex 0.730808 -7.77213 16
      vertex 0.663263 -7.7672 0
      vertex 0.730808 -7.77213 0
    endloop
  endfacet
  facet normal 0 -1 0
    outer loop
      vertex -0.663198 -7.7672 0
      vertex 0.663263 -7.7672 16
      vertex -0.663198 -7.7672 16
    endloop
  endfacet
  facet normal 0 -1 -0
    outer loop
      vertex 0.663263 -7.7672 16
      vertex -0.663198 -7.7672 0
      vertex 0.663263 -7.7672 0
    endloop
  endfacet
  facet normal 0.0728989 -0.997339 0
    outer loop
      vertex -0.730646 -7.77213 0
      vertex -0.663198 -7.7672 16
      vertex -0.730646 -7.77213 16
    endloop
  endfacet
  facet normal 0.0728989 -0.997339 0
    outer loop
      vertex -0.663198 -7.7672 16
      vertex -0.730646 -7.77213 0
      vertex -0.663198 -7.7672 0
    endloop
  endfacet
  facet normal 0.217515 -0.976057 0
    outer loop
      vertex -0.795308 -7.78654 0
      vertex -0.730646 -7.77213 16
      vertex -0.795308 -7.78654 16
    endloop
  endfacet
  facet normal 0.217515 -0.976057 0
    outer loop
      vertex -0.730646 -7.77213 16
      vertex -0.795308 -7.78654 0
      vertex -0.730646 -7.77213 0
    endloop
  endfacet
  facet normal 0.356342 -0.934356 0
    outer loop
      vertex -0.856245 -7.80978 0
      vertex -0.795308 -7.78654 16
      vertex -0.856245 -7.80978 16
    endloop
  endfacet
  facet normal 0.356342 -0.934356 0
    outer loop
      vertex -0.795308 -7.78654 16
      vertex -0.856245 -7.80978 0
      vertex -0.795308 -7.78654 0
    endloop
  endfacet
  facet normal 0.488085 -0.872796 0
    outer loop
      vertex -0.912502 -7.84124 0
      vertex -0.856245 -7.80978 16
      vertex -0.912502 -7.84124 16
    endloop
  endfacet
  facet normal 0.488085 -0.872796 0
    outer loop
      vertex -0.856245 -7.80978 16
      vertex -0.912502 -7.84124 0
      vertex -0.856245 -7.80978 0
    endloop
  endfacet
  facet normal 0.610799 -0.791786 0
    outer loop
      vertex -0.963123 -7.88029 0
      vertex -0.912502 -7.84124 16
      vertex -0.963123 -7.88029 16
    endloop
  endfacet
  facet normal 0.610799 -0.791786 0
    outer loop
      vertex -0.912502 -7.84124 16
      vertex -0.963123 -7.88029 0
      vertex -0.912502 -7.84124 0
    endloop
  endfacet
  facet normal 0.72258 -0.691287 0
    outer loop
      vertex -1.00715 -7.92631 16
      vertex -0.963123 -7.88029 0
      vertex -0.963123 -7.88029 16
    endloop
  endfacet
  facet normal 0.72258 -0.691287 0
    outer loop
      vertex -0.963123 -7.88029 0
      vertex -1.00715 -7.92631 16
      vertex -1.00715 -7.92631 0
    endloop
  endfacet
  facet normal 0.820151 -0.572147 0
    outer loop
      vertex -1.04367 -7.97866 16
      vertex -1.00715 -7.92631 0
      vertex -1.00715 -7.92631 16
    endloop
  endfacet
  facet normal 0.820151 -0.572147 0
    outer loop
      vertex -1.00715 -7.92631 0
      vertex -1.04367 -7.97866 16
      vertex -1.04367 -7.97866 0
    endloop
  endfacet
  facet normal 0.900786 -0.434263 0
    outer loop
      vertex -1.07167 -8.03674 16
      vertex -1.04367 -7.97866 0
      vertex -1.04367 -7.97866 16
    endloop
  endfacet
  facet normal 0.900786 -0.434263 0
    outer loop
      vertex -1.04367 -7.97866 0
      vertex -1.07167 -8.03674 16
      vertex -1.07167 -8.03674 0
    endloop
  endfacet
  facet normal 0.932609 -0.360888 0
    outer loop
      vertex -1.32326 -8.6869 16
      vertex -1.07167 -8.03674 0
      vertex -1.07167 -8.03674 16
    endloop
  endfacet
  facet normal 0.932609 -0.360888 0
    outer loop
      vertex -1.07167 -8.03674 0
      vertex -1.32326 -8.6869 16
      vertex -1.32326 -8.6869 0
    endloop
  endfacet
  facet normal 0.90153 -0.432716 0
    outer loop
      vertex -1.35119 -8.74509 16
      vertex -1.32326 -8.6869 0
      vertex -1.32326 -8.6869 16
    endloop
  endfacet
  facet normal 0.90153 -0.432716 0
    outer loop
      vertex -1.32326 -8.6869 0
      vertex -1.35119 -8.74509 16
      vertex -1.35119 -8.74509 0
    endloop
  endfacet
  facet normal 0.821014 -0.570909 0
    outer loop
      vertex -1.38769 -8.79758 16
      vertex -1.35119 -8.74509 0
      vertex -1.35119 -8.74509 16
    endloop
  endfacet
  facet normal 0.821014 -0.570909 0
    outer loop
      vertex -1.35119 -8.74509 0
      vertex -1.38769 -8.79758 16
      vertex -1.38769 -8.79758 0
    endloop
  endfacet
  facet normal 0.722832 -0.691023 0
    outer loop
      vertex -1.43179 -8.84371 16
      vertex -1.38769 -8.79758 0
      vertex -1.38769 -8.79758 16
    endloop
  endfacet
  facet normal 0.722832 -0.691023 0
    outer loop
      vertex -1.38769 -8.79758 0
      vertex -1.43179 -8.84371 16
      vertex -1.43179 -8.84371 0
    endloop
  endfacet
  facet normal 0.611128 -0.791532 0
    outer loop
      vertex -1.48251 -8.88287 0
      vertex -1.43179 -8.84371 16
      vertex -1.48251 -8.88287 16
    endloop
  endfacet
  facet normal 0.611128 -0.791532 0
    outer loop
      vertex -1.43179 -8.84371 16
      vertex -1.48251 -8.88287 0
      vertex -1.43179 -8.84371 0
    endloop
  endfacet
  facet normal 0.488415 -0.872612 0
    outer loop
      vertex -1.53886 -8.91441 0
      vertex -1.48251 -8.88287 16
      vertex -1.53886 -8.91441 16
    endloop
  endfacet
  facet normal 0.488415 -0.872612 0
    outer loop
      vertex -1.48251 -8.88287 16
      vertex -1.53886 -8.91441 0
      vertex -1.48251 -8.88287 0
    endloop
  endfacet
  facet normal 0.356702 -0.934218 0
    outer loop
      vertex -1.59991 -8.93772 0
      vertex -1.53886 -8.91441 16
      vertex -1.59991 -8.93772 16
    endloop
  endfacet
  facet normal 0.356702 -0.934218 0
    outer loop
      vertex -1.53886 -8.91441 16
      vertex -1.59991 -8.93772 0
      vertex -1.53886 -8.91441 0
    endloop
  endfacet
  facet normal 0.217689 -0.976018 0
    outer loop
      vertex -1.6612 -8.95139 0
      vertex -1.59991 -8.93772 16
      vertex -1.6612 -8.95139 16
    endloop
  endfacet
  facet normal 0.707105 -0.707105 -0.00210452
    outer loop
      vertex -1.66119 -8.95138 0
      vertex -1.59991 -8.93772 16
      vertex -1.6612 -8.95139 0
    endloop
  endfacet
  facet normal 0.217571 -0.976044 0
    outer loop
      vertex -1.59991 -8.93772 16
      vertex -1.66119 -8.95138 0
      vertex -1.59991 -8.93772 0
    endloop
  endfacet
  facet normal 0.946933 0.321431 0
    outer loop
      vertex 8.81214 2.36121 16
      vertex 8.58273 3.03705 0
      vertex 8.58273 3.03705 16
    endloop
  endfacet
  facet normal 0.946933 0.321431 0
    outer loop
      vertex 8.58273 3.03705 0
      vertex 8.81214 2.36121 16
      vertex 8.81214 2.36121 0
    endloop
  endfacet
  facet normal -0.980783 0.195103 0
    outer loop
      vertex -8.95139 1.6612 0
      vertex -8.81214 2.36121 16
      vertex -8.81214 2.36121 0
    endloop
  endfacet
  facet normal -0.980783 0.195103 0
    outer loop
      vertex -8.81214 2.36121 16
      vertex -8.95139 1.6612 0
      vertex -8.95139 1.6612 16
    endloop
  endfacet
  facet normal 0.980785 0.195092 0
    outer loop
      vertex 8.95138 1.66121 16
      vertex 8.81214 2.36121 0
      vertex 8.81214 2.36121 16
    endloop
  endfacet
  facet normal 0.980785 0.195092 0
    outer loop
      vertex 8.81214 2.36121 0
      vertex 8.95138 1.66121 16
      vertex 8.95138 1.66121 0
    endloop
  endfacet
  facet normal -0.751844 -0.659341 0
    outer loop
      vertex -6.45094 -6.45094 0
      vertex -6.92152 -5.91434 16
      vertex -6.92152 -5.91434 0
    endloop
  endfacet
  facet normal -0.751844 -0.659341 0
    outer loop
      vertex -6.92152 -5.91434 16
      vertex -6.45094 -6.45094 0
      vertex -6.45094 -6.45094 16
    endloop
  endfacet
  facet normal 0 0 1
    outer loop
      vertex 6.95062 5.78998 16
      vertex 6.9429 5.66196 16
      vertex 6.95147 5.72543 16
    endloop
  endfacet
  facet normal 0 0 1
    outer loop
      vertex 6.94031 5.85447 16
      vertex 6.9429 5.66196 16
      vertex 6.95062 5.78998 16
    endloop
  endfacet
  facet normal 0 0 1
    outer loop
      vertex 6.94031 5.85447 16
      vertex 6.925 5.60071 16
      vertex 6.9429 5.66196 16
    endloop
  endfacet
  facet normal 0 0 1
    outer loop
      vertex 6.86142 5.48946 16
      vertex 6.94031 5.85447 16
      vertex 6.92152 5.91434 16
    endloop
  endfacet
  facet normal 0 0 1
    outer loop
      vertex 6.94031 5.85447 16
      vertex 6.89782 5.54281 16
      vertex 6.925 5.60071 16
    endloop
  endfacet
  facet normal 0 0 1
    outer loop
      vertex 6.94031 5.85447 16
      vertex 6.86142 5.48946 16
      vertex 6.89782 5.54281 16
    endloop
  endfacet
  facet normal 0 0 1
    outer loop
      vertex 6.45094 6.45094 16
      vertex 6.86142 5.48946 16
      vertex 6.92152 5.91434 16
    endloop
  endfacet
  facet normal 0 0 1
    outer loop
      vertex 6.45094 6.45094 16
      vertex 6.42397 4.94683 16
      vertex 6.86142 5.48946 16
    endloop
  endfacet
  facet normal -0 0 1
    outer loop
      vertex 4.94646 6.42418 16
      vertex 6.42397 4.94683 16
      vertex 6.45094 6.45094 16
    endloop
  endfacet
  facet normal 0 0 1
    outer loop
      vertex 6.42397 4.94683 16
      vertex 4.94646 6.42418 16
      vertex 6.38774 4.89343 16
    endloop
  endfacet
  facet normal -0 0 1
    outer loop
      vertex 4.89318 6.38789 16
      vertex 6.38774 4.89343 16
      vertex 4.94646 6.42418 16
    endloop
  endfacet
  facet normal 0 0 1
    outer loop
      vertex 6.38774 4.89343 16
      vertex 4.89318 6.38789 16
      vertex 6.36067 4.83561 16
    endloop
  endfacet
  facet normal -0 0 1
    outer loop
      vertex 5.48942 6.86145 16
      vertex 6.45094 6.45094 16
      vertex 5.91433 6.92153 16
    endloop
  endfacet
  facet normal 0 0 1
    outer loop
      vertex 6.36067 4.83561 16
      vertex 4.83538 6.36081 16
      vertex 6.34284 4.77444 16
    endloop
  endfacet
  facet normal 0 0 1
    outer loop
      vertex 6.33522 4.64663 16
      vertex 2.6 0 16
      vertex 5.91434 -6.92152 16
    endloop
  endfacet
  facet normal 0 0 1
    outer loop
      vertex 5.48942 6.86145 16
      vertex 5.91433 6.92153 16
      vertex 5.85442 6.94034 16
    endloop
  endfacet
  facet normal -0 0 1
    outer loop
      vertex 2.47275 -0.803444 16
      vertex 5.91434 -6.92152 16
      vertex 2.6 0 16
    endloop
  endfacet
  facet normal 0 0 1
    outer loop
      vertex 5.48942 6.86145 16
      vertex 5.85442 6.94034 16
      vertex 5.7899 6.95067 16
    endloop
  endfacet
  facet normal -0 -0 1
    outer loop
      vertex 4.89343 -6.38774 16
      vertex 5.91434 -6.92152 16
      vertex 2.47275 -0.803444 16
    endloop
  endfacet
  facet normal 0 0 1
    outer loop
      vertex 5.48942 6.86145 16
      vertex 5.7899 6.95067 16
      vertex 5.72532 6.95153 16
    endloop
  endfacet
  facet normal -0 -0 1
    outer loop
      vertex 5.48946 -6.86142 16
      vertex 5.91434 -6.92152 16
      vertex 4.94683 -6.42397 16
    endloop
  endfacet
  facet normal 0 0 1
    outer loop
      vertex 5.48942 6.86145 16
      vertex 5.72532 6.95153 16
      vertex 5.66182 6.94299 16
    endloop
  endfacet
  facet normal 0 0 1
    outer loop
      vertex 5.85447 -6.94031 16
      vertex 5.48946 -6.86142 16
      vertex 5.78998 -6.95062 16
    endloop
  endfacet
  facet normal 0 0 1
    outer loop
      vertex 5.48942 6.86145 16
      vertex 5.66182 6.94299 16
      vertex 5.60057 6.92509 16
    endloop
  endfacet
  facet normal 0 0 1
    outer loop
      vertex 5.78998 -6.95062 16
      vertex 5.48946 -6.86142 16
      vertex 5.72543 -6.95147 16
    endloop
  endfacet
  facet normal 0 0 1
    outer loop
      vertex 5.48942 6.86145 16
      vertex 5.60057 6.92509 16
      vertex 5.54271 6.89788 16
    endloop
  endfacet
  facet normal 0 0 1
    outer loop
      vertex 5.72543 -6.95147 16
      vertex 5.48946 -6.86142 16
      vertex 5.66196 -6.9429 16
    endloop
  endfacet
  facet normal 0 0 1
    outer loop
      vertex 6.45094 6.45094 16
      vertex 5.48942 6.86145 16
      vertex 4.94646 6.42418 16
    endloop
  endfacet
  facet normal 0 0 1
    outer loop
      vertex 5.66196 -6.9429 16
      vertex 5.48946 -6.86142 16
      vertex 5.60071 -6.925 16
    endloop
  endfacet
  facet normal -0 0 1
    outer loop
      vertex 4.77423 6.34297 16
      vertex 6.34284 4.77444 16
      vertex 4.83538 6.36081 16
    endloop
  endfacet
  facet normal 0 0 1
    outer loop
      vertex 5.60071 -6.925 16
      vertex 5.48946 -6.86142 16
      vertex 5.54281 -6.89782 16
    endloop
  endfacet
  facet normal 0 0 1
    outer loop
      vertex 6.34284 4.77444 16
      vertex 4.77423 6.34297 16
      vertex 6.33434 4.71108 16
    endloop
  endfacet
  facet normal 0 0 1
    outer loop
      vertex 5.91434 -6.92152 16
      vertex 5.48946 -6.86142 16
      vertex 5.85447 -6.94031 16
    endloop
  endfacet
  facet normal -0 0 1
    outer loop
      vertex 4.71087 6.33446 16
      vertex 6.33434 4.71108 16
      vertex 4.77423 6.34297 16
    endloop
  endfacet
  facet normal 0 0 1
    outer loop
      vertex 5.91434 -6.92152 16
      vertex 4.89343 -6.38774 16
      vertex 4.94683 -6.42397 16
    endloop
  endfacet
  facet normal 0 0 1
    outer loop
      vertex 6.33434 4.71108 16
      vertex 4.71087 6.33446 16
      vertex 6.33522 4.64663 16
    endloop
  endfacet
  facet normal 0 0 1
    outer loop
      vertex 4.89343 -6.38774 16
      vertex 2.47275 -0.803444 16
      vertex 4.83561 -6.36067 16
    endloop
  endfacet
  facet normal 0 0 1
    outer loop
      vertex 4.64642 6.33534 16
      vertex 6.33522 4.64663 16
      vertex 4.71087 6.33446 16
    endloop
  endfacet
  facet normal 0 0 1
    outer loop
      vertex 4.83561 -6.36067 16
      vertex 2.47275 -0.803444 16
      vertex 4.77444 -6.34284 16
    endloop
  endfacet
  facet normal 0 0 1
    outer loop
      vertex 4.58203 6.34569 16
      vertex 6.33522 4.64663 16
      vertex 4.64642 6.33534 16
    endloop
  endfacet
  facet normal -0 0 1
    outer loop
      vertex 2.10344 -1.52824 16
      vertex 4.77444 -6.34284 16
      vertex 2.47275 -0.803444 16
    endloop
  endfacet
  facet normal 0 0 1
    outer loop
      vertex 6.33522 4.64663 16
      vertex 4.58203 6.34569 16
      vertex 2.10344 1.52824 16
    endloop
  endfacet
  facet normal 0 0 1
    outer loop
      vertex 4.77444 -6.34284 16
      vertex 2.10344 -1.52824 16
      vertex 4.71108 -6.33434 16
    endloop
  endfacet
  facet normal 0 0 1
    outer loop
      vertex 2.10344 1.52824 16
      vertex 4.58203 6.34569 16
      vertex 4.51882 6.36554 16
    endloop
  endfacet
  facet normal 0 0 1
    outer loop
      vertex 4.71108 -6.33434 16
      vertex 2.10344 -1.52824 16
      vertex 4.64663 -6.33522 16
    endloop
  endfacet
  facet normal 0 0 1
    outer loop
      vertex 1.52824 2.10344 16
      vertex 4.51882 6.36554 16
      vertex 4.45795 6.395 16
    endloop
  endfacet
  facet normal 0 0 1
    outer loop
      vertex 4.64663 -6.33522 16
      vertex 2.10344 -1.52824 16
      vertex 4.58222 -6.34557 16
    endloop
  endfacet
  facet normal 0 0 1
    outer loop
      vertex 1.52824 2.10344 16
      vertex 4.45795 6.395 16
      vertex 3.3092 7.05823 16
    endloop
  endfacet
  facet normal 0 0 1
    outer loop
      vertex 4.58222 -6.34557 16
      vertex 2.10344 -1.52824 16
      vertex 4.51896 -6.36546 16
    endloop
  endfacet
  facet normal 0 0 1
    outer loop
      vertex 0.803444 2.47275 16
      vertex 3.3092 7.05823 16
      vertex 3.25317 7.09627 16
    endloop
  endfacet
  facet normal -0 0 1
    outer loop
      vertex 1.52824 -2.10344 16
      vertex 4.51896 -6.36546 16
      vertex 2.10344 -1.52824 16
    endloop
  endfacet
  facet normal 0 0 1
    outer loop
      vertex 0.803444 2.47275 16
      vertex 3.25317 7.09627 16
      vertex 3.20432 7.14111 16
    endloop
  endfacet
  facet normal 0 0 1
    outer loop
      vertex 4.51896 -6.36546 16
      vertex 1.52824 -2.10344 16
      vertex 4.45801 -6.39496 16
    endloop
  endfacet
  facet normal 0 0 1
    outer loop
      vertex 0.795308 7.78654 16
      vertex 3.20432 7.14111 16
      vertex 3.16315 7.19171 16
    endloop
  endfacet
  facet normal 0 0 1
    outer loop
      vertex 4.45801 -6.39496 16
      vertex 1.52824 -2.10344 16
      vertex 3.30925 -7.0582 16
    endloop
  endfacet
  facet normal 0 0 1
    outer loop
      vertex 0.856245 7.80978 16
      vertex 3.16315 7.19171 16
      vertex 3.13016 7.24709 16
    endloop
  endfacet
  facet normal -0 0 1
    outer loop
      vertex 0.803444 -2.47275 16
      vertex 3.30925 -7.0582 16
      vertex 1.52824 -2.10344 16
    endloop
  endfacet
  facet normal 0 0 1
    outer loop
      vertex 0.912502 7.84124 16
      vertex 3.13016 7.24709 16
      vertex 3.10584 7.30621 16
    endloop
  endfacet
  facet normal 0 0 1
    outer loop
      vertex 3.30925 -7.0582 16
      vertex 0.803444 -2.47275 16
      vertex 3.25331 -7.09619 16
    endloop
  endfacet
  facet normal 0 0 1
    outer loop
      vertex 0.963123 7.88029 16
      vertex 3.10584 7.30621 16
      vertex 3.09069 7.3681 16
    endloop
  endfacet
  facet normal 0 0 1
    outer loop
      vertex 3.25331 -7.09619 16
      vertex 0.803444 -2.47275 16
      vertex 3.20451 -7.14099 16
    endloop
  endfacet
  facet normal 0 0 1
    outer loop
      vertex 1.00715 7.92631 16
      vertex 3.09069 7.3681 16
      vertex 3.08523 7.4317 16
    endloop
  endfacet
  facet normal 0 0 1
    outer loop
      vertex 8.95138 1.66121 16
      vertex 8.91441 1.53896 16
      vertex 8.93772 1.59996 16
    endloop
  endfacet
  facet normal 0 0 1
    outer loop
      vertex 8.95138 1.66121 16
      vertex 8.88287 1.48264 16
      vertex 8.91441 1.53896 16
    endloop
  endfacet
  facet normal 0 0 1
    outer loop
      vertex 8.95138 1.66121 16
      vertex 8.84371 1.43195 16
      vertex 8.88287 1.48264 16
    endloop
  endfacet
  facet normal 0 0 1
    outer loop
      vertex 8.6869 1.32331 16
      vertex 8.95138 1.66121 16
      vertex 8.81214 2.36121 16
    endloop
  endfacet
  facet normal 0 0 1
    outer loop
      vertex 8.95138 1.66121 16
      vertex 8.6869 1.32331 16
      vertex 8.84371 1.43195 16
    endloop
  endfacet
  facet normal 0 0 1
    outer loop
      vertex 8.84371 1.43195 16
      vertex 8.6869 1.32331 16
      vertex 8.79758 1.38785 16
    endloop
  endfacet
  facet normal 0 0 1
    outer loop
      vertex 8.79758 1.38785 16
      vertex 8.6869 1.32331 16
      vertex 8.74509 1.3513 16
    endloop
  endfacet
  facet normal 0 0 1
    outer loop
      vertex 8.1847 3.19747 16
      vertex 8.81214 2.36121 16
      vertex 8.58273 3.03705 16
    endloop
  endfacet
  facet normal 0 0 1
    outer loop
      vertex 8.1847 3.19747 16
      vertex 8.58273 3.03705 16
      vertex 8.54025 3.0833 16
    endloop
  endfacet
  facet normal 0 0 1
    outer loop
      vertex 8.1847 3.19747 16
      vertex 8.54025 3.0833 16
      vertex 8.48953 3.12451 16
    endloop
  endfacet
  facet normal 0 0 1
    outer loop
      vertex 8.1847 3.19747 16
      vertex 8.48953 3.12451 16
      vertex 8.43404 3.15754 16
    endloop
  endfacet
  facet normal 0 0 1
    outer loop
      vertex 8.1847 3.19747 16
      vertex 8.43404 3.15754 16
      vertex 8.37477 3.18189 16
    endloop
  endfacet
  facet normal 0 0 1
    outer loop
      vertex 8.1847 3.19747 16
      vertex 8.37477 3.18189 16
      vertex 8.31278 3.19702 16
    endloop
  endfacet
  facet normal -0 0 1
    outer loop
      vertex 8.1847 3.19747 16
      vertex 8.31278 3.19702 16
      vertex 8.24907 3.20238 16
    endloop
  endfacet
  facet normal -0 0 1
    outer loop
      vertex 7.49585 3.09027 16
      vertex 8.81214 2.36121 16
      vertex 8.1847 3.19747 16
    endloop
  endfacet
  facet normal 0 0 1
    outer loop
      vertex 8.81214 2.36121 16
      vertex 8.03674 1.07209 16
      vertex 8.6869 1.32331 16
    endloop
  endfacet
  facet normal 0 0 1
    outer loop
      vertex 8.81214 2.36121 16
      vertex 7.49585 3.09027 16
      vertex 8.03674 1.07209 16
    endloop
  endfacet
  facet normal 0 0 1
    outer loop
      vertex 8.03674 1.07209 16
      vertex 7.49585 3.09027 16
      vertex 7.97866 1.04396 16
    endloop
  endfacet
  facet normal -0 0 1
    outer loop
      vertex 7.43156 3.08548 16
      vertex 7.97866 1.04396 16
      vertex 7.49585 3.09027 16
    endloop
  endfacet
  facet normal 0 0 1
    outer loop
      vertex 7.97866 1.04396 16
      vertex 7.43156 3.08548 16
      vertex 7.92631 1.00743 16
    endloop
  endfacet
  facet normal 0 0 1
    outer loop
      vertex 7.36796 3.09093 16
      vertex 7.92631 1.00743 16
      vertex 7.43156 3.08548 16
    endloop
  endfacet
  facet normal 0 0 1
    outer loop
      vertex 7.92631 1.00743 16
      vertex 7.36796 3.09093 16
      vertex 7.88029 0.963367 16
    endloop
  endfacet
  facet normal 0 0 1
    outer loop
      vertex 7.30609 3.10605 16
      vertex 7.88029 0.963367 16
      vertex 7.36796 3.09093 16
    endloop
  endfacet
  facet normal 0 0 1
    outer loop
      vertex 7.05823 -3.3092 16
      vertex 7.7672 -0.663198 16
      vertex 7.7672 0.663263 16
    endloop
  endfacet
  facet normal 0 0 1
    outer loop
      vertex 7.88029 0.963367 16
      vertex 7.30609 3.10605 16
      vertex 7.84124 0.912745 16
    endloop
  endfacet
  facet normal 0 0 1
    outer loop
      vertex 7.24696 3.13037 16
      vertex 7.84124 0.912745 16
      vertex 7.30609 3.10605 16
    endloop
  endfacet
  facet normal 0 0 1
    outer loop
      vertex 7.84124 0.912745 16
      vertex 7.24696 3.13037 16
      vertex 7.80978 0.856487 16
    endloop
  endfacet
  facet normal 0 0 1
    outer loop
      vertex 7.7672 -0.663198 16
      vertex 7.4317 -3.08523 16
      vertex 7.49606 -3.08991 16
    endloop
  endfacet
  facet normal 0 0 1
    outer loop
      vertex 7.19159 3.16336 16
      vertex 7.80978 0.856487 16
      vertex 7.24696 3.13037 16
    endloop
  endfacet
  facet normal 0 0 1
    outer loop
      vertex 7.7672 -0.663198 16
      vertex 7.3681 -3.09069 16
      vertex 7.4317 -3.08523 16
    endloop
  endfacet
  facet normal 0 0 1
    outer loop
      vertex 7.80978 0.856487 16
      vertex 7.19159 3.16336 16
      vertex 7.78654 0.795534 16
    endloop
  endfacet
  facet normal 0 0 1
    outer loop
      vertex 7.7672 -0.663198 16
      vertex 7.30621 -3.10584 16
      vertex 7.3681 -3.09069 16
    endloop
  endfacet
  facet normal 0 0 1
    outer loop
      vertex 7.14099 3.20451 16
      vertex 7.78654 0.795534 16
      vertex 7.19159 3.16336 16
    endloop
  endfacet
  facet normal 0 0 1
    outer loop
      vertex 7.7672 -0.663198 16
      vertex 7.24709 -3.13016 16
      vertex 7.30621 -3.10584 16
    endloop
  endfacet
  facet normal 0 0 1
    outer loop
      vertex 7.78654 0.795534 16
      vertex 7.14099 3.20451 16
      vertex 7.77213 0.730808 16
    endloop
  endfacet
  facet normal 0 0 1
    outer loop
      vertex 7.7672 -0.663198 16
      vertex 7.19171 -3.16315 16
      vertex 7.24709 -3.13016 16
    endloop
  endfacet
  facet normal 0 0 1
    outer loop
      vertex 7.09619 3.25331 16
      vertex 7.77213 0.730808 16
      vertex 7.14099 3.20451 16
    endloop
  endfacet
  facet normal 0 0 1
    outer loop
      vertex 7.7672 -0.663198 16
      vertex 7.14111 -3.20432 16
      vertex 7.19171 -3.16315 16
    endloop
  endfacet
  facet normal 0 0 1
    outer loop
      vertex 7.77213 0.730808 16
      vertex 7.09619 3.25331 16
      vertex 7.7672 0.663263 16
    endloop
  endfacet
  facet normal 0 0 1
    outer loop
      vertex 7.7672 -0.663198 16
      vertex 7.09627 -3.25317 16
      vertex 7.14111 -3.20432 16
    endloop
  endfacet
  facet normal 0 0 1
    outer loop
      vertex 7.0582 3.30925 16
      vertex 7.7672 0.663263 16
      vertex 7.09619 3.25331 16
    endloop
  endfacet
  facet normal 0 0 1
    outer loop
      vertex 7.7672 -0.663198 16
      vertex 7.05823 -3.3092 16
      vertex 7.09627 -3.25317 16
    endloop
  endfacet
  facet normal 0 0 1
    outer loop
      vertex 7.7672 0.663263 16
      vertex 7.0582 3.30925 16
      vertex 7.05823 -3.3092 16
    endloop
  endfacet
  facet normal 0 0 1
    outer loop
      vertex 7.0582 3.30925 16
      vertex 6.395 -4.45795 16
      vertex 7.05823 -3.3092 16
    endloop
  endfacet
  facet normal 0 0 1
    outer loop
      vertex 6.39496 4.45801 16
      vertex 6.395 -4.45795 16
      vertex 7.0582 3.30925 16
    endloop
  endfacet
  facet normal 0 0 1
    outer loop
      vertex 6.39496 4.45801 16
      vertex 6.36554 -4.51882 16
      vertex 6.395 -4.45795 16
    endloop
  endfacet
  facet normal 0 0 1
    outer loop
      vertex 6.36546 4.51896 16
      vertex 6.36554 -4.51882 16
      vertex 6.39496 4.45801 16
    endloop
  endfacet
  facet normal 0 0 1
    outer loop
      vertex 6.36546 4.51896 16
      vertex 6.34569 -4.58203 16
      vertex 6.36554 -4.51882 16
    endloop
  endfacet
  facet normal 0 0 1
    outer loop
      vertex 6.34557 4.58222 16
      vertex 6.34569 -4.58203 16
      vertex 6.36546 4.51896 16
    endloop
  endfacet
  facet normal 0 0 1
    outer loop
      vertex 6.34557 4.58222 16
      vertex 6.33534 -4.64642 16
      vertex 6.34569 -4.58203 16
    endloop
  endfacet
  facet normal 0 0 1
    outer loop
      vertex 6.33522 4.64663 16
      vertex 6.33534 -4.64642 16
      vertex 6.34557 4.58222 16
    endloop
  endfacet
  facet normal 0 0 1
    outer loop
      vertex 5.91434 -6.92152 16
      vertex 6.33534 -4.64642 16
      vertex 6.33522 4.64663 16
    endloop
  endfacet
  facet normal -0 0 1
    outer loop
      vertex 4.83538 6.36081 16
      vertex 6.36067 4.83561 16
      vertex 4.89318 6.38789 16
    endloop
  endfacet
  facet normal 0 0 1
    outer loop
      vertex 8.91441 -1.53886 16
      vertex 8.95139 -1.6612 16
      vertex 8.93772 -1.59991 16
    endloop
  endfacet
  facet normal 0 0 1
    outer loop
      vertex 8.88287 -1.48251 16
      vertex 8.95139 -1.6612 16
      vertex 8.91441 -1.53886 16
    endloop
  endfacet
  facet normal 0 0 1
    outer loop
      vertex 8.6869 -1.32326 16
      vertex 8.88287 -1.48251 16
      vertex 8.84371 -1.43179 16
    endloop
  endfacet
  facet normal 0 0 1
    outer loop
      vertex 8.88287 -1.48251 16
      vertex 8.6869 -1.32326 16
      vertex 8.95139 -1.6612 16
    endloop
  endfacet
  facet normal 0 0 1
    outer loop
      vertex 8.6869 -1.32326 16
      vertex 8.84371 -1.43179 16
      vertex 8.79758 -1.38769 16
    endloop
  endfacet
  facet normal 0 0 1
    outer loop
      vertex 8.6869 -1.32326 16
      vertex 8.79758 -1.38769 16
      vertex 8.74509 -1.35119 16
    endloop
  endfacet
  facet normal 0 0 1
    outer loop
      vertex 8.95139 -1.6612 16
      vertex 8.6869 -1.32326 16
      vertex 8.81214 -2.36121 16
    endloop
  endfacet
  facet normal 0 0 1
    outer loop
      vertex 8.03674 -1.07167 16
      vertex 8.81214 -2.36121 16
      vertex 8.6869 -1.32326 16
    endloop
  endfacet
  facet normal 0 0 1
    outer loop
      vertex 8.81214 -2.36121 16
      vertex 8.18473 -3.19743 16
      vertex 8.58273 -3.03705 16
    endloop
  endfacet
  facet normal 0 0 1
    outer loop
      vertex 8.58273 -3.03705 16
      vertex 8.18473 -3.19743 16
      vertex 8.54027 -3.08325 16
    endloop
  endfacet
  facet normal 0 0 1
    outer loop
      vertex 8.54027 -3.08325 16
      vertex 8.18473 -3.19743 16
      vertex 8.48958 -3.12443 16
    endloop
  endfacet
  facet normal 0 0 1
    outer loop
      vertex 8.48958 -3.12443 16
      vertex 8.18473 -3.19743 16
      vertex 8.43411 -3.15743 16
    endloop
  endfacet
  facet normal 0 0 1
    outer loop
      vertex 8.43411 -3.15743 16
      vertex 8.18473 -3.19743 16
      vertex 8.37485 -3.18175 16
    endloop
  endfacet
  facet normal 0 0 1
    outer loop
      vertex 8.37485 -3.18175 16
      vertex 8.18473 -3.19743 16
      vertex 8.31286 -3.19688 16
    endloop
  endfacet
  facet normal 0 0 1
    outer loop
      vertex 8.31286 -3.19688 16
      vertex 8.18473 -3.19743 16
      vertex 8.24913 -3.20228 16
    endloop
  endfacet
  facet normal 0 0 1
    outer loop
      vertex 7.49606 -3.08991 16
      vertex 8.81214 -2.36121 16
      vertex 8.03674 -1.07167 16
    endloop
  endfacet
  facet normal 0 0 1
    outer loop
      vertex 7.49606 -3.08991 16
      vertex 8.03674 -1.07167 16
      vertex 7.97866 -1.04367 16
    endloop
  endfacet
  facet normal 0 0 1
    outer loop
      vertex 7.49606 -3.08991 16
      vertex 7.97866 -1.04367 16
      vertex 7.92631 -1.00715 16
    endloop
  endfacet
  facet normal 0 0 1
    outer loop
      vertex 7.49606 -3.08991 16
      vertex 7.92631 -1.00715 16
      vertex 7.88029 -0.963123 16
    endloop
  endfacet
  facet normal 0 0 1
    outer loop
      vertex 7.49606 -3.08991 16
      vertex 7.88029 -0.963123 16
      vertex 7.84124 -0.912502 16
    endloop
  endfacet
  facet normal 0 0 1
    outer loop
      vertex 7.49606 -3.08991 16
      vertex 7.84124 -0.912502 16
      vertex 7.80978 -0.856245 16
    endloop
  endfacet
  facet normal 0 0 1
    outer loop
      vertex 7.49606 -3.08991 16
      vertex 7.80978 -0.856245 16
      vertex 7.78654 -0.795308 16
    endloop
  endfacet
  facet normal 0 0 1
    outer loop
      vertex 7.49606 -3.08991 16
      vertex 7.78654 -0.795308 16
      vertex 7.77213 -0.730646 16
    endloop
  endfacet
  facet normal 0 0 1
    outer loop
      vertex 8.81214 -2.36121 16
      vertex 7.49606 -3.08991 16
      vertex 8.18473 -3.19743 16
    endloop
  endfacet
  facet normal 0 0 1
    outer loop
      vertex 7.49606 -3.08991 16
      vertex 7.77213 -0.730646 16
      vertex 7.7672 -0.663198 16
    endloop
  endfacet
  facet normal 0 0 1
    outer loop
      vertex 6.94299 -5.66182 16
      vertex 6.95067 -5.7899 16
      vertex 6.95153 -5.72532 16
    endloop
  endfacet
  facet normal 0 0 1
    outer loop
      vertex 6.94299 -5.66182 16
      vertex 6.94034 -5.85442 16
      vertex 6.95067 -5.7899 16
    endloop
  endfacet
  facet normal 0 0 1
    outer loop
      vertex 6.92509 -5.60057 16
      vertex 6.94034 -5.85442 16
      vertex 6.94299 -5.66182 16
    endloop
  endfacet
  facet normal 0 0 1
    outer loop
      vertex 6.89788 -5.54271 16
      vertex 6.94034 -5.85442 16
      vertex 6.92509 -5.60057 16
    endloop
  endfacet
  facet normal 0 0 1
    outer loop
      vertex 6.86145 -5.48942 16
      vertex 6.94034 -5.85442 16
      vertex 6.89788 -5.54271 16
    endloop
  endfacet
  facet normal 0 0 1
    outer loop
      vertex 6.94034 -5.85442 16
      vertex 6.86145 -5.48942 16
      vertex 6.92153 -5.91433 16
    endloop
  endfacet
  facet normal 0 0 1
    outer loop
      vertex 6.86145 -5.48942 16
      vertex 6.45094 -6.45094 16
      vertex 6.92153 -5.91433 16
    endloop
  endfacet
  facet normal 0 0 1
    outer loop
      vertex 6.42418 -4.94646 16
      vertex 6.45094 -6.45094 16
      vertex 6.86145 -5.48942 16
    endloop
  endfacet
  facet normal 0 0 1
    outer loop
      vertex 5.91434 -6.92152 16
      vertex 6.42418 -4.94646 16
      vertex 6.38789 -4.89318 16
    endloop
  endfacet
  facet normal 0 0 1
    outer loop
      vertex 5.91434 -6.92152 16
      vertex 6.38789 -4.89318 16
      vertex 6.36081 -4.83538 16
    endloop
  endfacet
  facet normal 0 0 1
    outer loop
      vertex 5.91434 -6.92152 16
      vertex 6.36081 -4.83538 16
      vertex 6.34297 -4.77423 16
    endloop
  endfacet
  facet normal 0 0 1
    outer loop
      vertex 5.91434 -6.92152 16
      vertex 6.34297 -4.77423 16
      vertex 6.33446 -4.71087 16
    endloop
  endfacet
  facet normal 0 0 1
    outer loop
      vertex 6.42418 -4.94646 16
      vertex 5.91434 -6.92152 16
      vertex 6.45094 -6.45094 16
    endloop
  endfacet
  facet normal 0 0 1
    outer loop
      vertex 6.33534 -4.64642 16
      vertex 5.91434 -6.92152 16
      vertex 6.33446 -4.71087 16
    endloop
  endfacet
  facet normal 0 0 1
    outer loop
      vertex 3.19747 -8.1847 16
      vertex 3.19702 -8.31278 16
      vertex 3.20238 -8.24907 16
    endloop
  endfacet
  facet normal 0 0 1
    outer loop
      vertex 3.19747 -8.1847 16
      vertex 3.18189 -8.37477 16
      vertex 3.19702 -8.31278 16
    endloop
  endfacet
  facet normal 0 0 1
    outer loop
      vertex 3.19747 -8.1847 16
      vertex 3.15754 -8.43404 16
      vertex 3.18189 -8.37477 16
    endloop
  endfacet
  facet normal 0 0 1
    outer loop
      vertex 3.19747 -8.1847 16
      vertex 3.12451 -8.48953 16
      vertex 3.15754 -8.43404 16
    endloop
  endfacet
  facet normal 0 0 1
    outer loop
      vertex 2.36121 -8.81214 16
      vertex 3.19747 -8.1847 16
      vertex 3.09027 -7.49585 16
    endloop
  endfacet
  facet normal 0 0 1
    outer loop
      vertex 1.07209 -8.03674 16
      vertex 3.09027 -7.49585 16
      vertex 3.08548 -7.43156 16
    endloop
  endfacet
  facet normal 0 0 1
    outer loop
      vertex 3.19747 -8.1847 16
      vertex 3.03705 -8.58273 16
      vertex 3.12451 -8.48953 16
    endloop
  endfacet
  facet normal 0 0 1
    outer loop
      vertex 0.795534 -7.78654 16
      vertex 3.20451 -7.14099 16
      vertex 0.803444 -2.47275 16
    endloop
  endfacet
  facet normal 0 0 1
    outer loop
      vertex -2.47275 0.803444 16
      vertex -7.77213 0.730646 16
      vertex -7.7672 0.663198 16
    endloop
  endfacet
  facet normal 0 0 1
    outer loop
      vertex -7.4317 3.08523 16
      vertex -7.78654 0.795308 16
      vertex -7.77213 0.730646 16
    endloop
  endfacet
  facet normal 0 0 1
    outer loop
      vertex -7.4317 3.08523 16
      vertex -7.80978 0.856245 16
      vertex -7.78654 0.795308 16
    endloop
  endfacet
  facet normal 0 0 1
    outer loop
      vertex -7.4317 3.08523 16
      vertex -7.84124 0.912502 16
      vertex -7.80978 0.856245 16
    endloop
  endfacet
  facet normal 0 0 1
    outer loop
      vertex -7.4317 3.08523 16
      vertex -7.88029 0.963123 16
      vertex -7.84124 0.912502 16
    endloop
  endfacet
  facet normal 0 0 1
    outer loop
      vertex -7.4317 3.08523 16
      vertex -7.92631 1.00715 16
      vertex -7.88029 0.963123 16
    endloop
  endfacet
  facet normal 0 0 1
    outer loop
      vertex -7.4317 3.08523 16
      vertex -7.97866 1.04367 16
      vertex -7.92631 1.00715 16
    endloop
  endfacet
  facet normal 0 0 1
    outer loop
      vertex -7.49606 3.08991 16
      vertex -8.03674 1.07167 16
      vertex -7.97866 1.04367 16
    endloop
  endfacet
  facet normal 0 0 1
    outer loop
      vertex -8.81214 2.36121 16
      vertex -7.49606 3.08991 16
      vertex -8.18473 3.19743 16
    endloop
  endfacet
  facet normal 0 0 1
    outer loop
      vertex -8.58273 3.03705 16
      vertex -8.18473 3.19743 16
      vertex -8.24913 3.20228 16
    endloop
  endfacet
  facet normal 0 0 1
    outer loop
      vertex -8.58273 3.03705 16
      vertex -8.24913 3.20228 16
      vertex -8.31286 3.19688 16
    endloop
  endfacet
  facet normal 0 0 1
    outer loop
      vertex -8.58273 3.03705 16
      vertex -8.31286 3.19688 16
      vertex -8.37485 3.18175 16
    endloop
  endfacet
  facet normal 0 0 1
    outer loop
      vertex -8.58273 3.03705 16
      vertex -8.37485 3.18175 16
      vertex -8.43411 3.15743 16
    endloop
  endfacet
  facet normal 0 0 1
    outer loop
      vertex -8.58273 3.03705 16
      vertex -8.43411 3.15743 16
      vertex -8.48958 3.12443 16
    endloop
  endfacet
  facet normal 0 0 1
    outer loop
      vertex -8.58273 3.03705 16
      vertex -8.48958 3.12443 16
      vertex -8.54027 3.08325 16
    endloop
  endfacet
  facet normal 0 0 1
    outer loop
      vertex -8.18473 3.19743 16
      vertex -8.58273 3.03705 16
      vertex -8.81214 2.36121 16
    endloop
  endfacet
  facet normal 0 0 1
    outer loop
      vertex -7.49606 3.08991 16
      vertex -8.81214 2.36121 16
      vertex -8.03674 1.07167 16
    endloop
  endfacet
  facet normal 0 0 1
    outer loop
      vertex -8.03674 1.07167 16
      vertex -8.81214 2.36121 16
      vertex -8.6869 1.32326 16
    endloop
  endfacet
  facet normal -0 0 1
    outer loop
      vertex -8.95139 1.6612 16
      vertex -8.6869 1.32326 16
      vertex -8.81214 2.36121 16
    endloop
  endfacet
  facet normal 0 0 1
    outer loop
      vertex -8.6869 1.32326 16
      vertex -8.95139 1.6612 16
      vertex -8.74509 1.35119 16
    endloop
  endfacet
  facet normal 0 0 1
    outer loop
      vertex -8.74509 1.35119 16
      vertex -8.95139 1.6612 16
      vertex -8.79758 1.38769 16
    endloop
  endfacet
  facet normal 0 0 1
    outer loop
      vertex -8.79758 1.38769 16
      vertex -8.95139 1.6612 16
      vertex -8.84371 1.43179 16
    endloop
  endfacet
  facet normal 0 0 1
    outer loop
      vertex -8.84371 1.43179 16
      vertex -8.95139 1.6612 16
      vertex -8.88287 1.48251 16
    endloop
  endfacet
  facet normal 0 0 1
    outer loop
      vertex -8.88287 1.48251 16
      vertex -8.95139 1.6612 16
      vertex -8.91441 1.53886 16
    endloop
  endfacet
  facet normal 0 0 1
    outer loop
      vertex -8.91441 1.53886 16
      vertex -8.95139 1.6612 16
      vertex -8.93772 1.59991 16
    endloop
  endfacet
  facet normal -0 0 1
    outer loop
      vertex -6.36554 4.51882 16
      vertex -2.10344 1.52824 16
      vertex -6.34569 4.58203 16
    endloop
  endfacet
  facet normal 0 0 1
    outer loop
      vertex -4.94683 6.42397 16
      vertex -6.34297 4.77423 16
      vertex -6.33446 4.71087 16
    endloop
  endfacet
  facet normal 0 0 1
    outer loop
      vertex -4.94683 6.42397 16
      vertex -6.36081 4.83538 16
      vertex -6.34297 4.77423 16
    endloop
  endfacet
  facet normal 0 0 1
    outer loop
      vertex -4.94683 6.42397 16
      vertex -6.38789 4.89318 16
      vertex -6.36081 4.83538 16
    endloop
  endfacet
  facet normal 0 0 1
    outer loop
      vertex -4.94683 6.42397 16
      vertex -6.42418 4.94646 16
      vertex -6.38789 4.89318 16
    endloop
  endfacet
  facet normal 0 0 1
    outer loop
      vertex -4.94683 6.42397 16
      vertex -6.45094 6.45094 16
      vertex -6.42418 4.94646 16
    endloop
  endfacet
  facet normal 0 0 1
    outer loop
      vertex -6.45094 6.45094 16
      vertex -6.86145 5.48942 16
      vertex -6.42418 4.94646 16
    endloop
  endfacet
  facet normal -0 0 1
    outer loop
      vertex -6.92153 5.91433 16
      vertex -6.86145 5.48942 16
      vertex -6.45094 6.45094 16
    endloop
  endfacet
  facet normal -0 0 1
    outer loop
      vertex -6.94034 5.85442 16
      vertex -6.86145 5.48942 16
      vertex -6.92153 5.91433 16
    endloop
  endfacet
  facet normal 0 0 1
    outer loop
      vertex -6.86145 5.48942 16
      vertex -6.94034 5.85442 16
      vertex -6.89788 5.54271 16
    endloop
  endfacet
  facet normal 0 0 1
    outer loop
      vertex -6.89788 5.54271 16
      vertex -6.94034 5.85442 16
      vertex -6.92509 5.60057 16
    endloop
  endfacet
  facet normal 0 0 1
    outer loop
      vertex -6.94034 5.85442 16
      vertex -6.94299 5.66182 16
      vertex -6.92509 5.60057 16
    endloop
  endfacet
  facet normal -0 0 1
    outer loop
      vertex -6.95067 5.7899 16
      vertex -6.94299 5.66182 16
      vertex -6.94034 5.85442 16
    endloop
  endfacet
  facet normal 0 0 1
    outer loop
      vertex -6.94299 5.66182 16
      vertex -6.95067 5.7899 16
      vertex -6.95153 5.72532 16
    endloop
  endfacet
  facet normal 0 0 1
    outer loop
      vertex -0.795534 7.78654 16
      vertex -3.20451 7.14099 16
      vertex -0.803444 2.47275 16
    endloop
  endfacet
  facet normal 0 0 1
    outer loop
      vertex -3.03705 8.58273 16
      vertex -3.09027 7.49585 16
      vertex -3.08548 7.43156 16
    endloop
  endfacet
  facet normal 0 0 1
    outer loop
      vertex -3.19747 8.1847 16
      vertex -3.0833 8.54025 16
      vertex -3.12451 8.48953 16
    endloop
  endfacet
  facet normal 0 0 1
    outer loop
      vertex -3.19747 8.1847 16
      vertex -3.12451 8.48953 16
      vertex -3.15754 8.43404 16
    endloop
  endfacet
  facet normal 0 0 1
    outer loop
      vertex -3.19747 8.1847 16
      vertex -3.15754 8.43404 16
      vertex -3.18189 8.37477 16
    endloop
  endfacet
  facet normal 0 0 1
    outer loop
      vertex -3.19747 8.1847 16
      vertex -3.18189 8.37477 16
      vertex -3.19702 8.31278 16
    endloop
  endfacet
  facet normal 0 0 1
    outer loop
      vertex -3.03705 8.58273 16
      vertex -3.19747 8.1847 16
      vertex -3.09027 7.49585 16
    endloop
  endfacet
  facet normal 0 -0 1
    outer loop
      vertex -3.19747 8.1847 16
      vertex -3.19702 8.31278 16
      vertex -3.20238 8.24907 16
    endloop
  endfacet
  facet normal 0 0 1
    outer loop
      vertex 6.33522 4.64663 16
      vertex 2.47275 0.803444 16
      vertex 2.6 0 16
    endloop
  endfacet
  facet normal 0 0 1
    outer loop
      vertex 3.08991 7.49606 16
      vertex 1.07167 8.03674 16
      vertex 3.08523 7.4317 16
    endloop
  endfacet
  facet normal 0 0 1
    outer loop
      vertex 6.33522 4.64663 16
      vertex 2.10344 1.52824 16
      vertex 2.47275 0.803444 16
    endloop
  endfacet
  facet normal 0 0 1
    outer loop
      vertex 1.32326 8.6869 16
      vertex 2.36121 8.81214 16
      vertex 1.6612 8.95139 16
    endloop
  endfacet
  facet normal 0 0 1
    outer loop
      vertex 1.32326 8.6869 16
      vertex 1.6612 8.95139 16
      vertex 1.59991 8.93772 16
    endloop
  endfacet
  facet normal 0 0 1
    outer loop
      vertex 1.32326 8.6869 16
      vertex 1.59991 8.93772 16
      vertex 1.53886 8.91441 16
    endloop
  endfacet
  facet normal 0 0 1
    outer loop
      vertex 3.08523 7.4317 16
      vertex 1.07167 8.03674 16
      vertex 1.04367 7.97866 16
    endloop
  endfacet
  facet normal 0 0 1
    outer loop
      vertex 1.32326 8.6869 16
      vertex 1.53886 8.91441 16
      vertex 1.48251 8.88287 16
    endloop
  endfacet
  facet normal 0 0 1
    outer loop
      vertex 1.32326 8.6869 16
      vertex 1.48251 8.88287 16
      vertex 1.43179 8.84371 16
    endloop
  endfacet
  facet normal 0 0 1
    outer loop
      vertex 1.32326 8.6869 16
      vertex 1.43179 8.84371 16
      vertex 1.38769 8.79758 16
    endloop
  endfacet
  facet normal 0 0 1
    outer loop
      vertex 1.32326 8.6869 16
      vertex 1.38769 8.79758 16
      vertex 1.35119 8.74509 16
    endloop
  endfacet
  facet normal 0 0 1
    outer loop
      vertex 2.36121 8.81214 16
      vertex 1.32326 8.6869 16
      vertex 1.07167 8.03674 16
    endloop
  endfacet
  facet normal 0 0 1
    outer loop
      vertex 3.08523 7.4317 16
      vertex 1.04367 7.97866 16
      vertex 1.00715 7.92631 16
    endloop
  endfacet
  facet normal 0 0 1
    outer loop
      vertex 4.51882 6.36554 16
      vertex 1.52824 2.10344 16
      vertex 2.10344 1.52824 16
    endloop
  endfacet
  facet normal 0 0 1
    outer loop
      vertex 3.09069 7.3681 16
      vertex 1.00715 7.92631 16
      vertex 0.963123 7.88029 16
    endloop
  endfacet
  facet normal 0 0 1
    outer loop
      vertex 3.10584 7.30621 16
      vertex 0.963123 7.88029 16
      vertex 0.912502 7.84124 16
    endloop
  endfacet
  facet normal 0 0 1
    outer loop
      vertex 3.13016 7.24709 16
      vertex 0.912502 7.84124 16
      vertex 0.856245 7.80978 16
    endloop
  endfacet
  facet normal 0 0 1
    outer loop
      vertex 3.16315 7.19171 16
      vertex 0.856245 7.80978 16
      vertex 0.795308 7.78654 16
    endloop
  endfacet
  facet normal 0 0 1
    outer loop
      vertex 3.3092 7.05823 16
      vertex 0.803444 2.47275 16
      vertex 1.52824 2.10344 16
    endloop
  endfacet
  facet normal 0 0 1
    outer loop
      vertex 3.20432 7.14111 16
      vertex 0.795308 7.78654 16
      vertex 0.803444 2.47275 16
    endloop
  endfacet
  facet normal -0 0 1
    outer loop
      vertex 0.730646 7.77213 16
      vertex 0.803444 2.47275 16
      vertex 0.795308 7.78654 16
    endloop
  endfacet
  facet normal -0 0 1
    outer loop
      vertex 0.663198 7.7672 16
      vertex 0.803444 2.47275 16
      vertex 0.730646 7.77213 16
    endloop
  endfacet
  facet normal 0 0 1
    outer loop
      vertex 0.663198 7.7672 16
      vertex 0 2.6 16
      vertex 0.803444 2.47275 16
    endloop
  endfacet
  facet normal -0 0 1
    outer loop
      vertex -0.663263 7.7672 16
      vertex 0 2.6 16
      vertex 0.663198 7.7672 16
    endloop
  endfacet
  facet normal 0 0 1
    outer loop
      vertex -0.803444 2.47275 16
      vertex -0.663263 7.7672 16
      vertex -0.730808 7.77213 16
    endloop
  endfacet
  facet normal 0 0 1
    outer loop
      vertex -0.803444 2.47275 16
      vertex -0.730808 7.77213 16
      vertex -0.795534 7.78654 16
    endloop
  endfacet
  facet normal 0 0 1
    outer loop
      vertex -0.663263 7.7672 16
      vertex -0.803444 2.47275 16
      vertex 0 2.6 16
    endloop
  endfacet
  facet normal 0 0 1
    outer loop
      vertex -0.963367 7.88029 16
      vertex -3.10605 7.30609 16
      vertex -0.912745 7.84124 16
    endloop
  endfacet
  facet normal 0 0 1
    outer loop
      vertex -3.10605 7.30609 16
      vertex -0.963367 7.88029 16
      vertex -3.09093 7.36796 16
    endloop
  endfacet
  facet normal 0 0 1
    outer loop
      vertex -3.09093 7.36796 16
      vertex -1.00743 7.92631 16
      vertex -3.08548 7.43156 16
    endloop
  endfacet
  facet normal 0 0 1
    outer loop
      vertex -1.04396 7.97866 16
      vertex -3.08548 7.43156 16
      vertex -1.00743 7.92631 16
    endloop
  endfacet
  facet normal 0 0 1
    outer loop
      vertex -1.07209 8.03674 16
      vertex -3.08548 7.43156 16
      vertex -1.04396 7.97866 16
    endloop
  endfacet
  facet normal 0 0 1
    outer loop
      vertex -2.36121 8.81214 16
      vertex -3.08548 7.43156 16
      vertex -1.07209 8.03674 16
    endloop
  endfacet
  facet normal 0 0 1
    outer loop
      vertex -2.36121 8.81214 16
      vertex -1.07209 8.03674 16
      vertex -1.32331 8.6869 16
    endloop
  endfacet
  facet normal 0 0 1
    outer loop
      vertex -1.66121 8.95138 16
      vertex -1.32331 8.6869 16
      vertex -1.3513 8.74509 16
    endloop
  endfacet
  facet normal 0 0 1
    outer loop
      vertex -1.66121 8.95138 16
      vertex -1.3513 8.74509 16
      vertex -1.38785 8.79758 16
    endloop
  endfacet
  facet normal 0 0 1
    outer loop
      vertex -1.66121 8.95138 16
      vertex -1.38785 8.79758 16
      vertex -1.43195 8.84371 16
    endloop
  endfacet
  facet normal 0 0 1
    outer loop
      vertex -1.66121 8.95138 16
      vertex -1.43195 8.84371 16
      vertex -1.48264 8.88287 16
    endloop
  endfacet
  facet normal 0 0 1
    outer loop
      vertex -1.00743 7.92631 16
      vertex -3.09093 7.36796 16
      vertex -0.963367 7.88029 16
    endloop
  endfacet
  facet normal 0 0 1
    outer loop
      vertex -1.66121 8.95138 16
      vertex -1.48264 8.88287 16
      vertex -1.53896 8.91441 16
    endloop
  endfacet
  facet normal 0 0 1
    outer loop
      vertex -1.66121 8.95138 16
      vertex -1.53896 8.91441 16
      vertex -1.59996 8.93772 16
    endloop
  endfacet
  facet normal 0 0 1
    outer loop
      vertex -1.32331 8.6869 16
      vertex -1.66121 8.95138 16
      vertex -2.36121 8.81214 16
    endloop
  endfacet
  facet normal -0 0 1
    outer loop
      vertex -3.03705 8.58273 16
      vertex -3.08548 7.43156 16
      vertex -2.36121 8.81214 16
    endloop
  endfacet
  facet normal 0 0 1
    outer loop
      vertex -3.13037 7.24696 16
      vertex -0.912745 7.84124 16
      vertex -3.10605 7.30609 16
    endloop
  endfacet
  facet normal 0 0 1
    outer loop
      vertex -0.912745 7.84124 16
      vertex -3.13037 7.24696 16
      vertex -0.856487 7.80978 16
    endloop
  endfacet
  facet normal 0 0 1
    outer loop
      vertex -3.16336 7.19159 16
      vertex -0.856487 7.80978 16
      vertex -3.13037 7.24696 16
    endloop
  endfacet
  facet normal 0 0 1
    outer loop
      vertex -0.856487 7.80978 16
      vertex -3.16336 7.19159 16
      vertex -0.795534 7.78654 16
    endloop
  endfacet
  facet normal 0 0 1
    outer loop
      vertex -3.19747 8.1847 16
      vertex -3.03705 8.58273 16
      vertex -3.0833 8.54025 16
    endloop
  endfacet
  facet normal 0 0 1
    outer loop
      vertex -2.6 0 16
      vertex -3.08523 -7.4317 16
      vertex -3.03705 -8.58273 16
    endloop
  endfacet
  facet normal 0 0 1
    outer loop
      vertex -3.20451 7.14099 16
      vertex -0.795534 7.78654 16
      vertex -3.16336 7.19159 16
    endloop
  endfacet
  facet normal -0 0 1
    outer loop
      vertex -3.08991 -7.49606 16
      vertex -3.03705 -8.58273 16
      vertex -3.08523 -7.4317 16
    endloop
  endfacet
  facet normal -0 0 1
    outer loop
      vertex -3.19743 -8.18473 16
      vertex -3.03705 -8.58273 16
      vertex -3.08991 -7.49606 16
    endloop
  endfacet
  facet normal 0 0 1
    outer loop
      vertex -3.03705 -8.58273 16
      vertex -3.19743 -8.18473 16
      vertex -3.08325 -8.54027 16
    endloop
  endfacet
  facet normal 0 0 1
    outer loop
      vertex -3.08325 -8.54027 16
      vertex -3.19743 -8.18473 16
      vertex -3.12443 -8.48958 16
    endloop
  endfacet
  facet normal 0 0 1
    outer loop
      vertex -3.12443 -8.48958 16
      vertex -3.19743 -8.18473 16
      vertex -3.15743 -8.43411 16
    endloop
  endfacet
  facet normal 0 0 1
    outer loop
      vertex -3.15743 -8.43411 16
      vertex -3.19743 -8.18473 16
      vertex -3.18175 -8.37485 16
    endloop
  endfacet
  facet normal 0 0 1
    outer loop
      vertex -3.18175 -8.37485 16
      vertex -3.19743 -8.18473 16
      vertex -3.19688 -8.31286 16
    endloop
  endfacet
  facet normal 0 0 1
    outer loop
      vertex -3.19688 -8.31286 16
      vertex -3.19743 -8.18473 16
      vertex -3.20228 -8.24913 16
    endloop
  endfacet
  facet normal 0 0 1
    outer loop
      vertex 3.19688 8.31286 16
      vertex 3.19743 8.18473 16
      vertex 3.20228 8.24913 16
    endloop
  endfacet
  facet normal 0 0 1
    outer loop
      vertex 3.18175 8.37485 16
      vertex 3.19743 8.18473 16
      vertex 3.19688 8.31286 16
    endloop
  endfacet
  facet normal 0 0 1
    outer loop
      vertex 3.15743 8.43411 16
      vertex 3.19743 8.18473 16
      vertex 3.18175 8.37485 16
    endloop
  endfacet
  facet normal 0 0 1
    outer loop
      vertex 3.12443 8.48958 16
      vertex 3.19743 8.18473 16
      vertex 3.15743 8.43411 16
    endloop
  endfacet
  facet normal 0 0 1
    outer loop
      vertex 3.03705 8.58273 16
      vertex 3.19743 8.18473 16
      vertex 3.12443 8.48958 16
    endloop
  endfacet
  facet normal 0 0 1
    outer loop
      vertex 2.36121 8.81214 16
      vertex 3.19743 8.18473 16
      vertex 3.03705 8.58273 16
    endloop
  endfacet
  facet normal 0 0 1
    outer loop
      vertex 3.03705 8.58273 16
      vertex 3.12443 8.48958 16
      vertex 3.08325 8.54027 16
    endloop
  endfacet
  facet normal 0 0 1
    outer loop
      vertex 3.19743 8.18473 16
      vertex 2.36121 8.81214 16
      vertex 3.08991 7.49606 16
    endloop
  endfacet
  facet normal 0 0 1
    outer loop
      vertex 3.20451 -7.14099 16
      vertex 0.795534 -7.78654 16
      vertex 3.16336 -7.19159 16
    endloop
  endfacet
  facet normal -0 0 1
    outer loop
      vertex 1.07167 8.03674 16
      vertex 3.08991 7.49606 16
      vertex 2.36121 8.81214 16
    endloop
  endfacet
  facet normal 0 -0 1
    outer loop
      vertex 0.856487 -7.80978 16
      vertex 3.16336 -7.19159 16
      vertex 0.795534 -7.78654 16
    endloop
  endfacet
  facet normal 0 0 1
    outer loop
      vertex 3.16336 -7.19159 16
      vertex 0.856487 -7.80978 16
      vertex 3.13037 -7.24696 16
    endloop
  endfacet
  facet normal 0 -0 1
    outer loop
      vertex 0.912745 -7.84124 16
      vertex 3.13037 -7.24696 16
      vertex 0.856487 -7.80978 16
    endloop
  endfacet
  facet normal 0 -0 1
    outer loop
      vertex 1.00743 -7.92631 16
      vertex 3.09093 -7.36796 16
      vertex 0.963367 -7.88029 16
    endloop
  endfacet
  facet normal 0 -0 1
    outer loop
      vertex 1.04396 -7.97866 16
      vertex 3.08548 -7.43156 16
      vertex 1.00743 -7.92631 16
    endloop
  endfacet
  facet normal 0 0 1
    outer loop
      vertex 3.12451 -8.48953 16
      vertex 3.03705 -8.58273 16
      vertex 3.0833 -8.54025 16
    endloop
  endfacet
  facet normal 0 0 1
    outer loop
      vertex 2.36121 -8.81214 16
      vertex 1.32331 -8.6869 16
      vertex 1.66121 -8.95138 16
    endloop
  endfacet
  facet normal 0 0 1
    outer loop
      vertex 3.09027 -7.49585 16
      vertex 1.07209 -8.03674 16
      vertex 2.36121 -8.81214 16
    endloop
  endfacet
  facet normal 0 0 1
    outer loop
      vertex 1.66121 -8.95138 16
      vertex 1.32331 -8.6869 16
      vertex 1.59996 -8.93772 16
    endloop
  endfacet
  facet normal 0 0 1
    outer loop
      vertex 1.59996 -8.93772 16
      vertex 1.32331 -8.6869 16
      vertex 1.53896 -8.91441 16
    endloop
  endfacet
  facet normal 0 0 1
    outer loop
      vertex 1.53896 -8.91441 16
      vertex 1.32331 -8.6869 16
      vertex 1.48264 -8.88287 16
    endloop
  endfacet
  facet normal 0 0 1
    outer loop
      vertex 1.48264 -8.88287 16
      vertex 1.32331 -8.6869 16
      vertex 1.43195 -8.84371 16
    endloop
  endfacet
  facet normal 0 0 1
    outer loop
      vertex 1.43195 -8.84371 16
      vertex 1.32331 -8.6869 16
      vertex 1.38785 -8.79758 16
    endloop
  endfacet
  facet normal 0 0 1
    outer loop
      vertex 1.38785 -8.79758 16
      vertex 1.32331 -8.6869 16
      vertex 1.3513 -8.74509 16
    endloop
  endfacet
  facet normal -0 -0 1
    outer loop
      vertex 1.32331 -8.6869 16
      vertex 2.36121 -8.81214 16
      vertex 1.07209 -8.03674 16
    endloop
  endfacet
  facet normal 0 0 1
    outer loop
      vertex 3.19747 -8.1847 16
      vertex 2.36121 -8.81214 16
      vertex 3.03705 -8.58273 16
    endloop
  endfacet
  facet normal 0 -0 1
    outer loop
      vertex 1.07209 -8.03674 16
      vertex 3.08548 -7.43156 16
      vertex 1.04396 -7.97866 16
    endloop
  endfacet
  facet normal 0 0 1
    outer loop
      vertex 3.09093 -7.36796 16
      vertex 1.00743 -7.92631 16
      vertex 3.08548 -7.43156 16
    endloop
  endfacet
  facet normal 0 0 1
    outer loop
      vertex 3.13037 -7.24696 16
      vertex 0.912745 -7.84124 16
      vertex 3.10605 -7.30609 16
    endloop
  endfacet
  facet normal 0 0 1
    outer loop
      vertex 3.10605 -7.30609 16
      vertex 0.963367 -7.88029 16
      vertex 3.09093 -7.36796 16
    endloop
  endfacet
  facet normal 0 -0 1
    outer loop
      vertex 0.963367 -7.88029 16
      vertex 3.10605 -7.30609 16
      vertex 0.912745 -7.84124 16
    endloop
  endfacet
  facet normal 0 0 1
    outer loop
      vertex 0.803444 -2.47275 16
      vertex 0.730808 -7.77213 16
      vertex 0.795534 -7.78654 16
    endloop
  endfacet
  facet normal 0 0 1
    outer loop
      vertex 0.803444 -2.47275 16
      vertex 0.663263 -7.7672 16
      vertex 0.730808 -7.77213 16
    endloop
  endfacet
  facet normal -0 0 1
    outer loop
      vertex 0 -2.6 16
      vertex 0.663263 -7.7672 16
      vertex 0.803444 -2.47275 16
    endloop
  endfacet
  facet normal 0 0 1
    outer loop
      vertex 0 -2.6 16
      vertex -0.663198 -7.7672 16
      vertex 0.663263 -7.7672 16
    endloop
  endfacet
  facet normal 0 0 1
    outer loop
      vertex -0.803444 -2.47275 16
      vertex -0.663198 -7.7672 16
      vertex 0 -2.6 16
    endloop
  endfacet
  facet normal 0 0 1
    outer loop
      vertex -0.663198 -7.7672 16
      vertex -0.803444 -2.47275 16
      vertex -0.730646 -7.77213 16
    endloop
  endfacet
  facet normal 0 0 1
    outer loop
      vertex -0.730646 -7.77213 16
      vertex -0.803444 -2.47275 16
      vertex -0.795308 -7.78654 16
    endloop
  endfacet
  facet normal 0 0 1
    outer loop
      vertex -0.803444 -2.47275 16
      vertex -0.856245 -7.80978 16
      vertex -0.795308 -7.78654 16
    endloop
  endfacet
  facet normal 0 0 1
    outer loop
      vertex -0.803444 -2.47275 16
      vertex -0.912502 -7.84124 16
      vertex -0.856245 -7.80978 16
    endloop
  endfacet
  facet normal 0 0 1
    outer loop
      vertex -1.52824 -2.10344 16
      vertex -0.912502 -7.84124 16
      vertex -0.803444 -2.47275 16
    endloop
  endfacet
  facet normal 0 0 1
    outer loop
      vertex -0.912502 -7.84124 16
      vertex -1.52824 -2.10344 16
      vertex -0.963123 -7.88029 16
    endloop
  endfacet
  facet normal 0 0 1
    outer loop
      vertex -3.03705 -8.58273 16
      vertex -0.963123 -7.88029 16
      vertex -1.52824 -2.10344 16
    endloop
  endfacet
  facet normal 0 0 1
    outer loop
      vertex -0.963123 -7.88029 16
      vertex -3.03705 -8.58273 16
      vertex -1.00715 -7.92631 16
    endloop
  endfacet
  facet normal 0 0 1
    outer loop
      vertex -1.00715 -7.92631 16
      vertex -3.03705 -8.58273 16
      vertex -1.04367 -7.97866 16
    endloop
  endfacet
  facet normal 0 -0 1
    outer loop
      vertex -2.36121 -8.81214 16
      vertex -1.07167 -8.03674 16
      vertex -3.03705 -8.58273 16
    endloop
  endfacet
  facet normal 0 0 1
    outer loop
      vertex -1.07167 -8.03674 16
      vertex -2.36121 -8.81214 16
      vertex -1.32326 -8.6869 16
    endloop
  endfacet
  facet normal 0 -0 1
    outer loop
      vertex -1.6612 -8.95139 16
      vertex -1.32326 -8.6869 16
      vertex -2.36121 -8.81214 16
    endloop
  endfacet
  facet normal 0 0 1
    outer loop
      vertex -1.32326 -8.6869 16
      vertex -1.6612 -8.95139 16
      vertex -1.35119 -8.74509 16
    endloop
  endfacet
  facet normal 0 0 1
    outer loop
      vertex -1.04367 -7.97866 16
      vertex -3.03705 -8.58273 16
      vertex -1.07167 -8.03674 16
    endloop
  endfacet
  facet normal 0 0 1
    outer loop
      vertex -1.35119 -8.74509 16
      vertex -1.6612 -8.95139 16
      vertex -1.38769 -8.79758 16
    endloop
  endfacet
  facet normal 0 0 1
    outer loop
      vertex -1.43179 -8.84371 16
      vertex -1.6612 -8.95139 16
      vertex -1.48251 -8.88287 16
    endloop
  endfacet
  facet normal 0 0 1
    outer loop
      vertex -1.48251 -8.88287 16
      vertex -1.6612 -8.95139 16
      vertex -1.53886 -8.91441 16
    endloop
  endfacet
  facet normal 0 0 1
    outer loop
      vertex -3.03705 -8.58273 16
      vertex -1.52824 -2.10344 16
      vertex -2.10344 -1.52824 16
    endloop
  endfacet
  facet normal 0 0 1
    outer loop
      vertex -1.53886 -8.91441 16
      vertex -1.6612 -8.95139 16
      vertex -1.59991 -8.93772 16
    endloop
  endfacet
  facet normal 0 0 1
    outer loop
      vertex -3.03705 -8.58273 16
      vertex -2.10344 -1.52824 16
      vertex -2.47275 -0.803444 16
    endloop
  endfacet
  facet normal 0 0 1
    outer loop
      vertex -3.03705 -8.58273 16
      vertex -2.47275 -0.803444 16
      vertex -2.6 0 16
    endloop
  endfacet
  facet normal 0 0 1
    outer loop
      vertex -1.38769 -8.79758 16
      vertex -1.6612 -8.95139 16
      vertex -1.43179 -8.84371 16
    endloop
  endfacet
  facet normal 0 0 1
    outer loop
      vertex -2.6 0 16
      vertex -3.09069 -7.3681 16
      vertex -3.08523 -7.4317 16
    endloop
  endfacet
  facet normal -0 0 1
    outer loop
      vertex -3.25331 7.09619 16
      vertex -0.803444 2.47275 16
      vertex -3.20451 7.14099 16
    endloop
  endfacet
  facet normal 0 0 1
    outer loop
      vertex -2.6 0 16
      vertex -3.10584 -7.30621 16
      vertex -3.09069 -7.3681 16
    endloop
  endfacet
  facet normal -0 0 1
    outer loop
      vertex -3.30925 7.0582 16
      vertex -0.803444 2.47275 16
      vertex -3.25331 7.09619 16
    endloop
  endfacet
  facet normal 0 0 1
    outer loop
      vertex -2.6 0 16
      vertex -3.13016 -7.24709 16
      vertex -3.10584 -7.30621 16
    endloop
  endfacet
  facet normal 0 0 1
    outer loop
      vertex -0.803444 2.47275 16
      vertex -3.30925 7.0582 16
      vertex -1.52824 2.10344 16
    endloop
  endfacet
  facet normal 0 0 1
    outer loop
      vertex -2.6 0 16
      vertex -3.16315 -7.19171 16
      vertex -3.13016 -7.24709 16
    endloop
  endfacet
  facet normal -0 0 1
    outer loop
      vertex -4.45801 6.39496 16
      vertex -1.52824 2.10344 16
      vertex -3.30925 7.0582 16
    endloop
  endfacet
  facet normal 0 0 1
    outer loop
      vertex -2.6 0 16
      vertex -3.20432 -7.14111 16
      vertex -3.16315 -7.19171 16
    endloop
  endfacet
  facet normal -0 0 1
    outer loop
      vertex -4.51896 6.36546 16
      vertex -1.52824 2.10344 16
      vertex -4.45801 6.39496 16
    endloop
  endfacet
  facet normal 0 0 1
    outer loop
      vertex -2.6 0 16
      vertex -3.25317 -7.09627 16
      vertex -3.20432 -7.14111 16
    endloop
  endfacet
  facet normal 0 0 1
    outer loop
      vertex -1.52824 2.10344 16
      vertex -4.51896 6.36546 16
      vertex -2.10344 1.52824 16
    endloop
  endfacet
  facet normal 0 0 1
    outer loop
      vertex -2.6 0 16
      vertex -3.3092 -7.05823 16
      vertex -3.25317 -7.09627 16
    endloop
  endfacet
  facet normal -0 0 1
    outer loop
      vertex -4.58222 6.34557 16
      vertex -2.10344 1.52824 16
      vertex -4.51896 6.36546 16
    endloop
  endfacet
  facet normal 0 0 1
    outer loop
      vertex -2.6 0 16
      vertex -4.45795 -6.395 16
      vertex -3.3092 -7.05823 16
    endloop
  endfacet
  facet normal 0 0 1
    outer loop
      vertex -6.33534 4.64642 16
      vertex -4.64663 6.33522 16
      vertex -6.33446 4.71087 16
    endloop
  endfacet
  facet normal 0 -0 1
    outer loop
      vertex -4.51882 -6.36554 16
      vertex -2.6 0 16
      vertex -6.33434 -4.71108 16
    endloop
  endfacet
  facet normal 0 0 1
    outer loop
      vertex -6.33446 4.71087 16
      vertex -4.64663 6.33522 16
      vertex -4.71108 6.33434 16
    endloop
  endfacet
  facet normal 0 0 1
    outer loop
      vertex -2.6 0 16
      vertex -4.51882 -6.36554 16
      vertex -4.45795 -6.395 16
    endloop
  endfacet
  facet normal 0 0 1
    outer loop
      vertex -6.33446 4.71087 16
      vertex -4.71108 6.33434 16
      vertex -4.77444 6.34284 16
    endloop
  endfacet
  facet normal 0 0 1
    outer loop
      vertex -4.51882 -6.36554 16
      vertex -6.33434 -4.71108 16
      vertex -4.58203 -6.34569 16
    endloop
  endfacet
  facet normal -0 0 1
    outer loop
      vertex -4.64663 6.33522 16
      vertex -6.33534 4.64642 16
      vertex -4.58222 6.34557 16
    endloop
  endfacet
  facet normal 0 0 1
    outer loop
      vertex -4.58203 -6.34569 16
      vertex -6.33434 -4.71108 16
      vertex -4.64642 -6.33534 16
    endloop
  endfacet
  facet normal 0 0 1
    outer loop
      vertex -6.33446 4.71087 16
      vertex -4.77444 6.34284 16
      vertex -4.83561 6.36067 16
    endloop
  endfacet
  facet normal 0 0 1
    outer loop
      vertex -4.64642 -6.33534 16
      vertex -6.33434 -4.71108 16
      vertex -4.71087 -6.33446 16
    endloop
  endfacet
  facet normal 0 0 1
    outer loop
      vertex -6.33446 4.71087 16
      vertex -4.83561 6.36067 16
      vertex -4.89343 6.38774 16
    endloop
  endfacet
  facet normal 0 0 1
    outer loop
      vertex -4.71087 -6.33446 16
      vertex -6.33434 -4.71108 16
      vertex -4.77423 -6.34297 16
    endloop
  endfacet
  facet normal 0 0 1
    outer loop
      vertex -4.94683 6.42397 16
      vertex -6.33446 4.71087 16
      vertex -4.89343 6.38774 16
    endloop
  endfacet
  facet normal -0 0 1
    outer loop
      vertex -6.34284 -4.77444 16
      vertex -4.77423 -6.34297 16
      vertex -6.33434 -4.71108 16
    endloop
  endfacet
  facet normal 0 0 1
    outer loop
      vertex -6.34569 4.58203 16
      vertex -4.58222 6.34557 16
      vertex -6.33534 4.64642 16
    endloop
  endfacet
  facet normal 0 0 1
    outer loop
      vertex -4.77423 -6.34297 16
      vertex -6.34284 -4.77444 16
      vertex -4.83538 -6.36081 16
    endloop
  endfacet
  facet normal 0 0 1
    outer loop
      vertex -5.48946 6.86142 16
      vertex -6.45094 6.45094 16
      vertex -4.94683 6.42397 16
    endloop
  endfacet
  facet normal -0 0 1
    outer loop
      vertex -6.36067 -4.83561 16
      vertex -4.83538 -6.36081 16
      vertex -6.34284 -4.77444 16
    endloop
  endfacet
  facet normal 0 0 1
    outer loop
      vertex -6.45094 6.45094 16
      vertex -5.48946 6.86142 16
      vertex -5.91434 6.92152 16
    endloop
  endfacet
  facet normal 0 0 1
    outer loop
      vertex -4.83538 -6.36081 16
      vertex -6.36067 -4.83561 16
      vertex -4.89318 -6.38789 16
    endloop
  endfacet
  facet normal 0 0 1
    outer loop
      vertex -5.91434 6.92152 16
      vertex -5.48946 6.86142 16
      vertex -5.54281 6.89782 16
    endloop
  endfacet
  facet normal -0 0 1
    outer loop
      vertex -6.38774 -4.89343 16
      vertex -4.89318 -6.38789 16
      vertex -6.36067 -4.83561 16
    endloop
  endfacet
  facet normal -0 0 1
    outer loop
      vertex -5.91434 6.92152 16
      vertex -5.54281 6.89782 16
      vertex -5.60071 6.925 16
    endloop
  endfacet
  facet normal 0 0 1
    outer loop
      vertex -4.89318 -6.38789 16
      vertex -6.38774 -4.89343 16
      vertex -4.94646 -6.42418 16
    endloop
  endfacet
  facet normal 0 0 1
    outer loop
      vertex -5.91434 6.92152 16
      vertex -5.60071 6.925 16
      vertex -5.66196 6.9429 16
    endloop
  endfacet
  facet normal -0 0 1
    outer loop
      vertex -6.42397 -4.94683 16
      vertex -4.94646 -6.42418 16
      vertex -6.38774 -4.89343 16
    endloop
  endfacet
  facet normal 0 0 1
    outer loop
      vertex -5.91434 6.92152 16
      vertex -5.66196 6.9429 16
      vertex -5.72543 6.95147 16
    endloop
  endfacet
  facet normal 0 0 1
    outer loop
      vertex -6.45094 -6.45094 16
      vertex -4.94646 -6.42418 16
      vertex -6.42397 -4.94683 16
    endloop
  endfacet
  facet normal 0 0 1
    outer loop
      vertex -5.91434 6.92152 16
      vertex -5.72543 6.95147 16
      vertex -5.78998 6.95062 16
    endloop
  endfacet
  facet normal 0 0 1
    outer loop
      vertex -4.94646 -6.42418 16
      vertex -6.45094 -6.45094 16
      vertex -5.48942 -6.86145 16
    endloop
  endfacet
  facet normal 0 0 1
    outer loop
      vertex -5.91434 6.92152 16
      vertex -5.78998 6.95062 16
      vertex -5.85447 6.94031 16
    endloop
  endfacet
  facet normal 0 -0 1
    outer loop
      vertex -5.91433 -6.92153 16
      vertex -5.48942 -6.86145 16
      vertex -6.45094 -6.45094 16
    endloop
  endfacet
  facet normal 0 0 1
    outer loop
      vertex -4.58222 6.34557 16
      vertex -6.34569 4.58203 16
      vertex -2.10344 1.52824 16
    endloop
  endfacet
  facet normal 0 0 1
    outer loop
      vertex -5.48942 -6.86145 16
      vertex -5.91433 -6.92153 16
      vertex -5.54271 -6.89788 16
    endloop
  endfacet
  facet normal 0 0 1
    outer loop
      vertex -5.54271 -6.89788 16
      vertex -5.91433 -6.92153 16
      vertex -5.60057 -6.92509 16
    endloop
  endfacet
  facet normal 0 0 1
    outer loop
      vertex -5.60057 -6.92509 16
      vertex -5.91433 -6.92153 16
      vertex -5.66182 -6.94299 16
    endloop
  endfacet
  facet normal 0 0 1
    outer loop
      vertex -5.66182 -6.94299 16
      vertex -5.91433 -6.92153 16
      vertex -5.72532 -6.95153 16
    endloop
  endfacet
  facet normal 0 0 1
    outer loop
      vertex -5.72532 -6.95153 16
      vertex -5.91433 -6.92153 16
      vertex -5.7899 -6.95067 16
    endloop
  endfacet
  facet normal 0 0 1
    outer loop
      vertex -5.7899 -6.95067 16
      vertex -5.91433 -6.92153 16
      vertex -5.85442 -6.94034 16
    endloop
  endfacet
  facet normal -0 0 1
    outer loop
      vertex -6.86142 -5.48946 16
      vertex -6.45094 -6.45094 16
      vertex -6.42397 -4.94683 16
    endloop
  endfacet
  facet normal 0 0 1
    outer loop
      vertex -6.94031 -5.85447 16
      vertex -6.86142 -5.48946 16
      vertex -6.89782 -5.54281 16
    endloop
  endfacet
  facet normal 0 0 1
    outer loop
      vertex -6.86142 -5.48946 16
      vertex -6.92152 -5.91434 16
      vertex -6.45094 -6.45094 16
    endloop
  endfacet
  facet normal 0 0 1
    outer loop
      vertex -6.94031 -5.85447 16
      vertex -6.89782 -5.54281 16
      vertex -6.925 -5.60071 16
    endloop
  endfacet
  facet normal 0 0 1
    outer loop
      vertex -6.86142 -5.48946 16
      vertex -6.94031 -5.85447 16
      vertex -6.92152 -5.91434 16
    endloop
  endfacet
  facet normal -0 0 1
    outer loop
      vertex -6.9429 -5.66196 16
      vertex -6.94031 -5.85447 16
      vertex -6.925 -5.60071 16
    endloop
  endfacet
  facet normal 0 0 1
    outer loop
      vertex -6.9429 -5.66196 16
      vertex -6.95062 -5.78998 16
      vertex -6.94031 -5.85447 16
    endloop
  endfacet
  facet normal 0 -0 1
    outer loop
      vertex -6.95062 -5.78998 16
      vertex -6.9429 -5.66196 16
      vertex -6.95147 -5.72543 16
    endloop
  endfacet
  facet normal 0 0 1
    outer loop
      vertex -2.6 0 16
      vertex -6.33522 -4.64663 16
      vertex -6.33434 -4.71108 16
    endloop
  endfacet
  facet normal -0 0 1
    outer loop
      vertex -6.395 4.45795 16
      vertex -2.10344 1.52824 16
      vertex -6.36554 4.51882 16
    endloop
  endfacet
  facet normal 0 0 1
    outer loop
      vertex -2.6 0 16
      vertex -6.34557 -4.58222 16
      vertex -6.33522 -4.64663 16
    endloop
  endfacet
  facet normal -0 0 1
    outer loop
      vertex -7.05823 3.3092 16
      vertex -2.10344 1.52824 16
      vertex -6.395 4.45795 16
    endloop
  endfacet
  facet normal 0 0 1
    outer loop
      vertex -2.6 0 16
      vertex -6.36546 -4.51896 16
      vertex -6.34557 -4.58222 16
    endloop
  endfacet
  facet normal 0 0 1
    outer loop
      vertex -2.10344 1.52824 16
      vertex -7.05823 3.3092 16
      vertex -2.47275 0.803444 16
    endloop
  endfacet
  facet normal 0 0 1
    outer loop
      vertex -2.6 0 16
      vertex -6.39496 -4.45801 16
      vertex -6.36546 -4.51896 16
    endloop
  endfacet
  facet normal -0 0 1
    outer loop
      vertex -7.09627 3.25317 16
      vertex -2.47275 0.803444 16
      vertex -7.05823 3.3092 16
    endloop
  endfacet
  facet normal 0 0 1
    outer loop
      vertex -2.6 0 16
      vertex -7.0582 -3.30925 16
      vertex -6.39496 -4.45801 16
    endloop
  endfacet
  facet normal -0 0 1
    outer loop
      vertex -7.14111 3.20432 16
      vertex -2.47275 0.803444 16
      vertex -7.09627 3.25317 16
    endloop
  endfacet
  facet normal 0 0 1
    outer loop
      vertex -7.77213 -0.730808 16
      vertex -2.6 0 16
      vertex -7.7672 -0.663263 16
    endloop
  endfacet
  facet normal 0 0 1
    outer loop
      vertex -2.47275 0.803444 16
      vertex -7.7672 0.663198 16
      vertex -2.6 0 16
    endloop
  endfacet
  facet normal 0 0 1
    outer loop
      vertex -2.6 0 16
      vertex -7.09619 -3.25331 16
      vertex -7.0582 -3.30925 16
    endloop
  endfacet
  facet normal 0 0 1
    outer loop
      vertex -7.77213 0.730646 16
      vertex -2.47275 0.803444 16
      vertex -7.14111 3.20432 16
    endloop
  endfacet
  facet normal 0 0 1
    outer loop
      vertex -2.6 0 16
      vertex -7.77213 -0.730808 16
      vertex -7.09619 -3.25331 16
    endloop
  endfacet
  facet normal 0 0 1
    outer loop
      vertex -7.77213 0.730646 16
      vertex -7.14111 3.20432 16
      vertex -7.19171 3.16315 16
    endloop
  endfacet
  facet normal 0 0 1
    outer loop
      vertex -7.09619 -3.25331 16
      vertex -7.77213 -0.730808 16
      vertex -7.14099 -3.20451 16
    endloop
  endfacet
  facet normal 0 0 1
    outer loop
      vertex -7.77213 0.730646 16
      vertex -7.19171 3.16315 16
      vertex -7.24709 3.13016 16
    endloop
  endfacet
  facet normal -0 0 1
    outer loop
      vertex -7.78654 -0.795534 16
      vertex -7.14099 -3.20451 16
      vertex -7.77213 -0.730808 16
    endloop
  endfacet
  facet normal 0 0 1
    outer loop
      vertex -7.77213 0.730646 16
      vertex -7.24709 3.13016 16
      vertex -7.30621 3.10584 16
    endloop
  endfacet
  facet normal 0 0 1
    outer loop
      vertex -7.14099 -3.20451 16
      vertex -7.78654 -0.795534 16
      vertex -7.19159 -3.16336 16
    endloop
  endfacet
  facet normal 0 0 1
    outer loop
      vertex -7.77213 0.730646 16
      vertex -7.30621 3.10584 16
      vertex -7.3681 3.09069 16
    endloop
  endfacet
  facet normal -0 0 1
    outer loop
      vertex -7.80978 -0.856487 16
      vertex -7.19159 -3.16336 16
      vertex -7.78654 -0.795534 16
    endloop
  endfacet
  facet normal 0 0 1
    outer loop
      vertex -7.77213 0.730646 16
      vertex -7.3681 3.09069 16
      vertex -7.4317 3.08523 16
    endloop
  endfacet
  facet normal 0 0 1
    outer loop
      vertex -7.19159 -3.16336 16
      vertex -7.80978 -0.856487 16
      vertex -7.24696 -3.13037 16
    endloop
  endfacet
  facet normal 0 0 1
    outer loop
      vertex -7.97866 1.04367 16
      vertex -7.4317 3.08523 16
      vertex -7.49606 3.08991 16
    endloop
  endfacet
  facet normal 0 0 1
    outer loop
      vertex -2.6 0 16
      vertex -7.7672 0.663198 16
      vertex -7.7672 -0.663263 16
    endloop
  endfacet
  facet normal -0 0 1
    outer loop
      vertex -7.84124 -0.912745 16
      vertex -7.24696 -3.13037 16
      vertex -7.80978 -0.856487 16
    endloop
  endfacet
  facet normal 0 0 1
    outer loop
      vertex -7.24696 -3.13037 16
      vertex -7.84124 -0.912745 16
      vertex -7.30609 -3.10605 16
    endloop
  endfacet
  facet normal -0 0 1
    outer loop
      vertex -7.88029 -0.963367 16
      vertex -7.30609 -3.10605 16
      vertex -7.84124 -0.912745 16
    endloop
  endfacet
  facet normal 0 0 1
    outer loop
      vertex -7.30609 -3.10605 16
      vertex -7.88029 -0.963367 16
      vertex -7.36796 -3.09093 16
    endloop
  endfacet
  facet normal -0 0 1
    outer loop
      vertex -7.92631 -1.00743 16
      vertex -7.36796 -3.09093 16
      vertex -7.88029 -0.963367 16
    endloop
  endfacet
  facet normal 0 0 1
    outer loop
      vertex -7.36796 -3.09093 16
      vertex -7.92631 -1.00743 16
      vertex -7.43156 -3.08548 16
    endloop
  endfacet
  facet normal -0 0 1
    outer loop
      vertex -7.97866 -1.04396 16
      vertex -7.43156 -3.08548 16
      vertex -7.92631 -1.00743 16
    endloop
  endfacet
  facet normal 0 0 1
    outer loop
      vertex -7.43156 -3.08548 16
      vertex -7.97866 -1.04396 16
      vertex -7.49585 -3.09027 16
    endloop
  endfacet
  facet normal -0 0 1
    outer loop
      vertex -8.03674 -1.07209 16
      vertex -7.49585 -3.09027 16
      vertex -7.97866 -1.04396 16
    endloop
  endfacet
  facet normal -0 0 1
    outer loop
      vertex -8.81214 -2.36121 16
      vertex -7.49585 -3.09027 16
      vertex -8.03674 -1.07209 16
    endloop
  endfacet
  facet normal 0 0 1
    outer loop
      vertex -7.49585 -3.09027 16
      vertex -8.81214 -2.36121 16
      vertex -8.1847 -3.19747 16
    endloop
  endfacet
  facet normal -0 -0 1
    outer loop
      vertex -8.58273 -3.03705 16
      vertex -8.1847 -3.19747 16
      vertex -8.81214 -2.36121 16
    endloop
  endfacet
  facet normal 0 0 1
    outer loop
      vertex -8.1847 -3.19747 16
      vertex -8.58273 -3.03705 16
      vertex -8.24907 -3.20238 16
    endloop
  endfacet
  facet normal 0 0 1
    outer loop
      vertex -8.24907 -3.20238 16
      vertex -8.58273 -3.03705 16
      vertex -8.31278 -3.19702 16
    endloop
  endfacet
  facet normal 0 0 1
    outer loop
      vertex -8.31278 -3.19702 16
      vertex -8.58273 -3.03705 16
      vertex -8.37477 -3.18189 16
    endloop
  endfacet
  facet normal 0 0 1
    outer loop
      vertex -8.37477 -3.18189 16
      vertex -8.58273 -3.03705 16
      vertex -8.43404 -3.15754 16
    endloop
  endfacet
  facet normal 0 0 1
    outer loop
      vertex -8.43404 -3.15754 16
      vertex -8.58273 -3.03705 16
      vertex -8.48953 -3.12451 16
    endloop
  endfacet
  facet normal 0 0 1
    outer loop
      vertex -8.81214 -2.36121 16
      vertex -8.03674 -1.07209 16
      vertex -8.6869 -1.32331 16
    endloop
  endfacet
  facet normal 0 0 1
    outer loop
      vertex -8.95138 -1.66121 16
      vertex -8.6869 -1.32331 16
      vertex -8.74509 -1.3513 16
    endloop
  endfacet
  facet normal 0 0 1
    outer loop
      vertex -8.95138 -1.66121 16
      vertex -8.74509 -1.3513 16
      vertex -8.79758 -1.38785 16
    endloop
  endfacet
  facet normal 0 0 1
    outer loop
      vertex -8.48953 -3.12451 16
      vertex -8.58273 -3.03705 16
      vertex -8.54025 -3.0833 16
    endloop
  endfacet
  facet normal 0 0 1
    outer loop
      vertex -8.95138 -1.66121 16
      vertex -8.79758 -1.38785 16
      vertex -8.84371 -1.43195 16
    endloop
  endfacet
  facet normal 0 0 1
    outer loop
      vertex -8.95138 -1.66121 16
      vertex -8.84371 -1.43195 16
      vertex -8.88287 -1.48264 16
    endloop
  endfacet
  facet normal 0 0 1
    outer loop
      vertex -8.95138 -1.66121 16
      vertex -8.88287 -1.48264 16
      vertex -8.91441 -1.53896 16
    endloop
  endfacet
  facet normal 0 0 1
    outer loop
      vertex -8.95138 -1.66121 16
      vertex -8.91441 -1.53896 16
      vertex -8.93772 -1.59996 16
    endloop
  endfacet
  facet normal 0 0 1
    outer loop
      vertex -8.6869 -1.32331 16
      vertex -8.95138 -1.66121 16
      vertex -8.81214 -2.36121 16
    endloop
  endfacet
  facet normal -0.195092 0.980785 0
    outer loop
      vertex -1.66121 8.95138 0
      vertex -2.36121 8.81214 16
      vertex -1.66121 8.95138 16
    endloop
  endfacet
  facet normal -0.195092 0.980785 0
    outer loop
      vertex -2.36121 8.81214 16
      vertex -1.66121 8.95138 0
      vertex -2.36121 8.81214 0
    endloop
  endfacet
  facet normal -0.659341 0.751844 0
    outer loop
      vertex -5.91434 6.92152 0
      vertex -6.45094 6.45094 16
      vertex -5.91434 6.92152 16
    endloop
  endfacet
  facet normal -0.659341 0.751844 0
    outer loop
      vertex -6.45094 6.45094 16
      vertex -5.91434 6.92152 0
      vertex -6.45094 6.45094 0
    endloop
  endfacet
  facet normal 0 0 1
    outer loop
      vertex 7.23776 -5.55373 0
      vertex 6.94299 -5.66182 0
      vertex 6.95153 -5.72532 0
    endloop
  endfacet
  facet normal 0 0 1
    outer loop
      vertex 7.23776 -5.55373 0
      vertex 6.92509 -5.60057 0
      vertex 6.94299 -5.66182 0
    endloop
  endfacet
  facet normal 0 0 1
    outer loop
      vertex 7.23776 -5.55373 0
      vertex 6.89788 -5.54271 0
      vertex 6.92509 -5.60057 0
    endloop
  endfacet
  facet normal 0 0 1
    outer loop
      vertex 7.23776 -5.55373 0
      vertex 6.86145 -5.48942 0
      vertex 6.89788 -5.54271 0
    endloop
  endfacet
  facet normal 0 0 1
    outer loop
      vertex 7.90075 -4.5615 0
      vertex 6.42418 -4.94646 0
      vertex 7.23776 -5.55373 0
    endloop
  endfacet
  facet normal 0 0 1
    outer loop
      vertex 7.23776 -5.55373 0
      vertex 6.42418 -4.94646 0
      vertex 6.86145 -5.48942 0
    endloop
  endfacet
  facet normal -0 0 1
    outer loop
      vertex 6.36554 -4.51882 0
      vertex 6.42418 -4.94646 0
      vertex 6.395 -4.45795 0
    endloop
  endfacet
  facet normal -0 0 1
    outer loop
      vertex 6.34569 -4.58203 0
      vertex 6.42418 -4.94646 0
      vertex 6.36554 -4.51882 0
    endloop
  endfacet
  facet normal 0 0 1
    outer loop
      vertex 6.42418 -4.94646 0
      vertex 6.34569 -4.58203 0
      vertex 6.38789 -4.89318 0
    endloop
  endfacet
  facet normal 0 0 1
    outer loop
      vertex 6.38789 -4.89318 0
      vertex 6.34569 -4.58203 0
      vertex 6.36081 -4.83538 0
    endloop
  endfacet
  facet normal 0 0 1
    outer loop
      vertex 6.34569 -4.58203 0
      vertex 6.34297 -4.77423 0
      vertex 6.36081 -4.83538 0
    endloop
  endfacet
  facet normal -0 0 1
    outer loop
      vertex 6.33534 -4.64642 0
      vertex 6.34297 -4.77423 0
      vertex 6.34569 -4.58203 0
    endloop
  endfacet
  facet normal 0 0 1
    outer loop
      vertex 6.34297 -4.77423 0
      vertex 6.33534 -4.64642 0
      vertex 6.33446 -4.71087 0
    endloop
  endfacet
  facet normal -0 0 1
    outer loop
      vertex 8.54027 -3.08325 0
      vertex 8.42855 -3.49122 0
      vertex 8.58272 -3.03705 0
    endloop
  endfacet
  facet normal -0 0 1
    outer loop
      vertex 8.48958 -3.12443 0
      vertex 8.42855 -3.49122 0
      vertex 8.54027 -3.08325 0
    endloop
  endfacet
  facet normal -0 0 1
    outer loop
      vertex 8.43411 -3.15743 0
      vertex 8.42855 -3.49122 0
      vertex 8.48958 -3.12443 0
    endloop
  endfacet
  facet normal -0 0 1
    outer loop
      vertex 8.37485 -3.18175 0
      vertex 8.42855 -3.49122 0
      vertex 8.43411 -3.15743 0
    endloop
  endfacet
  facet normal -0 0 1
    outer loop
      vertex 8.31286 -3.19688 0
      vertex 8.42855 -3.49122 0
      vertex 8.37485 -3.18175 0
    endloop
  endfacet
  facet normal -0 0 1
    outer loop
      vertex 8.24913 -3.20228 0
      vertex 8.42855 -3.49122 0
      vertex 8.31286 -3.19688 0
    endloop
  endfacet
  facet normal 0 0 1
    outer loop
      vertex 8.18473 -3.19743 0
      vertex 8.42855 -3.49122 0
      vertex 8.24913 -3.20228 0
    endloop
  endfacet
  facet normal 0 0 1
    outer loop
      vertex 8.18473 -3.19743 0
      vertex 7.90075 -4.5615 0
      vertex 8.42855 -3.49122 0
    endloop
  endfacet
  facet normal 0 0 1
    outer loop
      vertex 7.49606 -3.08991 0
      vertex 7.90075 -4.5615 0
      vertex 8.18473 -3.19743 0
    endloop
  endfacet
  facet normal 0 0 1
    outer loop
      vertex 7.05823 -3.3092 0
      vertex 7.49606 -3.08991 0
      vertex 7.4317 -3.08523 0
    endloop
  endfacet
  facet normal 0 0 1
    outer loop
      vertex 7.05823 -3.3092 0
      vertex 7.4317 -3.08523 0
      vertex 7.3681 -3.09069 0
    endloop
  endfacet
  facet normal 0 0 1
    outer loop
      vertex 7.05823 -3.3092 0
      vertex 7.3681 -3.09069 0
      vertex 7.30621 -3.10584 0
    endloop
  endfacet
  facet normal 0 0 1
    outer loop
      vertex 7.05823 -3.3092 0
      vertex 7.30621 -3.10584 0
      vertex 7.24709 -3.13016 0
    endloop
  endfacet
  facet normal 0 0 1
    outer loop
      vertex 7.49606 -3.08991 0
      vertex 7.05823 -3.3092 0
      vertex 7.90075 -4.5615 0
    endloop
  endfacet
  facet normal 0 0 1
    outer loop
      vertex 7.05823 -3.3092 0
      vertex 7.24709 -3.13016 0
      vertex 7.19171 -3.16315 0
    endloop
  endfacet
  facet normal 0 0 1
    outer loop
      vertex 7.05823 -3.3092 0
      vertex 7.19171 -3.16315 0
      vertex 7.14111 -3.20432 0
    endloop
  endfacet
  facet normal 0 0 1
    outer loop
      vertex 7.05823 -3.3092 0
      vertex 7.14111 -3.20432 0
      vertex 7.09627 -3.25317 0
    endloop
  endfacet
  facet normal -0 0 1
    outer loop
      vertex 6.395 -4.45795 0
      vertex 7.90075 -4.5615 0
      vertex 7.05823 -3.3092 0
    endloop
  endfacet
  facet normal 0 -0 1
    outer loop
      vertex 6.42418 -4.94646 0
      vertex 7.90075 -4.5615 0
      vertex 6.395 -4.45795 0
    endloop
  endfacet
  facet normal 0 0 1
    outer loop
      vertex 6.95067 -5.7899 0
      vertex 7.23776 -5.55373 0
      vertex 6.95153 -5.72532 0
    endloop
  endfacet
  facet normal 0 0 1
    outer loop
      vertex 6.94034 -5.85442 0
      vertex 7.23776 -5.55373 0
      vertex 6.95067 -5.7899 0
    endloop
  endfacet
  facet normal 0 0 1
    outer loop
      vertex 7.23776 -5.55373 0
      vertex 6.94034 -5.85442 0
      vertex 6.92153 -5.91433 0
    endloop
  endfacet
  facet normal 0 0 1
    outer loop
      vertex 1.59996 -8.93772 0
      vertex 1.19079 -9.04495 0
      vertex 1.6612 -8.95138 0
    endloop
  endfacet
  facet normal 0 0 1
    outer loop
      vertex 1.53896 -8.91441 0
      vertex 1.19079 -9.04495 0
      vertex 1.59996 -8.93772 0
    endloop
  endfacet
  facet normal 0 0 1
    outer loop
      vertex 1.48264 -8.88287 0
      vertex 1.19079 -9.04495 0
      vertex 1.53896 -8.91441 0
    endloop
  endfacet
  facet normal 0 0 1
    outer loop
      vertex 1.43195 -8.84371 0
      vertex 1.19079 -9.04495 0
      vertex 1.48264 -8.88287 0
    endloop
  endfacet
  facet normal 0 0 1
    outer loop
      vertex 1.38785 -8.79758 0
      vertex 1.19079 -9.04495 0
      vertex 1.43195 -8.84371 0
    endloop
  endfacet
  facet normal 0 0 1
    outer loop
      vertex 1.3513 -8.74509 0
      vertex 1.19079 -9.04495 0
      vertex 1.38785 -8.79758 0
    endloop
  endfacet
  facet normal 0 0 1
    outer loop
      vertex 1.32331 -8.6869 0
      vertex 1.19079 -9.04495 0
      vertex 1.3513 -8.74509 0
    endloop
  endfacet
  facet normal 0 0 1
    outer loop
      vertex 1.07209 -8.03674 0
      vertex 1.19079 -9.04495 0
      vertex 1.32331 -8.6869 0
    endloop
  endfacet
  facet normal 0 0 1
    outer loop
      vertex 0.663263 -7.7672 0
      vertex 1.07209 -8.03674 0
      vertex 1.04396 -7.97866 0
    endloop
  endfacet
  facet normal 0 0 1
    outer loop
      vertex 0.663263 -7.7672 0
      vertex 1.04396 -7.97866 0
      vertex 1.00743 -7.92631 0
    endloop
  endfacet
  facet normal 0 0 1
    outer loop
      vertex 0.663263 -7.7672 0
      vertex 1.00743 -7.92631 0
      vertex 0.963367 -7.88029 0
    endloop
  endfacet
  facet normal 0 0 1
    outer loop
      vertex 0.663263 -7.7672 0
      vertex 0.963367 -7.88029 0
      vertex 0.912745 -7.84124 0
    endloop
  endfacet
  facet normal 0 0 1
    outer loop
      vertex 0.663263 -7.7672 0
      vertex 0.912745 -7.84124 0
      vertex 0.856487 -7.80978 0
    endloop
  endfacet
  facet normal 0 0 1
    outer loop
      vertex 0.663263 -7.7672 0
      vertex 0.856487 -7.80978 0
      vertex 0.795534 -7.78654 0
    endloop
  endfacet
  facet normal 0 0 1
    outer loop
      vertex 0.663263 -7.7672 0
      vertex 0.795534 -7.78654 0
      vertex 0.730808 -7.77213 0
    endloop
  endfacet
  facet normal 0 0 1
    outer loop
      vertex 1.07209 -8.03674 0
      vertex 0.663263 -7.7672 0
      vertex 0 -9.123 0
    endloop
  endfacet
  facet normal 0 0 1
    outer loop
      vertex 1.07209 -8.03674 0
      vertex 0 -9.123 0
      vertex 1.19079 -9.04495 0
    endloop
  endfacet
  facet normal -0 0 1
    outer loop
      vertex -0.663198 -7.7672 0
      vertex 0 -9.123 0
      vertex 0.663263 -7.7672 0
    endloop
  endfacet
  facet normal 0 0 1
    outer loop
      vertex -1.07167 -8.03674 0
      vertex -0.663198 -7.7672 0
      vertex -0.730646 -7.77213 0
    endloop
  endfacet
  facet normal 0 0 1
    outer loop
      vertex -1.07167 -8.03674 0
      vertex -0.730646 -7.77213 0
      vertex -0.795308 -7.78654 0
    endloop
  endfacet
  facet normal 0 0 1
    outer loop
      vertex -1.07167 -8.03674 0
      vertex -0.795308 -7.78654 0
      vertex -0.856245 -7.80978 0
    endloop
  endfacet
  facet normal 0 0 1
    outer loop
      vertex -1.07167 -8.03674 0
      vertex -0.856245 -7.80978 0
      vertex -0.912502 -7.84124 0
    endloop
  endfacet
  facet normal 0 0 1
    outer loop
      vertex -1.07167 -8.03674 0
      vertex -0.912502 -7.84124 0
      vertex -0.963123 -7.88029 0
    endloop
  endfacet
  facet normal 0 0 1
    outer loop
      vertex -1.07167 -8.03674 0
      vertex -0.963123 -7.88029 0
      vertex -1.00715 -7.92631 0
    endloop
  endfacet
  facet normal 0 0 1
    outer loop
      vertex -1.07167 -8.03674 0
      vertex -1.00715 -7.92631 0
      vertex -1.04367 -7.97866 0
    endloop
  endfacet
  facet normal 0 0 1
    outer loop
      vertex -0.663198 -7.7672 0
      vertex -1.07167 -8.03674 0
      vertex 0 -9.123 0
    endloop
  endfacet
  facet normal 0 0 1
    outer loop
      vertex -1.07167 -8.03674 0
      vertex -1.19079 -9.04495 0
      vertex 0 -9.123 0
    endloop
  endfacet
  facet normal -0 0 1
    outer loop
      vertex -1.32326 -8.6869 0
      vertex -1.19079 -9.04495 0
      vertex -1.07167 -8.03674 0
    endloop
  endfacet
  facet normal -0 0 1
    outer loop
      vertex -1.35119 -8.74509 0
      vertex -1.19079 -9.04495 0
      vertex -1.32326 -8.6869 0
    endloop
  endfacet
  facet normal -0 0 1
    outer loop
      vertex -1.38769 -8.79758 0
      vertex -1.19079 -9.04495 0
      vertex -1.35119 -8.74509 0
    endloop
  endfacet
  facet normal -0 0 1
    outer loop
      vertex -1.43179 -8.84371 0
      vertex -1.19079 -9.04495 0
      vertex -1.38769 -8.79758 0
    endloop
  endfacet
  facet normal -0 0 1
    outer loop
      vertex -1.48251 -8.88287 0
      vertex -1.19079 -9.04495 0
      vertex -1.43179 -8.84371 0
    endloop
  endfacet
  facet normal -0 0 1
    outer loop
      vertex -1.53886 -8.91441 0
      vertex -1.19079 -9.04495 0
      vertex -1.48251 -8.88287 0
    endloop
  endfacet
  facet normal -0 0 1
    outer loop
      vertex -1.59991 -8.93772 0
      vertex -1.19079 -9.04495 0
      vertex -1.53886 -8.91441 0
    endloop
  endfacet
  facet normal 0 0 1
    outer loop
      vertex -1.19079 -9.04495 0
      vertex -1.59991 -8.93772 0
      vertex -1.66119 -8.95138 0
    endloop
  endfacet
  facet normal 0 0 -1
    outer loop
      vertex -6.45094 6.45094 0
      vertex -5.91434 6.92152 0
      vertex -5.91433 6.92152 0
    endloop
  endfacet
  facet normal 0 0 1
    outer loop
      vertex -7.23776 5.55373 0
      vertex -6.95153 5.72532 0
      vertex -6.95067 5.7899 0
    endloop
  endfacet
  facet normal 0 0 1
    outer loop
      vertex -6.95153 5.72532 0
      vertex -7.23776 5.55373 0
      vertex -7.05823 3.3092 0
    endloop
  endfacet
  facet normal -0 0 1
    outer loop
      vertex -7.90075 4.5615 0
      vertex -7.05823 3.3092 0
      vertex -7.23776 5.55373 0
    endloop
  endfacet
  facet normal 0 -0 1
    outer loop
      vertex -7.49606 3.08991 0
      vertex -7.05823 3.3092 0
      vertex -7.90075 4.5615 0
    endloop
  endfacet
  facet normal 0 0 1
    outer loop
      vertex -7.23776 5.55373 0
      vertex -6.94034 5.85442 0
      vertex -6.92153 5.91433 0
    endloop
  endfacet
  facet normal 0 0 1
    outer loop
      vertex -7.23776 5.55373 0
      vertex -6.95067 5.7899 0
      vertex -6.94034 5.85442 0
    endloop
  endfacet
  facet normal 0 0 1
    outer loop
      vertex -7.05823 3.3092 0
      vertex -7.49606 3.08991 0
      vertex -7.09627 3.25317 0
    endloop
  endfacet
  facet normal 0 0 1
    outer loop
      vertex -7.09627 3.25317 0
      vertex -7.49606 3.08991 0
      vertex -7.14111 3.20432 0
    endloop
  endfacet
  facet normal 0 0 1
    outer loop
      vertex -7.14111 3.20432 0
      vertex -7.49606 3.08991 0
      vertex -7.19171 3.16315 0
    endloop
  endfacet
  facet normal 0 0 1
    outer loop
      vertex -7.19171 3.16315 0
      vertex -7.49606 3.08991 0
      vertex -7.24709 3.13016 0
    endloop
  endfacet
  facet normal 0 0 1
    outer loop
      vertex -7.24709 3.13016 0
      vertex -7.49606 3.08991 0
      vertex -7.30621 3.10584 0
    endloop
  endfacet
  facet normal 0 0 1
    outer loop
      vertex -7.30621 3.10584 0
      vertex -7.49606 3.08991 0
      vertex -7.3681 3.09069 0
    endloop
  endfacet
  facet normal 0 0 1
    outer loop
      vertex -7.3681 3.09069 0
      vertex -7.49606 3.08991 0
      vertex -7.4317 3.08523 0
    endloop
  endfacet
  facet normal 0 0 1
    outer loop
      vertex -7.90075 4.5615 0
      vertex -8.18473 3.19743 0
      vertex -7.49606 3.08991 0
    endloop
  endfacet
  facet normal -0 0 1
    outer loop
      vertex -8.42855 3.49122 0
      vertex -8.18473 3.19743 0
      vertex -7.90075 4.5615 0
    endloop
  endfacet
  facet normal 0 0 1
    outer loop
      vertex -8.18473 3.19743 0
      vertex -8.42855 3.49122 0
      vertex -8.24913 3.20228 0
    endloop
  endfacet
  facet normal 0 0 1
    outer loop
      vertex -8.24913 3.20228 0
      vertex -8.42855 3.49122 0
      vertex -8.31286 3.19688 0
    endloop
  endfacet
  facet normal 0 0 1
    outer loop
      vertex -8.31286 3.19688 0
      vertex -8.42855 3.49122 0
      vertex -8.37485 3.18175 0
    endloop
  endfacet
  facet normal 0 0 1
    outer loop
      vertex -8.42855 3.49122 0
      vertex -8.43411 3.15743 0
      vertex -8.37485 3.18175 0
    endloop
  endfacet
  facet normal 0 0 1
    outer loop
      vertex -8.42855 3.49122 0
      vertex -8.48958 3.12443 0
      vertex -8.43411 3.15743 0
    endloop
  endfacet
  facet normal 0 0 1
    outer loop
      vertex -8.42855 3.49122 0
      vertex -8.54027 3.08325 0
      vertex -8.48958 3.12443 0
    endloop
  endfacet
  facet normal 0 -0 1
    outer loop
      vertex -8.54027 3.08325 0
      vertex -8.42855 3.49122 0
      vertex -8.58272 3.03705 0
    endloop
  endfacet
  facet normal 0 0 1
    outer loop
      vertex -6.34297 4.77423 0
      vertex -6.33534 4.64642 0
      vertex -6.33446 4.71087 0
    endloop
  endfacet
  facet normal 0 0 1
    outer loop
      vertex -6.34297 4.77423 0
      vertex -6.34569 4.58203 0
      vertex -6.33534 4.64642 0
    endloop
  endfacet
  facet normal 0 0 1
    outer loop
      vertex -6.36081 4.83538 0
      vertex -6.34569 4.58203 0
      vertex -6.34297 4.77423 0
    endloop
  endfacet
  facet normal 0 0 1
    outer loop
      vertex -6.38789 4.89318 0
      vertex -6.34569 4.58203 0
      vertex -6.36081 4.83538 0
    endloop
  endfacet
  facet normal 0 0 1
    outer loop
      vertex -6.42418 4.94646 0
      vertex -6.34569 4.58203 0
      vertex -6.38789 4.89318 0
    endloop
  endfacet
  facet normal 0 0 1
    outer loop
      vertex -6.34569 4.58203 0
      vertex -6.42418 4.94646 0
      vertex -6.36554 4.51882 0
    endloop
  endfacet
  facet normal 0 0 1
    outer loop
      vertex -6.36554 4.51882 0
      vertex -6.42418 4.94646 0
      vertex -6.395 4.45795 0
    endloop
  endfacet
  facet normal 0 0 1
    outer loop
      vertex -6.86145 5.48942 0
      vertex -6.395 4.45795 0
      vertex -6.42418 4.94646 0
    endloop
  endfacet
  facet normal 0 0 1
    outer loop
      vertex -7.05823 3.3092 0
      vertex -6.86145 5.48942 0
      vertex -6.89788 5.54271 0
    endloop
  endfacet
  facet normal 0 0 1
    outer loop
      vertex -7.05823 3.3092 0
      vertex -6.89788 5.54271 0
      vertex -6.92509 5.60057 0
    endloop
  endfacet
  facet normal 0 0 1
    outer loop
      vertex -6.86145 5.48942 0
      vertex -7.05823 3.3092 0
      vertex -6.395 4.45795 0
    endloop
  endfacet
  facet normal 0 0 1
    outer loop
      vertex -6.94299 5.66182 0
      vertex -7.05823 3.3092 0
      vertex -6.92509 5.60057 0
    endloop
  endfacet
  facet normal 0 0 1
    outer loop
      vertex -7.05823 3.3092 0
      vertex -6.94299 5.66182 0
      vertex -6.95153 5.72532 0
    endloop
  endfacet
  facet normal 0 0 1
    outer loop
      vertex -3.09069 -7.3681 0
      vertex -3.08991 -7.49606 0
      vertex -3.08523 -7.4317 0
    endloop
  endfacet
  facet normal 0 0 1
    outer loop
      vertex -3.10584 -7.30621 0
      vertex -3.08991 -7.49606 0
      vertex -3.09069 -7.3681 0
    endloop
  endfacet
  facet normal 0 0 1
    outer loop
      vertex -3.13016 -7.24709 0
      vertex -3.08991 -7.49606 0
      vertex -3.10584 -7.30621 0
    endloop
  endfacet
  facet normal 0 0 1
    outer loop
      vertex -3.16315 -7.19171 0
      vertex -3.08991 -7.49606 0
      vertex -3.13016 -7.24709 0
    endloop
  endfacet
  facet normal 0 0 1
    outer loop
      vertex -3.3092 -7.05823 0
      vertex -3.08991 -7.49606 0
      vertex -3.16315 -7.19171 0
    endloop
  endfacet
  facet normal 0 0 1
    outer loop
      vertex -4.5615 -7.90075 0
      vertex -3.08991 -7.49606 0
      vertex -3.3092 -7.05823 0
    endloop
  endfacet
  facet normal 0 0 1
    outer loop
      vertex -3.3092 -7.05823 0
      vertex -3.16315 -7.19171 0
      vertex -3.20432 -7.14111 0
    endloop
  endfacet
  facet normal 0 0 1
    outer loop
      vertex -3.3092 -7.05823 0
      vertex -3.20432 -7.14111 0
      vertex -3.25317 -7.09627 0
    endloop
  endfacet
  facet normal 0 0 1
    outer loop
      vertex -3.08991 -7.49606 0
      vertex -4.5615 -7.90075 0
      vertex -3.19743 -8.18473 0
    endloop
  endfacet
  facet normal 0 0 1
    outer loop
      vertex -3.19743 -8.18473 0
      vertex -3.49122 -8.42855 0
      vertex -3.20228 -8.24913 0
    endloop
  endfacet
  facet normal 0 0 1
    outer loop
      vertex -3.08325 -8.54027 0
      vertex -3.49122 -8.42855 0
      vertex -3.03705 -8.58272 0
    endloop
  endfacet
  facet normal 0 0 1
    outer loop
      vertex -3.12443 -8.48958 0
      vertex -3.49122 -8.42855 0
      vertex -3.08325 -8.54027 0
    endloop
  endfacet
  facet normal 0 0 1
    outer loop
      vertex -3.15743 -8.43411 0
      vertex -3.49122 -8.42855 0
      vertex -3.12443 -8.48958 0
    endloop
  endfacet
  facet normal 0 0 1
    outer loop
      vertex -3.18175 -8.37485 0
      vertex -3.49122 -8.42855 0
      vertex -3.15743 -8.43411 0
    endloop
  endfacet
  facet normal 0 0 1
    outer loop
      vertex -3.19688 -8.31286 0
      vertex -3.49122 -8.42855 0
      vertex -3.18175 -8.37485 0
    endloop
  endfacet
  facet normal 0 0 1
    outer loop
      vertex -3.20228 -8.24913 0
      vertex -3.49122 -8.42855 0
      vertex -3.19688 -8.31286 0
    endloop
  endfacet
  facet normal 0 0 1
    outer loop
      vertex -4.5615 -7.90075 0
      vertex -3.3092 -7.05823 0
      vertex -4.45795 -6.395 0
    endloop
  endfacet
  facet normal 0 0 1
    outer loop
      vertex -4.94646 -6.42418 0
      vertex -4.45795 -6.395 0
      vertex -4.51882 -6.36554 0
    endloop
  endfacet
  facet normal 0 0 1
    outer loop
      vertex -3.19743 -8.18473 0
      vertex -4.5615 -7.90075 0
      vertex -3.49122 -8.42855 0
    endloop
  endfacet
  facet normal 0 0 1
    outer loop
      vertex -4.94646 -6.42418 0
      vertex -4.51882 -6.36554 0
      vertex -4.58203 -6.34569 0
    endloop
  endfacet
  facet normal 0 0 1
    outer loop
      vertex -4.94646 -6.42418 0
      vertex -4.58203 -6.34569 0
      vertex -4.64642 -6.33534 0
    endloop
  endfacet
  facet normal 0 0 1
    outer loop
      vertex -4.94646 -6.42418 0
      vertex -4.64642 -6.33534 0
      vertex -4.71087 -6.33446 0
    endloop
  endfacet
  facet normal 0 0 1
    outer loop
      vertex -4.94646 -6.42418 0
      vertex -4.71087 -6.33446 0
      vertex -4.77423 -6.34297 0
    endloop
  endfacet
  facet normal 0 0 1
    outer loop
      vertex -4.94646 -6.42418 0
      vertex -4.77423 -6.34297 0
      vertex -4.83538 -6.36081 0
    endloop
  endfacet
  facet normal 0 0 1
    outer loop
      vertex -4.94646 -6.42418 0
      vertex -4.83538 -6.36081 0
      vertex -4.89318 -6.38789 0
    endloop
  endfacet
  facet normal 0 0 1
    outer loop
      vertex -4.45795 -6.395 0
      vertex -4.94646 -6.42418 0
      vertex -4.5615 -7.90075 0
    endloop
  endfacet
  facet normal -0 0 1
    outer loop
      vertex -5.48942 -6.86145 0
      vertex -4.5615 -7.90075 0
      vertex -4.94646 -6.42418 0
    endloop
  endfacet
  facet normal 0 0 1
    outer loop
      vertex -5.55373 -7.23776 0
      vertex -5.48942 -6.86145 0
      vertex -5.54271 -6.89788 0
    endloop
  endfacet
  facet normal 0 0 1
    outer loop
      vertex -5.48942 -6.86145 0
      vertex -5.55373 -7.23776 0
      vertex -4.5615 -7.90075 0
    endloop
  endfacet
  facet normal -0 0 1
    outer loop
      vertex -5.60057 -6.92509 0
      vertex -5.55373 -7.23776 0
      vertex -5.54271 -6.89788 0
    endloop
  endfacet
  facet normal -0 0 1
    outer loop
      vertex -5.66182 -6.94299 0
      vertex -5.55373 -7.23776 0
      vertex -5.60057 -6.92509 0
    endloop
  endfacet
  facet normal -0 0 1
    outer loop
      vertex -5.72532 -6.95153 0
      vertex -5.55373 -7.23776 0
      vertex -5.66182 -6.94299 0
    endloop
  endfacet
  facet normal 0 0 1
    outer loop
      vertex -5.7899 -6.95067 0
      vertex -5.55373 -7.23776 0
      vertex -5.72532 -6.95153 0
    endloop
  endfacet
  facet normal 0 0 1
    outer loop
      vertex -5.85442 -6.94034 0
      vertex -5.55373 -7.23776 0
      vertex -5.7899 -6.95067 0
    endloop
  endfacet
  facet normal 0 0 1
    outer loop
      vertex -5.55373 -7.23776 0
      vertex -5.85442 -6.94034 0
      vertex -5.91433 -6.92153 0
    endloop
  endfacet
  facet normal 0 0 -1
    outer loop
      vertex 2.36121 8.81214 0
      vertex 3.03705 8.58273 0
      vertex 3.03705 8.58272 0
    endloop
  endfacet
  facet normal 0 -0 -1
    outer loop
      vertex 1.6612 8.95139 0
      vertex 2.36121 8.81214 0
      vertex 1.66119 8.95138 0
    endloop
  endfacet
  facet normal 0 0 1
    outer loop
      vertex -6.33522 -4.64663 0
      vertex -6.34284 -4.77444 0
      vertex -6.33434 -4.71108 0
    endloop
  endfacet
  facet normal 0 0 1
    outer loop
      vertex -6.34557 -4.58222 0
      vertex -6.34284 -4.77444 0
      vertex -6.33522 -4.64663 0
    endloop
  endfacet
  facet normal 0 0 1
    outer loop
      vertex -6.34557 -4.58222 0
      vertex -6.36067 -4.83561 0
      vertex -6.34284 -4.77444 0
    endloop
  endfacet
  facet normal 0 0 1
    outer loop
      vertex -6.42397 -4.94683 0
      vertex -6.34557 -4.58222 0
      vertex -6.36546 -4.51896 0
    endloop
  endfacet
  facet normal 0 0 1
    outer loop
      vertex -6.34557 -4.58222 0
      vertex -6.38774 -4.89343 0
      vertex -6.36067 -4.83561 0
    endloop
  endfacet
  facet normal 0 0 1
    outer loop
      vertex -6.42397 -4.94683 0
      vertex -6.36546 -4.51896 0
      vertex -6.39496 -4.45801 0
    endloop
  endfacet
  facet normal 0 0 1
    outer loop
      vertex -6.34557 -4.58222 0
      vertex -6.42397 -4.94683 0
      vertex -6.38774 -4.89343 0
    endloop
  endfacet
  facet normal 0 0 1
    outer loop
      vertex -7.23776 -5.55373 0
      vertex -6.42397 -4.94683 0
      vertex -6.39496 -4.45801 0
    endloop
  endfacet
  facet normal 0 0 1
    outer loop
      vertex -6.42397 -4.94683 0
      vertex -7.23776 -5.55373 0
      vertex -6.86142 -5.48946 0
    endloop
  endfacet
  facet normal 0 0 1
    outer loop
      vertex -6.86142 -5.48946 0
      vertex -7.23776 -5.55373 0
      vertex -6.89782 -5.54281 0
    endloop
  endfacet
  facet normal 0 0 1
    outer loop
      vertex -6.925 -5.60071 0
      vertex -7.23776 -5.55373 0
      vertex -6.9429 -5.66196 0
    endloop
  endfacet
  facet normal 0 0 1
    outer loop
      vertex -6.89782 -5.54281 0
      vertex -7.23776 -5.55373 0
      vertex -6.925 -5.60071 0
    endloop
  endfacet
  facet normal 0 0 1
    outer loop
      vertex -7.23776 -5.55373 0
      vertex -6.39496 -4.45801 0
      vertex -7.0582 -3.30925 0
    endloop
  endfacet
  facet normal 0 0 1
    outer loop
      vertex -6.9429 -5.66196 0
      vertex -7.23776 -5.55373 0
      vertex -6.95147 -5.72543 0
    endloop
  endfacet
  facet normal 0 0 1
    outer loop
      vertex -7.49585 -3.09027 0
      vertex -7.0582 -3.30925 0
      vertex -7.09619 -3.25331 0
    endloop
  endfacet
  facet normal 0 0 1
    outer loop
      vertex -7.49585 -3.09027 0
      vertex -7.09619 -3.25331 0
      vertex -7.14099 -3.20451 0
    endloop
  endfacet
  facet normal 0 0 1
    outer loop
      vertex -7.49585 -3.09027 0
      vertex -7.14099 -3.20451 0
      vertex -7.19159 -3.16336 0
    endloop
  endfacet
  facet normal 0 0 1
    outer loop
      vertex -6.94031 -5.85447 0
      vertex -7.23776 -5.55373 0
      vertex -6.92152 -5.91433 0
    endloop
  endfacet
  facet normal 0 0 1
    outer loop
      vertex -6.95062 -5.78998 0
      vertex -7.23776 -5.55373 0
      vertex -6.94031 -5.85447 0
    endloop
  endfacet
  facet normal 0 0 1
    outer loop
      vertex -6.95147 -5.72543 0
      vertex -7.23776 -5.55373 0
      vertex -6.95062 -5.78998 0
    endloop
  endfacet
  facet normal 0 0 1
    outer loop
      vertex -7.49585 -3.09027 0
      vertex -7.19159 -3.16336 0
      vertex -7.24696 -3.13037 0
    endloop
  endfacet
  facet normal 0 0 1
    outer loop
      vertex -7.49585 -3.09027 0
      vertex -7.24696 -3.13037 0
      vertex -7.30609 -3.10605 0
    endloop
  endfacet
  facet normal 0 0 1
    outer loop
      vertex -7.49585 -3.09027 0
      vertex -7.30609 -3.10605 0
      vertex -7.36796 -3.09093 0
    endloop
  endfacet
  facet normal -0 0 1
    outer loop
      vertex -7.49585 -3.09027 0
      vertex -7.36796 -3.09093 0
      vertex -7.43156 -3.08548 0
    endloop
  endfacet
  facet normal 0 0 1
    outer loop
      vertex -7.0582 -3.30925 0
      vertex -7.49585 -3.09027 0
      vertex -7.90075 -4.5615 0
    endloop
  endfacet
  facet normal 0 0 1
    outer loop
      vertex -7.0582 -3.30925 0
      vertex -7.90075 -4.5615 0
      vertex -7.23776 -5.55373 0
    endloop
  endfacet
  facet normal -0 0 1
    outer loop
      vertex -8.1847 -3.19747 0
      vertex -7.90075 -4.5615 0
      vertex -7.49585 -3.09027 0
    endloop
  endfacet
  facet normal 0 0 1
    outer loop
      vertex -8.42855 -3.49122 0
      vertex -8.1847 -3.19747 0
      vertex -8.24907 -3.20238 0
    endloop
  endfacet
  facet normal 0 0 1
    outer loop
      vertex -8.42855 -3.49122 0
      vertex -8.24907 -3.20238 0
      vertex -8.31278 -3.19702 0
    endloop
  endfacet
  facet normal 0 0 1
    outer loop
      vertex -8.42855 -3.49122 0
      vertex -8.31278 -3.19702 0
      vertex -8.37477 -3.18189 0
    endloop
  endfacet
  facet normal 0 0 1
    outer loop
      vertex -8.1847 -3.19747 0
      vertex -8.42855 -3.49122 0
      vertex -7.90075 -4.5615 0
    endloop
  endfacet
  facet normal 0 0 1
    outer loop
      vertex -8.43404 -3.15754 0
      vertex -8.42855 -3.49122 0
      vertex -8.37477 -3.18189 0
    endloop
  endfacet
  facet normal 0 0 1
    outer loop
      vertex -8.48953 -3.12451 0
      vertex -8.42855 -3.49122 0
      vertex -8.43404 -3.15754 0
    endloop
  endfacet
  facet normal 0 0 1
    outer loop
      vertex -8.54025 -3.0833 0
      vertex -8.42855 -3.49122 0
      vertex -8.48953 -3.12451 0
    endloop
  endfacet
  facet normal 0 0 1
    outer loop
      vertex -8.42855 -3.49122 0
      vertex -8.54025 -3.0833 0
      vertex -8.58272 -3.03706 0
    endloop
  endfacet
  facet normal 0 0 1
    outer loop
      vertex -8.03674 1.07167 0
      vertex -7.7672 0.663198 0
      vertex -7.77213 0.730646 0
    endloop
  endfacet
  facet normal 0 0 1
    outer loop
      vertex -7.7672 0.663198 0
      vertex -9.123 0 0
      vertex -7.7672 -0.663263 0
    endloop
  endfacet
  facet normal 0 0 1
    outer loop
      vertex -8.03674 1.07167 0
      vertex -7.77213 0.730646 0
      vertex -7.78654 0.795308 0
    endloop
  endfacet
  facet normal 0 -0 1
    outer loop
      vertex -8.03674 -1.07209 0
      vertex -7.7672 -0.663263 0
      vertex -9.123 0 0
    endloop
  endfacet
  facet normal 0 0 1
    outer loop
      vertex -8.03674 1.07167 0
      vertex -7.78654 0.795308 0
      vertex -7.80978 0.856245 0
    endloop
  endfacet
  facet normal 0 0 1
    outer loop
      vertex -7.7672 -0.663263 0
      vertex -8.03674 -1.07209 0
      vertex -7.77213 -0.730808 0
    endloop
  endfacet
  facet normal 0 0 1
    outer loop
      vertex -8.03674 1.07167 0
      vertex -7.80978 0.856245 0
      vertex -7.84124 0.912502 0
    endloop
  endfacet
  facet normal 0 0 1
    outer loop
      vertex -7.77213 -0.730808 0
      vertex -8.03674 -1.07209 0
      vertex -7.78654 -0.795534 0
    endloop
  endfacet
  facet normal 0 0 1
    outer loop
      vertex -8.03674 1.07167 0
      vertex -7.84124 0.912502 0
      vertex -7.88029 0.963123 0
    endloop
  endfacet
  facet normal 0 0 1
    outer loop
      vertex -7.78654 -0.795534 0
      vertex -8.03674 -1.07209 0
      vertex -7.80978 -0.856487 0
    endloop
  endfacet
  facet normal 0 0 1
    outer loop
      vertex -8.03674 1.07167 0
      vertex -7.88029 0.963123 0
      vertex -7.92631 1.00715 0
    endloop
  endfacet
  facet normal 0 0 1
    outer loop
      vertex -7.80978 -0.856487 0
      vertex -8.03674 -1.07209 0
      vertex -7.84124 -0.912745 0
    endloop
  endfacet
  facet normal 0 0 1
    outer loop
      vertex -8.03674 1.07167 0
      vertex -7.92631 1.00715 0
      vertex -7.97866 1.04367 0
    endloop
  endfacet
  facet normal 0 0 1
    outer loop
      vertex -7.84124 -0.912745 0
      vertex -8.03674 -1.07209 0
      vertex -7.88029 -0.963367 0
    endloop
  endfacet
  facet normal 0 0 1
    outer loop
      vertex -7.7672 0.663198 0
      vertex -8.03674 1.07167 0
      vertex -9.123 0 0
    endloop
  endfacet
  facet normal 0 0 1
    outer loop
      vertex -7.88029 -0.963367 0
      vertex -8.03674 -1.07209 0
      vertex -7.92631 -1.00743 0
    endloop
  endfacet
  facet normal 0 0 1
    outer loop
      vertex -9.123 0 0
      vertex -8.03674 1.07167 0
      vertex -8.6869 1.32326 0
    endloop
  endfacet
  facet normal 0 0 1
    outer loop
      vertex -7.92631 -1.00743 0
      vertex -8.03674 -1.07209 0
      vertex -7.97866 -1.04396 0
    endloop
  endfacet
  facet normal 0 0 1
    outer loop
      vertex -9.04495 1.19079 0
      vertex -8.6869 1.32326 0
      vertex -8.74509 1.35119 0
    endloop
  endfacet
  facet normal 0 0 1
    outer loop
      vertex -8.03674 -1.07209 0
      vertex -9.123 0 0
      vertex -8.6869 -1.32331 0
    endloop
  endfacet
  facet normal 0 0 1
    outer loop
      vertex -9.04495 1.19079 0
      vertex -8.74509 1.35119 0
      vertex -8.79758 1.38769 0
    endloop
  endfacet
  facet normal -0 -0 1
    outer loop
      vertex -9.04495 -1.19079 0
      vertex -8.6869 -1.32331 0
      vertex -9.123 0 0
    endloop
  endfacet
  facet normal 0 0 1
    outer loop
      vertex -9.04495 1.19079 0
      vertex -8.79758 1.38769 0
      vertex -8.84371 1.43179 0
    endloop
  endfacet
  facet normal 0 0 1
    outer loop
      vertex -8.6869 -1.32331 0
      vertex -9.04495 -1.19079 0
      vertex -8.74509 -1.3513 0
    endloop
  endfacet
  facet normal 0 0 1
    outer loop
      vertex -9.04495 1.19079 0
      vertex -8.84371 1.43179 0
      vertex -8.88287 1.48251 0
    endloop
  endfacet
  facet normal 0 0 1
    outer loop
      vertex -8.74509 -1.3513 0
      vertex -9.04495 -1.19079 0
      vertex -8.79758 -1.38785 0
    endloop
  endfacet
  facet normal 0 0 1
    outer loop
      vertex -9.04495 1.19079 0
      vertex -8.88287 1.48251 0
      vertex -8.91441 1.53886 0
    endloop
  endfacet
  facet normal 0 0 1
    outer loop
      vertex -8.79758 -1.38785 0
      vertex -9.04495 -1.19079 0
      vertex -8.84371 -1.43195 0
    endloop
  endfacet
  facet normal 0 0 1
    outer loop
      vertex -9.04495 1.19079 0
      vertex -8.91441 1.53886 0
      vertex -8.93772 1.59991 0
    endloop
  endfacet
  facet normal 0 0 1
    outer loop
      vertex -8.84371 -1.43195 0
      vertex -9.04495 -1.19079 0
      vertex -8.88287 -1.48264 0
    endloop
  endfacet
  facet normal 0 0 1
    outer loop
      vertex -8.88287 -1.48264 0
      vertex -9.04495 -1.19079 0
      vertex -8.91441 -1.53896 0
    endloop
  endfacet
  facet normal 0 0 1
    outer loop
      vertex -9.04495 1.19079 0
      vertex -8.93772 1.59991 0
      vertex -8.95138 1.66119 0
    endloop
  endfacet
  facet normal 0 0 1
    outer loop
      vertex -8.6869 1.32326 0
      vertex -9.04495 1.19079 0
      vertex -9.123 0 0
    endloop
  endfacet
  facet normal 0 0 1
    outer loop
      vertex -8.91441 -1.53896 0
      vertex -9.04495 -1.19079 0
      vertex -8.93772 -1.59996 0
    endloop
  endfacet
  facet normal 0 0 1
    outer loop
      vertex -8.93772 -1.59996 0
      vertex -9.04495 -1.19079 0
      vertex -8.95138 -1.6612 0
    endloop
  endfacet
  facet normal 0 0 1
    outer loop
      vertex 1.19079 9.04495 0
      vertex 1.59991 8.93772 0
      vertex 1.66119 8.95138 0
    endloop
  endfacet
  facet normal 0 0 1
    outer loop
      vertex 1.19079 9.04495 0
      vertex 1.53886 8.91441 0
      vertex 1.59991 8.93772 0
    endloop
  endfacet
  facet normal 0 0 1
    outer loop
      vertex 1.19079 9.04495 0
      vertex 1.48251 8.88287 0
      vertex 1.53886 8.91441 0
    endloop
  endfacet
  facet normal 0 0 1
    outer loop
      vertex 1.19079 9.04495 0
      vertex 1.43179 8.84371 0
      vertex 1.48251 8.88287 0
    endloop
  endfacet
  facet normal 0 0 1
    outer loop
      vertex 1.19079 9.04495 0
      vertex 1.38769 8.79758 0
      vertex 1.43179 8.84371 0
    endloop
  endfacet
  facet normal 0 0 1
    outer loop
      vertex 1.19079 9.04495 0
      vertex 1.35119 8.74509 0
      vertex 1.38769 8.79758 0
    endloop
  endfacet
  facet normal 0 0 1
    outer loop
      vertex 1.19079 9.04495 0
      vertex 1.32326 8.6869 0
      vertex 1.35119 8.74509 0
    endloop
  endfacet
  facet normal 0 0 1
    outer loop
      vertex 1.19079 9.04495 0
      vertex 1.07167 8.03674 0
      vertex 1.32326 8.6869 0
    endloop
  endfacet
  facet normal 0 0 1
    outer loop
      vertex 0 9.123 0
      vertex 1.07167 8.03674 0
      vertex 1.19079 9.04495 0
    endloop
  endfacet
  facet normal 0 -0 1
    outer loop
      vertex 0.663198 7.7672 0
      vertex 1.07167 8.03674 0
      vertex 0 9.123 0
    endloop
  endfacet
  facet normal 0 0 1
    outer loop
      vertex 1.07167 8.03674 0
      vertex 0.663198 7.7672 0
      vertex 1.04367 7.97866 0
    endloop
  endfacet
  facet normal 0 0 1
    outer loop
      vertex 1.04367 7.97866 0
      vertex 0.663198 7.7672 0
      vertex 1.00715 7.92631 0
    endloop
  endfacet
  facet normal 0 0 1
    outer loop
      vertex 0.963123 7.88029 0
      vertex 0.663198 7.7672 0
      vertex 0.912502 7.84124 0
    endloop
  endfacet
  facet normal 0 0 1
    outer loop
      vertex 0.912502 7.84124 0
      vertex 0.663198 7.7672 0
      vertex 0.856245 7.80978 0
    endloop
  endfacet
  facet normal 0 0 1
    outer loop
      vertex 0.856245 7.80978 0
      vertex 0.663198 7.7672 0
      vertex 0.795308 7.78654 0
    endloop
  endfacet
  facet normal 0 0 1
    outer loop
      vertex 0.795308 7.78654 0
      vertex 0.663198 7.7672 0
      vertex 0.730646 7.77213 0
    endloop
  endfacet
  facet normal 0 0 1
    outer loop
      vertex 1.00715 7.92631 0
      vertex 0.663198 7.7672 0
      vertex 0.963123 7.88029 0
    endloop
  endfacet
  facet normal 0 0 1
    outer loop
      vertex 0 9.123 0
      vertex -0.663263 7.7672 0
      vertex 0.663198 7.7672 0
    endloop
  endfacet
  facet normal -0 0 1
    outer loop
      vertex -1.07209 8.03674 0
      vertex -0.663263 7.7672 0
      vertex 0 9.123 0
    endloop
  endfacet
  facet normal 0 0 1
    outer loop
      vertex -0.663263 7.7672 0
      vertex -1.07209 8.03674 0
      vertex -0.730808 7.77213 0
    endloop
  endfacet
  facet normal 0 0 1
    outer loop
      vertex -0.730808 7.77213 0
      vertex -1.07209 8.03674 0
      vertex -0.795534 7.78654 0
    endloop
  endfacet
  facet normal 0 0 1
    outer loop
      vertex -0.795534 7.78654 0
      vertex -1.07209 8.03674 0
      vertex -0.856487 7.80978 0
    endloop
  endfacet
  facet normal 0 0 1
    outer loop
      vertex -0.856487 7.80978 0
      vertex -1.07209 8.03674 0
      vertex -0.912745 7.84124 0
    endloop
  endfacet
  facet normal 0 0 1
    outer loop
      vertex -0.912745 7.84124 0
      vertex -1.07209 8.03674 0
      vertex -0.963367 7.88029 0
    endloop
  endfacet
  facet normal 0 0 1
    outer loop
      vertex -0.963367 7.88029 0
      vertex -1.07209 8.03674 0
      vertex -1.00743 7.92631 0
    endloop
  endfacet
  facet normal 0 0 1
    outer loop
      vertex -1.00743 7.92631 0
      vertex -1.07209 8.03674 0
      vertex -1.04396 7.97866 0
    endloop
  endfacet
  facet normal -0 0 1
    outer loop
      vertex -1.19079 9.04495 0
      vertex -1.07209 8.03674 0
      vertex 0 9.123 0
    endloop
  endfacet
  facet normal 0 0 1
    outer loop
      vertex -1.19079 9.04495 0
      vertex -1.32331 8.6869 0
      vertex -1.07209 8.03674 0
    endloop
  endfacet
  facet normal 0 0 1
    outer loop
      vertex -1.19079 9.04495 0
      vertex -1.3513 8.74509 0
      vertex -1.32331 8.6869 0
    endloop
  endfacet
  facet normal 0 0 1
    outer loop
      vertex -1.19079 9.04495 0
      vertex -1.38785 8.79758 0
      vertex -1.3513 8.74509 0
    endloop
  endfacet
  facet normal 0 0 1
    outer loop
      vertex -1.19079 9.04495 0
      vertex -1.43195 8.84371 0
      vertex -1.38785 8.79758 0
    endloop
  endfacet
  facet normal 0 0 1
    outer loop
      vertex -1.19079 9.04495 0
      vertex -1.48264 8.88287 0
      vertex -1.43195 8.84371 0
    endloop
  endfacet
  facet normal 0 0 1
    outer loop
      vertex -1.19079 9.04495 0
      vertex -1.53896 8.91441 0
      vertex -1.48264 8.88287 0
    endloop
  endfacet
  facet normal 0 0 1
    outer loop
      vertex -1.19079 9.04495 0
      vertex -1.59996 8.93772 0
      vertex -1.53896 8.91441 0
    endloop
  endfacet
  facet normal 0 -0 1
    outer loop
      vertex -1.59996 8.93772 0
      vertex -1.19079 9.04495 0
      vertex -1.6612 8.95138 0
    endloop
  endfacet
  facet normal 0 0 -1
    outer loop
      vertex -6.45094 -6.45094 0
      vertex -6.92152 -5.91434 0
      vertex -6.92152 -5.91433 0
    endloop
  endfacet
  facet normal 0 0 -1
    outer loop
      vertex 8.81214 2.36121 0
      vertex 8.95138 1.66121 0
      vertex 8.95138 1.6612 0
    endloop
  endfacet
  facet normal -0 -0 -1
    outer loop
      vertex 8.58273 3.03705 0
      vertex 8.81214 2.36121 0
      vertex 8.58272 3.03706 0
    endloop
  endfacet
  facet normal 0 0 1
    outer loop
      vertex -3.09027 7.49585 0
      vertex -3.25331 7.09619 0
      vertex -3.20451 7.14099 0
    endloop
  endfacet
  facet normal 0 0 1
    outer loop
      vertex -3.19747 8.1847 0
      vertex -3.30925 7.0582 0
      vertex -3.25331 7.09619 0
    endloop
  endfacet
  facet normal 0 0 1
    outer loop
      vertex -3.49122 8.42855 0
      vertex -3.20238 8.24907 0
      vertex -3.19702 8.31278 0
    endloop
  endfacet
  facet normal 0 0 1
    outer loop
      vertex -3.49122 8.42855 0
      vertex -3.0833 8.54025 0
      vertex -3.03706 8.58272 0
    endloop
  endfacet
  facet normal 0 0 1
    outer loop
      vertex -3.49122 8.42855 0
      vertex -3.12451 8.48953 0
      vertex -3.0833 8.54025 0
    endloop
  endfacet
  facet normal 0 0 1
    outer loop
      vertex -3.49122 8.42855 0
      vertex -3.15754 8.43404 0
      vertex -3.12451 8.48953 0
    endloop
  endfacet
  facet normal -0 0 1
    outer loop
      vertex -3.49122 8.42855 0
      vertex -3.18189 8.37477 0
      vertex -3.15754 8.43404 0
    endloop
  endfacet
  facet normal 0 0 1
    outer loop
      vertex -3.49122 8.42855 0
      vertex -3.19702 8.31278 0
      vertex -3.18189 8.37477 0
    endloop
  endfacet
  facet normal 0 0 1
    outer loop
      vertex -4.5615 7.90075 0
      vertex -3.19747 8.1847 0
      vertex -3.49122 8.42855 0
    endloop
  endfacet
  facet normal 0 0 1
    outer loop
      vertex -3.19747 8.1847 0
      vertex -4.5615 7.90075 0
      vertex -3.30925 7.0582 0
    endloop
  endfacet
  facet normal 0 0 1
    outer loop
      vertex -3.30925 7.0582 0
      vertex -4.5615 7.90075 0
      vertex -4.45801 6.39496 0
    endloop
  endfacet
  facet normal -0 0 1
    outer loop
      vertex -4.94683 6.42397 0
      vertex -4.45801 6.39496 0
      vertex -4.5615 7.90075 0
    endloop
  endfacet
  facet normal 0 0 1
    outer loop
      vertex -4.45801 6.39496 0
      vertex -4.94683 6.42397 0
      vertex -4.51896 6.36546 0
    endloop
  endfacet
  facet normal 0 0 1
    outer loop
      vertex -4.51896 6.36546 0
      vertex -4.94683 6.42397 0
      vertex -4.58222 6.34557 0
    endloop
  endfacet
  facet normal 0 0 1
    outer loop
      vertex -4.58222 6.34557 0
      vertex -4.94683 6.42397 0
      vertex -4.64663 6.33522 0
    endloop
  endfacet
  facet normal 0 0 1
    outer loop
      vertex -4.64663 6.33522 0
      vertex -4.94683 6.42397 0
      vertex -4.71108 6.33434 0
    endloop
  endfacet
  facet normal 0 0 1
    outer loop
      vertex -4.71108 6.33434 0
      vertex -4.94683 6.42397 0
      vertex -4.77444 6.34284 0
    endloop
  endfacet
  facet normal 0 0 1
    outer loop
      vertex -4.77444 6.34284 0
      vertex -4.94683 6.42397 0
      vertex -4.83561 6.36067 0
    endloop
  endfacet
  facet normal 0 0 1
    outer loop
      vertex -4.83561 6.36067 0
      vertex -4.94683 6.42397 0
      vertex -4.89343 6.38774 0
    endloop
  endfacet
  facet normal 0 0 1
    outer loop
      vertex -4.5615 7.90075 0
      vertex -5.48946 6.86142 0
      vertex -4.94683 6.42397 0
    endloop
  endfacet
  facet normal -0 0 1
    outer loop
      vertex -5.55373 7.23776 0
      vertex -5.48946 6.86142 0
      vertex -4.5615 7.90075 0
    endloop
  endfacet
  facet normal 0 0 1
    outer loop
      vertex -5.48946 6.86142 0
      vertex -5.55373 7.23776 0
      vertex -5.54281 6.89782 0
    endloop
  endfacet
  facet normal 0 0 1
    outer loop
      vertex -5.55373 7.23776 0
      vertex -5.60071 6.925 0
      vertex -5.54281 6.89782 0
    endloop
  endfacet
  facet normal 0 0 1
    outer loop
      vertex -5.55373 7.23776 0
      vertex -5.66196 6.9429 0
      vertex -5.60071 6.925 0
    endloop
  endfacet
  facet normal 0 0 1
    outer loop
      vertex -5.55373 7.23776 0
      vertex -5.72543 6.95147 0
      vertex -5.66196 6.9429 0
    endloop
  endfacet
  facet normal 0 0 1
    outer loop
      vertex -5.55373 7.23776 0
      vertex -5.78998 6.95062 0
      vertex -5.72543 6.95147 0
    endloop
  endfacet
  facet normal 0 0 1
    outer loop
      vertex -5.55373 7.23776 0
      vertex -5.85447 6.94031 0
      vertex -5.78998 6.95062 0
    endloop
  endfacet
  facet normal 0 -0 1
    outer loop
      vertex -5.85447 6.94031 0
      vertex -5.55373 7.23776 0
      vertex -5.91433 6.92152 0
    endloop
  endfacet
  facet normal 0 0 1
    outer loop
      vertex -3.09027 7.49585 0
      vertex -3.09093 7.36796 0
      vertex -3.08548 7.43156 0
    endloop
  endfacet
  facet normal 0 0 1
    outer loop
      vertex -3.09027 7.49585 0
      vertex -3.10605 7.30609 0
      vertex -3.09093 7.36796 0
    endloop
  endfacet
  facet normal 0 0 1
    outer loop
      vertex -3.09027 7.49585 0
      vertex -3.13037 7.24696 0
      vertex -3.10605 7.30609 0
    endloop
  endfacet
  facet normal 0 0 1
    outer loop
      vertex -3.09027 7.49585 0
      vertex -3.16336 7.19159 0
      vertex -3.13037 7.24696 0
    endloop
  endfacet
  facet normal 0 0 1
    outer loop
      vertex -3.25331 7.09619 0
      vertex -3.09027 7.49585 0
      vertex -3.19747 8.1847 0
    endloop
  endfacet
  facet normal 0 0 1
    outer loop
      vertex -3.49122 8.42855 0
      vertex -3.19747 8.1847 0
      vertex -3.20238 8.24907 0
    endloop
  endfacet
  facet normal 0 0 1
    outer loop
      vertex -3.09027 7.49585 0
      vertex -3.20451 7.14099 0
      vertex -3.16336 7.19159 0
    endloop
  endfacet
  facet normal 0 0 -1
    outer loop
      vertex -2.36121 8.81214 0
      vertex -1.66121 8.95138 0
      vertex -1.6612 8.95138 0
    endloop
  endfacet
  facet normal 0 -0 -1
    outer loop
      vertex -3.03705 8.58273 0
      vertex -2.36121 8.81214 0
      vertex -3.03706 8.58272 0
    endloop
  endfacet
  facet normal 0 0 1
    outer loop
      vertex 5.55373 7.23776 0
      vertex 5.85442 6.94034 0
      vertex 5.91433 6.92153 0
    endloop
  endfacet
  facet normal 0 0 1
    outer loop
      vertex 5.55373 7.23776 0
      vertex 5.7899 6.95067 0
      vertex 5.85442 6.94034 0
    endloop
  endfacet
  facet normal 0 0 1
    outer loop
      vertex 5.55373 7.23776 0
      vertex 5.72532 6.95153 0
      vertex 5.7899 6.95067 0
    endloop
  endfacet
  facet normal 0 0 1
    outer loop
      vertex 5.55373 7.23776 0
      vertex 5.66182 6.94299 0
      vertex 5.72532 6.95153 0
    endloop
  endfacet
  facet normal 0 0 1
    outer loop
      vertex 5.55373 7.23776 0
      vertex 5.60057 6.92509 0
      vertex 5.66182 6.94299 0
    endloop
  endfacet
  facet normal 0 0 1
    outer loop
      vertex 5.55373 7.23776 0
      vertex 5.54271 6.89788 0
      vertex 5.60057 6.92509 0
    endloop
  endfacet
  facet normal 0 0 1
    outer loop
      vertex 5.55373 7.23776 0
      vertex 5.48942 6.86145 0
      vertex 5.54271 6.89788 0
    endloop
  endfacet
  facet normal 0 0 1
    outer loop
      vertex 5.55373 7.23776 0
      vertex 4.94646 6.42418 0
      vertex 5.48942 6.86145 0
    endloop
  endfacet
  facet normal 0 0 1
    outer loop
      vertex 4.5615 7.90075 0
      vertex 4.94646 6.42418 0
      vertex 5.55373 7.23776 0
    endloop
  endfacet
  facet normal 0 0 1
    outer loop
      vertex 4.45795 6.395 0
      vertex 4.94646 6.42418 0
      vertex 4.5615 7.90075 0
    endloop
  endfacet
  facet normal 0 0 1
    outer loop
      vertex 4.94646 6.42418 0
      vertex 4.45795 6.395 0
      vertex 4.89318 6.38789 0
    endloop
  endfacet
  facet normal 0 0 1
    outer loop
      vertex 4.89318 6.38789 0
      vertex 4.45795 6.395 0
      vertex 4.83538 6.36081 0
    endloop
  endfacet
  facet normal 0 0 1
    outer loop
      vertex 4.77423 6.34297 0
      vertex 4.45795 6.395 0
      vertex 4.71087 6.33446 0
    endloop
  endfacet
  facet normal 0 0 1
    outer loop
      vertex 4.71087 6.33446 0
      vertex 4.45795 6.395 0
      vertex 4.64642 6.33534 0
    endloop
  endfacet
  facet normal 0 0 1
    outer loop
      vertex 4.83538 6.36081 0
      vertex 4.45795 6.395 0
      vertex 4.77423 6.34297 0
    endloop
  endfacet
  facet normal 0 0 1
    outer loop
      vertex 4.64642 6.33534 0
      vertex 4.45795 6.395 0
      vertex 4.58203 6.34569 0
    endloop
  endfacet
  facet normal 0 0 1
    outer loop
      vertex 4.58203 6.34569 0
      vertex 4.45795 6.395 0
      vertex 4.51882 6.36554 0
    endloop
  endfacet
  facet normal 0 0 1
    outer loop
      vertex 3.08991 7.49606 0
      vertex 4.5615 7.90075 0
      vertex 3.49122 8.42855 0
    endloop
  endfacet
  facet normal 0 0 1
    outer loop
      vertex 4.5615 7.90075 0
      vertex 3.3092 7.05823 0
      vertex 4.45795 6.395 0
    endloop
  endfacet
  facet normal 0 0 1
    outer loop
      vertex 4.5615 7.90075 0
      vertex 3.08991 7.49606 0
      vertex 3.3092 7.05823 0
    endloop
  endfacet
  facet normal 0 0 1
    outer loop
      vertex 3.3092 7.05823 0
      vertex 3.08991 7.49606 0
      vertex 3.25317 7.09627 0
    endloop
  endfacet
  facet normal 0 0 1
    outer loop
      vertex 3.19743 8.18473 0
      vertex 3.49122 8.42855 0
      vertex 3.20228 8.24913 0
    endloop
  endfacet
  facet normal 0 0 1
    outer loop
      vertex 3.49122 8.42855 0
      vertex 3.19688 8.31286 0
      vertex 3.20228 8.24913 0
    endloop
  endfacet
  facet normal 0 0 1
    outer loop
      vertex 3.49122 8.42855 0
      vertex 3.18175 8.37485 0
      vertex 3.19688 8.31286 0
    endloop
  endfacet
  facet normal 0 0 1
    outer loop
      vertex 3.49122 8.42855 0
      vertex 3.15743 8.43411 0
      vertex 3.18175 8.37485 0
    endloop
  endfacet
  facet normal 0 0 1
    outer loop
      vertex 3.49122 8.42855 0
      vertex 3.12443 8.48958 0
      vertex 3.15743 8.43411 0
    endloop
  endfacet
  facet normal 0 0 1
    outer loop
      vertex 3.49122 8.42855 0
      vertex 3.08325 8.54027 0
      vertex 3.12443 8.48958 0
    endloop
  endfacet
  facet normal -0 -0 1
    outer loop
      vertex 3.08325 8.54027 0
      vertex 3.49122 8.42855 0
      vertex 3.03705 8.58272 0
    endloop
  endfacet
  facet normal 0 0 1
    outer loop
      vertex 3.08991 7.49606 0
      vertex 3.49122 8.42855 0
      vertex 3.19743 8.18473 0
    endloop
  endfacet
  facet normal 0 0 1
    outer loop
      vertex 3.25317 7.09627 0
      vertex 3.08991 7.49606 0
      vertex 3.20432 7.14111 0
    endloop
  endfacet
  facet normal 0 0 1
    outer loop
      vertex 3.20432 7.14111 0
      vertex 3.08991 7.49606 0
      vertex 3.16315 7.19171 0
    endloop
  endfacet
  facet normal 0 0 1
    outer loop
      vertex 3.16315 7.19171 0
      vertex 3.08991 7.49606 0
      vertex 3.13016 7.24709 0
    endloop
  endfacet
  facet normal 0 0 1
    outer loop
      vertex 3.13016 7.24709 0
      vertex 3.08991 7.49606 0
      vertex 3.10584 7.30621 0
    endloop
  endfacet
  facet normal 0 0 1
    outer loop
      vertex 3.10584 7.30621 0
      vertex 3.08991 7.49606 0
      vertex 3.09069 7.3681 0
    endloop
  endfacet
  facet normal 0 0 1
    outer loop
      vertex 3.09069 7.3681 0
      vertex 3.08991 7.49606 0
      vertex 3.08523 7.4317 0
    endloop
  endfacet
  facet normal 0 0 1
    outer loop
      vertex 3.49122 -8.42855 0
      vertex 3.19747 -8.1847 0
      vertex 3.20238 -8.24907 0
    endloop
  endfacet
  facet normal 0 0 1
    outer loop
      vertex 3.09027 -7.49585 0
      vertex 3.20451 -7.14099 0
      vertex 3.16336 -7.19159 0
    endloop
  endfacet
  facet normal 0 0 1
    outer loop
      vertex 3.09027 -7.49585 0
      vertex 3.16336 -7.19159 0
      vertex 3.13037 -7.24696 0
    endloop
  endfacet
  facet normal 0 0 1
    outer loop
      vertex 3.09027 -7.49585 0
      vertex 3.13037 -7.24696 0
      vertex 3.10605 -7.30609 0
    endloop
  endfacet
  facet normal 0 0 1
    outer loop
      vertex 3.09027 -7.49585 0
      vertex 3.10605 -7.30609 0
      vertex 3.09093 -7.36796 0
    endloop
  endfacet
  facet normal 0 0 1
    outer loop
      vertex 3.30925 -7.0582 0
      vertex 3.09027 -7.49585 0
      vertex 3.19747 -8.1847 0
    endloop
  endfacet
  facet normal 0 -0 1
    outer loop
      vertex 3.09027 -7.49585 0
      vertex 3.09093 -7.36796 0
      vertex 3.08548 -7.43156 0
    endloop
  endfacet
  facet normal -0 0 1
    outer loop
      vertex 5.85447 -6.94031 0
      vertex 5.55373 -7.23776 0
      vertex 5.91433 -6.92152 0
    endloop
  endfacet
  facet normal -0 0 1
    outer loop
      vertex 5.78998 -6.95062 0
      vertex 5.55373 -7.23776 0
      vertex 5.85447 -6.94031 0
    endloop
  endfacet
  facet normal -0 0 1
    outer loop
      vertex 5.72543 -6.95147 0
      vertex 5.55373 -7.23776 0
      vertex 5.78998 -6.95062 0
    endloop
  endfacet
  facet normal 0 0 1
    outer loop
      vertex 5.66196 -6.9429 0
      vertex 5.55373 -7.23776 0
      vertex 5.72543 -6.95147 0
    endloop
  endfacet
  facet normal 0 0 1
    outer loop
      vertex 5.60071 -6.925 0
      vertex 5.55373 -7.23776 0
      vertex 5.66196 -6.9429 0
    endloop
  endfacet
  facet normal 0 0 1
    outer loop
      vertex 5.54281 -6.89782 0
      vertex 5.55373 -7.23776 0
      vertex 5.60071 -6.925 0
    endloop
  endfacet
  facet normal 0 0 1
    outer loop
      vertex 5.48946 -6.86142 0
      vertex 5.55373 -7.23776 0
      vertex 5.54281 -6.89782 0
    endloop
  endfacet
  facet normal 0 0 1
    outer loop
      vertex 4.94683 -6.42397 0
      vertex 5.55373 -7.23776 0
      vertex 5.48946 -6.86142 0
    endloop
  endfacet
  facet normal -0 0 1
    outer loop
      vertex 4.45801 -6.39496 0
      vertex 4.94683 -6.42397 0
      vertex 4.89343 -6.38774 0
    endloop
  endfacet
  facet normal 0 0 1
    outer loop
      vertex 4.45801 -6.39496 0
      vertex 4.89343 -6.38774 0
      vertex 4.83561 -6.36067 0
    endloop
  endfacet
  facet normal 0 0 1
    outer loop
      vertex 4.45801 -6.39496 0
      vertex 4.83561 -6.36067 0
      vertex 4.77444 -6.34284 0
    endloop
  endfacet
  facet normal 0 0 1
    outer loop
      vertex 4.45801 -6.39496 0
      vertex 4.77444 -6.34284 0
      vertex 4.71108 -6.33434 0
    endloop
  endfacet
  facet normal 0 0 1
    outer loop
      vertex 4.45801 -6.39496 0
      vertex 4.71108 -6.33434 0
      vertex 4.64663 -6.33522 0
    endloop
  endfacet
  facet normal 0 0 1
    outer loop
      vertex 4.45801 -6.39496 0
      vertex 4.64663 -6.33522 0
      vertex 4.58222 -6.34557 0
    endloop
  endfacet
  facet normal 0 0 1
    outer loop
      vertex 4.94683 -6.42397 0
      vertex 4.45801 -6.39496 0
      vertex 4.5615 -7.90075 0
    endloop
  endfacet
  facet normal 0 0 1
    outer loop
      vertex 4.45801 -6.39496 0
      vertex 4.58222 -6.34557 0
      vertex 4.51896 -6.36546 0
    endloop
  endfacet
  facet normal 0 0 1
    outer loop
      vertex 4.94683 -6.42397 0
      vertex 4.5615 -7.90075 0
      vertex 5.55373 -7.23776 0
    endloop
  endfacet
  facet normal -0 0 1
    outer loop
      vertex 3.30925 -7.0582 0
      vertex 4.5615 -7.90075 0
      vertex 4.45801 -6.39496 0
    endloop
  endfacet
  facet normal 0 0 1
    outer loop
      vertex 3.19747 -8.1847 0
      vertex 4.5615 -7.90075 0
      vertex 3.30925 -7.0582 0
    endloop
  endfacet
  facet normal 0 0 1
    outer loop
      vertex 3.20451 -7.14099 0
      vertex 3.30925 -7.0582 0
      vertex 3.25331 -7.09619 0
    endloop
  endfacet
  facet normal 0 0 1
    outer loop
      vertex 3.09027 -7.49585 0
      vertex 3.30925 -7.0582 0
      vertex 3.20451 -7.14099 0
    endloop
  endfacet
  facet normal 0 0 1
    outer loop
      vertex 4.5615 -7.90075 0
      vertex 3.19747 -8.1847 0
      vertex 3.49122 -8.42855 0
    endloop
  endfacet
  facet normal -0 0 1
    outer loop
      vertex 3.19702 -8.31278 0
      vertex 3.49122 -8.42855 0
      vertex 3.20238 -8.24907 0
    endloop
  endfacet
  facet normal -0 0 1
    outer loop
      vertex 3.18189 -8.37477 0
      vertex 3.49122 -8.42855 0
      vertex 3.19702 -8.31278 0
    endloop
  endfacet
  facet normal 0 0 1
    outer loop
      vertex 3.15754 -8.43404 0
      vertex 3.49122 -8.42855 0
      vertex 3.18189 -8.37477 0
    endloop
  endfacet
  facet normal 0 0 1
    outer loop
      vertex 3.12451 -8.48953 0
      vertex 3.49122 -8.42855 0
      vertex 3.15754 -8.43404 0
    endloop
  endfacet
  facet normal 0 0 1
    outer loop
      vertex 3.0833 -8.54025 0
      vertex 3.49122 -8.42855 0
      vertex 3.12451 -8.48953 0
    endloop
  endfacet
  facet normal 0 0 1
    outer loop
      vertex 3.49122 -8.42855 0
      vertex 3.0833 -8.54025 0
      vertex 3.03706 -8.58272 0
    endloop
  endfacet
  facet normal -0 0 -1
    outer loop
      vertex 3.03705 -8.58273 0
      vertex 2.36121 -8.81214 0
      vertex 3.03706 -8.58272 0
    endloop
  endfacet
  facet normal 0 0 -1
    outer loop
      vertex 2.36121 -8.81214 0
      vertex 1.66121 -8.95138 0
      vertex 1.6612 -8.95138 0
    endloop
  endfacet
  facet normal 0 0 -1
    outer loop
      vertex -1.6612 -8.95139 0
      vertex -2.36121 -8.81214 0
      vertex -1.66119 -8.95138 0
    endloop
  endfacet
  facet normal 0 0 -1
    outer loop
      vertex -2.36121 -8.81214 0
      vertex -3.03705 -8.58273 0
      vertex -3.03705 -8.58272 0
    endloop
  endfacet
  facet normal 0 0 -1
    outer loop
      vertex -8.81214 2.36121 0
      vertex -8.58273 3.03705 0
      vertex -8.58272 3.03705 0
    endloop
  endfacet
  facet normal 0 0 -1
    outer loop
      vertex -8.95139 1.6612 0
      vertex -8.81214 2.36121 0
      vertex -8.95138 1.66119 0
    endloop
  endfacet
  facet normal 0 0 -1
    outer loop
      vertex -8.58273 -3.03705 0
      vertex -8.81214 -2.36121 0
      vertex -8.58272 -3.03706 0
    endloop
  endfacet
  facet normal 0 0 -1
    outer loop
      vertex -8.81214 -2.36121 0
      vertex -8.95138 -1.66121 0
      vertex -8.95138 -1.6612 0
    endloop
  endfacet
  facet normal 0 0 -1
    outer loop
      vertex 6.45094 -6.45094 0
      vertex 5.91434 -6.92152 0
      vertex 5.91433 -6.92152 0
    endloop
  endfacet
  facet normal -0 0 1
    outer loop
      vertex 8.03674 1.07209 0
      vertex 9.123 0 0
      vertex 9.04495 1.19079 0
    endloop
  endfacet
  facet normal 0 -0 1
    outer loop
      vertex 8.03674 -1.07167 0
      vertex 9.123 0 0
      vertex 7.7672 -0.663198 0
    endloop
  endfacet
  facet normal -0 0 1
    outer loop
      vertex 8.93772 1.59996 0
      vertex 9.04495 1.19079 0
      vertex 8.95138 1.6612 0
    endloop
  endfacet
  facet normal -0 0 1
    outer loop
      vertex 8.91441 1.53896 0
      vertex 9.04495 1.19079 0
      vertex 8.93772 1.59996 0
    endloop
  endfacet
  facet normal 0 0 1
    outer loop
      vertex 9.04495 -1.19079 0
      vertex 8.93772 -1.59991 0
      vertex 8.95138 -1.66119 0
    endloop
  endfacet
  facet normal -0 0 1
    outer loop
      vertex 8.88287 1.48264 0
      vertex 9.04495 1.19079 0
      vertex 8.91441 1.53896 0
    endloop
  endfacet
  facet normal 0 0 1
    outer loop
      vertex 9.04495 -1.19079 0
      vertex 8.91441 -1.53886 0
      vertex 8.93772 -1.59991 0
    endloop
  endfacet
  facet normal -0 0 1
    outer loop
      vertex 8.84371 1.43195 0
      vertex 9.04495 1.19079 0
      vertex 8.88287 1.48264 0
    endloop
  endfacet
  facet normal 0 0 1
    outer loop
      vertex 9.04495 -1.19079 0
      vertex 8.88287 -1.48251 0
      vertex 8.91441 -1.53886 0
    endloop
  endfacet
  facet normal -0 0 1
    outer loop
      vertex 8.79758 1.38785 0
      vertex 9.04495 1.19079 0
      vertex 8.84371 1.43195 0
    endloop
  endfacet
  facet normal 0 0 1
    outer loop
      vertex 9.04495 -1.19079 0
      vertex 8.84371 -1.43179 0
      vertex 8.88287 -1.48251 0
    endloop
  endfacet
  facet normal -0 0 1
    outer loop
      vertex 8.74509 1.3513 0
      vertex 9.04495 1.19079 0
      vertex 8.79758 1.38785 0
    endloop
  endfacet
  facet normal 0 0 1
    outer loop
      vertex 9.04495 -1.19079 0
      vertex 8.79758 -1.38769 0
      vertex 8.84371 -1.43179 0
    endloop
  endfacet
  facet normal -0 0 1
    outer loop
      vertex 8.6869 1.32331 0
      vertex 9.04495 1.19079 0
      vertex 8.74509 1.3513 0
    endloop
  endfacet
  facet normal 0 0 1
    outer loop
      vertex 9.04495 -1.19079 0
      vertex 8.74509 -1.35119 0
      vertex 8.79758 -1.38769 0
    endloop
  endfacet
  facet normal 0 0 1
    outer loop
      vertex 8.03674 1.07209 0
      vertex 9.04495 1.19079 0
      vertex 8.6869 1.32331 0
    endloop
  endfacet
  facet normal 0 0 1
    outer loop
      vertex 9.04495 -1.19079 0
      vertex 8.6869 -1.32326 0
      vertex 8.74509 -1.35119 0
    endloop
  endfacet
  facet normal 0 0 1
    outer loop
      vertex 9.123 0 0
      vertex 8.03674 1.07209 0
      vertex 7.7672 0.663263 0
    endloop
  endfacet
  facet normal 0 0 1
    outer loop
      vertex 9.123 0 0
      vertex 7.7672 0.663263 0
      vertex 7.7672 -0.663198 0
    endloop
  endfacet
  facet normal 0 0 1
    outer loop
      vertex 7.7672 0.663263 0
      vertex 8.03674 1.07209 0
      vertex 7.97866 1.04396 0
    endloop
  endfacet
  facet normal 0 0 1
    outer loop
      vertex 9.123 0 0
      vertex 8.03674 -1.07167 0
      vertex 9.04495 -1.19079 0
    endloop
  endfacet
  facet normal 0 0 1
    outer loop
      vertex 7.7672 0.663263 0
      vertex 7.97866 1.04396 0
      vertex 7.92631 1.00743 0
    endloop
  endfacet
  facet normal 0 0 1
    outer loop
      vertex 9.04495 -1.19079 0
      vertex 8.03674 -1.07167 0
      vertex 8.6869 -1.32326 0
    endloop
  endfacet
  facet normal 0 0 1
    outer loop
      vertex 7.7672 0.663263 0
      vertex 7.92631 1.00743 0
      vertex 7.88029 0.963367 0
    endloop
  endfacet
  facet normal 0 0 1
    outer loop
      vertex 8.03674 -1.07167 0
      vertex 7.7672 -0.663198 0
      vertex 7.97866 -1.04367 0
    endloop
  endfacet
  facet normal 0 0 1
    outer loop
      vertex 7.7672 0.663263 0
      vertex 7.88029 0.963367 0
      vertex 7.84124 0.912745 0
    endloop
  endfacet
  facet normal 0 0 1
    outer loop
      vertex 7.97866 -1.04367 0
      vertex 7.7672 -0.663198 0
      vertex 7.92631 -1.00715 0
    endloop
  endfacet
  facet normal 0 0 1
    outer loop
      vertex 7.7672 0.663263 0
      vertex 7.84124 0.912745 0
      vertex 7.80978 0.856487 0
    endloop
  endfacet
  facet normal 0 0 1
    outer loop
      vertex 7.92631 -1.00715 0
      vertex 7.7672 -0.663198 0
      vertex 7.88029 -0.963123 0
    endloop
  endfacet
  facet normal 0 0 1
    outer loop
      vertex 7.7672 0.663263 0
      vertex 7.80978 0.856487 0
      vertex 7.78654 0.795534 0
    endloop
  endfacet
  facet normal 0 0 1
    outer loop
      vertex 7.88029 -0.963123 0
      vertex 7.7672 -0.663198 0
      vertex 7.84124 -0.912502 0
    endloop
  endfacet
  facet normal 0 0 1
    outer loop
      vertex 7.7672 0.663263 0
      vertex 7.78654 0.795534 0
      vertex 7.77213 0.730808 0
    endloop
  endfacet
  facet normal 0 0 1
    outer loop
      vertex 7.84124 -0.912502 0
      vertex 7.7672 -0.663198 0
      vertex 7.80978 -0.856245 0
    endloop
  endfacet
  facet normal 0 0 1
    outer loop
      vertex 7.80978 -0.856245 0
      vertex 7.7672 -0.663198 0
      vertex 7.78654 -0.795308 0
    endloop
  endfacet
  facet normal 0 0 1
    outer loop
      vertex 7.78654 -0.795308 0
      vertex 7.7672 -0.663198 0
      vertex 7.77213 -0.730646 0
    endloop
  endfacet
  facet normal 0 0 1
    outer loop
      vertex 8.42855 3.49122 0
      vertex 8.54025 3.0833 0
      vertex 8.58272 3.03706 0
    endloop
  endfacet
  facet normal 0 0 1
    outer loop
      vertex 8.42855 3.49122 0
      vertex 8.48953 3.12451 0
      vertex 8.54025 3.0833 0
    endloop
  endfacet
  facet normal 0 0 1
    outer loop
      vertex 8.42855 3.49122 0
      vertex 8.43404 3.15754 0
      vertex 8.48953 3.12451 0
    endloop
  endfacet
  facet normal 0 0 1
    outer loop
      vertex 8.42855 3.49122 0
      vertex 8.37477 3.18189 0
      vertex 8.43404 3.15754 0
    endloop
  endfacet
  facet normal 0 0 1
    outer loop
      vertex 8.42855 3.49122 0
      vertex 8.31278 3.19702 0
      vertex 8.37477 3.18189 0
    endloop
  endfacet
  facet normal 0 0 1
    outer loop
      vertex 8.42855 3.49122 0
      vertex 8.24907 3.20238 0
      vertex 8.31278 3.19702 0
    endloop
  endfacet
  facet normal 0 0 1
    outer loop
      vertex 8.42855 3.49122 0
      vertex 8.1847 3.19747 0
      vertex 8.24907 3.20238 0
    endloop
  endfacet
  facet normal 0 0 1
    outer loop
      vertex 7.90075 4.5615 0
      vertex 8.1847 3.19747 0
      vertex 8.42855 3.49122 0
    endloop
  endfacet
  facet normal 0 0 1
    outer loop
      vertex 7.90075 4.5615 0
      vertex 7.49585 3.09027 0
      vertex 8.1847 3.19747 0
    endloop
  endfacet
  facet normal -0 0 1
    outer loop
      vertex 7.0582 3.30925 0
      vertex 7.49585 3.09027 0
      vertex 7.90075 4.5615 0
    endloop
  endfacet
  facet normal 0 0 1
    outer loop
      vertex 7.49585 3.09027 0
      vertex 7.0582 3.30925 0
      vertex 7.43156 3.08548 0
    endloop
  endfacet
  facet normal 0 0 1
    outer loop
      vertex 7.43156 3.08548 0
      vertex 7.0582 3.30925 0
      vertex 7.36796 3.09093 0
    endloop
  endfacet
  facet normal 0 0 1
    outer loop
      vertex 7.36796 3.09093 0
      vertex 7.0582 3.30925 0
      vertex 7.30609 3.10605 0
    endloop
  endfacet
  facet normal -0 0 1
    outer loop
      vertex 6.42397 4.94683 0
      vertex 7.90075 4.5615 0
      vertex 7.23776 5.55373 0
    endloop
  endfacet
  facet normal 0 0 1
    outer loop
      vertex 7.30609 3.10605 0
      vertex 7.0582 3.30925 0
      vertex 7.24696 3.13037 0
    endloop
  endfacet
  facet normal 0 0 1
    outer loop
      vertex 7.24696 3.13037 0
      vertex 7.0582 3.30925 0
      vertex 7.19159 3.16336 0
    endloop
  endfacet
  facet normal 0 0 1
    outer loop
      vertex 7.19159 3.16336 0
      vertex 7.0582 3.30925 0
      vertex 7.14099 3.20451 0
    endloop
  endfacet
  facet normal 0 0 1
    outer loop
      vertex 7.14099 3.20451 0
      vertex 7.0582 3.30925 0
      vertex 7.09619 3.25331 0
    endloop
  endfacet
  facet normal -0 0 1
    outer loop
      vertex 6.9429 5.66196 0
      vertex 7.23776 5.55373 0
      vertex 6.95147 5.72543 0
    endloop
  endfacet
  facet normal 0 0 1
    outer loop
      vertex 7.23776 5.55373 0
      vertex 6.95062 5.78998 0
      vertex 6.95147 5.72543 0
    endloop
  endfacet
  facet normal 0 0 1
    outer loop
      vertex 7.23776 5.55373 0
      vertex 6.94031 5.85447 0
      vertex 6.95062 5.78998 0
    endloop
  endfacet
  facet normal -0 -0 1
    outer loop
      vertex 6.94031 5.85447 0
      vertex 7.23776 5.55373 0
      vertex 6.92152 5.91433 0
    endloop
  endfacet
  facet normal -0 0 1
    outer loop
      vertex 6.925 5.60071 0
      vertex 7.23776 5.55373 0
      vertex 6.9429 5.66196 0
    endloop
  endfacet
  facet normal 0 0 1
    outer loop
      vertex 6.89782 5.54281 0
      vertex 7.23776 5.55373 0
      vertex 6.925 5.60071 0
    endloop
  endfacet
  facet normal 0 0 1
    outer loop
      vertex 6.86142 5.48946 0
      vertex 7.23776 5.55373 0
      vertex 6.89782 5.54281 0
    endloop
  endfacet
  facet normal 0 0 1
    outer loop
      vertex 6.42397 4.94683 0
      vertex 7.23776 5.55373 0
      vertex 6.86142 5.48946 0
    endloop
  endfacet
  facet normal 0 0 1
    outer loop
      vertex 7.90075 4.5615 0
      vertex 6.42397 4.94683 0
      vertex 6.39496 4.45801 0
    endloop
  endfacet
  facet normal 0 0 1
    outer loop
      vertex 7.90075 4.5615 0
      vertex 6.39496 4.45801 0
      vertex 7.0582 3.30925 0
    endloop
  endfacet
  facet normal 0 0 1
    outer loop
      vertex 6.34557 4.58222 0
      vertex 6.42397 4.94683 0
      vertex 6.38774 4.89343 0
    endloop
  endfacet
  facet normal 0 0 1
    outer loop
      vertex 6.42397 4.94683 0
      vertex 6.36546 4.51896 0
      vertex 6.39496 4.45801 0
    endloop
  endfacet
  facet normal 0 0 1
    outer loop
      vertex 6.34557 4.58222 0
      vertex 6.38774 4.89343 0
      vertex 6.36067 4.83561 0
    endloop
  endfacet
  facet normal 0 0 1
    outer loop
      vertex 6.42397 4.94683 0
      vertex 6.34557 4.58222 0
      vertex 6.36546 4.51896 0
    endloop
  endfacet
  facet normal -0 0 1
    outer loop
      vertex 6.34284 4.77444 0
      vertex 6.34557 4.58222 0
      vertex 6.36067 4.83561 0
    endloop
  endfacet
  facet normal 0 0 1
    outer loop
      vertex 6.34284 4.77444 0
      vertex 6.33522 4.64663 0
      vertex 6.34557 4.58222 0
    endloop
  endfacet
  facet normal 0 -0 1
    outer loop
      vertex 6.33522 4.64663 0
      vertex 6.34284 4.77444 0
      vertex 6.33434 4.71108 0
    endloop
  endfacet
  facet normal 0 0 -1
    outer loop
      vertex 6.45094 6.45094 0
      vertex 6.92152 5.91434 0
      vertex 6.92152 5.91433 0
    endloop
  endfacet
  facet normal -0 0 -1
    outer loop
      vertex 8.95139 -1.6612 0
      vertex 8.81214 -2.36121 0
      vertex 8.95138 -1.66119 0
    endloop
  endfacet
  facet normal 0 0 -1
    outer loop
      vertex 8.81214 -2.36121 0
      vertex 8.58273 -3.03705 0
      vertex 8.58272 -3.03705 0
    endloop
  endfacet
  facet normal 0.946933 -0.321431 0
    outer loop
      vertex 8.58273 -3.03705 16
      vertex 8.81214 -2.36121 0
      vertex 8.81214 -2.36121 16
    endloop
  endfacet
  facet normal 0.946933 -0.321431 0
    outer loop
      vertex 8.81214 -2.36121 0
      vertex 8.58273 -3.03705 16
      vertex 8.58273 -3.03705 0
    endloop
  endfacet
  facet normal -0.946933 -0.321431 0
    outer loop
      vertex -8.58273 -3.03705 0
      vertex -8.81214 -2.36121 16
      vertex -8.81214 -2.36121 0
    endloop
  endfacet
  facet normal -0.946933 -0.321431 0
    outer loop
      vertex -8.81214 -2.36121 16
      vertex -8.58273 -3.03705 0
      vertex -8.58273 -3.03705 16
    endloop
  endfacet
  facet normal 0.751843 -0.659342 0
    outer loop
      vertex 6.45094 -6.45094 16
      vertex 6.92153 -5.91433 0
      vertex 6.92153 -5.91433 16
    endloop
  endfacet
  facet normal 0.751843 -0.659342 0
    outer loop
      vertex 6.92153 -5.91433 0
      vertex 6.45094 -6.45094 16
      vertex 6.45094 -6.45094 0
    endloop
  endfacet
  facet normal 0.195092 -0.980785 0
    outer loop
      vertex 1.66121 -8.95138 0
      vertex 2.36121 -8.81214 16
      vertex 1.66121 -8.95138 16
    endloop
  endfacet
  facet normal 0.195092 -0.980785 0
    outer loop
      vertex 2.36121 -8.81214 16
      vertex 1.66121 -8.95138 0
      vertex 2.36121 -8.81214 0
    endloop
  endfacet
  facet normal 0.321431 0.946933 -0
    outer loop
      vertex 3.03705 8.58273 0
      vertex 2.36121 8.81214 16
      vertex 3.03705 8.58273 16
    endloop
  endfacet
  facet normal 0.321431 0.946933 0
    outer loop
      vertex 2.36121 8.81214 16
      vertex 3.03705 8.58273 0
      vertex 2.36121 8.81214 0
    endloop
  endfacet
  facet normal -0.195103 -0.980783 0
    outer loop
      vertex -2.36121 -8.81214 0
      vertex -1.6612 -8.95139 16
      vertex -2.36121 -8.81214 16
    endloop
  endfacet
  facet normal -0.195103 -0.980783 -0
    outer loop
      vertex -1.6612 -8.95139 16
      vertex -2.36121 -8.81214 0
      vertex -1.6612 -8.95139 0
    endloop
  endfacet
  facet normal -0.751843 0.659342 0
    outer loop
      vertex -6.92153 5.91433 0
      vertex -6.45094 6.45094 16
      vertex -6.45094 6.45094 0
    endloop
  endfacet
  facet normal -0.751843 0.659342 0
    outer loop
      vertex -6.45094 6.45094 16
      vertex -6.92153 5.91433 0
      vertex -6.92153 5.91433 16
    endloop
  endfacet
  facet normal 0.659341 -0.751844 0
    outer loop
      vertex 5.91434 -6.92152 0
      vertex 6.45094 -6.45094 16
      vertex 5.91434 -6.92152 16
    endloop
  endfacet
  facet normal 0.659341 -0.751844 0
    outer loop
      vertex 6.45094 -6.45094 16
      vertex 5.91434 -6.92152 0
      vertex 6.45094 -6.45094 0
    endloop
  endfacet
  facet normal 0.195103 0.980783 -0
    outer loop
      vertex 2.36121 8.81214 0
      vertex 1.6612 8.95139 16
      vertex 2.36121 8.81214 16
    endloop
  endfacet
  facet normal 0.195103 0.980783 0
    outer loop
      vertex 1.6612 8.95139 16
      vertex 2.36121 8.81214 0
      vertex 1.6612 8.95139 0
    endloop
  endfacet
  facet normal -0.659342 -0.751843 0
    outer loop
      vertex -6.45094 -6.45094 0
      vertex -5.91433 -6.92153 16
      vertex -6.45094 -6.45094 16
    endloop
  endfacet
  facet normal -0.659342 -0.751843 -0
    outer loop
      vertex -5.91433 -6.92153 16
      vertex -6.45094 -6.45094 0
      vertex -5.91433 -6.92153 0
    endloop
  endfacet
  facet normal 0.980783 -0.195103 0
    outer loop
      vertex 8.81214 -2.36121 16
      vertex 8.95139 -1.6612 0
      vertex 8.95139 -1.6612 16
    endloop
  endfacet
  facet normal 0.980783 -0.195103 0
    outer loop
      vertex 8.95139 -1.6612 0
      vertex 8.81214 -2.36121 16
      vertex 8.81214 -2.36121 0
    endloop
  endfacet
  facet normal 0.321431 -0.946933 0
    outer loop
      vertex 2.36121 -8.81214 0
      vertex 3.03705 -8.58273 16
      vertex 2.36121 -8.81214 16
    endloop
  endfacet
  facet normal 0.321431 -0.946933 0
    outer loop
      vertex 3.03705 -8.58273 16
      vertex 2.36121 -8.81214 0
      vertex 3.03705 -8.58273 0
    endloop
  endfacet
  facet normal -0.980785 -0.195092 0
    outer loop
      vertex -8.81214 -2.36121 0
      vertex -8.95138 -1.66121 16
      vertex -8.95138 -1.66121 0
    endloop
  endfacet
  facet normal -0.980785 -0.195092 0
    outer loop
      vertex -8.95138 -1.66121 16
      vertex -8.81214 -2.36121 0
      vertex -8.81214 -2.36121 16
    endloop
  endfacet
  facet normal -0.946933 0.321431 0
    outer loop
      vertex -8.81214 2.36121 0
      vertex -8.58273 3.03705 16
      vertex -8.58273 3.03705 0
    endloop
  endfacet
  facet normal -0.946933 0.321431 0
    outer loop
      vertex -8.58273 3.03705 16
      vertex -8.81214 2.36121 0
      vertex -8.81214 2.36121 16
    endloop
  endfacet
  facet normal 0.751844 0.659341 0
    outer loop
      vertex 6.92152 5.91434 16
      vertex 6.45094 6.45094 0
      vertex 6.45094 6.45094 16
    endloop
  endfacet
  facet normal 0.751844 0.659341 0
    outer loop
      vertex 6.45094 6.45094 0
      vertex 6.92152 5.91434 16
      vertex 6.92152 5.91434 0
    endloop
  endfacet
  facet normal -0.321431 -0.946933 0
    outer loop
      vertex -3.03705 -8.58273 0
      vertex -2.36121 -8.81214 16
      vertex -3.03705 -8.58273 16
    endloop
  endfacet
  facet normal -0.321431 -0.946933 -0
    outer loop
      vertex -2.36121 -8.81214 16
      vertex -3.03705 -8.58273 0
      vertex -2.36121 -8.81214 0
    endloop
  endfacet
  facet normal -0.321431 0.946933 0
    outer loop
      vertex -2.36121 8.81214 0
      vertex -3.03705 8.58273 16
      vertex -2.36121 8.81214 16
    endloop
  endfacet
  facet normal -0.321431 0.946933 0
    outer loop
      vertex -3.03705 8.58273 16
      vertex -2.36121 8.81214 0
      vertex -3.03705 8.58273 0
    endloop
  endfacet
  facet normal 0.659342 0.751843 -0
    outer loop
      vertex 6.45094 6.45094 0
      vertex 5.91433 6.92153 16
      vertex 6.45094 6.45094 16
    endloop
  endfacet
  facet normal 0.659342 0.751843 0
    outer loop
      vertex 5.91433 6.92153 16
      vertex 6.45094 6.45094 0
      vertex 5.91433 6.92153 0
    endloop
  endfacet
  facet normal 0.588566 -0.393269 0.70635
    outer loop
      vertex 7.90075 -4.5615 0
      vertex 7.23776 -5.55373 0
      vertex 8.76678 -5.0615 -1
    endloop
  endfacet
  facet normal -0.706349 0.0462974 0.706349
    outer loop
      vertex -9.04495 1.19079 0
      vertex -10.123 0 -1
      vertex -9.123 0 0
    endloop
  endfacet
  facet normal 0.138097 -0.694262 0.706349
    outer loop
      vertex 1.6612 -8.95138 0
      vertex 2.62002 -9.77807 -1
      vertex 2.36121 -8.81214 0
    endloop
  endfacet
  facet normal 0.138097 -0.694262 0.706349
    outer loop
      vertex 2.62002 -9.77807 -1
      vertex 1.6612 -8.95138 0
      vertex 1.19079 -9.04495 0
    endloop
  endfacet
  facet normal -0.532205 0.466727 0.706345
    outer loop
      vertex -7.15804 7.15804 -1
      vertex -6.92153 5.91433 0
      vertex -6.45094 6.45094 0
    endloop
  endfacet
  facet normal -0.53221 0.466725 0.706343
    outer loop
      vertex -6.92153 5.91433 0
      vertex -7.15804 7.15804 -1
      vertex -7.23776 5.55373 0
    endloop
  endfacet
  facet normal -0.670297 0.227538 0.706349
    outer loop
      vertex -8.58272 3.03705 0
      vertex -9.77807 2.62002 -1
      vertex -8.81214 2.36121 0
    endloop
  endfacet
  facet normal -0.670297 0.227535 0.70635
    outer loop
      vertex -9.77807 2.62002 -1
      vertex -8.58272 3.03705 0
      vertex -8.42855 3.49122 0
    endloop
  endfacet
  facet normal 0.0462943 0.706347 0.70635
    outer loop
      vertex 1.32132 10.0364 -1
      vertex 0 10.123 -1
      vertex 1.19079 9.04495 0
    endloop
  endfacet
  facet normal 0.588566 -0.393268 0.70635
    outer loop
      vertex 8.76678 -5.0615 -1
      vertex 7.23776 -5.55373 0
      vertex 8.03112 -6.16249 -1
    endloop
  endfacet
  facet normal -0.532198 0.466728 0.70635
    outer loop
      vertex -7.15804 7.15804 -1
      vertex -8.03112 6.16249 -1
      vertex -7.23776 5.55373 0
    endloop
  endfacet
  facet normal -0.634866 0.313076 0.706348
    outer loop
      vertex -8.76678 5.0615 -1
      vertex -9.35243 3.8739 -1
      vertex -8.42855 3.49122 0
    endloop
  endfacet
  facet normal -0.313076 0.634866 0.706348
    outer loop
      vertex -3.8739 9.35243 -1
      vertex -5.0615 8.76678 -1
      vertex -3.49122 8.42855 0
    endloop
  endfacet
  facet normal -0.670297 0.227538 0.706348
    outer loop
      vertex -9.35243 3.8739 -1
      vertex -9.77807 2.62002 -1
      vertex -8.42855 3.49122 0
    endloop
  endfacet
  facet normal 0.138095 0.694263 0.706349
    outer loop
      vertex 2.62002 9.77807 -1
      vertex 1.66119 8.95138 0
      vertex 2.36121 8.81214 0
    endloop
  endfacet
  facet normal 0.138099 0.69426 0.706351
    outer loop
      vertex 1.66119 8.95138 0
      vertex 2.62002 9.77807 -1
      vertex 1.19079 9.04495 0
    endloop
  endfacet
  facet normal -0.634864 -0.313078 0.70635
    outer loop
      vertex -8.42855 -3.49122 0
      vertex -8.76678 -5.0615 -1
      vertex -7.90075 -4.5615 0
    endloop
  endfacet
  facet normal -0.588566 0.393268 0.70635
    outer loop
      vertex -8.03112 6.16249 -1
      vertex -8.76678 5.0615 -1
      vertex -7.23776 5.55373 0
    endloop
  endfacet
  facet normal -0.670297 -0.227538 0.706348
    outer loop
      vertex -8.42855 -3.49122 0
      vertex -9.77807 -2.62002 -1
      vertex -9.35243 -3.8739 -1
    endloop
  endfacet
  facet normal -0.0462974 0.706349 0.706349
    outer loop
      vertex 0 10.123 -1
      vertex -1.19079 9.04495 0
      vertex 0 9.123 0
    endloop
  endfacet
  facet normal -0.466727 -0.532205 0.706345
    outer loop
      vertex -7.15804 -7.15804 -1
      vertex -5.91433 -6.92153 0
      vertex -6.45094 -6.45094 0
    endloop
  endfacet
  facet normal -0.466725 -0.53221 0.706343
    outer loop
      vertex -5.91433 -6.92153 0
      vertex -7.15804 -7.15804 -1
      vertex -5.55373 -7.23776 0
    endloop
  endfacet
  facet normal -0.138097 0.694262 0.706349
    outer loop
      vertex -2.62002 9.77807 -1
      vertex -1.6612 8.95138 0
      vertex -1.19079 9.04495 0
    endloop
  endfacet
  facet normal -0.138097 0.694262 0.706349
    outer loop
      vertex -1.6612 8.95138 0
      vertex -2.62002 9.77807 -1
      vertex -2.36121 8.81214 0
    endloop
  endfacet
  facet normal -0.634864 0.313078 0.70635
    outer loop
      vertex -7.90075 4.5615 0
      vertex -8.76678 5.0615 -1
      vertex -8.42855 3.49122 0
    endloop
  endfacet
  facet normal -0.0462974 -0.706349 0.706349
    outer loop
      vertex 0 -9.123 0
      vertex -1.19079 -9.04495 0
      vertex 0 -10.123 -1
    endloop
  endfacet
  facet normal 0.393268 0.588566 0.70635
    outer loop
      vertex 6.16249 8.03112 -1
      vertex 5.0615 8.76678 -1
      vertex 5.55373 7.23776 0
    endloop
  endfacet
  facet normal -0.227538 -0.670297 0.706349
    outer loop
      vertex -3.03705 -8.58272 0
      vertex -2.62002 -9.77807 -1
      vertex -2.36121 -8.81214 0
    endloop
  endfacet
  facet normal -0.227535 -0.670297 0.70635
    outer loop
      vertex -2.62002 -9.77807 -1
      vertex -3.03705 -8.58272 0
      vertex -3.49122 -8.42855 0
    endloop
  endfacet
  facet normal -0.706347 0.0462943 0.70635
    outer loop
      vertex -10.0364 1.32132 -1
      vertex -10.123 0 -1
      vertex -9.04495 1.19079 0
    endloop
  endfacet
  facet normal -0.227538 -0.670297 0.706348
    outer loop
      vertex -3.49122 -8.42855 0
      vertex -3.8739 -9.35243 -1
      vertex -2.62002 -9.77807 -1
    endloop
  endfacet
  facet normal -0.313076 -0.634866 0.706348
    outer loop
      vertex -3.49122 -8.42855 0
      vertex -5.0615 -8.76678 -1
      vertex -3.8739 -9.35243 -1
    endloop
  endfacet
  facet normal -0.393268 -0.588566 0.70635
    outer loop
      vertex -5.55373 -7.23776 0
      vertex -6.16249 -8.03112 -1
      vertex -5.0615 -8.76678 -1
    endloop
  endfacet
  facet normal -0.393269 -0.588566 0.70635
    outer loop
      vertex -4.5615 -7.90075 0
      vertex -5.55373 -7.23776 0
      vertex -5.0615 -8.76678 -1
    endloop
  endfacet
  facet normal -0.694261 0.138098 0.706351
    outer loop
      vertex -9.77807 2.62002 -1
      vertex -10.0364 1.32132 -1
      vertex -9.04495 1.19079 0
    endloop
  endfacet
  facet normal 0.634866 -0.313076 0.706348
    outer loop
      vertex 9.35243 -3.8739 -1
      vertex 8.42855 -3.49122 0
      vertex 8.76678 -5.0615 -1
    endloop
  endfacet
  facet normal -0.227535 0.670298 0.706349
    outer loop
      vertex -2.62002 9.77807 -1
      vertex -3.03706 8.58272 0
      vertex -2.36121 8.81214 0
    endloop
  endfacet
  facet normal -0.227541 0.670298 0.706347
    outer loop
      vertex -3.03706 8.58272 0
      vertex -2.62002 9.77807 -1
      vertex -3.49122 8.42855 0
    endloop
  endfacet
  facet normal -0.0462943 0.706347 0.70635
    outer loop
      vertex 0 10.123 -1
      vertex -1.32132 10.0364 -1
      vertex -1.19079 9.04495 0
    endloop
  endfacet
  facet normal -0.138098 0.694261 0.706351
    outer loop
      vertex -1.32132 10.0364 -1
      vertex -2.62002 9.77807 -1
      vertex -1.19079 9.04495 0
    endloop
  endfacet
  facet normal 0.0462943 -0.706347 0.70635
    outer loop
      vertex 1.19079 -9.04495 0
      vertex 0 -10.123 -1
      vertex 1.32132 -10.0364 -1
    endloop
  endfacet
  facet normal 0.466722 -0.53221 0.706345
    outer loop
      vertex 5.91433 -6.92152 0
      vertex 7.15804 -7.15804 -1
      vertex 6.45094 -6.45094 0
    endloop
  endfacet
  facet normal 0.466728 -0.532198 0.70635
    outer loop
      vertex 7.15804 -7.15804 -1
      vertex 5.91433 -6.92152 0
      vertex 5.55373 -7.23776 0
    endloop
  endfacet
  facet normal 0.0462974 -0.706349 0.706349
    outer loop
      vertex 0 -9.123 0
      vertex 0 -10.123 -1
      vertex 1.19079 -9.04495 0
    endloop
  endfacet
  facet normal 0.227541 -0.670298 0.706347
    outer loop
      vertex 3.03706 -8.58272 0
      vertex 2.62002 -9.77807 -1
      vertex 3.49122 -8.42855 0
    endloop
  endfacet
  facet normal 0.227535 -0.670298 0.706349
    outer loop
      vertex 2.62002 -9.77807 -1
      vertex 3.03706 -8.58272 0
      vertex 2.36121 -8.81214 0
    endloop
  endfacet
  facet normal -0.138095 -0.694263 0.706349
    outer loop
      vertex -2.62002 -9.77807 -1
      vertex -1.66119 -8.95138 0
      vertex -2.36121 -8.81214 0
    endloop
  endfacet
  facet normal -0.138099 -0.69426 0.706351
    outer loop
      vertex -1.66119 -8.95138 0
      vertex -2.62002 -9.77807 -1
      vertex -1.19079 -9.04495 0
    endloop
  endfacet
  facet normal -0.588566 0.393269 0.70635
    outer loop
      vertex -7.23776 5.55373 0
      vertex -8.76678 5.0615 -1
      vertex -7.90075 4.5615 0
    endloop
  endfacet
  facet normal -0.694263 0.138095 0.706349
    outer loop
      vertex -9.77807 2.62002 -1
      vertex -8.95138 1.66119 0
      vertex -8.81214 2.36121 0
    endloop
  endfacet
  facet normal -0.69426 0.138099 0.706351
    outer loop
      vertex -8.95138 1.66119 0
      vertex -9.77807 2.62002 -1
      vertex -9.04495 1.19079 0
    endloop
  endfacet
  facet normal -0.706347 -0.0462943 0.70635
    outer loop
      vertex -9.04495 -1.19079 0
      vertex -10.123 0 -1
      vertex -10.0364 -1.32132 -1
    endloop
  endfacet
  facet normal 0.694262 0.138097 0.706349
    outer loop
      vertex 9.77807 2.62002 -1
      vertex 8.95138 1.6612 0
      vertex 9.04495 1.19079 0
    endloop
  endfacet
  facet normal 0.694262 0.138097 0.706349
    outer loop
      vertex 8.95138 1.6612 0
      vertex 9.77807 2.62002 -1
      vertex 8.81214 2.36121 0
    endloop
  endfacet
  facet normal -0.53221 -0.466722 0.706345
    outer loop
      vertex -6.92152 -5.91433 0
      vertex -7.15804 -7.15804 -1
      vertex -6.45094 -6.45094 0
    endloop
  endfacet
  facet normal -0.532198 -0.466728 0.70635
    outer loop
      vertex -7.15804 -7.15804 -1
      vertex -6.92152 -5.91433 0
      vertex -7.23776 -5.55373 0
    endloop
  endfacet
  facet normal 0.532198 -0.466728 0.70635
    outer loop
      vertex 7.23776 -5.55373 0
      vertex 7.15804 -7.15804 -1
      vertex 8.03112 -6.16249 -1
    endloop
  endfacet
  facet normal -0.532198 -0.466728 0.70635
    outer loop
      vertex -7.23776 -5.55373 0
      vertex -8.03112 -6.16249 -1
      vertex -7.15804 -7.15804 -1
    endloop
  endfacet
  facet normal -0.670298 -0.227535 0.706349
    outer loop
      vertex -9.77807 -2.62002 -1
      vertex -8.58272 -3.03706 0
      vertex -8.81214 -2.36121 0
    endloop
  endfacet
  facet normal -0.670298 -0.227541 0.706347
    outer loop
      vertex -8.58272 -3.03706 0
      vertex -9.77807 -2.62002 -1
      vertex -8.42855 -3.49122 0
    endloop
  endfacet
  facet normal -0.466722 0.53221 0.706345
    outer loop
      vertex -5.91433 6.92152 0
      vertex -7.15804 7.15804 -1
      vertex -6.45094 6.45094 0
    endloop
  endfacet
  facet normal -0.466728 0.532198 0.70635
    outer loop
      vertex -7.15804 7.15804 -1
      vertex -5.91433 6.92152 0
      vertex -5.55373 7.23776 0
    endloop
  endfacet
  facet normal -0.138098 -0.694261 0.706351
    outer loop
      vertex -1.19079 -9.04495 0
      vertex -2.62002 -9.77807 -1
      vertex -1.32132 -10.0364 -1
    endloop
  endfacet
  facet normal -0.313078 0.634864 0.70635
    outer loop
      vertex -3.49122 8.42855 0
      vertex -5.0615 8.76678 -1
      vertex -4.5615 7.90075 0
    endloop
  endfacet
  facet normal -0.634866 -0.313076 0.706348
    outer loop
      vertex -8.42855 -3.49122 0
      vertex -9.35243 -3.8739 -1
      vertex -8.76678 -5.0615 -1
    endloop
  endfacet
  facet normal -0.694262 -0.138097 0.706349
    outer loop
      vertex -9.77807 -2.62002 -1
      vertex -8.95138 -1.6612 0
      vertex -9.04495 -1.19079 0
    endloop
  endfacet
  facet normal -0.694262 -0.138097 0.706349
    outer loop
      vertex -8.95138 -1.6612 0
      vertex -9.77807 -2.62002 -1
      vertex -8.81214 -2.36121 0
    endloop
  endfacet
  facet normal -0.466728 0.532198 0.70635
    outer loop
      vertex -6.16249 8.03112 -1
      vertex -7.15804 7.15804 -1
      vertex -5.55373 7.23776 0
    endloop
  endfacet
  facet normal 0.227538 0.670297 0.706348
    outer loop
      vertex 3.8739 9.35243 -1
      vertex 2.62002 9.77807 -1
      vertex 3.49122 8.42855 0
    endloop
  endfacet
  facet normal -0.0462943 -0.706347 0.70635
    outer loop
      vertex -1.19079 -9.04495 0
      vertex -1.32132 -10.0364 -1
      vertex 0 -10.123 -1
    endloop
  endfacet
  facet normal -0.393268 0.588566 0.70635
    outer loop
      vertex -5.0615 8.76678 -1
      vertex -6.16249 8.03112 -1
      vertex -5.55373 7.23776 0
    endloop
  endfacet
  facet normal 0.138098 0.694261 0.706351
    outer loop
      vertex 1.32132 10.0364 -1
      vertex 1.19079 9.04495 0
      vertex 2.62002 9.77807 -1
    endloop
  endfacet
  facet normal 0.588566 0.393268 0.70635
    outer loop
      vertex 8.03112 6.16249 -1
      vertex 7.23776 5.55373 0
      vertex 8.76678 5.0615 -1
    endloop
  endfacet
  facet normal 0.634866 0.313076 0.706348
    outer loop
      vertex 8.76678 5.0615 -1
      vertex 8.42855 3.49122 0
      vertex 9.35243 3.8739 -1
    endloop
  endfacet
  facet normal 0.532198 0.466728 0.70635
    outer loop
      vertex 8.03112 6.16249 -1
      vertex 7.15804 7.15804 -1
      vertex 7.23776 5.55373 0
    endloop
  endfacet
  facet normal 0.670297 -0.227538 0.706349
    outer loop
      vertex 8.58272 -3.03705 0
      vertex 9.77807 -2.62002 -1
      vertex 8.81214 -2.36121 0
    endloop
  endfacet
  facet normal 0.670297 -0.227535 0.70635
    outer loop
      vertex 9.77807 -2.62002 -1
      vertex 8.58272 -3.03705 0
      vertex 8.42855 -3.49122 0
    endloop
  endfacet
  facet normal 0.0462974 0.706349 0.706349
    outer loop
      vertex 0 10.123 -1
      vertex 0 9.123 0
      vertex 1.19079 9.04495 0
    endloop
  endfacet
  facet normal -0.227538 0.670297 0.706348
    outer loop
      vertex -2.62002 9.77807 -1
      vertex -3.8739 9.35243 -1
      vertex -3.49122 8.42855 0
    endloop
  endfacet
  facet normal 0.706349 0.0462974 0.706349
    outer loop
      vertex 10.123 0 -1
      vertex 9.04495 1.19079 0
      vertex 9.123 0 0
    endloop
  endfacet
  facet normal 0.588566 0.393269 0.70635
    outer loop
      vertex 8.76678 5.0615 -1
      vertex 7.23776 5.55373 0
      vertex 7.90075 4.5615 0
    endloop
  endfacet
  facet normal -0.694261 -0.138098 0.706351
    outer loop
      vertex -9.04495 -1.19079 0
      vertex -10.0364 -1.32132 -1
      vertex -9.77807 -2.62002 -1
    endloop
  endfacet
  facet normal -0.588566 -0.393268 0.70635
    outer loop
      vertex -7.23776 -5.55373 0
      vertex -8.76678 -5.0615 -1
      vertex -8.03112 -6.16249 -1
    endloop
  endfacet
  facet normal -0.706349 -0.0462974 0.706349
    outer loop
      vertex -9.123 0 0
      vertex -10.123 0 -1
      vertex -9.04495 -1.19079 0
    endloop
  endfacet
  facet normal 0.138098 -0.694261 0.706351
    outer loop
      vertex 2.62002 -9.77807 -1
      vertex 1.19079 -9.04495 0
      vertex 1.32132 -10.0364 -1
    endloop
  endfacet
  facet normal 0.313076 -0.634866 0.706348
    outer loop
      vertex 5.0615 -8.76678 -1
      vertex 3.49122 -8.42855 0
      vertex 3.8739 -9.35243 -1
    endloop
  endfacet
  facet normal 0.227535 0.670297 0.70635
    outer loop
      vertex 2.62002 9.77807 -1
      vertex 3.03705 8.58272 0
      vertex 3.49122 8.42855 0
    endloop
  endfacet
  facet normal 0.227538 0.670297 0.706349
    outer loop
      vertex 3.03705 8.58272 0
      vertex 2.62002 9.77807 -1
      vertex 2.36121 8.81214 0
    endloop
  endfacet
  facet normal -0.466728 -0.532198 0.70635
    outer loop
      vertex -5.55373 -7.23776 0
      vertex -7.15804 -7.15804 -1
      vertex -6.16249 -8.03112 -1
    endloop
  endfacet
  facet normal 0.706349 -0.0462974 0.706349
    outer loop
      vertex 9.123 0 0
      vertex 9.04495 -1.19079 0
      vertex 10.123 0 -1
    endloop
  endfacet
  facet normal 0.466728 0.532198 0.70635
    outer loop
      vertex 6.16249 8.03112 -1
      vertex 5.55373 7.23776 0
      vertex 7.15804 7.15804 -1
    endloop
  endfacet
  facet normal 0.227538 -0.670297 0.706348
    outer loop
      vertex 3.49122 -8.42855 0
      vertex 2.62002 -9.77807 -1
      vertex 3.8739 -9.35243 -1
    endloop
  endfacet
  facet normal -0.588566 -0.393269 0.70635
    outer loop
      vertex -7.90075 -4.5615 0
      vertex -8.76678 -5.0615 -1
      vertex -7.23776 -5.55373 0
    endloop
  endfacet
  facet normal 0.393268 -0.588566 0.70635
    outer loop
      vertex 5.55373 -7.23776 0
      vertex 5.0615 -8.76678 -1
      vertex 6.16249 -8.03112 -1
    endloop
  endfacet
  facet normal 0.466727 0.532205 0.706345
    outer loop
      vertex 7.15804 7.15804 -1
      vertex 5.91433 6.92153 0
      vertex 6.45094 6.45094 0
    endloop
  endfacet
  facet normal 0.466725 0.53221 0.706343
    outer loop
      vertex 5.91433 6.92153 0
      vertex 7.15804 7.15804 -1
      vertex 5.55373 7.23776 0
    endloop
  endfacet
  facet normal 0 0 -1
    outer loop
      vertex 2.6 0 -1
      vertex 10.123 0 -1
      vertex 10.0364 -1.32132 -1
    endloop
  endfacet
  facet normal 0 0 -1
    outer loop
      vertex 2.47275 -0.803444 -1
      vertex 10.0364 -1.32132 -1
      vertex 9.77807 -2.62002 -1
    endloop
  endfacet
  facet normal 0 0 -1
    outer loop
      vertex 10.123 0 -1
      vertex 2.6 0 -1
      vertex 10.0364 1.32132 -1
    endloop
  endfacet
  facet normal 0 0 -1
    outer loop
      vertex 2.47275 -0.803444 -1
      vertex 9.77807 -2.62002 -1
      vertex 9.35243 -3.8739 -1
    endloop
  endfacet
  facet normal 0 0 -1
    outer loop
      vertex 2.47275 0.803444 -1
      vertex 10.0364 1.32132 -1
      vertex 2.6 0 -1
    endloop
  endfacet
  facet normal 0 0 -1
    outer loop
      vertex 2.47275 -0.803444 -1
      vertex 9.35243 -3.8739 -1
      vertex 8.76678 -5.0615 -1
    endloop
  endfacet
  facet normal -0 0 -1
    outer loop
      vertex 10.0364 1.32132 -1
      vertex 2.47275 0.803444 -1
      vertex 9.77807 2.62002 -1
    endloop
  endfacet
  facet normal 0 0 -1
    outer loop
      vertex 2.10344 -1.52824 -1
      vertex 8.76678 -5.0615 -1
      vertex 8.03112 -6.16249 -1
    endloop
  endfacet
  facet normal -0 0 -1
    outer loop
      vertex 9.77807 2.62002 -1
      vertex 2.47275 0.803444 -1
      vertex 9.35243 3.8739 -1
    endloop
  endfacet
  facet normal 0 0 -1
    outer loop
      vertex 2.10344 -1.52824 -1
      vertex 8.03112 -6.16249 -1
      vertex 7.15804 -7.15804 -1
    endloop
  endfacet
  facet normal -0 0 -1
    outer loop
      vertex 9.35243 3.8739 -1
      vertex 2.47275 0.803444 -1
      vertex 8.76678 5.0615 -1
    endloop
  endfacet
  facet normal 0 0 -1
    outer loop
      vertex 1.52824 -2.10344 -1
      vertex 7.15804 -7.15804 -1
      vertex 6.16249 -8.03112 -1
    endloop
  endfacet
  facet normal 0 0 -1
    outer loop
      vertex 2.10344 1.52824 -1
      vertex 8.76678 5.0615 -1
      vertex 2.47275 0.803444 -1
    endloop
  endfacet
  facet normal 0 0 -1
    outer loop
      vertex 1.52824 -2.10344 -1
      vertex 6.16249 -8.03112 -1
      vertex 5.0615 -8.76678 -1
    endloop
  endfacet
  facet normal -0 0 -1
    outer loop
      vertex 8.76678 5.0615 -1
      vertex 2.10344 1.52824 -1
      vertex 8.03112 6.16249 -1
    endloop
  endfacet
  facet normal 0 0 -1
    outer loop
      vertex 0.803444 -2.47275 -1
      vertex 5.0615 -8.76678 -1
      vertex 3.8739 -9.35243 -1
    endloop
  endfacet
  facet normal -0 0 -1
    outer loop
      vertex 8.03112 6.16249 -1
      vertex 2.10344 1.52824 -1
      vertex 7.15804 7.15804 -1
    endloop
  endfacet
  facet normal 0 0 -1
    outer loop
      vertex 0.803444 -2.47275 -1
      vertex 3.8739 -9.35243 -1
      vertex 2.62002 -9.77807 -1
    endloop
  endfacet
  facet normal 0 0 -1
    outer loop
      vertex 1.52824 2.10344 -1
      vertex 7.15804 7.15804 -1
      vertex 2.10344 1.52824 -1
    endloop
  endfacet
  facet normal -0 0 -1
    outer loop
      vertex 7.15804 7.15804 -1
      vertex 1.52824 2.10344 -1
      vertex 6.16249 8.03112 -1
    endloop
  endfacet
  facet normal 0 0 -1
    outer loop
      vertex 10.0364 -1.32132 -1
      vertex 2.47275 -0.803444 -1
      vertex 2.6 0 -1
    endloop
  endfacet
  facet normal 0 0 -1
    outer loop
      vertex 8.76678 -5.0615 -1
      vertex 2.10344 -1.52824 -1
      vertex 2.47275 -0.803444 -1
    endloop
  endfacet
  facet normal 0 0 -1
    outer loop
      vertex 7.15804 -7.15804 -1
      vertex 1.52824 -2.10344 -1
      vertex 2.10344 -1.52824 -1
    endloop
  endfacet
  facet normal 0 0 -1
    outer loop
      vertex 0.803444 -2.47275 -1
      vertex 2.62002 -9.77807 -1
      vertex 1.32132 -10.0364 -1
    endloop
  endfacet
  facet normal 0 0 -1
    outer loop
      vertex 5.0615 -8.76678 -1
      vertex 0.803444 -2.47275 -1
      vertex 1.52824 -2.10344 -1
    endloop
  endfacet
  facet normal 0 0 -1
    outer loop
      vertex 0 -2.6 -1
      vertex 1.32132 -10.0364 -1
      vertex 0 -10.123 -1
    endloop
  endfacet
  facet normal 0 0 -1
    outer loop
      vertex 1.32132 -10.0364 -1
      vertex 0 -2.6 -1
      vertex 0.803444 -2.47275 -1
    endloop
  endfacet
  facet normal 0 0 -1
    outer loop
      vertex -1.32132 -10.0364 -1
      vertex 0 -2.6 -1
      vertex 0 -10.123 -1
    endloop
  endfacet
  facet normal -0 0 -1
    outer loop
      vertex 0 -2.6 -1
      vertex -1.32132 -10.0364 -1
      vertex -0.803444 -2.47275 -1
    endloop
  endfacet
  facet normal 0 0 -1
    outer loop
      vertex -2.62002 -9.77807 -1
      vertex -0.803444 -2.47275 -1
      vertex -1.32132 -10.0364 -1
    endloop
  endfacet
  facet normal 0 0 -1
    outer loop
      vertex -3.8739 -9.35243 -1
      vertex -0.803444 -2.47275 -1
      vertex -2.62002 -9.77807 -1
    endloop
  endfacet
  facet normal 0 0 -1
    outer loop
      vertex -5.0615 -8.76678 -1
      vertex -0.803444 -2.47275 -1
      vertex -3.8739 -9.35243 -1
    endloop
  endfacet
  facet normal -0 0 -1
    outer loop
      vertex -0.803444 -2.47275 -1
      vertex -5.0615 -8.76678 -1
      vertex -1.52824 -2.10344 -1
    endloop
  endfacet
  facet normal 0 0 -1
    outer loop
      vertex -6.16249 -8.03112 -1
      vertex -1.52824 -2.10344 -1
      vertex -5.0615 -8.76678 -1
    endloop
  endfacet
  facet normal -0 0 -1
    outer loop
      vertex 6.16249 8.03112 -1
      vertex 1.52824 2.10344 -1
      vertex 5.0615 8.76678 -1
    endloop
  endfacet
  facet normal 0 0 -1
    outer loop
      vertex 0.803444 2.47275 -1
      vertex 5.0615 8.76678 -1
      vertex 1.52824 2.10344 -1
    endloop
  endfacet
  facet normal -0 0 -1
    outer loop
      vertex 5.0615 8.76678 -1
      vertex 0.803444 2.47275 -1
      vertex 3.8739 9.35243 -1
    endloop
  endfacet
  facet normal -0 0 -1
    outer loop
      vertex 3.8739 9.35243 -1
      vertex 0.803444 2.47275 -1
      vertex 2.62002 9.77807 -1
    endloop
  endfacet
  facet normal -0 0 -1
    outer loop
      vertex 2.62002 9.77807 -1
      vertex 0.803444 2.47275 -1
      vertex 1.32132 10.0364 -1
    endloop
  endfacet
  facet normal 0 0 -1
    outer loop
      vertex 0 2.6 -1
      vertex 1.32132 10.0364 -1
      vertex 0.803444 2.47275 -1
    endloop
  endfacet
  facet normal 0 0 -1
    outer loop
      vertex 0 2.6 -1
      vertex 0 10.123 -1
      vertex 1.32132 10.0364 -1
    endloop
  endfacet
  facet normal 0 0 -1
    outer loop
      vertex -1.32132 10.0364 -1
      vertex 0 2.6 -1
      vertex -0.803444 2.47275 -1
    endloop
  endfacet
  facet normal 0 0 -1
    outer loop
      vertex 0 2.6 -1
      vertex -1.32132 10.0364 -1
      vertex 0 10.123 -1
    endloop
  endfacet
  facet normal 0 0 -1
    outer loop
      vertex -5.0615 8.76678 -1
      vertex -0.803444 2.47275 -1
      vertex -1.52824 2.10344 -1
    endloop
  endfacet
  facet normal 0 0 -1
    outer loop
      vertex -7.15804 7.15804 -1
      vertex -1.52824 2.10344 -1
      vertex -2.10344 1.52824 -1
    endloop
  endfacet
  facet normal 0 0 -1
    outer loop
      vertex -8.76678 5.0615 -1
      vertex -2.10344 1.52824 -1
      vertex -2.47275 0.803444 -1
    endloop
  endfacet
  facet normal 0 0 -1
    outer loop
      vertex -10.0364 1.32132 -1
      vertex -2.47275 0.803444 -1
      vertex -2.6 0 -1
    endloop
  endfacet
  facet normal 0 0 -1
    outer loop
      vertex -0.803444 2.47275 -1
      vertex -2.62002 9.77807 -1
      vertex -1.32132 10.0364 -1
    endloop
  endfacet
  facet normal 0 0 -1
    outer loop
      vertex -7.15804 -7.15804 -1
      vertex -1.52824 -2.10344 -1
      vertex -6.16249 -8.03112 -1
    endloop
  endfacet
  facet normal -0 0 -1
    outer loop
      vertex -1.52824 -2.10344 -1
      vertex -7.15804 -7.15804 -1
      vertex -2.10344 -1.52824 -1
    endloop
  endfacet
  facet normal 0 0 -1
    outer loop
      vertex -0.803444 2.47275 -1
      vertex -3.8739 9.35243 -1
      vertex -2.62002 9.77807 -1
    endloop
  endfacet
  facet normal 0 0 -1
    outer loop
      vertex -8.03112 -6.16249 -1
      vertex -2.10344 -1.52824 -1
      vertex -7.15804 -7.15804 -1
    endloop
  endfacet
  facet normal 0 0 -1
    outer loop
      vertex -0.803444 2.47275 -1
      vertex -5.0615 8.76678 -1
      vertex -3.8739 9.35243 -1
    endloop
  endfacet
  facet normal 0 0 -1
    outer loop
      vertex -8.76678 -5.0615 -1
      vertex -2.10344 -1.52824 -1
      vertex -8.03112 -6.16249 -1
    endloop
  endfacet
  facet normal 0 0 -1
    outer loop
      vertex -1.52824 2.10344 -1
      vertex -6.16249 8.03112 -1
      vertex -5.0615 8.76678 -1
    endloop
  endfacet
  facet normal -0 0 -1
    outer loop
      vertex -2.10344 -1.52824 -1
      vertex -8.76678 -5.0615 -1
      vertex -2.47275 -0.803444 -1
    endloop
  endfacet
  facet normal 0 0 -1
    outer loop
      vertex -1.52824 2.10344 -1
      vertex -7.15804 7.15804 -1
      vertex -6.16249 8.03112 -1
    endloop
  endfacet
  facet normal 0 0 -1
    outer loop
      vertex -9.35243 -3.8739 -1
      vertex -2.47275 -0.803444 -1
      vertex -8.76678 -5.0615 -1
    endloop
  endfacet
  facet normal 0 0 -1
    outer loop
      vertex -2.10344 1.52824 -1
      vertex -8.03112 6.16249 -1
      vertex -7.15804 7.15804 -1
    endloop
  endfacet
  facet normal 0 0 -1
    outer loop
      vertex -9.77807 -2.62002 -1
      vertex -2.47275 -0.803444 -1
      vertex -9.35243 -3.8739 -1
    endloop
  endfacet
  facet normal 0 0 -1
    outer loop
      vertex -2.10344 1.52824 -1
      vertex -8.76678 5.0615 -1
      vertex -8.03112 6.16249 -1
    endloop
  endfacet
  facet normal 0 0 -1
    outer loop
      vertex -10.0364 -1.32132 -1
      vertex -2.47275 -0.803444 -1
      vertex -9.77807 -2.62002 -1
    endloop
  endfacet
  facet normal 0 0 -1
    outer loop
      vertex -2.47275 0.803444 -1
      vertex -9.35243 3.8739 -1
      vertex -8.76678 5.0615 -1
    endloop
  endfacet
  facet normal -0 0 -1
    outer loop
      vertex -2.47275 -0.803444 -1
      vertex -10.0364 -1.32132 -1
      vertex -2.6 0 -1
    endloop
  endfacet
  facet normal 0 0 -1
    outer loop
      vertex -2.47275 0.803444 -1
      vertex -9.77807 2.62002 -1
      vertex -9.35243 3.8739 -1
    endloop
  endfacet
  facet normal 0 0 -1
    outer loop
      vertex -10.123 0 -1
      vertex -2.6 0 -1
      vertex -10.0364 -1.32132 -1
    endloop
  endfacet
  facet normal 0 0 -1
    outer loop
      vertex -2.47275 0.803444 -1
      vertex -10.0364 1.32132 -1
      vertex -9.77807 2.62002 -1
    endloop
  endfacet
  facet normal 0 0 -1
    outer loop
      vertex -2.6 0 -1
      vertex -10.123 0 -1
      vertex -10.0364 1.32132 -1
    endloop
  endfacet
  facet normal 0.670297 -0.227538 0.706348
    outer loop
      vertex 9.77807 -2.62002 -1
      vertex 8.42855 -3.49122 0
      vertex 9.35243 -3.8739 -1
    endloop
  endfacet
  facet normal 0.706347 -0.0462943 0.70635
    outer loop
      vertex 10.123 0 -1
      vertex 9.04495 -1.19079 0
      vertex 10.0364 -1.32132 -1
    endloop
  endfacet
  facet normal -0.393269 0.588566 0.70635
    outer loop
      vertex -5.0615 8.76678 -1
      vertex -5.55373 7.23776 0
      vertex -4.5615 7.90075 0
    endloop
  endfacet
  facet normal 0.694261 0.138098 0.706351
    outer loop
      vertex 9.77807 2.62002 -1
      vertex 9.04495 1.19079 0
      vertex 10.0364 1.32132 -1
    endloop
  endfacet
  facet normal 0.532198 0.466728 0.70635
    outer loop
      vertex 7.15804 7.15804 -1
      vertex 6.92152 5.91433 0
      vertex 7.23776 5.55373 0
    endloop
  endfacet
  facet normal 0.53221 0.466722 0.706345
    outer loop
      vertex 6.92152 5.91433 0
      vertex 7.15804 7.15804 -1
      vertex 6.45094 6.45094 0
    endloop
  endfacet
  facet normal 0.53221 -0.466725 0.706343
    outer loop
      vertex 6.92153 -5.91433 0
      vertex 7.15804 -7.15804 -1
      vertex 7.23776 -5.55373 0
    endloop
  endfacet
  facet normal 0.532205 -0.466727 0.706345
    outer loop
      vertex 7.15804 -7.15804 -1
      vertex 6.92153 -5.91433 0
      vertex 6.45094 -6.45094 0
    endloop
  endfacet
  facet normal -0.313078 -0.634864 0.70635
    outer loop
      vertex -4.5615 -7.90075 0
      vertex -5.0615 -8.76678 -1
      vertex -3.49122 -8.42855 0
    endloop
  endfacet
  facet normal 0.466728 -0.532198 0.70635
    outer loop
      vertex 7.15804 -7.15804 -1
      vertex 5.55373 -7.23776 0
      vertex 6.16249 -8.03112 -1
    endloop
  endfacet
  facet normal 0.313078 -0.634864 0.70635
    outer loop
      vertex 4.5615 -7.90075 0
      vertex 3.49122 -8.42855 0
      vertex 5.0615 -8.76678 -1
    endloop
  endfacet
  facet normal 0.670297 0.227538 0.706348
    outer loop
      vertex 9.35243 3.8739 -1
      vertex 8.42855 3.49122 0
      vertex 9.77807 2.62002 -1
    endloop
  endfacet
  facet normal 0.313076 0.634866 0.706348
    outer loop
      vertex 3.8739 9.35243 -1
      vertex 3.49122 8.42855 0
      vertex 5.0615 8.76678 -1
    endloop
  endfacet
  facet normal 0.393269 0.588566 0.70635
    outer loop
      vertex 5.0615 8.76678 -1
      vertex 4.5615 7.90075 0
      vertex 5.55373 7.23776 0
    endloop
  endfacet
  facet normal 0.313078 0.634864 0.70635
    outer loop
      vertex 5.0615 8.76678 -1
      vertex 3.49122 8.42855 0
      vertex 4.5615 7.90075 0
    endloop
  endfacet
  facet normal 0.634864 0.313078 0.70635
    outer loop
      vertex 8.76678 5.0615 -1
      vertex 7.90075 4.5615 0
      vertex 8.42855 3.49122 0
    endloop
  endfacet
  facet normal 0.393269 -0.588566 0.70635
    outer loop
      vertex 5.55373 -7.23776 0
      vertex 4.5615 -7.90075 0
      vertex 5.0615 -8.76678 -1
    endloop
  endfacet
  facet normal 0.634864 -0.313078 0.70635
    outer loop
      vertex 8.42855 -3.49122 0
      vertex 7.90075 -4.5615 0
      vertex 8.76678 -5.0615 -1
    endloop
  endfacet
  facet normal 0.670298 0.227535 0.706349
    outer loop
      vertex 9.77807 2.62002 -1
      vertex 8.58272 3.03706 0
      vertex 8.81214 2.36121 0
    endloop
  endfacet
  facet normal 0.670298 0.227541 0.706347
    outer loop
      vertex 8.58272 3.03706 0
      vertex 9.77807 2.62002 -1
      vertex 8.42855 3.49122 0
    endloop
  endfacet
  facet normal 0.694261 -0.138098 0.706351
    outer loop
      vertex 10.0364 -1.32132 -1
      vertex 9.04495 -1.19079 0
      vertex 9.77807 -2.62002 -1
    endloop
  endfacet
  facet normal 0.69426 -0.138099 0.706351
    outer loop
      vertex 8.95138 -1.66119 0
      vertex 9.77807 -2.62002 -1
      vertex 9.04495 -1.19079 0
    endloop
  endfacet
  facet normal 0.694263 -0.138095 0.706349
    outer loop
      vertex 9.77807 -2.62002 -1
      vertex 8.95138 -1.66119 0
      vertex 8.81214 -2.36121 0
    endloop
  endfacet
  facet normal 0.706347 0.0462943 0.70635
    outer loop
      vertex 10.0364 1.32132 -1
      vertex 9.04495 1.19079 0
      vertex 10.123 0 -1
    endloop
  endfacet
  facet normal -0.891003 0.453998 0
    outer loop
      vertex 2.10344 -1.52824 -1
      vertex 2.47275 -0.803444 16
      vertex 2.47275 -0.803444 -1
    endloop
  endfacet
  facet normal -0.891003 0.453998 0
    outer loop
      vertex 2.47275 -0.803444 16
      vertex 2.10344 -1.52824 -1
      vertex 2.10344 -1.52824 16
    endloop
  endfacet
  facet normal -0.987689 -0.156431 0
    outer loop
      vertex 2.6 0 -1
      vertex 2.47275 0.803444 16
      vertex 2.47275 0.803444 -1
    endloop
  endfacet
  facet normal -0.987689 -0.156431 0
    outer loop
      vertex 2.47275 0.803444 16
      vertex 2.6 0 -1
      vertex 2.6 0 16
    endloop
  endfacet
  facet normal -0.891003 -0.453998 0
    outer loop
      vertex 2.47275 0.803444 -1
      vertex 2.10344 1.52824 16
      vertex 2.10344 1.52824 -1
    endloop
  endfacet
  facet normal -0.891003 -0.453998 0
    outer loop
      vertex 2.10344 1.52824 16
      vertex 2.47275 0.803444 -1
      vertex 2.47275 0.803444 16
    endloop
  endfacet
  facet normal -0.453998 0.891003 0
    outer loop
      vertex 1.52824 -2.10344 -1
      vertex 0.803444 -2.47275 16
      vertex 1.52824 -2.10344 16
    endloop
  endfacet
  facet normal -0.453998 0.891003 0
    outer loop
      vertex 0.803444 -2.47275 16
      vertex 1.52824 -2.10344 -1
      vertex 0.803444 -2.47275 -1
    endloop
  endfacet
  facet normal 0.453998 -0.891003 0
    outer loop
      vertex -1.52824 2.10344 -1
      vertex -0.803444 2.47275 16
      vertex -1.52824 2.10344 16
    endloop
  endfacet
  facet normal 0.453998 -0.891003 0
    outer loop
      vertex -0.803444 2.47275 16
      vertex -1.52824 2.10344 -1
      vertex -0.803444 2.47275 -1
    endloop
  endfacet
  facet normal 0.707107 0.707107 0
    outer loop
      vertex -1.52824 -2.10344 16
      vertex -2.10344 -1.52824 -1
      vertex -2.10344 -1.52824 16
    endloop
  endfacet
  facet normal 0.707107 0.707107 0
    outer loop
      vertex -2.10344 -1.52824 -1
      vertex -1.52824 -2.10344 16
      vertex -1.52824 -2.10344 -1
    endloop
  endfacet
  facet normal 0.156431 -0.987689 0
    outer loop
      vertex -0.803444 2.47275 -1
      vertex 0 2.6 16
      vertex -0.803444 2.47275 16
    endloop
  endfacet
  facet normal 0.156431 -0.987689 0
    outer loop
      vertex 0 2.6 16
      vertex -0.803444 2.47275 -1
      vertex 0 2.6 -1
    endloop
  endfacet
  facet normal 0.891003 0.453998 0
    outer loop
      vertex -2.10344 -1.52824 16
      vertex -2.47275 -0.803444 -1
      vertex -2.47275 -0.803444 16
    endloop
  endfacet
  facet normal 0.891003 0.453998 0
    outer loop
      vertex -2.47275 -0.803444 -1
      vertex -2.10344 -1.52824 16
      vertex -2.10344 -1.52824 -1
    endloop
  endfacet
  facet normal 0.891003 -0.453998 0
    outer loop
      vertex -2.47275 0.803444 16
      vertex -2.10344 1.52824 -1
      vertex -2.10344 1.52824 16
    endloop
  endfacet
  facet normal 0.891003 -0.453998 0
    outer loop
      vertex -2.10344 1.52824 -1
      vertex -2.47275 0.803444 16
      vertex -2.47275 0.803444 -1
    endloop
  endfacet
  facet normal 0.987689 -0.156431 0
    outer loop
      vertex -2.6 0 16
      vertex -2.47275 0.803444 -1
      vertex -2.47275 0.803444 16
    endloop
  endfacet
  facet normal 0.987689 -0.156431 0
    outer loop
      vertex -2.47275 0.803444 -1
      vertex -2.6 0 16
      vertex -2.6 0 -1
    endloop
  endfacet
  facet normal -0.707107 -0.707107 0
    outer loop
      vertex 2.10344 1.52824 -1
      vertex 1.52824 2.10344 16
      vertex 1.52824 2.10344 -1
    endloop
  endfacet
  facet normal -0.707107 -0.707107 0
    outer loop
      vertex 1.52824 2.10344 16
      vertex 2.10344 1.52824 -1
      vertex 2.10344 1.52824 16
    endloop
  endfacet
  facet normal -0.453998 -0.891003 0
    outer loop
      vertex 0.803444 2.47275 -1
      vertex 1.52824 2.10344 16
      vertex 0.803444 2.47275 16
    endloop
  endfacet
  facet normal -0.453998 -0.891003 -0
    outer loop
      vertex 1.52824 2.10344 16
      vertex 0.803444 2.47275 -1
      vertex 1.52824 2.10344 -1
    endloop
  endfacet
  facet normal -0.156431 -0.987689 0
    outer loop
      vertex 0 2.6 -1
      vertex 0.803444 2.47275 16
      vertex 0 2.6 16
    endloop
  endfacet
  facet normal -0.156431 -0.987689 -0
    outer loop
      vertex 0.803444 2.47275 16
      vertex 0 2.6 -1
      vertex 0.803444 2.47275 -1
    endloop
  endfacet
  facet normal 0.156431 0.987689 -0
    outer loop
      vertex 0 -2.6 -1
      vertex -0.803444 -2.47275 16
      vertex 0 -2.6 16
    endloop
  endfacet
  facet normal 0.156431 0.987689 0
    outer loop
      vertex -0.803444 -2.47275 16
      vertex 0 -2.6 -1
      vertex -0.803444 -2.47275 -1
    endloop
  endfacet
  facet normal -0.156431 0.987689 0
    outer loop
      vertex 0.803444 -2.47275 -1
      vertex 0 -2.6 16
      vertex 0.803444 -2.47275 16
    endloop
  endfacet
  facet normal -0.156431 0.987689 0
    outer loop
      vertex 0 -2.6 16
      vertex 0.803444 -2.47275 -1
      vertex 0 -2.6 -1
    endloop
  endfacet
  facet normal -0.987689 0.156431 0
    outer loop
      vertex 2.47275 -0.803444 -1
      vertex 2.6 0 16
      vertex 2.6 0 -1
    endloop
  endfacet
  facet normal -0.987689 0.156431 0
    outer loop
      vertex 2.6 0 16
      vertex 2.47275 -0.803444 -1
      vertex 2.47275 -0.803444 16
    endloop
  endfacet
  facet normal 0.707107 -0.707107 0
    outer loop
      vertex -2.10344 1.52824 16
      vertex -1.52824 2.10344 -1
      vertex -1.52824 2.10344 16
    endloop
  endfacet
  facet normal 0.707107 -0.707107 0
    outer loop
      vertex -1.52824 2.10344 -1
      vertex -2.10344 1.52824 16
      vertex -2.10344 1.52824 -1
    endloop
  endfacet
  facet normal -0.707107 0.707107 0
    outer loop
      vertex 1.52824 -2.10344 -1
      vertex 2.10344 -1.52824 16
      vertex 2.10344 -1.52824 -1
    endloop
  endfacet
  facet normal -0.707107 0.707107 0
    outer loop
      vertex 2.10344 -1.52824 16
      vertex 1.52824 -2.10344 -1
      vertex 1.52824 -2.10344 16
    endloop
  endfacet
  facet normal 0.987689 0.156431 0
    outer loop
      vertex -2.47275 -0.803444 16
      vertex -2.6 0 -1
      vertex -2.6 0 16
    endloop
  endfacet
  facet normal 0.987689 0.156431 0
    outer loop
      vertex -2.6 0 -1
      vertex -2.47275 -0.803444 16
      vertex -2.47275 -0.803444 -1
    endloop
  endfacet
  facet normal 0.453998 0.891003 -0
    outer loop
      vertex -0.803444 -2.47275 -1
      vertex -1.52824 -2.10344 16
      vertex -0.803444 -2.47275 16
    endloop
  endfacet
  facet normal 0.453998 0.891003 0
    outer loop
      vertex -1.52824 -2.10344 16
      vertex -0.803444 -2.47275 -1
      vertex -1.52824 -2.10344 -1
    endloop
  endfacet
endsolid OpenSCAD_Model
